case_name,solver_config,solver_method,rtol,atol,t,lagrangian_theta1_rad,lagrangian_theta2_rad,hamiltonian_theta1_rad,hamiltonian_theta2_rad,abs_theta1_diff_rad,abs_theta2_diff_rad,max_abs_theta_diff_rad,lagrangian_x2,lagrangian_y2,hamiltonian_x2,hamiltonian_y2,abs_x2_diff,abs_y2_diff,second_bob_position_diff,max_bob_position_abs_diff,lagrangian_energy,lagrangian_energy_abs_drift,lagrangian_energy_signed_drift,lagrangian_energy_relative_drift,hamiltonian_energy,hamiltonian_energy_abs_drift,hamiltonian_energy_signed_drift,hamiltonian_energy_relative_drift
higher_energy_wide_swing,solve_ivp_default,solve_ivp_default,,,0.0,2.0943951023931953,-2.0943951023931953,2.0943951023931953,-2.0943951023931953,0.0,0.0,0.0,0.0,0.9999999999999997,0.0,0.9999999999999997,0.0,0.0,0.0,0.0,21.980125461912998,0.0,0.0,0.0,21.980125461912998,0.0,0.0,0.0
higher_energy_wide_swing,solve_ivp_default,solve_ivp_default,,,0.00333889816360601,2.1013483807273783,-2.099633281461752,2.1013484013396164,-2.099633266973186,2.061223813853985e-08,1.448856590258174e-08,2.061223813853985e-08,-0.0008665876431160902,1.010539095966173,-0.0008666053830154175,1.0105391012354552,1.7739899327295916e-08,5.269282121744823e-09,1.8505927758994785e-08,1.7778629568532267e-08,21.9801258089497,3.47036703374215e-07,3.47036703374215e-07,1.5788658894397928e-08,21.980126110338883,6.484258854300151e-07,6.484258854300151e-07,2.95005543327586e-08
higher_energy_wide_swing,solve_ivp_default,solve_ivp_default,,,0.00667779632721202,2.1082227335866,-2.1048573319837094,2.1082228059675576,-2.104857281791529,7.238095767192476e-08,5.0192180189867486e-08,7.238095767192476e-08,-0.0017179717058400934,1.0209599251962056,-0.0017180343090777983,1.0209599441707788,6.260323770490572e-08,1.897457324595564e-08,6.541559295002274e-08,6.260323770490572e-08,21.98012654389815,1.0819851539167757e-06,1.0819851539167757e-06,4.922561319277416e-08,21.980127633138835,2.171225837344082e-06,2.171225837344082e-06,9.878132138537454e-08
higher_energy_wide_swing,solve_ivp_default,solve_ivp_default,,,0.01001669449081803,2.1150188327448696,-2.1100657294401954,2.115018974387937,-2.110065632792912,1.4164306749719913e-07,9.664728350955443e-08,1.4164306749719913e-07,-0.0025539795554363476,1.031262292299154,-0.002554102520845758,1.0312623305475586,1.2296540941036938e-07,3.8248404665708335e-08,1.2877667634681187e-07,1.2296540941036938e-07,21.980127316040704,1.8541277064798578e-06,1.8541277064798578e-06,8.43547371780328e-08,21.980129503795265,4.041882267102892e-06,4.041882267102892e-06,1.8388804350123644e-07
higher_energy_wide_swing,solve_ivp_default,solve_ivp_default,,,0.01335559265442404,2.121737322116549,-2.1152569741041964,2.1217375387705615,-2.115256829141124,2.1665401250814398e-07,1.4496307265687847e-07,2.1665401250814398e-07,-0.0033744781285393044,1.041446018904085,-0.0033746666291992744,1.0414460794978888,1.8850065997000343e-07,6.059380375234014e-08,1.9800027237936812e-07,1.8850065997000343e-07,21.98012790018044,2.4382674439493712e-06,2.4382674439493712e-06,1.1093055170109849e-07,21.98013132720658,5.865293580598063e-06,5.865293580598063e-06,2.6684531854749424e-07
higher_energy_wide_swing,solve_ivp_default,solve_ivp_default,,,0.01669449081803005,2.1283788177563507,-2.1204295910405557,2.1283791053441234,-2.1204294032190556,2.8758777270709857e-07,1.87821500130525e-07,2.8758777270709857e-07,-0.004179371449475777,1.0515109433734438,-0.004179621735824979,1.0515110272437886,2.50286349201545e-07,8.387034489132361e-08,2.639649434088309e-07,2.50286349201545e-07,21.980128174125284,2.7122122858713738e-06,2.7122122858713738e-06,1.233938491648319e-07,21.98013282529458,7.363381580915984e-06,7.363381580915984e-06,3.350017994062499e-07
higher_energy_wide_swing,solve_ivp_default,solve_ivp_default,,,0.02003338898163606,2.13494390785934,-2.1255821301059763,2.134944254396204,-2.125581910628702,3.465368640931388e-07,2.1947727413262896e-07,3.465368640931388e-07,-0.0049685981809028945,1.0614569205175686,-0.004968899084818346,1.0614570267980614,3.0090391545112283e-07,1.0628049285088537e-07,3.19121778470921e-07,3.0090391545112283e-07,21.980128097818998,2.635906000136856e-06,2.635906000136856e-06,1.1992224542595696e-07,21.980133822668293,8.360755295200306e-06,8.360755295200306e-06,3.8037796052109724e-07
higher_energy_wide_swing,solve_ivp_default,solve_ivp_default,,,0.02337228714524207,2.141433152760933,-2.130713165949018,2.1414335402732703,-2.1307129301911596,3.875123373298095e-07,2.3575785856877474e-07,3.875123373298095e-07,-0.005742129207786162,1.0712838213088745,-0.005742463744331405,1.0712839476651341,3.3453654524340237e-07,1.2635625967760689e-07,3.576039771354701e-07,3.3453654524340237e-07,21.98012769400878,2.2320957810961772e-06,2.2320957810961772e-06,1.0155063877883393e-07,21.980134232398886,8.770485887765744e-06,8.770485887765744e-06,3.990189183843913e-07
higher_energy_wide_swing,solve_ivp_default,solve_ivp_default,,,0.02671118530884808,2.147847084936898,-2.1358212980101,2.147847491380677,-2.1358210639466275,4.0644377907739226e-07,2.3406347260390703e-07,4.0644377907739226e-07,-0.006499965255686635,1.0809915325943575,-0.0065003123192383105,1.0809916755405644,3.470635516755749e-07,1.4294620687138604e-07,3.7534880705895624e-07,3.470635516755749e-07,21.980127030349173,1.568436175602983e-06,1.568436175602983e-06,7.135701651570451e-08,21.980134041954376,8.580041377825864e-06,8.580041377825864e-06,3.903545224386138e-07
higher_energy_wide_swing,solve_ivp_default,solve_ivp_default,,,0.03005008347245409,2.1541862090033543,-2.140905150521499,2.154186610182666,-2.140904937154407,4.0117931154881603e-07,2.1336709199459847e-07,4.0117931154881603e-07,-0.00724213454428646,1.0905799568051613,-0.007242470695751346,1.0905801120079708,3.361514648858588e-07,1.552028094931046e-07,3.7025088712852757e-07,3.361514648858588e-07,21.98012620285105,7.409380522460651e-07,7.409380522460651e-07,3.370945509523852e-08,21.980133299336337,7.83742333965165e-06,7.83742333965165e-06,3.5656863529884216e-07
higher_energy_wide_swing,solve_ivp_default,solve_ivp_default,,,0.0333889816360601,2.1604510017167735,-2.1459633725073486,2.1604513732023665,-2.1459631982929013,3.714855929537464e-07,1.7421444731269276e-07,3.714855929537464e-07,-0.007968690477031637,1.1000490116620758,-0.007968991818870785,1.1000491742322787,3.0134183914842794e-07,1.6257020285515011e-07,3.4239739321104897e-07,3.087538058554884e-07,21.980125320592485,1.4132051262549794e-07,-1.4132051262549794e-07,-6.429467969615419e-09,21.980132099456206,6.637543208398711e-06,6.637543208398711e-06,3.019793139898222e-07
higher_energy_wide_swing,solve_ivp_default,solve_ivp_default,,,0.03672787979966611,2.166641911973979,-2.1509946377836435,2.1666422310217945,-2.1509945190596174,3.1904781572222873e-07,1.1872402616575073e-07,3.1904781572222873e-07,-0.00867970936771878,1.1093986298759217,-0.008679953503505256,1.1093987946482406,2.4413578647575207e-07,1.6477231890021926e-07,2.9453726303116484e-07,2.6406763142805545e-07,21.98012449161553,9.702974672620712e-07,-9.702974672620712e-07,-4.414430977399996e-08,21.98013057078382,5.1088708232782665e-06,5.1088708232782665e-06,2.3243137679677402e-07
higher_energy_wide_swing,solve_ivp_default,solve_ivp_default,,,0.04006677796327212,2.1727593608121447,-2.155997644958233,2.172759608281853,-2.1559975943711636,2.474697082810451e-07,5.058706964433668e-08,2.474697082810451e-07,-0.009375288204822363,1.118628758841874,-0.009375456280064864,1.1186289206433013,1.6807524250150863e-07,1.618014273674362e-07,2.3330021225897043e-07,2.0397085465084785e-07,21.98012380993933,1.6519736689701858e-06,-1.6519736689701858e-06,-7.515760871486898e-08,21.980128862297356,3.400384358087649e-06,3.400384358087649e-06,1.547026819287183e-07
higher_energy_wide_swing,solve_ivp_default,solve_ivp_default,,,0.04340567612687813,2.1788037414087973,-2.160971117430828,2.178803903682333,-2.1609711423632505,1.6227353549780332e-07,2.4932422348911132e-08,1.6227353549780332e-07,-0.010055542454296185,1.1277393603268817,-0.010055621275273374,1.127739514233964,7.882097718958647e-08,1.539070821898747e-07,1.7291655904893018e-07,1.539070821898747e-07,21.98012334362583,2.118287167007793e-06,-2.118287167007793e-06,-9.63728423970257e-08,21.980127130760575,1.6688475774628841e-06,1.6688475774628841e-06,7.592529807687636e-08
higher_energy_wide_swing,solve_ivp_default,solve_ivp_default,,,0.04674457429048414,2.1847754190818147,-2.165913803392995,2.184775489981911,-2.1659139043906928,7.090009646049111e-08,1.0099769776061862e-07,1.0099769776061862e-07,-0.010720603901559156,1.1367304101494038,-0.010720588128911301,1.136730551734888,1.5772647854461752e-08,1.415854842257147e-07,1.4246131321790827e-07,1.415854842257147e-07,21.98012312383939,2.338073606722446e-06,-2.338073606722446e-06,-1.0637216838338084e-07,21.980125528350193,6.643719530075032e-08,6.643719530075032e-08,3.0226030973240898e-09
higher_energy_wide_swing,solve_ivp_default,solve_ivp_default,,,0.05008347245409015,2.190674731289427,-2.170824475828159,2.1906747139981526,-2.1708246450274054,1.7291274190256445e-08,1.6919924616942694e-07,1.6919924616942694e-07,-0.011370618533316001,1.145601897850789,-0.011370512947165623,1.1456020234200381,1.055861503784783e-07,1.255692492208027e-07,1.6406118219012896e-07,1.255692492208027e-07,21.980123134846032,2.3270669657904364e-06,-2.3270669657904364e-06,-1.0587141414741973e-07,21.98012419065418,1.2712588173258155e-06,-1.2712588173258155e-06,-5.783674071963982e-08
higher_energy_wide_swing,solve_ivp_default,solve_ivp_default,,,0.05342237061769616,2.1965019876302145,-2.175701932511605,2.19650189660751,-2.175702152066407,9.102270448479999e-08,2.1955480189461696e-07,2.1955480189461696e-07,-0.012005744459830936,1.154353826357681,-0.012005566293204262,1.15435393317528,1.7816662667424765e-07,1.0681759898822918e-07,2.077338352654446e-07,1.7816662667424765e-07,21.980123304902246,2.1570107513468884e-06,-2.1570107513468884e-06,-9.813459686954658e-08,21.98012322505979,2.236853209325318e-06,-2.236853209325318e-06,-1.0176708104789125e-07
higher_energy_wide_swing,solve_ivp_default,solve_ivp_default,,,0.05676126878130217,2.2022574698431105,-2.180544996010473,2.202257332745321,-2.1805452365198175,1.3709778956538798e-07,2.4050934444019845e-07,2.4050934444019845e-07,-0.01262614987823718,1.1629862116349223,-0.012625931215572317,1.1629862981418797,2.1866266486370023e-07,8.650695737522085e-08,2.3515274754850973e-07,2.1866266486370023e-07,21.980123497986746,1.963926251846715e-06,-1.963926251846715e-06,-8.935009289413712e-08,21.980122699548335,2.7623646623453624e-06,-2.7623646623453624e-06,-1.2567556391486334e-07
higher_energy_wide_swing,solve_ivp_default,solve_ivp_default,,,0.06010016694490818,2.20794160347124,-2.1853525923777486,2.2079412914058127,-2.185352732618861,3.120654272770196e-07,1.4024111250066085e-07,3.120654272770196e-07,-0.013232067826135396,1.17149928460673,-0.013231801314960268,1.1714991483504524,2.6651117512876965e-07,1.3625627759417114e-07,2.993225344880294e-07,2.6651117512876965e-07,21.980129227893148,3.76598014995011e-06,3.76598014995011e-06,1.7133569853710678e-07,21.98012263191275,2.8300002483661046e-06,-2.8300002483661046e-06,-1.2875268857176947e-07
higher_energy_wide_swing,solve_ivp_default,solve_ivp_default,,,0.06343906510851419,2.2135558697161994,-2.190124185813902,2.2135540156420985,-2.190123497813863,1.854074100915426e-06,6.880000391618069e-07,1.854074100915426e-06,-0.013824090817130319,1.1798945706468977,-0.013823378849851742,1.1798925263449331,7.119672785771414e-07,2.044301964598816e-06,2.1647327613881392e-06,2.044301964598816e-06,21.98018190801699,5.64461039935793e-05,5.64461039935793e-05,2.5680519472643e-06,21.98012297941235,2.482500647715824e-06,-2.482500647715824e-06,-1.1294296986691378e-07
higher_energy_wide_swing,solve_ivp_default,solve_ivp_default,,,0.0667779632721202,2.219100524088776,-2.1948587343726484,2.2190957225661783,-2.194856412774251,4.801522597741581e-06,2.3215983975255483e-06,4.801522597741581e-06,-0.014402415609435226,1.1881721981447613,-0.014400872881529803,1.188166486796245,1.5427279054236465e-06,5.7113485163462485e-06,5.9160384773379665e-06,5.7113485163462485e-06,21.980282675419136,0.00015721350613873142,0.00015721350613873142,7.152529971275635e-06,21.980123628879177,1.833033820730634e-06,-1.833033820730634e-06,-8.339505722598816e-08
higher_energy_wide_swing,solve_ivp_default,solve_ivp_default,,,0.07011686143572621,2.2245755210014404,-2.1995550765225276,2.2245666033489395,-2.1995503813885557,8.917652500883833e-06,4.695133971832632e-06,8.917652500883833e-06,-0.01496715966655826,1.1963319721162642,-0.014964497458880954,1.1963210961053639,2.662207677306405e-06,1.0876010900329192e-05,1.1197096178080663e-05,1.0876010900329192e-05,21.980423369424706,0.0002979075117082175,0.0002979075117082175,1.3553494597855207e-05,21.980124387288754,1.0746242438131048e-06,-1.0746242438131048e-06,-4.889072383482096e-08
higher_energy_wide_swing,solve_ivp_default,solve_ivp_default,,,0.07345575959933222,2.229980813498293,-2.2042120654008905,2.2299668232201575,-2.20420433076441,1.3990278135533885e-05,7.734636480627444e-06,1.3990278135533885e-05,-0.015518460307768045,1.2043737254734657,-0.015514469843399659,1.2043564319955395,3.990464368386348e-06,1.7293477926116907e-05,1.774790648658184e-05,1.7293477926116907e-05,21.980596502910853,0.000471040997854999,0.000471040997854999,2.1430314338797355e-05,21.98012497280826,4.891047389321557e-07,-4.891047389321557e-07,-2.2252135902484852e-08
higher_energy_wide_swing,solve_ivp_default,solve_ivp_default,,,0.07679465776293823,2.235316353255064,-2.208828568813898,2.2352966176120117,-2.208816650233124,1.973564305224329e-05,1.1918580774317178e-05,1.973564305224329e-05,-0.016056473805870275,1.2122973182908185,-0.016051402195760178,1.2122722081457615,5.071610110096714e-06,2.511014505701681e-05,2.5617193716198907e-05,2.511014505701681e-05,21.980795225334834,0.0006697634218362225,0.0006697634218362225,3.0471319328762875e-05,21.980123891942768,1.5699702302640617e-06,-1.5699702302640617e-06,-7.14268093230175e-08
higher_energy_wide_swing,solve_ivp_default,solve_ivp_default,,,0.08013355592654424,2.240582090579111,-2.213403469236522,2.240556812550408,-2.2133819625346955,2.527802870311291e-05,2.1506701826545793e-05,2.527802870311291e-05,-0.01658137448908037,1.2201026370607455,-0.016578570132852133,1.2200656030044188,2.804356228236493e-06,3.703405632671242e-05,3.714008268521971e-05,3.703405632671242e-05,21.981013287262485,0.0008878253494870592,0.0008878253494870592,4.039218752529309e-05,21.980110400075638,1.5061837359553465e-05,-1.5061837359553465e-05,-6.85248015788286e-07
higher_energy_wide_swing,solve_ivp_default,solve_ivp_default,,,0.08347245409015025,2.2457779744094237,-2.217935663812545,2.245747520370816,-2.217898652058039,3.045403860779672e-05,3.701175450609995e-05,3.701175450609995e-05,-0.0170933538477801,1.2277895939389611,-0.01709663808396089,1.2277362887938696,3.284236180789435e-06,5.330514509149786e-05,5.340622342496092e-05,5.330514509149786e-05,21.981245006366922,0.0011195444539247035,0.0011195444539247035,5.0934397797894374e-05,21.980078638199245,4.6823713752530693e-05,-4.6823713752530693e-05,-2.1302750902703664e-06
higher_energy_wide_swing,solve_ivp_default,solve_ivp_default,,,0.08681135225375626,2.2509039523166177,-2.2224240643545596,2.250868677618074,-2.222366100180667,3.527469854347487e-05,5.796417389269948e-05,5.796417389269948e-05,-0.01759261964691361,1.2353581259800048,-0.017605589553090106,1.2352846111350235,1.2969906176496515e-05,7.35148449813039e-05,7.465019021310171e-05,7.35148449813039e-05,21.98148523486662,0.0013597729536236614,0.0013597729536236614,6.186374850224882e-05,21.98002514543805,0.00010031647494912477,-0.00010031647494912477,-4.56396280007375e-06
higher_energy_wide_swing,solve_ivp_default,solve_ivp_default,,,0.09015025041736227,2.2559599705029405,-2.226867597343969,2.255920220872633,-2.2267836931883944,3.974963030728418e-05,8.390415557446573e-05,8.390415557446573e-05,-0.018079395044750424,1.2428081943634925,-0.018105421556766643,1.2427109277365727,2.6026512016219527e-05,9.726662691988963e-05,0.00010068850997061888,9.726662691988963e-05,21.98172932837189,0.0016038664588933216,0.0016038664588933216,7.296894013059614e-05,21.979947130011148,0.00017833190185001513,-0.00017833190185001513,-8.113325019869762e-06
higher_energy_wide_swing,solve_ivp_default,solve_ivp_default,,,0.09348914858096828,2.260945973802267,-2.231265203930987,2.2609020867505536,-2.2311508222753402,4.38870517132095e-05,0.00011438165564658931,0.00011438165564658931,-0.01855391771869974,1.2501397836115768,-0.018596144171106554,1.2500156077252034,4.2226452406812776e-05,0.00012417588637347876,0.00013115915537812803,0.00012417588637347876,21.98197311610764,0.0018476541946412794,0.0018476541946412794,8.40602205771246e-05,21.979842432651008,0.0002830292619897534,-0.0002830292619897534,-1.2876599020337007e-05
higher_energy_wide_swing,solve_ivp_default,solve_ivp_default,,,0.09682804674457429,2.265861905680102,-2.235615839934638,2.2658142119035074,-2.2354668835439275,4.769377659474827e-05,0.00014895639071044187,0.00014895639071044187,-0.019016438998847307,1.257352900798153,-0.019077780082226048,1.2571990309758458,6.134108337874089e-05,0.00015386982230713997,0.00016564616121995848,0.00015386982230713997,21.982212872480172,0.0020874105671744303,0.0020874105671744303,9.496809155122796e-05,21.979709490565632,0.0004159713473654847,-0.0004159713473654847,-1.892488503244792e-05
higher_energy_wide_swing,solve_ivp_default,solve_ivp_default,,,0.1001669449081803,2.27070770823358,-2.2399184758427575,2.270656533018778,-2.239731278004881,5.117521480224596e-05,0.00018719783787668476,0.00018719783787668476,-0.01946722300983017,1.2644475747503332,-0.019550364140221488,1.2642615874421956,8.314113039131765e-05,0.00018598730813756958,0.00020372463363816694,0.00018598730813756958,21.9824452899545,0.0023198280415037686,0.0023198280415037686,0.00010554207461297479,21.979547301956934,0.0005781599560634731,-0.0005781599560634731,-2.6303760506977294e-05
higher_energy_wide_swing,solve_ivp_default,solve_ivp_default,,,0.10350584307178631,2.275483322191464,-2.2441720968119907,2.275428986819259,-2.243943411577229,5.433537220511653e-05,0.00022868523476171632,0.00022868523476171632,-0.019906545821654742,1.2714238552427535,-0.02001394291691505,1.27120367648774,0.00010739709526030872,0.00022017875501356698,0.00024497514206481475,0.00022017875501356698,21.9826674532083,0.002541991295302637,0.002541991295302637,0.00011564953529075077,21.979355391108726,0.0007700708042719384,-0.0007700708042719384,-3.503486845906824e-05
higher_energy_wide_swing,solve_ivp_default,solve_ivp_default,,,0.10684474123539232,2.280188686914146,-2.2483757026677935,2.2801315100634563,-2.248102695088304,5.717685068962197e-05,0.0002730075794894482,0.0002730075794894482,-0.020334694610016246,1.2782818121852604,-0.02046857426757731,1.278025706217521,0.00013387965756106457,0.00025610596773928407,0.0002889879399219682,0.00025610596773928407,21.982876814527362,0.002751352614364322,0.002751352614364322,0.00012517456368171538,21.97913377405771,0.0009916878552864716,-0.0009916878552864716,-4.511747928849911e-05
higher_energy_wide_swing,solve_ivp_default,solve_ivp_default,,,0.11018363939899833,2.2848237403936476,-2.252528307904433,2.2847640395454865,-2.2522085442737416,5.970084816109278e-05,0.0003197636306913054,0.0003197636306913054,-0.020751966826655477,1.2850215348045677,-0.020914326896804725,1.2847280928108686,0.0001623600701492478,0.00029344199369907287,0.00033536397547285156,0.00029344199369907287,21.98307117040701,0.002945708494010546,0.002945708494010546,0.00013401690991777314,21.978882924861605,0.0012425370513931,-0.0012425370513931,-5.65300254334835e-05
higher_energy_wide_swing,solve_ivp_default,solve_ivp_default,,,0.11352253756260434,2.28938841925362,-2.256628941684986,2.2893265120950765,-2.2562603797774803,6.190715854348383e-05,0.0003685619075057822,0.0003685619075057822,-0.021158669380253126,1.2916431308204506,-0.02135127992872876,1.2913112598553256,0.00019261054847563575,0.0003318709651249918,0.00038371494742461983,0.0003318709651249918,21.983248639322508,0.0031231774095097364,0.0031231774095097364,0.00014209097281639977,21.978603742478626,0.0015217194343719598,-0.0015217194343719598,-6.923160820937006e-05
higher_energy_wide_swing,solve_ivp_default,solve_ivp_default,,,0.11686143572621036,2.293882658749343,-2.2606766478413407,2.2938188645775655,-2.2602576271517614,6.379417177759805e-05,0.00041902068957933025,0.00041902068957933025,-0.021555117828332415,1.2981467256170784,-0.021779522481724878,1.2977756376820069,0.00022440465339246263,0.0003710879350715679,0.0004336631227345386,0.0003710879350715679,21.983407640631064,0.003282178718066575,0.003282178718066575,0.0001493248400130341,21.978297518273223,0.0018279436397747872,-0.0018279436397747872,-8.316347615677784e-05
higher_energy_wide_swing,solve_ivp_default,solve_ivp_default,,,0.12020033388981637,2.2983063927677256,-2.2646704848741948,2.298241033893903,-2.2641997168571306,6.535887382241867e-05,0.0004707680170641382,0.0004707680170641382,-0.02194163558061335,1.3045324614100855,-0.022199153247767778,1.304121662702613,0.0002575176671544277,0.000410798707472404,0.0004848411357936292,0.000410798707472404,21.983546874566827,0.0034214126538287815,0.0034214126538287815,0.00015565937782099473,21.977965904162918,0.002159557750079699,-0.002159557750079699,-9.825047422143997e-05
higher_energy_wide_swing,solve_ivp_default,solve_ivp_default,,,0.12353923205342238,2.302659553827306,-2.2686095259530576,2.3025929569806496,-2.2680860842624364,6.65968466564415e-05,0.0005234416906212402,0.0005234416906212402,-0.022318553114225592,1.3108004964099882,-0.02261028007658228,1.310349776748325,0.0002917269623566865,0.00045071966166321253,0.0005368918270710222,0.00045071966166321253,21.983665303289563,0.003539841376564823,0.003539841376564823,0.00016104736902883626,21.97761088142177,0.002514580491226326,-0.002514580491226326,-0.00011440246306071241
higher_energy_wide_swing,solve_ivp_default,solve_ivp_default,,,0.12687813021702837,2.3069420730782517,-2.272492858916248,2.3068745708099776,-2.2719161696448302,6.75022682741222e-05,0.0005766892714178518,0.0005766892714178518,-0.02268620720116654,1.316951003982557,-0.023013019564722126,1.316460426410813,0.0003268123635555842,0.0004905775717438665,0.0005894681287999342,0.0004905775717438665,21.983762132946605,0.0036366710336075414,0.0036366710336075414,0.0001654526967968922,21.977234730156,0.0028907317569988322,-0.0028907317569988322,-0.00013151570777008854
higher_energy_wide_swing,solve_ivp_default,solve_ivp_default,,,0.1302170283806344,2.31115388030236,-2.2763195862708963,2.311085812389669,-2.275689418189767,6.806791269076129e-05,0.0006301680811291455,0.0006301680811291455,-0.02304494014835412,1.3229841718067679,-0.02340749664969044,1.3224540623855747,0.00036255650133631967,0.0005301094211931368,0.0006422329912881736,0.0005301094211931368,21.98383679670708,0.003711334794083143,0.003711334794083143,0.00016884957278856833,21.976839999467558,0.003285462445440146,-0.003285462445440146,-0.0001494742353101292
higher_energy_wide_swing,solve_ivp_default,solve_ivp_default,,,0.1335559265442404,2.315294903913056,-2.2800888251929425,2.3152266187631194,-2.2794052799910056,6.828514993673096e-05,0.0006835452019369193,0.0006835452019369193,-0.0233950990506,1.3289002010309527,-0.023793844209226367,1.3283311388178372,0.00039874515862636795,0.0005690622131155898,0.0006948593411072346,0.0005690622131155898,21.983888938726327,0.003763476813329447,0.003763476813329447,0.00017122180762119726,21.97642947832177,0.003695983591228469,-0.003695983591228469,-0.00016815115990274226
higher_energy_wide_swing,solve_ivp_default,solve_ivp_default,,,0.13689482470784642,2.319365070955396,-2.2837997075271383,2.3192969270093324,-2.2830632100506074,6.814394606369234e-05,0.0007364974765309285,0.0007364974765309285,-0.023737035056803357,1.3346993054277783,-0.02417220266584663,1.334092112651232,0.00043516760904327434,0.0006071927765463059,0.0007470300635519646,0.0006071927765463059,21.983918398997837,0.0037929370848388544,0.0037929370848388544,0.00017256212169540288,21.976006167134706,0.00411929477829176,-0.00411929477829176,-0.00018740997568142384
higher_energy_wide_swing,solve_ivp_default,solve_ivp_default,,,0.14023372287145242,2.323364307106063,-2.287451379787045,2.323296674242925,-2.286662668278937,6.763286313793415e-05,0.0007887115081079976,0.0007887115081079976,-0.02407110264963308,1.3403817105486726,-0.02454271959674703,1.339737442979475,0.00047161694711395086,0.0006442675691975541,0.0007984380035574512,0.0006442675691975541,21.98392519904912,0.003799737136123582,0.003799737136123582,0.0001728714944192534,21.975573250096758,0.004552211816239549,-0.004552211816239549,-0.00020710581584839396
higher_energy_wide_swing,solve_ivp_default,solve_ivp_default,,,0.14357262103505844,2.3272925366733714,-2.291043003155034,2.3272257976141244,-2.2902031194946626,6.673905924703405e-05,0.0008398836603715765,0.0008398836603715765,-0.02439765893894652,1.3459476528783454,-0.02490554934913236,1.3452675904012645,0.0005078904101858406,0.0006800624770808561,0.0008487859809705221,0.0006800624770808561,21.98390952843738,0.0037840665243820126,0.0037840665243820126,0.0001721585498198823,21.97513406824799,0.004991393665008559,-0.004991393665008559,-0.0002270866776287337
higher_energy_wide_swing,solve_ivp_default,solve_ivp_default,,,0.14691151919866444,2.3311496825972635,-2.294573753482289,2.331084234308769,-2.2936840334247557,6.544828849452955e-05,0.0008897200575335162,0.0008897200575335162,-0.024717062969158654,1.3513973789900144,-0.025260852661060373,1.3506830163786108,0.0005437896919017193,0.0007143626114036739,0.000897786817451695,0.0007143626114036739,21.983871731999944,0.0037462700869461685,0.0037462700869461685,0.00017043897649436434,21.974692093321213,0.005433368591784671,-0.005433368591784671,-0.000247194612296439
higher_energy_wide_swing,solve_ivp_default,solve_ivp_default,,,0.15025041736227046,2.334935666449311,-2.298042821288803,2.3348719215483085,-2.2971048847044915,6.374490100258257e-05,0.0009379365843114051,0.0009379365843114051,-0.0250296750407647,1.356731144701981,-0.02560879628785373,1.3559841825988213,0.0005791212470890317,0.0007469621031597207,0.0009451633733840666,0.0007469621031597207,21.983812297814215,0.0036868359012167673,0.0036868359012167673,0.00016773497983918654,21.97425090236828,0.005874559544718494,-0.005874559544718494,-0.00026726687956799374
higher_energy_wide_swing,solve_ivp_default,solve_ivp_default,,,0.15358931552587646,2.3386504084327155,-2.3014494117633792,2.338588796589803,-2.3004651528774476,6.16118429124235e-05,0.000984258885931677,0.000984258885931677,-0.025335856046179273,1.3619492142361798,-0.025949552634140893,1.3611715503403454,0.0006136965879616207,0.0007776638958343352,0.0009906485940836796,0.0007776638958343352,21.98373184582089,0.0036063839078934734,0.0036063839078934734,0.00016407476445676298,21.97381415318479,0.006311308728207621,-0.006311308728207621,-0.00028713706567070376
higher_energy_wide_swing,solve_ivp_default,solve_ivp_default,,,0.15692821368948248,2.342293827382307,-2.3047927447636325,2.3422347967259247,-2.3037643223955055,5.9030656382130786e-05,0.0010284223681269467,0.0010284223681269467,-0.02563596682004665,1.3670518593793257,-0.026283299391567927,1.3662455798426973,0.0006473325715212752,0.0008062795366283737,0.0010339855653431589,0.0008062795366283737,21.98363111706399,0.003505655150991771,0.003505655150991771,0.0001594920446230548,21.973385560547996,0.006739901365001799,-0.006739901365001799,-0.0003066361644150144
higher_energy_wide_swing,solve_ivp_default,solve_ivp_default,,,0.16026711185308848,2.345865840764545,-2.3080720548159874,2.345809859284956,-2.3070018826188496,5.598147958885136e-05,0.0010701721971377864,0.0010701721971377864,-0.025930367504143015,1.3720393586472932,-0.026610219182219064,1.3712067296806634,0.0006798516780760488,0.0008326289666298337,0.0010749275790739971,0.0008326289666298337,21.983510963500855,0.0033855015878572203,0.0033855015878572203,0.00015402558068758947,21.972968873282262,0.007156588630735428,-0.007156588630735428,-0.00032559362061587466
higher_energy_wide_swing,solve_ivp_default,solve_ivp_default,,,0.1636060100166945,2.3493663646775182,-2.3112865911156795,2.349313921630791,-2.310177327815968,5.2443046727468356e-05,0.0011092632997113938,0.0011092632997113938,-0.026219416926980155,1.376911996453337,-0.02693049920777635,1.3760554561429998,0.0007110822807961936,0.0008565403103371061,0.0011132382104898765,0.0008565403103371061,21.983372338334597,0.003246876421599154,0.003246876421599154,0.0001477187392412895,21.97256785216557,0.007557609747426142,-0.007557609747426142,-0.00034383833525072064
higher_energy_wide_swing,solve_ivp_default,solve_ivp_default,,,0.1669449081803005,2.3527953138509443,-2.3144356175267546,2.352746921162934,-2.313290157163652,4.839268801015706e-05,0.0011454603631024796,0.0011454603631024796,-0.026503471998190475,1.3816700622807843,-0.027244330904437897,1.3807922126158334,0.0007408589062474213,0.0008778496649508583,0.0011486914090479041,0.0008778496649508583,21.983216286821555,0.003090824908557721,0.003090824908557721,0.00014061907489625026,21.9721862486904,0.00793921322259905,-0.00793921322259905,-0.0003611996317471464
higher_energy_wide_swing,solve_ivp_default,solve_ivp_default,,,0.17028380634390652,2.3561526016461705,-2.317518412582069,2.356108795316502,-2.316339874746996,4.3806329668605315e-05,0.0011785378350732678,0.0011785378350732678,-0.02678288711776411,1.386313849860799,-0.027551909603605984,1.3854174489709572,0.0007690224858418748,0.0008964008898417752,0.0011810716062286583,0.0008964008898417752,21.98304393750571,0.0029184755927111894,0.0029184755927111894,0.00013277793148944045,21.971827784690923,0.00829767722207464,-0.00829767722207464,-0.000377508182856044
higher_energy_wide_swing,solve_ivp_default,solve_ivp_default,,,0.17362270450751252,2.3594381400561732,-2.3205342694832902,2.3593994815622215,-2.319325989559397,3.8658493951793105e-05,0.001208279923893052,0.001208279923893052,-0.027058013600177788,1.3908436563558402,-0.027853434198352622,1.3899316109592377,0.0007954205981748341,0.0009120453966025011,0.0012101738443151978,0.0009120453966025011,21.982856493832116,0.0027310319191187205,0.0027310319191187205,0.00012425006053086606,21.9714961328483,0.008629329064696378,-0.008629329064696378,-0.0003925968975768231
higher_energy_wide_swing,solve_ivp_default,solve_ivp_default,,,0.17696160267111855,2.362651839705558,-2.3234824961008957,2.3626189174064307,-2.3222480155025575,3.2922299127324806e-05,0.0012344805983381946,0.0012344805983381946,-0.027329199113448666,1.3952597815494012,-0.028149106815658853,1.3943351396093207,0.0008199077022101875,0.0009246419400805728,0.0012358039316572654,0.0009246419400805728,21.982655226091044,0.002529764178046179,0.002529764178046179,0.00011509325469637268,21.97119489808422,0.008930563828776883,-0.008930563828776883,-0.0004063017676696932
higher_energy_wide_swing,solve_ivp_default,solve_ivp_default,,,0.18030050083472454,2.365793609850559,-2.3263624149741733,2.365767040391079,-2.3251054713864807,2.6569459480096924e-05,0.0012569435876925716,0.0012569435876925716,-0.02759678713312652,1.399562527042637,-0.028439132494419095,1.3986284706318393,0.0008423453612925735,0.0009340564107978011,0.0012577786316532757,0.0009340564107978011,21.982441463644584,0.0023160017315859704,0.0023160017315859704,0.00010536799417269576,21.970927599852537,0.009197862060460693,-0.009197862060460693,-0.00041846267330906197
higher_energy_wide_swing,solve_ivp_default,solve_ivp_default,,,0.18363939899833057,2.3688633583790404,-2.329173363311222,2.368843788093727,-2.3278978809294744,1.9570285313186275e-05,0.0012754823817475724,0.0012754823817475724,-0.027861116411215803,1.4037521954584662,-0.028723718869192782,1.4028120338293226,0.0008626024579769798,0.0009401616291435655,0.0012759258949569957,0.0009401616291435655,21.982216587387416,0.002091125474418476,0.002091125474418476,9.513710365493423e-05,21.970697655337357,0.009427806575640574,-0.009427806575640574,-0.0004289241474975659
higher_energy_wide_swing,solve_ivp_default,solve_ivp_default,,,0.18697829716193656,2.371860991810495,-2.3319146929889505,2.371849098127546,-2.3306247727581497,1.189368294873816e-05,0.0012899202308007673,0.0012899202308007673,-0.028122520460014067,1.4078290896537213,-0.02900307585967954,1.4068862525119918,0.0008805553996654725,0.0009428371417294912,0.0012900851474630102,0.0009428371417294912,21.98198202239344,0.0018565604804408053,0.0018565604804408053,8.446541780017771e-05,21.970508363564914,0.009617098348083886,-0.009617098348083886,-0.00043753609890663834
higher_energy_wide_swing,solve_ivp_default,solve_ivp_default,,,0.1903171953255426,2.374786415296045,-2.3345857705530793,2.3747829081413183,-2.333285680407421,3.5071547266340986e-06,0.0013000901456581282,0.0013000901456581282,-0.02838132705083196,1.4117935119399356,-0.02927741536589379,1.4108515429196427,0.0008960883150618271,0.0009419690202929765,0.0013001076507666795,0.0009419690202929765,21.981739230700054,0.0016137687870561024,0.0016137687870561024,7.341945294408939e-05,21.970362890435535,0.009762571477462956,-0.009762571477462956,-0.0004441544928567159
higher_energy_wide_swing,solve_ivp_default,solve_ivp_default,,,0.19365609348914858,2.377639532618442,-2.3371859772181383,2.3776451558194385,-2.3358801423205056,5.623200996396349e-06,0.0013058348976326961,0.0013058348976326961,-0.028637857727552896,1.4156457633133122,-0.02954695096899751,1.4147083136498018,0.000909093241444614,0.0009374496635103924,0.0013058569574252853,0.0009374496635103924,21.981489704181993,0.0013642422689947864,0.0013642422689947864,6.206708289080221e-05,21.970264254680608,0.009861207232390257,-0.009861207232390257,-0.00044864199021419076
higher_energy_wide_swing,solve_ivp_default,solve_ivp_default,,,0.1969949916527546,2.380420246192067,-2.3397147088674686,2.38043577888191,-2.338407701848924,1.553268984277878e-05,0.0013070070185445815,0.0013070070185445815,-0.028892427334971993,1.4193861426944525,-0.029811897637748164,1.4184569650923429,0.0009194703027761708,0.0009291776021096432,0.0013072094912253084,0.0009291776021096432,21.98123495746682,0.0011094955538233364,0.0011094955538233364,5.04772165994167e-05,21.970215314748177,0.009910147164820415,-0.009910147164820415,-0.00045086854403959825
higher_energy_wide_swing,solve_ivp_default,solve_ivp_default,,,0.2003338898163606,2.3831284570629294,-2.3421713760532215,2.3831547150843493,-2.3408679072525,2.6258021419867106e-05,0.001303468800721408,0.001303468800721408,-0.029145343561850168,1.4230149461783737,-0.030072471440525272,1.4220978888707556,0.0009271278786751047,0.000917057307618041,0.0013040552936406683,0.0009271278786751047,21.980976520844337,0.000851058931338855,0.000851058931338855,3.8719475592328343e-05,21.970218756619804,0.009906705293193596,-0.009906705293193596,-0.0004507119538675911
higher_energy_wide_swing,solve_ivp_default,solve_ivp_default,,,0.20367278797996663,2.3857640649086678,-2.344555403996359,2.3858019022179833,-2.343260311699362,3.7837309315502665e-05,0.0012950922969969803,0.0012950922969969803,-0.0293969064986056,1.426532466295364,-0.03032888926286903,1.425631467290247,0.0009319827642634282,0.0009009990051169758,0.0012962989933290394,0.0009319827642634282,21.98071593312236,0.0005904712093638409,0.0005904712093638409,2.6863868924997954e-05,21.97027708255944,0.009848379353556425,-0.009848379353556425,-0.0004480583775839508
higher_energy_wide_swing,solve_ivp_default,solve_ivp_default,,,0.20701168614357263,2.3883269680385513,-2.346866232586654,2.38837727810965,-2.34558447326594,5.03100710989024e-05,0.0012817593207139488,0.0012817593207139488,-0.02964740820955758,1.4299389912831992,-0.03058136853048843,1.4290580727928561,0.0009339603209308489,0.0008809184903431078,0.0012838610780382877,0.0009339603209308489,21.9804547343818,0.00032927246880376515,0.00032927246880376515,1.4980463572618186e-05,21.9703926007942,0.009732861118799008,-0.009732861118799008,-0.00044280280090593836
higher_energy_wide_swing,solve_ivp_default,solve_ivp_default,,,0.21035058430717865,2.3908170633934764,-2.3491033163826884,2.390880780621799,-2.3478399549369677,6.37172283224352e-05,0.001263361445720701,0.001263361445720701,-0.029897132319622988,1.4332348043712362,-0.03083012693766174,1.432378067419774,0.0009329946180387516,0.0008567369514622669,0.0012666795811451825,0.0009329946180387516,21.980194458583806,6.899667080872973e-05,6.899667080872973e-05,3.1390480881597634e-06,21.97056741612531,0.009558045787688485,-0.009558045787688485,-0.0004348494645424385
higher_energy_wide_swing,solve_ivp_default,solve_ivp_default,,,0.21368948247078465,2.3932342465459704,-2.351266124611857,2.3933123476524893,-2.3500263246054827,7.810110651895741e-05,0.0012398000063744696,0.0012398000063744696,-0.03014635361537532,1.4364201830768977,-0.03107538218097694,1.4355918022810363,0.0009290285656016195,0.0008283807958613387,0.0012447123437387723,0.0009290285656016195,21.97993662598271,0.00018883593028817813,-0.00018883593028817813,-8.591212575896879e-06,21.970803421466048,0.009322040446949842,-0.009322040446949842,-0.00042411224918178955
higher_energy_wide_swing,solve_ivp_default,solve_ivp_default,,,0.21702838063439064,2.3955784117001886,-2.353354141170364,2.3956719171353935,-2.3521431550728256,9.350543520492138e-05,0.0012109860975382247,0.0012109860975382247,-0.03039533766035063,1.4394953985150325,-0.03131735169833061,1.4386996170327773,0.000922014037979979,0.0007957814822552312,0.0012179400862655269,0.000922014037979979,21.979682735298116,0.00044272661488165,-0.00044272661488165,-2.0142133203416126e-05,21.971102290302333,0.009023171610664349,-0.009023171610664349,-0.00041051501850158386
higher_energy_wide_swing,solve_ivp_default,solve_ivp_default,,,0.22036727879799667,2.3978494516919167,-2.355366864623223,2.397959427039793,-2.3541900240486395,0.00010997534787637875,0.0011768405745833377,0.0011768405745833377,-0.0306443404244926,1.4424607147206516,-0.0315562524131171,1.4417018393622132,0.0009119119886245031,0.0007588753584384378,0.0011863706354433101,0.0009119119886245031,21.97943425560045,0.000691206312549042,-0.000691206312549042,-3.144687748697155e-05,21.97146547006992,0.00865999184307853,-0.00865999184307853,-0.0003939919204776379
higher_energy_wide_swing,solve_ivp_default,solve_ivp_default,,,0.22370617696160267,2.4000472579885677,-2.35730380820426,2.4001748153705815,-2.356166514150872,0.00012755738201386535,0.001137294053387805,0.001137294053387805,-0.030893607927619193,1.445316387985498,-0.03179230048352588,1.4445987844805401,0.0008986925559066883,0.0007176035049578644,0.0011500448253741712,0.0008986925559066883,21.979192617864157,0.0009328440488403089,-0.0009328440488403089,-4.244034232000788e-05,21.971894176441168,0.008231285471829608,-0.008231285471829608,-0.0003744876473108727
higher_energy_wide_swing,solve_ivp_default,solve_ivp_default,,,0.2270450751252087,2.4021717206891857,-2.359164499816111,2.4023180201682632,-2.3580722129057734,0.00014629947907751628,0.001092286910337581,0.001092286910337581,-0.031143375896797165,1.4480626662089304,-0.03202571105686747,1.4473907546239122,0.0008823351600703022,0.0006719115850182256,0.0011090448650879683,0.0008823351600703022,21.97895920614353,0.00116625576946916,-0.00116625576946916,-5.305955925911522e-05,21.97238938851255,0.007736073400447907,-0.007736073400447907,-0.00035195765437521815
higher_energy_wide_swing,solve_ivp_default,solve_ivp_default,,,0.2303839732888147,2.4042227285244433,-2.3609484820302216,2.404388979508955,-2.359906712747897,0.00016625098451150677,0.0010417692823243563,0.0010417692823243563,-0.03139386943749778,1.4506997882635522,-0.032256698028843234,1.4500780385626804,0.0008628285913454548,0.0006217497008718098,0.001063506402696931,0.0008628285913454548,21.978735348325994,0.001390113587003583,-0.001390113587003583,-6.324411520818485e-05,21.972951844883216,0.007173617029781809,-0.007173617029781809,-0.00032636833862537324
higher_energy_wide_swing,solve_ivp_default,solve_ivp_default,,,0.2337228714524207,2.4062001688566426,-2.3626553120868494,2.406387631504382,-2.3616696110201003,0.0001874626477396113,0.0009857010667491117,0.0009857010667491117,-0.031645302718411705,1.4532279833760446,-0.03248547380766709,1.452660911119055,0.0008401710892553815,0.0005670722569897091,0.001013636228569193,0.0008401710892553815,21.978522306418665,0.0016031554943332083,-0.0016031554943332083,-7.293659433887875e-05,21.973582040613167,0.006543421299831209,-0.006543421299831209,-0.00029769717698698315
higher_energy_wide_swing,solve_ivp_default,solve_ivp_default,,,0.2370617696160267,2.4081039276797136,-2.364284561895062,2.4083139143018832,-2.3633605099735435,0.00020998662216964448,0.000924051921518565,0.000924051921518565,-0.031897878669806534,1.455647470523615,-0.03271224908295578,1.4551396326933757,0.0008143704131492457,0.0005078378302394437,0.0009597387309237756,0.0008143704131492457,21.9783212663238,0.0018041955891980876,-0.0018041955891980876,-8.208304326216812e-05,21.974280225048823,0.005845236864175263,-0.005845236864175263,-0.00026593282528363394
higher_energy_wide_swing,solve_ivp_default,solve_ivp_default,,,0.24040066777963273,2.409933889619217,-2.365835818032737,2.410167766084407,-2.3649790167676894,0.00023387646518990834,0.0008568012650473911,0.0008568012650473911,-0.032151788695301664,1.457958457846485,-0.03293723259929171,1.4575144487991456,0.0007854439039900463,0.00044400904733943314,0.0009022561501227886,0.0007854439039900463,21.978133327059528,0.001992134853470162,-0.001992134853470162,-9.063346143870375e-05,21.975046400502222,0.0050790614107754095,-0.0050790614107754095,-0.00023107517832763832
higher_energy_wide_swing,solve_ivp_default,solve_ivp_default,,,0.24373956594323873,2.411689937932342,-2.3673086817465623,2.4119491250705134,-2.3665247434703054,0.0002591871381714128,0.0007839382762568903,0.0007839382762568903,-0.03240721239693378,1.4601611420768208,-0.033160630934359614,1.459785589607009,0.0007534185374258318,0.00037555246981169077,0.0008418308322451372,0.0007534185374258318,21.977959489382375,0.002165972530622895,-0.002165972530622895,-9.854231880414315e-05,21.97588032176908,0.004245140143918746,-0.004245140143918746,-0.00019313539184636114
higher_energy_wide_swing,solve_ivp_default,solve_ivp_default,,,0.24707846410684475,2.4133719545079075,-2.3687027689520384,2.413657929514373,-2.367997307057461,0.0002859750064656552,0.0007054618945772084,0.0007054618945772084,-0.032664317313406244,1.4622557079844927,-0.03338264828156967,1.461953269497837,0.0007183309681634276,0.0003024384866556762,0.0007794026033015176,0.0007183309681634276,21.977800643768628,0.0023248181443698,-0.0023248181443698,-0.00010576910256487063,21.976781496469986,0.0033439654430118537,-0.0033439654430118537,-0.0001521358669588239
higher_energy_wide_swing,solve_ivp_default,solve_ivp_default,,,0.25041736227045075,2.414979819866361,-2.3700177102334736,2.4152941177057694,-2.3693963294135303,0.0003142978394086171,0.0006213808199433402,0.0006213808199433402,-0.03292325867139745,1.4642423278400405,-0.03360348623706211,1.4640176866250865,0.0006802275656646595,0.00022464121495402445,0.0007163610936853626,0.0006802275656646595,21.977657557711737,0.002467904201260751,-0.002467904201260751,-0.00011227889511081807,21.977749186197816,0.0023762757151821745,-0.0023762757151821745,-0.00010811019797406379
higher_energy_wide_swing,solve_ivp_default,solve_ivp_default,,,0.25375626043405675,2.416513413159779,-2.371253150843989,2.4168576279700944,-2.3707214373311896,0.0003442148103154352,0.0005317135127995698,0.0005317135127995698,-0.033184179149819415,1.4661211608952227,-0.03382334359099548,1.4659790224866063,0.0006391644411760655,0.00014213840861643234,0.000654778214411509,0.0006391644411760655,21.97753086229363,0.002594599619367699,-0.002594599619367699,-0.00011804298496219243,21.97878240845368,0.0013430534593190657,-0.0013430534593190657,-6.11030843134312e-05
higher_energy_wide_swing,solve_ivp_default,solve_ivp_default,,,0.2570951585976628,2.417972612171868,-2.3724087507055147,2.418348398668353,-2.3719722625114184,0.0003757864964848423,0.00043648819409636275,0.00043648819409636275,-0.03344720865692152,1.4678923528814876,-0.03404241612302483,1.467837441506051,0.0005952074661033091,5.491137543645053e-05,0.0005977350473725334,0.0005952074661033091,21.9774210379878,0.0027044239251985402,-0.0027044239251985402,-0.0001230395126672387,21.979879939352838,0.000245522560160083,-0.000245522560160083,-1.1170207403298162e-05
higher_energy_wide_swing,solve_ivp_default,solve_ivp_default,,,0.2604340567612688,2.419357293317964,-2.3734841844087926,2.4197663681971604,-2.3731484415635005,0.00040907487919650265,0.0003357428452921418,0.00040907487919650265,-0.033712464120131735,1.4695560355267192,-0.034260896401858254,1.469593090624077,0.0005484322817265186,3.705509735785206e-05,0.0005496826792613674,0.0005484322817265186,21.97732839965268,0.0027970622603170625,-0.0027970622603170625,-0.00012725415353810385,21.981040317081284,0.000914855168286266,0.000914855168286266,4.162192658415533e-05
higher_energy_wide_swing,solve_ivp_default,solve_ivp_default,,,0.2637729549248748,2.42066733164503,-2.3744791412133743,2.4211114749887432,-2.3742496160050224,0.0004441433437132325,0.000229525208351955,0.0004441433437132325,-0.033980049288546255,1.4711123260905756,-0.03447897358880203,1.471246098899474,0.0004989243002557764,0.00013377280889836918,0.000516546824388918,0.0004989243002557764,21.97725308067401,0.002872381238987032,-0.002872381238987032,-0.00013068083910459352,21.982261846083027,0.0021363841700292596,0.0021363841700292596,9.719617723434612e-05
higher_energy_wide_swing,solve_ivp_default,solve_ivp_default,,,0.2671118530884808,2.421902600831661,-2.375393325047622,2.422383657510939,-2.3752754322618737,0.0004810566792778914,0.0001178927857483636,0.0004810566792778914,-0.034250054547973585,1.4725613269187512,-0.03469683324518624,1.4727965771204143,0.0004467786972126575,0.0002352502016631508,0.0005049295610930228,0.0004467786972126575,21.97719501621544,0.0029304456975580706,-0.0029304456975580706,-0.00013332251913829727,21.98354260195752,0.0034171400445224265,0.0034171400445224265,0.00015546499270186707
higher_energy_wide_swing,solve_ivp_default,solve_ivp_default,,,0.27045075125208684,2.4230629731880793,-2.376226454508709,2.4235828542671967,-2.376225541668248,0.0005198810791173791,9.128404609981544e-07,0.0005198810791173791,-0.034522556748448396,1.473903125016447,-0.034914657143572,1.4742446174259767,0.00039210039512360684,0.00034149240952974225,0.0005199613308915556,0.00039210039512360684,21.977153925536683,0.002971536376314532,-0.002971536376314532,-0.0001351919660997199,21.98488043704641,0.004754975133412387,0.004754975133412387,0.00021633066388323277
higher_energy_wide_swing,solve_ivp_default,solve_ivp_default,,,0.27378964941569284,2.4241483196561373,-2.376978262862618,2.4247090037965755,-2.3770996004666403,0.0005606841404381946,0.00012133760402210925,0.0005606841404381946,-0.03479761904415035,1.4751377916413557,-0.03513262308264109,1.475590292938108,0.00033500403849073823,0.00045250129675222794,0.0005630143243005029,0.00045250129675222794,21.97712929333942,0.002996168573577762,-0.002996168573577762,-0.00013631262381870847,21.986272986688025,0.006147524775027335,0.006147524775027335,0.00027968560896887153
higher_energy_wide_swing,solve_ivp_default,solve_ivp_default,,,0.27712854757929883,2.425158509809316,-2.377648498044144,2.425762044673747,-2.3778972698078515,0.000603534864431321,0.00024877176370763365,0.000603534864431321,-0.035075290745649634,1.476265381916431,-0.0353509047056646,1.476833657404205,0.0002756139600149643,0.0005682754877738283,0.0006315853742446169,0.0005682754877738283,21.977120350101078,0.0030051118119196474,-0.0030051118119196474,-0.0001367195022215357,21.987717676118393,0.007592214205395464,0.007592214205395464,0.0003454126874094144
higher_energy_wide_swing,solve_ivp_default,solve_ivp_default,,,0.28046744574290483,2.426093411852726,-2.3782369226568907,2.426741915508993,-2.3786182157509845,0.0006485036562668967,0.0003812930940938486,0.0006485036562668967,-0.03535560718443398,1.4772859344627092,-0.0355696713224557,1.4779747448504612,0.00021406413802171897,0.0006888103877520368,0.0007213065960200924,0.0006888103877520368,21.97712605135745,0.002999410555549531,-0.002999410555549531,-0.0001364601198817945,21.989211727996672,0.009086266083674133,0.009086266083674133,0.0004133855422899541
higher_energy_wide_swing,solve_ivp_default,solve_ivp_default,,,0.2838063439065109,2.4269528926231065,-2.3787433139732737,2.427648554948206,-2.3792621092634447,0.0006956623250995442,0.0005187952901710702,0.0006956623250995442,-0.03563858958965982,1.478199471052433,-0.035789087734708125,1.479013569246166,0.0001504981450483056,0.0008140981937327929,0.0008278922397884744,0.0008140981937327929,21.977145055895335,0.0029804060176630287,-0.0029804060176630287,-0.00013559549615981285,21.990752170533582,0.01062670862058468,0.01062670862058468,0.00048346897013843543
higher_energy_wide_swing,solve_ivp_default,solve_ivp_default,,,0.2871452420701169,2.427736817588827,-2.3791674639345186,2.428481901672891,-2.3798286262209425,0.0007450840840639295,0.0006611622864238775,0.0007450840840639295,-0.03592424497710045,1.4790059962827247,-0.036009314064617604,1.4799501241791133,8.506908751715336e-05,0.0009441278963886468,0.0009479526540868233,0.0009441278963886468,21.977175702817338,0.0029497590956601982,-0.0029497590956601982,-0.0001342011946552134,21.992335846201023,0.012210384288025011,0.012210384288025011,0.0005555193171751033
higher_energy_wide_swing,solve_ivp_default,solve_ivp_default,,,0.2904841402337229,2.428445050849886,-2.379509179150662,2.4292418944001626,-2.3803174474074904,0.0007968435502765381,0.0008082682568284483,0.0008082682568284483,-0.03621256605025458,1.4797054972700283,-0.03623050558670127,1.4807843825422906,1.793953644668722e-05,0.0010788852722622977,0.0010790344098648636,0.0010788852722622977,21.977215987440935,0.0029094744720623567,-0.0029094744720623567,-0.00013236841969368522,21.993959421001318,0.013833959088319858,0.013833959088319858,0.0006293849010230284
higher_energy_wide_swing,solve_ivp_default,solve_ivp_default,,,0.2938230383973289,2.42907745513791,-2.37976828090055,2.4299284718827474,-2.380728258515404,0.0008510167448374517,0.0009599776148543349,0.0009599776148543349,-0.036503531113608045,1.4802979433655379,-0.036452812562716486,1.4815162962320183,5.0718550891559744e-05,0.001218352866480421,0.0012194080853699465,0.001218352866480421,21.97726353599535,0.002861925917649444,-0.002861925917649444,-0.00013020516750955624,21.99561939427508,0.01549393236208374,0.01549393236208374,0.0007049064569231651
higher_energy_wide_swing,solve_ivp_default,solve_ivp_default,,,0.2971619365609349,2.4296338918161555,-2.37994460513184,2.4305415729089823,-2.3810607501453034,0.0009076810928267953,0.0011161450134635764,0.0011161450134635764,-0.03679710399803815,1.4807832858918208,-0.036676380079584736,1.4821457958577118,0.00012072391845341368,0.0013625099658909345,0.0013678478247374092,0.0013625099658909345,21.977315579079956,0.0028098828330413994,-0.0028098828330413994,-0.00012783743377217495,21.997312109026705,0.01718664711370721,0.01718664711370721,0.0007819176074990157
higher_energy_wide_swing,solve_ivp_default,solve_ivp_default,,,0.3005008347245409,2.430114220879508,-2.380038002461,2.4310811363028164,-2.3813146178061113,0.0009669154233082899,0.0012766153451111428,0.0012766153451111428,-0.03709323399837239,1.481161457900815,-0.03690134789024235,1.4826727904634325,0.00019188610813003493,0.0015113325626174845,0.0015234652583243323,0.0015113325626174845,21.97736892384917,0.002756538063827918,-0.002756538063827918,-0.00012541047905319865,21.999033762747377,0.018908300834379332,0.018908300834379332,0.0008602453551570258
higher_energy_wide_swing,solve_ivp_default,solve_ivp_default,,,0.3038397328881469,2.430518300954483,-2.3800483381733084,2.4315471009238094,-2.381489561915053,0.0010287999693265881,0.0014412237417444906,0.0014412237417444906,-0.03739185582311988,1.481432373953385,-0.03712785025732235,1.4830971672614026,0.00026400556579753154,0.0016647933080176092,0.0016855965404545326,0.0016647933080176092,21.97741992488956,0.0027055370234378984,-0.0027055370234378984,-0.0001230901537903427,22.000780418715696,0.02065495680269791,0.02065495680269791,0.0009397105962151431
higher_energy_wide_swing,solve_ivp_default,solve_ivp_default,,,0.3071786310517529,2.430845989299224,-2.3799754922228544,2.4319394056671313,-2.381585287797658,0.001093416367907274,0.001609795574803563,0.001609795574803563,-0.0376928895564036,1.4815959299206016,-0.03735601579958647,1.4834187913776606,0.0003368737568171243,0.0018228614570590107,0.0018537280867655275,0.0018228614570590107,21.97746445375613,0.002661008156866984,-0.002661008156866984,-0.00012106428425433512,22.00254801775716,0.022422555844162417,0.022422555844162417,0.0010201286559085416
higher_energy_wide_swing,solve_ivp_default,solve_ivp_default,,,0.31051752921535897,2.4310971418035043,-2.3798193592325374,2.4322579894635643,-2.381601505687759,0.0011608476600599715,0.0017821464552216781,0.0017821464552216781,-0.03799624063214335,1.4816520028068911,-0.03758596734103459,1.4836375056100248,0.00041027329110876476,0.0019855028031336985,0.0020274480399381364,0.0019855028031336985,21.97749786713597,0.0026275947770280084,-0.0026275947770280084,-0.00011954412096423588,22.004332390444233,0.024206928531235405,0.024206928531235405,0.0011013098434392923
higher_energy_wide_swing,solve_ivp_default,solve_ivp_default,,,0.31385642737896496,2.4312716129887266,-2.379579848494067,2.432502791279501,-2.3815379307274918,0.0012311782907743485,0.0019580822334246406,0.0019580822334246406,-0.0383017998205446,1.481600450595201,-0.03781782176260284,1.4837531301985465,0.0004839780579417585,0.002152679603345531,0.002206414338973745,0.002152679603345531,21.97751497360891,0.0026104883040893867,-0.0026104883040893867,-0.00011876585093259918,22.006129269719683,0.026003807806684875,0.026003807806684875,0.0011830600262834753
higher_energy_wide_swing,solve_ivp_default,solve_ivp_default,,,0.31719532554257096,2.431368837654236,-2.3792568486518477,2.4326737501169458,-2.381394282967295,0.0013049124627095843,0.0021374343154474396,0.0021374343154474396,-0.03860915156595113,1.4814408149565548,-0.038051689856387516,1.4837654626086274,0.0005574617095636114,0.002324647652072631,0.0023905543842206102,0.002324647652072631,21.977504079410213,0.0026213825027845417,-0.0026213825027845417,-0.00011926148953639297,22.007934303927076,0.027808842014078294,0.027808842014078294,0.0012651812230219184
higher_energy_wide_swing,solve_ivp_default,solve_ivp_default,,,0.32053422370617696,2.431387682181904,-2.378850267108555,2.4327708050135133,-2.381170287365912,0.0013831228316094624,0.0023200202573567807,0.0023200202573567807,-0.03891743268843395,1.4811722513969299,-0.038287676182316654,1.483674277326981,0.0006297565061172961,0.0025020259300512215,0.0025800633735716155,0.0025020259300512215,21.977447182385127,0.002678279527870586,-0.002678279527870586,-0.00012185005642990935,22.00974307023309,0.029617608320091193,0.029617608320091193,0.001347472213996793
higher_energy_wide_swing,solve_ivp_default,solve_ivp_default,,,0.32387312186978295,2.4313284497991745,-2.378360200366377,2.4327938950424297,-2.3808656737903875,0.0014654452432552034,0.002505473424010418,0.002505473424010418,-0.0392267299962038,1.4807949540309564,-0.03852587892721249,1.4834793256706171,0.000700851068991315,0.002684371639660732,0.002774354577324448,0.002684371639660732,21.977348660699377,0.002776801213620672,-0.002776801213620672,-0.00012633236413651475,22.01155108842774,0.03142562651474279,0.03142562651474279,0.0014297291691622454
higher_energy_wide_swing,solve_ivp_default,solve_ivp_default,,,0.327212020033389,2.4311915293949697,-2.377786765044467,2.4327429593125323,-2.380480177016071,0.001551429917562519,0.0026934119716042204,0.0026934119716042204,-0.03953717821691438,1.4803091579830883,-0.03876638976617308,1.4831803356090314,0.0007707884507412999,0.002871177625943133,0.0029728396854712194,0.002871177625943133,21.97721388634693,0.002911575566066915,-0.002911575566066915,-0.00013246401032205536,22.013353835089724,0.03322837317672622,0.03322837317672622,0.0015117462925452409
higher_energy_wide_swing,solve_ivp_default,solve_ivp_default,,,0.330550918196995,2.4309773038714977,-2.377130088390409,2.4326179369682697,-2.3800135367266146,0.0016406330967719818,0.002883448336205685,0.002883448336205685,-0.03984889723506624,1.4797150734313667,-0.039009293726225414,1.4827770115997867,0.0008396035088408249,0.003061938168420042,0.0031749644721296186,0.003061938168420042,21.9770478755893,0.003077586323698256,-0.003077586323698256,-0.00014001677693018975,22.01514675810546,0.03502129619246119,0.03502129619246119,0.0015933164827992379
higher_energy_wide_swing,solve_ivp_default,solve_ivp_default,,,0.333889816360601,2.4306861501442527,-2.3763903082802225,2.4324187671897004,-2.3794654975139737,0.001732617045447693,0.0030751892337512743,0.0030751892337512743,-0.0401619919621089,1.479012885976935,-0.03925466905218755,1.4822690344376632,0.0009073229099213487,0.003256148460728303,0.0033801978730795394,0.003256148460728303,21.976855310120598,0.003270151792399645,-0.003270151792399645,-0.0001487776672642811,22.01692529153171,0.036799829618711755,0.036799829618711755,0.0016742320093885831
higher_energy_wide_swing,solve_ivp_default,solve_ivp_default,,,0.337228714524207,2.4303184391420163,-2.3755675732183583,2.432145389192496,-2.3788358088784074,0.0018269500504795033,0.003268235660049079,0.003268235660049079,-0.04047655222026447,1.4782027570267235,-0.03950258707470178,1.481656061117575,0.0009739651455626941,0.003453304090851539,0.003588024142709039,0.003453304090851539,21.976640557189434,0.0034849047235638864,-0.0034849047235638864,-0.00015854799052910339,22.018684870793347,0.038559408880349366,0.038559408880349366,0.0017542852040205517
higher_energy_wide_swing,solve_ivp_default,solve_ivp_default,,,0.34056761268781305,2.4298745358068565,-2.3746620423377007,2.4317977422279373,-2.3781242252284773,0.001923206421080792,0.0034621828907765995,0.0034621828907765995,-0.040792652639943916,1.4772848241891077,-0.039753112080385344,1.4809377247114317,0.0010395405595585716,0.003652900522324032,0.003797937177068959,0.003652900522324032,21.97640768870188,0.003717773211118214,-0.003717773211118214,-0.00016914249272873097,22.020420948209058,0.040295486296059835,0.040295486296059835,0.0018332691669974113
higher_energy_wide_swing,solve_ivp_default,solve_ivp_default,,,0.34390651085141904,2.429354799094128,-2.3736738853995663,2.431375765582917,-2.3773305058810497,0.002020966488788911,0.003656620481483408,0.003656620481483408,-0.04111035257065854,1.4762592016823386,-0.040006301184066784,1.4801136342591414,0.0011040513865917534,0.0038544325768028465,0.004009436363549645,0.0038544325768028465,21.976160499329463,0.003964962583534515,-0.003964962583534515,-0.00018038853283185182,22.022129008839578,0.042003546926579816,0.042003546926579816,0.001910978488242174
higher_energy_wide_swing,solve_ivp_default,solve_ivp_default,,,0.34724540901502504,2.4287595819724714,-2.3726032827937047,2.4308793985799393,-2.3764544150612927,0.0021198166074678504,0.003851132267588042,0.003851132267588042,-0.04142969600533741,1.475125980755545,-0.04026220420307536,1.4791833746739462,0.001167491802262055,0.004057393918401209,0.004222023509814721,0.004057393918401209,21.97590252364613,0.00422293826686726,-0.00422293826686726,-0.0001921253031146131,22.023804586654617,0.043679124741618836,0.043679124741618836,0.001987209982823151
higher_energy_wide_swing,solve_ivp_default,solve_ivp_default,,,0.35058430717863104,2.4280892314238147,-2.3714504255382995,2.4303085805771185,-2.375495721902678,0.0022193491533037957,0.004045296364378448,0.004045296364378448,-0.04175071151798637,1.4738852301221042,-0.040520863533550666,1.478146506662283,0.0012298479844357058,0.004261276540178827,0.0044352005384986825,0.004261276540178827,21.97563705231783,0.004488409595168719,-0.004488409595168719,-0.0002042030926050082,22.025443281016212,0.04531781910321442,0.04531781910321442,0.0020617634408748396
higher_energy_wide_swing,solve_ivp_default,solve_ivp_default,,,0.3539232053422371,2.4273440884433723,-2.3702155152799658,2.4296632509681806,-2.3744542004469813,0.002319162524808238,0.004238685167015532,0.004238685167015532,-0.04207341221463179,1.472536996405166,-0.0407823140287531,1.4770025666583666,0.0012910981858786919,0.004465570253200601,0.0046484677273107245,0.004465570253200601,21.975367147368157,0.004758314544840658,-0.004758314544840658,-0.00021648259256235052,22.02704077347816,0.04691531156516149,0.04691531156516149,0.002134442391898809
higher_energy_wide_swing,solve_ivp_default,solve_ivp_default,,,0.3572621035058431,2.4265244880396444,-2.368898764293752,2.4289433491824632,-2.373329629644281,0.0024188611428188622,0.004430865350529167,0.004430865350529167,-0.04239779569751212,1.4710813045951312,-0.04104658287936236,1.4757510667736922,0.0013512128181497607,0.0046697621785609655,0.004861322339060708,0.0046697621785609655,21.975095656543594,0.005029805369403562,-0.005029805369403562,-0.00022883424292182371,22.02859284490265,0.04846738298965292,0.04846738298965292,0.0022050548834963136
higher_energy_wide_swing,solve_ivp_default,solve_ivp_default,,,0.3606010016694491,2.4256307592344193,-2.36750039548314,2.4281488146849135,-2.372121793352959,0.0025180554504942165,0.004621397869818633,0.004621397869818633,-0.04272384404250251,1.4695181585188637,-0.04131368949574599,1.4743914947616572,0.0014101545467565257,0.004873336242793513,0.005073257531513939,0.004873336242793513,21.97482522680174,0.005300235111256768,-0.005300235111256768,-0.0002411376186383002,22.030095392897323,0.04996993098432512,0.04996993098432512,0.002273414274677943
higher_energy_wide_swing,solve_ivp_default,solve_ivp_default,,,0.3639398998330551,2.4246632250627704,-2.366020642380044,2.4272795869760917,-2.3708304803397002,0.0026163619133212634,0.004809837959656171,0.004809837959656171,-0.043051523789756074,1.4678475413204164,-0.041583645392200386,1.472923313997507,0.0014678783975556886,0.005075772677090695,0.005283761468831754,0.005075772677090695,21.97455831694567,0.005567144967326243,-0.005567144967326243,-0.00025328085487832865,22.03154444957752,0.051418987664522575,0.051418987664522575,0.0023393400439693135
higher_energy_wide_swing,solve_ivp_default,solve_ivp_default,,,0.36727879799666113,2.4236222025730587,-2.364459749144811,2.426335605592167,-2.3694554842794933,0.0027134030191082736,0.0049957351346821,0.0049957351346821,-0.04338078594758077,1.4660694159530587,-0.04185645407316141,1.4713459634737975,0.0015243318744193601,0.005276547520738806,0.005492316578820424,0.005276547520738806,21.974297209427995,0.005828252485002849,-0.005828252485002849,-0.0002651601099867243,22.032936199660387,0.052810737747389425,0.052810737747389425,0.002402658612613449
higher_energy_wide_swing,solve_ivp_default,solve_ivp_default,,,0.37061769616026713,2.4225080028269312,-2.362817970566222,2.425316810104922,-2.36799660375563,0.0028088072779905993,0.005178633189408366,0.005178633189408366,-0.04371156600956727,1.4641837256823713,-0.042132110921395904,1.4696588578115983,0.0015794550881713665,0.005475132129227012,0.005698398916190787,0.005475132129227012,21.97404402134787,0.00608144056512927,-0.00608144056512927,-0.00027667906517035793,22.03426699889954,0.054141536986541894,0.054141536986541894,0.002463204183268105
higher_energy_wide_swing,solve_ivp_default,solve_ivp_default,,,0.3739565943238731,2.4213209308993218,-2.361095572061488,2.4242231401217476,-2.366453642259705,0.002902209222425789,0.005358070198216769,0.005358070198216769,-0.04404378398500852,1.462190394600182,-0.042410603088185894,1.4678613872876194,0.001633180896822628,0.005670992687437426,0.005901477603339279,0.005670992687437426,21.973800714664442,0.0063247472485556955,-0.0063247472485556955,-0.00028774845983091276,22.035533392870434,0.055407930957436236,0.055407930957436236,0.002520819594658215
higher_energy_wide_swing,solve_ivp_default,solve_ivp_default,,,0.3772954924874791,2.4200612858784507,-2.359292829676257,2.4230545352856487,-2.364826408191617,0.0029932494071980287,0.005533578515359849,0.005533578515359849,-0.044377344442657174,1.460089328149109,-0.04269190938552769,1.4659529178774953,0.0016854350571294807,0.005863589728386298,0.006101014328342326,0.005863589728386298,21.973569105650448,0.006556356262549912,-0.006556356262549912,-0.0002982856614677072,22.036732136119006,0.056606674206008734,0.056606674206008734,0.002575357192755627
higher_energy_wide_swing,solve_ivp_default,solve_ivp_default,,,0.3806343906510852,2.4187293608658256,-2.3574100300846066,2.4218109352752393,-2.3631147148595666,0.003081574409413701,0.0057046847749600005,0.0057046847749600005,-0.04471213656788786,1.4578804136574706,-0.042976000180374396,1.463932791315412,0.001736136387513465,0.006052377657941532,0.006296462885652398,0.006052377657941532,21.973350873609725,0.006774588303272822,-0.006774588303272822,-0.00030821426906828985,22.037860211687413,0.05773474977441495,0.05773474977441495,0.002626679719115221
higher_energy_wide_swing,solve_ivp_default,solve_ivp_default,,,0.38397328881469117,2.417325442976239,-2.355447470589049,2.420492279804745,-2.3613183804800597,0.0031668368285058257,0.0058709098910108,0.0058709098910108,-0.04504803423333115,1.4555635208843138,-0.04326283729095515,1.4618003251703118,0.0017851969423759995,0.006236804285997932,0.006487268749243459,0.006236804285997932,21.97314756888271,0.00697789303028884,-0.00697789303028884,-0.00031746374889352123,22.038914851033216,0.058789389120217805,0.058789389120217805,0.0026746612171112323
higher_energy_wide_swing,solve_ivp_default,solve_ivp_default,,,0.38731218697829717,2.415849813337772,-2.3534054591205287,2.4190985086240033,-2.3594372281779044,0.0032486952862313956,0.00603176905737568,0.00603176905737568,-0.04538489608307361,1.453138502574319,-0.04355237388521371,1.4595548129388702,0.0018325221978598982,0.006416310364551148,0.00667286867096122,0.006416310364551148,21.972960620164297,0.007164841748700468,-0.007164841748700468,-0.00032596910154656094,22.039893554359686,0.05976809244668857,0.05976809244668857,0.0027191879568774203
higher_energy_wide_swing,solve_ivp_default,solve_ivp_default,,,0.39065108514190316,2.414302747091791,-2.351284314238423,2.4176295615184613,-2.3574710859862114,0.003326814426670488,0.006186771747788367,0.006186771747788367,-0.045722565630514356,1.4506051950223178,-0.04384455438141366,1.4571955241554682,0.0018780112491006973,0.0065903291331503855,0.00685269029907229,0.0065903291331503855,21.972791341158718,0.007334120754279638,-0.007334120754279638,-0.00033367055920532164,22.040794111377053,0.06066864946405559,0.06066864946405559,0.0027601593798534858
higher_energy_wide_swing,solve_ivp_default,solve_ivp_default,,,0.3939899833055092,2.412684513392949,-2.349084365130542,2.4160853783091785,-2.3554197868463955,0.0034008649162293736,0.006335421715853329,0.006335421715853329,-0.04606087136998527,1.4479634186471648,-0.04413931435096763,1.45472170451938,0.001921557019017639,0.006758285872215275,0.00702615181361181,0.006758285872215275,21.97264093659645,0.007484525316549195,-0.007484525316549195,-0.0003405133118788756,22.041614622516587,0.061489160603589,0.061489160603589,0.002797489063933551
higher_energy_wide_swing,solve_ivp_default,solve_ivp_default,,,0.3973288814691152,2.4109953754091866,-2.34680595161313,2.414465898852825,-2.353283168608175,0.003470523443638296,0.006477216995045332,0.006477216995045332,-0.04639962690225363,1.4452129785747005,-0.044436580423551364,1.4521325760393835,0.0019630464787022683,0.006919597464682958,0.007192661576272875,0.006919597464682958,21.972510507638674,0.007614954274323793,-0.007614954274323793,-0.00034644726152809865,22.042353520620697,0.06222805870769932,0.06222805870769932,0.0028311057102712017
higher_energy_wide_swing,solve_ivp_default,solve_ivp_default,,,0.4006677796327212,2.40923559032173,-2.344449424130862,2.4127710630416814,-2.351061074029572,0.0035354727199514713,0.0066116498987098815,0.0066116498987098815,-0.04673863107403309,1.4423536652295246,-0.0447362701945746,1.4494273371960154,0.002002360879458487,0.00707367196649078,0.007351617793459022,0.00707367196649078,21.972401056695155,0.0077244052178429,-0.0077244052178429,-0.0003514268028737003,22.043009593134755,0.0628841312217574,0.0628841312217574,0.002860954152910663
higher_energy_wide_swing,solve_ivp_default,solve_ivp_default,,,0.4040066777963272,2.4074054093250923,-2.3420151437568473,2.4110008108036407,-2.348753350776909,0.003595401478548421,0.006738207020061893,0.006738207020061893,-0.0470776681316325,1.4393852549353046,-0.04503829213508759,1.4466051631216956,0.002039375996544912,0.007219908186391066,0.007502408191720862,0.007219908186391066,21.972313491681867,0.007811970231131227,-0.007811970231131227,-0.00035541062969216225,22.043582004827815,0.0634565429148175,0.0634565429148175,0.002886996392480768
higher_energy_wide_swing,solve_ivp_default,solve_ivp_default,,,0.40734557595993326,2.405505077627073,-2.339503482192628,2.4091550821022056,-2.346359851424816,0.00365000447513264,0.006856369232187909,0.006856369232187909,-0.04741650788888652,1.4363075105233354,-0.04534254550420114,1.4436652057989305,0.0020739623846853794,0.007357695275595155,0.007644409705242461,0.007357695275595155,21.972248629745394,0.007876832167603709,-0.007876832167603709,-0.0003583615653719824,22.04407032107131,0.06394485915831183,0.06394485915831183,0.002909212655274194
higher_energy_wide_swing,solve_ivp_default,solve_ivp_default,,,0.41068447412353926,2.4035348344487586,-2.3369148217681794,2.407233816936491,-2.343880433456223,0.003698982487732483,0.006965611688043438,0.006965611688043438,-0.047754905909518586,1.433120181949051,-0.0456489202641257,1.440606594276825,0.0021059856453928827,0.007486412327773806,0.007776988175382838,0.007486412327773806,21.972207200481368,0.007918261431630214,-0.007918261431630214,-0.0003602464164888831,22.04447453170679,0.06434906979379207,0.06434906979379207,0.002927602479125775
higher_energy_wide_swing,solve_ivp_default,solve_ivp_default,,,0.41402337228714525,2.4014949130245222,-2.3342495554419087,2.4052369553412225,-2.3413149592623643,0.003742042316700278,0.007065403820455618,0.007065403820455618,-0.04809260370408619,1.429823006916198,-0.04595729699791362,1.4374284349061157,0.0021353067061725683,0.007605427989917812,0.007899498062487948,0.007605427989917812,21.972189848675107,0.007935613237890493,-0.007935613237890493,-0.00036103584811839523,22.0447950755355,0.06466961362250245,0.06466961362250245,0.0029421858275814434
higher_energy_wide_swing,solve_ivp_default,solve_ivp_default,,,0.41736227045075125,2.399385540602023,-2.3315080868006564,2.403164437386736,-2.338663296142778,0.003778896784713215,0.007155209342121438,0.007155209342121438,-0.04842932894166907,1.4264157115083567,-0.046267546830026984,1.4341298115929528,0.0021617821116420854,0.007714100084596165,0.008011282170375868,0.007714100084596165,21.972197136592857,0.007928325320140317,-0.007928325320140317,-0.0003607042795946939,22.045032865464382,0.06490740355138414,0.06490740355138414,0.0029530042339319315
higher_energy_wide_swing,solve_ivp_default,solve_ivp_default,,,0.4207011686143573,2.3972069384422072,-2.328690830059696,2.40101620317898,-2.335925316305305,0.0038092647367728993,0.007234486245609073,0.007234486245609073,-0.04876479567646941,1.4228980108275082,-0.04657953134983561,1.4307097860716502,0.0021852643266337957,0.007811775244142005,0.00811167138401502,0.007811775244142005,21.972229545852983,0.00789591606001494,-0.00789591606001494,-0.0003592297993793041,22.04518931434517,0.06506385243217139,0.06506385243217139,0.002960121976779139
higher_energy_wide_swing,solve_ivp_default,solve_ivp_default,,,0.4240400667779633,2.3949593218193073,-2.325798210062734,2.3987921928595126,-2.33310089686609,0.0038328710402053545,0.0073026868033556624,0.0073026868033556624,-0.049098704589486175,1.419269609639314,-0.0468931025381738,1.4271673981966182,0.002205602051312372,0.007897788557304164,0.00819998442099971,0.007897788557304164,21.972287478906654,0.007837983006343308,-0.007837983006343308,-0.00035659409769634424,22.045266361544716,0.06514089963171799,0.06514089963171799,0.002963627288870287
higher_energy_wide_swing,solve_ivp_default,solve_ivp_default,,,0.4273789649415693,2.3926429000208427,-2.3228306622819104,2.396492082053689,-2.3301916435176397,0.0038491820328463433,0.007360981235729369,0.007360981235729369,-0.0494307432454415,1.4155302030248005,-0.047206721531143137,1.423502736971026,0.002224021714298363,0.007972533946225546,0.00827692999302213,0.007972533946225546,21.972371260158685,0.007754201754313073,-0.007754201754313073,-0.00035278241553941527,22.04526364999121,0.06513818807821181,0.06513818807821181,0.00296350392499273
higher_energy_wide_swing,solve_ivp_default,solve_ivp_default,,,0.4307178631051753,2.390257876347619,-2.3197886328177963,2.3941145947396105,-2.327207941249528,0.0038567183919915315,0.007419308431731775,0.007419308431731775,-0.0497605863651307,1.4116794770380996,-0.04751213647849495,1.4197216172332712,0.0022484498866357505,0.008042140195171577,0.008350541647791875,0.008042140195171577,21.97248113675916,0.007644325153837173,-0.007644325153837173,-0.0003477835086557265,22.045168755049904,0.06504329313690604,0.06504329313690604,0.0029591866183663325
higher_energy_wide_swing,solve_ivp_default,solve_ivp_default,,,0.4340567612687813,2.3878044481137293,-2.316672578399397,2.3916603436647255,-2.324151796873572,0.003855895550996191,0.007479218474175209,0.007479218474175209,-0.05008789611337139,1.4077171093699175,-0.04780830521046098,1.4158250855558516,0.002279590902910411,0.008107976185934174,0.008422340085528937,0.008107976185934174,21.972617279097758,0.0075081828152399055,-0.0075081828152399055,-0.0003415896250569648,22.044986197824052,0.06486073591105423,0.06486073591105423,0.002950881059502797
higher_energy_wide_swing,solve_ivp_default,solve_ivp_default,,,0.43739565943238734,2.3852828066465515,-2.313482966384151,2.389130222594808,-2.321023523583092,0.0038474159482566606,0.007540557198940867,0.007540557198940867,-0.050412322402727416,1.4036427700163823,-0.04809555888185435,1.4118131436294514,0.0023167635208730664,0.00817037361306916,0.008492490694065255,0.00817037361306916,21.97277978103265,0.007345680880348482,-0.007345680880348482,-0.00033419649460495685,22.044723341960005,0.06459788004700684,0.06459788004700684,0.0029389222622473914
higher_energy_wide_swing,solve_ivp_default,solve_ivp_default,,,0.44073455759599334,2.3826931372867524,-2.3102202747579286,2.386525099561114,-2.317823450108905,0.0038319622743614445,0.007603175350976432,0.007603175350976432,-0.050733503213195585,1.399456121952917,-0.048374195767188155,1.4076857778003253,0.0023593074460074304,0.008229655847408424,0.0085611662167937,0.008229655847408424,21.9729686598869,0.0071568020260990295,-0.0071568020260990295,-0.0003256033291757267,22.044387340285574,0.06426187837257658,0.06426187837257658,0.0029236356491198876
higher_energy_wide_swing,solve_ivp_default,solve_ivp_default,,,0.44407345575959933,2.3800356193882832,-2.306884992135034,2.3838458168603807,-2.314551920719328,0.003810197472097432,0.007666928584294297,0.007666928584294297,-0.051051064928013035,1.3951568218127806,-0.048644481367371206,1.403442959925672,0.0024065835606418284,0.008286138112891361,0.008628541548851829,0.008286138112891361,21.97318385624547,0.006941605667527995,-0.006941605667527995,-0.0003158128318947205,22.04398513123842,0.06385966932542075,0.06385966932542075,0.0029053368888215096
higher_energy_wide_swing,solve_ivp_default,solve_ivp_default,,,0.44741235392320533,2.3773104263183833,-2.3034776177582037,2.3810931910548283,-2.3112092952201775,0.00378276473644501,0.007731677461973785,0.007731677461973785,-0.05136462268577857,1.3907445205699163,-0.0489066485534454,1.3990846482138086,0.002457974132333174,0.008340127643892359,0.008694789586392332,0.008340127643892359,21.97342523358682,0.006700228326177893,-0.006700228326177893,-0.00030483121389766405,22.043523435525742,0.06339797361274435,0.06339797361274435,0.0028843317442659687
higher_energy_wide_swing,solve_ivp_default,solve_ivp_default,,,0.4507512520868114,2.3745177254575776,-2.299998661498607,2.3782680129721574,-2.3077959489547664,0.003750287514579842,0.007797287456159374,0.007797287456159374,-0.05167378074905049,1.3862188642257247,-0.049160897747205334,1.3946107880493388,0.0025128830018451564,0.00839192382361409,0.008760077992934996,0.00839192382361409,21.973692577783133,0.006432884129864647,-0.006432884129864647,-0.0002926682170678007,22.043008753033135,0.06288329112013713,0.06288329112013713,0.002860915931945013
higher_energy_wide_swing,solve_ivp_default,solve_ivp_default,,,0.4540901502504174,2.3716576781996785,-2.2964486438558462,2.3753710477055514,-2.3043122728039087,0.0037133695058728655,0.007863628948062473,0.007863628948062473,-0.05197813288959341,1.381579494499399,-0.049407397138568676,1.3900213128034986,0.002570735751024733,0.008441818304099513,0.008824566764494803,0.008441818304099513,21.973985596504086,0.00613986540891176,-0.00613986540891176,-0.00027933714116194986,22.042447359998935,0.06232189808593702,0.06232189808593702,0.0028353749933742625
higher_energy_wide_swing,solve_ivp_default,solve_ivp_default,,,0.4574290484140234,2.3687304399517846,-2.2928280959579572,2.372403034613675,-2.300758673185915,0.003672594661890294,0.007930577227957869,0.007930577227957869,-0.05227726279044009,1.3768260495214286,-0.04964628293960183,1.385316144629827,0.0026309798508382665,0.008490095108398377,0.008888406489645206,0.008490095108398377,21.97430391855922,0.005821543353778935,-0.005821543353778935,-0.0002648548737297457,22.04184530646856,0.061719844555561565,0.061719844555561565,0.002807984179276377
higher_energy_wide_swing,solve_ivp_default,solve_ivp_default,,,0.4607679465776294,2.3657361601342806,-2.289137559561408,2.3693646873206746,-2.2971355720565967,0.0036285271863940594,0.007998012495188611,0.007998012495188611,-0.052570744464930264,1.371958164529885,-0.049877659675124475,1.3804951952453197,0.0026930847898057886,0.008537030715434657,0.008951737212483287,0.008537030715434657,21.9746470932143,0.005478368698696556,-0.005478368698696556,-0.00024924192121602917,22.041208414042163,0.06108295212916559,0.06108295212916559,0.002779008347109287
higher_energy_wide_swing,solve_ivp_default,solve_ivp_default,,,0.4641068447412354,2.3626749821808386,-2.2853775870510997,2.366256693716179,-2.293443406909262,0.0035817115353404816,0.00806581985816246,0.00806581985816246,-0.052858142692882915,1.3669754725690968,-0.05010160050985224,1.3755583666971796,0.0027565421830306747,0.008582894128082774,0.00901468781604251,0.008582894128082774,21.975014589517652,0.005110872395345467,-0.005110872395345467,-0.0002325224396103448,22.040542273927002,0.060416812014004506,0.060416812014004506,0.0027487018724572034
higher_energy_wide_swing,solve_ivp_default,solve_ivp_default,,,0.4674457429048414,2.3595470435384165,-2.281548741440366,2.363079715955298,-2.289682630774719,0.0035326724168815993,0.008133889334353217,0.008133889334353217,-0.05313901347404715,1.361877605190314,-0.05031814761204756,1.3705055521152811,0.0028208658619995886,0.008627946924967045,0.009077375851612786,0.008627946924967045,21.975405795672255,0.004719666240742271,-0.004719666240742271,-0.00021472426301298754,22.039852245304743,0.05972678339174564,0.05972678339174564,0.0027173085747503934
higher_energy_wide_swing,solve_ivp_default,solve_ivp_default,,,0.4707846410684474,2.3563524756672596,-2.2776515963709745,2.3598343904586234,-2.2858537122212748,0.003481914791363838,0.008202115850300284,0.008202115850300284,-0.05341290449897851,1.356664193153961,-0.05052731255367904,1.36533663645044,0.0028855919452994705,0.008672443296479093,0.009139907746001727,0.008672443296479093,21.975820018490094,0.004305443422904176,-0.004305443422904176,-0.0001958789284603774,22.03914345402225,0.05901799210925063,0.05901799210925063,0.0026850616577014804
higher_energy_wide_swing,solve_ivp_default,solve_ivp_default,,,0.4741235392320534,2.3530914040408994,-2.273686736113124,2.3565213279122292,-2.2819571353547334,0.0034299238713297875,0.00827039924160955,0.00827039924160955,-0.05367935563747661,1.3513348671330556,-0.05072907674710603,1.3600514971985556,0.0029502788903705834,0.008716630065499942,0.009202379324378224,0.008716630065499942,21.976256482964814,0.00386897894818361,-0.00386897894818361,-0.00017602169536692358,22.038420791613195,0.05829532970019713,0.05829532970019713,0.0026521836647934905
higher_energy_wide_swing,solve_ivp_default,solve_ivp_default,,,0.47746243739565947,2.349763948146154,-2.2696547555654476,2.3531411132676707,-2.277993399818399,0.0033771651215168674,0.00833864425295161,0.00833864425295161,-0.05393789944469907,1.3458892584174027,-0.05092339191831352,1.354650005110691,0.003014507526385546,0.00876074669328819,0.00926487659122317,0.00876074669328819,21.97671433199937,0.003411129913626354,-0.003411129913626354,-0.00015519155791613362,22.037688914656208,0.057563452743210064,0.057563452743210064,0.002618886450077621
higher_energy_wide_swing,solve_ivp_default,solve_ivp_default,,,0.48080133555926546,2.3463702214831277,-2.2655562602550114,2.349694305741985,-2.2739630207930754,0.0033240842588573294,0.008406760538063995,0.008406760538063995,-0.0541880616850835,1.3403269996181264,-0.051110180616752654,1.3491320248891268,0.0030778810683308455,0.008805025271000355,0.009327476716333539,0.008805025271000355,21.97719262632485,0.0029328355881474977,-0.0029328355881474977,-0.00013343124875376595,22.036952244474246,0.056826782561248734,0.056826782561248734,0.002585371164496662
higher_energy_wide_swing,solve_ivp_default,solve_ivp_default,,,0.48414023372287146,2.3429103315652124,-2.261391866337313,2.3461814388176916,-2.2698665289970625,0.003271107252479144,0.008474662659749388,0.008474662659749388,-0.05442936187417058,1.3346477253721294,-0.05128933676184344,1.3434974158694089,0.0031400251123271383,0.008849690497279461,0.009390249176868709,0.008849690497279461,21.977690344646923,0.0024351172660743714,-0.0024351172660743714,-0.00011078723232467098,22.036214967178537,0.056089505265539685,0.056089505265539685,0.0025518282578837494
higher_energy_wide_swing,solve_ivp_default,solve_ivp_default,,,0.48747913188647746,2.3393843799190854,-2.2571622005962846,2.342603020242791,-2.265704470686161,0.003218640323705557,0.008542270089876514,0.008542270089876514,-0.054661313838427095,1.3288510730460557,-0.05146072622620523,1.3377460326884003,0.0032005876122218613,0.008894959642344658,0.00945325701028213,0.008894959642344658,21.978206384055955,0.0019190778570425948,-0.0019190778570425948,-8.730968621484709e-05,22.03548103405911,0.05535557214611231,0.05535557214611231,0.0025184374967300365
higher_energy_wide_swing,solve_ivp_default,solve_ivp_default,,,0.4908180300500835,2.335792462084711,-2.25286790044429,2.3389595320307652,-2.2614774076536692,0.0031670699460542018,0.008609507209379252,0.008609507209379252,-0.054883426293152904,1.3229366834393286,-0.05162418745570485,1.3318777259383265,0.003259238837448053,0.008941042498997964,0.009516558136659362,0.008941042498997964,21.978739560736884,0.001385901176114146,-0.001385901176114146,-6.305246885490375e-05,22.034754162323217,0.05462870041021972,0.05462870041021972,0.0024853679977796276
higher_energy_wide_swing,solve_ivp_default,solve_ivp_default,,,0.4941569282136895,2.332134667615341,-2.2485096139221263,2.3352514304605796,-2.257185917230385,0.00311676284523843,0.00867630330825886,0.00867630330825886,-0.055095203438540574,1.3169042014858374,-0.05177953212640107,1.3258923428067886,0.003315671312139501,0.00898814132095116,0.009580206712568082,0.00898814132095116,21.9792886110143,0.0008368508986968948,-0.0008368508986968948,-3.807307197345092e-05,22.0340378361815,0.053912374268502816,0.053912374268502816,0.0024527782774453125
higher_energy_wide_swing,solve_ivp_default,solve_ivp_default,,,0.4974958263772955,2.3284110800775126,-2.2440879996990235,2.3314791460766795,-2.252830592284605,0.003068065999166869,0.0087425925855813,0.0087425925855813,-0.05529614557394058,1.3107532769538421,-0.051926545838483995,1.3197897277026982,0.0033695997354565854,0.009036450748856062,0.009644254482005874,0.009036450748856062,21.979852192768043,0.0002732691449551794,-0.0002732691449551794,-1.2432556193944307e-05,22.03333530828105,0.05320984636805193,0.05320984636805193,0.0024208163170066324
higher_energy_wide_swing,solve_ivp_default,solve_ivp_default,,,0.5008347245409015,2.32462177705105,-2.2396037270726445,2.327643083688993,-2.2484120412221227,0.0030213066379429776,0.008808314149478136,0.008808314149478136,-0.055485749730380785,1.304483565143666,-0.05206498884730626,1.3135697228680918,0.003420760883074525,0.009086157724425892,0.009708752093462739,0.009086157724425892,21.9804288872542,0.0003034253412010912,0.0003034253412010912,1.380453181338134e-05,22.032649601483698,0.0525241395706999,0.0525241395706999,0.0023896196435144717
higher_energy_wide_swing,solve_ivp_default,solve_ivp_default,,,0.5041736227045075,2.320766830129064,-2.2350574759690858,2.3237436223729304,-2.2439308879862327,0.0029767922438663774,0.008873412017146975,0.008873412017146975,-0.0556635103213613,1.2980947275827468,-0.05219459683160399,1.3072321689757458,0.003468913489757308,0.00913744139299899,0.009773750355411762,0.00913744139299899,21.981017201365574,0.0008917394525767008,0.0008917394525767008,4.0570262172611365e-05,22.031983510986827,0.05185804907382874,0.05185804907382874,0.0023593154262785258
higher_energy_wide_swing,solve_ivp_default,solve_ivp_default,,,0.5075125208681135,2.316846304917952,-2.230449936942875,2.319781115469383,-2.239387772057727,0.0029348105514306333,0.00893783511485191,0.00893783511485191,-0.055828919811940714,1.2915864327176103,-0.05231508169901555,1.3007769057125174,0.0035138381129251606,0.00919047299490705,0.009839301405788991,0.00919047299490705,21.98161557036549,0.0014901084524936437,0.0014901084524936437,6.779344617826193e-05,22.03133960678361,0.051214144870613154,0.051214144870613154,0.002330020588797669
higher_energy_wide_swing,solve_ivp_default,solve_ivp_default,,,0.5108514190317196,2.312860261037398,-2.2257818111769745,2.3157558905847226,-2.2347833484548967,0.0028956295473245852,0.00900153727792219,0.00900153727792219,-0.05598146940610271,1.2849583566023441,-0.05242613242899008,1.294203772348319,0.003555336977112633,0.009245415745974928,0.00990545977412182,0.009245415745974928,21.982222361127718,0.002096899214720338,0.002096899214720338,9.539978369795159e-05,22.030720236458674,0.05059477454567585,0.05059477454567585,0.0023018419359500976
higher_energy_wide_swing,solve_ivp_default,solve_ivp_default,,,0.5141903171953256,2.308808752120373,-2.221053810482778,2.311668249590806,-2.2301182877335313,0.0028594974704327925,0.0090644772507531,0.0090644772507531,-0.05612064975239006,1.2782101835831359,-0.052527415953200096,1.2875126082906267,0.0035932337991899654,0.009302424707490875,0.0099722833179858,0.009302424707490875,21.982835875914915,0.002710414001917627,0.002710414001917627,0.00012331203507524164,22.030127528314907,0.05000206640190896,0.05000206640190896,0.002274876296250091
higher_energy_wide_swing,solve_ivp_default,solve_ivp_default,,,0.5175292153589316,2.3046918258131335,-2.2162666573001144,2.3075184686249695,-2.2253932759869195,0.0028266428118359777,0.009126618686805088,0.009126618686805088,-0.056245951667753924,1.2713416069784513,-0.05261857807353998,1.2807032536244085,0.003627373594213945,0.009361646645957178,0.01003983401833725,0.009361646645957178,21.983454356726956,0.0033288948139578167,0.0033288948139578167,0.00015145021895921848,22.029563394826436,0.04943793291343823,0.04943793291343823,0.0022492106789428444
higher_energy_wide_swing,solve_ivp_default,solve_ivp_default,,,0.5208681135225376,2.3005095237752236,-2.2114210846972426,2.303306798090031,-2.2206090148458486,0.002797274314807474,0.009187930148605972,0.009187930148605972,-0.05635686687957453,1.2643523297544303,-0.052699244417814595,1.2737755496373568,0.003657622461759935,0.009423219882926492,0.010108178621035146,0.009423219882926492,21.98407599024976,0.00395052833676246,0.00395052833676246,0.00017973183745506399,22.029029536412626,0.04890407449962808,0.04890407449962808,0.0022249224457052672
higher_energy_wide_swing,solve_ivp_default,solve_ivp_default,,,0.5242070116861436,2.2962618816794738,-2.206517836370856,2.299033462654292,-2.215766221478604,0.002771580974818111,0.009248385107747836,0.009248385107747836,-0.05645288878576127,1.2572420651950793,-0.0527690214332055,1.2667293393303027,0.0036838673525557697,0.009487274135223434,0.010177389114507994,0.009487274135223434,21.984698913434237,0.0045734515212387805,0.0045734515212387805,0.00020807212994137017,22.02852744552759,0.04840198361459258,0.04840198361459258,0.002202079496700926
higher_energy_wide_swing,solve_ivp_default,solve_ivp_default,,,0.5275459098497496,2.2919489292120003,-2.201557666646081,2.2946986612515334,-2.2108656285909705,0.0027497320395331037,0.009307961944889254,0.009307961944889254,-0.05653351323284428,1.250010537566843,-0.05282749741758652,1.25956446791268,0.003706015815257757,0.009553930345836958,0.010247543036066982,0.009553930345836958,21.985321219734107,0.005195757821109481,0.005195757821109481,0.00023638435686423415,22.028058411059412,0.04793294914641422,0.04793294914641422,0.0021807404707253415
higher_energy_wide_swing,solve_ivp_default,solve_ivp_default,,,0.5308848080133556,2.2875706900722075,-2.1965413404764766,2.29030256708102,-2.205907984426231,0.0027318770088125,0.009366643949754394,0.009366643949754394,-0.05659823931194041,1.2426574827771464,-0.05287424358877835,1.252280783282909,0.0037239957231620657,0.009623300505762655,0.010318723601799843,0.009623300505762655,21.985940966030274,0.005815504117276049,0.005815504117276049,0.00026458011476563736,22.02762352303333,0.047498061120332835,0.047498061120332835,0.0021609549591806074
higher_energy_wide_swing,solve_ivp_default,solve_ivp_default,,,0.5342237061769616,2.283127181972785,-2.1914696334440347,2.285845327607497,-2.2008940527651677,0.0027181456347116217,0.009424419321133026,0.009424419321133026,-0.0566465701724469,1.2351826490265,-0.05290881519179136,1.2448781364935644,0.003737754980655539,0.009695487467064279,0.01039101965734912,0.009695487467064279,21.98655618026838,0.006430718355382226,0.006430718355382226,0.0002925696837593274,22.027223677612845,0.0470982156998474,0.0470982156998474,0.0021427637336037435
higher_energy_wide_swing,solve_ivp_default,solve_ivp_default,,,0.5375626043405676,2.27861841663971,-2.1863433317591796,2.281327064561192,-2.1958246129260615,0.0027086479214819548,0.00948128116688185,0.00948128116688185,-0.05667801385331228,1.2275857974537707,-0.052930752644124945,1.2373563822011995,0.003747261209187336,0.009770584747428757,0.010464525449181515,0.009770584747428757,21.987164869835144,0.007039407922146523,0.007039407922146523,0.00032026240861747393,22.02685958239297,0.04673412047997161,0.04673412047997161,0.0021261989864867765
higher_energy_wide_swing,solve_ivp_default,solve_ivp_default,,,0.5409015025041737,2.2740443998122455,-2.181163232260769,2.2767478739378144,-2.1907004597646917,0.0027034741255689276,0.009537227503922718,0.009537227503922718,-0.05669208413169813,1.2198667027742303,-0.05293958271916055,1.2297153791006843,0.003752501412537579,0.009848676326454031,0.010539340218170802,0.009848676326454031,21.98776503069802,0.007639568785023698,0.007639568785023698,0.00034756711458546895,22.026531761979683,0.046406300066685446,0.046406300066685446,0.0021112845851174937
higher_energy_wide_swing,solve_ivp_default,solve_ivp_default,,,0.5442404006677797,2.269405131242941,-2.1759301424160937,2.272107825998555,-2.1855224036743364,0.0027026947556141323,0.00959226125824264,0.00959226125824264,-0.056688301388826745,1.2120251539099929,-0.052934819767687324,1.2219549903439466,0.0037534816211394206,0.009929836433953732,0.0106155676195532,0.009929836433953732,21.98835465733153,0.008229195418532953,0.008229195418532953,0.0003743925589866374,22.02624056384995,0.046115101936951675,0.046115101936951675,0.0020980363381846744
higher_energy_wide_swing,solve_ivp_default,solve_ivp_default,,,0.5475792988313857,2.2647006046976332,-2.170644880320877,2.267406965270087,-2.180291270585772,0.0027063605724535478,0.00964639026489511,0.00964639026489511,-0.05666619349279156,1.2040609546124759,-0.05291596697757717,1.21407508394298,0.0037502265152143943,0.010014129330504051,0.010693314975417053,0.010014129330504051,21.98893175345266,0.008806291539663391,0.008806291539663391,0.00040064791963644015,22.025986164486852,0.04586070257385444,0.04586070257385444,0.0020864622749001836
higher_energy_wide_swing,solve_ivp_default,solve_ivp_default,,,0.5509181969949917,2.259930807955446,-2.1653082746992753,2.2626453105445643,-2.1750079019672746,0.0027145025891184282,0.009699627267999222,0.009699627267999222,-0.05662529669807481,1.1959739240765153,-0.052882517671621,1.206075533157016,0.003742779026453813,0.01010160908050084,0.01077269236802572,0.01010160908050084,21.989494343586486,0.00936888167348826,0.00936888167348826,0.0004262433210275615,22.025768575784426,0.04564311387142794,0.04564311387142794,0.002076562936390786
higher_energy_wide_swing,solve_ivp_default,solve_ivp_default,,,0.5542570951585977,2.255095722808788,-2.159921164903878,2.257822854879624,-2.1696731548246184,0.0027271320708361912,0.009751989920740556,0.009751989920740556,-0.05656515656150263,1.1877638975457843,-0.052833956643518754,1.1979562168637532,0.003731199917983874,0.010192319317968934,0.010853811584296347,0.010192319317968934,21.99004048548224,0.00991502356924201,0.00991502356924201,0.0004510903992073517,22.025587651717387,0.04546218980438965,0.04546218980438965,0.002068331679141969
higher_energy_wide_swing,solve_ivp_default,solve_ivp_default,,,0.5575959933222037,2.2501953250633555,-2.1544844009157065,2.2529395655983833,-2.164287901701076,0.0027442405350277532,0.009803500785369401,0.009803500785369401,-0.056485328874337215,1.1794307269091822,-0.05276976153200452,1.1897170199145546,0.003715567342332693,0.010286293005372427,0.010936784923723377,0.010286293005372427,21.990568283399035,0.010442821486037701,0.010442821486037701,0.000475102906220119,22.02544309527096,0.045317633357960574,0.045317633357960574,0.0020617549902745844
higher_energy_wide_swing,solve_ivp_default,solve_ivp_default,,,0.5609348914858097,2.2452295845381323,-2.1489988433442164,2.247995384289443,-2.158853030677419,0.002765799751310638,0.009854187333202535,0.009854187333202535,-0.05638538061018228,1.1709742812878607,-0.05268940423306956,1.1813578334735437,0.0036959763771127196,0.010383552185682987,0.011021723883902065,0.010383552185682987,21.991075902279423,0.01095044036642534,0.01095044036642534,0.0004981973549423175,22.025334465626607,0.04520900371360881,0.04520900371360881,0.0020568128144648964
higher_energy_wide_swing,solve_ivp_default,solve_ivp_default,,,0.5642737896494157,2.2401984650653866,-2.1434653634272953,2.2429902268068846,-2.153369445371918,0.002791761741498089,0.009904081944622778,0.009904081944622778,-0.056264890888355734,1.1623944476125718,-0.05259235235023363,1.172878555340532,0.0036725385381221054,0.010484107727960268,0.011108737739521455,0.010484107727960268,21.991561582827956,0.011436120914957826,0.011436120914957826,0.0005202937050916408,22.025261185599557,0.045135723686559714,0.045135723686559714,0.002053478892318907
higher_energy_wide_swing,solve_ivp_default,solve_ivp_default,,,0.5676126878130218,2.235101924490675,-2.137884843031264,2.237923983270271,-2.147838064940342,0.0028220587795959595,0.009953221909078103,0.009953221909078103,-0.05612345195235702,1.1536911311910527,-0.05247807068279697,1.1642790902577516,0.003645381269560044,0.010587959066698849,0.011197932032234771,0.010587959066698849,21.992023657511453,0.011898195598455175,0.011898195598455175,0.0005413160911693739,22.025222549324614,0.04509708741161589,0.04509708741161589,0.002051721110043698
higher_energy_wide_swing,solve_ivp_default,solve_ivp_default,,,0.5709515859766278,2.2299399146728405,-2.1322581746508766,2.232796518064648,-2.1422598240759596,0.0028566033918075995,0.01000164942508297,0.01000164942508297,-0.05596067016302875,1.1448642562651528,-0.05234602275199063,1.1555593502003743,0.003614647411038119,0.0106950939352215,0.011289406990153924,0.0106950939352215,21.99246056749644,0.01233510558344264,0.01233510558344264,0.0005611935930400771,22.025217730187023,0.04509226827402557,0.04509226827402557,0.0020515018602674097
higher_energy_wide_swing,solve_ivp_default,solve_ivp_default,,,0.5742904841402338,2.2247123814840113,-2.1265862614093196,2.2276076698405425,-2.1366356730095357,0.0028952883565311893,0.010049411600216107,0.010049411600216107,-0.05577616700598986,1.135913766557442,-0.05219567236492062,1.1467192546508258,0.003580494641069243,0.010805488093383886,0.011383255896754079,0.010805488093383886,21.99287088053893,0.012745418625932814,0.012745418625932814,0.0005798610498387728,22.02524578899532,0.04512032708232283,0.04512032708232283,0.002052778413867883
higher_energy_wide_swing,solve_ivp_default,solve_ivp_default,,,0.5776293823038398,2.2194192648096043,-2.1208700170582118,2.222357251513963,-2.1309665775093367,0.0029379867043588526,0.010096560451124947,0.010096560451124947,-0.0555695801128947,1.126839625807063,-0.05202648521618769,1.1377587308569421,0.003543094896707011,0.010919105049879141,0.011479563429737535,0.010919105049879141,21.993253309841243,0.013127847928245728,0.013127847928245728,0.0005972599178741526,22.025305682393732,0.045180220480734334,0.045180220480734334,0.002055503302700537
higher_energy_wide_swing,solve_ivp_default,solve_ivp_default,,,0.5809682804674458,2.214060498548321,-2.115110365977606,2.2170450502664005,-2.1252535188811263,0.00298455171807932,0.010143152903520303,0.010143152903520303,-0.055340564296032624,1.1176418182945846,-0.051837930527051324,1.12867771407403,0.0035026337689813003,0.011035895779445415,0.011578403990809323,0.011035895779445415,21.993606733889745,0.013481271976747422,0.013481271976747422,0.0006133391731593012,22.025396271511507,0.04527080959850949,0.04527080959850949,0.0020596247131052284
higher_energy_wide_swing,solve_ivp_default,solve_ivp_default,,,0.5843071786310517,2.208636010612151,-2.1093082431759878,2.211670827544827,-2.119497493968167,0.0030348169326761543,0.010189250792179028,0.010189250792179028,-0.05508879259577848,1.1083203493556613,-0.051629482721975095,1.1194761477909418,0.0034593098738033845,0.011155798435280584,0.011679840047346639,0.011155798435280584,21.993930217287726,0.013804755374728472,0.013804755374728472,0.0006280562592169572,22.025516330847125,0.04539086893412758,0.04539086893412758,0.002065086890098992
higher_energy_wide_swing,solve_ivp_default,solve_ivp_default,,,0.5876460767946577,2.2031457229263696,-2.1034645942902745,2.2062343190616973,-2.11369951515122,0.003088596135327748,0.010234920860945351,0.010234920860945351,-0.0548139573403591,1.0988752458833053,-0.05140062314238392,1.1101539839403058,0.003413334197975182,0.011278738057000526,0.011783920506584339,0.011278738057000526,21.99422303259712,0.014097570684121763,0.014097570684121763,0.0006413780807825657,22.025664557385156,0.04553909547215795,0.04553909547215795,0.0020718305521534794
higher_energy_wide_swing,solve_ivp_default,solve_ivp_default,,,0.5909849749582637,2.1975895514295387,-2.097580375585818,2.2007352347949465,-2.107860610348545,0.00314568336540777,0.010280234762727325,0.010280234762727325,-0.05451577121738094,1.0893065568186127,-0.05115084179744178,1.1007111830930896,0.0033649294199391555,0.011404626274476914,0.011890679142154213,0.011404626274476914,21.99448468320316,0.01435922129016376,0.01435922129016376,0.0006532820440468055,22.025839579943508,0.045714118030510065,0.045714118030510065,0.0020797933164541376
higher_energy_wide_swing,solve_ivp_default,solve_ivp_default,,,0.5943238731218699,2.1919674060735073,-2.0916565539564007,2.1951732589879924,-2.1019818230159015,0.0032058529144851633,0.010325269059500819,0.010325269059500819,-0.054193968356545885,1.0796143536297946,-0.05087963915163485,1.0911477146377293,0.0033143292049110373,0.011533361007934673,0.012000133091673363,0.011533361007934673,21.994714927216222,0.014589465303224358,0.014589465303224358,0.0006637571440847723,22.026039968748847,0.04591450683584952,0.04591450683584952,0.0020889101345399437
higher_energy_wide_swing,solve_ivp_default,solve_ivp_default,,,0.5976627712854758,2.1862791908234103,-2.085694106924241,2.189548050149735,-2.096064212146547,0.0032688593263245913,0.01037010522230597,0.01037010522230597,-0.05384830542294006,1.0697987307794072,-0.05058652794893326,1.0814635569440862,0.0032617774740067995,0.01166482616467901,0.012112281442491261,0.01166482616467901,21.994913802425696,0.014788340512698284,0.014788340512698284,0.0006728051001493788,22.02626424523723,0.04613878332423127,0.04613878332423127,0.0020991137381895396
higher_energy_wide_swing,solve_ivp_default,solve_ivp_default,,,0.6010016694490818,2.1805248036576703,-2.0796940226399885,2.1838592410545545,-2.0901088522712374,0.0033344373968842156,0.010414829631248956,0.010414829631248956,-0.053478562720272405,1.0598598061796753,-0.05027103507327868,1.0716586975125586,0.003207527646993724,0.011798891332883255,0.012227103920856184,0.011798891332883255,21.995081652321588,0.014956190408589976,0.014956190408589976,0.0006804415395401611,22.026510892076928,0.04638543016393015,0.04638543016393015,0.0021103350954163793
higher_energy_wide_swing,solve_ivp_default,solve_ivp_default,,,0.6043405676126878,2.1747041365679958,-2.0736572998827256,2.178106438742315,-2.0841168334582276,0.0034023021743192494,0.010459533575502,0.010459533575502,-0.05308454530339535,1.0497977216358558,-0.04993270344512912,1.0617331331087252,0.0031518418582662244,0.011935411472869362,0.012344559697543719,0.011935411472869362,21.99521915320034,0.015093691287340505,0.015093691287340505,0.0006866972308003766,22.026778363409257,0.04665290149625889,0.04665290149625889,0.0021225038763813564
higher_energy_wide_swing,solve_ivp_default,solve_ivp_default,,,0.6076794657762938,2.168817075559381,-2.067584948059967,2.1722892245183614,-2.078089261313271,0.0034721489589801813,0.01050431325330381,0.01050431325330381,-0.05266608409943141,1.039612643277593,-0.04957109395377124,1.0516868698839406,0.0030949901456601703,0.012074226606347604,0.012464586320579032,0.012074226606347604,21.995327342372835,0.015201880459837724,0.015201880459837724,0.0006916193670586381,22.0270650953023,0.046939633389303737,0.046939633389303737,0.002135548928992257
higher_energy_wide_swing,solve_ivp_default,solve_ivp_default,,,0.6110183639398998,2.1628635006501087,-2.061477987207662,2.1664071539535192,-2.07202725697962,0.0035436533034105544,0.010549269771958247,0.010549269771958247,-0.05222303703679043,1.029304761978263,-0.0491857874250915,1.0415199234823864,0.0030372496116989334,0.012215161504123495,0.012587098783102718,0.012215161504123495,21.995407647494105,0.015282185581106944,0.015282185581106944,0.0006952729004021294,22.02736951641137,0.04724405449837121,0.04724405449837121,0.002149398763907666
higher_energy_wide_swing,solve_ivp_default,solve_ivp_default,,,0.6143572621035058,2.156843285871746,-2.0553374479901914,2.160459756884097,-2.0659319571380257,0.0036164710123509636,0.01059450914783433,0.01059450914783433,-0.051755290181344726,1.0188742937623165,-0.048776386624479584,1.0312323191351238,0.0029789035568651423,0.01235802537280728,0.012711988731746589,0.01235802537280728,21.995461917035918,0.015336455122920256,0.015336455122920256,0.0006977419282476415,22.027690058837766,0.047564596924768665,0.047564596924768665,0.0021639820485642018
higher_energy_wide_swing,solve_ivp_default,solve_ivp_default,,,0.6176961602671118,2.150756299269149,-2.0491643717003694,2.1544465374118857,-2.0598045140067383,0.0036902381427368347,0.010640142306368894,0.010640142306368894,-0.05126275887899967,1.0083214802006766,-0.04834251829450975,1.020824091741774,0.0029202405844899193,0.01250261154109733,0.012839123818192664,0.01250261154109733,21.995492451925784,0.01536699001278663,0.01536699001278663,0.0006991311327778561,22.028025169176125,0.04789970726312731,0.04789970726312731,0.0021792281097816105
higher_energy_wide_swing,solve_ivp_default,solve_ivp_default,,,0.6210350584307179,2.1446024029004582,-2.0429598102594433,2.1483669739041567,-2.053646095341505,0.003764571003698425,0.010686285082061708,0.010686285082061708,-0.050745388903873256,0.997646588794262,-0.04788383522703765,1.0102952859405099,0.0028615536768356042,0.012648697146247834,0.01296834719395303,0.012648697146247834,21.9955020383783,0.01537657646530377,0.01537657646530377,0.0006995672746248965,22.02837331973717,0.04824785782417251,0.04824785782417251,0.0021950674443499446
higher_energy_wide_swing,solve_ivp_default,solve_ivp_default,,,0.6243739565943239,2.138381452837102,-2.036724826217093,2.1422205189936636,-2.047457884435574,0.00383906615656171,0.01073305821848125,0.01073305821848125,-0.05020315761127725,0.986849913345753,-0.04740001836931673,0.999645956167146,0.0028031392419605172,0.012796042821393017,0.013099477145930013,0.012796042821393017,21.99549398194766,0.015368520034662936,0.015368520034662936,0.0006992007421110219,22.028733019930762,0.04860755801776406,0.04860755801776406,0.002211432236908333
higher_energy_wide_swing,solve_ivp_default,solve_ivp_default,,,0.6277128547579299,2.132093299163795,-2.030460492751431,2.136006599578642,-2.041241080119691,0.003913300414847054,0.010780587368260264,0.010780587368260264,-0.049636075094659615,0.9759317743197404,-0.04689077896373317,0.9888761667041447,0.0027452961309264445,0.012944392384404257,0.01323230686796156,0.012944392384404257,21.99547214283314,0.015346680920142575,0.015346680920142575,0.0006982071574948556,22.02910282778962,0.048977365876623935,0.048977365876623935,0.0022282568842244125
higher_energy_wide_swing,solve_ivp_default,solve_ivp_default,,,0.6310517529215359,2.1257377859785382,-2.0241678936690035,2.1297246168228092,-2.0349968967621006,0.003986830844270983,0.01082900309309709,0.01082900309309709,-0.04904418534565236,0.9648925191914333,-0.046355860720721065,0.9779859917204892,0.002688324624931293,0.013093472529055905,0.013366604361547985,0.013093472529055905,21.99544097247317,0.01531551056017122,0.01531551056017122,0.0006967890418419051,22.029481361610586,0.0493558996975878,0.0493558996975878,0.0022454785248205863
higher_energy_wide_swing,solve_ivp_default,solve_ivp_default,,,0.6343906510851419,2.11931475139262,-2.017848123404789,2.1233739461553642,-2.028726564268546,0.004059194762744411,0.010878440863757,0.010878440863757,-0.04842756741634102,0.9537325227841342,-0.045795042024412425,0.9669755153034236,0.0026325253919285974,0.013242992519289398,0.013502112457134393,0.013242992519289398,21.99540555146722,0.015280089554220666,0.015280089554220666,0.0006951775403055771,22.02986731168504,0.04974184977204388,0.04974184977204388,0.0022630375726579084
higher_energy_wide_swing,solve_ivp_default,solve_ivp_default,,,0.6377295492487479,2.1128240275306145,-2.011502287022199,2.1169539372709876,-2.022431328082269,0.004129909740373083,0.010929041060069977,0.010929041060069977,-0.0477863365828487,0.9424521875957346,-0.04520813817054958,0.9558448314831665,0.0025781984122991153,0.013392643887431888,0.013638548945864746,0.013392643887431888,21.995371628869243,0.015246166956245588,0.015246166956245588,0.0006936342098075844,22.030259452084863,0.05013399017186515,0.05013399017186515,0.0022808782533446847
higher_energy_wide_swing,solve_ivp_default,solve_ivp_default,,,0.6410684474123539,2.1062654405303824,-2.005131500213078,2.1104639141298422,-2.0161124491840106,0.0041984735994597955,0.010980948970932491,0.010980948970932491,-0.047120645509304615,0.9310519441144982,-0.044595003636166086,0.9445940442517952,0.002525641873138529,0.013542100137296953,0.013775606810588375,0.013542100137296953,21.99534566290093,0.015220200987933197,0.015220200987933197,0.000692452871313526,22.03065665246351,0.050531190550511695,0.050531190550511695,0.00229894914103524
higher_energy_wide_swing,solve_ivp_default,solve_ivp_default,,,0.6444073455759599,2.0996388105430714,-1.9987368892977029,2.103903174957572,-2.0097712040920097,0.004264364414500399,0.011034314794306832,0.011034314794306832,-0.04643068541124695,0.9195322511244645,-0.043955534380522465,0.9332232675775927,0.0024751510307244873,0.013691016453128202,0.0139129545440472,0.013691016453128202,21.995334863138254,0.015209401225256158,0.015209401225256158,0.0006919615291373517,22.031057889824872,0.050932427911874356,0.050932427911874356,0.002317203693861061
higher_energy_wide_swing,solve_ivp_default,solve_ivp_default,,,0.6477462437395659,2.092943400907083,-1.9923184082695131,2.0972709922453037,-2.0034088848620053,0.004327591338220582,0.011090476592492182,0.011090476592492182,-0.04571689650365374,0.9078920391645975,-0.04328967017676255,0.9217326254162568,0.0024272263268911853,0.013840586251659293,0.014051806127027723,0.013840586251659293,21.995323524290704,0.015198062377706378,0.015198062377706378,0.0006914456609468163,22.031462260204,0.05133679829100046,0.05133679829100046,0.0023356007853529543
higher_energy_wide_swing,solve_ivp_default,solve_ivp_default,,,0.651085141903172,2.086177834652258,-1.9858763906995984,2.0905666127496443,-1.997026799087233,0.004388778097386137,0.011150408387634592,0.011150408387634592,-0.04497928354854708,0.8961300335751783,-0.042597396973726775,0.9101222517204619,0.002381886574820302,0.01399221814528362,0.014193503876087588,0.01399221814528362,21.99529152955398,0.015166067640983272,0.015166067640983272,0.0006899900397412618,22.031868990194482,0.05174352828148443,0.05174352828148443,0.0023541052288871254
higher_energy_wide_swing,solve_ivp_default,solve_ivp_default,,,0.654424040066778,2.0793410251380275,-1.9794127481419894,2.0837892574926844,-1.9906262698984294,0.004448232354656856,0.01121352175643997,0.01121352175643997,-0.04421742382297178,0.8842466619171572,-0.04187874928734803,0.8983922904494035,0.0023386745356237526,0.014145628532246324,0.014337649917468213,0.014145628532246324,21.995243667976286,0.015118206063288397,0.015118206063288397,0.0006878125463608074,22.032277448247157,0.05215198633415952,0.05215198633415952,0.0023726882917264555
higher_energy_wide_swing,solve_ivp_default,solve_ivp_default,,,0.657762938230384,2.07243187385961,-1.9729293840522244,2.076938121761995,-1.9842086359638285,0.004506247902384963,0.01127925191160406,0.01127925191160406,-0.04343098219445218,0.8722423550556015,-0.04113381262101701,0.886542895580024,0.002297169573435176,0.014300540524422423,0.01448386852121229,0.014300540524422423,21.99518446517277,0.015059003259771941,0.015059003259771941,0.0006851190765888062,22.032687155652525,0.052561693739527016,0.052561693739527016,0.002391328194673208
higher_energy_wide_swing,solve_ivp_default,solve_ivp_default,,,0.66110183639399,2.0654492701410923,-1.9664281928138245,2.0700123751106294,-1.977775251489163,0.004563104969537157,0.011347058675338584,0.011347058675338584,-0.04261971317278768,0.8601175457886263,-0.04036272591429424,0.874574231121784,0.002256987258493437,0.014456685333157693,0.014631805845723161,0.014456685333157693,21.995118143027014,0.014992681114016193,0.014992681114016193,0.0006821017077448171,22.03309779710689,0.05297233519389266,0.05297233519389266,0.0024100105927822267
higher_energy_wide_swing,solve_ivp_default,solve_ivp_default,,,0.664440734557596,2.058392091135432,-1.9599110597382943,2.0630111613571227,-1.9713274862176648,0.004619070221690613,0.011416426479370578,0.011416426479370578,-0.04178346270009603,0.8478726686350051,-0.039565684019306824,0.8624864711369274,0.0022177786807892064,0.014613802501922346,0.014781128706636545,0.014613802501922346,21.99504860202582,0.014923140112820477,0.014923140112820477,0.0006789378949942386,22.033509230747434,0.053383768834436296,0.053383768834436296,0.0024287290319129117
higher_energy_wide_swing,solve_ivp_default,solve_ivp_default,,,0.667779632721202,2.051259201824456,-1.9533798610651212,2.055933598585492,-1.9648667254300642,0.0046743967610356485,0.011486864364943061,0.011486864364943061,-0.040922169928024554,0.8355081596332573,-0.03874294020415403,0.8502797997683365,0.002179229723870524,0.014771640135079145,0.014931523514688037,0.014771640135079145,21.994979407688028,0.014853945775030297,0.014853945775030297,0.0006757898539191283,22.03392149752625,0.05379603561325297,0.05379603561325297,0.0024474853752072686
higher_energy_wide_swing,solve_ivp_default,solve_ivp_default,,,0.671118530884808,2.0440494550188606,-1.946836463961776,2.0487787791452354,-1.9583943699445907,0.004729324126374834,0.011557905982814809,0.011557905982814809,-0.04003586898190359,0.8230244561558255,-0.03789480868260686,0.8379544112771902,0.0021410602992967265,0.014929955121364635,0.015082695353655683,0.014929955121364635,21.994913780049114,0.014788318136115919,0.014788318136115919,0.0006728040821123159,22.034334829775524,0.05420936786252639,0.05420936786252639,0.002466290192768007
higher_energy_wide_swing,solve_ivp_default,solve_ivp_default,,,0.674457429048414,2.036761691358211,-1.940282726523712,2.041545769651333,-1.9519118361169714,0.004784078293122107,0.011629109593259468,0.011629109593259468,-0.03912469071160829,0.8104219967420165,-0.03702166716936728,0.825510510092778,0.0021030235422410115,0.015088513350761446,0.015234367172788187,0.015088513350761446,21.994854585389604,0.014729123476605821,0.014729123476605821,0.0006701109828571425,22.034749658798,0.0546241968850012,0.0546241968850012,0.002485163106991978
higher_energy_wide_swing,solve_ivp_default,solve_ivp_default,,,0.6777963272120201,2.0293947393109417,-1.9337204977743656,2.0342336109842476,-1.9454205558404332,0.004838871673305878,0.011700058066067553,0.011700058066067553,-0.038188864428896685,0.7977012209534569,-0.036123959460113375,0.8129483108769664,0.00206490496878331,0.015247089923509538,0.01538627907148743,0.015247089923509538,21.994804329608215,0.01467886769521698,0.01467886769521698,0.0006678245636337433,22.035166621296483,0.055041159383485194,0.055041159383485194,0.002504133085084529
higher_energy_wide_swing,solve_ivp_default,solve_ivp_default,,,0.6811352253756261,2.021947415174358,-1.9271516176651569,2.0268413182899225,-1.938921976545701,0.004893903115564591,0.01177035888054423,0.01177035888054423,-0.03722871963099483,0.7848625692558899,-0.03520219803553082,0.8002680386059313,0.0020265215954640148,0.01540546935004139,0.015538187657250981,0.01540546935004139,21.994765152838458,0.014639690925459803,0.014639690925459803,0.0006660421911980145,22.035586564434166,0.05546110252116776,0.05546110252116776,0.0025232386692819546
higher_energy_wide_swing,solve_ivp_default,solve_ivp_default,,,0.6844741235392321,2.014418523074634,-1.920577917075488,2.019367880979784,-1.9324175612009993,0.004949357905150276,0.011839644125511306,0.011839644125511306,-0.03624468771018363,0.7719064829311956,-0.034256966688493096,0.7874699286719524,0.001987721021690536,0.015563445740756854,0.015689865461040547,0.015563445740756854,21.994738825089257,0.014613363176259497,0.014613363176259497,0.000664844393248866,22.036010549295533,0.05588508738253495,0.05588508738253495,0.0025425281343080695
higher_energy_wide_swing,solve_ivp_default,solve_ivp_default,,,0.6878130217028381,2.006806854966812,-1.914001217812745,2.011812262730739,-1.9259087883120505,0.0050054077639267724,0.011907570499305464,0.011907570499305464,-0.035237303649138685,0.7588334040236044,-0.03328892317351473,0.7745542270081771,0.0019483804756239564,0.01572082298457267,0.015841100397070304,0.01572082298457267,21.99472674285625,0.014601280943253414,0.014601280943253414,0.0006642947042570075,22.036439852492027,0.056314390579029094,0.056314390579029094,0.0025620595604247238
higher_energy_wide_swing,solve_ivp_default,solve_ivp_default,,,0.6911519198664441,1.9991111906348058,-1.9074233326122962,2.0041734014851773,-1.9193971519220758,0.005062210850371507,0.011973819309779588,0.011973819309779588,-0.034207207701765996,0.7456437753241323,-0.032298801877568506,0.761521190239448,0.00190840582419749,0.01587741491531569,0.01599169525669246,0.01587741491531569,21.994729926799284,0.014604464886286195,0.014604464886286195,0.0006644395598010897,22.036875965632582,0.056750503719584344,0.056750503719584344,0.0025819008093434775
higher_energy_wide_swing,solve_ivp_default,solve_ivp_default,,,0.6944908180300501,1.9913302976913971,-1.9008460651374937,1.9964502094509693,-1.9128841616117953,0.00511991175957216,0.012038096474301652,0.012038096474301652,-0.03315514705924705,0.7323380403973297,-0.0312874165113044,0.7483710858624129,0.0018677305479426476,0.016033045465083107,0.016141467228388506,0.016033045465083107,21.99474902071333,0.014623558800330727,0.014623558800330727,0.0006653082497490892,22.037320592351733,0.057195130438735475,0.057195130438735475,0.0026021293890174913
higher_energy_wide_swing,solve_ivp_default,solve_ivp_default,,,0.6978297161936561,1.9834629315782377,-1.8942712099796721,1.9886415731014682,-1.9063713424994282,0.005178641523230443,0.012100132519756057,0.012100132519756057,-0.03208197750099817,0.7189166436545105,-0.030255662819675844,0.7351041924583311,0.0018263146813223274,0.016187548803820673,0.016290247438000737,0.016187548803820673,21.994784292133893,0.014658830220895425,0.014658830220895425,0.0006669129458017034,22.037775642562067,0.05765018064906968,0.05765018064906968,0.002622832192153111
higher_energy_wide_swing,solve_ivp_default,solve_ivp_default,,,0.7011686143572621,1.975507835565849,-1.887700552658149,1.9807463531755083,-1.8998602352406913,0.00523851760965921,0.012159682582542297,0.012159682582542297,-0.030988665030219464,0.7053800304776863,-0.029204521310918774,0.7217207999421184,0.0017841437193006904,0.01634076946443208,0.016437880505127053,0.01634076946443208,21.994835635014027,0.014710173101029511,0.014710173101029511,0.0006692488232844345,22.038243223570156,0.058117761657157985,0.058117761657157985,0.002644105092023429
higher_energy_wide_swing,solve_ivp_default,solve_ivp_default,,,0.7045075125208682,1.967463740753621,-1.881135869620225,1.9727633846774058,-1.893352396028801,0.00529964392378468,0.012216526408576067,0.012216526408576067,-0.02987628749367255,0.6917286473984985,-0.028135060002780432,0.7082212098513729,0.0017412274908921166,0.01649256245287445,0.01658422411320477,0.01649256245287445,21.9949025749872,0.01477711307420293,0.01477711307420293,0.0006722943005857089,22.038725627668857,0.058600165755859024,0.058600165755859024,0.0026660523779721353
higher_energy_wide_swing,solve_ivp_default,solve_ivp_default,,,0.7078464106844742,1.9593293660698148,-1.8745789282411844,1.9646914768769594,-1.8868493965944726,0.00536211080714466,0.012270468353288155,0.012270468353288155,-0.028746036185301693,0.6779629423365021,-0.027048437184842622,0.6946057356792744,0.0016975990004590713,0.0166427933427723,0.016729148592100725,0.0166427933427723,21.994984277789797,0.01485881587679927,0.01485881587679927,0.0006760114223436312,22.039225315793132,0.05909985388013439,0.05909985388013439,0.0026887860118242814
higher_energy_wide_swing,solve_ivp_default,solve_ivp_default,,,0.7111853088480802,1.951103418271559,-1.868031486824294,1.9565294133094486,-1.8803528242059195,0.005425995037889653,0.012321337381625552,0.012321337381625552,-0.027599217433259216,0.6640833649012072,-0.025945904195710967,0.6808747032554278,0.0016533132375482484,0.01679133835422053,0.01687253651314377,0.01679133835422053,21.995079561457075,0.014954099544077337,0.014954099544077337,0.0006803464143091309,22.039744896802638,0.05961943488964039,0.05961943488964039,0.002712424685334418
higher_energy_wide_swing,solve_ivp_default,solve_ivp_default,,,0.7145242070116862,1.9427845919448528,-1.8614952946008034,1.9482759517756354,-1.8738642816688542,0.005491359830782638,0.012368987068050785,0.012368987068050785,-0.026437254169857538,0.6500903667623656,-0.02482880821378941,0.6670284511789124,0.0016084459560681275,0.01693808441654676,0.017014282297401092,0.01693808441654676,21.995186912928503,0.015061451015505156,0.015061451015505156,0.0006852304388163539,22.04028710193353,0.06016164002053159,0.06016164002053159,0.0027370926578548995
higher_energy_wide_swing,solve_ivp_default,solve_ivp_default,,,0.7178631051752922,1.934371569504565,-1.854972091729946,1.9399298243417629,-1.867385387326487,0.005558254837197962,0.01241329559654103,0.01241329559654103,-0.025261687483910666,0.635984402093023,-0.023698595060274052,0.6530673313079596,0.001563092423636614,0.017082929214936593,0.017154291838702183,0.017082929214936593,21.99530450970188,0.015179047788883793,0.015179047788883793,0.0006905805799510079,22.04085475394419,0.060729292031190596,0.060729292031190596,0.002762918352600938
higher_energy_wide_swing,solve_ivp_default,solve_ivp_default,,,0.7212020033388982,1.9258630211944328,-1.848463609298937,1.9314897373395568,-1.8609177750595287,0.005626716145124,0.012454165760591662,0.012454165760591662,-0.024074178154868897,0.6217659280899273,-0.022556812012931693,0.6389917093108846,0.0015173661419372042,0.017225781220957304,0.01729248214343397,0.017225781220957304,21.995430247160794,0.015304785247796104,0.015304785247796104,0.0006963010868302879,22.04145073046811,0.061325268555112444,0.061325268555112444,0.00279003268936642
higher_energy_wide_swing,solve_ivp_default,solve_ivp_default,,,0.7245409015025042,1.9172576050870638,-1.841971569322976,1.9229543713662234,-1.8544630942861868,0.005696766279159604,0.012491524963210932,0.012491524963210932,-0.022876508168079623,0.607435405575943,-0.021405110629141078,0.6248019652830621,0.0014713975389385459,0.01736655970711909,0.017428780989458978,0.01736655970711909,21.99556177216718,0.015436310254180796,0.015436310254180796,0.000702284901918723,22.04207792108126,0.06195245916826053,0.06195245916826053,0.0028185671312755383
higher_energy_wide_swing,solve_ivp_default,solve_ivp_default,,,0.7278797996661102,1.908553967083935,-1.8354976847452447,1.914322381284452,-1.8480230099621693,0.005768414200516991,0.012525325216924621,0.012525325216924621,-0.021670582210435496,0.5929932996891594,-0.020245249576580027,0.6104984944349602,0.0014253326338554695,0.01750519474580081,0.01756312660677323,0.01750519474580081,21.99569652346059,0.015571061547593246,0.015571061547593246,0.0007084154990186325,22.042739177594473,0.06261371568147567,0.06261371568147567,0.0028486514233038505
higher_energy_wide_swing,solve_ivp_default,solve_ivp_default,,,0.7312186978297163,1.8997507409153922,-1.829043659436908,1.9055923962224128,-1.8415992025806813,0.005841655307020632,0.012555543143773384,0.012555543143773384,-0.020458429145579493,0.5784400806634429,-0.019079097469848927,0.5960817078563891,0.0013793316757305663,0.017641627192946263,0.017695467382541064,0.017641627192946263,21.995831779337962,0.01570631742496431,0.01570631742496431,0.0007145690524915385,22.04343725709454,0.06331179518154073,0.06331179518154073,0.002880411000894738
higher_energy_wide_swing,solve_ivp_default,solve_ivp_default,,,0.7345575959933223,1.8908465481406513,-1.822611188197114,1.8967630195737588,-1.835193368172428,0.005916471433107473,0.012582179975313856,0.012582179975313856,-0.019242203467751517,0.5637762247052376,-0.017908635711209486,0.5815520333623714,0.0013335677565420312,0.017775808657133796,0.017825761593164017,0.017775808657133796,21.995964713004145,0.015839251091147588,0.015839251091147588,0.0007206169554670526,22.044174757283596,0.064049295370598,0.064049295370598,0.0029139640481844454
higher_energy_wide_swing,solve_ivp_default,solve_ivp_default,,,0.7378964941569283,1.8818399981477973,-1.8162019567529943,1.8878328289976234,-1.8288072183056125,0.005992830849826047,0.012605261552618208,0.012605261552618208,-0.01802418673325079,0.549002214971448,-0.016735961333503413,0.5669099164261806,0.001288225399747378,0.01790770145473264,0.01795397716586461,0.01790770145473264,21.996092455883083,0.015966993970085497,0.015966993970085497,0.0007264287002252553,22.04495404370644,0.0648285817934422,0.0648285817934422,0.0029494181871607917
higher_energy_wide_swing,solve_ivp_default,solve_ivp_default,,,0.7412353923205343,1.8727296881537852,-1.8098176417596625,1.8788003764186232,-1.822442480085937,0.006070688264838031,0.012624838326274368,0.012624838326274368,-0.016806788968385722,0.5341185426532986,-0.015563289843190331,0.5521558212053422,0.0012434991251953909,0.018037278552043623,0.01808009147206879,0.018037278552043623,21.99621216906501,0.01608670715201299,0.01608670715201299,0.0007318751287333606,22.04577716851361,0.0656517066006117,0.0656517066006117,0.002986866781737552
higher_energy_wide_swing,solve_ivp_default,solve_ivp_default,,,0.7445742904841403,1.8635142032044383,-1.8034599108002158,1.8696641880268552,-1.8161008961566016,0.00614998482241691,0.012640985356385803,0.012640985356385803,-0.01559255005265181,0.5191257081711037,-0.014392958061310357,0.5372902316665498,0.0011995919913414532,0.01816452349544606,0.018204091154526297,0.01816452349544606,21.99632112293538,0.016195661022383234,0.016195661022383234,0.0007368320554151048,22.04664578048514,0.06652031857214169,0.06652031857214169,0.0030263848442270095
higher_energy_wide_swing,solve_ivp_default,solve_ivp_default,,,0.7479131886477463,1.8541921161744503,-1.7971304223857345,1.8604227642778992,-1.8097842246983062,0.006230648103448866,0.012653802312571738,0.012653802312571738,-0.014384141075757473,0.5040242224849144,-0.013227426960026878,0.5223136528156782,0.001156714115730595,0.0182894303307638,0.01832597198975796,0.0182894303307638,21.99641678488915,0.016291322976151434,0.016291322976151434,0.0007411842577687248,22.047561026140432,0.06743556422743424,0.06743556422743424,0.003068024536269645
higher_energy_wide_swing,solve_ivp_default,solve_ivp_default,,,0.7512520868113522,1.8447619877673844,-1.7908308259552819,1.8510745798928165,-1.8034942394292495,0.006312592125432115,0.0126634134739676,0.0126634134739676,-0.013184365666964903,0.4888146085260533,-0.012069284492253196,0.5072266120392552,0.0011150811747117073,0.018412003513201936,0.018445738786949058,0.018412003513201936,21.996496914878804,0.016371452965806554,0.016371452965806554,0.0007448298233863537,22.04852344188435,0.06839797997135122,0.06839797997135122,0.0031118102619509948
higher_energy_wide_swing,solve_ivp_default,solve_ivp_default,,,0.7545909849749582,1.8352223665156726,-1.7845627618759037,1.8416180838581497,-1.7972327296051271,0.006395717342477125,0.012669967729223464,0.012669967729223464,-0.011996161295069419,0.4734974027545751,-0.010921248411691842,0.49202966056396386,0.0010749128833775767,0.018532257809388775,0.01856340532392972,0.018532257809388775,21.996559668379152,0.016434206466154677,0.016434206466154677,0.0007476848344033227,22.04953283729302,0.06940737538002395,0.06940737538002395,0.0031577333578142013
higher_energy_wide_swing,solve_ivp_default,solve_ivp_default,,,0.7579298831385642,1.8255717887806169,-1.7783278614426297,1.8320516994259244,-1.7910015000191355,0.006479910645307507,0.01267363857650583,0.01267363857650583,-0.010822600537167215,0.45807315684773087,-0.009786169080434726,0.4767233750409547,0.0010364314567324895,0.018650218193223822,0.018678994320341806,0.018650218193223822,21.996603706175932,0.016478244262934538,0.016478244262934538,0.0007496883624021127,22.05058816982543,0.07046270791243359,0.07046270791243359,0.0032057463927824643
higher_energy_wide_swing,solve_ivp_default,solve_ivp_default,,,0.7612687813021703,1.8158087787523882,-1.7721277468784715,1.822373824113646,-1.7848023710019683,0.006565045361257793,0.012674624123496736,0.012674624123496736,-0.009666892314193265,0.44254243952452327,-0.008667032261075458,0.4613083592619228,0.000999860053117807,0.01876591973739955,0.018792537447517372,0.01876591973739955,21.99662831020119,0.01650284828819082,0.01650284828819082,0.0007508077384174551,22.0516874114611,0.07156194954810147,0.07156194954810147,0.0032557571007546565
higher_energy_wide_swing,solve_ivp_default,solve_ivp_default,,,0.7646076794657763,1.8059318484500277,-1.7659640313344251,1.8125828297043038,-1.778637178421819,0.0066509812542761,0.012673147087393755,0.012673147087393755,-0.00853238309101656,0.4269058385114829,-0.0075669618900731095,0.44578524601413927,0.0009654212009434504,0.018879407502656376,0.01890407537401893,0.018879407502656376,21.996633504447402,0.01650804253440441,0.01650804253440441,0.0007510440540027593,22.05282740801215,0.07270194609915137,0.07270194609915137,0.003307621979916756
higher_energy_wide_swing,solve_ivp_default,solve_ivp_default,,,0.7679465776293823,1.7959394977214456,-1.7598383188894686,1.8026770622463677,-1.7725077736843793,0.006737564524922135,0.012669454794910662,0.012669454794910662,-0.007422558038678639,0.4111639626547908,-0.006489222828879426,0.43015469908178383,0.0009333352097992131,0.018990736426993005,0.01901365784517461,0.018990736426993005,21.99662017979536,0.01649471788236312,0.01649471788236312,0.0007504378403546899,22.054003732138106,0.07387827022510862,0.07387827022510862,0.0033611396055552253
higher_energy_wide_swing,solve_ivp_default,solve_ivp_default,,,0.7712854757929883,1.785830214243421,-1.7537522045505636,1.7926548420537896,-1.7664160237328395,0.006824627810368522,0.012663819182275882,0.012663819182275882,-0.006341042156149945,0.3953174441839068,-0.005437223589095597,0.4144174154011549,0.0009038185670543486,0.019099971217248102,0.019121343794353422,0.019099971217248102,21.99659022139062,0.01646475947762127,0.01646475947762127,0.0007490748633874401,22.05521053140558,0.07508506949258376,0.07508506949258376,0.0034160437174342168
higher_energy_wide_swing,solve_ivp_default,solve_ivp_default,,,0.7746243739565943,1.7756024735216034,-1.747707274252654,1.7825144637060029,-1.7603638110478883,0.006911990184399475,0.012656536795234263,0.012656536795234263,-0.005291601348746733,0.37936694113185143,-0.004414519027667763,0.39857412737750353,0.0008770823210789702,0.019207186245652097,0.01922720148313624,0.019207186245652097,21.996546637000346,0.016421175087348416,0.016421175087348416,0.0007470919634104413,22.056440373078274,0.07631491116527656,0.07631491116527656,0.0034719961584165878
higher_energy_wide_swing,solve_ivp_default,solve_ivp_default,,,0.7779632721202003,1.7652547388905109,-1.7417051048586674,1.7722541960479232,-1.7543530336477144,0.006999457157412348,0.01264792878904708,0.01264792878904708,-0.004278143460110129,0.36331313991730396,-0.0034248130078429195,0.3826256053714361,0.0008533304522672092,0.01931246545413212,0.019331308666973718,0.01931246545413212,21.996493684579946,0.01636822266694793,0.01636822266694793,0.0007446828588540437,22.05768408769388,0.07755862578088113,0.07755862578088113,0.003528579757894201
higher_energy_wide_swing,solve_ivp_default,solve_ivp_default,,,0.7813021702838063,1.7547854615135317,-1.7357472641595144,1.7618722821899482,-1.7483856050880036,0.007086820676416528,0.012638340928489145,0.012638340928489145,-0.003304719254392907,0.34715675809366586,-0.0024719610213156384,0.36657266036300384,0.0008327582330772687,0.01941590226933798,0.019433752782394904,0.01941590226933798,21.99643699707702,0.016311535164021507,0.016311535164021507,0.0007421038243064634,22.05893061387617,0.07880515196317361,0.07880515196317361,0.003585291271413651
higher_energy_wide_swing,solve_ivp_default,solve_ivp_default,,,0.7846410684474123,1.7441930803829233,-1.7298353108740885,1.7513669395079559,-1.7424634544619413,0.0071738591250325445,0.012628143587852803,0.012628143587852803,-0.0023755233450268864,0.3308985472702278,-0.0015599727666656404,0.35041614680179356,0.000815550578361246,0.019517599531565732,0.019534631151379343,0.019517599531565732,21.996383702303056,0.01625824039005863,0.01625824039005863,0.0007396791441536943,22.060166847236975,0.08004138532397675,0.08004138532397675,0.003641534506373582
higher_energy_wide_swing,solve_ivp_default,solve_ivp_default,,,0.7879799666110184,1.7334760223198118,-1.7239707946492655,1.7407363596433079,-1.7365885264002112,0.007260337323496069,0.012617731750945715,0.012617731750945715,-0.001494895066157853,0.3145392962105624,-0.0006930146788531877,0.3341569656514872,0.0008018803873046654,0.0196176694409248,0.019634051198082852,0.0196176694409248,21.996342535511033,0.01621707359803537,0.01621707359803537,0.0007378062343700539,22.061377496632456,0.08125203471945852,0.08125203471945852,0.003696613782312183
higher_energy_wide_swing,solve_ivp_default,solve_ivp_default,,,0.7913188647746244,1.7226327019741947,-1.718155256059906,1.7299787085028466,-1.730762781070997,0.007346006528651916,0.012607525011090859,0.012607525011090859,-0.000667319282532941,0.29807983411324007,0.0001245875958331144,0.31779606763753465,0.0007919068783660554,0.01971623352429458,0.01973213067280168,0.01971623352429458,21.99632394213354,0.01619848022054171,0.01619848022054171,0.0007369603166556223,22.062544951440863,0.08241948952786515,0.08241948952786515,0.003749727892621953
higher_energy_wide_swing,solve_ivp_default,solve_ivp_default,,,0.7946577629382304,1.711659880471967,-1.7123923307878999,1.7190921262588963,-1.724988194179979,0.007432245786929359,0.012595863392079076,0.012595863392079076,0.00010310025752646723,0.2815214921053065,0.0008883467853664229,0.3013344567067347,0.0007852465278399556,0.019812964601428174,0.019828519319579328,0.019812964601428174,21.99641643255624,0.016290970643243696,0.016290970643243696,0.0007411682281555932,22.0636491639084,0.0835237019954036,0.0835237019954036,0.0037999647517996593
higher_energy_wide_swing,solve_ivp_default,solve_ivp_default,,,0.7979966611018364,1.7005550388532902,-1.7066844817265305,1.7080747273492634,-1.7192667569703375,0.007519688495973176,0.01258227524380695,0.01258227524380695,0.0008117406547878403,0.264865218632076,0.0015936116445192106,0.2847731937076778,0.0007818709897313703,0.01990797507560177,0.01992332286179604,0.01990797507560177,21.996697946400488,0.016572484487490158,0.016572484487490158,0.0007539758822672254,22.064667550950883,0.0845420890378854,0.0845420890378854,0.0038462969278487205
higher_energy_wide_swing,solve_ivp_default,solve_ivp_default,,,0.8013355592654424,1.6893190026266691,-1.7010296696379636,1.6969246004772351,-1.7136004762227515,0.007605597850566026,0.01257080658478782,0.01257080658478782,0.0014527886100254017,0.24811088995486458,0.0022355646811904606,0.2681134003011235,0.0007827760711650589,0.02000251034625894,0.02001782102352263,0.02000251034625894,21.997112389177907,0.016986927264909468,0.016986927264909468,0.0007728312240230063,22.065574920082007,0.08544945816900906,0.08544945816900906,0.0038875782723385845
higher_energy_wide_swing,solve_ivp_default,solve_ivp_default,,,0.8046744574290484,1.6779527176125417,-1.69542561456986,1.6856398086115816,-1.7079913742553987,0.007687090999039858,0.012565759685538636,0.012565759685538636,0.0020204280037923183,0.23125834314159732,0.0028092199638447557,0.2513562631095289,0.0007887919600524373,0.020097919967931588,0.020113393045272758,0.020097919967931588,21.99760804507334,0.01748258316034068,0.01748258316034068,0.0007953814090203614,22.066343424345668,0.08621796243266999,0.08621796243266999,0.003922541870021072
higher_energy_wide_swing,solve_ivp_default,solve_ivp_default,,,0.8080133555926544,1.6664572279806171,-1.6898698245333306,1.6742183889865545,-1.702441488923955,0.007761161005937378,0.012571664390624404,0.012571664390624404,0.0025088607820158426,0.21430738557494572,0.003309421017869796,0.23450303811504175,0.0008005602358539532,0.020195652540096032,0.020211513506205266,0.020195652540096032,21.99813869879838,0.01801323688538048,0.01801323688538048,0.0008195238428731303,22.066942551236263,0.08681708932326515,0.08681708932326515,0.003949799534752482
higher_energy_wide_swing,solve_ivp_default,solve_ivp_default,,,0.8113522537562604,1.6548336762498776,-1.6843595955029347,1.6626583531018864,-1.6969528736215953,0.007824676852008716,0.012593278118660622,0.012593278118660622,0.002912320480756292,0.1972577976331097,0.0037308388191976682,0.21755505531537872,0.0008185183384413763,0.020297257682269032,0.02031375498746586,0.020297257682269032,21.99866378408137,0.01853832216837148,0.01853832216837148,0.000843412936859462,22.06733915058217,0.08721368866917345,0.08721368866917345,0.0039678430780705366
higher_energy_wide_swing,solve_ivp_default,solve_ivp_default,,,0.8146911519198665,1.643083303288576,-1.6788920114166823,1.6509576867227926,-1.6915275972789932,0.007874383434216536,0.012635585862310839,0.012635585862310839,0.003225085932111571,0.18010933517574165,0.004067969894084644,0.2005137236470884,0.0008428839619730732,0.020404388471346735,0.02042179037848981,0.020404388471346735,21.999148509433276,0.01902304752027817,0.01902304752027817,0.000865465829721544,22.067497506217176,0.08737204430417833,0.08737204430417833,0.003975047569932027
higher_energy_wide_swing,solve_ivp_default,solve_ivp_default,,,0.8180300500834725,1.6312074483142394,-1.6734639441760328,1.6391142725138144,-1.6861665512121833,0.007906824199575002,0.012702607036150448,0.012702607036150448,0.003441495161161434,0.16286173181104932,0.004315002466156903,0.1833792737798131,0.0008735073049954689,0.02051754196876379,0.020536127761870394,0.02051754196876379,21.99956394355486,0.019438481641863348,0.019438481641863348,0.0008843662733202414,22.06738834179419,0.08726287988119097,0.08726287988119097,0.003970081064023017
higher_energy_wide_swing,solve_ivp_default,solve_ivp_default,,,0.8213689482470785,1.6192075488936646,-1.668072053645895,1.6271297103397677,-1.6808648758058278,0.007922161446103138,0.012792822159932715,0.012792822159932715,0.0035559594843342923,0.14551470092094027,0.004465124093397277,0.16615002836185971,0.0009091646090629846,0.02063532744091945,0.02065534601211841,0.02063532744091945,21.999887046539136,0.01976158462613853,0.01976158462613853,0.0008990660522107237,22.06705202100258,0.08692655908958358,0.08692655908958358,0.003954779932453492
higher_energy_wide_swing,solve_ivp_default,solve_ivp_default,,,0.8247078464106845,1.6070851409429214,-1.6627127876546273,1.6150081187221466,-1.675615985326075,0.007922977779225127,0.012903197671447764,0.012903197671447764,0.003562977820023905,0.12806793742207012,0.004511370261044312,0.1488252088745839,0.000948392441020407,0.02075727145251377,0.020778926015930847,0.02075727145251377,22.00010063648638,0.01997517457338205,0.01997517457338205,0.0009087834647711582,22.066554014455676,0.086428552542678,0.086428552542678,0.003932122803049545
higher_energy_wide_swing,solve_ivp_default,solve_ivp_default,,,0.8280467445742905,1.594841858727352,-1.6573823819940376,1.6027535575550345,-1.670413283576242,0.00791169882768239,0.013030901582204324,0.013030901582204324,0.0034571512227067336,0.11052111924175458,0.004447078361370482,0.13140407130737167,0.0009899271386637487,0.02088295206561709,0.020906401955255813,0.02088295206561709,22.000193284290905,0.020067822377907163,0.020067822377907163,0.0009129985364587905,22.065951478477704,0.08582601656470601,0.08582601656470601,0.0039047100396867483
higher_energy_wide_swing,solve_ivp_default,solve_ivp_default,,,0.8313856427378965,1.5824794348615698,-1.652076860419384,1.5903700175893032,-1.6652501637566886,0.007890582727733353,0.013173303337304487,0.013173303337304487,0.0032331976522090855,0.09287390848897875,0.004265889672857459,0.11388589512580206,0.0010326920206483736,0.021011986636823313,0.021037348579028496,0.021011986636823313,22.00015913218658,0.020033670273583937,0.020033670273583937,0.0009114447644213012,22.065293389896496,0.08516792798349826,0.08516792798349826,0.00387476987477058
higher_energy_wide_swing,solve_ivp_default,solve_ivp_default,,,0.8347245409015025,1.569999700309461,-1.6467920346493738,1.5778614204326125,-1.6601200084648169,0.00786172012315145,0.01332797381544304,0.01332797381544304,0.002885966990141653,0.07512595230215746,0.00396175058970627,0.09626998246614295,0.001075783599564617,0.021144030163985486,0.021171379783297552,0.021144030163985486,21.999997634159037,0.0198721722460391,0.0198721722460391,0.0009040973073822284,22.064620827196574,0.08449536528357626,0.08449536528357626,0.003844171200477869
higher_energy_wide_swing,solve_ivp_default,solve_ivp_default,,,0.8380634390651085,1.557404584384183,-1.641523504366164,1.565231618549409,-1.655016189695072,0.00782703416522601,0.013492685328907905,0.013492685328907905,0.002410456315885212,0.057276883356862054,0.0035289139316942997,0.07855565696925587,0.0011184576158090875,0.021278773612393817,0.02130814759395731,0.021278773612393817,21.99971321855525,0.01958775664225243,0.01958775664225243,0.0008911576358467086,22.06396731998593,0.0838418580729332,0.0838418580729332,0.003814439467973637
higher_energy_wide_swing,solve_ivp_default,solve_ivp_default,,,0.8414023372287146,1.5446961147481657,-1.6362666572153608,1.5524843952609282,-1.6499320688389416,0.00778828051276248,0.013665411623580814,0.013665411623580814,0.001801825454854744,0.03932632001847587,0.002961940339198166,0.06074226228797873,0.0011601148843434217,0.021415942269502858,0.021447341323239912,0.021415942269502858,21.999314875155545,0.01918941324254675,0.01918941324254675,0.0008730347456750429,22.063359265056132,0.08323380314313411,0.08323380314313411,0.0037867756163339943
higher_energy_wide_swing,solve_ivp_default,solve_ivp_default,,,0.8447412353923206,1.5318764174131114,-1.6310166688060208,1.5396234647451932,-1.6448609966849563,0.007747047332081758,0.013844327878935525,0.013844327878935525,0.0010554128121146311,0.021273866126639118,0.0022556997582519056,0.04282916030192199,0.0012002869461372745,0.021555294175282874,0.021588686753391262,0.021555294175282874,21.998815670628453,0.018690208715455014,0.018690208715455014,0.0008503231133890147,22.06281640577005,0.08269094385705245,0.08269094385705245,0.0037620778826007485
higher_energy_wide_swing,solve_ivp_default,solve_ivp_default,,,0.8480801335559266,1.5189477167399938,-1.6257685027106497,1.5266524720370145,-1.639796313418689,0.007704755297020638,0.014027810708039379,0.014027810708039379,0.00016675150475720102,0.0031191104004228212,0.001405373020611278,0.024815729073513926,0.001238621515854077,0.021696618673091105,0.021731945267395237,0.021696618673091105,21.998232197677034,0.018106735764035875,0.018106735764035875,0.0008237776347278406,22.0623523698985,0.08222690798550047,0.08222690798550047,0.0037409662710061716
higher_energy_wide_swing,solve_ivp_default,solve_ivp_default,,,0.8514190317195326,1.505912335439059,-1.6205169104652029,1.5135749930279905,-1.6347313486227557,0.007662657588931587,0.014214438157552856,0.014214438157552856,-0.0008684141931953882,-0.015138374544545814,0.00040645352393664513,0.0067013605790473,0.0012748677171320333,0.021839735123593114,0.02187691289841627,0.021839735123593114,21.997583964315986,0.017458502402988074,0.017458502402988074,0.0007942858394161599,22.061975259400786,0.08184979748778787,0.08184979748778787,0.0037238093854203244
higher_energy_wide_swing,solve_ivp_default,solve_ivp_default,,,0.8547579298831386,1.4927726945698243,-1.6152564315690856,1.5003945344665077,-1.6296594212768145,0.007621839896683413,0.014402989707728908,0.014402989707728908,-0.0020541120792512135,-0.03349903357333786,-0.0007452509826184617,-0.011514541751583798,0.0013088610966327519,0.021984491821754062,0.02202341930834197,0.021984491821754062,21.99689273060525,0.016767268692252202,0.016767268692252202,0.000762837715430988,22.06168828405894,0.08156282214594057,0.08156282214594057,0.003710753256948967
higher_energy_wide_swing,solve_ivp_default,solve_ivp_default,,,0.8580968280467446,1.4795313135410804,-1.6099813934851523,1.4871145339577403,-1.6245738397575666,0.00758322041665993,0.014592446272414294,0.014592446272414294,-0.0033941249097877435,-0.051963330807009774,-0.0020536165019200414,-0.029832565652789522,0.001340508407867702,0.02213076515422025,0.02217132673303096,0.02213076515422025,21.99618180081774,0.016056338904743228,0.016056338904743228,0.0007304935057156765,22.06149042939664,0.08136496748364053,0.08136496748364053,0.0037017517313369824
higher_energy_wide_swing,solve_ivp_default,solve_ivp_default,,,0.8614357262103506,1.466190810110889,-1.6046859116397072,1.47373835996365,-1.6194679018387557,0.007547549852761071,0.014781990199048467,0.014781990199048467,-0.0048919729314007565,-0.0705317517966993,-0.003522200775761708,-0.04825329276516508,0.0013697721556390485,0.022278459031534213,0.022320528949335235,0.022278459031534213,21.995475279449607,0.015349817536609578,0.015349817536609578,0.0006983498598862701,22.061377148000496,0.08125168608749789,0.08125168608749789,0.0036965979210760295
higher_energy_wide_swing,solve_ivp_default,solve_ivp_default,,,0.8647746243739566,1.452753900386584,-1.5993638894225046,1.4602693118029866,-1.6143348946911684,0.007515411416402662,0.014971005268663795,0.014971005268663795,-0.0065508960409851325,-0.08920480609419378,-0.005154241149225469,-0.06677730146763887,0.0013966548917596633,0.022427504626554906,0.022470950328386603,0.022427504626554906,21.994797299702448,0.014671837789450137,0.014671837789450137,0.0006675047335318169,22.061341062278146,0.08121560036514808,0.08121560036514808,0.0036949561778379237
higher_energy_wide_swing,solve_ivp_default,solve_ivp_default,,,0.8681135225375626,1.4392233988247713,-1.5940090181867477,1.4467106196512876,-1.609168094882634,0.0074872208265162055,0.015159076695886231,0.015159076695886231,-0.008373835558838638,-0.10798303021329621,-0.0069526523063302426,-0.08540516976611048,0.0014211832525083956,0.022577860447185724,0.02262254504271798,0.022577860447185724,21.994171233089915,0.014045771176917299,0.014045771176917299,0.0006390214287564332,22.06137266588564,0.08124720397264085,0.08124720397264085,0.0036963940043666
higher_energy_wide_swing,solve_ivp_default,solve_ivp_default,,,0.8714524207011687,1.4256022182313288,-1.5886147772490895,1.433065444540878,-1.6039607683780235,0.007463226309549098,0.015345991128933978,0.015345991128933978,-0.010363415598621861,-0.12686699097270587,-0.008920023870567118,-0.10413747820467939,0.0014433917280547437,0.022729512768026483,0.02277529649318524,0.022729512768026483,21.9936188886594,0.01349342674640397,0.01349342674640397,0.000613892162252908,22.061461010586346,0.0813355486733478,0.0813355486733478,0.0037004133035676004
higher_energy_wide_swing,solve_ivp_default,solve_ivp_default,,,0.8747913188647747,1.4118933697614071,-1.5831744338896332,1.419336878360872,-1.598706170539252,0.007443508599464854,0.015531736649618821,0.015531736649618821,-0.01252192401752128,-0.14585728920728017,-0.01105861786372131,-0.1229748127654104,0.0014633061537999703,0.022882476441869762,0.022929217016995445,0.022882476441869762,21.993159709983725,0.013034248070727728,0.013034248070727728,0.0005930015319208882,22.061594365196765,0.08146890328376699,0.08146890328376699,0.0037064803576729224
higher_energy_wide_swing,solve_ivp_default,solve_ivp_default,,,0.8781302170283807,1.3980999629194282,-1.5776810433519308,1.4055279438571697,-1.593397546125277,0.007427980937741552,0.01571650277334613,0.01571650277334613,-0.014851292929449977,-0.16495456383040383,-0.013370366016179358,-0.14191776772239137,0.0014809269132706193,0.02303679610801246,0.023084347931977358,0.02303679610801246,21.992809977582453,0.01268451566945572,0.01268451566945572,0.0005770902305100741,22.061760833551624,0.081635371638626,0.081635371638626,0.00371405394296239
higher_energy_wide_swing,solve_ivp_default,solve_ivp_default,,,0.8814691151919867,1.384225205559086,-1.5721274488429846,1.39164159463246,-1.5880281292920975,0.007416389073374052,0.01590068044911286,0.01590068044911286,-0.017353078763581498,-0.1841594962257476,-0.015856866921765356,-0.1609669484155656,0.0014962118418161419,0.023192547810181985,0.023240759966127785,0.023192547810181985,21.992582023788128,0.012456561875129779,0.012456561875129779,0.0005667193254521873,22.06194891908688,0.08182345717388273,0.08182345717388273,0.003722611015831817
higher_energy_wide_swing,solve_ivp_default,solve_ivp_default,,,0.8848080133555927,1.3702724038833465,-1.566506281533246,1.37768071514622,-1.5825911435927564,0.007408311262873557,0.01608486205951043,0.01608486205951043,-0.020028441849953338,-0.20347281494197028,-0.018519383030023984,-0.18012297390954268,0.0015090588199293542,0.0233498410324276,0.023398554116903166,0.0233498410324276,21.992483466294615,0.012358004381617604,0.012358004381617604,0.0005622353886483252,22.062148024678294,0.08202256276529596,0.08202256276529596,0.003731669453271505
higher_energy_wide_swing,solve_ivp_default,solve_ivp_default,,,0.8881469115191987,1.356244962444448,-1.5608099605566164,1.3636481207147138,-1.5770798019773389,0.0074031582702658305,0.01626984142072252,0.01626984142072252,-0.022878125513293046,-0.22289530065883564,-0.021358837468790304,-0.1993864795022355,0.0015192880445027424,0.023508821156600135,0.023557862983199028,0.023508821156600135,21.99251646572422,0.012391003811220713,0.012391003811220713,0.0005637367190051647,22.062348877755568,0.08222341584257009,0.08222341584257009,0.0037408073937087497
higher_energy_wide_swing,solve_ivp_default,solve_ivp_default,,,0.8914858096828047,1.3421463841439005,-1.5550306930104465,1.349546557510993,-1.5714873067929729,0.007400173367092533,0.016456613782526386,0.016456613782526386,-0.02590243465563713,-0.24242779138781173,-0.024375810689855504,-0.21875811904775205,0.001526623965781626,0.023669672340059678,0.023718852615982184,0.023669672340059678,21.992677011543616,0.012551549630618553,0.012551549630618553,0.0005710408547197689,22.062543872391796,0.08241841047879817,0.08241841047879817,0.003749678800587931
higher_energy_wide_swing,solve_ivp_default,solve_ivp_default,,,0.8948247078464107,1.3279802702324863,-1.549160473955537,1.3353787025648984,-1.5658068497838287,0.007398432332412108,0.01664637582829176,0.01664637582829176,-0.029101213807715576,-0.2620711878644346,-0.027570536930577316,-0.2382385670575212,0.0015306768771382595,0.023832620806913424,0.023881724942481194,0.023832620806913424,21.99295423955855,0.012828777645552236,0.012828777645552236,0.0005836535222595453,22.062727321979974,0.08260186006697623,0.08260186006697623,0.003758024958051679
higher_energy_wide_swing,solve_ivp_default,solve_ivp_default,,,0.8981636060100168,1.313750320310259,-1.5431910864161373,1.321147163763057,-1.5600316120911195,0.007396843452798008,0.016840525674982176,0.016840525674982176,-0.032473824628501125,-0.281826459083564,-0.030942900484386193,-0.2578285205431015,0.0015309241441149313,0.023997938540462505,0.0240467208352168,0.023997938540462505,21.99332978304147,0.01320432112847314,0.01320432112847314,0.000600739115495655,22.062895618186943,0.0827701562739449,0.0827701562739449,0.0037656817026530823
higher_energy_wide_swing,solve_ivp_default,solve_ivp_default,,,0.9015025041736228,1.299460332326546,-1.537114101379948,1.3068544798488855,-1.5541547642531013,0.007394147522339578,0.0170406628731532,0.0170406628731532,-0.03601912283176556,-0.30169464792209055,-0.03449243177331629,-0.2775287005635333,0.0015266910584492699,0.02416594735855726,0.024214123922300174,0.02416594735855726,21.993777158310742,0.013651696397744217,0.013651696397744217,0.0006210927422320577,22.063047294036025,0.08292183212302717,0.08292183212302717,0.0037725822933410242
higher_energy_wide_swing,solve_ivp_default,solve_ivp_default,,,0.9048414023372288,1.2851142025799447,-1.530920877798118,1.2925031204225865,-1.5481694662050727,0.00738891784264184,0.017248588406954646,0.017248588406954646,-0.03973543451798267,-0.3216768767866874,-0.03821830321596331,-0.29733985343946256,0.0015171313020193589,0.024337023347224818,0.024384265270680862,0.024337023347224818,21.994261184303465,0.01413572239046701,0.01413572239046701,0.0006431138172965067,22.06318299113382,0.08305752922082377,0.08305752922082377,0.003778755920422076
higher_energy_wide_swing,solve_ivp_default,solve_ivp_default,,,0.9081803005008348,1.2707159257183254,-1.5246025625852464,1.2780954859411517,-1.542068867279375,0.007379560222826376,0.017466304694128576,0.017466304694128576,-0.043620531889472125,-0.34177435321673566,-0.04211932488462988,-0.31726275159553013,0.0015012070048422421,0.024511601621205525,0.02455752912057874,0.024511601621205525,21.994737434387,0.01461197247400392,0.01461197247400392,0.0006647811223518009,22.063305333144335,0.08317987123133719,0.08317987123133719,0.0037843219491840783
higher_energy_wide_swing,solve_ivp_default,solve_ivp_default,,,0.9115191986644408,1.2562695947388307,-1.5181500906193814,1.2636339077183598,-1.5358461062053916,0.0073643129795291085,0.017696015586010194,0.017696015586010194,-0.047671608326340986,-0.36198837536469497,-0.04619393994589027,-0.3372981939917701,0.001477668380450714,0.02469018137292489,0.02473435990824325,0.02469018137292489,21.995151717358347,0.01502625544534908,0.01502625544534908,0.0006836291936270549,22.06341870954651,0.08329324763351309,0.08329324763351309,0.003789480081805858
higher_energy_wide_swing,solve_ivp_default,solve_ivp_default,,,0.9148580968280468,1.2417794009878742,-1.5115541847420215,1.2491206479247778,-1.5294943111095498,0.007341246936903634,0.017940126367528286,0.017940126367528286,-0.05188525280055645,-0.3823203372677783,-0.050440219879385184,-0.35744700610389507,0.0014450329211712631,0.02487333116388324,0.024915270886174883,0.02487333116388324,21.995439583311764,0.015314121398766645,0.015314121398766645,0.0006967258410468513,22.063528975426568,0.08340351351357,0.08340351351357,0.0037944966992154348
higher_energy_wide_swing,solve_ivp_default,solve_ivp_default,,,0.9181969949916527,1.2272495836334225,-1.5048052722521903,1.2345578995877606,-1.5230065995153181,0.007308315954338118,0.018201327263127842,0.018201327263127842,-0.05625743511797732,-0.40277186471524723,-0.05485585947036686,-0.377710039411462,0.0014015756476104535,0.025061825303785257,0.025100986073328384,0.025061825303785257,21.99554839925572,0.015422937342723486,0.015422937342723486,0.0007016764926773616,22.06364307449661,0.08351761258361279,0.08351761258361279,0.00379968771007843
higher_energy_wide_swing,solve_ivp_default,solve_ivp_default,,,0.9215358931552587,1.2126812214990463,-1.4978904673335554,1.2199477865914503,-1.516376078343209,0.007266565092403976,0.018485611009653624,0.018485611009653624,-0.06078438420596821,-0.42335083253949574,-0.059438171572348764,-0.39808817035191496,0.001346212633619448,0.025262662187580776,0.025298505672445164,0.025262662187580776,21.99655938340302,0.016433921490023096,0.016433921490023096,0.0007476718692302133,22.06376859365648,0.08364313174348226,0.08364313174348226,0.0038053982853018045
higher_energy_wide_swing,solve_ivp_default,solve_ivp_default,,,0.9248747913188649,1.198074934697367,-1.4908028665015605,1.2052923636767765,-1.5095958439107766,0.007217428979409579,0.01879297740921615,0.01879297740921615,-0.0654624318524728,-0.4440594932239454,-0.06418408163720823,-0.41858229869748453,0.0012783502152645676,0.025477194526460856,0.025509245778971866,0.025477194526460856,21.998819407409393,0.018693945496394804,0.018693945496394804,0.0008504931206506322,22.063913258197747,0.0837877962847493,0.0837877962847493,0.003811979892013637
higher_energy_wide_swing,solve_ivp_default,solve_ivp_default,,,0.9282136894824708,1.1834323833714104,-1.4835388824320677,1.190593616441459,-1.5026589819326188,0.007161233070048567,0.019120099500551158,0.019120099500551158,-0.07028744067326409,-0.464895743236468,-0.06909012201122056,-0.43919334531080234,0.0011973186620435339,0.025702397925665643,0.025730270715788033,0.025702397925665643,22.001957185246106,0.02183172333310779,0.02183172333310779,0.0009932483493298363,22.064084377178503,0.08395891526550514,0.08395891526550514,0.0038197650605310937
higher_energy_wide_swing,solve_ivp_default,solve_ivp_default,,,0.9315525876460768,1.1687549449522159,-1.4760948630217552,1.1758534613400022,-1.495558567520375,0.007098516387786358,0.019463704498619894,0.019463704498619894,-0.0752550428135823,-0.48585774110933594,-0.07415242599682426,-0.4599222492339548,0.0011026168167580508,0.025935491875381134,0.025958919520322074,0.025935491875381134,22.00563497284642,0.025509510933421353,0.025509510933421353,0.0011605716708771316,22.064288248571845,0.08416278665884747,0.08416278665884747,0.0038290403212067254
higher_energy_wide_swing,solve_ivp_default,solve_ivp_default,,,0.9348914858096828,1.1540437141588378,-1.4684670913881197,1.1610737456837006,-1.4882876651827281,0.007030031524862812,0.019820573794608443,0.019820573794608443,-0.08036065121291347,-0.5069438974300734,-0.07936672168139358,-0.4807699640644345,0.0009939295315198882,0.02617393336563889,0.02619279831828841,0.02617393336563889,22.00954935809994,0.02942389618694108,0.02942389618694108,0.0013386591554232297,22.064529533529658,0.0844040716166603,0.0844040716166603,0.0038400177361551037
higher_energy_wide_swing,solve_ivp_default,solve_ivp_default,,,0.9382303839732888,1.1392995029983464,-1.460651785869475,1.1462562476406355,-1.4808393288254034,0.0069567446422891255,0.020187542955928395,0.020187542955928395,-0.08559947060620066,-0.5281528635141058,-0.0847283255359862,-0.5017374535702247,0.000871145070214463,0.02641540994388114,0.026429770642906716,0.02641540994388114,22.013431920376092,0.03330645846309466,0.03330645846309466,0.0015152988330666196,22.064810608523878,0.08468514661088022,0.08468514661088022,0.0038528054245014222
higher_energy_wide_swing,solve_ivp_default,solve_ivp_default,,,0.9415692821368948,1.124522840765826,-1.4526451000249523,1.131402676235676,-1.473206601751169,0.0068798354698498265,0.020561501726216624,0.020561501726216624,-0.0909665082253065,-0.5494835187313409,-0.09023213578891298,-0.5228256864948845,0.0007343724363935156,0.026657832236456458,0.02666794559808445,0.026657832236456458,22.01704972284505,0.0369242609320537,0.0369242609320537,0.001679893092331788,22.065130903268333,0.08500544135533517,0.08500544135533517,0.0038673774407080603
higher_energy_wide_swing,solve_ivp_default,solve_ivp_default,,,0.9449081803005008,1.1097139740443764,-1.4444431226345007,1.1165146713504794,-1.4653825166598349,0.0068006973061029985,0.02093939402533418,0.02093939402533418,-0.09645658416836689,-0.5709349564585906,-0.09587262558108411,-0.5440356305021564,0.0005839585872827735,0.026899325956434184,0.02690566380043717,0.026899325956434184,22.020205604730045,0.04008014281704675,0.04008014281704675,0.0018234719763769015,22.06548623121619,0.08536076930319325,0.08536076930319325,0.0038835433151237363
higher_energy_wide_swing,solve_ivp_default,solve_ivp_default,,,0.9482470784641068,1.0948728667051126,-1.4360418776988864,1.1015938037234907,-1.457360095648255,0.006720937018378059,0.021318217949368723,0.021318217949368723,-0.10206434140857756,-0.5925064686291706,-0.10164383591243131,-0.5653682452082036,0.00042050549614625066,0.027138223420966945,0.02714148108189028,0.027138223420966945,22.022738244233267,0.042612782320269105,0.042612782320269105,0.001938696045848702,22.06586811811529,0.08574265620229227,0.08574265620229227,0.0039009175061746814
higher_energy_wide_swing,solve_ivp_default,solve_ivp_default,,,0.9515859766277129,1.0799991999071632,-1.4274373244396932,1.0866415749499416,-1.449132350210325,0.006642375042778426,0.02169502577063187,0.02169502577063187,-0.10778425541790149,-0.6141975288501039,-0.10753936839127953,-0.5868244742481529,0.00024488702662195383,0.027373054601951052,0.02737414999405829,0.027373054601951052,22.02452196621092,0.044396504297921524,0.044396504297921524,0.0020198476289342146,22.066263132621003,0.08613767070800549,0.08613767070800549,0.003918888946164763
higher_energy_wide_swing,solve_ivp_default,solve_ivp_default,,,0.9549248747913189,1.0650923720976744,-1.4186253572993228,1.0716594174818543,-1.4406922812369842,0.006567045384179959,0.02206692393766141,0.02206692393766141,-0.11361064338516558,-0.6360077740561043,-0.11355237780140393,-0.608405236322155,5.826558376165192e-05,0.027602537733949273,0.02760259922964402,0.027602537733949273,22.025466271715565,0.045340809802567605,0.045340809802567605,0.0020628094175865297,22.066652221353195,0.08652675944019705,0.08652675944019705,0.003936590789262327
higher_energy_wide_swing,solve_ivp_default,solve_ivp_default,,,0.9582637729549249,1.0501514990118048,-1.4096018059409938,1.0566486946280365,-1.4320328790162131,0.0064971956162316324,0.0224310730752193,0.0224310730752193,-0.11953767301203444,-0.6579369846679846,-0.11967556450463523,-0.6301114151647418,0.00013789149260079459,0.027825569503242775,0.027825911166456458,0.027825569503242775,22.025515069267016,0.04538960735401787,0.04538960735401787,0.0020650294936973247,22.06701004907216,0.0868845871591617,0.0868845871591617,0.003952870392378546
higher_energy_wide_swing,solve_ivp_default,solve_ivp_default,,,0.9616026711185309,1.0351754136727291,-1.400362435248743,1.0416107005540838,-1.4231471232330364,0.0064352868813546404,0.02278468798429345,0.02278468798429345,-0.125559370874346,-0.6799850632212481,-0.12590116670029106,-0.6519438483797547,0.0003417958259450682,0.028041214841493356,0.028043297847675133,0.028041214841493356,22.024645590152495,0.04452012823949758,0.04452012823949758,0.0020254719799776273,22.06730434286258,0.08717888094958326,0.08717888094958326,0.00396625947839316
higher_energy_wide_swing,solve_ivp_default,solve_ivp_default,,,0.9649415692821369,1.020162666391637,-1.390902945327424,1.026546660282381,-1.4140279829695204,0.006383993890743955,0.02312503764209639,0.02312503764209639,-0.13166963034031287,-0.7021520114285221,-0.1322209525664605,-0.6739033150817374,0.0005513222261476214,0.02824869634678473,0.028254075838538648,0.02824869634678473,22.02286697219506,0.04274151028206319,0.04274151028206319,0.001944552607587494,22.067495237378594,0.08736977546559643,0.08736977546559643,0.003974944347655801
higher_energy_wide_swing,solve_ivp_default,solve_ivp_default,,,0.9682804674457429,1.0051115247677334,-1.381218971502708,1.0114567936417094,-1.4046678913539679,0.006345268873976018,0.023448919851259964,0.023448919851259964,-0.13786221904106943,-0.724437905637068,-0.1386266221303224,-0.6959918338031768,0.000764403089252963,0.02844607183389125,0.028456340503686707,0.02844607183389125,22.020218498275945,0.04009303636294703,0.04009303636294703,0.0018240585765727296,22.067518430889198,0.08739296897620008,0.08739296897620008,0.003975999551396282
higher_energy_wide_swing,solve_ivp_default,solve_ivp_default,,,0.9716193656093489,0.9900199736882371,-1.3713060843210843,0.9963248193589853,-1.3950528182254747,0.006304845670748183,0.023746733904390416,0.023746733904390416,-0.14413078589299477,-0.7468428706399792,-0.14511721798849286,-0.7182314498873289,0.000986432095498091,0.02861142075265033,0.028628420245696735,0.02861142075265033,22.016767477467006,0.03664201555400837,0.03664201555400837,0.0016670521566176401,22.06708156534562,0.08695610343262317,0.08695610343262317,0.003956124071416247
higher_energy_wide_swing,solve_ivp_default,solve_ivp_default,,,0.9749582637729549,0.9748857153283832,-1.361159789549859,0.9811452342727339,-1.3851812161483743,0.006259518944350728,0.02402142659851525,0.02402142659851525,-0.15046886767513168,-0.7693670517968239,-0.15168817017416236,-0.7406221808808109,0.0012193024990306833,0.028744870916012966,0.028770719535013208,0.028744870916012966,22.012606757950003,0.032481296037005336,0.032481296037005336,0.001477757535701454,22.066220749878745,0.0860952879657475,0.0860952879657475,0.0039169607159400795
higher_energy_wide_swing,solve_ivp_default,solve_ivp_default,,,0.9782971619365609,0.959706169151421,-1.350775528177156,0.9659186266975824,-1.3750555167749174,0.0062124575461613984,0.02427998859776137,0.02427998859776137,-0.15686989516887295,-0.7920105854164516,-0.15833220514526103,-0.76315473174923,0.0014623099763880765,0.028855853667221654,0.028892882191487116,0.028855853667221654,22.007851862003825,0.027726400090827497,0.027726400090827497,0.0012614304744925865,22.065082112637562,0.08495665072456404,0.08495665072456404,0.0038651576794580316
higher_energy_wide_swing,solve_ivp_default,solve_ivp_default,,,0.981636060100167,0.9444784719086143,-1.3401486764119168,0.9506450493385663,-1.3646774945595348,0.006166577429951969,0.02452881814761798,0.02452881814761798,-0.16332719887083058,-0.8147735673514841,-0.1650420644503232,-0.7858207126059693,0.0017148655794926304,0.02895285474551479,0.029003595671409553,0.02895285474551479,22.002637734274863,0.02251227236186537,0.02251227236186537,0.0010242103668095285,22.063786737941363,0.0836612760283657,0.0836612760283657,0.0038062237712579647
higher_energy_wide_swing,solve_ivp_default,solve_ivp_default,,,0.984974958263773,0.9291994776392438,-1.3292745456839008,0.9353240192911314,-1.3540482667588383,0.006124541651887583,0.02477372107493747,0.02477372107493747,-0.16983401429348455,-0.8376560197506946,-0.1718105131064488,-0.8086126044412739,0.0019764988129642447,0.029043415309420673,0.029110591206520355,0.029043415309420673,21.997115095366212,0.016989633453214026,0.016989633453214026,0.0007729543438072517,22.062431971267674,0.08230650935467665,0.08230650935467665,0.003744587786693792
higher_energy_wide_swing,solve_ivp_default,solve_ivp_default,,,0.988313856427379,0.9138657576706035,-1.3181483826436837,0.9199545180411313,-1.3431682934316196,0.006088760370527746,0.025019910787935862,0.025019910787935862,-0.17638348687178385,-0.8606578559120801,-0.1786303452198441,-0.8315237217073719,0.0022468583480602655,0.02913413420470823,0.029220645925341862,0.02913413420470823,21.99144639356208,0.01132093164908099,0.01132093164908099,0.0005150530950652587,22.061092957931773,0.08096749601877562,0.08096749601877562,0.0036836685104038877
higher_energy_wide_swing,solve_ivp_default,solve_ivp_default,,,0.991652754590985,0.8984736006180025,-1.30676536916266,0.9045349914648286,-1.3320373774388512,0.006061390846826109,0.02527200827619125,0.02527200827619125,-0.18296867649732007,-0.8837788431759541,-0.18549438687257191,-0.8545481716093957,0.002525710375251844,0.029230671566558453,0.02933958713294486,0.029230671566558453,21.985801348330963,0.005675886417964904,0.005675886417964904,0.0002582281173872296,22.059824402439922,0.07969894052692439,0.07969894052692439,0.0036259547592221953
higher_energy_wide_swing,solve_ivp_default,solve_ivp_default,,,0.994991652754591,0.8830190123847654,-1.295120622333041,0.8890633498288951,-1.3206546644436856,0.006044337444129688,0.025534042110644695,0.025534042110644695,-0.18958256170503485,-0.9070185637939507,-0.19239549629913966,-0.8776808099400888,0.00281293459410481,0.029337753853861948,0.029472298896090602,0.029337753853861948,21.980352080232343,0.00022661831934556176,0.00022661831934556176,1.031014676136605e-05,22.058662533553225,0.07853707164022694,0.07853707164022694,0.003573094784027298
higher_energy_wide_swing,solve_ivp_default,solve_ivp_default,,,0.998330550918197,0.8674977161622317,-1.2832091944678552,0.8735369677904111,-1.3090186429114565,0.006039251628179421,0.025809448443601335,0.025809448443601335,-0.1962180435406078,-0.9303763737063955,-0.19932656137664118,-0.9009171932826168,0.0031085178360333865,0.029459180423778708,0.029622731041848326,0.029459180423778708,21.975267823117555,0.004857638795442654,-0.004857638795442654,-0.000221001413475093,22.057627258307626,0.07750179639462829,0.07750179639462829,0.003525994268273074
higher_energy_wide_swing,solve_ivp_default,solve_ivp_default,,,1.001669449081803,0.8519051524297556,-1.2710260731009493,0.8579526843968663,-1.2971271441096779,0.00604753196711072,0.026101071008728605,0.026101071008728605,-0.20286794913970607,-0.9538513591571685,-0.20628049445237573,-0.9242535273902467,0.003412545312669657,0.029597831766921767,0.02979391063311473,0.029597831766921767,21.970709216214907,0.009416245698091075,-0.009416245698091075,-0.000428398177908833,22.05672448645263,0.07659902453963241,0.07659902453963241,0.0034849220798290094
higher_energy_wide_swing,solve_ivp_default,solve_ivp_default,,,1.005008347245409,0.8362364789547065,-1.2585661809869877,0.8423068030861589,-1.2849773421080435,0.006070324131452365,0.026411161121055793,0.026411161121055793,-0.20952503505313247,-0.9774422910720071,-0.2132502245332374,-0.9476866115341588,0.003725189480104918,0.0297556795378483,0.029987955939373534,0.0297556795378483,21.966822176009536,0.013303285903461415,-0.013303285903461415,-0.0006052415818332453,22.055948604830697,0.07582314291769876,0.07582314291769876,0.0034496228444684976
higher_energy_wide_swing,solve_ivp_default,solve_ivp_default,,,1.008347245409015,0.8204865707924687,-1.2458243761014511,0.8265950916865963,-1.2725657537784285,0.0061085208941276115,0.026741377676977374,0.026741377676977374,-0.21618199035458074,-1.0011475771232117,-0.2202286868617621,-0.9712137785911974,0.004046696507181369,0.029933798532014277,0.030206092881676274,0.029933798532014277,21.96373135097908,0.016394110933916295,-0.016394110933916295,-0.0007458606622752855,22.055285078939438,0.07515961702643992,0.07515961702643992,0.003419435305620796
higher_energy_wide_swing,solve_ivp_default,solve_ivp_default,,,1.011686143572621,0.8046500202864412,-1.232795451640639,0.8108127824168946,-1.259888238794888,0.006162762130453414,0.02709278715424901,0.02709278715424901,-0.2228314395701656,-1.0249652114010028,-0.22720880990463543,-0.9948328306219791,0.004377370334469832,0.030132380779023693,0.030448673903097537,0.030132380779023693,21.961533166482077,0.018592295430920558,-0.018592295430920558,-0.0008458684852885464,22.054713156098583,0.07458769418558475,0.07458769418558475,0.0033934153066973965
higher_energy_wide_swing,solve_ivp_default,solve_ivp_default,,,1.015025041736227,0.7887211370680387,-1.2194741360216677,0.7949545718861788,-1.2469399996336579,0.006233434818140093,0.027465863611990216,0.027465863611990216,-0.2294659454711162,-1.048892721609423,-0.2341834997807708,-1.01854196966643,0.0047175543096545924,0.03035075194299308,0.030715199204459653,0.03035075194299308,21.96028847270818,0.019836989204819133,-0.019836989204819133,-0.0009024966322049673,22.054208641057716,0.07408317914471851,0.07408317914471851,0.003370462069158309
higher_energy_wide_swing,solve_ivp_default,solve_ivp_default,,,1.018363939899833,0.7726939480566903,-1.2058550928824712,0.7790146210939831,-1.2337155815731542,0.006320673037292779,0.027860488690683027,0.027860488690683027,-0.23607801177299892,-1.0729271137027088,-0.24114562215792024,-1.0423397234586045,0.005067610384921317,0.030587390244104284,0.031004340292263732,0.030587390244104284,21.960014815930577,0.020110645982420294,-0.020110645982420294,-0.000914946823996427,22.05374671026179,0.07362124834879324,0.07362124834879324,0.0033494462293385727
higher_energy_wide_swing,solve_ivp_default,solve_ivp_default,,,1.0217028380634392,0.7565621974598393,-1.1919329210818,0.7629865554302493,-1.2202088726939726,0.006424357970409966,0.028275951612172667,0.028275951612172667,-0.242660085786518,-1.0970648138766173,-0.24808798164929002,-1.066224865735573,0.005427895862772036,0.030839948141044182,0.03131396581142976,0.030839948141044182,21.960678362744133,0.019447099168864668,-0.019447099168864668,-0.0008847583332753246,22.053304725036327,0.07317926312332901,0.07317926312332901,0.0033293378261254015
higher_energy_wide_swing,solve_ivp_default,solve_ivp_default,,,1.0250417362270452,0.740319346772947,-1.1777021546992248,0.7468634646753312,-1.2064131038788923,0.006544117902384183,0.028710949179667544,0.028710949179667544,-0.24920456106632483,-1.1213016078283173,-0.2550032987449665,-1.0901963307863367,0.005798737678641697,0.031105277041980628,0.031641169676926706,0.031105277041980628,21.962185518984406,0.017939942928592245,-0.017939942928592245,-0.0008161892869846648,22.052864996280412,0.07273953436741465,0.07273953436741465,0.0033093320824513577
higher_energy_wide_swing,solve_ivp_default,solve_ivp_default,,,1.0283806343906512,0.7239585747794864,-1.1631572630351312,0.7306379029999883,-1.19232084881287,0.006679328220501879,0.02916358577773881,0.02916358577773881,-0.2557037801053057,-1.1456325771983225,-0.2618841843173253,-1.114253121856286,0.006180404212019597,0.031379455342036344,0.031982301571131536,0.031379455342036344,21.964374300122024,0.015751161790973356,-0.015751161790973356,-0.0007166092758781953,22.052417443406444,0.0722919814934464,0.0722919814934464,0.0032889703754745815
higher_energy_wide_swing,solve_ivp_default,solve_ivp_default,,,1.0317195325542572,0.7074727775509467,-1.1482926506107234,0.7143018889653903,-1.1779240239830435,0.006829111414443534,0.029631373372320136,0.029631373372320136,-0.262150037122465,-1.1700520331085174,-0.26872311174514374,-1.1383942129907063,0.006573074622678754,0.03165782011781104,0.03233299993206608,0.03165782011781104,21.967005528710065,0.013119933202933254,-0.013119933202933254,-0.0005968998323356879,22.051962077664243,0.07183661575124489,0.07183661575124489,0.0032682532170129263
higher_energy_wide_swing,solve_ivp_default,solve_ivp_default,,,1.0350584307178632,0.6908545684468322,-1.1331026571680227,0.6978469055231159,-1.1632138886787318,0.006992337076283661,0.030111231510709047,0.030111231510709047,-0.26853558099277,-1.194553446711931,-0.2755123867081751,-1.162618443867546,0.006976805715405154,0.031935002844384996,0.032688227615785284,0.031935002844384996,21.9697539576048,0.010371504308196222,-0.010371504308196222,-0.00047185828516620117,22.051511223908484,0.07138576199548652,0.07138576199548652,0.0032477413342877977
higher_energy_wide_swing,solve_ivp_default,solve_ivp_default,,,1.0383973288814692,0.674096278114662,-1.117581557669868,0.6812639000151525,-1.1481810449914338,0.007167621900490473,0.03059948732156581,0.03059948732156581,-0.27485261836710206,-1.2191293766724796,-0.28224411471265864,-1.1869244071352323,0.007391496345556581,0.032204969537247274,0.033042310468873105,0.032204969537247274,21.972199445945186,0.007926015967811395,-0.007926015967811395,-0.0003605992141193888,22.051091374395156,0.07096591248215844,0.07096591248215844,0.003228640009590831
higher_energy_wide_swing,solve_ivp_default,solve_ivp_default,,,1.0417362270450752,0.6571899544899703,-1.1017235622999162,0.6645432841738961,-1.1328154378148287,0.007353329683925769,0.031091875514912548,0.031091875514912548,-0.2810933170297226,-1.2437713934966879,-0.28891016641896416,-1.2113103277360078,0.007816849389241542,0.032461065760680086,0.03338897909031186,0.032461065760680086,21.973818349124624,0.006307112788373814,-0.006307112788373814,-0.0002869461686787336,22.050744542155183,0.0706190802421851,0.0706190802421851,0.0032128606528908734
higher_energy_wide_swing,solve_ivp_default,solve_ivp_default,,,1.0450751252086812,0.6401267444859514,-1.0855216033140458,0.6476749341221522,-1.117106354844777,0.007548189636200742,0.03158475153073126,0.03158475153073126,-0.2872497395623841,-1.2684714430467547,-0.2955021408556039,-1.2357739336594598,0.008252401293219802,0.03269750938729499,0.03372282976318239,0.03269750938729499,21.974266372359097,0.005859089553901242,-0.005859089553901242,-0.00026656306234711124,22.050528948397037,0.07040348648403949,0.07040348648403949,0.0032030520756596292
higher_energy_wide_swing,solve_ivp_default,solve_ivp_default,,,1.0484140233722872,0.6228925053013731,-1.0689578803300428,0.6306481903731347,-1.1010424265793188,0.007755685071761609,0.032084546249276036,0.032084546249276036,-0.2933128067701538,-1.2932325230863122,-0.30201132661953567,-1.2603123175349404,0.008698519849381858,0.03292020555137176,0.03405002468596254,0.03292020555137176,21.975442175878538,0.00468328603446011,-0.00468328603446011,-0.00021306912203823743,22.050518836326557,0.07039337441355897,0.07039337441355897,0.003202592020483964
higher_energy_wide_swing,solve_ivp_default,solve_ivp_default,,,1.0517529215358932,0.6054769953855681,-1.0520212291269642,0.6134518578304669,-1.0846116263186754,0.007974862444898756,0.032590397191711196,0.032590397191711196,-0.2992728168878507,-1.318047478803746,-0.3084286611814143,-1.28492178843593,0.009155844293563642,0.033125690367815874,0.03436772973404544,0.033125690367815874,21.97715546361261,0.002969998300386578,-0.002969998300386578,-0.00013512199034227396,22.050803150292094,0.07067768837909583,0.07067768837909583,0.0032155270679216827
higher_energy_wide_swing,solve_ivp_default,solve_ivp_default,,,1.0550918196994992,0.5878702464080116,-1.0347015199340313,0.5960742057881804,-1.067801270165248,0.008203959380168824,0.033099750231216696,0.033099750231216696,-0.3051198727886266,-1.3429062672706493,-0.31474468843663583,-1.3095977132346495,0.00962481564800921,0.03330855403599986,0.03467126833888956,0.03330855403599986,21.978798868990452,0.0013265929225454443,-0.0013265929225454443,-6.035420156468874e-05,22.05148275113615,0.0713572892231511,0.0713572892231511,0.0032464459471261203
higher_energy_wide_swing,solve_ivp_default,solve_ivp_default,,,1.0584307178631052,0.5700610986302997,-1.0169869451730413,0.5785029679307163,-1.0505980170236184,0.008441869300416571,0.0336110718505771,0.0336110718505771,-0.31084373937841847,-1.3677990226803955,-0.3209495146691136,-1.334334346812014,0.010105775290695118,0.033464675868381644,0.034957277142275665,0.033464675868381644,21.979999512344307,0.00012594956869094176,-0.00012594956869094176,-5.730156950613692e-06,22.052665752049162,0.07254029013616403,0.07254029013616403,0.003300267337502751
higher_energy_wide_swing,solve_ivp_default,solve_ivp_default,,,1.0617696160267112,0.5520372009061507,-0.9988640194583676,0.5607253423329241,-1.0329878686005491,0.008688141426773432,0.034123849142181584,0.034123849142181584,-0.3164337622614636,-1.3927157865425572,-0.32703276312522134,-1.3591246503971801,0.010599000863757757,0.03359113614537712,0.03522361774217973,0.03359113614537712,21.980579515477768,0.0004540535647699073,0.0004540535647699073,2.0657460102158564e-05,22.054460448959542,0.0743349870465444,0.0743349870465444,0.0033819182322390074
higher_energy_wide_swing,solve_ivp_default,solve_ivp_default,,,1.0651085141903172,0.533785010681404,-0.9803175795969595,0.5427279914600629,-1.0149561694049831,0.008942980778658849,0.03463858980802359,0.03463858980802359,-0.3218787814274622,-1.41764621523635,-0.33298352743073756,-1.3839600972833512,0.011104746003275379,0.033686117952998806,0.03546928144945439,0.033686117952998806,21.98051472130248,0.00038925938948253247,0.00038925938948253247,1.770960726120687e-05,22.05696517902648,0.07683971711348292,0.07683971711348292,0.003495872543886532
higher_energy_wide_swing,solve_ivp_default,solve_ivp_default,,,1.0684474123539232,0.5152897939940208,-0.9613307845883425,0.5244970421677997,-0.9964876067480438,0.009207248173778937,0.035156822159701284,0.035156822159701284,-0.3271670402904701,-1.4425792631470498,-0.3387903241245326,-1.4088304651433345,0.01162328383406247,0.03374879800371522,0.03569428657058088,0.03374879800371522,21.979892412994285,0.0002330489187123419,-0.0002330489187123419,-1.0602711031662098e-05,22.06025426186033,0.08012879994733169,0.08012879994733169,0.0036455114911049208
higher_energy_wide_swing,solve_ivp_default,solve_ivp_default,,,1.0717863105175292,0.4965356254740836,-0.9418851156246182,0.5060180857022114,-0.9775662107430347,0.00948246022812782,0.03568109511841655,0.03568109511841655,-0.33228609046411456,-1.4675028394581182,-0.34444104462970077,-1.4337236141508227,0.012154954165586207,0.03377922530729549,0.03589956786827014,0.03377922530729549,21.978869141938546,0.0012563199744519693,-0.0012563199744519693,-5.715708841739377e-05,22.064358950244994,0.0842334883319964,0.0842334883319964,0.003832256939477237
higher_energy_wide_swing,solve_ivp_default,solve_ivp_default,,,1.0751252086811351,0.47750538834379685,-0.921960376090464,0.48727617769978293,-0.9581753543054402,0.009770789355986076,0.03621497821497621,0.03621497821497621,-0.33722269273046657,-1.492403436519799,-0.349922907036539,-1.4586252501030579,0.012700214306072433,0.03377818641674102,0.036086858009866614,0.03377818641674102,21.977630174535605,0.0024952873773926854,-0.0024952873773926854,-0.00011352471038968823,22.069242027365203,0.08911656545220481,0.08911656545220481,0.004054415685962546
higher_energy_wide_swing,solve_ivp_default,solve_ivp_default,,,1.0784641068447414,0.45818077441748506,-0.9015346915631323,0.46825583818740757,-0.9382977531529236,0.01007506376992251,0.03676306158979137,0.03676306158979137,-0.3419627147538049,-1.5172657275655914,-0.35522240813282124,-1.4835186717391524,0.013259693379016335,0.033747055826439,0.03625856099541624,0.033747055826439,21.97635258589426,0.0037728760187363264,-0.0037728760187363264,-0.00017164943054005487,22.07476431982335,0.09463885791035054,0.09463885791035054,0.004305655946975374
higher_energy_wide_swing,solve_ivp_default,solve_ivp_default,,,1.0818030050083474,0.4385422841015983,-0.8805845098124554,0.44894105158239106,-0.9179154658053332,0.01039876748079277,0.037330955992877835,0.037330955992877835,-0.34649102620882627,-1.5420721314054808,-0.36032527618595,-1.5083845014579316,0.013834249977123736,0.03368762994754926,0.03641761776822539,0.03368762994754926,21.975174702181967,0.004950759731030985,-0.004950759731030985,-0.00022523801056593718,22.080640930741794,0.10051546882879592,0.10051546882879592,0.004573016155115602
higher_energy_wide_swing,solve_ivp_default,solve_ivp_default,,,1.0851419031719534,0.41856922639470406,-0.8590846008008377,0.4293152666924439,-0.897009893584693,0.010746040297739845,0.03792529278385526,0.03792529278385526,-0.3507913921392001,-1.566802341594272,-0.36521642505944973,-1.5332003986621108,0.014425032920249659,0.03360194293216123,0.03656736446021926,0.03360194293216123,21.974175470392893,0.005949991520104447,-0.005949991520104447,-0.00027069870599303675,22.0863844124184,0.1062589505054028,0.1062589505054028,0.004834319562439602
higher_energy_wide_swing,solve_ivp_default,solve_ivp_default,,,1.0884808013355594,0.3982397188874931,-0.837008056683261,0.4093613967156873,-0.8755617806152093,0.011121677828194176,0.038553723931948336,0.038553723931948336,-0.35484636554061094,-1.5914328174610228,-0.36987991033361745,-1.557940754994524,0.015033544793006504,0.03349206246649894,0.03671138402870695,0.03349206246649894,21.97336847238141,0.006756989531588431,-0.006756989531588431,-0.00030741360158734735,22.09123136830444,0.11110590639144391,0.11110590639144391,0.005054834950053739
higher_energy_wide_swing,solve_ivp_default,solve_ivp_default,,,1.0918196994991654,0.37753068776277743,-0.8143262918072833,0.3890618192406511,-0.8535512138232688,0.011531131477873657,0.039224922015985486,0.039224922015985486,-0.35863718037691794,-1.6159362342992112,-0.3742988881976912,-1.5825763707902574,0.015661707820773252,0.03335986350895381,0.03685335242822962,0.03335986350895381,21.972716769027144,0.007408692885853441,-0.007408692885853441,-0.0003370632664809475,22.094048074259113,0.11392261234611567,0.11392261234611567,0.005182982806150036
higher_energy_wide_swing,solve_ivp_default,solve_ivp_default,,,1.0951585976627713,0.35641786779549084,-0.7910090427130383,0.36839583731011527,-0.8309528013403701,0.011977969514624431,0.039943758627331793,0.039943758627331793,-0.3621436464933223,-1.6402808899659427,-0.3784546959986349,-1.607078587586693,0.01631104950531259,0.03320230237924959,0.03699247517060573,0.03320230237924959,21.97217664382748,0.007948818085516507,-0.007948818085516507,-0.00036163661118723643,22.096492355564198,0.11636689365120034,0.11636689365120034,0.005294186962346509
higher_energy_wide_swing,solve_ivp_default,solve_ivp_default,,,1.0984974958263773,0.33487580235268843,-0.767024368133236,0.3473309977836351,-0.8077217986382342,0.012455195430946642,0.04069743050499819,0.04069743050499819,-0.3653440481914375,-1.6644300651334554,-0.38232507861117887,-1.6314312751601383,0.01698103041974136,0.032998789973317066,0.0371116630430283,0.032998789973317066,21.971780711693086,0.0083447502199121,-0.0083447502199121,-0.0003796497992867158,22.10504253474004,0.12491707282704212,0.12491707282704212,0.005683182884624454
higher_energy_wide_swing,solve_ivp_default,solve_ivp_default,,,1.1018363939899833,0.3128842260322881,-0.7423474981779947,0.32583592467246747,-0.7838185189356792,0.012951698640179365,0.041471020757684496,0.041471020757684496,-0.3682154966626521,-1.6883333877140254,-0.3858880833008336,-1.655606353078183,0.017672586638181498,0.03272703463584237,0.03719380478708326,0.03272703463584237,21.965477498452728,0.014647963460269864,-0.014647963460269864,-0.000666418555510602,22.114873447509524,0.13474798559652612,0.13474798559652612,0.006130446608688219
higher_energy_wide_swing,solve_ivp_default,solve_ivp_default,,,1.1051752921535893,0.290446550921447,-0.7169864126113035,0.30387943422468994,-0.7592036517411381,0.013432883303242937,0.04221723912983466,0.04221723912983466,-0.3707359477034582,-1.7119055133738093,-0.3891198661807903,-1.6795672541360944,0.018383918477332117,0.03233825923771483,0.037198541222833476,0.03233825923771483,21.923968892353876,0.056156569559121294,-0.056156569559121294,-0.0025548793912222654,22.12185710740379,0.1417316454907933,0.1417316454907933,0.00644817272478198
higher_energy_wide_swing,solve_ivp_default,solve_ivp_default,,,1.1085141903171953,0.2675034443410515,-0.6908619449295421,0.2814301265171985,-0.7338373789571816,0.01392668217614701,0.04297543402763948,0.04297543402763948,-0.37287721701143867,-1.73513087063264,-0.39199443822329294,-1.7032691227026442,0.019117221211854274,0.031861747929995854,0.0371569526201701,0.031861747929995854,21.876547275210598,0.10357818670239993,-0.10357818670239993,-0.004712356482308505,22.123467006355874,0.14334154444287606,0.14334154444287606,0.0065214161170852845
higher_energy_wide_swing,solve_ivp_default,solve_ivp_default,,,1.1118530884808013,0.2439915177192431,-0.6638891960951847,0.2584563854557079,-0.7076793748805182,0.014464867736464826,0.04379017878533353,0.04379017878533353,-0.3746068066721312,-1.7579831765534335,-0.3944836312422038,-1.726658154378275,0.019876824570072615,0.03132502217515842,0.03709912626011035,0.03132502217515842,21.848956236421003,0.13116922549199472,-0.13116922549199472,-0.00596762860700153,22.118731324018114,0.13860586210511627,0.13860586210511627,0.006305963191397224
higher_energy_wide_swing,solve_ivp_default,solve_ivp_default,,,1.1151919866444073,0.2198557485278148,-0.6359947624876385,0.23492637877475156,-0.6806888062019941,0.01507063024693675,0.04469404371435559,0.04469404371435559,-0.3758892296900729,-1.7804101466221294,-0.3965570845365346,-1.749670898672189,0.02066785484646172,0.03073924794994043,0.03704134971194122,0.03073924794994043,21.85292324608924,0.12720221582375757,-0.12720221582375757,-0.005787146940729372,22.108131656457385,0.1280061945443869,0.1280061945443869,0.005823724471736755
higher_energy_wide_swing,solve_ivp_default,solve_ivp_default,,,1.1185308848080133,0.19504948028221106,-0.6071167359032434,0.21080805803768132,-0.6528243320065932,0.015758577755470266,0.045707596103349735,0.045707596103349735,-0.37668674324964635,-1.8023344175112124,-0.3981822565155574,-1.7722335261052957,0.021495513265911037,0.030100891405916652,0.03698811638885852,0.030100891405916652,21.888687099069458,0.09143836284354023,-0.09143836284354023,-0.004160047357417681,22.093425571361507,0.11330010944850955,0.11330010944850955,0.0051546616348862595
higher_energy_wide_swing,solve_ivp_default,solve_ivp_default,,,1.1218697829716193,0.16953442254152784,-0.5772047035552728,0.186069158636668,-0.6240441037734373,0.016534736095140168,0.04683940021816457,0.04683940021816457,-0.3769601730278051,-1.8236546969338099,-0.39932446618520145,-1.7942610620371413,0.022364293157396353,0.029393634896668575,0.03693436585171888,0.029393634896668575,21.947875867177984,0.03224959473501343,-0.03224959473501343,-0.0014672161353626164,22.07736577029516,0.0972403083821618,0.0972403083821618,0.004424010615892939
higher_energy_wide_swing,solve_ivp_default,solve_ivp_default,,,1.1252086811352253,0.14328065090851255,-0.5462197480739323,0.16067719979270081,-0.5943057653757858,0.017396548884188262,0.04808601730185358,0.04808601730185358,-0.37666983356734707,-1.8442471914556606,-0.3999469699679979,-1.8156565905813453,0.023277136400650822,0.02859060087431531,0.03686797441369546,0.02859060087431531,22.016730841129323,0.03660537921632567,0.03660537921632567,0.001665385362779444,22.063282622852242,0.08315716093924408,0.08315716093924408,0.0037832887297817386
higher_energy_wide_swing,solve_ivp_default,solve_ivp_default,,,1.1285475792988313,0.11626660702956401,-0.5141344475063611,0.1345994845555878,-0.5635664530810359,0.018332877526023778,0.049432005574674864,0.049432005574674864,-0.3757765437647782,-1.8639673595509172,-0.4000110799491652,-1.8363104332400528,0.02423453618438698,0.02765692631086436,0.036772521222197194,0.02765692631086436,22.079630716826294,0.09950525491329643,0.09950525491329643,0.0045270558207558195,22.05449211836281,0.07436665644981133,0.07436665644981133,0.003383359052188912
higher_energy_wide_swing,solve_ivp_default,solve_ivp_default,,,1.1318864774624375,0.08847909859473083,-0.48093287531662876,0.10780309980395364,-0.5317827955507202,0.019324001209222813,0.050849920234091406,0.050849920234091406,-0.3742427302378863,-1.8826520319724165,-0.3994763302812656,-1.8560993083794908,0.025233600043379323,0.02655272359292571,0.03663033853722276,0.02655272359292571,22.122769500092772,0.14264403817977467,0.14264403817977467,0.006489682619280187,22.0534917928298,0.07336633091680156,0.07336633091680156,0.003337848596175222
higher_energy_wide_swing,solve_ivp_default,solve_ivp_default,,,1.1352253756260435,0.059913299337718384,-0.44661060038574485,0.08025491624524705,-0.4989109138405158,0.02034161690752867,0.05230031345477093,0.05230031345477093,-0.37203360484100456,-1.9001219344693996,-0.3983006991276919,-1.8748854794135472,0.02626709428668733,0.02523645505585237,0.0364258000056523,0.02626709428668733,22.13768995200369,0.1575644900906923,0.1575644900906923,0.007168498212793139,22.060920466289573,0.08079500437657572,0.08079500437657572,0.0036758208917677345
higher_energy_wide_swing,solve_ivp_default,solve_ivp_default,,,1.1385642737896495,0.030572749035878255,-0.41117468701164483,0.0519215884157303,-0.46490642140023075,0.021348839379852047,0.05373173438858592,0.05373173438858592,-0.36911839606747837,-1.916184638870514,-0.39644089416569744,-1.8925159015891988,0.027322498098219072,0.023668737281315133,0.0361486932933834,0.027322498098219072,22.12419083245956,0.14406537054656354,0.14406537054656354,0.006554347053032021,22.074296394793727,0.0941709328807292,0.0941709328807292,0.004284367395623283
higher_energy_wide_swing,solve_ivp_default,solve_ivp_default,,,1.1419031719532555,0.0004693535102152091,-0.3746436949091998,0.022769554680485915,-0.4297244240738135,0.022300201170270706,0.055080729164613706,0.055080729164613706,-0.3654716077476081,-1.9306379574644157,-0.39385271028274954,-1.9088213796058768,0.028381102535141423,0.021816577858538855,0.03579734697666712,0.028381102535141423,22.091942112614724,0.11181665070172642,0.11181665070172642,0.005087170721362874,22.086631060920627,0.10650559900762957,0.10650559900762957,0.004845540995304222
higher_energy_wide_swing,solve_ivp_default,solve_ivp_default,,,1.1452420701168615,-0.030376615374614613,-0.33704767921021356,-0.00724511294062331,-0.39330712100714577,0.023131502433991303,0.05625944179693221,0.05625944179693221,-0.361074272593445,-1.9432737824531772,-0.3904901662173203,-1.9236204294555335,0.02941589362387531,0.019653352997643703,0.03537723960035801,0.02941589362387531,22.06000227918223,0.07987681726923057,0.07987681726923057,0.0036340473764647314,22.081608359369426,0.10148289745642813,0.10148289745642813,0.0046170299451782915
higher_energy_wide_swing,solve_ivp_default,solve_ivp_default,,,1.1485809682804675,-0.06193599887190556,-0.29842894867255476,-0.03812083686709234,-0.35566550044167405,0.02381516200481322,0.05723655176911929,0.05723655176911929,-0.3559153679338348,-1.9538821664518387,-0.3863258970525283,-1.936688448542383,0.030410529118693463,0.017193717909455675,0.03493457051158408,0.030410529118693463,22.041770425261745,0.061644963348747694,0.061644963348747694,0.0028045774104231407,22.041184294829616,0.0610588329166184,0.0610588329166184,0.002777911027961178
higher_energy_wide_swing,solve_ivp_default,solve_ivp_default,,,1.1519198664440735,-0.09410789569156411,-0.25892967178816967,-0.06968358918455715,-0.3170402596116041,0.024424306507006957,0.05811058782343442,0.05811058782343442,-0.35001509966825317,-1.9622397042021635,-0.38138290441871364,-1.947735375390299,0.03136780475046047,0.014504328811864475,0.034558858909774386,0.03136780475046047,21.925218241706183,0.0549072202068146,-0.0549072202068146,-0.0024980394357601568,21.983096959817775,0.0029714979047774648,0.0029714979047774648,0.00013519021581230074
higher_energy_wide_swing,solve_ivp_default,solve_ivp_default,,,1.1552587646076795,-0.12667625623491485,-0.21885126556950707,-0.10175207734973327,-0.27768119787706935,0.024924178885181586,0.05882993230756228,0.05882993230756228,-0.34344616731450384,-1.9681347798371878,-0.3757029969931178,-1.9565213903603833,0.032256829678613985,0.011613389476804459,0.03428372611101461,0.032256829678613985,21.77235509243456,0.20777036947843897,-0.20777036947843897,-0.009452647112431727,21.919544522672915,0.0605809392400829,-0.0605809392400829,-0.002756168946581179
higher_energy_wide_swing,solve_ivp_default,solve_ivp_default,,,1.1585976627712855,-0.15943048906441046,-0.17848741229068255,-0.1341542810267332,-0.237825736517952,0.025276208037677245,0.05933832422726945,0.05933832422726945,-0.3362971633869076,-1.971431221870484,-0.3693423604622294,-1.9628673090280606,0.033045197075321775,0.008563912842423305,0.03413686647774628,0.033045197075321775,21.678536990014692,0.30158847189830595,-0.30158847189830595,-0.013720962258422786,21.85708890173944,0.12303656017355635,-0.12303656017355635,-0.0055976277472461755
higher_energy_wide_swing,solve_ivp_default,solve_ivp_default,,,1.1619365609348915,-0.19217947962140458,-0.138104801659027,-0.16672745208706638,-0.1976989187338827,0.0254520275343382,0.05959411707485571,0.05959411707485571,-0.3286649123991942,-1.9720689686233812,-0.3623696694869222,-1.9666542826751123,0.033704757087727966,0.0054146859482688825,0.03413692244859119,0.033704757087727966,21.698456116739074,0.28166934517392406,-0.28166934517392406,-0.01281472872673082,21.801773964675327,0.17835149723767074,-0.17835149723767074,-0.008114216524683488
higher_energy_wide_swing,solve_ivp_default,solve_ivp_default,,,1.1652754590984975,-0.2247515902261521,-0.09794313081508652,-0.1993181146096391,-0.1575134096442406,0.02543347561651299,0.05957027882915408,0.05957027882915408,-0.3206508203673051,-1.9700569034181674,-0.3548638783381836,-1.967822209702198,0.034213057970878535,0.0022346937159694047,0.034285962021254245,0.034213057970878535,21.84526584902936,0.13485961288363768,-0.13485961288363768,-0.006135525164190779,21.763033639667924,0.21709182224507373,-0.21709182224507373,-0.009876732624718129
higher_energy_wide_swing,solve_ivp_default,solve_ivp_default,,,1.1686143572621035,-0.256994660077809,-0.05821510433262228,-0.23178206488075462,-0.11746949628815362,0.025212595197054405,0.05925439195553134,0.05925439195553134,-0.31235729298718745,-1.9654642064848418,-0.34691181805126176,-1.9663669674368567,0.034554525064074304,0.0009027609520149138,0.03456631568073494,0.034554525064074304,22.096376810094565,0.11625134818156724,0.11625134818156724,0.005288930146600243,21.754847489787846,0.2252779721251521,-0.2252779721251521,-0.010249166799139165
higher_energy_wide_swing,solve_ivp_default,solve_ivp_default,,,1.1719532554257095,-0.28877600525443237,-0.01910643421861058,-0.26398437139411307,-0.07775508762449773,0.024791633860319295,0.05864865340588715,0.05864865340588715,-0.30388439748154994,-1.9584106392819765,-0.3386057196790325,-1.9623366015151462,0.034721322197482585,0.003925962233169766,0.03494257281022209,0.034721322197482585,22.404477045477236,0.4243515835642384,0.4243515835642384,0.019306149289254594,21.793520245733465,0.18660521617953307,-0.18660521617953307,-0.008489724797198325
higher_energy_wide_swing,solve_ivp_default,solve_ivp_default,,,1.1752921535893155,-0.31998241871298033,0.01922416008675687,-0.2957993748508116,-0.03854571453189787,0.02418304386216874,0.05776987461865474,0.05776987461865474,-0.2953268957853237,-1.9490561699459983,-0.33004077093692696,-1.9558266324441127,0.03471387515160329,0.006770462498114416,0.03536795570116365,0.03471387515160329,22.711720339777635,0.7315948778646373,0.7315948778646373,0.03328438134406191,21.892797023878103,0.08732843803489487,-0.08732843803489487,-0.003973063674555314
higher_energy_wide_swing,solve_ivp_default,solve_ivp_default,,,1.1786310517529215,-0.3505201702893122,0.05664495171007344,-0.3271106881593442,-4.5298087272827026e-06,0.023409482129968018,0.056649481518800726,0.056649481518800726,-0.2867717305587877,-1.937590324170933,-0.32131279808724394,-1.9469746547381455,0.03454106752845626,0.009384330567212551,0.03579316982610083,0.03454106752845626,22.96481870055842,0.9846932386454235,0.9846932386454235,0.044799254688136,22.057971972228245,0.07784651031524703,0.07784651031524703,0.0035416772506662395
higher_energy_wide_swing,solve_ivp_default,solve_ivp_default,,,1.1819699499165275,-0.3803150066981886,0.0930512063447172,-0.3578111964356017,0.037717691826892275,0.022503810262586854,0.05533351451782492,0.05533351451782492,-0.2782960031828903,-1.9242216064219582,-0.31251614731342026,-1.9359544124698989,0.034220144130529984,0.011732806047940691,0.03617564100431172,0.034220144130529984,23.128964829076484,1.148839367163486,1.148839367163486,0.05226718879080952,22.2807067744769,0.30058131256390297,0.30058131256390297,0.013675140894202268
higher_energy_wide_swing,solve_ivp_default,solve_ivp_default,,,1.1853088480801335,-0.40931215153327066,0.12836518225085103,-0.3878030570028721,0.07448255373709034,0.021509094530398565,0.05388262851376069,0.05388262851376069,-0.2699654464576927,-1.9091672854282156,-0.3037418211380663,-1.9229695361071684,0.03377637468037359,0.013802250678952799,0.03648760899748893,0.03377637468037359,23.199036029666452,1.2189105677534542,1.2189105677534542,0.05545512330516828,22.53561620133528,0.5554907394222823,0.5554907394222823,0.025272409858844193
higher_energy_wide_swing,solve_ivp_default,solve_ivp_default,,,1.1886477462437397,-0.4374763151509964,0.16253646217794804,-0.416997699391842,0.11016403736425034,0.020478615759154384,0.05237242481369769,0.05237242481369769,-0.2618330469280108,-1.8926437213526928,-0.29507590666313666,-1.908247119568673,0.03324285973512586,0.015603398215980224,0.03672266002423717,0.03324285973512586,23.208695379618923,1.2285699177059257,1.2285699177059257,0.05589458166809752,22.77886026906191,0.7987348071489109,0.7987348071489109,0.03633895577770713
higher_energy_wide_swing,solve_ivp_default,solve_ivp_default,,,1.1919866444073457,-0.4648033603909832,0.19556278296629384,-0.44531582534058906,0.14464850223100018,0.019487535050394134,0.050914280735293665,0.050914280735293665,-0.25392841088846074,-1.8748481916987676,-0.2865983144755453,-1.8920313043869612,0.03266990358708455,0.017183112688193614,0.03691316786791077,0.03266990358708455,23.21946645271231,1.2393409907993131,1.2393409907993131,0.05638461859313926,22.948454450236877,0.9683289883238793,0.9683289883238793,0.04405475255370096
higher_energy_wide_swing,solve_ivp_default,solve_ivp_default,,,1.1953255425709517,-0.49132584828105486,0.22749027748604528,-0.4726998581049801,0.17785251224885057,0.018625990176074747,0.04963776523719471,0.04963776523719471,-0.24626213803555635,-1.8559435930634636,-0.27837536977282906,-1.8745681992614447,0.03211323173727271,0.01862460619798112,0.03712324889663694,0.03211323173727271,23.230421656967422,1.2502961950544247,1.2502961950544247,0.05688303268427329,22.981707664039227,1.0015822021262295,1.0015822021262295,0.04556762898654805
higher_energy_wide_swing,solve_ivp_default,solve_ivp_default,,,1.1986644407345577,-0.5170803377627776,0.2583690251672726,-0.49923949810919227,0.20990295098039818,0.01784083965358535,0.04846607418687443,0.04846607418687443,-0.23884023181720015,-1.8360741854854248,-0.27039301490671586,-1.8559980530503772,0.0315527830895157,0.019923867564952458,0.037316733772394826,0.0315527830895157,23.233939119320333,1.2538136574073349,1.2538136574073349,0.05704306190517129,22.972915121598092,0.9927896596850943,0.9927896596850943,0.04516760659102665
higher_energy_wide_swing,solve_ivp_default,solve_ivp_default,,,1.2020033388981637,-0.5421033387002714,0.28824903512946876,-0.5250001813140337,0.24089206860617926,0.01710315738623769,0.047356966523289495,0.047356966523289495,-0.2316649686573765,-1.8153684813960265,-0.26264412972385115,-1.8364493920867386,0.030979161066474636,0.021080910690712162,0.03747149871478802,0.030979161066474636,23.228901137773008,1.24877567586001,1.24877567586001,0.056813855681755746,22.962533761565133,0.9824082996521355,0.9824082996521355,0.04469529991329874
higher_energy_wide_swing,solve_ivp_default,solve_ivp_default,,,1.2053422370617697,-0.5664313118802105,0.31718024618154916,-0.5500228510005557,0.2708769831802266,0.01640846087965475,0.04630326300132254,0.04630326300132254,-0.22473543344742591,-1.7939400320111374,-0.25513016495782587,-1.816049184705196,0.030394731510399953,0.022109152694058665,0.03758529415128344,0.030394731510399953,23.218158109290933,1.2380326473779348,1.2380326473779348,0.05632509466441349,22.955425142495166,0.9752996805821681,0.9752996805821681,0.044371888698822956
higher_energy_wide_swing,solve_ivp_default,solve_ivp_default,,,1.2086811352253757,-0.5901006690118229,0.3452125268218518,-0.5743470652453616,0.29991273045884154,0.015753603766461288,0.045299796363010236,0.045299796363010236,-0.21804799668696384,-1.771888222064379,-0.2478499032185983,-1.7949094875477292,0.029801906531634448,0.02302126548335015,0.03765809736796544,0.029801906531634448,23.20632946347842,1.2262040015654208,1.2262040015654208,0.055786942785662354,22.953209061953306,0.973083600040308,0.973083600040308,0.04427106668369388
higher_energy_wide_swing,solve_ivp_default,solve_ivp_default,,,1.2120200333889817,-0.6131477727268909,0.37239567523813716,-0.5980109969206077,0.3280522639005934,0.015136775806283254,0.04434341133754377,0.04434341133754377,-0.21159673773516802,-1.7492990613949826,-0.24079998841882616,-1.7731287561642457,0.029203250683658144,0.02382969476926311,0.037691964704547117,0.029203250683658144,23.19794492823557,1.2178194663225739,1.2178194663225739,0.05540548294106886,22.955501575220737,0.975376113307739,0.975376113307739,0.044375366055023825
higher_energy_wide_swing,solve_ivp_default,solve_ivp_default,,,1.2153589315525877,-0.6356089365797506,0.3987794193075887,-0.6210514336940023,0.3553464546663201,0.014557502885748308,0.04343296464126861,0.04343296464126861,-0.20537381871365273,-1.726245964035781,-0.23397538207099822,-1.750793095197928,0.028601563357345483,0.024547131162147018,0.03769099461112557,0.028601563357345483,23.195903981286925,1.2157785193739272,1.2157785193739272,0.055312628741843145,22.960846053785435,0.9807205918724371,0.9807205918724371,0.04461851655814352
higher_energy_wide_swing,solve_ivp_default,solve_ivp_default,,,1.2186978297161937,-0.6575204250472921,0.42441341659681203,-0.6435037780288063,0.3818440916191276,0.014016647018485817,0.04256932497768445,0.04256932497768445,-0.19936981358292616,-1.7027905073109504,-0.22736975496208456,-1.7279774440486766,0.0279999413791584,0.025186936737726207,0.037661366139142234,0.0279999413791584,23.200217002619983,1.220091540706985,1.220091540706985,0.05550885243221886,22.967391690939515,0.9872662290265168,0.9872662290265168,0.04491631454685027
higher_energy_wide_swing,solve_ivp_default,solve_ivp_default,,,1.2220367278797997,-0.6789184535289596,0.4493472543618355,-0.6654020471838331,0.40759188132439034,0.01351640634512652,0.04175537303744514,0.04175537303744514,-0.19357399681933335,-1.6789831650723213,-0.22097582196212312,-1.704746695898168,0.02740182514278977,0.025763530825846814,0.03761142833993924,0.02740182514278977,23.206986965334586,1.2268615034215884,1.2268615034215884,0.055816856257143985,22.973374831661573,0.9932493697485754,0.9932493697485754,0.045188521397189964
higher_energy_wide_swing,solve_ivp_default,solve_ivp_default,,,1.2253756260434057,-0.6998385770976239,0.4736297172545389,-0.6867788732134485,0.43263444804975115,0.013059703884175322,0.04099526920478774,0.04099526920478774,-0.18797478007736285,-1.6548647383169097,-0.2147856269779162,-1.6811567495504334,0.026810846900553353,0.02629201123352365,0.03755118328666415,0.026810846900553353,23.20829832476317,1.2281728628501725,1.2281728628501725,0.05587651740106495,22.977451270200795,0.9973258082877976,0.9973258082877976,0.04537398160060353
higher_energy_wide_swing,solve_ivp_default,solve_ivp_default,,,1.2287145242070117,-0.7203072807038806,0.4972978218506342,-0.7076655029675707,0.457014333765121,0.012641777736309923,0.040283488085513186,0.040283488085513186,-0.18256324949003133,-1.6304779270435024,-0.20879078434124765,-1.6572554947594678,0.026227534851216316,0.0267775677159654,0.0374822853779606,0.0267775677159654,23.202929604915536,1.2228041430025378,1.2228041430025378,0.05563226402512597,22.978918238781354,0.9987927768683562,0.9987927768683562,0.04544072228336718
higher_energy_wide_swing,solve_ivp_default,solve_ivp_default,,,1.2320534223706177,-0.7403470467652297,0.520382093284899,-0.7280917980916704,0.4807719981426791,0.012255248673559316,0.039610095142219914,0.039610095142219914,-0.17733246469576935,-1.6058637665940563,-0.2029826822354568,-1.6330837326385077,0.025650217539687437,0.027219966044451427,0.03740133969919229,0.027219966044451427,23.193797158315704,1.213671696402706,1.213671696402706,0.055216777470435616,22.977855924448612,0.997730462535614,0.997730462535614,0.04539239160688478
higher_energy_wide_swing,solve_ivp_default,solve_ivp_default,,,1.2353923205342237,-0.7599799527846853,0.5429123367956427,-0.7480862350267703,0.5039458185568733,0.011893717757915034,0.0389665182387694,0.0389665182387694,-0.17227516972739754,-1.5810575304521297,-0.19735265312299177,-1.60867603342473,0.025077483395594236,0.02761850297260038,0.03730498465223971,0.02761850297260038,23.183140657147817,1.2030151952348191,1.2030151952348191,0.05473195306912124,22.97521098071639,0.9950855188033927,0.9950855188033927,0.045272058184002165
higher_energy_wide_swing,solve_ivp_default,solve_ivp_default,,,1.2387312186978297,-0.7792270739941839,0.5649170789690541,-0.7676759050094465,0.5265720900844193,0.011551168984737403,0.03834498888463478,0.03834498888463478,-0.16738394560595649,-1.5560899033066504,-0.19189211554454144,-1.5840615343515578,0.024508169938584956,0.027971631044907408,0.03718954876105634,0.027971631044907408,23.172947856263526,1.1928223943505287,1.1928223943505287,0.05426822501161073,22.972838802609658,0.9927133406966604,0.9927133406966604,0.04516413440937027
higher_energy_wide_swing,solve_ivp_default,solve_ivp_default,,,1.2420701168614359,-0.7981084833545847,0.586423567739204,-0.7868857959283132,0.5486846453691044,0.011222687426271527,0.03773892237009957,0.03773892237009957,-0.16265130802685923,-1.530987501322961,-0.1865925084073201,-1.5592653875201345,0.02394120038046088,0.02827788619717353,0.037051584627889766,0.02827788619717353,23.164887222447454,1.1847617605344567,1.1847617605344567,0.053901501271564775,22.972270054604124,0.9921445926911261,0.9921445926911261,0.04513825885162972
higher_energy_wide_swing,solve_ivp_default,solve_ivp_default,,,1.2454090150250419,-0.8166432515556656,0.6074577723880386,-0.8057341352122929,0.5703102121927355,0.010909116343372771,0.037147560195303075,0.037147560195303075,-0.15806979054292392,-1.505773358849218,-0.1814460953570799,-1.5343153953496538,0.02337630481415598,0.028542036500435852,0.03689308165979829,0.028542036500435852,23.160269905984464,1.1801444440714661,1.1801444440714661,0.053691433477775725,22.970960932149396,0.990835470236398,0.990835470236398,0.04507869948027869
higher_energy_wide_swing,solve_ivp_default,solve_ivp_default,,,1.2487479131886479,-0.8348494470161298,0.6280443835453886,-0.8242366078390801,0.5914706548834816,0.010612839177049693,0.036573728661907,0.036573728661907,-0.1536320150381748,-1.4804673830910806,-0.17644711540928026,-1.5092390816176477,0.022815100371105457,0.028771698526567135,0.03671974184341826,0.028771698526567135,23.160033622138883,1.1799081602258852,1.1799081602258852,0.05368068359165745,22.969187922483854,0.9890624605708567,0.9890624605708567,0.04499803526074939
higher_energy_wide_swing,solve_ivp_default,solve_ivp_default,,,1.2520868113522539,-0.8527441358836012,0.6482068131889634,-0.8424083734400825,0.6121870059426882,0.010335762443518748,0.03601980724627529,0.03601980724627529,-0.14933075108658034,-1.4550867783635852,-0.171589794850194,-1.4840607072528074,0.02225904376361365,0.028973928889222123,0.03653701663447863,0.028973928889222123,23.164742615520986,1.184617153607988,1.184617153607988,0.05389492228607539,22.967395514744204,0.9872700528312066,0.9872700528312066,0.044916488513313584
higher_energy_wide_swing,solve_ivp_default,solve_ivp_default,,,1.2554257095158599,-0.870343382034626,0.6679671946443522,-0.8602639845151996,0.6324795565580492,0.010079397519426436,0.03548763808630295,0.03548763808630295,-0.1451589656068064,-1.429646441563538,-0.1668682751684425,-1.4588015948358102,0.02170930956163608,0.02915515327227225,0.03634992550161047,0.02915515327227225,23.174599187984512,1.1944737260715144,1.1944737260715144,0.054343353414487545,22.965846166717952,0.9857207048049546,0.9857207048049546,0.04484599992447742
higher_energy_wide_swing,solve_ivp_default,solve_ivp_default,,,1.2587646076794659,-0.8876622470746719,0.6873463825850243,-0.8778173864328237,0.6523678566036086,0.009844860641848197,0.03497852598141571,0.03497852598141571,-0.14110986405735515,-1.4041593305069593,-0.1622766697565684,-1.4334804239089922,0.021166805699213254,0.029321093402032927,0.036162966993859694,0.029321093402032927,23.18946332611017,1.209337864197174,1.209337864197174,0.05501960697597954,22.964672778507428,0.9845473165944298,0.9845473165944298,0.04479261587020721
higher_energy_wide_swing,solve_ivp_default,solve_ivp_default,,,1.2621035058430718,-0.9047147903381287,0.7063639530323291,-0.8950819174298392,0.6718707146397591,0.009632872908289514,0.034493238392570014,0.034493238392570014,-0.1371769242655343,-1.378636806750766,-0.1578091131922843,-1.40811350903085,0.020632188926750006,0.029476702280084144,0.035980038871822016,0.029476702280084144,23.20887780794168,1.2287523460286813,1.2287523460286813,0.05590288136243146,22.963918792996573,0.9837933310835751,0.9837933310835751,0.044758312812558106
higher_energy_wide_swing,solve_ivp_default,solve_ivp_default,,,1.2654424040066778,-0.9215140688883083,0.7250382033554961,-0.9120703086116234,0.6910061979132428,0.00944376027668492,0.034032005442253266,0.034032005442253266,-0.1333539238478385,-1.353088954471888,-0.1534598039207714,-1.382715061256867,0.020105880072932902,0.02962610678497901,0.03580436588940153,0.02962610678497901,23.232096835924985,1.2519713740119869,1.2519713740119869,0.05695924603257583,22.963568599407132,0.9834431374941346,0.9834431374941346,0.04474238052909378
higher_energy_wide_swing,solve_ivp_default,solve_ivp_default,,,1.2687813021702838,-0.9380721375174441,0.7433861522716345,-0.9287946839520456,0.709791632357151,0.009277453565398552,0.03359451991448348,0.03359451991448348,-0.12963496205771408,-1.327524876915297,-0.14922304107823847,-1.3572974337628536,0.019588079020524396,0.02977255684755664,0.035638434041850096,0.02977255684755664,23.258116764675048,1.2779913027620502,1.2779913027620502,0.058143039491587264,22.963570345644932,0.9834448837319343,0.9834448837319343,0.04474245997530999
higher_energy_wide_swing,solve_ivp_default,solve_ivp_default,,,1.2721202003338898,-0.9544000487466919,0.7614235398457339,-0.9452665602934675,0.7282436025909246,0.009133488453224481,0.03317993725480928,0.03317993725480928,-0.12601447678842714,-1.301952971849122,-0.14509325612138468,-1.3318713523463837,0.01907877933295754,0.029918380497261587,0.03548393034057262,0.029918380497261587,23.28570789455992,1.305582432646922,1.305582432646922,0.05939831576071874,22.963852813932863,0.9837273520198657,0.9837273520198657,0.04475531105245333
higher_energy_wide_swing,solve_ivp_default,solve_ivp_default,,,1.2754590984974958,-0.9705078528261294,0.7791648274906637,-0.9614968473467433,0.7463779519203532,0.009011005479386047,0.03278687557031057,0.03278687557031057,-0.12248725736295707,-1.2763811873836879,-0.14106503985741514,-1.3064461315486184,0.018577782494458073,0.03006494416493055,0.03534168742507613,0.03006494416493055,23.313446607477612,1.3333211455646143,1.3333211455646143,0.060660306415219675,22.964337659009786,0.9842121970967881,0.9842121970967881,0.04477736939228231
higher_energy_wide_swing,solve_ivp_default,solve_ivp_default,,,1.2787979966611018,-0.9864045977347558,0.7966231979671734,-0.97749584769122,0.7642097823375759,0.008908750043535751,0.03241341562959754,0.03241341562959754,-0.11904845365859285,-1.2508172594248355,-0.13713316540471543,-1.2810298771351354,0.018084711746122584,0.030212617710299927,0.035211632564382374,0.030212617710299927,23.339747348395782,1.3596218864827847,1.3596218864827847,0.06185687560513372,22.964948029310744,0.984822567397746,0.984822567397746,0.04480513858322781
higher_energy_wide_swing,solve_ivp_default,solve_ivp_default,,,1.2821368948247078,-1.0020983291804924,0.8138105553838926,-0.9932732567747364,0.7817534545210811,0.008825072405755918,0.03205710086281144,0.03205710086281144,-0.11569358204033453,-1.2252689319427827,-0.13329260755504457,-1.255629675662282,0.017599025514710043,0.03036074371949926,0.035092740820125874,0.03036074371949926,23.3628941209409,1.382768659027903,1.382768659027903,0.06290995296746392,22.965614372965312,0.9854889110523146,0.9854889110523146,0.044835454318036656
higher_energy_wide_swing,solve_ivp_default,solve_ivp_default,,,1.2854757929883138,-1.0175960906001829,0.830737525197331,-1.0088381629136243,0.7990225878357065,0.008757927686558586,0.03171493736162456,0.03171493736162456,-0.11241852851344536,-1.1997441611480912,-0.1295385589539224,-1.2302517718367856,0.017120030440477052,0.030507610688694342,0.03498299232792698,0.030507610688694342,23.381071280616347,1.4009458187033488,1.4009458187033488,0.06373693458351262,22.966278059243,0.9861525973300012,0.9861525973300012,0.04486564915376844
higher_energy_wide_swing,solve_ivp_default,solve_ivp_default,,,1.2888146911519198,-1.0329039231595922,0.847413454211878,-1.0241990472927072,0.8160300603326387,0.008704875866885065,0.031383393879239274,0.031383393879239274,-0.10921954945075052,-1.1742513045777727,-0.1258664434665444,-1.2049017343523358,0.01664689401579389,0.030650429774563115,0.03487933379149463,0.030650429774563115,23.392393485892654,1.4122680239796566,1.4122680239796566,0.06425204562307091,22.966893311967016,0.9867678500540187,0.9867678500540187,0.04489364047370352
higher_energy_wide_swing,solve_ivp_default,solve_ivp_default,,,1.2921535893155258,-1.0480269073397843,0.8638464602409998,-1.0393637839653016,0.8327880087494138,0.008663123374482717,0.031058451491585926,0.031058451491585926,-0.10609325871127018,-1.1487992222167922,-0.12227192705179091,-1.1795846108588735,0.01617866834052073,0.030785388642081246,0.03477771503587539,0.030785388642081246,23.395181836040763,1.415056374127765,1.415056374127765,0.06437890341343885,22.967427846310812,0.9873023843978146,0.9873023843978146,0.04491795945881224
higher_energy_wide_swing,solve_ivp_default,solve_ivp_default,,,1.2954924874791318,-1.0629705009360753,0.8800451482009604,-1.0543396398532163,0.8493078285099174,0.008630861082858932,0.030737319691042986,0.030737319691042986,-0.10303618206938236,-1.1233949420983076,-0.11875092642643137,-1.1543050726894903,0.015714744357049004,0.03091013059118275,0.034675486490767155,0.03091013059118275,23.394087774569673,1.4139623126566754,1.4139623126566754,0.06432912838039888,22.96786251793408,0.9877370560210821,0.9877370560210821,0.04493773512497123
higher_energy_wide_swing,solve_ivp_default,solve_ivp_default,,,1.298831385642738,-1.0777399808888668,0.8960182014683904,-1.0691332747467532,0.865600173724385,0.008606706142113563,0.03041802774400537,0.03041802774400537,-0.10004476349714819,-1.0980444825253892,-0.11529961576521974,-1.129067549937051,0.01525485226807155,0.03102306741166183,0.034570814704736164,0.03102306741166183,23.391941195217846,1.4118157333048487,1.4118157333048487,0.06423146836678584,22.968190228636182,0.9880647667231841,0.9880647667231841,0.04495264453495935
higher_energy_wide_swing,solve_ivp_default,solve_ivp_default,,,1.302170283806344,-1.0923401076529926,0.9117738233692966,-1.0837507413047045,0.8816749571893981,0.008589366348288108,0.03009886617989843,0.03009886617989843,-0.0971155777728786,-1.0727536445126227,-0.11191443164993453,-1.1038763574387311,0.014798853877055929,0.031122712926108465,0.034461998432409754,0.031122712926108465,23.38919834227621,1.4090728803632118,1.4090728803632118,0.06410668050120291,22.968414281730304,0.9882888198173063,0.9882888198173063,0.04496283797514286
higher_energy_wide_swing,solve_ivp_default,solve_ivp_default,,,1.30550918196995,-1.1067754309846014,0.9273200663405036,-1.098197485054356,0.8975413503878911,0.008577945930245301,0.0297787159526125,0.0297787159526125,-0.0942452809951091,-1.0475275633502585,-0.10859207645129199,-1.0787358121922448,0.014346795456182893,0.031208248841986252,0.03434800337202858,0.031208248841986252,23.38623593847635,1.4061104765633523,1.4061104765633523,0.06397190402756574,22.96854634015213,0.9884208782391326,0.9884208782391326,0.04496884605831123
higher_energy_wide_swing,solve_ivp_default,solve_ivp_default,,,1.308848080133556,-1.121050289941153,0.9426648319296497,-1.1124783443914876,0.9132077834891462,0.008571945549665339,0.029457048440503453,0.029457048440503453,-0.0914306213893531,-1.0223707665363726,-0.10532952030184584,-1.0536503426932857,0.013898898912492741,0.031279576156913125,0.034228515532167325,0.031279576156913125,23.38335797484254,1.4032325129295415,1.4032325129295415,0.06384096921380421,22.968604108557813,0.9884786466448148,0.9884786466448148,0.044971474269227596
higher_energy_wide_swing,solve_ivp_default,solve_ivp_default,,,1.312186978297162,-1.135168812881419,0.9578158707951883,-1.1265975505803691,0.928681945348795,0.008571262301049876,0.02913392544639326,0.02913392544639326,-0.08866844927325346,-0.9972872288417842,-0.10212400179514791,-1.0286245906499667,0.013455552521894454,0.03133736180818247,0.034103990071051714,0.03133736180818247,23.38080242824669,1.400676966333691,1.400676966333691,0.06372470297136265,22.96860883550594,0.9884833735929419,0.9884833735929419,0.044971689324784736
higher_energy_wide_swing,solve_ivp_default,solve_ivp_default,,,1.315525876460768,-1.1491349174654835,0.9727807827063876,-1.1405587277537639,0.9439707835088182,0.008576189711719584,0.028809999197569325,0.028809999197569325,-0.08595572625615089,-0.9722804246100745,-0.09897302752648596,-1.0036635054973566,0.013017301270335069,0.031383080887282144,0.0339756957006087,0.031383080887282144,23.378747838780285,1.3986223768672872,1.3986223768672872,0.06363122809698288,22.968582711828606,0.9884572499156086,0.9884572499156086,0.04497050081121694
higher_energy_wide_swing,solve_ivp_default,solve_ivp_default,,,1.318864774624374,-1.1629523106547424,0.9875670165433305,-1.154364892912928,0.959080504197546,0.008587417741814374,0.028486512345784476,0.028486512345784476,-0.08328953374272807,-0.9473533773951625,-0.09587437057310744,-0.9787724321038684,0.012584836830379365,0.031419054708705985,0.033845754783073355,0.031419054708705985,23.37731969514453,1.3971942332315308,1.3971942332315308,0.06356625378015147,22.968546225363877,0.988420763450879,0.988420763450879,0.04496884083594552
higher_energy_wide_swing,solve_ivp_default,solve_ivp_default,,,1.32220367278798,-1.1766244887119035,1.002181870296915,-1.168018455927609,0.9740165723296577,0.008606032784294504,0.028165297967257308,0.028165297967257308,-0.08066708080427398,-0.9225087070383979,-0.0928260679968742,-0.9539571920315406,0.012158987192600224,0.03144848499314268,0.03371717926982826,0.03144848499314268,23.376596589573097,1.3964711276600994,1.3964711276600994,0.06353335562528496,22.968515519476103,0.9883900575631053,0.9883900575631053,0.04496744385175509
higher_energy_wide_swing,solve_ivp_default,solve_ivp_default,,,1.325542570951586,-1.190154737200987,1.0166324910688536,-1.1815212195360476,0.9887837115061816,0.008633517664939472,0.027848779562671955,0.027848779562671955,-0.07808571147524568,-0.8977486742860865,-0.08982641743952835,-0.9292241586844063,0.011740705964282672,0.03147548439831982,0.03359390264093496,0.03147548439831982,23.376616114731828,1.3964906528188301,1.3964906528188301,0.06353424393498841,22.968499792555253,0.9883743306422552,0.9883743306422552,0.04496672834533648
higher_energy_wide_swing,solve_ivp_default,solve_ivp_default,,,1.328881469115192,-1.2035461309873254,1.0309258750716743,-1.194877070104023,1.0033857511060067,0.008669060883302437,0.02754012396566763,0.02754012396566763,-0.07554291152718562,-0.8730752230468779,-0.08687504290641712,-0.9045779527370088,0.011332131379231503,0.031502729690130904,0.03347893635594802,0.031502729690130904,23.377380483934186,1.397255022021188,1.397255022021188,0.06356901940538698,22.968578799652963,0.9884533377399656,0.9884533377399656,0.04497032282426005
higher_energy_wide_swing,solve_ivp_default,solve_ivp_default,,,1.332220367278798,-1.2168015342375624,1.0450688676287192,-1.2081057651354186,1.0178267287774163,0.008695769102143869,0.02724213885130289,0.02724213885130289,-0.07303631476667793,-0.8484900203865854,-0.08397702735645096,-0.8800076189507766,0.010940712589773027,0.03151759856419123,0.03336252705095234,0.03151759856419123,23.378861863174144,1.3987364012611465,1.3987364012611465,0.0636364157104047,22.96927769121917,0.9891522293061712,0.9891522293061712,0.045002119347324336
higher_energy_wide_swing,solve_ivp_default,solve_ivp_default,,,1.335559265442404,-1.2299236004196548,1.0590681631741456,-1.2212102017909718,1.0321143602327973,0.008713398628682922,0.026953802941348304,0.026953802941348304,-0.07056370889889851,-0.8239944943558395,-0.08112896463289987,-0.8555140518976296,0.010565255734001355,0.031519557541790144,0.03324315172114504,0.031519557541790144,23.381007409181144,1.4008819472681466,1.4008819472681466,0.06373402871132763,22.970571770355107,0.9904463084421096,0.9904463084421096,0.04506099431317386
higher_energy_wide_swing,solve_ivp_default,solve_ivp_default,,,1.33889816360601,-1.2429147723028702,1.0729303052529262,-1.2341893172584981,1.0462566317924558,0.008725455044372055,0.02667367346047045,0.02667367346047045,-0.06812304099342459,-0.7995898697435837,-0.0783261944158723,-0.831101059729123,0.010203153422447708,0.031511189985539256,0.033121887537801285,0.031511189985539256,23.383744012178248,1.40361855026525,1.40361855026525,0.06385853223164854,22.972323871747864,0.9921984098348666,0.9921984098348666,0.045140707297332806
higher_energy_wide_swing,solve_ivp_default,solve_ivp_default,,,1.342237061769616,-1.2557772819577893,1.0866616865208476,-1.247042127271719,1.0602613166950043,0.008735154686070334,0.026400369825843262,0.026400369825843262,-0.06571242258432308,-0.7752772018468181,-0.07556458296857271,-0.8067720587689078,0.00985216038424963,0.03149485692208964,0.03299986479941813,0.03149485692208964,23.386982745481276,1.4068572835682787,1.4068572835682787,0.06400588049445263,22.974409095861628,0.9942836339486298,0.9942836339486298,0.04523557591477434
higher_energy_wide_swing,solve_ivp_default,solve_ivp_default,,,1.345575959933222,-1.2685131507563046,1.1002685487445116,-1.2597677261102622,1.0741359750973618,0.008745424646042332,0.026132573647149826,0.026132573647149826,-0.06333013443210733,-0.7510574083442858,-0.07284050496949479,-0.782530099218721,0.009510370537387458,0.03147269087443516,0.03287822103819125,0.03147269087443516,23.390623026691053,1.4104975647780549,1.4104975647780549,0.06417149743854533,22.976714537490082,0.9965890755770843,0.9965890755770843,0.04534046347023663
higher_energy_wide_swing,solve_ivp_default,solve_ivp_default,,,1.348914858096828,-1.2811241893716205,1.1137569828013354,-1.2723652865996624,1.0878879540747537,0.008758902771958121,0.0258690287265817,0.0258690287265817,-0.06097463097096323,-0.726931299358961,-0.07015082507991377,-0.7583778897258229,0.009176194108950542,0.031446590366861926,0.03275806135940208,0.031446590366861926,23.394556497157197,1.414431035244199,1.414431035244199,0.0643504532171627,22.979138959730676,0.9990134978176783,0.9990134978176783,0.04545076412547152
higher_energy_wide_swing,solve_ivp_default,solve_ivp_default,,,1.3522537562604342,-1.2936119977782545,1.127132928679551,-1.2848340601113613,1.1015243876207128,0.008777937666893276,0.025608541058838252,0.025608541058838252,-0.058644544460668024,-0.7028996057913321,-0.06749287931698666,-0.7343178208796785,0.00884833485631864,0.0314182150883463,0.03264042384937938,0.0314182150883463,23.39867062776297,1.4185451658499737,1.4185451658499737,0.06453762824548107,22.98159242262848,1.001466960715483,1.001466960715483,0.04556238600415715
higher_energy_wide_swing,solve_ivp_default,solve_ivp_default,,,1.3555926544240402,-1.3059779652520336,1.1404021754782037,-1.2971733765627045,1.1150521966470763,0.008804588689329096,0.02534997883112733,0.02534997883112733,-0.0563386888588574,-0.6789630060025711,-0.06486445629424253,-0.7103519877016509,0.008525767435385134,0.03138898169907978,0.03252624913000942,0.03138898169907978,23.402852060009522,1.4227265980965242,1.4227265980965242,0.06472786520540179,22.983995874117223,1.0038704122042255,1.0038704122042255,0.04567173258149617
higher_energy_wide_swing,solve_ivp_default,solve_ivp_default,,,1.3589315525876462,-1.3182232703700993,1.153570361407155,-1.3093826444169465,1.1284780889839896,0.008840625953152825,0.025092272423165474,0.025092272423165474,-0.0540560634257391,-0.65512215092376,-0.06226377838342945,-0.6864822111874025,0.008207714957690349,0.031360060263642464,0.032416353350831754,0.031360060263642464,23.40698969196185,1.426864230048853,1.426864230048853,0.06491610944265595,22.986280709538686,1.0061552476256885,1.0061552476256885,0.04577568264426639
higher_energy_wide_swing,solve_ivp_default,solve_ivp_default,,,1.3622704507512522,-1.330348881010904,1.166642973787082,-1.3214613506832475,1.1418085593799046,0.008887530327656545,0.024834414407177485,0.024834414407177485,-0.051795856069996926,-0.6313776876645272,-0.059689482844522135,-0.6627100589576997,0.007893626774525209,0.03133237129317257,0.0323114040937364,0.03133237129317257,23.41097751893928,1.4308520570262822,1.4308520570262822,0.06509753820585111,22.988388304910355,1.0082628429973575,1.0082628429973575,0.045871569056531
higher_energy_wide_swing,solve_ivp_default,solve_ivp_default,,,1.3656093489148582,-1.342355554354213,1.179625349049475,-1.3334090609166742,1.1550498895015793,0.008946493437538727,0.02457545954789575,0.02457545954789575,-0.04955744644145477,-0.6077302816915757,-0.057140602964156684,-0.6390368650692773,0.007583156522701917,0.031306583377701536,0.03221189882066524,0.031306583377701536,23.41471723895949,1.4345917770464922,1.4345917770464922,0.06526767918283008,22.990269528207257,1.0101440662942593,1.0101440662942593,0.045957156525090345
higher_energy_wide_swing,solve_ivp_default,solve_ivp_default,,,1.3689482470784642,-1.354243836881103,1.1925226727366405,-1.3452254192181994,1.168208147934078,0.009018417662903566,0.024314524802562465,0.024314524802562465,-0.04734040877309764,-0.5841806376448725,-0.0546165492367966,-0.6154637490334973,0.007276140463698955,0.03128311138862483,0.03211814562207142,0.03128311138862483,23.41812063293543,1.4379951710224326,1.4379951710224326,0.06542251878926625,22.99188423219903,1.0117587702860327,1.0117587702860327,0.04603061852577688
higher_energy_wide_swing,solve_ivp_default,solve_ivp_default,,,1.3722871452420702,-1.3660140643739627,1.2053399795016986,-1.3569101482347028,1.1812891901807723,0.009103916139259871,0.024050789320926302,0.024050789320926302,-0.04514451447224255,-0.5607295188565923,-0.05211709061753089,-0.5919916340866695,0.006972576145288345,0.03126211523007727,0.03203024612394468,0.03126211523007727,23.421111729525194,1.440986267612196,1.440986267612196,0.06555860065990646,22.993200731820284,1.0130752699072865,1.0130752699072865,0.046090513526082275
higher_energy_wide_swing,solve_ivp_default,solve_ivp_default,,,1.3756260434056762,-1.3776663619164933,1.2180821531085857,-1.36846304915897,1.1942986586633393,0.009203312757523285,0.02378349444524641,0.02378349444524641,-0.04296973445803176,-0.5373777656353371,-0.049642335870494825,-0.5686212647521427,0.006672601412463064,0.031243499116805573,0.031948080484927956,0.031243499116805573,23.42362876438712,1.4435033024741237,1.4435033024741237,0.06567311478614696,22.994195268634513,1.0140698067215155,1.0140698067215155,0.04613576062059738
higher_energy_wide_swing,solve_ivp_default,solve_ivp_default,,,1.3789649415692822,-1.389200643893708,1.2307539264320517,-1.3798840017296934,1.2072419827217633,0.00931664216401451,0.02351194371028842,0.02351194371028842,-0.040816241239959306,-0.5141263123757053,-0.047192715032493227,-0.545353223730608,0.006376473792533921,0.031226911354902742,0.03187129446373061,0.031226911354902742,23.425625943426,1.445500481513001,1.445500481513001,0.06576397773605769,22.99485146466348,1.014726002750482,1.014726002750482,0.04616561468262736
higher_energy_wide_swing,solve_ivp_default,solve_ivp_default,,,1.3823038397328882,-1.4006166139919314,1.2433598814576623,-1.3911729642314719,1.2201243786143352,0.009443649760459527,0.023235502843327094,0.023235502843327094,-0.03868441072985296,-0.4909762035509204,-0.04476896100743344,-0.5221879481515341,0.0060845502775804805,0.03121174460061371,0.03179928856270756,0.03121174460061371,23.427075019458453,1.4469495575454552,1.4469495575454552,0.06582990438579248,22.99515976768607,1.0150343057730709,1.0150343057730709,0.04617964112770489
higher_energy_wide_swing,solve_ivp_default,solve_ivp_default,,,1.3856427378964942,-1.4119137651988012,1.255904449281798,-1.4023299734948107,1.2329508495176515,0.009583791703990485,0.02295359976414635,0.02295359976414635,-0.036574823777594245,-0.4679286086440193,-0.04237209130363462,-0.49912574521523745,0.005797267526040373,0.031197136571218143,0.03173120925857883,0.031197136571218143,23.42796669159427,1.4478412296812735,1.4478412296812735,0.06587047158534569,22.99511689004819,1.0149914281351933,1.0149914281351933,0.04617769038188445
higher_energy_wide_swing,solve_ivp_default,solve_ivp_default,,,1.3889816360601002,-1.4230913798032665,1.2683919101116532,-1.4133551448961212,1.2457261855266166,0.009736234907145258,0.022665724585036573,0.022665724585036573,-0.03448826741887945,-0.4449848360709917,-0.0400033899229274,-0.4761668072518197,0.0055151225040479535,0.031181971180827994,0.03166594231910119,0.031181971180827994,23.428311836541567,1.4481863746285697,1.4481863746285697,0.06588617417757585,22.994725243059133,1.014599781146135,1.014599781146135,0.04615987214923892
higher_energy_wide_swing,solve_ivp_default,solve_ivp_default,,,1.3923205342237062,-1.434146568208703,1.2808312215581523,-1.4242486723577217,1.2584549636544402,0.00989789585098122,0.022376257903712116,0.022376257903712116,-0.032424088150122876,-0.4221436623251835,-0.03766438940769323,-0.45331122622008535,0.005240301257570357,0.03116756389490183,0.03160502802423819,0.03116756389490183,23.42811658165011,1.447991119737111,1.447991119737111,0.06587729093021691,22.993992369164825,1.0138669072518276,1.0138669072518276,0.04612652957821596
higher_energy_wide_swing,solve_ivp_default,solve_ivp_default,,,1.3956594323873122,-1.4450757834726067,1.2932343552548617,-1.4350108283478364,1.271141547832639,0.010064955124770236,0.022092807422222638,0.022092807422222638,-0.030381231792091956,-0.3994013714113113,-0.03535685304955993,-0.4305590076665555,0.004975621257467977,0.031157636255244203,0.03155241835282797,0.031157636255244203,23.427439881452013,1.4473144195390155,1.4473144195390155,0.06584650401777331,22.992930374272426,1.012804912359428,1.012804912359428,0.04607821343487821
higher_energy_wide_swing,solve_ivp_default,solve_ivp_default,,,1.3989983305509182,-1.455879689768786,1.3056042414601874,-1.4456419638805964,1.2837900889110365,0.010237725888189608,0.021814152549150867,0.021814152549150867,-0.028362172339848724,-0.3767585190842214,-0.03308275726138865,-0.40791008416187235,0.004720584921539928,0.031151565077650933,0.031507204395004505,0.031151565077650933,23.426418169291747,1.446292707378749,1.446292707378749,0.06580002056334366,22.99155536283368,1.0114299009206817,1.0114299009206817,0.04601565640165613
higher_energy_wide_swing,solve_ivp_default,solve_ivp_default,,,1.4023372287145242,-1.4665590636989045,1.3179435101956538,-1.4561425085160389,1.296404524657762,0.010416555182865661,0.021538985537891797,0.021538985537891797,-0.026369531982634364,-0.3542156804267934,-0.030844274112392323,-0.3853643282292012,0.004474742129757958,0.03114864780240778,0.03146842190269912,0.03114864780240778,23.425169490963917,1.4450440290509192,1.4450440290509192,0.0657432111365734,22.989886878561357,1.0097614166483595,1.0097614166483595,0.045939747632381206
higher_energy_wide_swing,solve_ivp_default,solve_ivp_default,,,1.4056761268781301,-1.4771147182882316,1.3302546645749187,-1.466512970360108,1.3089885797592518,0.010601747928123517,0.02126608481566694,0.02126608481566694,-0.024406008612339325,-0.33177336846627176,-0.02864375402474517,-0.3629215647767124,0.004237745412405847,0.031148196310440635,0.031435149428213544,0.031148196310440635,23.42379375115025,1.4436682892372517,1.4436682892372517,0.06568062096546398,22.98794735392893,1.007821892015933,1.007821892015933,0.04585150770691821
higher_energy_wide_swing,solve_ivp_default,solve_ivp_default,,,1.4090150250417364,-1.4875475029856413,1.3425400808037729,-1.4767539360646542,1.3215457658202496,0.010793566920987097,0.02099431498352322,0.02099431498352322,-0.02247436623231691,-0.30943204275815406,-0.026483708628814884,-0.3405815830438573,0.004009342396497972,0.03114954028570327,0.03140650707199078,0.03114954028570327,23.422374319317804,1.442248857404806,1.442248857404806,0.06561604299774923,22.985761571867325,1.0056361099543274,1.0056361099543274,0.0457520641407114
higher_energy_wide_swing,solve_ivp_default,solve_ivp_default,,,1.4123539232053424,-1.4978583036636115,1.3548020081801377,-1.486866070827433,1.3340793813638028,0.01099223283617845,0.020722626816334966,0.020722626816334966,-0.020577425459463727,-0.2871921176526436,-0.024366793773194506,-0.3183441480689433,0.0037893683137307788,0.031152030416299714,0.03138165564904391,0.031152030416299714,23.420979599667085,1.440854137754087,1.440854137754087,0.06555258932669829,22.983356143297996,1.0032306813849985,1.0032306813849985,0.045642627614814545
higher_energy_wide_swing,solve_ivp_default,solve_ivp_default,,,1.4156928213689484,-1.5080480426182266,1.3670425690940702,-1.4968501183921084,1.3465925118312683,0.011197924226118205,0.020450057262801913,0.020450057262801913,-0.018718054117820904,-0.2650539702453113,-0.02229579268498494,-0.29620901168343516,0.003577738567164035,0.031155041438123865,0.03135979624082701,0.031155041438123865,23.41966454792511,1.4395390860121111,1.4395390860121111,0.0654927601985955,22.980759004305664,1.0006335423926664,1.0006335423926664,0.04552446909943972
higher_energy_wide_swing,solve_ivp_default,solve_ivp_default,,,1.4190317195325544,-1.5181176785691757,1.3792637590277586,-1.5067069010482492,1.359088029582308,0.011410777520926452,0.02017572944545054,0.02017572944545054,-0.016899157921752894,-0.24301794801312374,-0.02027359927528849,-0.27417592303656746,0.0033744413535355955,0.031157975023443724,0.03134017010180375,0.031157975023443724,23.418472121555588,1.4383466596425905,1.4383466596425905,0.06543850999098923,22.977998936830055,0.997873474917057,0.997873474917057,0.045398898047518656
higher_energy_wide_swing,solve_ivp_default,solve_ivp_default,,,1.4223706176961604,-1.5280682066597522,1.3914674465555246,-1.5164373196313319,1.3715685938948905,0.0116308870284203,0.01989885266063407,0.01989885266063407,-0.015123671246626946,-0.2210843761364636,-0.018303201584591644,-0.25224463865205843,0.0031795303379646978,0.03116026251559484,0.03132205889163135,0.03116026251559484,23.41743465330761,1.4373091913946112,1.4373091913946112,0.06539130970317572,22.975105116726045,0.9949796548130472,0.9949796548130472,0.04526724183340722
higher_energy_wide_swing,solve_ivp_default,solve_ivp_default,,,1.4257095158597664,-1.5379006584568555,1.403655373343822,-1.5260423535227385,1.3840366509652917,0.011858304934116992,0.01961872237853024,0.01961872237853024,-0.013394547984869498,-0.19925356450735937,-0.016387665362623705,-0.23041493201718835,0.0029931173777542064,0.03116136750982898,0.03130478520481556,0.03116136750982898,23.41657514097469,1.4364496790616919,1.4364496790616919,0.06535220563462031,22.97210669288587,0.9919812309728719,0.9919812309728719,0.045130826604778476
higher_energy_wide_swing,solve_ivp_default,solve_ivp_default,,,1.4290484140233723,-1.547616101950989,1.4158291541512382,-1.5355230606497583,1.3964944339080931,0.012093041301230789,0.019334720243145087,0.019334720243145087,-0.011714752485290858,-0.17752581442374218,-0.014530117777389329,-0.20868660270307643,0.0028153652920984706,0.031160788279334245,0.031287713369906836,0.031160788279334245,23.415908448813642,1.4357829869006444,1.4357829869006444,0.06532187404428418,22.96903240082637,0.9889069389133738,0.9889069389133738,0.04499095970252511
higher_energy_wide_swing,solve_ivp_default,solve_ivp_default,,,1.4323873121869783,-1.557215641556262,1.4279902768284927,-1.5448805774855863,1.408943962756183,0.012335064070675639,0.01904631407230961,0.01904631407230961,-0.010087250573659667,-0.15590142496919948,-0.01273373124833499,-0.1870594850137451,0.0026464806746753222,0.031158060044545632,0.0312702504898976,0.031158060044545632,23.415442418303982,1.4353169563909844,1.4353169563909844,0.06530067168534098,22.965910213713634,0.9857847518006366,0.9857847518006366,0.04484891378389979
higher_energy_wide_swing,solve_ivp_default,solve_ivp_default,,,1.4357262103505843,-1.5667004181103876,1.4401401023184384,-1.554116119049324,1.421387044460756,0.01258429906106362,0.018753057857682442,0.018753057857682442,-0.008515000652650206,-0.13438069907740036,-0.011001707399044491,-0.16553345616048137,0.002486706746394285,0.031152757083081017,0.03125184769449668,0.031152757083081017,23.415178887839552,1.4350534259265544,1.4350534259265544,0.0652886821967056,22.96276703323305,0.9826415713200518,0.9826415713200518,0.04470591275844926
higher_energy_wide_swing,solve_ivp_default,solve_ivp_default,,,1.4390651085141903,-1.5760716088746851,1.4522798646560602,-1.5632309789059795,1.4338252728913137,0.012840629968705608,0.01845459176474651,0.01845459176474651,-0.007000944879490878,-0.1129639492801216,-0.009337261125438756,-0.14410844395708203,0.002336316245947878,0.031144494676960427,0.03123200157345501,0.031144494676960427,23.415114622558335,1.4349891606453369,1.4349891606453369,0.06528575840624185,22.959628422025858,0.9795029601128604,0.9795029601128604,0.04456311961504206
higher_energy_wide_swing,solve_ivp_default,solve_ivp_default,,,1.4424040066777963,-1.5853304275340783,1.4644106709684765,-1.5722265291664677,1.446260028835664,0.013103898367610611,0.01815064213281259,0.01815064213281259,-0.005548000419897781,-0.09165150313759643,-0.007743604776164537,-0.12278443403082606,0.002195604356266756,0.031132930893229632,0.031210255758193806,0.031132930893229632,23.415242156859282,1.4351166949462844,1.4351166949462844,0.0652915606616097,22.95651837862894,0.9763929167159411,0.9763929167159411,0.044421626182608816
higher_energy_wide_swing,solve_ivp_default,solve_ivp_default,,,1.4457429048414023,-1.594478124197096,1.4765335014749383,-1.581104220487609,1.4586924799999208,0.0133739037094871,0.017841021475017538,0.017841021475017538,-0.004159050777177042,-0.07044370834976951,-0.006223932442695146,-0.10156147654342228,0.0020648816655181035,0.031117768193652764,0.03118620261664604,0.031117768193652764,23.41555055324807,1.4354250913350732,1.4354250913350732,0.06530559135444279,22.95345915500061,0.9733336930876106,0.9733336930876106,0.044282444828360794
higher_energy_wide_swing,solve_ivp_default,solve_ivp_default,,,1.4490818030050083,-1.6035159853958716,1.488649209486829,-1.5898655820721312,1.4711235810085057,0.013650403323740345,0.017525628478323396,0.017525628478323396,-0.0028369371957288614,-0.049340937546934034,-0.004781404357610097,-0.0804396924157655,0.001944467161881236,0.031098754868831464,0.03115948502358958,0.031098754868831464,23.416026082019854,1.4359006201068567,1.4359006201068567,0.06532722584295413,22.950471115828265,0.9703456539152668,0.9703456539152668,0.04414650205690021
higher_energy_wide_swing,solve_ivp_default,solve_ivp_default,,,1.4524207011686143,-1.6124453340861442,1.5007585214076657,-1.598512221668668,1.4835540734041455,0.01393311241747619,0.01720444800352028,0.01720444800352028,-0.0015844501385681165,-0.028343592758180942,-0.0034191314005714846,-0.05941927905010057,0.0018346812620033681,0.031075686291919626,0.031129798165856256,0.031075686291919626,23.41665282694693,1.4365273650339319,1.4365273650339319,0.06535574000808758,22.94757263793479,0.9674471760217926,0.9674471760217926,0.044014633933649655
higher_energy_wide_swing,solve_ivp_default,solve_ivp_default,,,1.4557595993322203,-1.6212675296472572,1.5128620367330972,-1.60704582557176,1.4959844856478743,0.014221704075497277,0.01687755108522282,0.01687755108522282,-0.00040432083889629933,-0.007452109556105209,-0.0021401597126416982,-0.038500515543087886,0.001735838873745399,0.031048405986982677,0.031096891338654856,0.031048405986982677,23.41741322261281,1.4372877606998138,1.4372877606998138,0.06539033469987857,22.944780047270537,0.9646545853575397,0.9646545853575397,0.0438875832182617
higher_energy_wide_swing,solve_ivp_default,solve_ivp_default,,,1.4590984974958263,-1.62998396788216,1.5249602280509058,-1.6154681586218533,1.5084151331190325,0.0145158092603066,0.016545094931873283,0.016545094931873283,0.0007007870737884003,0.013333039123749092,-0.000947455420800658,-0.017683767383390482,0.0016482424945890584,0.031016806507139574,0.03106056968605542,0.031016806507139574,23.418288529341133,1.4381630674281354,1.4381630674281354,0.06543015734465092,22.94210759023457,0.9619821283215728,0.9619821283215728,0.043765998059860416
higher_energy_wide_swing,solve_ivp_default,solve_ivp_default,,,1.4624373956594325,-1.6385960810174058,1.537053441041007,-1.6237810642053019,1.520846118115268,0.014815016812103954,0.01620732292573912,0.01620732292573912,0.001728285872085955,0.03401133949008828,0.0001561105242123828,0.0030305093723623153,0.0015721753478735723,0.030980830117725962,0.031020695835326736,0.030980830117725962,23.41925925182552,1.4391337899125212,1.4391337899125212,0.06547432099085339,22.939567435451004,0.9594419735380058,0.9594419735380058,0.04365043207785688
higher_energy_wide_swing,solve_ivp_default,solve_ivp_default,,,1.4657762938230385,-1.6471053377031533,1.5491418944754471,-1.6319864642543642,1.5332773298525322,0.015118873448789039,0.015864564622914967,0.015864564622914967,0.0026756719521332517,0.05458223373095444,0.0011677773922786905,0.02364176445091292,0.0015078945598545612,0.030940469280041516,0.03097719137160165,0.030940469280041516,23.4203055075935,1.4401800456805027,1.4401800456805027,0.06552192107256331,22.937169701658295,0.9570442397452972,0.9570442397452972,0.04354134563079071
higher_energy_wide_swing,solve_ivp_default,solve_ivp_default,,,1.4691151919866445,-1.655513243013166,1.5612256802184072,-1.6400863592472068,1.545708444465086,0.015426883765959243,0.015517235753321312,0.015517235753321312,0.003540533976115534,0.07504511717771668,0.002084909594692319,0.04414935024612163,0.001455624381423215,0.030895766931595056,0.03093003809618146,0.030895766931595056,23.421407351348748,1.44128188943575,1.44128188943575,0.0655720501656459,22.934922507071548,0.9547970451585499,0.9547970451585499,0.043439108062099795
higher_energy_wide_swing,solve_ivp_default,solve_ivp_default,,,1.4724540901502505,-1.6638213384448128,1.573304763226201,-1.6480828282079019,1.5581389250054962,0.015738510236910974,0.01516583822070472,0.015738510236910974,0.004320560933350426,0.09539933579870107,0.002905011474159669,0.06455251923939466,0.001415549459190757,0.030846816559306406,0.03087927900898781,0.030846816559306406,23.422545061049032,1.4424195991360342,1.4424195991360342,0.06562381100305585,22.932832035460937,0.952706573547939,0.952706573547939,0.04334400070640097
higher_energy_wide_swing,solve_ivp_default,solve_ivp_default,,,1.4757929883138565,-1.6720312019190675,1.5853789815472736,-1.655978028706429,1.5705680214446351,0.01605317321263855,0.014810960102638493,0.01605317321263855,0.005013550116902521,0.11564418402289153,0.0036257419554018844,0.0848504219601565,0.0013878081615006366,0.030793762062735028,0.030825018953270195,0.030793762062735028,23.42369939130525,1.443573929392251,1.443573929392251,0.06567632800338949,22.930902614247415,0.9507771523344175,0.9507771523344175,0.04325622044250463
higher_energy_wide_swing,solve_ivp_default,solve_ivp_default,,,1.4791318864774625,-1.6801444477805085,1.5974480463222047,-1.6637741968586723,1.5829947706716827,0.016370250921836194,0.014453275650522013,0.016370250921836194,0.005617415012150406,0.13577890289374356,0.004244929046342438,0.10504210548857953,0.001372485965807968,0.030736797405164024,0.030767424858971177,0.030736797405164024,23.424851799345383,1.4447263374323853,1.4447263374323853,0.06572875755126133,22.929136800142484,0.9490113382294858,0.9490113382294858,0.043175883589651284
higher_energy_wide_swing,solve_ivp_default,solve_ivp_default,,,1.4824707846410685,-1.6881627267973198,1.6095115417837058,-1.6714736473264244,1.5954179964941249,0.016689079470895374,0.014093545289580955,0.016689079470895374,0.006130193093178082,0.15580267855271784,0.004760584178469696,0.12512651250149218,0.0013696089147083867,0.030676166051225667,0.030706725520341937,0.030676166051225667,23.42598464838912,1.4458591864761239,1.4458591864761239,0.0657802972499633,22.92753546822943,0.9474100063164315,0.9474100063164315,0.04310302996032014
higher_energy_wide_swing,solve_ivp_default,solve_ivp_default,,,1.4858096828046745,-1.6960877261612897,1.621568925256621,-1.6790787733173833,1.6078363096377544,0.017008952843906355,0.013732615618866628,0.017008952843906355,0.006550053522327737,0.17571464105166237,0.00517091637358158,0.1451024808609147,0.0013791371487461568,0.030612160190747667,0.030643210843823918,0.030612160190747667,23.427081392836794,1.4469559309237958,1.4469559309237958,0.06583019434675523,22.92609790087258,0.9459724389595827,0.9459724389595827,0.043037626905212935
higher_energy_wide_swing,solve_ivp_default,solve_ivp_default,,,1.4891485809682805,-1.7039211694878118,1.6336195271579275,-1.6865920465851534,1.6202481077466695,0.017329122902658423,0.013371419411257968,0.017329122902658423,0.00687530474771092,0.19551386349263178,0.005474346222778426,0.16496874374304832,0.001400958524932494,0.03054511974958346,0.030577230504167222,0.03054511974958346,23.428126749203525,1.448001287290527,1.448001287290527,0.06587775350962455,22.924821873417077,0.9446964115040792,0.9446964115040792,0.042979573212220394
higher_energy_wide_swing,solve_ivp_default,solve_ivp_default,,,1.4924874791318865,-1.7116648168158848,1.6456625509967355,-1.6940160174292456,1.6326515753832767,0.017648799386639213,0.013010975613458875,0.017648799386639213,0.007104401992960363,0.21519936149313623,0.00566951966226803,0.1847239303037427,0.001434882330692333,0.030475431189393526,0.030509191950662883,0.030475431189393526,23.42910685623586,1.448981394322864,1.448981394322864,0.06592234411189547,22.923703734272724,0.9435782723597264,0.9435782723597264,0.042928702749888845
higher_energy_wide_swing,solve_ivp_default,solve_ivp_default,,,1.4958263772954925,-1.7193204646081124,1.6576970733742877,-1.7013533146950774,1.645044684028287,0.01796714991303494,0.012652389346000659,0.01796714991303494,0.007235954632992203,0.23477009297417406,0.005755321529305579,0.2043665668745021,0.0014806331036866238,0.03040352609967195,0.030439557711654852,0.03040352609967195,23.430009427146796,1.4498839652337985,1.4498839652337985,0.06596340715825971,22.922738477624605,0.9426130157116077,0.9426130157116077,0.04288478777543653
higher_energy_wide_swing,solve_ivp_default,solve_ivp_default,,,1.4991652754590985,-1.7268899457507032,1.6697220439839597,-1.708606645773973,1.65742519208072,0.018283299976730172,0.012296851903239814,0.018283299976730172,0.007268733449061537,0.25422495826771047,0.0057308888804136204,0.2238950786809964,0.001537844568647917,0.03032987958671407,0.030368841954574014,0.03032987958671407,23.430823896404675,1.4506984344916773,1.4506984344916773,0.06600046196303279,22.921919807654717,0.9417943457417195,0.9417943457417195,0.04284754185655828
higher_energy_wide_swing,solve_ivp_default,solve_ivp_default,,,1.5025041736227045,-1.7343751295534704,1.6817362856112599,-1.7157787966031626,1.6697906448578999,0.018596332950307826,0.01194564075336002,0.018596332950307826,0.0072016777559311684,0.2735628005395143,0.005595624052929016,0.24330779207375916,0.0016060537030021527,0.030255008465755157,0.030297606271120547,0.030255008465755157,23.431541563023302,1.4514161011103042,1.4514161011103042,0.06603311266922963,22.921240193761314,0.941114731848316,0.941114731848316,0.04281662238366531
higher_energy_wide_swing,solve_ivp_default,solve_ivp_default,,,1.5058430717863105,-1.741777921749833,1.6937384941338294,-1.7228726316657827,1.6821383745954588,0.018905290084050286,0.01160011953837059,0.018905290084050286,0.0070339023935318545,0.29278240652248266,0.005349207449918625,0.26260293725836875,0.0016846949436132297,0.03017946926411391,0.030226454673292935,0.03017946926411391,23.432155731833134,1.4520302699201366,1.4520302699201366,0.066061054675789,22.92069091680746,0.9405654548944611,0.9405654548944611,0.04279163267399297
higher_energy_wide_swing,solve_ivp_default,solve_ivp_default,,,1.5091819699499165,-1.7491002644968143,1.705727238521442,-1.7298910939908767,1.6944655004473343,0.019209170505937623,0.011261738074107575,0.019209170505937623,0.006764704575083158,0.3118825075547332,0.004991610027587079,0.28177865150984455,0.001773094547496079,0.030103856044888633,0.0301560278061574,0.030103856044888633,23.43266185377627,1.4525363918632728,1.4525363918632728,0.0660840810203844,22.920262106899877,0.9401366449868789,0.9401366449868789,0.04277212369037387
higher_energy_wide_swing,solve_ivp_default,solve_ivp_default,,,1.5125208681135225,-1.756344136375043,1.7177009608360048,-1.7368372051533938,1.7067689284857717,0.01950693122164915,0.0109320323502331,0.01950693122164915,0.006393570583271613,0.3308617809158747,0.004523105463504762,0.3008329828533302,0.001870465119766851,0.030028798062544493,0.030086996407839392,0.030028798062544493,23.433057665869427,1.4529322039564292,1.4529322039564292,0.06610208874713021,22.91994277358488,0.9398173116718809,0.9398173116718809,0.04275759541502115
higher_energy_wide_swing,solve_ivp_default,solve_ivp_default,,,1.5158597662771285,-1.7635115523887523,1.7296579762315567,-1.7437140652741907,1.7190453517013213,0.01979748711456164,0.01061262453023537,0.01979748711456164,0.005920182305741095,0.349718851453924,0.003944281983289666,0.3197638941903252,0.0019759003224514293,0.029954957263598814,0.03002005407637193,0.029954957263598814,23.43334333112655,1.4532178692135531,1.4532178692135531,0.06611508527245118,22.919720829643325,0.9395953677303268,0.9395953677303268,0.042747497932095556
higher_energy_wide_swing,solve_ivp_default,solve_ivp_default,,,1.5191986644407347,-1.7706045639657815,1.7415964729542712,-1.7505248530200297,1.7312912500028426,0.020079710945751783,0.01030522295142866,0.020079710945751783,0.005344423600850301,0.3684522934943879,0.003256053822813798,0.33856926784682606,0.002088369778036503,0.029883025647561845,0.029955909436748123,0.029883025647561845,23.433521578434604,1.4533961165216063,1.4533961165216063,0.06612319474882164,22.919583109874598,0.9394576479615999,0.9394576479615999,0.04274123228229454
higher_energy_wide_swing,solve_ivp_default,solve_ivp_default,,,1.5225375626043407,-1.7776252589575732,1.753514512342452,-1.7572728256035792,1.7435028902174967,0.02035243335399395,0.010011622124955322,0.02035243335399395,0.0046663864843977665,0.3870606330219991,0.0024596723025710476,0.35724691051671176,0.002206714181826719,0.029813722505287354,0.029895277839527647,0.029813722505287354,23.43359784213834,1.4534723802253424,1.4534723802253424,0.066126664415265,22.919515386382137,0.9393899244691397,0.9393899244691397,0.04273815115827741
higher_energy_wide_swing,solve_ivp_default,solve_ivp_default,,,1.5258764607679467,-1.7845757616391758,1.7654100288265377,-1.763961185208765,1.755676445429276,0.020614576430410647,0.009733583397261825,0.020614576430410647,0.003886377127801932,0.405542350124588,0.0015566889109182025,0.37579454478504903,0.0023296882168837296,0.02974780533953897,0.02983889022244276,0.02974780533953897,23.433580400919496,1.4534549390064981,1.4534549390064981,0.06612587091575224,22.919503704385072,0.939378242472074,0.939378242472074,0.042737619678278084
higher_energy_wide_swing,solve_ivp_default,solve_ivp_default,,,1.5292153589315527,-1.7914582327092434,1.7772808299290987,-1.7705891453444431,1.7678119533287326,0.02086908736480031,0.009468876600366105,0.02086908736480031,0.0030049216580569915,0.4238958816874573,0.0005473985628042799,0.39420984064228604,0.0024575230952527116,0.029686041045171252,0.0297875889037581,0.029686041045171252,23.433480515458605,1.4533550535456072,1.4533550535456072,0.06612132656221505,22.919567036608438,0.9394415746954401,0.9394415746954401,0.04274050101867242
higher_energy_wide_swing,solve_ivp_default,solve_ivp_default,,,1.5325542570951587,-1.798274869290034,1.7891245962648388,-1.7771564205614472,1.7799100698731107,0.021118448728586925,0.00921452639172804,0.021118448728586925,0.002022771749675356,0.44211962432555235,-0.0005679289879908511,0.412491617375633,0.0025907007376662072,0.02962800694991935,0.029741057918921,0.02962800694991935,23.43331256434857,1.453187102435571,1.453187102435571,0.06611368551802141,22.91970347823706,0.939578016324063,0.939578016324063,0.04274670851866415
higher_energy_wide_swing,solve_ivp_default,solve_ivp_default,,,1.5358931552587647,-1.8050279049274116,1.8009388815405938,-1.7836640860409538,1.7919703898268016,0.021363818886457775,0.008968491713792215,0.021363818886457775,0.0009409099987565117,0.4602119375395788,-0.0017885196005151816,0.43063903353868715,0.0027294295992716933,0.02957290400089163,0.029698593181888812,0.02957290400089163,23.433094177793414,1.4529687158804165,1.4529687158804165,0.066103749880687,22.919896582162668,0.9397711202496701,0.9397711202496701,0.042755493906442836
higher_energy_wide_swing,solve_ivp_default,solve_ivp_default,,,1.5392320534223707,-1.811719609590844,1.812721112555333,-1.7901131882890795,1.8039925151181229,0.0216064213017646,0.008728597437210217,0.0216064213017646,-0.00023944493068117634,0.4781711470810609,-0.0031135388139204023,0.44865127402008015,0.002874093883239226,0.02951987306098075,0.029659455847774588,0.02951987306098075,23.4328463687772,1.4527209068642009,1.4527209068642009,0.06609247564948913,22.920131649750857,0.9400061878378594,0.9400061878378594,0.04276618845814576
higher_energy_wide_swing,solve_ivp_default,solve_ivp_default,,,1.5425709515859767,-1.818352289673405,1.8244685892001584,-1.7965047451368807,1.8159760548393182,0.021847544536524266,0.008492534360840187,0.021847544536524266,-0.0015168333979320714,0.4959955485101676,-0.004542094709440114,0.466527549869722,0.003025261311508043,0.02946799864044558,0.029622882200694277,0.02946799864044558,23.432593661630257,1.4524681997172593,1.4524681997172593,0.06608097857467127,22.920395625041177,0.9402701631281793,0.9402701631281793,0.042778198184422224
higher_energy_wide_swing,solve_ivp_default,solve_ivp_default,,,1.5459098497495827,-1.824928287991773,1.8361784844583047,-1.8028397457403544,1.827920625246557,0.02208854225141854,0.008257859211747709,0.02208854225141854,-0.0028895501241270605,0.5136834109289397,-0.006073240736376495,0.48426709812427793,0.0031836906122494346,0.029416312804661726,0.029588094648629045,0.029416312804661726,23.43236421825641,1.4522387563434123,1.4522387563434123,0.06607053990023128,22.92067698921482,0.940551527301821,0.940551527301821,0.042790999029173056
higher_energy_wide_swing,solve_ivp_default,solve_ivp_default,,,1.5492487479131887,-1.831449983786231,1.847847844405139,-1.8091191505804374,1.839825849759934,0.022330833205793654,0.008021994645204922,0.022330833205793654,-0.004355639787622989,0.5312329808713507,-0.007705978501554855,0.5018691816306171,0.0033503387139318663,0.029363799240733623,0.02955431398879323,0.029363799240733623,23.432189962716713,1.452064500803715,1.452064500803715,0.06606261203193957,22.920965656366022,0.940840194453024,0.940840194453024,0.042804132127603416
higher_energy_wide_swing,solve_ivp_default,solve_ivp_default,,,1.5525876460767947,-1.837919792720668,1.8594735882081614,-1.8153438914630067,1.851691358963471,0.0225759012576614,0.0077822292446905195,0.0225759012576614,-0.0059128928856293506,0.5486424863304336,-0.009439260521744486,0.5193330888660785,0.0035263676361151353,0.029309397464355014,0.029520773167865715,0.029309397464355014,23.43210670539547,1.4519812434824715,1.4519812434824715,0.06605882418635207,22.921252871450903,0.9411274095379056,0.9411274095379056,0.04281719916333892
higher_energy_wide_swing,solve_ivp_default,solve_ivp_default,,,1.5559265442404007,-1.8443390667766197,1.8710556129976823,-1.82151487151888,1.8635167906051142,0.02282419525773971,0.00753882239256809,0.02282419525773971,-0.007560057375430529,0.5659120476574153,-0.011271992938578168,0.5366581337544971,0.003711935563147639,0.029253913902918205,0.02948847137890181,0.029253913902918205,23.432133088489465,1.4520076265764672,1.4520076265764672,0.06606002450224843,22.921531111130008,0.9414056492170104,0.9414056492170104,0.04282985785719337
higher_energy_wide_swing,solve_ivp_default,solve_ivp_default,,,1.5592654424040067,-1.8507071408904359,1.8825983021766166,-1.8276329652038146,1.8753017895967368,0.02307417568662129,0.007296512579879844,0.02307417568662129,-0.009297765654698087,0.5830441567493397,-0.01320303819553692,0.5538436554770336,0.0039052725408388334,0.029200501272306112,0.029460489272450666,0.029200501272306112,23.43223887748184,1.4521134155688422,1.4521134155688422,0.06606483744076229,22.921793988073265,0.9416685261602673,0.9416685261602673,0.04284181761346102
higher_energy_wide_swing,solve_ivp_default,solve_ivp_default,,,1.5626043405676127,-1.8570246338045475,1.8941014113663561,-1.833699018298508,1.8870460080141374,0.02332561550603951,0.00705540335221877,0.02332561550603951,-0.011125014769671981,0.6000381381810636,-0.015231217676601627,0.570889018276942,0.004106202906929646,0.0291491199041215,0.02943691718739803,0.0291491199041215,23.432409544022633,1.4522840821096352,1.4522840821096352,0.0660726020252315,22.922036159160655,0.941910697247657,0.941910697247657,0.04285283534344665
higher_energy_wide_swing,solve_ivp_default,solve_ivp_default,,,1.5659432387312187,-1.8632921869221921,1.9055645626909796,-1.8397138479085984,1.8987491050970406,0.02357833901359374,0.006815457593938978,0.02357833901359374,-0.013040713735765097,0.6168932552965947,-0.0173553143061973,0.5877936112574937,0.004314600570432203,0.029099644039100925,0.029417767782154308,0.029099644039100925,23.432631989462635,1.4525065275496374,1.4525065275496374,0.0660827223241528,22.92225323788922,0.9421277759762212,0.9421277759762212,0.042862711480365905
higher_energy_wide_swing,solve_ivp_default,solve_ivp_default,,,1.5692821368948247,-1.8695104179922855,1.9169873876481773,-1.8456782424646634,1.9104107472490965,0.023832175527622068,0.006576640399080791,0.023832175527622068,-0.01504373884046617,0.633608802295793,-0.019574075110093014,0.6045568481723617,0.0045303362696268445,0.02905195412343131,0.029403060811858586,0.02905195412343131,23.432893814820556,1.4527683529075581,1.4527683529075581,0.0660946342378666,22.922441711190032,0.9423162492770345,0.9423162492770345,0.0428712861948797
higher_energy_wide_swing,solve_ivp_default,solve_ivp_default,,,1.5726210350584309,-1.8756799211094237,1.9283695271092516,-1.851592961722222,1.9220306080378826,0.024086959387201734,0.006338919071368965,0.024086959387201734,-0.017132936014497724,0.650184104019775,-0.021886213736937554,0.6211781672078529,0.00475327772243983,0.029005936811922095,0.029392822583819,0.029005936811922095,23.433183346039716,1.4530578841267179,1.4530578841267179,0.06610780664762655,22.922598860765753,0.9424733988527549,0.9424733988527549,0.042878435816295316
higher_energy_wide_swing,solve_ivp_default,solve_ivp_default,,,1.5759599332220369,-1.8818012667138806,1.939710631319113,-1.8574587367617315,1.933608368194899,0.02434252995214914,0.006102263124214025,0.02434252995214914,-0.01930712316897021,0.6666185157213753,-0.024290412940145112,0.6376570307564317,0.004983289771174904,0.028961484964943662,0.0293870854001916,0.028961484964943662,23.433489655449776,1.4533641935367783,1.4533641935367783,0.06612174239201488,22.922722688980055,0.9425972270670577,0.9425972270670577,0.04288406946085833
higher_energy_wide_swing,solve_ivp_default,solve_ivp_default,,,1.5792988313856429,-1.8878750015916106,1.9510103598962867,-1.8632762699885905,1.9451437156155746,0.024598731603020063,0.005866644280712041,0.024598731603020063,-0.021565092497923932,0.6829114228205283,-0.026785327019867022,0.6539929251810872,0.00522023452194309,0.0289184976394411,0.029385886989955683,0.0289184976394411,23.43380257938016,1.453677117467162,1.453677117467162,0.06613597906827617,22.92281184926558,0.9426863873525839,0.9426863873525839,0.042888125865617285
higher_energy_wide_swing,solve_ivp_default,solve_ivp_default,,,1.5826377295492489,-1.8939016488742468,1.962268381832907,-1.8690462351331383,1.9566363453592635,0.024855413741108556,0.00563203647364352,0.024855413741108556,-0.02390561274567471,0.6990622406444338,-0.029369584224802736,0.6701853605701114,0.005463971479128027,0.02887688007432243,0.02938926993226481,0.02887688007432243,23.43411273191313,1.453987270000134,1.453987270000134,0.06615008965802277,22.92286558096336,0.942740119050363,0.942740119050363,0.04289057042390119
higher_energy_wide_swing,solve_ivp_default,solve_ivp_default,,,1.5859766277128549,-1.899881708039102,1.97348437549472,-1.8747692772506537,1.968085959649245,0.02511243078844827,0.0053984158454749576,0.02511243078844827,-0.026327431438424642,0.7150704141524735,-0.03204178911363531,0.6862338704819608,0.005714357675210668,0.028836543670512693,0.029397281073283373,0.028836543670512693,23.43441151480027,1.454286052887273,1.454286052887273,0.06616368297839106,22.922883648464868,0.9427581865518704,0.9427581865518704,0.042891392416548074
higher_energy_wide_swing,solve_ivp_default,solve_ivp_default,,,1.5893155258764609,-1.9058156549091676,1.9846580286210835,-1.8804460127213554,1.9794922678727251,0.025369642187812236,0.0051657607483583945,0.025369642187812236,-0.028829277079623017,0.7309354176458589,-0.03480052487588858,0.7021380116799152,0.005971247796265566,0.028797405965943712,0.029409970938642168,0.028797405965943712,23.43469112359673,1.4545656616837306,1.4545656616837306,0.0661764039611235,22.922866284495978,0.9427408225829801,0.9427408225829801,0.042890602431571855
higher_energy_wide_swing,solve_ivp_default,solve_ivp_default,,,1.5926544240400669,-1.9117039416531147,1.9957890383249657,-1.8860770292504025,1.990854986580835,0.0256269124027122,0.004934051744130752,0.0256269124027122,-0.031409861308600906,0.7466567544620448,-0.03764435561202795,0.7178973638563012,0.006234494303427041,0.028759390605743618,0.02942739314368839,0.028759390605743618,23.43494455009316,1.4548190881801624,1.4548190881801624,0.06618793376321087,22.922814137358507,0.9426886754455097,0.9426886754455097,0.04288822996388232
higher_energy_wide_swing,solve_ivp_default,solve_ivp_default,,,1.5959933222036728,-1.9175469967852936,2.006877111092946,-1.891662885867895,2.0021738394886315,0.025884110917398617,0.004703271604314718,0.025884110917398617,-0.034067881022031954,0.76223395665399,-0.040571828572641855,0.7335115293461054,0.006503947550609901,0.028722427307884546,0.029449603803749152,0.028722427307884546,23.43516558114672,1.455040119233722,1.455040119233722,0.06619798971370773,22.922728221928867,0.9426027600158697,0.9426027600158697,0.04288432118593704
higher_energy_wide_swing,solve_ivp_default,solve_ivp_default,,,1.5993322203672788,-1.923345225165734,2.017921962785216,-1.8972041129288721,2.013448557475099,0.026141112236861774,0.0044734053101169735,0.026141112236861774,-0.03680202045780301,0.7776665846543724,-0.043581476356561955,0.7489801328298433,0.006779455898758946,0.028686451824529113,0.029476660946658243,0.028686451824529113,23.435348794029192,1.4552233321161943,1.4552233321161943,0.06620632510209255,22.922609874203545,0.9424844122905469,0.9424844122905469,0.042878936879758814
higher_energy_wide_swing,solve_ivp_default,solve_ivp_default,,,1.6026711185308848,-1.9290990080001442,2.028923318635577,-1.9027012121133136,2.024678878583145,0.026397795886830666,0.004244440052431742,0.026397795886830666,-0.039610953240908686,0.7929542269249101,-0.04667181906779272,0.7643028210255978,0.007060865826884033,0.028651405899312365,0.029508623929834648,0.028651405899312365,23.435489548424066,1.455364086511068,1.455364086511068,0.06621272881416952,22.922460709176555,0.9423352472635571,0.9423352472635571,0.042872150520543155
higher_energy_wide_swing,solve_ivp_default,solve_ivp_default,,,1.6060100166944908,-1.9348087028399128,2.039880913251442,-1.9081546564261391,2.035864548019606,0.02665404641377367,0.00401636523183635,0.02665404641377367,-0.04249334439101349,0.8080964995909674,-0.04984136643114201,0.7794792623701887,0.007348022040128521,0.02861723722077869,0.02954555286422198,0.02861723722077869,23.435583975213987,1.4554585133009894,1.4554585133009894,0.06621702482194641,22.92228258183326,0.9421571199202639,0.9421571199202639,0.0428640465020469
higher_energy_wide_swing,solve_ivp_default,solve_ivp_default,,,1.6093489148580968,-1.9404746435821068,2.0507944906138365,-1.913564890197209,2.0470053181552412,0.02690975338489765,0.0037891724585952247,0.02690975338489765,-0.04544785229135395,0.8230930460616565,-0.05308861986645341,0.7945091466894543,0.007640767575099461,0.02858389937220218,0.029587508047432307,0.02858389937220218,23.435628962207048,1.45550350029405,1.45550350029405,0.06621907153424288,22.92207755104785,0.9419520891348512,0.9419520891348512,0.042854718494080436
higher_energy_wide_swing,solve_ivp_default,solve_ivp_default,,,1.6126878130217028,-1.9460971404694725,2.061663804077395,-1.9189323290813236,2.0581009485247383,0.027164811388148857,0.003562855552656785,0.027164811388148857,-0.048473130618679416,0.8379435366356682,-0.0564120745213611,0.8093921848576778,0.007938943902681683,0.028551351777990397,0.02963454940842668,0.028551351777990397,23.435622136954255,1.4554966750412568,1.4554966750412568,0.06621876101496012,22.921847846177144,0.9417223842641462,0.9417223842641462,0.04284426792267205
higher_energy_wide_swing,solve_ivp_default,solve_ivp_default,,,1.6160267111853088,-1.9516764800904363,2.0724886163703653,-1.9242573600582231,2.069151205826709,0.02741912003221314,0.0033374105436561052,0.02741912003221314,-0.05156783023396139,0.8526476680930957,-0.059810221262495356,0.8241281084462144,0.008242391028533969,0.028519559646881243,0.029686735966072023,0.028519559646881243,23.43556184681241,1.4554363848994107,1.4554363848994107,0.06621601807602874,22.921595836150768,0.9414703742377704,0.9414703742377704,0.042832802563804444
higher_energy_wide_swing,solve_ivp_default,solve_ivp_default,,,1.6193656093489148,-1.9572129253791026,2.083268699594605,-1.9295403414325885,2.0801558639236926,0.027672583946514173,0.0031128356709122507,0.027672583946514173,-0.05473060103362304,0.8672051632735219,-0.0632815486250875,0.8387166693614028,0.008550947591464464,0.02848849391211916,0.029744125303878453,0.02848849391211916,23.43544713640575,1.455321674492751,1.455321674492751,0.06621079925201163,22.921324000866264,0.941198538953266,0.941198538953266,0.04282043524201752
higher_energy_wide_swing,solve_ivp_default,solve_ivp_default,,,1.6227045075125208,-1.9627067156152562,2.0940038352255828,-1.93478160283404,2.0911147038421523,0.02792511278121612,0.002889131383430499,0.02792511278121612,-0.05796009376106903,0.881615770640684,-0.06682454472092492,0.8531576394718684,0.008864450959855885,0.02845813116881557,0.02980677306320163,0.02845813116881557,23.435277722637597,1.4551522607245992,1.4551522607245992,0.06620309166324262,22.921034904707696,0.9409094427946982,0.9409094427946982,0.0428072826256201
higher_energy_wide_swing,solve_ivp_default,solve_ivp_default,,,1.6260434056761268,-1.9681580664243605,2.1046938141123794,-1.9399814452171391,2.102027513772479,0.02817662120722142,0.0026663003399005625,0.02817662120722142,-0.06125496177832279,0.8958792638340147,-0.07043769910462927,0.8674508102253564,0.009182737326306478,0.02842845360865831,0.029874732457104616,0.02842845360865831,23.435053967399,1.4549285054860022,1.4549285054860022,0.06619291177418854,22.92073117201632,0.9406057101033234,0.9406057101033234,0.042793464110712116
higher_energy_wide_swing,solve_ivp_default,solve_ivp_default,,,1.629382303839733,-1.9735671697775587,2.1153384364776873,-1.9451401408613866,2.1128940890689885,0.028427028916172103,0.0024443474086988104,0.028427028916172103,-0.06461386279759662,0.9099954412074005,-0.07411950459823091,0.8815959922552365,0.00950564180063429,0.028399448952163953,0.02994805380702613,0.028399448952163953,23.434776848116087,1.4546513862030892,1.4546513862030892,0.06618030405348226,22.920415464352395,0.9402900024393972,0.9402900024393972,0.04277910078669591
higher_energy_wide_swing,solve_ivp_default,solve_ivp_default,,,1.632721202003339,-1.9789341939916723,2.125937511917807,-1.9502579333712238,2.123714232249922,0.02867626062044848,0.0022232796678851585,0.02867626062044848,-0.06803546057264986,0.9239641253554828,-0.0778684590740315,0.8955930149768518,0.00983299850138164,0.028371110378630937,0.0300267841042732,0.028371110378630937,23.43444792627122,1.4543224643582207,1.4543224643582207,0.06616533954177195,22.92009045939799,0.9399649974849922,0.9399649974849922,0.04276431447644631
higher_energy_wide_swing,solve_ivp_default,solve_ivp_default,,,1.636060100166945,-1.9842592837292028,2.1364908594026546,-1.9553350376760321,2.1344877529974475,0.028924246053170677,0.002003106405207067,0.028924246053170677,-0.07151842654981255,0.9377851626278706,-0.08168306719575225,0.9094417261738934,0.010164640645939693,0.02834343645397719,0.030110966598263372,0.02834343645397719,23.43406931402578,1.4539438521127828,1.4539438521127828,0.0661481143332037,22.91975883136075,0.9396333694477512,0.9396333694477512,0.0427492268447667
higher_energy_wide_swing,solve_ivp_default,solve_ivp_default,,,1.639398998330551,-1.989542559998331,2.146998307275754,-1.9603716400301332,2.145214468157658,0.02917091996819776,0.0017838391180959867,0.02917091996819776,-0.07506144147856841,0.951458422631595,-0.08556184211797291,0.9231419915749859,0.010500400639404495,0.02831643105660908,0.030200640413271067,0.02831643105660908,23.4336436390642,1.453518177151203,1.453518177151203,0.06612874797597715,22.91942323274896,0.9392977708359638,0.9392977708359638,0.042733958569234384
higher_energy_wide_swing,solve_ivp_default,solve_ivp_default,,,1.642737896494157,-1.9947841201529166,2.157459693254242,-1.965367898012789,2.155894201740574,0.029416222140127513,0.001565491513667805,0.029416222140127513,-0.07866319698161994,0.9649837977221829,-0.08950330714387722,0.9366936944206925,0.010840110162257277,0.0282901033014904,0.03029584019529532,0.0282901033014904,23.433174007770322,1.4530485458573246,1.4530485458573246,0.06610738179703099,22.9190862773977,0.9389608154847018,0.9389608154847018,0.04271862856796365
higher_energy_wide_swing,solve_ivp_default,solve_ivp_default,,,1.646076794657763,-1.9999840378924987,2.1678748644288657,-1.9703239405282014,2.16652678492014,0.02966009736429731,0.0013480795087255082,0.02966009736429731,-0.08232239708437572,0.9783612024837038,-0.09350599734132792,0.9500967350211358,0.011183600256952198,0.028264467462568055,0.030396595790480707,0.028264467462568055,23.432663966838444,1.452538504925446,1.452538504925446,0.06608417715551233,22.91875052463522,0.9386250627222239,0.9386250627222239,0.04270335327924613
higher_energy_wide_swing,solve_ivp_default,solve_ivp_default,,,1.649415692821369,-2.005142363262296,2.178243677263984,-1.9752398678055125,2.177112056034227,0.029902495456783473,0.0011316212297569628,0.029902495456783473,-0.08603775970381755,0.9915905731981532,-0.09756846111730033,0.9633510303044559,0.01153070141348278,0.028239542893697345,0.030502931956319642,0.028239542893697345,23.432117463412254,1.4519920014992564,1.4519920014992564,0.06605931362927193,22.91841846448741,0.9382930025744116,0.9382930025744116,0.04268824598841708
higher_energy_wide_swing,solve_ivp_default,solve_ivp_default,,,1.652754590984975,-2.0102591226532054,2.188565997597567,-1.9801157513988048,2.187649860584633,0.030143371254400586,0.0009161370129340263,0.030143371254400586,-0.08980801809673111,1.0046718673045314,-0.10168926175071336,0.9764565133563103,0.011881243653982243,0.028215353948221056,0.030614868106668153,0.028215353948221056,23.431538803836176,1.4514133419231783,1.4514133419231783,0.0660329871382298,22.918092503826262,0.9379670419132644,0.9379670419132644,0.04267341619767216
higher_energy_wide_swing,solve_ivp_default,solve_ivp_default,,,1.656093489148581,-2.0153343188018047,2.1988417006411956,-1.9849516341871005,2.1981400512370795,0.03038268461470417,0.0007016494041161003,0.03038268461470417,-0.09363192226729444,1.0176050628479816,-0.10586697888369656,0.9894131329506269,0.012235056616402118,0.02819192989735464,0.030732418091388835,0.02819192989735464,23.43093261109484,1.4508071491818413,1.4508071491818413,0.06600540800805661,22.917774953375872,0.9376494914628744,0.9376494914628744,0.04265896903489594
higher_energy_wide_swing,solve_ivp_default,solve_ivp_default,,,1.659432387312187,-2.0203679307903495,2.209070670980062,-1.9897475303743626,2.2085824878212157,0.030620400415986904,0.00048818315884613384,0.030620400415986904,-0.09750824033404193,1.0303901579193244,-0.11010020997134373,1.002220853071824,0.012591969637301803,0.028169304847500465,0.030855590011181825,0.028169304847500465,23.4303037810079,1.4501783190949027,1.4501783190949027,0.06597679897722883,22.91746801549653,0.9373425535835338,0.9373425535835338,0.04264500469789193
higher_energy_wide_swing,solve_ivp_default,solve_ivp_default,,,1.662771285475793,-2.0253599140467755,2.219252802572969,-1.9945034254894938,2.2189770373306166,0.030856488557281736,0.0002757652423523993,0.030856488557281736,-0.10143575985623654,1.0430271700853535,-0.11438757169000813,1.0148796524286958,0.012951811833771587,0.028147517656657683,0.03098438606797433,0.028147517656657683,23.42965743724001,1.4495319753270124,1.4495319753270124,0.06594739315017792,22.91717377267393,0.9370483107609324,0.9370483107609324,0.0426316179306912
higher_energy_wide_swing,solve_ivp_default,solve_ivp_default,,,1.666110183639399,-2.030310200344697,2.2293879987523324,-1.999219276386337,2.229323573922782,0.031090923958359884,6.442482955026918e-05,0.031090923958359884,-0.10541328911969938,1.055516135810212,-0.11872770130419086,1.0273895239601647,0.013314412184491475,0.02812661185004739,0.031118802450958185,0.02812661185004739,23.428998885177897,1.4488734232648994,1.4488734232648994,0.0659174318988987,22.916894176646466,0.9367687147334678,0.9367687147334678,0.042618897528892356
higher_energy_wide_swing,solve_ivp_default,solve_ivp_default,,,1.669449081803005,-2.0352186978034084,2.2394761722241774,-2.0038950112436758,2.2396219789191383,0.03132368655973261,0.0001458066949608927,0.03132368655973261,-0.1094396583821583,1.0678571098681862,-0.12311925799209045,1.0397504743330876,0.013679599609932147,0.028106635535098512,0.031258829258161897,0.02822103482362276,23.42833356472031,1.448208102807314,1.448208102807314,0.06588716271509726,22.91663103810906,0.9365055761960619,0.9365055761960619,0.04260692587122999
higher_energy_wide_swing,solve_ivp_default,solve_ivp_default,,,1.672787979966611,-2.040085290887882,2.249517245068141,-2.008530529565233,2.249872140805038,0.03155476132264923,0.00035489573689728715,0.03155476132264923,-0.11351372107820124,1.0800501647482252,-0.12756092412987596,1.0519625234322973,0.014047203051674728,0.02808764131592789,0.031404450453195315,0.028363844226155677,23.427667002020698,1.4475415401077,1.4475415401077,0.06585683701469264,22.916386016936812,0.9362605550238143,0.9362605550238143,0.042595778474793504
higher_energy_wide_swing,solve_ivp_default,solve_ivp_default,,,1.676126878130217,-2.0449098404087716,2.2595111487374715,-2.0131257021796722,2.260073955229759,0.03178413822909931,0.0005628064922875708,0.03178413822909931,-0.11763435498391839,1.092095390050496,-0.13205140653474623,1.064025703843043,0.014417051550827842,0.028069686207452982,0.03155564385659249,0.028504107846952453,23.427004760217372,1.4468792983043741,1.4468792983043741,0.06582670789625455,22.916160612876382,0.9360351509633844,0.9360351509633844,0.04258552357152553
higher_energy_wide_swing,solve_ivp_default,solve_ivp_default,,,1.679465776293823,-2.0496921835224073,2.269457824059028,-2.0176803712405977,2.2702273250065055,0.032011812281809604,0.0007695009474772974,0.032011812281809604,-0.12180046334134786,1.1039928918752513,-0.1365894376668565,1.0759400603259885,0.01478897432550863,0.028052831549262747,0.0317123811709538,0.028641850854670026,23.426352389182213,1.4462269272692154,1.4462269272692154,0.06579702785478758,22.915956156657245,0.9358306947442472,0.9358306947442472,0.04257622170382275
higher_energy_wide_swing,solve_ivp_default,solve_ivp_default,,,1.6828046744574292,-2.054432133730802,2.279357221233282,-2.022194350226553,2.280332160112407,0.032237783504248885,0.0009749388791249203,0.032237783504248885,-0.12601097594283672,1.1157427922042955,-0.14117377679017384,1.087705649284903,0.015162800847337121,0.02803714291939241,0.03187462803890335,0.02877710379549414,23.425715374315853,1.4455899124028555,1.4455899124028555,0.06576804645213528,22.915773801478142,0.9356483395651445,0.9356483395651445,0.04256792533720652
higher_energy_wide_swing,solve_ivp_default,solve_ivp_default,,,1.6861435726210352,-2.059129480881644,2.289209299834314,-2.026667423941022,2.2903883776885188,0.032462056940621764,0.0011790778542049019,0.032462056940621764,-0.13026485017545097,1.1273452282752872,-0.14580321109233818,1.0993225382271703,0.015538360916887206,0.02802269004811686,0.03204234413266725,0.028909902554390854,23.425099084415145,1.4449736225021468,1.4449736225021468,0.06574000794517695,22.91561451482831,0.9354890529153117,0.9354890529153117,0.0425606784882243
higher_energy_wide_swing,solve_ivp_default,solve_ivp_default,,,1.6894824707846412,-2.063783991168304,2.2990140288098173,-2.031099348512429,2.300395902039822,0.032684642655874896,0.0013818732300046044,0.032684642655874896,-0.1345610720255742,1.138800351949136,-0.1504765567636056,1.1107908052172186,0.015915484738031394,0.028009546731917467,0.032215483273947305,0.029040288316223073,23.424508718638393,1.444383256725395,1.444383256725395,0.06571314887297672,22.91547907060502,0.9353536086920222,0.9353536086920222,0.042554516365832226
higher_energy_wide_swing,solve_ivp_default,solve_ivp_default,,,1.6928213689482472,-2.0683954071298296,2.308771386481096,-2.0354898513941384,2.3103546646352244,0.032905555735691205,0.001583278154128287,0.032905555735691205,-0.13889865704384474,1.1501083290706946,-0.15519266003494414,1.122110538322964,0.0162940029910994,0.027997790747730678,0.032393993582571286,0.02916830752678451,23.423949252593673,1.4438237906806748,1.4438237906806748,0.06568769560403658,22.915368041492897,0.9352425795798993,0.9352425795798993,0.042549465024687004
higher_energy_wide_swing,solve_ivp_default,solve_ivp_default,,,1.6961602671118532,-2.0729634476509498,2.318481360543066,-2.039838631364455,2.32026460410756,0.033124816286494774,0.001783243564493997,0.033124816286494774,-0.1432766512705892,1.1612693388229531,-0.1599503981753555,1.1332818350553213,0.016673746904766307,0.027987503767631816,0.03257781765231381,0.029294011853846003,23.423425383577396,1.4432999216643978,1.4432999216643978,0.06566386184488972,22.91528179157176,0.9351563296587635,0.9351563296587635,0.04254554102883515
higher_energy_wide_swing,solve_ivp_default,solve_ivp_default,,,1.6994991652754592,-2.077487807962071,2.328143948064253,-2.0441453585266234,2.3301256662535867,0.03334244943544773,0.00198171818933357,0.03334244943544773,-0.14769413212192462,1.172283573074915,-0.16474868044849744,1.1443048018008417,0.017054548326572827,0.027978771274073333,0.03276689275214113,0.02941745814827995,23.42294147499275,1.442816013079753,1.442816013079753,0.06564184611138157,22.915220469123014,0.9350950072100161,0.9350950072100161,0.04254275112443475
higher_energy_wide_swing,solve_ivp_default,solve_ivp_default,,,1.7028380634390652,-2.081968159639281,2.337759155486795,-2.0484096743088283,2.33993780403399,0.033558485330452914,0.0021786485471948502,0.033558485330452914,-0.15215020923669753,1.1831512357233063,-0.16958644902867703,1.1551795532474884,0.017436239791979502,0.027971682475817827,0.03296115105106895,0.029538708405357106,23.42250149998167,1.442376038068673,1.442376038068673,0.06562182916416977,22.915183999605986,0.9350585376929885,0.9350585376929885,0.042541091920209974
higher_energy_wide_swing,solve_ivp_default,solve_ivp_default,,,1.7061769616026712,-2.0864041506043445,2.3473269986264413,-2.052631191464195,2.349700977573381,0.03377295914014944,0.00237397894693947,0.03377295914014944,-0.15664402528444976,1.1938725420282517,-0.17446267987628372,1.1659062118035601,0.01781865459183396,0.027966330224691527,0.03316051986473644,0.029657829726294382,23.42210898430899,1.4419835223959936,1.4419835223959936,0.06560397141020201,22.91517207877786,0.935046616864863,0.935046616864863,0.04254054957443737
higher_energy_wide_swing,solve_ivp_default,solve_ivp_default,,,1.7095158597662772,-2.0907954051247066,2.3568475026725517,-2.056809494070789,2.3594151541602955,0.03398591105391757,0.0025676514877437384,0.03398591105391757,-0.16117475673458648,1.2044477179430366,-0.17937638357272545,1.176484907009726,0.018201626838138973,0.027962810933310545,0.03336492192178685,0.029774894280161668,23.42176694854388,1.441641486630882,1.441641486630882,0.06558841027222287,22.915184165932125,0.9350587040191272,0.9350587040191272,0.04254109948732504
higher_energy_wide_swing,solve_ivp_default,solve_ivp_default,,,1.7128547579298832,-2.0951415238134916,2.366320702188097,-2.060944137531615,2.369080308247196,0.03419738628187652,0.0027596060590990845,0.03419738628187652,-0.1657416145869497,1.21487699943803,-0.18432660611493568,1.1869157749441344,0.018584991527985983,0.027961224493895598,0.033574275648081194,0.029889979266227884,23.421477849590932,1.4413523876779344,1.4413523876779344,0.06557525752869334,22.915219477232426,0.9350940153194287,0.9350940153194287,0.042542705997732036
higher_energy_wide_swing,solve_ivp_default,solve_ivp_default,,,1.7161936560934892,-2.099442083629503,2.37574664110966,-2.0650346485746196,2.378696421450472,0.03440743505488353,0.002949780340812058,0.03440743505488353,-0.17034384506398514,1.2251606318188402,-0.1893124296695038,1.1971989576205173,0.018968584605518646,0.02796167419832285,0.03378849546679865,0.030003166876859666,23.421243521632118,1.4411180597191198,1.4411180597191198,0.06556459662690638,22.91527697911992,0.935151517206922,0.935151517206922,0.042545322083231314
higher_energy_wide_swing,solve_ivp_default,solve_ivp_default,,,1.7195325542570952,-2.103696637877224,2.385125372747434,-2.069080525252688,2.388263482550437,0.03461611262453612,0.0031381098030029975,0.03461611262453612,-0.17498073026470418,1.2352988690387376,-0.19433297328648602,1.2073346023791818,0.019352243021781845,0.02796426665955587,0.034007492112486805,0.03011454426107818,23.421065116550572,1.4409396546375746,1.4409396546375746,0.06555647997252902,22.915355381773253,0.9352299198602552,0.9352299198602552,0.04254888906256767
higher_energy_wide_swing,solve_ivp_default,solve_ivp_default,,,1.7228714524207012,-2.1079047162068165,2.394456959785225,-2.0730812369436458,2.397781487491331,0.034823479263170753,0.0033245277061060285,0.034823479263170753,-0.17965158878063947,1.245291973005358,-0.19938739357294388,1.217322861270772,0.019735804792304412,0.02796911173458594,0.03423117295714096,0.030224203488882273,23.420943043918154,1.440817582005156,1.440817582005156,0.06555092619929738,22.91545313260209,0.935327670689091,0.935327670689091,0.04255333629964123
higher_energy_wide_swing,solve_ivp_default,solve_ivp_default,,,1.7262103505843072,-2.1120658246141213,2.4037414742804475,-2.07703622435026,2.40725043938132,0.03502960026386148,0.0035089651008726186,0.03502960026386148,-0.18435577627399602,1.2551402128816695,-0.20447488532625202,1.2271638904326472,0.020119109052256,0.027976322449022373,0.034459442346448994,0.030332241516457747,23.420876910640736,1.4407514487277382,1.4407514487277382,0.06554791742314037,22.915568409755764,0.9354429478427662,0.9354429478427662,0.04255858090817975
higher_energy_wide_swing,solve_ivp_default,solve_ivp_default,,,1.7295492487479132,-2.116179501604482,2.4129790316896047,-2.080944899500236,2.4166703484924965,0.035234602104246004,0.0036913168028918086,0.035234602104246004,-0.18909268226980613,1.2648439350526184,-0.2095946821272111,1.2368578494576787,0.020501999857404973,0.027986085594939647,0.034692261169896696,0.030438808168456566,23.420866081381362,1.4407406194683645,1.4407406194683645,0.06554742473899293,22.915699115629607,0.9355736537166095,0.9355736537166095,0.04256452745630432
higher_energy_wide_swing,solve_ivp_default,solve_ivp_default,,,1.7328881469115192,-2.1202461690848584,2.422170177778269,-2.084806645746221,2.4260412322608773,0.035439523338637535,0.0038710544826083826,0.035439523338637535,-0.19386157739731147,1.274404541254572,-0.21474605689298853,1.2464049007552762,0.020884479495677066,0.027999640499295708,0.03493052178103208,0.03054483116225548,23.420916216564006,1.4407907546510081,1.4407907546510081,0.06554970567149855,22.915842870353007,0.9357174084400093,0.9357174084400093,0.042571067670264834
higher_energy_wide_swing,solve_ivp_default,solve_ivp_default,,,1.7362270450751252,-2.124265640925481,2.431314807849056,-2.088620817765801,2.435363115286407,0.035644823159679984,0.00404830743735074,0.035644823159679984,-0.1986615754848281,1.2838224902870148,-0.219928322389913,1.2558052089043923,0.0212667469050849,0.028017281382622494,0.035174459199794145,0.030650737757795532,23.42101987688296,1.4408944149699607,1.4408944149699607,0.06555442176464062,22.915997005243707,0.935871543330709,0.935871543330709,0.04257808013663891
higher_energy_wide_swing,solve_ivp_default,solve_ivp_default,,,1.7395659432387314,-2.1282373874031526,2.4404125746382546,-2.0923867415615036,2.4446360293329543,0.03585064584164899,0.0042234546946997575,0.03585064584164899,-0.2034917962017403,1.2930978138342697,-0.22514083170612276,1.2650589399982435,0.021649035504382463,0.028038873836026212,0.03542399164778876,0.03075668536951559,23.42116602883961,1.4410405669266133,1.4410405669266133,0.0655610710422758,22.916158556213905,0.9360330943009068,0.9360330943009068,0.042585430002338165
higher_energy_wide_swing,solve_ivp_default,solve_ivp_default,,,1.7429048414023374,-2.132160877452676,2.4494631341433664,-2.0961037144607952,2.453860013328314,0.03605716299188089,0.0043968791849477995,0.03605716299188089,-0.20835137090202616,1.3022305745179503,-0.23038297868407487,1.274166260980452,0.022031607782048712,0.028064313537498276,0.03567908961553025,0.030862854650096305,23.42134470907213,1.4412192471591325,1.4412192471591325,0.06556920021482437,22.916324257114763,0.936198795201765,0.936198795201765,0.04259296867181234
higher_energy_wide_swing,solve_ivp_default,solve_ivp_default,,,1.7462437395659434,-2.1360355786668532,2.4584661456231105,-2.099771005116083,2.463035113364208,0.03626457355077006,0.004568967741097385,0.03626457355077006,-0.21323944289769592,1.3112208652399164,-0.23565419831289625,1.2831273389722928,0.022414755415200327,0.028093526267623625,0.03593977571539521,0.03096944925280154,23.421546965162033,1.4414215032490354,1.4414215032490354,0.06557840198622707,22.916490533006538,0.9363650710935403,0.9363650710935403,0.04260053350086954
higher_energy_wide_swing,solve_ivp_default,solve_ivp_default,,,1.7495826377295494,-2.139860957296486,2.4674212715974218,-2.1033878535047146,2.472161382696283,0.0364731037917716,0.004740111098861188,0.0364731037917716,-0.21815516771741983,1.3200688085126104,-0.24095396708055394,1.2919423405906847,0.022798799363134115,0.028126467921925746,0.03620612448417481,0.031076695601609416,23.42176479793221,1.441639336019211,1.441639336019211,0.06558831242875629,22.916653493342626,0.9365280314296278,0.9365280314296278,0.04260794748657995
higher_energy_wide_swing,solve_ivp_default,solve_ivp_default,,,1.7529215358931554,-2.143636478250377,2.4763281778474493,-2.1069534709289774,2.481238881744112,0.03668300732139951,0.004910703896662483,0.03668300732139951,-0.22309771335029127,1.3287745557772448,-0.24628180328580562,1.3006114312565569,0.02318408993551435,0.02816312452068792,0.03647826214207293,0.031184842669953916,23.421991105270322,1.4418656433573247,1.4418656433573247,0.06559860842722573,22.916808925056436,0.9366834631434386,0.9366834631434386,0.0426150189527588
higher_energy_wide_swing,solve_ivp_default,solve_ivp_default,,,1.7562604340567614,-2.1473616050953273,2.485186533415558,-2.1104670400160987,2.490267678091194,0.0368945650792285,0.005081144675636029,0.0368945650792285,-0.2280662604746816,1.337338286710315,-0.251637267309881,1.3091347744931823,0.023571006835199415,0.028203512217132687,0.03675636631397302,0.031294161768928186,23.422219627508653,1.4420941655956554,1.4420941655956554,0.06560900519401064,22.916952285541026,0.9368268236280279,0.9368268236280279,0.042621541230570076
higher_energy_wide_swing,solve_ivp_default,solve_ivp_default,,,1.7595993322203674,-2.1510358000561394,2.4939960106053283,-2.113927714718247,2.4992478464849532,0.03710808533789223,0.0052518358796249665,0.03710808533789223,-0.23306000267214055,1.3457602085188993,-0.2570199618478163,1.317512531214045,0.023959959175675727,0.028247677304854335,0.03704066571781925,0.03140494634579838,23.422444894388192,1.4423194324751947,1.4423194324751947,0.06561925385614542,22.917078695512267,0.9369532335992687,0.9369532335992687,0.042627292333831966
higher_energy_wide_swing,solve_ivp_default,solve_ivp_default,,,1.7629382303839733,-2.1546585240156135,2.502756284981557,-2.11733462031253,2.5081794688367403,0.037323903703083694,0.005423183855183478,0.037323903703083694,-0.2380781466263192,1.3540405552252157,-0.26242953209937314,1.325744858999782,0.024351385473053933,0.02829569622543371,0.03733143982408508,0.03151751179370477,23.42266217363165,1.4425367117186525,1.4425367117186525,0.06562913911561923,22.917182931746893,0.9370574698338956,0.9370574698338956,0.04263203462862949
higher_energy_wide_swing,solve_ivp_default,solve_ivp_default,,,1.7662771285475793,-2.1582292365145523,2.511467035370254,-2.1206868534009957,2.5170626342218316,0.03754238311355662,0.005595598851577677,0.03754238311355662,-0.24311991230688146,1.362179586940899,-0.26786566591942174,1.3338319113637218,0.024745753612540278,0.02834767557717721,0.0376290184894775,0.03163219527342831,23.422867421146794,1.4427419592337962,1.4427419592337962,0.06563847698384474,22.917259419688186,0.9371339577751883,0.9371339577751883,0.04263551449690527
higher_energy_wide_swing,solve_ivp_default,solve_ivp_default,,,1.7696160267111853,-2.161747395751756,2.5201279438586472,-2.123983481910633,2.5258974388794293,0.037763913841122765,0.005769495020782056,0.037763913841122765,-0.24818453313840427,1.3701775891314611,-0.2733280939276779,1.341773837005495,0.0251435607892736,0.02840375212596613,0.037933781567321,0.03174935554811431,23.423057232877888,1.44293177096489,1.44293177096489,0.06564711259110835,22.917302225912124,0.9371767639991262,0.9371767639991262,0.042637461993702414
higher_energy_wide_swing,solve_ivp_default,solve_ivp_default,,,1.7729549248747913,-2.165212458584026,2.528738695795178,-2.1272238719679155,2.534684001431344,0.037988586616110265,0.0059453056361657985,0.037988586616110265,-0.2532712561542426,1.3780348718713968,-0.2788164294377846,1.3495710652965642,0.025545173283542,0.028463806574832606,0.03824583850323682,0.03186909526718462,23.42322879831991,1.4431033364069137,1.4431033364069137,0.06565491807166945,22.917312164331683,0.9371867024186855,0.9371867024186855,0.042637914148517295
higher_energy_wide_swing,solve_ivp_default,solve_ivp_default,,,1.7762938230383973,-2.1686238805261624,2.537298979789505,-2.1304098616396554,2.543422401430428,0.038214018886506995,0.006123421640923166,0.038214018886506995,-0.25837934213537195,1.3857517690903904,-0.28432895971999284,1.357226109760886,0.025949617584620888,0.02852565932950446,0.038562882321877996,0.03198942142404626,23.42337985570639,1.4432543937933922,1.4432543937933922,0.06566179052500191,22.9173401674896,0.9372147055766007,0.9372147055766007,0.042639188170267704
higher_energy_wide_swing,solve_ivp_default,solve_ivp_default,,,1.7796327212020033,-2.171981115750967,2.5458084877125007,-2.133541518191907,2.552112353934644,0.038439597559060346,0.006303866222143295,0.038439597559060346,-0.2635080657342018,1.3933286378110805,-0.28986460493542987,1.3647397788017899,0.026356539201228046,0.028588859009290646,0.03888431583709517,0.032109854473655774,23.423508648878258,1.44338318696526,1.44338318696526,0.06566765005351512,22.9173921420902,0.9372666801772027,0.9372666801772027,0.042641552788281016
higher_energy_wide_swing,solve_ivp_default,solve_ivp_default,,,1.7829716193656093,-2.1752836170892396,2.5542669146962536,-2.136618352635727,2.560753528495125,0.03866526445351237,0.006486613798871499,0.03866526445351237,-0.26865671558338466,1.400765857378833,-0.29542254891163433,1.3721124035318204,0.026765833328249666,0.028653453847012678,0.03921007843805628,0.03223038802330169,23.423613885837657,1.4434884239246593,1.4434884239246593,0.0656724378769323,22.917462003199887,0.9373365412868893,0.9373365412868893,0.04264473116457407
higher_energy_wide_swing,solve_ivp_default,solve_ivp_default,,,1.7863105175292153,-2.1785308360297804,2.562673959134068,-2.139639872895826,2.569345600868512,0.03889096313395424,0.0066716417344441226,0.03889096313395424,-0.2738245943896268,1.4080638286839788,-0.30100199098457947,1.3793443374750627,0.027177396594952663,0.028719491208916148,0.039540106992500115,0.03235101813050678,23.42369469898692,1.4435692370739233,1.4435692370739233,0.06567611452333744,22.917544327803505,0.9374188658905069,0.9374188658905069,0.04264847657557094
higher_energy_wide_swing,solve_ivp_default,solve_ivp_default,,,1.7896494156928213,-2.18172222271939,2.5710293226804626,-2.1426055838105684,2.5778882530169533,0.03911663890882178,0.006858930336490765,0.03911663890882178,-0.2790110190125328,1.4152229733769492,-0.3066021462394024,1.3864359557303094,0.027591127226869627,0.028787017646639823,0.03987433619055318,0.03247174326618818,23.42375060704925,1.4436251451362523,1.4436251451362523,0.06567865809673178,22.91763432612003,0.9375088642070324,0.9375088642070324,0.04265257110709131
higher_energy_wide_swing,solve_ivp_default,solve_ivp_default,,,1.7929883138564275,-2.184857225962869,2.579332710251174,-2.145514987131971,2.5863811731081063,0.03934223883089771,0.0070484628569325025,0.03934223883089771,-0.28421532052851073,1.422243733076765,-0.3122222457305056,1.3933876541266998,0.02800692520199488,0.028856078950065145,0.04021269888533383,0.03259256427728496,23.42378147866426,1.4436560167512624,1.4436560167512624,0.06568006262078982,22.917727812787646,0.9376023508746485,0.9376023508746485,0.042656824343396904
higher_energy_wide_swing,solve_ivp_default,solve_ivp_default,,,1.7963272120200335,-2.1879352932230156,2.58758383002315,-2.1483675815257075,2.5948240555151343,0.039567711697308106,0.007240225491984109,0.039567711697308106,-0.2894368442797661,1.4291265685733032,-0.3178615366810523,1.4001998483724085,0.0284246924012862,0.028926720200894707,0.04055512642920235,0.032713484348889765,23.423787497647968,1.4436620357349703,1.4436620357349703,0.06568033645833994,22.917821177943175,0.9376957160301771,0.9376957160301771,0.04266107205143162
higher_energy_wide_swing,solve_ivp_default,solve_ivp_default,,,1.7996661101836395,-2.190955870620631,2.5957823934345585,-2.151162862571103,2.6032166008167104,0.03979300804952812,0.007434207382151836,0.03979300804952812,-0.29467494990843457,1.435871959023797,-0.3235192826619191,1.4068729731969307,0.028844332753484525,0.02899898582686622,0.04090154900465908,0.03283450896593809,23.42376912990301,1.4436436679900133,1.4436436679900133,0.06567950080592345,22.917911358222327,0.9377858963093288,0.9377858963093288,0.04266517486145916
higher_energy_wide_swing,solve_ivp_default,solve_ivp_default,,,1.8030050083472455,-2.1939184029345142,2.6039281151847793,-2.1539003227611375,2.6115585157970154,0.04001808017337671,0.007630400612236077,0.04001808017337671,-0.29992901137588235,1.4424804011439698,-0.3291947637501431,1.4134074814875168,0.029265752374260767,0.029072919656452978,0.04125189594893936,0.03295564587448796,23.42372709196178,1.4436016300487822,1.4436016300487822,0.06567758826264411,22.917995807708905,0.9378703457959077,0.9378703457959077,0.04266901694537834
higher_energy_wide_swing,solve_ivp_default,solve_ivp_default,,,1.8063439065108515,-2.1968223336014643,2.6120207132344095,-2.156579451502446,2.6198495134457374,0.040242882099018384,0.007828800211327813,0.040242882099018384,-0.3051984169672345,1.448952408394259,-0.33488727666694323,1.4198038434202993,0.029688859699708747,0.02914856497395979,0.041606096071491086,0.0330769050426466,23.423662321141535,1.4435368592285371,1.4435368592285371,0.0656746414723559,22.91807246886233,0.937947006949333,0.937947006949333,0.04267250469405194
higher_energy_wide_swing,solve_ivp_default,solve_ivp_default,,,1.8096828046744575,-2.199667104716281,2.6200599088052616,-2.159199735115316,2.6280893129580734,0.040467369600964975,0.008029404152811725,0.040467369600964975,-0.3104825692811681,1.4552885101615312,-0.34059613489538354,1.426062545586646,0.030113565614215465,0.029225964574885133,0.04196407796358811,0.03319829862118384,23.42357594728728,1.4434504853742816,1.4434504853742816,0.06567071183808673,22.91813974345455,0.9380142815415518,0.9380142815415518,0.04267556539506274
higher_energy_wide_swing,solve_ivp_default,solve_ivp_default,,,1.8130217028380635,-2.2024521570317632,2.6280454263803623,-2.1617606568336893,2.6362776397347267,0.04069150019807388,0.008232213354364415,0.04069150019807388,-0.3157808852050315,1.461489250936713,-0.34632066877776196,1.4321840901152678,0.03053978357273046,0.029305160821445186,0.042325770299428495,0.03331984090387363,23.423469266074985,1.4433438041619873,1.4433438041619873,0.06566585830745156,22.91819646354863,0.9380710016356311,0.9380710016356311,0.042678145912365864
higher_energy_wide_swing,solve_ivp_default,solve_ivp_default,,,1.8163606010016695,-2.20517692995871,2.635976993703955,-2.1642616968051622,2.6444142253819103,0.040915233153547614,0.008437231677955292,0.040915233153547614,-0.3210927958753478,1.4675551894887526,-0.35206022559281924,1.4381689937906041,0.030967429717471462,0.029386195698148487,0.0426911021281533,0.03344154828761192,23.423343713844424,1.4432182519314267,1.4432182519314267,0.06566014622765574,22.91824186255287,0.9381164006398706,0.9381164006398706,0.042680211369376934
higher_energy_wide_swing,solve_ivp_default,solve_ivp_default,,,1.8196994991652755,-2.20784086156592,2.643854341781498,-2.1667023320909853,2.652498807711344,0.04113852947493468,0.008644465929846135,0.04113852947493468,-0.32641774662374934,1.4734868980353162,-0.35781416961286044,1.444017787167995,0.031396422989111106,0.02946911086732129,0.043060003156312684,0.033563439232353165,23.42320084392825,1.4430753820152518,1.4430753820152518,0.06565364626857123,22.918275546385512,0.9381500844725146,0.9381500844725146,0.04268174383709202
higher_energy_wide_swing,solve_ivp_default,solve_ivp_default,,,1.8230383973288815,-2.2104433885801913,2.6516772048796655,-2.1690820366660613,2.660531130740256,0.04136135191413004,0.008853925860590639,0.04136135191413004,-0.3317551969084179,1.479284961410622,-0.363581882140899,1.4497310136861434,0.031826685232481056,0.029553947724478613,0.04343240402036989,0.03368553422090825,23.42304230444044,1.442916842527442,1.442916842527442,0.06564643341220766,22.91829746478629,0.9381720028732907,0.9381720028732907,0.04268274102888759
higher_energy_wide_swing,solve_ivp_default,solve_ivp_default,,,1.8263772954924875,-2.2129839463863235,2.6594453205263457,-2.1714002814189493,2.668510944691383,0.0415836649673742,0.00906562416503709,0.0415836649673742,-0.33710462023107773,1.4849499762308171,-0.3693627615279299,1.4553092287773766,0.03225814129685217,0.029640747453440586,0.043808236548922214,0.033807855718644864,23.422869817485072,1.4427443555720743,1.4427443555720743,0.06563858600680197,22.918307882812563,0.9381824208995653,0.9381824208995653,0.04268321500371965
higher_energy_wide_swing,solve_ivp_default,solve_ivp_default,,,1.8297161936560935,-2.2154619690271136,2.6671584295106445,-2.1736565341518608,2.676438005992968,0.04180543487525279,0.00927957648232347,0.04180543487525279,-0.34246550403962445,1.4904825500572807,-0.3751562231704518,1.4607529989761758,0.03269071913082733,0.029729551081104866,0.04418743401437408,0.033930428133135515,23.422685159743153,1.4425596978301556,1.4425596978301556,0.06563018488360371,22.918307352558433,0.9381818906454349,0.9381818906454349,0.04268319087946562
higher_energy_wide_swing,solve_ivp_default,solve_ivp_default,,,1.8330550918196995,-2.2178768892033607,2.6748162758828817,-2.175850259580662,2.6843120772787636,0.04202662962269876,0.009495801395881909,0.04202662962269876,-0.3478373496164306,1.4958833005582546,-0.38096169948835706,1.466062901026477,0.03312434987192647,0.02982039953177762,0.04456993137388298,0.034053277773792745,23.422490144393237,1.442364682480239,1.442364682480239,0.0656213125343419,22.91829668513674,0.9381712232237405,0.9381712232237405,0.042682705558227896
higher_energy_wide_swing,solve_ivp_default,solve_ivp_default,,,1.8363939899833055,-2.2202281382738622,2.6824186069545926,-2.177980919334872,2.6921329273880295,0.042247218938990194,0.009714320433436896,0.042247218938990194,-0.35321967195241355,1.501152854669174,-0.3867786398833166,1.4712395209881988,0.03355896793090307,0.02991333368097515,0.04495566549943114,0.034176432811531154,23.422286604318742,1.4421611424057446,1.4421611424057446,0.06561205234723118,22.918276922964246,0.9381514610512482,0.9381514610512482,0.04268180646543034
higher_energy_wide_swing,solve_ivp_default,solve_ivp_default,,,1.8397328881469115,-2.2225151462554162,2.6899651732985284,-2.180047971957666,2.6999003313655336,0.042467174297750265,0.00993515806700529,0.042467174297750265,-0.35861199960692125,1.5062918477520884,-0.3926065106777861,1.4762834533434752,0.033994511070864875,0.030008394408613137,0.04534457539695392,0.0342999232384984,23.4220763765531,1.4419509146401026,1.4419509146401026,0.0656024878992936,22.918249312391673,0.9381238504786751,0.9381238504786751,0.04268055030460355
higher_energy_wide_swing,solve_ivp_default,solve_ivp_default,,,1.8430717863105175,-2.22473734182282,2.6974557287486554,-2.182050872905871,2.7076140704615517,0.04268646891694905,0.010158341712896313,0.04268646891694905,-0.3640138745535025,1.5113009227545409,-0.3984447950347703,1.4811953001030402,0.034430920481267835,0.03010562265150063,0.04573660241449879,0.034430920481267835,23.421861287911423,1.4417358259984248,1.4417358259984248,0.0655927023026622,22.91821527672028,0.9380898148072809,0.9380898148072809,0.04267900182975735
higher_energy_wide_swing,solve_ivp_default,solve_ivp_default,,,1.8464106844741235,-2.226894152308872,2.7048900304001555,-2.183989074549969,2.7152739321318675,0.042905077758903065,0.010383901731711997,0.042905077758903065,-0.36942485201162867,1.5161807293682799,-0.40429299285847653,1.485975669913223,0.03486814084684786,0.030205059455056915,0.04613169043942725,0.03486814084684786,23.421643141755904,1.4415176798429066,1.4415176798429066,0.06558277760246446,22.918176389647936,0.9380509277349383,0.9380509277349383,0.04267723263729255
higher_energy_wide_swing,solve_ivp_default,solve_ivp_default,,,1.8497495826377297,-2.228985003704368,2.712267838609427,-2.1858620261740955,2.7228797100377724,0.04312297753027261,0.01061187142834541,0.04312297753027261,-0.3748445002644346,1.5209319231881657,-0.4101506206759949,1.4906251771639891,0.03530612041156028,0.0303067460241766,0.046529786084717153,0.03530612041156028,23.421423705840063,1.441298243927065,1.441298243927065,0.06557279422378803,22.918134349187497,0.9380088872744992,0.9380088872744992,0.04267531997940022
higher_energy_wide_swing,solve_ivp_default,solve_ivp_default,,,1.8530884808013357,-2.2310093206581065,2.719588916994081,-2.187669173976041,2.7304312040460665,0.04334014668206532,0.010842287051985533,0.04334014668206532,-0.3802724004625303,1.5255551648716383,-0.41601721150014687,1.495144441098466,0.035744811037616564,0.030410723773172332,0.04693083886447273,0.035744811037616564,23.421204701175853,1.441079239262855,1.441079239262855,0.06556283046518305,22.918090952100822,0.9379654901878247,0.9379654901878247,0.04267334560092136
higher_energy_wide_swing,solve_ivp_default,solve_ivp_default,,,1.8564273789649417,-2.232966526476884,2.7268530324329467,-2.189409961067249,2.7379282202290565,0.04355656540963526,0.01107518779610972,0.04355656540963526,-0.3857081464139673,1.5300511192991006,-0.4218923146736355,1.4995340849243735,0.03618416825966825,0.030517034374727192,0.0473348013587494,0.03618416825966825,23.42098779186589,1.4408623299528927,1.4408623299528927,0.06555296203607247,22.918048068891864,0.9379226069788658,0.9379226069788658,0.04267139460164098
higher_energy_wide_swing,solve_ivp_default,solve_ivp_default,,,1.8597662771285477,-2.234856043125497,2.734059955066068,-2.1910838274728173,2.7453705708645586,0.04377221565267986,0.011310615798490797,0.04377221565267986,-0.39115134436039883,1.5344204547355693,-0.4277754956946435,1.5037947349277885,0.03662415133424468,0.030625719807780838,0.047741629367862554,0.03662415133424468,23.42077457584218,1.440649113929183,1.440649113929183,0.06554326163540465,22.918007619402285,0.9378821574892875,0.9378821574892875,0.04266955432599522
higher_energy_wide_swing,solve_ivp_default,solve_ivp_default,,,1.8631051752921537,-2.236677291226743,2.741209458294703,-2.192690210131498,2.7527580744358957,0.043987081095245184,0.011548616141192625,0.043987081095245184,-0.3966016127395056,1.538663841993945,-0.4336663360240126,1.5079270195896415,0.037064723284506995,0.03073682240430342,0.04815128205635613,0.037064723284506995,23.420566576451744,1.4404411145387463,1.4404411145387463,0.06553379856883584,22.917971549052666,0.9378460871396683,0.9378460871396683,0.042667913282149424
higher_energy_wide_swing,solve_ivp_default,solve_ivp_default,,,1.8664440734557597,-2.238429690061418,2.748301318781327,-2.194228542895696,2.7600905556318995,0.04420114716572199,0.011789236850572316,0.04420114716572199,-0.40205858193374416,1.5427819536002427,-0.4395644328741487,1.5119315687053665,0.03750585094040454,0.030850384894876237,0.04856372208681962,0.03750585094040454,23.4203652348284,1.440239772915401,1.440239772915401,0.06552463840167964,22.917941805772337,0.937816343859339,0.937816343859339,0.04266656009240622
higher_energy_wide_swing,solve_ivp_default,solve_ivp_default,,,1.8697829716193657,-2.2401126575683183,2.7553353164496306,-2.1956982565314713,2.7673678453469095,0.04441440103684702,0.012032528897278905,0.04441440103684702,-0.40752189400546646,1.54677546296113,-0.4454693989797837,1.5158090125080896,0.03794750497431726,0.030966450453040473,0.048978915743781465,0.03794750497431726,23.4201719029899,1.4400464410769018,1.4400464410769018,0.06551584264485677,22.917920317660037,0.9377948557470397,0.9377948557470397,0.04266558247686274
higher_energy_wide_swing,solve_ivp_default,solve_ivp_default,,,1.8731218697829717,-2.2417256103442402,2.762311234484518,-2.1970987787185385,2.774589780680772,0.04462683162570169,0.012278546196254236,0.04462683162570169,-0.4129912024184682,1.5506450435341028,-0.45138086235073516,1.5195599807957523,0.03838965993226695,0.031085062738350544,0.049396833047901885,0.03838965993226695,23.419987837598626,1.4398623756856281,1.4398623756856281,0.06550746847103359,22.917908971417077,0.9377835095040794,0.9377835095040794,0.042665066272213226
higher_energy_wide_swing,solve_ivp_default,solve_ivp_default,,,1.8764607679465777,-2.24326796364398,2.769228859332111,-2.1984295340502644,2.7817562049388433,0.044838429593715645,0.01252734560673252,0.044838429593715645,-0.4184661717460136,1.5543913680006407,-0.4572984660067975,1.5231851020625573,0.03883229426078394,0.0312062659380834,0.04981744786070938,0.03883229426078394,23.419814194324168,1.4396887324111702,1.4396887324111702,0.06549956845814427,22.917909591593784,0.9377841296807858,0.9377841296807858,0.04266509448755292
higher_energy_wide_swing,solve_ivp_default,solve_ivp_default,,,1.8797996661101837,-2.2447391313803333,2.776087980699745,-2.1996899440336706,2.788866967631986,0.045049187346662745,0.01277898693224122,0.045049187346662745,-0.4239464773653815,1.558015107442666,-0.4632218676948902,1.526685002635114,0.03927539032950872,0.03133010480755205,0.05024073798012389,0.03927539032950872,23.41965202274582,1.439526560832821,1.439526560832821,0.06549219035747644,22.91792392068903,0.9377984587760331,0.9377984587760331,0.04266574639899319
higher_energy_wide_swing,solve_ivp_default,solve_ivp_default,,,1.8831385642737897,-2.2461385261240956,2.7828883915559723,-2.200879427089433,2.7959219244765716,0.04525909903466241,0.013033532920599278,0.04525909903466241,-0.4294318051389781,1.561516930522642,-0.46915073958859466,1.5300603058136582,0.03971893444961655,0.031456624708983805,0.05066668522702849,0.03971893444961655,23.419502261733243,1.439376799820245,1.439376799820245,0.06548537688351172,22.917953600141338,0.9378281382283404,0.9378281382283404,0.04266709668483932
higher_energy_wide_swing,solve_ivp_default,solve_ivp_default,,,1.8864774624373957,-2.2474655591040635,2.78962988813056,-2.201997398551882,2.802920937394478,0.04546816055218139,0.013291049263917998,0.04546816055218139,-0.4349218510820511,1.5648975026676308,-0.47508476797020516,1.533311631018714,0.04016291688815404,0.0315858716489168,0.05109527552315003,0.04016291688815404,23.419365735243645,1.4392402733306469,1.4392402733306469,0.06547916552271514,22.918000152248702,0.937874690335704,0.937874690335704,0.04266921460302156
higher_energy_wide_swing,solve_ivp_default,solve_ivp_default,,,1.8898163606010017,-2.2487196402070313,2.796312269914491,-2.203043270669,2.809863874513093,0.045676369538031114,0.01355160459860194,0.045676369538031114,-0.4404163210170493,1.568157485257633,-0.4810236528954143,1.5364395929435632,0.040607331878365016,0.03171789231406974,0.051526498960501904,0.040607331878365016,23.419243148474322,1.4391176865613247,1.4391176865613247,0.0654735883584931,22.918064963052856,0.9379395011398586,0.9379395011398586,0.04267216321240356
higher_energy_wide_swing,solve_ivp_default,solve_ivp_default,,,1.8931552587646077,-2.2499001779777945,2.802935339659963,-2.2040164526024255,2.8167506101653115,0.045883725375369,0.013815270505348476,0.045883725375369,-0.44591493021464285,1.571297534818537,-0.4869671078407394,1.5394448007128818,0.04105217762609653,0.031852734105655145,0.05196034986266112,0.04105217762609653,23.419135084310067,1.4390096223970694,1.4390096223970694,0.06546867190956553,22.91814926622198,0.9380238043089832,0.9380238043089832,0.04267599863951569
higher_energy_wide_swing,solve_ivp_default,solve_ivp_default,,,1.8964941569282137,-2.251006579619149,2.8094989033803897,-2.204916350427449,2.823581024889536,0.046090229191699805,0.01408212150914645,0.046090229191699805,-0.45141740302145145,1.5743183022199934,-0.4929148593338153,1.5423278570478938,0.041497456312363845,0.03199044517209959,0.05239682683813645,0.041497456312363845,23.419042000005454,1.4389165380924567,1.4389165380924567,0.06546443697902457,22.918254127963785,0.9381286660507868,0.9381286660507868,0.04268076939216609
higher_energy_wide_swing,solve_ivp_default,solve_ivp_default,,,1.8998330550918197,-2.252038250991889,2.8160027703503996,-2.2057423671330176,2.8303550054296776,0.04629588385887118,0.014352235079277964,0.04629588385887118,-0.456923472474487,1.577220431878526,-0.49886664656664725,1.5450893574384064,0.04194317409216025,0.032131074440119534,0.052835932826077424,0.04194317409216025,23.41896422404291,1.4388387621299117,1.4388387621299117,0.06546089851139025,22.91838043299933,0.9382549710863337,0.9382549710863337,0.04268651572131083
higher_energy_wide_swing,solve_ivp_default,solve_ivp_default,,,1.9031719532554259,-2.2529945966148093,2.8224467531058384,-2.2064939026217294,2.8370724447351545,0.04650069399307988,0.014625691629316151,0.04650069399307988,-0.4624328799023368,1.580004560966212,-0.5048222209919335,1.5477298893220535,0.042389341089596744,0.032274671644158426,0.053277675134604165,0.042389341089596744,23.418901953108723,1.4387764911957248,1.4387764911957248,0.06545806545503238,22.918528871625394,0.9384034097123966,0.9384034097123966,0.0426932690324473
higher_energy_wide_swing,solve_ivp_default,solve_ivp_default,,,1.9065108514190319,-2.2538750196647044,2.828830667443764,-2.207170353709839,2.843733241960894,0.046704665954865554,0.014902574517129619,0.046704665954865554,-0.46794537451309337,1.5826713186252281,-0.5107813459025403,1.550250031271121,0.04283597138944695,0.03242128735410721,0.05372206547197445,0.04283597138944695,23.41885524912981,1.4387297872168112,1.4387297872168112,0.06545594062735592,22.918699927891417,0.9385744659784194,0.9385744659784194,0.042701051347717484
higher_energy_wide_swing,solve_ivp_default,solve_ivp_default,,,1.9098497495826379,-2.254678921976369,2.8351543324224533,-2.207771114127253,2.8503373024673295,0.04690780784911608,0.015182970044876232,0.04690780784911608,-0.47346071296905223,1.5852213251885972,-0.5167437959942298,1.5526503521872685,0.04328308302517758,0.03257097300132861,0.05416911997086248,0.04328308302517758,23.418824036315744,1.4386985744027463,1.4386985744027463,0.06545452058022656,22.918893868914147,0.9387684070011488,0.9387684070011488,0.04270987481977025
higher_energy_wide_swing,solve_ivp_default,solve_ivp_default,,,1.9131886477462439,-2.2554057040425977,2.8414175703613958,-2.208295574517533,2.8568845378204046,0.04711012952506444,0.015466967459008885,0.04711012952506444,-0.4789786589481652,1.5876551914074313,-0.5227093569117143,1.5549314105045116,0.04373069796354906,0.03272378090291972,0.05461885920596884,0.04373069796354906,23.41880809815144,1.4386826362384433,1.4386826362384433,0.06545379546315067,22.91911073535123,0.9389852734382309,0.9389852734382309,0.042719741298351446
higher_energy_wide_swing,solve_ivp_default,solve_ivp_default,,,1.9165275459098499,-2.2560547650141842,2.8476202068412984,-2.2087431224378955,2.8633748657915694,0.047311642576288726,0.01575465895027106,0.047311642576288726,-0.4844989826922592,1.589973517685004,-0.5286778247781108,1.557093753400792,0.044178842085851544,0.03287976428421202,0.05507130820519839,0.044178842085851544,23.418807074287763,1.438681612374765,1.438681612374765,0.06545374888181153,22.919350333052037,0.9392248711390394,0.9392248711390394,0.04273064195045299
higher_energy_wide_swing,solve_ivp_default,solve_ivp_default,,,1.9198664440734559,-2.2566255026999227,2.8537620707040827,-2.209113142359209,2.869808210357782,0.04751236034071349,0.016046139653699498,0.04751236034071349,-0.49002146054200685,1.5921768933179585,-0.5346490057078697,1.559137916018479,0.044627545165862814,0.033038977299479466,0.05552649645463546,0.044627545165862814,23.418820457278454,1.4386949953654558,1.4386949953654558,0.06545435774961413,22.919612225901606,0.939486763988608,0.939486763988608,0.04274255693474288
higher_energy_wide_swing,solve_ivp_default,solve_ivp_default,,,1.9232053422370619,-2.2571173135666065,2.8598429940528853,-2.2094050156659972,2.87618450170151,0.04771229790060927,0.01634150764862463,0.04771229790060927,-0.4955458744586397,1.5942658957449696,-0.5406227153032336,1.5610644206941435,0.0450768408445939,0.033201475050826046,0.05598445789752254,0.0450768408445939,23.418847589113604,1.4387221272006059,1.4387221272006059,0.06545559212997275,22.919895729870802,0.9397702679578046,0.9397702679578046,0.0427554551308741
higher_energy_wide_swing,solve_ivp_default,solve_ivp_default,,,1.9265442404006679,-2.25752959273903,2.8658628122520593,-2.209618120656437,2.882503676210726,0.047911472082593054,0.016640863958666596,0.047911472082593054,-0.5010720115323863,1.5962410898031845,-0.5465987781342734,1.562873776197939,0.045526766601887037,0.033367313605245474,0.056445230927453,0.045526766601887037,23.41888765750154,1.4387621955885415,1.4387621955885415,0.06545741506715319,22.920199908283287,0.9400744463702893,0.9400744463702893,0.042769293924151776
higher_energy_wide_swing,solve_ivp_default,solve_ivp_default,,,1.9298831385642738,-2.257861733999987,2.8718213639271717,-2.209751832542361,2.888765676478913,0.04810990145762606,0.016944312551741447,0.04810990145762606,-0.5065996634776098,1.598103026992754,-0.5525770272025614,1.564566476982939,0.04597736372495165,0.033536550009815036,0.05690885837597978,0.04597736372495165,23.418939691852486,1.4388142299394886,1.4388142299394886,0.06545978240354704,22.920523568306955,0.9403981063939568,0.9403981063939568,0.04278401904590908
higher_energy_wide_swing,solve_ivp_default,solve_ivp_default,,,1.9332220367278798,-2.25811312979027,2.8777184909650066,-2.2098055234492535,2.894970451305061,0.048307606341016385,0.017251960340054495,0.048307606341016385,-0.5121286261146202,1.599852244749788,-0.5585573033885008,1.5661430024447616,0.04642867727388067,0.03370924230502648,0.05737538749482351,0.04642867727388067,23.419002558919505,1.4388770970065075,1.4388770970065075,0.06546264258135302,22.92086525867474,0.9407397967617435,0.9407397967617435,0.0427995644698139
higher_energy_wide_swing,solve_ivp_default,solve_ivp_default,,,1.9365609348914858,-2.258283171208672,2.8835540385135627,-2.209778562416254,2.9011179556936684,0.048504608792418136,0.017563917180105637,0.048504608792418136,-0.5176586988381213,1.6014892657280524,-0.5645394548823531,1.56760381619184,0.04688075604423181,0.03388544953621242,0.057844869932864196,0.04688075604423181,23.419074958053642,1.4389494961406442,1.4389494961406442,0.06546593642670719,22.92122326863738,0.9410978067243825,0.9410978067243825,0.04281585236422376
higher_energy_wide_swing,solve_ivp_default,solve_ivp_default,,,1.9398998330550918,-2.258371248011987,2.889327854982054,-2.2096703153961563,2.907208150854741,0.04870093261583053,0.017880295872687135,0.04870093261583053,-0.5231896840722593,1.6030145970897425,-0.5705233365989767,1.5689493653266735,0.047333652526717396,0.03406523176306897,0.05831736170808504,0.047333652526717396,23.419155416032204,1.4390299541192064,1.4390299541192064,0.06546959691439191,22.921595628147447,0.9414701662344491,0.9414701662344491,0.04283279310055904
higher_energy_wide_swing,solve_ivp_default,solve_ivp_default,,,1.9432387312186978,-2.258376748615007,2.89503979204091,-2.209480145255407,2.913241004203793,0.04889660335960011,0.018201212162883174,0.04889660335960011,-0.5287213867122244,1.6044287298056656,-0.5765088095762945,1.570180079738419,0.04778742286407012,0.03424865006724653,0.0587929231746318,0.04778742286407012,23.419242281420924,1.4391168195079267,1.4391168195079267,0.06547354891133893,22.921980109271804,0.9418546473588059,0.9418546473588059,0.042850285317563123
higher_energy_wide_swing,solve_ivp_default,solve_ivp_default,,,1.9465776293823038,-2.2582990600905255,2.9006897046217763,-2.2092074117741083,2.9192164893618457,0.049091648316417213,0.018526784740069413,0.049091648316417213,-0.5342536135523559,1.6057321379651703,-0.582495740357486,1.571296371407176,0.04824212680513007,0.03443576655799441,0.05927161898513432,0.04824212680513007,23.419333718432448,1.43920825651945,1.43920825651945,0.06547770889721716,22.922374228826907,0.9422487669139095,0.9422487669139095,0.042868216041197366
higher_energy_wide_swing,solve_ivp_default,solve_ivp_default,,,1.9499165275459098,-2.2581375681693343,2.9062774509175133,-2.208851471646015,2.92513458615543,0.0492860965233195,0.018857135237916545,0.0492860965233195,-0.5397861727006943,1.6069252780961618,-0.5884840003569142,1.572298633720324,0.04869782765621988,0.034626644375837845,0.059753518048443276,0.04869782765621988,23.419427700245585,1.439302238332587,1.439302238332587,0.06548198466048794,22.92277525222878,0.9426497903157838,0.9426497903157838,0.042886460859798116
higher_energy_wide_swing,solve_ivp_default,solve_ivp_default,,,1.9532554257095158,-2.2578916572402266,2.911802892382197,-2.208411678478536,2.9309952806165827,0.049479978761690635,0.01919238823438585,0.049479978761690635,-0.5453188729799208,1.608008588495562,-0.5944734652097539,1.573187240801282,0.049154592229833094,0.034821347694280025,0.060238693482902735,0.049154592229833094,23.419522001751382,1.4393965398383841,1.4393965398383841,0.06548627496838269,22.9231801985474,0.9430547366344015,0.9430547366344015,0.04290488415402906
higher_energy_wide_swing,solve_ivp_default,solve_ivp_default,,,1.9565943238731218,-2.2575607103499937,2.917265893731118,-2.207887382792735,2.93679856498285,0.049673327557258506,0.01953267125173186,0.049673327557258506,-0.5508515233146185,1.6089824885705544,-0.600464014105319,1.5739625468510599,0.049612490790700514,0.03501994171949452,0.060727222565288924,0.049612490790700514,23.419614191693878,1.43948872978088,1.43948872978088,0.06549046920934166,22.92358584675268,0.9434603848396819,0.9434603848396819,0.0429233393810469
higher_energy_wide_swing,solve_ivp_default,solve_ivp_default,,,1.959933222036728,-2.2571441092034283,2.922666322940785,-2.2072779320233296,2.942544437697286,0.04986617718009878,0.019878114756500587,0.04986617718009878,-0.5563839321047824,1.609847378190989,-0.606455529104049,1.574624885502985,0.050071596999266554,0.03522249268800404,0.06121918667553055,0.050071596999266554,23.419701624175133,1.439576162262135,1.439576162262135,0.0654944470065297,22.923988743137375,0.9438632812243775,0.9438632812243775,0.04294166941221045
higher_energy_wide_swing,solve_ivp_default,solve_ivp_default,,,1.963272120200334,-2.256641234163322,2.928004051248919,-2.2065826705186904,2.948232903408451,0.05005856364463179,0.020228852159532185,0.05005856364463179,-0.5619159065854987,1.6106036370533026,-0.6124478944381158,1.5751745691909864,0.05053198785261703,0.035429067862316144,0.06171467123731308,0.05053198785261703,23.41978142949575,1.4396559675827518,1.4396559675827518,0.0654980778011198,22.924385209900123,0.9442597479871253,0.9442597479871253,0.04295970692357201
higher_energy_wide_swing,solve_ivp_default,solve_ivp_default,,,1.96661101836394,-2.256051464250467,2.9332789531544576,-2.2058009395408424,2.9538639729704155,0.050250524709624766,0.02058501981595784,0.050250524709624766,-0.5674472521727272,1.611251624056341,-0.6184409957956135,1.5756118885318402,0.050993743622886334,0.03563973552450084,0.06221376565466061,0.050993743622886334,23.419850504303643,1.439725042390645,1.439725042390645,0.06550122040410507,22.924771354870117,0.9446458929571193,0.9446458929571193,0.042977274838307676
higher_energy_wide_swing,solve_ivp_default,solve_ivp_default,,,1.969949916527546,-2.2553741771436546,2.9384909064175546,-2.2049320772654655,2.959437663442757,0.05044209987818915,0.020946757025202434,0.05044209987818915,-0.5729777717950819,1.6117916766894593,-0.6244347195882662,1.5759371117217786,0.05145694779318433,0.03585456496768069,0.06271656324458581,0.05145694779318433,23.419905501025365,1.4397800391123674,1.4397800391123674,0.06550372251547007,22.925143082353337,0.9450176204403391,0.9450176204403391,0.04299418682017347
higher_energy_wide_swing,solve_ivp_default,solve_ivp_default,,,1.973288814691152,-2.2546087491796762,2.943639792059578,-2.203975418781892,2.964953998090561,0.05063333039778417,0.021314206030982774,0.05063333039778417,-0.5785072652115337,1.6122241104332988,-0.6304289522025985,1.5761504839478766,0.05192168699106481,0.03607362648542223,0.06322316116588812,0.05192168699106481,23.41994281655579,1.4398173546427913,1.4398173546427913,0.06550542020962057,22.925496105078704,0.9453706431657061,0.9453706431657061,0.04301024781700348
higher_energy_wide_swing,solve_ivp_default,solve_ivp_default,,,1.976627712854758,-2.253754555353323,2.9487254943631127,-2.20293029609311,2.9704130063844203,0.05082425926021328,0.021687512021307587,0.05082425926021328,-0.5840355283149404,1.6125492181736378,-0.6364235792344968,1.57625222681465,0.05238805091955634,0.036296991358987896,0.06373366034415778,0.05238805091955634,23.419958580183035,1.4398331182700375,1.4398331182700375,0.06550613738602037,22.92582595722171,0.9457004953087136,0.9457004953087136,0.043025254653228276
higher_energy_wide_swing,solve_ivp_default,solve_ivp_default,,,1.979966611018364,-2.252811480503719,2.9537485283683034,-2.2017960381157597,2.975814724000437,0.05101544238795919,0.022066195632133745,0.05101544238795919,-0.58956264664875,1.612767783644552,-0.6424184847070855,1.5762425377862996,0.05285583805833549,0.03652524585825234,0.06424821555385618,0.05285583805833549,23.419958835805144,1.4398333738921458,1.4398333738921458,0.06550614901571325,22.926128008481562,0.9460025465685646,0.9460025465685646,0.043038996670323425
higher_energy_wide_swing,solve_ivp_default,solve_ivp_default,,,1.98330550918197,-2.2517798665861726,2.958709995257,-2.2005719706801368,2.9811591928202197,0.051207895906035805,0.022449197563219503,0.051207895906035805,-0.595088988923433,1.6128810181547677,-0.6484135502718313,1.5761215896450564,0.05332456134839836,0.036759428509711256,0.06476700106813402,0.05332456134839836,23.41995883720306,1.4398333752900605,1.4398333752900605,0.06550614907931228,22.92639747918763,0.9462720172746337,0.9462720172746337,0.04305125641408767
higher_energy_wide_swing,solve_ivp_default,solve_ivp_default,,,1.986644407345576,-2.250659301500105,2.963610093723925,-2.19925741653019,2.9864464609308863,0.051401884969914935,0.02283636720696114,0.051401884969914935,-0.6006145073104717,1.6128893428213873,-0.6544086543927895,1.5758895299660929,0.05379414708231778,0.03699981285529441,0.0652900942842086,0.05379414708231778,23.419958835908357,1.4398333739953593,1.4398333739953593,0.06550614902040901,22.92662945641032,0.9465039944973235,0.9465039944973235,0.04306181036761682
higher_energy_wide_swing,solve_ivp_default,solve_ivp_default,,,1.989983305509182,-2.2494493707334464,2.9684490297827115,-2.1978516953235228,2.991676582625061,0.05159767540992366,0.023227552842349564,0.05159767540992366,-0.6061391539581832,1.6127931498141765,-0.6604036715138858,1.5755464806094788,0.05426451755570261,0.03724666920469777,0.06581756780979785,0.05426451755570261,23.41995883286428,1.4398333709512805,1.4398333709512805,0.06550614888191668,22.92681891105102,0.9466934491380208,0.9466934491380208,0.04307042972882227
higher_energy_wide_swing,solve_ivp_default,solve_ivp_default,,,1.993322203672788,-2.248149670212444,2.973227032434668,-2.196354123631392,2.9968496184008777,0.05179554658105179,0.023622585966209808,0.05179554658105179,-0.611662887706568,1.6125928146808963,-0.6663984712091431,1.575092537229686,0.054735583502575125,0.03750027745121032,0.06634949065580781,0.054735583502575125,23.419958830937475,1.439833369024477,1.439833369024477,0.06550614879425551,22.926960715886317,0.9468352539733189,0.9468352539733189,0.04307688123136459
higher_energy_wide_swing,solve_ivp_default,solve_ivp_default,,,1.996661101836394,-2.2467598063016627,2.9779443536687804,-2.1947640149387087,3.001965634961977,0.05199579136295407,0.024021281293196584,0.05199579136295407,-0.6171856735292796,1.6122886957442875,-0.6723929173157326,1.5745277688031405,0.05520724378645303,0.037760926941146966,0.06688592804134137,0.05520724378645303,23.419958832209172,1.4398333702961743,1.4398333702961743,0.0655061488521122,22.92704966454118,0.9469242026281819,0.9469242026281819,0.04308092800784988
higher_energy_wide_swing,solve_ivp_default,solve_ivp_default,,,2.0,-2.2452793958039847,2.982601268461709,-2.193080679644037,3.007024705217508,0.052198716159947534,0.024423436755798722,0.052198716159947534,-0.6227074819722939,1.6118811335418886,-0.6783868670497395,1.5738522171743652,0.05567938507744563,0.03802891636752337,0.06742694122300494,0.05567938507744563,23.41995883442322,1.439833372510222,1.439833372510222,0.06550614895284172,22.927080491367125,0.9469550294541271,0.9469550294541271,0.043082330494200495
