case_name,solver_config,solver_method,rtol,atol,t,lagrangian_theta1_rad,lagrangian_theta2_rad,hamiltonian_theta1_rad,hamiltonian_theta2_rad,abs_theta1_diff_rad,abs_theta2_diff_rad,max_abs_theta_diff_rad,lagrangian_x2,lagrangian_y2,hamiltonian_x2,hamiltonian_y2,abs_x2_diff,abs_y2_diff,second_bob_position_diff,max_bob_position_abs_diff,lagrangian_energy,lagrangian_energy_abs_drift,lagrangian_energy_signed_drift,lagrangian_energy_relative_drift,hamiltonian_energy,hamiltonian_energy_abs_drift,hamiltonian_energy_signed_drift,hamiltonian_energy_relative_drift
higher_energy_wide_swing,dop853_moderate,DOP853,1e-06,1e-08,0.0,2.0943951023931953,-2.0943951023931953,2.0943951023931953,-2.0943951023931953,0.0,0.0,0.0,0.0,0.9999999999999997,0.0,0.9999999999999997,0.0,0.0,0.0,0.0,21.980125461912998,0.0,0.0,0.0,21.980125461912998,0.0,0.0,0.0
higher_energy_wide_swing,dop853_moderate,DOP853,1e-06,1e-08,0.00333889816360601,2.1013483618912043,-2.0996333032314465,2.101348361817368,-2.099633303339423,7.383649247572066e-11,1.0797673866136392e-10,1.0797673866136392e-10,-0.0008665671283781817,1.0105390985152813,-0.0008665670365388678,1.010539098544822,9.183931393152989e-11,2.954059219462124e-11,9.647334435284711e-11,9.183931393152989e-11,21.98012546214342,2.304219037796429e-10,2.304219037796429e-10,1.0483193291090004e-11,21.980125461551623,3.6137492998022935e-10,-3.6137492998022935e-10,-1.6440985771733523e-11
higher_energy_wide_swing,dop853_moderate,DOP853,1e-06,1e-08,0.00667779632721202,2.108222673434776,-2.1048574016680237,2.108222673284163,-2.1048574018842583,1.5061285552064874e-10,2.1623458579256294e-10,2.1623458579256294e-10,-0.0017179054408854588,1.020959933504605,-0.001717905253712182,1.0209599335613475,1.8717327687767238e-10,5.674261061017205e-11,1.9558517182031825e-10,1.8717327687767238e-10,21.9801254623518,4.3880277189600747e-10,4.3880277189600747e-10,1.9963615433240438e-11,21.980125461162984,7.500133847315738e-10,-7.500133847315738e-10,-3.412234320642034e-11
higher_energy_wide_swing,dop853_moderate,DOP853,1e-06,1e-08,0.01001669449081803,2.115018726855442,-2.1100658525132676,2.115018726699217,-2.1100658527303344,1.5622525495473383e-10,2.1706680897182196e-10,2.1706680897182196e-10,-0.002553861531701007,1.0312623073145986,-0.002553861339349206,1.0312623073672045,1.9235180115373396e-10,5.260591962041872e-11,1.9941564177916325e-10,1.9235180115373396e-10,21.980125462342038,4.290399147066637e-10,4.290399147066637e-10,1.951944794173723e-11,21.980125461114635,7.983622651863698e-10,-7.983622651863698e-10,-3.632200674057872e-11
higher_energy_wide_swing,dop853_moderate,DOP853,1e-06,1e-08,0.01335559265442404,2.121737178389195,-2.1152571419261075,2.121737178261796,-2.1152571420950337,1.2739898025415641e-10,1.6892620635644562e-10,1.6892620635644562e-10,-0.0033743159643156995,1.0414460399997245,-0.0033743158101271487,1.041446040035677,1.5418855081605898e-10,3.595257425104137e-11,1.5832465631743227e-10,1.5418855081605898e-10,21.980125462261093,3.480948862488731e-10,3.480948862488731e-10,1.583680160752719e-11,21.98012546128312,6.298783716829348e-10,-6.298783716829348e-10,-2.865672321909097e-11
higher_energy_wide_swing,dop853_moderate,DOP853,1e-06,1e-08,0.01669449081803005,2.1283786514155607,-2.120429786550304,2.1283786512788563,-2.120429786732772,1.3670442555735463e-10,1.8246781863240358e-10,1.8246781863240358e-10,-0.004179181303188728,1.0515109689414683,-0.004179181135536947,1.0515109689810629,1.676517813464784e-10,3.959454986102173e-11,1.7226389107222772e-10,1.676517813464784e-10,21.980125462311612,3.986144747614162e-10,3.986144747614162e-10,1.8135222906353855e-11,21.980125461398078,5.149196624643082e-10,-5.149196624643082e-10,-2.342660251673983e-11
higher_energy_wide_swing,dop853_moderate,DOP853,1e-06,1e-08,0.02003338898163606,2.1349437372198987,-2.1255823326271046,2.1349437369760147,-2.1255823329740187,2.438840240870377e-10,3.4691405303988176e-10,3.4691405303988176e-10,-0.004968400260444872,1.0614569484652465,-0.0049683999473002505,1.061456948554035,3.131446213444633e-10,8.878853208216242e-11,3.254887975127139e-10,3.131446213444633e-10,21.980125462612513,6.995151125011034e-10,6.995151125011034e-10,3.182489170561006e-11,21.980125461232003,6.809948160935164e-10,-6.809948160935164e-10,-3.098229886237635e-11
higher_energy_wide_swing,dop853_moderate,DOP853,1e-06,1e-08,0.02337228714524207,2.1414329957743257,-2.130713355091573,2.1414329953048608,-2.130713355782091,4.69464911390105e-10,6.905178651095412e-10,6.905178651095412e-10,-0.005741943952038975,1.071283849456007,-0.00574194333170408,1.0712838496460007,6.20334894563257e-10,1.8999357642712766e-10,6.487780363856177e-10,6.20334894563257e-10,21.98012546315904,1.2460432685656997e-09,1.2460432685656997e-09,5.668954304764249e-11,21.980125460681535,1.2314629316279024e-09,-1.2314629316279024e-09,-5.602620120443682e-11
higher_energy_wide_swing,dop853_moderate,DOP853,1e-06,1e-08,0.02671118530884808,2.1478469565326725,-2.135821456659854,2.1478469557460538,-2.13582145782877,7.866187701210947e-10,1.16891607504499e-09,1.16891607504499e-09,-0.006499810257230232,1.0809915589735932,-0.006499809202205831,1.080991559301585,1.0550244011753307e-09,3.2799185589738045e-10,1.1048326319449354e-09,1.0550244011753307e-09,21.980125463843212,1.9302142106880638e-09,1.9302142106880638e-09,8.781634181445984e-11,21.98012545977787,2.135127630253919e-09,-2.135127630253919e-09,-9.713901014594538e-11
higher_energy_wide_swing,dop853_moderate,DOP853,1e-06,1e-08,0.03005008347245409,2.1541861192348772,-2.1409052669146145,2.1541861181076376,-2.1409052685897842,1.1272396349681912e-09,1.6751697806682841e-09,1.6751697806682841e-09,-0.007242022274634774,1.0905799798690163,-0.00724202074955882,1.0905799803384506,1.5250759544116477e-09,4.694342692346254e-10,1.595689568762184e-09,1.5250759544116477e-09,21.98012546450377,2.5907738177011197e-09,2.5907738177011197e-09,1.1786892764513076e-10,21.98012545865567,3.257326852690312e-09,-3.257326852690312e-09,-1.4819418835140793e-10
higher_energy_wide_swing,dop853_moderate,DOP853,1e-06,1e-08,0.0333889816360601,2.160450954716218,-2.1459634413959328,2.1604509533180036,-2.1459634434612043,1.3982144331237123e-09,2.0652715093660845e-09,2.0652715093660845e-09,-0.007968626867576267,1.1000490304028832,-0.007968624966609439,1.1000490309737536,1.900966828394246e-09,5.708704620133176e-10,1.9848344936176864e-09,1.900966828394246e-09,21.9801254649828,3.0698039665821852e-09,3.0698039665821852e-09,1.3966271356828784e-10,21.98012545750297,4.410026122059207e-09,-4.410026122059207e-09,-2.006369858853112e-10
higher_energy_wide_swing,dop853_moderate,DOP853,1e-06,1e-08,0.03672787979966611,2.166641905716791,-2.1509946607048787,2.166641904212952,-2.1509946628977983,1.5038392753297103e-09,2.192919623666967e-09,2.192919623666967e-09,-0.008679693290942203,1.1093986438672743,-0.00867969124483814,1.1093986444566422,2.0461040639574435e-09,5.893678878265973e-10,2.129294800572328e-09,2.0461040639574435e-09,21.980125465172712,3.259714276282466e-09,3.259714276282466e-09,1.4830280572924277e-10,21.980125456508794,5.404203307080024e-09,-5.404203307080024e-09,-2.4586771883738284e-10
higher_energy_wide_swing,dop853_moderate,DOP853,1e-06,1e-08,0.04006677796327212,2.172759387686637,-2.1559976296270493,2.1727593863162715,-2.155997631574385,1.3703655987740149e-09,1.947335626084623e-09,1.947335626084623e-09,-0.00937531189125751,1.11862876821243,-0.009375310039627771,1.1186287687062404,1.8516297384252312e-09,4.938103259632953e-10,1.916345826370769e-09,1.8516297384252312e-09,21.980125465043972,3.1309745907037723e-09,3.1309745907037723e-09,1.424457106093003e-10,21.980125455819458,6.093539894891364e-09,-6.093539894891364e-09,-2.772295319901702e-10
higher_energy_wide_swing,dop853_moderate,DOP853,1e-06,1e-08,0.04340567612687813,2.178803789581925,-2.1609710762833063,2.178803788613288,-2.1609710775712423,9.6863717047313e-10,1.2879359800876955e-09,1.2879359800876955e-09,-0.01005559287123503,1.127739365679652,-0.010055591601172975,1.1277393659546795,1.2700620555250453e-09,2.7502755628461273e-10,1.2994990502498987e-09,1.2700620555250453e-09,21.980125464649284,2.7362858645574306e-09,2.7362858645574306e-09,1.2448909217096357e-10,21.980125455510613,6.4023844004168495e-09,-6.4023844004168495e-09,-2.9128061218353165e-10
higher_energy_wide_swing,dop853_moderate,DOP853,1e-06,1e-08,0.04674457429048414,2.184775474647589,-2.1659137513149815,2.184775474316804,-2.165913751584604,3.307847329381275e-10,2.696225465115276e-10,3.307847329381275e-10,-0.01072066510960501,1.1367304124418576,-0.010720664767879806,1.1367304123947566,3.4172520368969117e-10,4.710098977511734e-11,3.449559654137853e-10,3.4172520368969117e-10,21.980125464104866,2.191868020418042e-09,2.191868020418042e-09,9.972045083255302e-11,21.98012545557764,6.335358904152599e-09,-6.335358904152599e-09,-2.882312439540194e-10
higher_energy_wide_swing,dop853_moderate,DOP853,1e-06,1e-08,0.05008347245409015,2.190674781181835,-2.170824427110798,2.190674781624882,-2.1708244261632994,4.4304737656375437e-10,9.47498524084267e-10,9.47498524084267e-10,-0.011370675026644683,1.1456018982532692,-0.011370675819046827,1.1456018978318978,7.924021439009721e-10,4.213713822309728e-10,8.974714476918458e-10,7.924021439009721e-10,21.98012546355401,1.6410126590926666e-09,1.6410126590926666e-09,7.465893049319493e-11,21.98012545594438,5.968619376517381e-09,-5.968619376517381e-09,-2.7154619234816294e-10
higher_energy_wide_swing,dop853_moderate,DOP853,1e-06,1e-08,0.05342237061769616,2.196502023277906,-2.175701897082763,2.1965020244698903,-2.175701894972575,1.1919842890506516e-09,2.1101880243179494e-09,2.1101880243179494e-09,-0.012005785485423748,1.1543538261097188,-0.012005787383563615,1.1543538253401344,1.898139867506643e-09,7.69584396209666e-10,2.048217542036864e-09,1.898139867506643e-09,21.980125463121354,1.208356081860984e-09,1.208356081860984e-09,5.497494015467813e-11,21.98012545648707,5.4259281512258895e-09,-5.4259281512258895e-09,-2.468561046490794e-10
higher_energy_wide_swing,dop853_moderate,DOP853,1e-06,1e-08,0.05676126878130217,2.20225749153853,-2.1805449749982917,2.2022574932582604,-2.1805449720861496,1.7197305801630591e-09,2.9121420830335865e-09,2.9121420830335865e-09,-0.012626174718446626,1.1629862119211052,-0.012626177401317662,1.1629862109218623,2.68287103644127e-09,9.992429106375766e-10,2.8629151913102336e-09,2.68287103644127e-09,21.98012546287012,9.571223813509278e-10,9.571223813509278e-10,4.3544900733593285e-11,21.980125457068503,4.844494583267078e-09,-4.844494583267078e-09,-2.2040340905522052e-10
higher_energy_wide_swing,dop853_moderate,DOP853,1e-06,1e-08,0.06010016694490818,2.207941453758434,-2.1853524943758176,2.207941455600388,-2.185352491307544,1.841954144765623e-09,3.068273635165042e-09,3.068273635165042e-09,-0.013232035269030384,1.171499084197512,-0.013232038133968893,1.1714990831712,2.8649385086509938e-09,1.0263119243347774e-09,3.0432201406377314e-09,2.8649385086509938e-09,21.98012546277645,8.634515324956737e-10,8.634515324956737e-10,3.928328498360286e-11,21.980125457575646,4.337351811045664e-09,-4.337351811045664e-09,-1.973306211814576e-10
higher_energy_wide_swing,dop853_moderate,DOP853,1e-06,1e-08,0.06343906510851419,2.2135541555703466,-2.190123307951139,2.21355415703011,-2.1901233055217273,1.4597634212520916e-09,2.42941178285605e-09,2.42941178285605e-09,-0.013823572936474515,1.1798924837505296,-0.013823575221706852,1.1798924829407955,2.285232336696197e-09,8.097340575830003e-10,2.424449644082506e-09,2.285232336696197e-09,21.980125462737412,8.244143145930138e-10,8.244143145930138e-10,3.7507261549600936e-11,21.980125457952695,3.960302308314567e-09,-3.960302308314567e-09,-1.8017651060167743e-10
higher_energy_wide_swing,dop853_moderate,DOP853,1e-06,1e-08,0.0667779632721202,2.219095821049883,-2.1948562872217625,2.2190958217132013,-2.1948562860781373,6.633182891846445e-10,1.143625194544029e-09,1.143625194544029e-09,-0.014401005713796544,1.1881664634113245,-0.014401006782589043,1.1881664630119968,1.0687924989483122e-09,3.993276820324354e-10,1.140955741229946e-09,1.0687924989483122e-09,21.980125462630703,7.17705006536562e-10,7.17705006536562e-10,3.2652452679589844e-11,21.98012545822104,3.6919587387274078e-09,-3.6919587387274078e-09,-1.6796804663944286e-10
higher_energy_wide_swing,dop853_moderate,DOP853,1e-06,1e-08,0.07011686143572621,2.2245666532747173,-2.1995503220764987,2.224566653144319,-2.1995503222061066,1.3039835877748374e-10,1.2960787998395062e-10,1.3039835877748374e-10,-0.014964562706564988,1.1963210877669916,-0.014964562551031513,1.196321087768304,1.555334749880899e-10,1.312283615106935e-12,1.5553901095917147e-10,1.555334749880899e-10,21.98012546244489,5.318909757079382e-10,5.318909757079382e-10,2.4198723370783074e-11,21.98012545847654,3.436458229089112e-09,-3.436458229089112e-09,-1.5634388598207878e-10
higher_energy_wide_swing,dop853_moderate,DOP853,1e-06,1e-08,0.07345575959933222,2.2299668349101625,-2.2042043198589876,2.22996683483184,-2.204204320463748,7.832223758441614e-11,6.047602418846054e-10,6.047602418846054e-10,-0.015514483457941708,1.2043564324465605,-0.015514483052017747,1.2043564328720926,4.059239611109433e-10,4.2553205403805805e-10,5.880916520559082e-10,4.2553205403805805e-10,21.980125457211603,4.701394828998673e-09,-4.701394828998673e-09,-2.1389299333824166e-10,21.980125458855035,3.057962771890743e-09,-3.057962771890743e-09,-1.3912399077018732e-10
higher_energy_wide_swing,dop853_moderate,DOP853,1e-06,1e-08,0.07679465776293823,2.235296530040684,-2.208817202193453,2.235296530970017,-2.208817204221343,9.293326108661404e-10,2.0278903001269555e-09,2.0278903001269555e-09,-0.01605101944230125,1.2122725825840546,-0.016051018807563433,1.2122725849446043,6.347378178617191e-10,2.360549755664465e-09,2.44439915856462e-09,2.360549755664465e-09,21.980125428328336,3.3584662162411405e-08,-3.3584662162411405e-08,-1.5279558899973827e-09,21.98012545945666,2.4563391320953087e-09,-2.4563391320953087e-09,-1.1175273482181143e-10
higher_energy_wide_swing,dop853_moderate,DOP853,1e-06,1e-08,0.08013355592654424,2.24055588485211,-2.2133879092481896,2.2405558870978988,-2.2133879131802794,2.2457888881888266e-09,3.9320897649020026e-09,3.9320897649020026e-09,-0.01657443053421337,1.2200696363408046,-0.016574429572001614,1.2200696412492542,9.62211754718112e-10,4.908449646734425e-09,5.0018725888855875e-09,4.908449646734425e-09,21.98012538993364,7.197935758540552e-08,-7.197935758540552e-08,-3.2747473489235006e-09,21.980125460220314,1.692683326837141e-09,-1.692683326837141e-09,-7.700972088490625e-11
higher_energy_wide_swing,dop853_moderate,DOP853,1e-06,1e-08,0.08347245409015025,2.24574502732825,-2.2179153971647487,2.245745030744446,-2.2179154029285764,3.4161957707112833e-09,5.763827637395025e-09,5.763827637395025e-09,-0.017084984932941638,1.227747702112639,-0.017084983592619785,1.2277477093783162,1.3403218535046335e-09,7.265677171020002e-09,7.388269582552014e-09,7.265677171020002e-09,21.98012535419119,1.0772180658591424e-07,-1.0772180658591424e-07,-4.900873144358243e-09,21.980125460740066,1.1729319737696642e-09,-1.1729319737696642e-09,-5.336329748445305e-11
higher_energy_wide_swing,dop853_moderate,DOP853,1e-06,1e-08,0.08681135225375626,2.2508640679129814,-2.222398637211461,2.2508640724539233,-2.2223986451361384,4.5409418447661665e-09,7.92467735877267e-09,7.92467735877267e-09,-0.017582958725706366,1.2353068978969421,-0.01758295677524868,1.2353069077286758,1.9504576842521715e-09,9.831733649434682e-09,1.0023336357295636e-08,9.831733649434682e-09,21.980125327646224,1.342667736992098e-07,-1.342667736992098e-07,-6.108553562711291e-09,21.98012546771266,5.799662972094666e-09,5.799662972094666e-09,2.6385941163731207e-10
higher_energy_wide_swing,dop853_moderate,DOP853,1e-06,1e-08,0.09015025041736227,2.2559131001922212,-2.226836615434338,2.255913105947762,-2.2268366257764374,5.755540932739223e-09,1.0342099177051978e-08,1.0342099177051978e-08,-0.018068635221979656,1.242747351060264,-0.018068632555361397,1.2427473637122615,2.6666182595391774e-09,1.2651997449708574e-08,1.292996103665978e-08,1.2651997449708574e-08,21.980125312562528,1.4935046976916055e-07,-1.4935046976916055e-07,-6.794796054642817e-09,21.980125481654884,1.9741886347901527e-08,1.9741886347901527e-08,8.981698663235624e-10
higher_energy_wide_swing,dop853_moderate,DOP853,1e-06,1e-08,0.09348914858096828,2.260892201561891,-2.2312283323291084,2.26089220824233,-2.231228344209805,6.68043931284501e-09,1.1880696426658233e-08,1.1880696426658233e-08,-0.018542304316254143,1.2500691980945071,-0.018542301280786933,1.2500692126288717,3.0354672109211833e-09,1.4534364600748972e-08,1.4847956611469555e-08,1.4534364600748972e-08,21.980125308094713,1.5381828433191913e-07,-1.5381828433191913e-07,-6.998062162950541e-09,21.980125490287385,2.8374387284202385e-08,2.8374387284202385e-08,1.290911070247043e-09
higher_energy_wide_swing,dop853_moderate,DOP853,1e-06,1e-08,0.09682804674457429,2.2658014338822543,-2.2355728025340946,2.265801441053571,-2.235572814470654,7.171316873666456e-09,1.1936559296543692e-08,1.1936559296543692e-08,-0.019004261877725304,1.2572725843618966,-0.01900425910669712,1.2572725992645548,2.771028184689328e-09,1.490265821857406e-08,1.5158094180337304e-08,1.490265821857406e-08,21.980125311301563,1.5061143443517722e-07,-1.5061143443517722e-07,-6.852164456301927e-09,21.98012548678539,2.487239214588044e-08,2.487239214588044e-08,1.131585540263596e-09
higher_energy_wide_swing,dop853_moderate,DOP853,1e-06,1e-08,0.1001669449081803,2.2706408441190127,-2.23986905454362,2.2706408513783916,-2.239869064874166,7.259378875801303e-09,1.0330546196257728e-08,1.0330546196257728e-08,-0.019454809165402653,1.264357663828961,-0.01945480743354633,1.2643576774852183,1.7318563250157126e-09,1.3656257236149827e-08,1.3765634312678492e-08,1.3656257236149827e-08,21.98012531800717,1.4390582947498842e-07,-1.4390582947498842e-07,-6.547088628968356e-09,21.980125468536276,6.6232779261099495e-09,6.6232779261099495e-09,3.0133030576129867e-10
higher_energy_wide_swing,dop853_moderate,DOP853,1e-06,1e-08,0.10350584307178631,2.2754104649715443,-2.244116130441648,2.2754104720659347,-2.244116137645092,7.094390408468598e-09,7.2034440634638486e-09,7.2034440634638486e-09,-0.019894252267223078,1.271324598789788,-0.019894252370585286,1.2713246098260655,1.0336220768181192e-10,1.1036277447473708e-08,1.1036761465375323e-08,1.1036277447473708e-08,21.98012532351783,1.3839516910252314e-07,-1.3839516910252314e-07,-6.296377577204156e-09,21.980125435980092,2.593290560071182e-08,-2.593290560071182e-08,-1.1798342846426501e-09
higher_energy_wide_swing,dop853_moderate,DOP853,1e-06,1e-08,0.10684474123539232,2.280110315488665,-2.248313085655356,2.2801103223849144,-2.2483130885794083,6.8962493493529564e-09,2.9240521115525553e-09,6.8962493493529564e-09,-0.020322901561797835,1.2781735595788568,-0.02032290422044536,1.2781735670900138,2.6586475243561836e-09,7.511157029682636e-09,7.96780312152077e-09,7.511157029682636e-09,21.980125323203588,1.3870941018012672e-07,-1.3870941018012672e-07,-6.3106741779286646e-09,21.98012539164857,7.026442716551173e-08,-7.026442716551173e-08,-3.1967254821754963e-09
higher_energy_wide_swing,dop853_moderate,DOP853,1e-06,1e-08,0.11018363939899833,2.284740401672296,-2.252458988728326,2.284740408586864,-2.252458986737835,6.9145680292592715e-09,1.9904913273194325e-09,6.9145680292592715e-09,-0.0207410712015067,1.2849047242737575,-0.020741076983481044,1.2849047279540167,5.7819743437548254e-09,3.680259208493908e-09,6.853870085837873e-09,5.7819743437548254e-09,21.98012531295367,1.4895932665126566e-07,-1.4895932665126566e-07,-6.7770007459412045e-09,21.9801253393808,1.2253219949798222e-07,-1.2253219949798222e-07,-5.574681532655722e-09
higher_energy_wide_swing,dop853_moderate,DOP853,1e-06,1e-08,0.11352253756260434,2.2893007170694264,-2.2565529211130695,2.289300724465168,-2.2565529141702267,7.395741796756283e-09,6.942842745161215e-09,7.395741796756283e-09,-0.02114907861569293,1.2915182783881742,-0.021149087880626305,1.2915182785822779,9.264933376051943e-09,1.9410362206429e-10,9.266966422663876e-09,9.264933376051943e-09,21.98012528951607,1.7239692695625308e-07,-1.7239692695625308e-07,-7.843309504988097e-09,21.980125283694925,1.7821807318796345e-07,-1.7821807318796345e-07,-8.10814631139292e-09
higher_energy_wide_swing,dop853_moderate,DOP853,1e-06,1e-08,0.11686143572621036,2.293791243352744,-2.2605939769825656,2.293791251909721,-2.260593965669835,8.556977348916917e-09,1.1312730752166544e-08,1.1312730752166544e-08,-0.021547244032789403,1.2980144145554922,-0.021547256893578726,1.298014412245394,1.2860789322388655e-08,2.310098112801029e-09,1.3066616061001904e-08,1.2860789322388655e-08,21.9801252507312,2.1118179915902147e-07,-2.1118179915902147e-07,-9.607852308439084e-09,21.9801252292963,2.3261669923613226e-07,-2.3261669923613226e-07,-1.0583046927516806e-08
higher_energy_wide_swing,dop853_moderate,DOP853,1e-06,1e-08,0.12020033388981637,2.2982119508903294,-2.264581263060525,2.29821196145709,-2.264581248556449,1.0566760799690655e-08,1.4504076162324964e-08,1.4504076162324964e-08,-0.02193589002025853,1.3043933322034666,-0.02193590632119391,1.3043933289445442,1.6300935379298664e-08,3.2589224652213034e-09,1.6623509553472606e-08,1.6300935379298664e-08,21.980125195670418,2.662425799826451e-07,-2.662425799826451e-07,-1.2112878083611866e-08,21.980125180704025,2.812089725523492e-07,-2.812089725523492e-07,-1.2793783777059238e-08
higher_energy_wide_swing,dop853_moderate,DOP853,1e-06,1e-08,0.12353923205342238,2.302562799304787,-2.268513898470065,2.3025628128360256,-2.2685138824874307,1.3531238796105072e-08,1.598263432711633e-08,1.598263432711633e-08,-0.022315341041290737,1.310655237220372,-0.022315360351028546,1.3106552350398872,1.9309737808725913e-08,2.180484681701955e-09,1.943245964073709e-08,1.9309737808725913e-08,21.98012512468964,3.372233585707818e-07,-3.372233585707818e-07,-1.5342194436292912e-08,21.980125141978856,3.1993414140174536e-07,-3.1993414140174536e-07,-1.455561033789934e-08
higher_energy_wide_swing,dop853_moderate,DOP853,1e-06,1e-08,0.12687813021702837,2.3068437380222004,-2.272391014600505,2.306843755508185,-2.2723909992956393,1.7485984660225995e-08,1.5304865819132374e-08,1.7485984660225995e-08,-0.022685923027257027,1.3168003416131195,-0.022685944645033707,1.3168003428824027,2.1617776679860867e-08,1.2692831230509682e-09,2.1655007463097264e-08,2.1617776679860867e-08,21.98012503940875,4.2250424669987297e-07,-4.2250424669987297e-07,-1.9222103505823262e-08,21.980125116536826,3.45376172106171e-07,-3.45376172106171e-07,-1.5713111952187732e-08
higher_energy_wide_swing,dop853_moderate,DOP853,1e-06,1e-08,0.1302170283806344,2.3110547068112965,-2.2762117549919663,2.311054729203932,-2.2762117428532553,2.2392635301571318e-08,1.213871092531349e-08,2.2392635301571318e-08,-0.02304796296498235,1.3228288631578224,-0.023047985938473237,1.3228288704484639,2.297349088742351e-08,7.290641423907118e-09,2.4102587743363187e-08,2.297349088742351e-08,21.980124942626937,5.192860612623917e-07,-5.192860612623917e-07,-2.362525464935161e-08,21.980125107034468,3.548785301177304e-07,-3.548785301177304e-07,-1.6145427865398736e-08
higher_energy_wide_swing,dop853_moderate,DOP853,1e-06,1e-08,0.1335559265442404,2.3151956363131974,-2.2799752752374873,2.315195664453062,-2.279975268960512,2.8139864660658986e-08,6.276975383912031e-09,2.8139864660658986e-08,-0.02340178849794239,1.3287410250433462,-0.02340181165118349,1.3287410409764995,2.3153241102136235e-08,1.593315324122102e-08,2.8105834727719486e-08,2.3153241102136235e-08,21.980124838184235,6.237287628607646e-07,-6.237287628607646e-07,-2.8376942795051708e-08,21.980125115312443,3.4660055447943705e-07,-3.4660055447943705e-07,-1.5768816018817725e-08
higher_energy_wide_swing,dop853_moderate,DOP853,1e-06,1e-08,0.13689482470784642,2.3192664485621473,-2.2836807429023427,2.31926648311032,-2.283680745258339,3.4548172767046026e-08,2.3559962869512674e-09,3.4548172767046026e-08,-0.02374772754055654,1.3345370555083829,-0.023747749510364957,1.3345370826051546,2.196980841695506e-08,2.7096771715307e-08,3.4884201571329835e-08,2.7096771715307e-08,21.98012473077905,7.311339480509105e-07,-7.311339480509105e-07,-3.3263411044573613e-08,21.98012514238603,3.195269684397317e-07,-3.195269684397317e-07,-1.453708574108941e-08
higher_energy_wide_swing,dop853_moderate,DOP853,1e-06,1e-08,0.14023372287145242,2.3232670574975987,-2.2873273374602667,2.323267098875567,-2.287327351163925,4.137796816294781e-08,1.3703658208186198e-08,4.137796816294781e-08,-0.024086107904796927,1.340217187472636,-0.024086127184152928,1.3402172280124276,1.9279356000545533e-08,4.053979152374154e-08,4.489062557577247e-08,4.053979152374154e-08,21.98012462575118,8.361618171193186e-07,-8.361618171193186e-07,-3.804172176215344e-08,21.980125188472044,2.734409534355109e-07,-2.734409534355109e-07,-1.2440372731690153e-08
higher_energy_wide_swing,dop853_moderate,DOP853,1e-06,1e-08,0.14357262103505844,2.327197369468034,-2.29091425024628,2.32719741780845,-2.2909142778282043,4.8340416114456275e-08,2.7581924300079663e-08,4.8340416114456275e-08,-0.024417256938377374,1.3457816581627111,-0.024417271925265216,1.3457817140553163,1.4986887841850205e-08,5.589260521077222e-08,5.786700376234663e-08,5.589260521077222e-08,21.980124528839507,9.330734904722249e-07,-9.330734904722249e-07,-4.245078091519759e-08,21.980125253043038,2.08869959550384e-07,-2.08869959550384e-07,-9.502673672737326e-09
higher_energy_wide_swing,dop853_moderate,DOP853,1e-06,1e-08,0.14691151919866444,2.3310572837269143,-2.294440684425812,2.331057338837447,-2.2944407281142762,5.511053258189236e-08,4.368846440172547e-08,5.511053258189236e-08,-0.024741501173855762,1.3512307087333422,-0.024741510224094876,1.3512307814095652,9.050239113683745e-09,7.267622303963606e-08,7.323756019503776e-08,7.267622303963606e-08,21.980124445923146,1.015989852248822e-06,-1.015989852248822e-06,-4.622311433159569e-08,21.980125334900805,1.2701219276323172e-07,-1.2701219276323172e-07,-5.778501718896806e-09
higher_energy_wide_swing,dop853_moderate,DOP853,1e-06,1e-08,0.15025041736227046,2.334846692921133,-2.2979058549798244,2.334846754263127,-2.2979059165957576,6.134199370677607e-08,6.161593324449655e-08,6.161593324449655e-08,-0.025059165988007837,1.356564583884618,-0.025059167470658172,1.3565646742091628,1.4826503358378318e-09,9.032454473256735e-08,9.033671254348323e-08,9.032454473256735e-08,21.98012438275445,1.0791585474123622e-06,-1.0791585474123622e-06,-4.9097014904774784e-08,21.980125432262387,2.9650610855469495e-08,-2.9650610855469495e-08,-1.3489736856528803e-09
higher_energy_wide_swing,dop853_moderate,DOP853,1e-06,1e-08,0.15358931552587646,2.338565483572361,-2.3013089887056277,2.338565550255504,-2.301309069574086,6.668314300739553e-08,8.086845815213906e-08,8.086845815213906e-08,-0.025370575270901807,1.3617835314758806,-0.025370567624869445,1.3617836396853042,7.64603236280692e-09,1.0820942364375696e-07,1.0847922002027467e-07,1.0820942364375696e-07,21.980124344691887,1.1172211102916663e-06,-1.1172211102916663e-06,-5.082869577917464e-08,21.980125542852946,8.093994807722993e-08,8.093994807722993e-08,3.682415199016133e-09
higher_energy_wide_swing,dop853_moderate,DOP853,1e-06,1e-08,0.15692821368948248,2.342213536551661,-2.3046493242330865,2.3422136073453275,-2.3046494251137655,7.079366648454766e-08,1.008806789215555e-07,1.008806789215555e-07,-0.025676051104133513,1.3668878021370046,-0.02567603289466991,1.3668879278045687,1.8209463603646725e-08,1.2566756413256996e-07,1.2698000330660777e-07,1.2566756413256996e-07,21.980124336440305,1.1254726928200398e-06,-1.1254726928200398e-06,-5.1204106854178365e-08,21.980125664000713,2.0208771545071613e-07,2.0208771545071613e-07,9.194111098268855e-09
higher_energy_wide_swing,dop853_moderate,DOP853,1e-06,1e-08,0.16026711185308848,2.345790727547767,-2.307926112055919,2.3457908009091804,-2.3079262330945736,7.336141338853963e-08,1.2103865465462604e-07,1.2103865465462604e-07,-0.025975913447736754,1.371877648877802,-0.0259758834215833,1.3718777909061441,3.002615345248927e-08,1.4202834219823046e-07,1.4516755794160788e-07,1.4202834219823046e-07,21.980124361806087,1.1001069104565886e-06,-1.1001069104565886e-06,-5.005007420739458e-08,21.980125792730437,3.3081743922025453e-07,3.3081743922025453e-07,1.5050752999271665e-08
higher_energy_wide_swing,dop853_moderate,DOP853,1e-06,1e-08,0.1636060100166945,2.349296927529392,-2.3111386145777777,2.3492970016482344,-2.3111387552797273,7.411884261898649e-08,1.4070194964688199e-07,1.4070194964688199e-07,-0.026270479835322047,1.376753326696293,-0.026270436973324984,1.3767534833379578,4.286199706271532e-08,1.5664166475026775e-07,1.624000059357742e-07,1.5664166475026775e-07,21.980124423473796,1.0384392012952048e-06,-1.0384392012952048e-06,-4.7244461961539064e-08,21.980125925852363,4.639393651473256e-07,4.639393651473256e-07,2.1107220973385086e-08
higher_energy_wide_swing,dop853_moderate,DOP853,1e-06,1e-08,0.1669449081803005,2.352732003201967,-2.3142861061728217,2.352732076060529,-2.314286265399021,7.2858561850353e-08,1.5922619933661508e-07,1.5922619933661508e-07,-0.026560065077043782,1.38151509218665,-0.026560008643140454,1.3815152610916455,5.643390332821241e-08,1.6890499554556015e-07,1.7808335959629613e-07,1.6890499554556015e-07,21.980124522811305,9.391016924098494e-07,-9.391016924098494e-07,-4.272503785463454e-08,21.9801260600449,5.981319013415032e-07,5.981319013415032e-07,2.7212397052871323e-08
higher_energy_wide_swing,dop853_moderate,DOP853,1e-06,1e-08,0.17028380634390652,2.3560958174591873,-2.317367873260462,2.356095886906627,-2.3173680492459345,6.944743979886425e-08,1.7598547241703955e-07,1.7598547241703955e-07,-0.0268449809700414,1.3861632031476048,-0.0268449105555969,1.3861633814363192,7.041444449740197e-08,1.782887144585743e-07,1.9169000938277599e-07,1.782887144585743e-07,21.980124659709585,8.02203413030611e-07,-8.02203413030611e-07,-3.649676224190182e-08,21.980126191929553,7.300165556500815e-07,7.300165556500815e-07,3.321257455582085e-08
higher_energy_wide_swing,dop853_moderate,DOP853,1e-06,1e-08,0.17362270450751252,2.359388229829737,-2.3203832143939946,2.3593882936685113,-2.3203834047877283,6.383877426685558e-08,1.903937336678041e-07,1.903937336678041e-07,-0.027125536016024077,1.3906979181921724,-0.027125451578592807,1.390698102551168,8.44374312691798e-08,1.8435899562518898e-07,2.027755386314284e-07,1.8435899562518898e-07,21.980124832463478,6.294495200620531e-07,-6.294495200620531e-07,-2.8637212337698376e-08,21.980126318137653,8.56224655620963e-07,8.56224655620963e-07,3.8954493553943667e-08
higher_energy_wide_swing,dop853_moderate,DOP853,1e-06,1e-08,0.17696160267111855,2.362609096919602,-2.3233314403628054,2.3626091530015763,-2.32333164228752,5.608197417572569e-08,2.0192471472668672e-07,2.0192471472668672e-07,-0.027402035145737025,1.395119496359544,-0.0274019370414047,1.395119683156941,9.810433232448901e-08,1.8679739710592003e-07,2.1099224532285672e-07,1.8679739710592003e-07,21.980125037699583,4.2421341461817974e-07,-4.2421341461817974e-07,-1.9299863203840838e-08,21.980126435368653,9.734556556395546e-07,9.734556556395546e-07,4.4287993593410174e-08
higher_energy_wide_swing,dop853_moderate,DOP853,1e-06,1e-08,0.18030050083472454,2.3657582728503272,-2.326211874307849,2.365758319179577,-2.3262120844373584,4.632924976988306e-08,2.101295093481781e-07,2.101295093481781e-07,-0.02767477945005692,1.3994281967300362,-0.02767466845862121,1.399428382146437,1.1099143570891812e-07,1.8541640089964062e-07,2.160979882444609e-07,1.8541640089964062e-07,21.980125270357263,1.9155573482976251e-07,-1.9155573482976251e-07,-8.714951839637536e-09,21.980126540440516,1.0785275179614473e-06,1.0785275179614473e-06,4.906830581246281e-08
higher_energy_wide_swing,dop853_moderate,DOP853,1e-06,1e-08,0.18363939899833057,2.3688356096936176,-2.3290238518501036,2.368835644532393,-2.329024066501295,3.48387754200985e-08,2.1465119148800227e-07,2.1465119148800227e-07,-0.027944065917516747,1.4036242780440147,-0.027943943259865933,1.4036244582141406,1.2265765081398428e-07,1.801701259296351e-07,2.1795910988234895e-07,1.801701259296351e-07,21.980125523728866,6.181586797993077e-08,6.181586797993077e-08,2.812352826968384e-09,21.980126630333025,1.1684200273975875e-06,1.1684200273975875e-06,5.31580235709854e-08
higher_energy_wide_swing,dop853_moderate,DOP853,1e-06,1e-08,0.18697829716193656,2.3718409579026614,-2.3317667212316917,2.3718409798764672,-2.331766936467464,2.1973805885977526e-08,2.152357723161913e-07,2.152357723161913e-07,-0.028210187178096424,1.4077079983257215,-0.028210054525245942,1.4077081694852032,1.32652850481918e-07,1.711594816988793e-07,2.165464082279064e-07,1.711594816988793e-07,21.980125789565484,3.276524864759267e-07,3.276524864759267e-07,1.490676143062425e-08,21.980126702225025,1.240312027306345e-06,1.240312027306345e-06,5.6428796526004763e-08
higher_energy_wide_swing,dop853_moderate,DOP853,1e-06,1e-08,0.1903171953255426,2.3747741667405595,-2.334439843469369,2.3747741749377766,-2.3344400552081725,8.197217127303702e-09,2.1173880337954643e-07,2.1173880337954643e-07,-0.028473431253144166,1.4116796145129764,-0.028473290726497846,1.411679773143988,1.405266463194721e-07,1.586310116596934e-07,2.1192342056973265e-07,1.586310116596934e-07,21.980126058254466,5.963414686505075e-07,5.963414686505075e-07,2.713094016154929e-08,21.980126753527017,1.2916140192942294e-06,1.2916140192942294e-06,5.876281377612374e-08
higher_energy_wide_swing,dop853_moderate,DOP853,1e-06,1e-08,0.19365609348914858,2.377635084706243,-2.3370425925200773,2.377635078767197,-2.337042796647009,5.939046143765836e-09,2.041269318020511e-07,2.041269318020511e-07,-0.028734081311333926,1.4155393820937268,-0.028733935473850725,1.4155395250624454,1.4583748320085022e-07,1.4296871864161176e-07,2.0422689836645567e-07,1.4583748320085022e-07,21.980126319075513,8.571625151887474e-07,8.571625151887474e-07,3.8997162080536456e-08,21.98012678191052,1.3199975228417316e-06,1.3199975228417316e-06,6.00541395966558e-08
higher_energy_wide_swing,dop853_moderate,DOP853,1e-06,1e-08,0.1969949916527546,2.3804235599582646,-2.3395743554582595,2.380423540148116,-2.339574547931979,1.981014863261521e-08,1.9247371962904936e-07,1.9247371962904936e-07,-0.028992415430589946,1.4192875547504693,-0.02899226726864479,1.4192876794286051,1.4816194515709924e-07,1.2467813581551468e-07,1.9364038716953447e-07,1.4816194515709924e-07,21.980126560542413,1.0986294149972764e-06,1.0986294149972764e-06,4.9982854597485055e-08,21.980126785335656,1.3234226585723263e-06,1.3234226585723263e-06,6.020996835825817e-08
higher_energy_wide_swing,dop853_moderate,DOP853,1e-06,1e-08,0.2003338898163606,2.383139440736843,-2.342034532664635,2.3831394079961585,-2.3420347096136696,3.2740684385856866e-08,1.769490345360225e-07,1.769490345360225e-07,-0.02924870636594812,1.422924384013565,-0.02924855926179193,1.4229244883755088,1.471041561895703e-07,1.0436194375351704e-07,1.803636550756769e-07,1.471041561895703e-07,21.980126770837945,1.308924947096557e-06,1.308924947096557e-06,5.9550385613797e-08,21.980126762078573,1.3001655752020724e-06,1.3001655752020724e-06,5.915187233371301e-08
higher_energy_wide_swing,dop853_moderate,DOP853,1e-06,1e-08,0.20367278797996663,2.385782575784548,-2.34442253802613,2.385782531750882,-2.34442269582745,4.403366604677217e-08,1.5780132001097513e-07,1.5780132001097513e-07,-0.02950322132335037,1.4264501189245125,-0.02950307901819149,1.426450201610927,1.4230515887891926e-07,8.26864146041828e-08,1.6458372156337112e-07,1.4230515887891926e-07,21.980126938350168,1.4764371698561263e-06,1.4764371698561263e-06,6.717146234740497e-08,21.980126710759937,1.248846938750603e-06,1.248846938750603e-06,5.681709783297624e-08
higher_energy_wide_swing,dop853_moderate,DOP853,1e-06,1e-08,0.20701168614357263,2.3883528147660096,-2.3467377991466636,2.3883527617592963,-2.3467379344787216,5.300671324093287e-08,1.353320580044226e-07,1.353320580044226e-07,-0.029756221739402067,1.4298650057102544,-0.02975608828723797,1.4298650660482255,1.3345216409721417e-07,6.033797106397287e-08,1.4645870016611033e-07,1.3345216409721417e-07,21.980127052318963,1.5904059651461466e-06,1.5904059651461466e-06,7.235654627640732e-08,21.980126630375743,1.1684627452268614e-06,1.1684627452268614e-06,5.3159967046210233e-08
higher_energy_wide_swing,dop853_moderate,DOP853,1e-06,1e-08,0.21035058430717865,2.3908500086870275,-2.3489797575684865,2.3908499496510736,-2.3489798674302094,5.903595390321925e-08,1.0986172283011797e-07,1.0986172283011797e-07,-0.030007963067136822,1.4331692874696227,-0.030007842779597005,1.4331693254387665,1.2028753981763174e-07,3.796914382903083e-08,1.2613781399123726e-07,1.2028753981763174e-07,21.98012710360246,1.6416894617066191e-06,1.6416894617066191e-06,7.468972206511408e-08,21.980126520331318,1.0584183200990083e-06,1.0584183200990083e-06,4.815342487161995e-08
higher_energy_wide_swing,dop853_moderate,DOP853,1e-06,1e-08,0.21368948247078465,2.393274010313474,-2.3511478690037673,2.3932739487053034,-2.351147950690316,6.160817056510837e-08,8.16865486363838e-08,8.16865486363838e-08,-0.030258694567888322,1.4363632038730445,-0.030258591950450886,1.4363632200062495,1.0261743743633644e-07,1.6133204994162043e-08,1.0387790318149514e-07,1.0261743743633644e-07,21.980127085574054,1.6236610562714304e-06,1.6236610562714304e-06,7.386950811927341e-08,21.980126380479213,9.185662150912322e-07,9.185662150912322e-07,4.179076305469307e-08
higher_energy_wide_swing,dop853_moderate,DOP853,1e-06,1e-08,0.21702838063439064,2.3956246745903673,-2.3532416035761283,2.395624614208652,-2.3532416546015344,6.038171518341073e-08,5.1025406122562345e-08,6.038171518341073e-08,-0.0305086591093624,1.4394469908766536,-0.03050857878942914,1.4394469860833998,8.031993325996467e-08,4.793253793877739e-09,8.0462829684381e-08,8.031993325996467e-08,21.980126995161594,1.5332485965302567e-06,1.5332485965302567e-06,6.97561348859022e-08,21.980126211161082,7.492480840198823e-07,7.492480840198823e-07,3.408752535640317e-08
higher_energy_wide_swing,dop853_moderate,DOP853,1e-06,1e-08,0.22036727879799667,2.3979018590614976,-2.355260446071822,2.397901803804786,-2.3552604640279315,5.525671165074186e-08,1.7956109488181937e-08,5.525671165074186e-08,-0.030758092970053053,1.442420880451972,-0.03075803961748058,1.4424208557514286,5.335257247107705e-08,2.470054338843397e-08,5.879297435038848e-08,5.335257247107705e-08,21.98012683404159,1.3721285938572692e-06,1.3721285938572692e-06,6.242587633245696e-08,21.980126013253425,5.513404275347966e-07,5.513404275347966e-07,2.508358873975289e-08
higher_energy_wide_swing,dop853_moderate,DOP853,1e-06,1e-08,0.22370617696160267,2.4001054242899964,-2.3572038962002555,2.4001053778349197,-2.3572038785407035,4.645507667433435e-08,1.7659552042914584e-08,4.645507667433435e-08,-0.031007225650157233,1.445285100332353,-0.03100720389095557,1.445285056482692,2.1759201662696626e-08,4.384966101333987e-08,4.8951564101494426e-08,4.384966101333987e-08,21.98012661000258,1.1480895807380875e-06,1.1480895807380875e-06,5.2233076773264503e-08,21.980125788216476,3.26303478459522e-07,3.26303478459522e-07,1.4845387439891474e-08
higher_energy_wide_swing,dop853_moderate,DOP853,1e-06,1e-08,0.2270450751252087,2.4022352342802225,-2.359071468863547,2.402235199669342,-2.359071412600815,3.4610880383922904e-08,5.626273180681096e-08,5.626273180681096e-08,-0.031256279689173105,1.4480398737773807,-0.03125629401318575,1.4480398107869716,1.4324012642674688e-08,6.299040911095233e-08,6.459852148580995e-08,6.299040911095233e-08,21.9801263384931,8.765801027266207e-07,8.765801027266207e-07,3.988057776310478e-08,21.98012553814487,7.623187059380143e-08,7.623187059380143e-08,3.4682181739997555e-09
higher_energy_wide_swing,dop853_moderate,DOP853,1e-06,1e-08,0.2303839732888147,2.4042911569013565,-2.360862694434825,2.404291136029789,-2.360862595737724,2.0871567585345474e-08,9.869710115850694e-08,9.869710115850694e-08,-0.031505470490383325,1.4506854193564567,-0.03150552515388161,1.4506853358618113,5.466349828342487e-08,8.349464541979046e-08,9.979706337542468e-08,8.349464541979046e-08,21.98012604437142,5.824584228264484e-07,5.824584228264484e-07,2.649932202778952e-08,21.980125265818437,1.9609456103353295e-07,-1.9609456103353295e-07,-8.921448668403835e-09
higher_energy_wide_swing,dop853_moderate,DOP853,1e-06,1e-08,0.2337228714524207,2.4062730643130825,-2.362577119044963,2.4062730573025086,-2.3625769727232,7.010573899179917e-09,1.4632176315032552e-07,1.4632176315032552e-07,-0.031755006152451526,1.4532219507528121,-0.0317551050766659,1.4532218432473134,9.89242143756286e-08,1.0750549872540205e-07,1.4609391652643426e-07,1.0750549872540205e-07,21.98012576387562,3.0196262201798163e-07,3.0196262201798163e-07,1.373798445969839e-08,21.98012497475048,4.871625165492333e-07,-4.871625165492333e-07,-2.2163773241121163e-08
higher_energy_wide_swing,dop853_moderate,DOP853,1e-06,1e-08,0.2370617696160267,2.4081808333937404,-2.364214304877439,2.408180837841892,-2.364214103739243,4.448151624814045e-09,2.0113819587663784e-07,2.0113819587663784e-07,-0.0320050873083787,1.4556496765891977,-0.03200523397509736,1.4556495384858192,1.4666671865892766e-07,1.3810337851083432e-07,2.0145388931039236e-07,1.4666671865892766e-07,21.9801255468346,8.492160219475409e-08,8.492160219475409e-08,3.86356312396422e-09,21.980124669230594,7.926824032722379e-07,-7.926824032722379e-07,-3.606359775542648e-08
higher_energy_wide_swing,dop853_moderate,DOP853,1e-06,1e-08,0.24040066777963273,2.410014346170049,-2.3657738304696094,2.4100143562645173,-2.365773564539108,1.0094468372301435e-08,2.659305016194935e-07,2.659305016194935e-07,-0.03225590697214298,1.4579688002746733,-0.03225610431754067,1.4579686207868567,1.9734539769000747e-07,1.7948781660948043e-07,2.667603461923561e-07,1.9734539769000747e-07,21.980125459118636,2.7943620750647824e-09,-2.7943620750647824e-09,-1.2713130686659786e-10,21.980124354358054,1.1075549437578047e-06,-1.1075549437578047e-06,-5.038892729147374e-08
higher_energy_wide_swing,dop853_moderate,DOP853,1e-06,1e-08,0.24373956594323873,2.411773484369869,-2.3672552843210193,2.411773495733473,-2.3672549466004384,1.1363604279779338e-08,3.3772058083414436e-07,3.3772058083414436e-07,-0.0325076508008435,1.460179511269858,-0.03250790070125975,1.460179282697737,2.499004162492824e-07,2.2857212100824142e-07,3.386671412224262e-07,2.499004162492824e-07,21.980125474844176,1.29311779062391e-08,1.29311779062391e-08,5.883122882372146e-10,21.980124036061472,1.4258515257381532e-06,-1.4258515257381532e-06,-6.487003580615854e-08
higher_energy_wide_swing,dop853_moderate,DOP853,1e-06,1e-08,0.24707846410684475,2.4134581316228205,-2.3686582667205367,2.413458144232816,-2.368657857269527,1.260999527019635e-08,4.0945100954203895e-07,4.0945100954203895e-07,-0.03276049719226748,1.46228198728314,-0.03276079971611168,1.4622817097801506,3.0252384419782175e-07,2.7750298947637475e-07,4.105223324942906e-07,3.0252384419782175e-07,21.980125508148948,4.6235950179607244e-08,4.6235950179607244e-08,2.103534407013489e-09,21.980123721099357,1.7408136407937036e-06,-1.7408136407937036e-06,-7.919944059510364e-08
higher_energy_wide_swing,dop853_moderate,DOP853,1e-06,1e-08,0.25041736227045075,2.4150681805095804,-2.3699823981851345,2.4150681948320223,-2.3699819198956886,1.4322441899139449e-08,4.782894458266185e-07,4.782894458266185e-07,-0.03301461627997149,1.4642764042857435,-0.03301496981825003,1.4642760802930943,3.5353827854134323e-07,3.2399264915383696e-07,4.795420222459109e-07,3.5353827854134323e-07,21.980125544913033,8.300003528916022e-08,8.300003528916022e-08,3.776140196878407e-09,21.980123417035642,2.0448773554448962e-06,-2.0448773554448962e-06,-9.303301562078183e-08
higher_energy_wide_swing,dop853_moderate,DOP853,1e-06,1e-08,0.25375626043405675,2.416603529162352,-2.3712273157383463,2.4166035459402955,-2.371226773954775,1.677794347898498e-08,5.417835713394936e-07,5.417835713394936e-07,-0.03327016984153763,1.466162931053332,-0.03327057121422916,1.4661625648824295,4.0137269152751287e-07,3.661709024882498e-07,5.433057770106069e-07,4.0137269152751287e-07,21.980125576477917,1.14564919329041e-07,1.14564919329041e-07,5.212204977062496e-09,21.98012313218357,2.3297294262647483e-06,-2.3297294262647483e-06,-1.0599254450579396e-07
higher_energy_wide_swing,dop853_moderate,DOP853,1e-06,1e-08,0.2570951585976628,2.4180640814689136,-2.3723926729616345,2.418064101550585,-2.3723920751608203,2.0081671436855686e-08,5.978008141838131e-07,5.978008141838131e-07,-0.033527311204984755,1.4679417287894578,-0.033527755755932365,1.4679413262773289,4.4455094760920133e-07,4.02512128960808e-07,5.997012247617984e-07,4.4455094760920133e-07,21.980125598545975,1.3663297693256027e-07,1.3663297693256027e-07,6.216205506620829e-09,21.980122875510435,2.5864025623434372e-06,-2.5864025623434372e-06,-1.1767005456020426e-07
higher_energy_wide_swing,dop853_moderate,DOP853,1e-06,1e-08,0.2604340567612688,2.419449747269756,-2.373478140049548,2.4194497714731766,-2.373477495564833,2.4203420601054404e-08,6.444847149289501e-07,6.444847149289501e-07,-0.03378618515729692,1.4696129507710194,-0.03378666684673293,1.4696125189938485,4.816894360049062e-07,4.3177717090614465e-07,6.46881935189443e-07,4.816894360049062e-07,21.980125610176945,1.4826394689748668e-07,1.4826394689748668e-07,6.745363995050773e-09,21.980122656494824,2.8054181733239147e-06,-2.8054181733239147e-06,-1.2763431119559e-07
higher_energy_wide_swing,dop853_moderate,DOP853,1e-06,1e-08,0.2637729549248748,2.420760442548034,-2.374483403867936,2.4207604715587125,-2.3744827236397357,2.9010678748164764e-08,6.802282004336746e-07,6.802282004336746e-07,-0.0340469278551081,1.4711767420157957,-0.03404743935931509,1.471176289045804,5.115042069903097e-07,4.5296999173771724e-07,6.832410754511568e-07,5.115042069903097e-07,21.980125612884287,1.5097128880370292e-07,1.5097128880370292e-07,6.868536263148492e-09,21.980122484927637,2.9769853604477703e-06,-2.9769853604477703e-06,-1.354398711511574e-07
higher_energy_wide_swing,dop853_moderate,DOP853,1e-06,1e-08,0.2671118530884808,2.421996089612027,-2.375408168014478,2.421996123910503,-2.3754074643504626,3.429847561520205e-08,7.036640155000384e-07,7.036640155000384e-07,-0.03430966673760172,1.4726332389720702,-0.03431019956557768,1.4726327736630946,5.328279759631016e-07,4.6530897557239825e-07,7.074023570198013e-07,5.328279759631016e-07,21.9801256098327,1.4791970315286562e-07,1.4791970315286562e-07,6.7297024036182054e-09,21.980122370646946,3.0912660520243662e-06,-3.0912660520243662e-06,-1.4063914500310243e-07
higher_energy_wide_swing,dop853_moderate,DOP853,1e-06,1e-08,0.27045075125208684,2.423156617269846,-2.376252152880793,2.423156657085984,-2.376251439208217,3.981613794223904e-08,7.13672576146962e-07,7.13672576146962e-07,-0.03457452044171261,1.4739825692303805,-0.034575065079046174,1.473982101017564,5.446373335660226e-07,4.682128165178767e-07,7.182291185029398e-07,5.446373335660226e-07,21.980125605137243,1.4322424490842423e-07,1.4322424490842423e-07,6.516079499027527e-09,21.980122323196294,3.1387167034324648e-06,-3.1387167034324648e-06,-1.427979430268135e-07
higher_energy_wide_swing,dop853_moderate,DOP853,1e-06,1e-08,0.27378964941569284,2.4242419609960706,-2.3770150957154037,2.4242420062871854,-2.3770143863078976,4.529111485851445e-08,7.094075060720684e-07,7.094075060720684e-07,-0.03484159871971759,1.47522485125738,-0.03484214481021919,1.475224389956436,5.460905015963746e-07,4.6130094411012124e-07,7.148520105383136e-07,5.460905015963746e-07,21.98012560326308,1.413500818614466e-07,1.413500818614466e-07,6.430813241097144e-09,21.9801223513951,3.110517898363696e-06,-3.110517898363696e-06,-1.4151502018282738e-07
higher_energy_wide_swing,dop853_moderate,DOP853,1e-06,1e-08,0.27712854757929883,2.4252520630900536,-2.3776967506868045,2.4252521135400626,-2.3776960603477026,5.0450009059233025e-08,6.903391018830973e-07,6.903391018830973e-07,-0.035111002359350385,1.4763601941517772,-0.035111538935269526,1.4763597497433083,5.365759191411357e-07,4.444084689136929e-07,6.967155834659989e-07,5.365759191411357e-07,21.980125608524116,1.4661111791269832e-07,1.4661111791269832e-07,6.6701674731904965e-09,21.980122462809277,2.9991037209242677e-06,-2.9991037209242677e-06,-1.3644616024240138e-07
higher_energy_wide_swing,dop853_moderate,DOP853,1e-06,1e-08,0.28046744574290483,2.4261868728255926,-2.3782968889459104,2.4261869278625534,-2.3782962326299093,5.503696076658571e-08,6.56316001101942e-07,6.56316001101942e-07,-0.03538282310656782,1.4773886974223056,-0.0353833388785223,1.477388279806624,5.157719544790496e-07,4.176156815915988e-07,6.636441565615977e-07,5.157719544790496e-07,21.98012562467775,1.627647527868703e-07,1.627647527868703e-07,7.40508752185732e-09,21.98012266310915,2.7988038482362754e-06,-2.7988038482362754e-06,-1.2733338820499558e-07
higher_energy_wide_swing,dop853_moderate,DOP853,1e-06,1e-08,0.2838063439065109,2.427046346591683,-2.378815298687143,2.427046405421224,-2.3788146910418453,5.882954079439173e-08,6.076452976344626e-07,6.076452976344626e-07,-0.035657143591126594,1.4783104507876248,-0.03565762730912336,1.4783100694954763,4.837179967687177e-07,3.812921485213394e-07,6.159275955191165e-07,4.837179967687177e-07,21.980125654612156,1.9269915796371606e-07,1.9269915796371606e-07,8.76697261340131e-09,21.980122955301347,2.5066116506877734e-06,-2.5066116506877734e-06,-1.1403991551509621e-07
higher_energy_wide_swing,dop853_moderate,DOP853,1e-06,1e-08,0.2871452420701169,2.427830448024068,-2.3792517852074253,2.4278305096763515,-2.3792512400160497,6.16522832785904e-08,5.451913756004956e-07,5.451913756004956e-07,-0.03593403725514155,1.4791255339980425,-0.03593447815230255,1.4791251978425386,4.408971610025958e-07,3.3615550387722237e-07,5.544283807374025e-07,4.408971610025958e-07,21.9801257001219,2.3820890149295337e-07,2.3820890149295337e-07,1.0837467779959675e-08,21.980123338820217,2.1230927806925592e-06,-2.1230927806925592e-06,-9.659147689449903e-08
higher_energy_wide_swing,dop853_moderate,DOP853,1e-06,1e-08,0.2904841402337229,2.4285391481272938,-2.3796061709623433,2.4285392115153135,-2.379605700468638,6.338801972205488e-08,4.7049370532903367e-07,4.7049370532903367e-07,-0.03621356828481548,1.4798340166788901,-0.03621395661563098,1.4798337333338378,3.8833081550393445e-07,2.8334505230986906e-07,4.807132627028645e-07,3.8833081550393445e-07,21.980125761766825,2.99853827101515e-07,2.99853827101515e-07,1.3642043473368682e-08,21.9801238084639,1.653449096750137e-06,-1.653449096750137e-06,-7.522473425437092e-08
higher_energy_wide_swing,dop853_moderate,DOP853,1e-06,1e-08,0.2938230383973289,2.4291724253869864,-2.3798782956187408,2.4291724893741384,-2.379877909714867,6.398715202138305e-08,3.859038737452636e-07,3.859038737452636e-07,-0.0364957915455455,1.4804359581953654,-0.036496119230663426,1.4804357336850185,3.276851179290219e-07,2.2451034698001138e-07,3.972183686755209e-07,3.276851179290219e-07,21.980125838808693,3.7689569509780085e-07,3.7689569509780085e-07,1.714711300219296e-08,21.980124353159255,1.1087537430398697e-06,-1.1087537430398697e-06,-5.0443467438851076e-08
higher_energy_wide_swing,dop853_moderate,DOP853,1e-06,1e-08,0.2971619365609349,2.4297302658720645,-2.3800680161030163,2.4297303293470733,-2.380067721360918,6.347500880465873e-08,2.9474209828350695e-07,2.9474209828350695e-07,-0.03678075252061974,1.4809314075385998,-0.036781013910332394,1.4809312456236599,2.613897126524378e-07,1.6191493990014294e-07,3.074752504566683e-07,2.613897126524378e-07,21.980125929219522,4.67306524143396e-07,4.67306524143396e-07,2.1260412046015904e-08,21.980124954539086,5.073739117733567e-07,-5.073739117733567e-07,-2.3083303716920567e-08
higher_energy_wide_swing,dop853_moderate,DOP853,1e-06,1e-08,0.3005008347245409,2.430212663326591,-2.3801752066443798,2.4302127252840338,-2.3801750051708943,6.195744273185255e-08,2.0147348545052068e-07,2.0147348545052068e-07,-0.03706848725374112,1.4813204032326688,-0.037068680022463996,1.4813203046771455,1.9276872287310454e-07,9.855552329796069e-08,2.1650166671566906e-07,1.9276872287310454e-07,21.980126029754842,5.678418446564137e-07,5.678418446564137e-07,2.5834331366322997e-08,21.980125585314436,1.2340143840106066e-07,1.2340143840106066e-07,5.6142281178007735e-09
higher_energy_wide_swing,dop853_moderate,DOP853,1e-06,1e-08,0.3038397328881469,2.4306196192509884,-2.380199758812338,2.4306196788757912,-2.3801996469080424,5.962480287280414e-08,1.1190429560770099e-07,1.1190429560770099e-07,-0.03735902229562005,1.4816029732622205,-0.03735914847975719,1.481602934965479,1.2618413713916254e-07,3.8296741555754465e-08,1.31867649100692e-07,1.2618413713916254e-07,21.98012613608507,6.741720710579102e-07,6.741720710579102e-07,3.0671893671676746e-08,21.980126207423883,7.45510885025169e-07,7.45510885025169e-07,3.391749907510696e-08
higher_energy_wide_swing,dop853_moderate,DOP853,1e-06,1e-08,0.3071786310517529,2.4309511429723223,-2.380141581547672,2.4309511997267563,-2.3801415481492096,5.67544340412951e-08,3.339846221805942e-08,5.67544340412951e-08,-0.03765237465489524,1.4817791350203402,-0.03765244184654881,1.4817791489983776,6.719165357438328e-08,1.397803739422443e-08,6.863019626559631e-08,6.719165357438328e-08,21.980126242977317,7.810643189998245e-07,7.810643189998245e-07,3.5535025509897434e-08,21.98012676994097,1.308027972157788e-06,1.308027972157788e-06,5.950957715979964e-08
higher_energy_wide_swing,dop853_moderate,DOP853,1e-06,1e-08,0.31051752921535897,2.4312072517033667,-2.3800006011861696,2.43120730541522,-2.380000626071532,5.371185318736593e-08,2.488536221534332e-08,5.371185318736593e-08,-0.037948551753644866,1.4818488952762197,-0.037948574462681406,1.4818489474758691,2.2709036540113914e-08,5.2199649491768696e-08,5.692542268304854e-08,5.2199649491768696e-08,21.98012634451995,8.826069510803336e-07,8.826069510803336e-07,4.015477312036769e-08,21.9801272067201,1.7448071005787824e-06,1.7448071005787824e-06,7.938112562651981e-08
higher_energy_wide_swing,dop853_moderate,DOP853,1e-06,1e-08,0.31385642737896496,2.4313879705901704,-2.379776761474382,2.431388021540909,-2.37977681321037,5.0950738739174994e-08,5.173598793817291e-08,5.173598793817291e-08,-0.03824755138777525,1.4818122501621525,-0.0382475525847511,1.4818123190915395,1.1969758517693663e-09,6.892938708702445e-08,6.893977919447213e-08,6.892938708702445e-08,21.98012643438178,9.724687828338574e-07,9.724687828338574e-07,4.4243095177911715e-08,21.98012743376044,1.971847442661101e-06,1.971847442661101e-06,8.971047258478593e-08
higher_energy_wide_swing,dop853_moderate,DOP853,1e-06,1e-08,0.31719532554257096,2.4314933327478236,-2.379470023576663,2.4314933801411676,-2.379470068911893,4.7393343916013464e-08,4.533523023653174e-08,4.7393343916013464e-08,-0.03854936169255818,1.4816691851793027,-0.038549364836556466,1.4816692473775457,3.1439982839387426e-09,6.219824300046639e-08,6.227765375762381e-08,6.219824300046639e-08,21.98012650609728,1.044184283927052e-06,1.044184283927052e-06,4.7505838205355425e-08,21.980127408180593,1.9462675950876474e-06,1.9462675950876474e-06,8.854670090305562e-08
higher_energy_wide_swing,dop853_moderate,DOP853,1e-06,1e-08,0.32053422370617696,2.4315233792841537,-2.379080366072757,2.4315234199257136,-2.379080397837828,4.06415598952492e-08,3.17650710179862e-08,4.06415598952492e-08,-0.03885396111363082,1.4814196752216502,-0.03885396896338855,1.481419723656739,7.849757732714124e-09,4.843508882856895e-08,4.906706152087844e-08,4.843508882856895e-08,21.980126553369274,1.0914562764696711e-06,1.0914562764696711e-06,4.965650802862516e-08,21.980127269208744,1.8072957459480676e-06,1.8072957459480676e-06,8.222408689521525e-08
higher_energy_wide_swing,dop853_moderate,DOP853,1e-06,1e-08,0.32387312186978295,2.431478159311047,-2.3786077849452076,2.431478192384499,-2.378607802168935,3.3073451977116974e-08,1.722372733325983e-08,3.3073451977116974e-08,-0.03916131838373593,1.4810636846174439,-0.03916133101400843,1.4810637180817143,1.2630272494540407e-08,3.346427046579947e-08,3.576843833737396e-08,3.346427046579947e-08,21.980126570379973,1.1084669750971443e-06,1.1084669750971443e-06,5.043042074613668e-08,21.98012708349764,1.6215846407874324e-06,1.6215846407874324e-06,7.377504025613058e-08
higher_energy_wide_swing,dop853_moderate,DOP853,1e-06,1e-08,0.327212020033389,2.431357729943123,-2.378052293555837,2.431357756550374,-2.378052298799346,2.660725106906625e-08,5.243509182406569e-09,2.660725106906625e-08,-0.03947139250553411,1.4806011671874382,-0.039471408891512794,1.4806011881614816,1.6385978685029556e-08,2.0974043390964425e-08,2.6615987556960973e-08,2.0974043390964425e-08,21.98012655210124,1.0901882419034337e-06,1.0901882419034337e-06,4.959881797729062e-08,21.980126894089537,1.4321765391400731e-06,1.4321765391400731e-06,6.51577963748086e-08
higher_energy_wide_swing,dop853_moderate,DOP853,1e-06,1e-08,0.330550918196995,2.431162156283463,-2.3774139226105735,2.431162178823249,-2.3774139208314558,2.2539786037611975e-08,1.7791177420178883e-09,2.2539786037611975e-08,-0.0397841327407763,1.4800320663191084,-0.039784151112199906,1.480032079787609,1.8371423604612858e-08,1.3468500537072714e-08,2.2779589811435465e-08,1.8371423604612858e-08,21.980126494594437,1.032681439028238e-06,1.032681439028238e-06,4.6982508849535956e-08,21.980126729400503,1.2674875051743584e-06,1.2674875051743584e-06,5.766516243825139e-08
higher_energy_wide_swing,dop853_moderate,DOP853,1e-06,1e-08,0.333889816360601,2.430891511396112,-2.3766927201118886,2.430891533032309,-2.376692717689971,2.1636196834151633e-08,2.4219177774398304e-09,2.1636196834151633e-08,-0.04009947860616825,1.4793563150559876,-0.040099496751639374,1.479356327493599,1.8145471125663448e-08,1.2437611385252012e-08,2.199891586744302e-08,1.8145471125663448e-08,21.980126395290362,9.333773647313137e-07,9.333773647313137e-07,4.2464605870820134e-08,21.980126605873387,1.1439603895269101e-06,1.1439603895269101e-06,5.204521655297903e-08
higher_energy_wide_swing,dop853_moderate,DOP853,1e-06,1e-08,0.337228714524207,2.4305458762650627,-2.3758887512981013,2.4305459004764742,-2.375888755206879,2.4211411542296446e-08,3.908777745920133e-09,2.4211411542296446e-08,-0.04041735987623418,1.4785738362011835,-0.04041737540289858,1.4785738547111675,1.5526664398635148e-08,1.8509983990000478e-08,2.4159818183461524e-08,1.8509983990000478e-08,21.980126253239074,7.913260766656549e-07,7.913260766656549e-07,3.600189080070808e-08,21.980126530336367,1.0684233693325496e-06,1.0684233693325496e-06,4.8608611046552296e-08
higher_energy_wide_swing,dop853_moderate,DOP853,1e-06,1e-08,0.34056761268781305,2.430125339739438,-2.375002098568823,2.4301253699436343,-2.37500211567844,3.020419647725703e-08,1.7109616834432018e-08,3.020419647725703e-08,-0.040737696593503125,1.477684542434071,-0.04073770714658753,1.4776845740244338,1.0553084406339508e-08,3.159036277011751e-08,3.3306434970361997e-08,3.159036277011751e-08,21.980126069319617,6.074066192240934e-07,6.074066192240934e-07,2.7634356331432377e-08,21.980126502089465,1.0401764676259972e-06,1.0401764676259972e-06,4.732350001497523e-08
higher_energy_wide_swing,dop853_moderate,DOP853,1e-06,1e-08,0.34390651085141904,2.4296299984645784,-2.3740328613958024,2.4296300377091904,-2.3740328978953102,3.924461200455198e-08,3.649950786055456e-08,3.924461200455198e-08,-0.041060399086331856,1.4766883364390742,-0.041060402532375195,1.4766883874229753,3.4460433395722134e-09,5.098390110092055e-08,5.1100228826950055e-08,5.098390110092055e-08,21.98012584639903,3.8448603234542134e-07,3.8448603234542134e-07,1.7492440296196486e-08,21.980126514740572,1.0528275744547955e-06,1.0528275744547955e-06,4.78990702887082e-08
higher_energy_wide_swing,dop853_moderate,DOP853,1e-06,1e-08,0.34724540901502504,2.429059956798759,-2.3729811562184366,2.429060007514436,-2.3729812171469136,5.071567699133084e-08,6.092847693039971e-08,6.092847693039971e-08,-0.04138536799468562,1.4755851110453853,-0.0413853625716174,1.4755851865545617,5.423068216714455e-09,7.550917646703681e-08,7.570366833656903e-08,7.550917646703681e-08,21.980125589430074,1.2751707600955342e-07,1.2751707600955342e-07,5.801471708180833e-09,21.98012655781062,1.0958976233155227e-06,1.0958976233155227e-06,4.985856997106255e-08
higher_energy_wide_swing,dop853_moderate,DOP853,1e-06,1e-08,0.35058430717863104,2.428415326715229,-2.371847116323213,2.4284153905253083,-2.3718472052011648,6.381007944256112e-08,8.887795166501178e-08,8.887795166501178e-08,-0.04171249430418389,1.474374749376381,-0.04171247874074213,1.4743748529783214,1.5563441757571184e-08,1.0360194035996528e-07,1.0476441555075422e-07,1.0360194035996528e-07,21.980125305476413,1.564365845752036e-07,-1.564365845752036e-07,-7.117183423100827e-09,21.98012661812677,1.1562137736120803e-06,1.1562137736120803e-06,5.2602692173689326e-08
higher_energy_wide_swing,dop853_moderate,DOP853,1e-06,1e-08,0.3539232053422371,2.4276962276893093,-2.3706308917063454,2.427696305272039,-2.370631010260654,7.758272957403278e-08,1.1855430859242233e-07,1.1855430859242233e-07,-0.04204165938873017,1.4730571250074251,-0.0420416329950295,1.4730572584189763,2.6393700669480324e-08,1.3341155113977266e-07,1.359973139902046e-07,1.3341155113977266e-07,21.980125003654152,4.582588459811632e-07,-4.582588459811632e-07,-2.0848782086127343e-08,21.98012668102099,1.2191079932222237e-06,1.2191079932222237e-06,5.5464105304343474e-08
higher_energy_wide_swing,dop853_moderate,DOP853,1e-06,1e-08,0.3572621035058431,2.42690278657024,-2.3693326489188693,2.426902877570241,-2.3693327968964053,9.100000086803561e-08,1.4797753600248598e-07,1.4797753600248598e-07,-0.04237273506201711,1.4716321021306633,-0.04237269779242492,1.4716322650227296,3.7269592190192213e-08,1.6289206627995156e-07,1.6710130986612694e-07,1.6289206627995156e-07,21.980124694977714,7.669352832806453e-07,-7.669352832806453e-07,-3.489221590702861e-08,21.98012673135049,1.2694374937893826e-06,1.2694374937893826e-06,5.7753878429359045e-08
higher_energy_wide_swing,dop853_moderate,DOP853,1e-06,1e-08,0.3606010016694491,2.426035137437508,-2.367952570893461,2.4260352404239596,-2.367952745960318,1.0298645136685991e-07,1.7506685701107472e-07,1.7506685701107472e-07,-0.042705583638221634,1.4700995357253421,-0.04270553612701722,1.470099725615277,4.7511204415151553e-08,1.8988993488733286e-07,1.957434594475479e-07,1.8988993488733286e-07,21.980124392098098,1.0698148997789758e-06,-1.0698148997789758e-06,-4.8671919622694754e-08,21.980126754355126,1.2924421284310483e-06,1.2924421284310483e-06,5.8800489135996186e-08
higher_energy_wide_swing,dop853_moderate,DOP853,1e-06,1e-08,0.3639398998330551,2.425093421441351,-2.366490856752246,2.425093533911215,-2.3664910544773945,1.124698640886379e-07,1.977251486984244e-07,1.977251486984244e-07,-0.043040058002160375,1.4684592717320946,-0.04304000157181964,1.4684594839623615,5.643034073354869e-08,2.1223026691608027e-07,2.196043477497089e-07,2.1223026691608027e-07,21.98012410892069,1.3529923066357696e-06,-1.3529923066357696e-06,-6.155525858941183e-08,21.98012673636602,1.2744530231145745e-06,1.2744530231145745e-06,5.798206317443172e-08
higher_energy_wide_swing,dop853_moderate,DOP853,1e-06,1e-08,0.36727879799666113,2.424077786627164,-2.364947721594859,2.4240779050525822,-2.364947935518876,1.184254183606015e-07,2.1392401716724407e-07,2.1392401716724407e-07,-0.04337600168920153,1.4667111472295566,-0.043375938330494246,1.4667113750332104,6.335870728069182e-08,2.2780365371843914e-07,2.3645048199517573e-07,2.2780365371843914e-07,21.980123860089563,1.6018234347825455e-06,-1.6018234347825455e-06,-7.287599142953818e-08,21.980126665378695,1.2034656968751278e-06,1.2034656968751278e-06,5.4752448932126635e-08
higher_energy_wide_swing,dop853_moderate,DOP853,1e-06,1e-08,0.37061769616026713,2.422988387743514,-2.3633233962660225,2.4229885076633177,-2.3633236180573833,1.1991980386483192e-07,2.2179136083266826e-07,2.2179136083266826e-07,-0.04371324897519202,1.4648549906116068,-0.04371318129764423,1.4648552252671252,6.76775477881364e-08,2.3465551834966902e-07,2.442201113065166e-07,2.3465551834966902e-07,21.980123660324324,1.8015886737998699e-06,-1.8015886737998699e-06,-8.19644399628951e-08,21.980126531502798,1.069589799840287e-06,1.069589799840287e-06,4.8661678555641754e-08
higher_energy_wide_swing,dop853_moderate,DOP853,1e-06,1e-08,0.3739565943238731,2.4218253860334746,-2.361618127101905,2.42182550218959,-2.3616183468051775,1.1615611539284032e-07,2.197032724637893e-07,2.197032724637893e-07,-0.044051624976660486,1.4628906217634168,-0.044051556127337244,1.462890852843442,6.88493232425813e-08,2.3108002511484926e-07,2.41118658170704e-07,2.3108002511484926e-07,21.98012352359496,1.9383180394072497e-06,-1.9383180394072497e-06,-8.8185030734513e-08,21.980126327299935,8.653869372210465e-07,8.653869372210465e-07,3.937133747123431e-08
higher_energy_wide_swing,dop853_moderate,DOP853,1e-06,1e-08,0.3772954924874791,2.420588949009,-2.359832175654528,2.4205890555293212,-2.359832382036654,1.0652032145230805e-07,2.0638212561152613e-07,2.0638212561152613e-07,-0.04439094576153735,1.460817852234448,-0.04439087930947905,1.4608180679550133,6.645205830047018e-08,2.1572056541074858e-07,2.2572380998357737e-07,2.1572056541074858e-07,21.98012346211943,1.9997935680748924e-06,-1.9997935680748924e-06,-9.098189960471882e-08,21.980126048020004,5.861070064838714e-07,5.861070064838714e-07,2.666531669709863e-08
higher_energy_wide_swing,dop853_moderate,DOP853,1e-06,1e-08,0.3806343906510852,2.419279250208039,-2.357965818393482,2.419279340838189,-2.3579659993961686,9.063015005139619e-08,1.810026866166936e-07,1.810026866166936e-07,-0.04473101847062022,1.458636485406421,-0.04473095825371054,1.4586366730853222,6.021690968083249e-08,1.876789010868407e-07,1.971026284063043e-07,1.876789010868407e-07,21.9801234851676,1.9767453984798067e-06,-1.9767453984798067e-06,-8.993330824726624e-08,21.980125691745705,2.298327075322959e-07,2.298327075322959e-07,1.0456387427385178e-08
higher_energy_wide_swing,dop853_moderate,DOP853,1e-06,1e-08,0.38397328881469117,2.4178964689341194,-2.356019346384219,2.4178965373213135,-2.356019489692322,6.838719412982641e-08,1.4330810316209863e-07,1.4330810316209863e-07,-0.04507164144999398,1.4563463166542232,-0.045071591380466125,1.4563464632892866,5.006952785713281e-08,1.4663506342493804e-07,1.5494773133373654e-07,1.4663506342493804e-07,21.980123597654195,1.8642588024420093e-06,-1.8642588024420093e-06,-8.481565793026902e-08,21.98012525945426,2.024587359983343e-07,-2.024587359983343e-07,-9.210990917643e-09
higher_energy_wide_swing,dop853_moderate,DOP853,1e-06,1e-08,0.38731218697829717,2.4164407899780915,-2.3539930649421823,2.416440830011156,-2.3539931586797906,4.003306441902055e-08,9.373760834208156e-08,9.373760834208156e-08,-0.04541260439459838,1.4539471334976226,-0.0454125682188673,1.4539472264777666,3.617573107739247e-08,9.298014402858712e-08,9.976968829539674e-08,9.298014402858712e-08,21.98012379850234,1.663410657215536e-06,-1.663410657215536e-06,-7.567794187971683e-08,21.980124755004432,7.069085654620721e-07,-7.069085654620721e-07,-3.2161261621868276e-08
higher_energy_wide_swing,dop853_moderate,DOP853,1e-06,1e-08,0.39065108514190316,2.414912403321768,-2.3518872932620454,2.414912409532173,-2.3518873268298326,6.2104046349986675e-09,3.356778721652631e-08,3.356778721652631e-08,-0.04575368850311412,1.4514387157415967,-0.045753669511117145,1.4514387437057654,1.8991996975081804e-08,2.7964168758387586e-08,3.380370813163989e-08,2.7964168758387586e-08,21.980124078757747,1.3831552507781453e-06,-1.3831552507781453e-06,-6.292754120875546e-08,21.980124185056475,1.276856522736125e-06,-1.276856522736125e-06,-5.809141194160392e-08
higher_energy_wide_swing,dop853_moderate,DOP853,1e-06,1e-08,0.3939899833055092,2.413311503823157,-2.349702364021313,2.4133114718527455,-2.349702329090567,3.197041165137193e-08,3.493074585136924e-08,3.493074585136924e-08,-0.046094666644325266,1.448820835602986,-0.04609466732307588,1.4488207894642693,6.787506112715391e-10,4.613871662506597e-08,4.6143708934159596e-08,4.613871662506597e-08,21.98012441943234,1.0424806582420842e-06,-1.0424806582420842e-06,-4.742833065482211e-08,21.980123558931947,1.9029810509607614e-06,-1.9029810509607614e-06,-8.657735162878088e-08
higher_energy_wide_swing,dop853_moderate,DOP853,1e-06,1e-08,0.3973288814691152,2.411638290883004,-2.3474386229575614,2.4116382180249207,-2.3474385146381413,7.285808312218478e-08,1.0831942010014473e-07,1.0831942010014473e-07,-0.04643530353507497,1.4460932578211185,-0.04643532516070403,1.4460931319756534,2.1625629065269436e-08,1.2584546515981287e-07,1.2769005025356635e-07,1.2584546515981287e-07,21.980124789054184,6.728588139992553e-07,-6.728588139992553e-07,-3.061214619385045e-08,21.98012288841978,2.573493219415468e-06,-2.573493219415468e-06,-1.1708273566840182e-07
higher_energy_wide_swing,dop853_moderate,DOP853,1e-06,1e-08,0.4006677796327212,2.4098929680923575,-2.345096428418574,2.4098928539124973,-2.345096246619894,1.1417986023332105e-07,1.8179867966594543e-07,1.8179867966594543e-07,-0.046775355929932094,1.4432557397499686,-0.046775398092081866,1.4432555334925634,4.2162149771485247e-08,2.062574051553412e-07,2.1052259749197405e-07,2.062574051553412e-07,21.980125140898984,3.2101401359341253e-07,-3.2101401359341253e-07,-1.4604739820510273e-08,21.980122187534583,3.274378414630519e-06,-3.274378414630519e-06,-1.4896996017171685e-07
higher_energy_wide_swing,dop853_moderate,DOP853,1e-06,1e-08,0.4040066777963272,2.4080757428608717,-2.342676150884635,2.408075589907984,-2.342675901890621,1.5295288768868431e-07,2.4899401385169995e-07,2.4899401385169995e-07,-0.047114572822640644,1.440308031429341,-0.04711463287470696,1.4403077506001534,6.00520663196491e-08,2.8082918768213005e-07,2.871781386586809e-07,2.8082918768213005e-07,21.980125409876152,5.203684594334845e-08,-5.203684594334845e-08,-2.367449905302748e-09,21.980121472232515,3.9896804828742916e-06,-3.9896804828742916e-06,-1.8151308962214893e-07
higher_energy_wide_swing,dop853_moderate,DOP853,1e-06,1e-08,0.40734557595993326,2.4061868260063406,-2.340178172530525,2.4061866406389663,-2.34017787074306,1.853673743390516e-07,3.017874647959218e-07,3.017874647959218e-07,-0.04745269559766685,1.4372498756686567,-0.04745276808780596,1.437249534521572,7.249013911359015e-08,3.411470848035947e-07,3.487637506087734e-07,3.411470848035947e-07,21.980125509198782,4.728578417712015e-08,4.728578417712015e-08,2.1512972825863354e-09,21.98012076009006,4.701822938102396e-06,-4.701822938102396e-06,-2.139124704383367e-07
higher_energy_wide_swing,dop853_moderate,DOP853,1e-06,1e-08,0.41068447412353926,2.4042264300618794,-2.337602901804065,2.4042262246644084,-2.337602556633694,2.0539747103143213e-07,3.4517037095227465e-07,3.4517037095227465e-07,-0.04778944682054198,1.4340810180912364,-0.04778953426939436,1.4340806314265575,8.744885238165523e-08,3.866646789418837e-07,3.964301650027386e-07,3.866646789418837e-07,21.980125404145383,5.776761469178382e-08,-5.776761469178382e-08,-2.628174929751112e-09,21.980120069950292,5.3919627056586705e-06,-5.3919627056586705e-06,-2.4531082477221637e-07
higher_energy_wide_swing,dop853_moderate,DOP853,1e-06,1e-08,0.41402337228714525,2.402194779182445,-2.3349507615794876,2.402194564161424,-2.334950375904995,2.1502102098835962e-07,3.856744923425026e-07,3.856744923425026e-07,-0.048124546072905616,1.4308012060780553,-0.04812465405784083,1.4308007827430267,1.0798493521591013e-07,4.233350285876014e-07,4.368904813140813e-07,4.233350285876014e-07,21.980125184786985,2.7712601280427407e-07,-2.7712601280427407e-07,-1.2608026887038293e-08,21.980119421541342,6.040371655302579e-06,-6.040371655302579e-06,-2.7481060860045095e-07
higher_energy_wide_swing,dop853_moderate,DOP853,1e-06,1e-08,0.41736227045075125,2.400092103511579,-2.332222178753064,2.4000918846030506,-2.3322217575052075,2.1890852863748478e-07,4.2124785659680697e-07,4.2124785659680697e-07,-0.048457713131402014,1.4274101782429078,-0.048457842337712775,1.427409725471532,1.2920631076163147e-07,4.5277137572519166e-07,4.708462481710075e-07,4.5277137572519166e-07,21.98012492579607,5.361169286288714e-07,-5.361169286288714e-07,-2.439098582753092e-08,21.980118835071554,6.626841443591047e-06,-6.626841443591047e-06,-3.0149243028999037e-07
higher_energy_wide_swing,dop853_moderate,DOP853,1e-06,1e-08,0.4207011686143573,2.3979186344372283,-2.3294175928455094,2.3979184144275525,-2.3294171427067822,2.2000967581092823e-07,4.5013872718158154e-07,4.5013872718158154e-07,-0.04878865865376292,1.423907668152346,-0.048788806389692074,1.4239071925024689,1.4773592915684475e-07,4.7564987704085127e-07,4.980649659359842e-07,4.7564987704085127e-07,21.980124679118017,7.827949808358881e-07,-7.827949808358881e-07,-3.561376308758153e-08,21.980118330805393,7.131107604863018e-06,-7.131107604863018e-06,-3.244343448912405e-07
higher_energy_wide_swing,dop853_moderate,DOP853,1e-06,1e-08,0.4240400667779633,2.3956746045575326,-2.3265374557021126,2.395674384699789,-2.3265369848245774,2.1985774356636512e-07,4.7087753518582076e-07,4.7087753518582076e-07,-0.049117084581185244,1.4202934048291562,-0.04911724604436685,1.42029291293594,1.6146318160270567e-07,4.918932161590561e-07,5.177154576759016e-07,4.918932161590561e-07,21.980124477591136,9.84321861352555e-07,-9.84321861352555e-07,-4.4782358638406355e-08,21.980117928624765,7.533288233219082e-06,-7.533288233219082e-06,-3.427318122579741e-07
higher_energy_wide_swing,dop853_moderate,DOP853,1e-06,1e-08,0.4273789649415693,2.3933602476155085,-2.3235822311980776,2.3933600287651777,-2.3235817489349295,2.1885033074653393e-07,4.822631480827511e-07,4.822631480827511e-07,-0.049442684522559066,1.4165671132472877,-0.04944285383973568,1.4165666124042002,1.6931717661261558e-07,5.008430874475778e-07,5.286890433327417e-07,5.008430874475778e-07,21.980124338282145,1.123630852362112e-06,-1.123630852362112e-06,-5.1120311133306826e-08,21.980117647579934,7.814333063294043e-06,-7.814333063294043e-06,-3.555181282670412e-07
higher_energy_wide_swing,dop853_moderate,DOP853,1e-06,1e-08,0.4307178631051753,2.3909757984036135,-2.3205523949495523,2.390975581896784,-2.3205519115967035,2.16506829353591e-07,4.833528488568106e-07,4.833528488568106e-07,-0.049765144121156735,1.4127285148180997,-0.04976531518227223,1.4127280133966074,1.710611154948083e-07,5.014214923271254e-07,5.297975256660696e-07,5.014214923271254e-07,21.980124265540766,1.1963722315044834e-06,-1.1963722315044834e-06,-5.4429727144985975e-08,21.98011750543463,7.956478366821784e-06,-7.956478366821784e-06,-3.619851206313045e-07
higher_energy_wide_swing,dop853_moderate,DOP853,1e-06,1e-08,0.4340567612687813,2.3885214926391667,-2.3174484340308004,2.388521280936069,-2.3174479605754374,2.1170309771889606e-07,4.7345536291487633e-07,4.7345536291487633e-07,-0.05008414140444328,1.408777327867769,-0.05008430851142642,1.4087768355870696,1.6710698313993078e-07,4.922806995377726e-07,5.198702058702037e-07,4.922806995377726e-07,21.980124253778314,1.2081346838499485e-06,-1.2081346838499485e-06,-5.496486750921397e-08,21.9801175182102,7.943702797774677e-06,-7.943702797774677e-06,-3.614038878685869e-07
higher_energy_wide_swing,dop853_moderate,DOP853,1e-06,1e-08,0.43739565943238734,2.385997566811609,-2.314270846697985,2.385997363927826,-2.314270394571683,2.028837831069552e-07,4.521263021750599e-07,4.521263021750599e-07,-0.05039934711771099,1.4047132681057042,-0.050399505467461525,1.4047127961639683,1.5834975053419242e-07,4.719417359133615e-07,4.977988003110876e-07,4.719417359133615e-07,21.980124289976217,1.1719367805085312e-06,-1.1719367805085312e-06,-5.331802052446219e-08,21.98011769973383,7.76217916609312e-06,-7.76217916609312e-06,-3.531453530391975e-07
higher_energy_wide_swing,dop853_moderate,DOP853,1e-06,1e-08,0.44073455759599334,2.3834042580025776,-2.3110201421200327,2.38340406974984,-2.3110197229546605,1.88252737398642e-07,4.191653721896671e-07,4.191653721896671e-07,-0.050710425042274965,1.4005360490838004,-0.05071057106254995,1.400535610162609,1.460202749825612e-07,4.3892119139243846e-07,4.62572948797636e-07,4.3892119139243846e-07,21.980124355931697,1.1059813012082031e-06,-1.1059813012082031e-06,-5.031733340761132e-08,21.980118061196457,7.4007165409284426e-06,-7.4007165409284426e-06,-3.367003775184246e-07
higher_energy_wide_swing,dop853_moderate,DOP853,1e-06,1e-08,0.44407345575959933,2.380741803679778,-2.3076968401170292,2.3807416377378003,-2.307696465502329,1.6594197749242312e-07,3.7461470014932274e-07,3.7461470014932274e-07,-0.0510170322990261,1.396245382646375,-0.05101716385508248,1.3962449908002594,1.315560563819318e-07,3.918461155549835e-07,4.133405064184921e-07,3.918461155549835e-07,21.98012443024859,1.0316644072361214e-06,-1.0316644072361214e-06,-4.693623833147732e-08,21.98011861072636,6.851186636680495e-06,-6.851186636680495e-06,-3.1169915970462414e-07
higher_energy_wide_swing,dop853_moderate,DOP853,1e-06,1e-08,0.44741235392320533,2.3780104414656305,-2.3043014709066316,2.3780103073059933,-2.3043011521489887,1.3415963717733348e-07,3.187576429475314e-07,3.187576429475314e-07,-0.05131881963816143,1.3918409793706386,-0.05131893612716687,1.3918406498139024,1.1648900544170004e-07,3.2955673612278247e-07,3.4953873993120946e-07,3.2955673612278247e-07,21.980124490082257,9.718307403261406e-07,-9.718307403261406e-07,-4.421406702205235e-08,21.98011935298507,6.108927927073182e-06,-6.108927927073182e-06,-2.7792962045001463e-07
higher_energy_wide_swing,dop853_moderate,DOP853,1e-06,1e-08,0.4507512520868114,2.375210408881673,-2.3008345748589436,2.3752103175643144,-2.300834322741518,9.131735856371392e-08,2.5211742560315997e-07,2.5211742560315997e-07,-0.05161543171596128,1.3873225489975454,-0.05161553406532726,1.3873222978008561,1.0234936598241262e-07,2.511966892271289e-07,2.712474320536005e-07,2.511966892271289e-07,21.980124512648025,9.492649724052171e-07,-9.492649724052171e-07,-4.31874228402425e-08,21.980120288792893,5.173120104728923e-06,-5.173120104728923e-06,-2.353544393407976e-07
higher_energy_wide_swing,dop853_moderate,DOP853,1e-06,1e-08,0.4540901502504174,2.3723419430696975,-2.297296702260329,2.3723419069321294,-2.2972965268053622,3.61375680490994e-08,1.7545496655557713e-07,1.7545496655557713e-07,-0.05190650735952829,1.3826898008529036,-0.0519065979444463,1.3826896445624808,9.058491801106072e-08,1.5629042282583328e-07,1.8064419071242878e-07,1.5629042282583328e-07,21.980124476503434,9.854095637251703e-07,-9.854095637251703e-07,-4.483184436015531e-08,21.980121414792208,4.047120789607561e-06,-4.047120789607561e-06,-1.841263734649915e-07
higher_energy_wide_swing,dop853_moderate,DOP853,1e-06,1e-08,0.4574290484140234,2.369405280490599,-2.2936884130866244,2.369405312749507,-2.2936883233213763,3.225890798930209e-08,8.976524812354114e-08,8.976524812354114e-08,-0.05219167982042505,1.3779424442586254,-0.052191762315016654,1.377942399451225,8.24945916022557e-08,4.4807400456647883e-08,9.38779035732337e-08,8.24945916022557e-08,21.980124362614795,1.0992982026891696e-06,-1.0992982026891696e-06,-5.001328152535005e-08,21.980122723157354,2.738755643605373e-06,-2.738755643605373e-06,-1.246014563634347e-07
higher_energy_wide_swing,dop853_moderate,DOP853,1e-06,1e-08,0.4607679465776294,2.3664006566019204,-2.2900102767862185,2.3664007708863712,-2.290010280514635,1.1428445079175731e-07,3.7284166864992585e-09,1.1428445079175731e-07,-0.052470577018208675,1.3730801889340276,-0.05247065619381719,1.3730802717213413,7.917560851389283e-08,8.278731367106218e-08,1.145535520549933e-07,8.278731367106218e-08,21.980124155219087,1.3066939104078301e-06,-1.3066939104078301e-06,-5.9448883159109346e-08,21.980124201361154,1.2605518442398989e-06,-1.2605518442398989e-06,-5.734962006582601e-08
higher_energy_wide_swing,dop853_moderate,DOP853,1e-06,1e-08,0.4641068447412354,2.3633283055150667,-2.286262872073457,2.3633285153500876,-2.286262975656322,2.0983502091453943e-07,1.035828653961346e-07,2.0983502091453943e-07,-0.0527428217748811,1.3681027453871148,-0.05274290325814557,1.3681029708836396,8.148326446910659e-08,2.2549652478609516e-07,2.397669807941627e-07,2.2549652478609516e-07,21.98012384249247,1.6194205265662731e-06,-1.6194205265662731e-06,-7.367658248231537e-08,21.980125832008895,3.70095897039846e-07,3.70095897039846e-07,1.6837751799057995e-08
higher_energy_wide_swing,dop853_moderate,DOP853,1e-06,1e-08,0.4674457429048414,2.3601884596331737,-2.282446786732847,2.3601887778920263,-2.2824469948798014,3.1825885260516884e-07,2.081469543391279e-07,3.1825885260516884e-07,-0.05300803204131721,1.3630098252958063,-0.05300812204379124,1.3630102070647117,9.00024740291272e-08,3.8176890537755526e-07,3.922345502942601e-07,3.8176890537755526e-07,21.980123417036904,2.0448760942315403e-06,-2.0448760942315403e-06,-9.303295824106586e-08,21.980127592751856,2.1308388582497173e-06,2.1308388582497173e-06,9.694388969444326e-08
higher_energy_wide_swing,dop853_moderate,DOP853,1e-06,1e-08,0.4707846410684474,2.3569813492706078,-2.278562617434517,2.3569817876136323,-2.2785629330119845,4.383430245447073e-07,3.1557746771326833e-07,4.383430245447073e-07,-0.053265821116778245,1.35780114187909,-0.053265926146966125,1.3578016913711337,1.0503018788021734e-07,5.494920436444062e-07,5.594397611849373e-07,5.494920436444062e-07,21.98012287619641,2.585716586622766e-06,-2.585716586622766e-06,-1.1763884565187205e-07,21.980129456293653,3.994380655569785e-06,3.994380655569785e-06,1.8172692701373424e-07
higher_energy_wide_swing,dop853_moderate,DOP853,1e-06,1e-08,0.4741235392320534,2.353707202255073,-2.274610969561402,2.3537077705725253,-2.2746113934211056,5.683174522097545e-07,4.238597037797831e-07,5.683174522097545e-07,-0.053515797862635384,1.352476410258141,-0.053515924430437956,1.352477136259202,1.2656780257191969e-07,7.260010610465883e-07,7.369511172992795e-07,7.260010610465883e-07,21.980122222214746,3.239698251888967e-06,-3.239698251888967e-06,-1.4739216377552953e-07,21.980131390503796,5.928590798731648e-06,5.928590798731648e-06,2.697250663561801e-07
higher_energy_wide_swing,dop853_moderate,DOP853,1e-06,1e-08,0.47746243739565947,2.350366243513314,-2.2705924570486182,2.350366949389176,-2.2705929878820057,7.0587586176174e-07,5.308333874687321e-07,7.0587586176174e-07,-0.05375756691148914,1.3470353478074548,-0.05375772123417755,1.3470362559108326,1.543226884059834e-07,9.081033778279846e-07,9.211228131902095e-07,9.081033778279846e-07,21.98012146224606,3.999666937204438e-06,-3.999666937204438e-06,-1.8196742980994497e-07,21.980133358654488,7.896741490043269e-06,7.896741490043269e-06,3.592673528514059e-07
higher_energy_wide_swing,dop853_moderate,DOP853,1e-06,1e-08,0.48080133555926546,2.3469586946413856,-2.266507702235489,2.346959542854674,-2.266508336460047,8.482132884957139e-07,6.34224557760632e-07,8.482132884957139e-07,-0.05399072887288614,1.3414776744961037,-0.05399091659084054,1.3414787666163253,1.8771795440297723e-07,1.0921202215907755e-06,1.1081356454932413e-06,1.0921202215907755e-06,21.980120608230305,4.853682693095607e-06,-4.853682693095607e-06,-2.2082142804444102e-07,21.980135319797757,9.857884759156832e-06,9.857884759156832e-06,4.4849083214918417e-07
higher_energy_wide_swing,dop853_moderate,DOP853,1e-06,1e-08,0.48414023372287146,2.343484773460468,-2.2623573357306923,2.3434857655401324,-2.262358067414752,9.9207966464121e-07,7.316840595628094e-07,9.9207966464121e-07,-0.05421488053687029,1.3358031132192556,-0.05421510644647809,1.3358043871647438,2.259096077983358e-07,1.2739454882115808e-06,1.2938207981904762e-06,1.2739454882115808e-06,21.98011967664476,5.785268236024876e-06,-5.785268236024876e-06,-2.63204513825435e-07,21.980137229301686,1.176738868835514e-05,1.176738868835514e-05,5.353649463350692e-07
higher_energy_wide_swing,dop853_moderate,DOP853,1e-06,1e-08,0.48747913188647746,2.3399446935592176,-2.258141996290989,2.3399458274082514,-2.258142817124296,1.1338490337742257e-06,8.208333071024754e-07,1.1338490337742257e-06,-0.05442961507665933,1.3300113901201551,-0.054429882886891434,1.3300128392427717,2.678102321018727e-07,1.4491226165702642e-06,1.4736616566477896e-06,1.4491226165702642e-06,21.980118688143452,6.773769545276309e-06,-6.773769545276309e-06,-3.081770191445835e-07,21.98013903956604,1.3577653042773363e-05,1.3577653042773363e-05,6.17724091989403e-07
higher_energy_wide_swing,dop853_moderate,DOP853,1e-06,1e-08,0.4908180300500835,2.336338663823619,-2.253862330713998,2.336339933427577,-2.253863230031941,1.2696039579651597e-06,8.993179427818632e-07,1.2696039579651597e-06,-0.0546345222517457,1.324102234902786,-0.054634834370109964,1.3241038478429203,3.1211836426514594e-07,1.6129401343434324e-06,1.6428614519451602e-06,1.6129401343434324e-06,21.98011766709542,7.794817577178037e-06,-7.794817577178037e-06,-3.5463025862544963e-07,21.980140700938918,1.5239025920266158e-05,1.5239025920266158e-05,6.933093237648817e-07
higher_energy_wide_swing,dop853_moderate,DOP853,1e-06,1e-08,0.4941569282136895,2.33266688795533,-2.249518993745489,2.332668283189987,-2.249519958615541,1.395234657142197e-06,9.648700518560815e-07,1.395234657142197e-06,-0.05482918861277042,1.3180753811355226,-0.05482954596549949,1.3180771416820962,3.5735272907455595e-07,1.7605465736370007e-06,1.7964479427253149e-06,1.7605465736370007e-06,21.98011664103355,8.820879447313246e-06,-8.820879447313246e-06,-4.0131160591407914e-07,21.980142162858,1.6700945003833567e-05,1.6700945003833567e-05,7.598202764025548e-07
higher_energy_wide_swing,dop853_moderate,DOP853,1e-06,1e-08,0.4974958263772955,2.3289295639794854,-2.245112648001647,2.3289310705319295,-2.2451136633812094,1.506552444130449e-06,1.0153795626521855e-06,1.506552444130449e-06,-0.055013197709543715,1.311930566546093,-0.05501359960007912,1.3119324536315538,4.0189053540640174e-07,1.887085460783311e-06,1.9294060067152804e-06,1.887085460783311e-06,21.98011564002472,9.821888276917434e-06,-9.821888276917434e-06,-4.4685314894752223e-07,21.980143375241223,1.7913328225205305e-05,1.7913328225205305e-05,8.14978433869515e-07
higher_energy_wide_swing,dop853_moderate,DOP853,1e-06,1e-08,0.5008347245409015,2.3251268837429557,-2.24064396390678,2.325128483159955,-2.2406450128822755,1.5994169992872287e-06,1.0489754953546537e-06,1.5994169992872287e-06,-0.05518613030362207,1.3056675333082528,-0.05518657431264795,1.3056695211593716,4.440090258794882e-07,1.9878511188231585e-06,2.0368348204184193e-06,1.9878511188231585e-06,21.98011469597256,1.0765940437806876e-05,-1.0765940437806876e-05,-4.898034115620504e-07,21.98014429015358,1.88282405808593e-05,1.88282405808593e-05,8.5660296222989e-07
higher_energy_wide_swing,dop853_moderate,DOP853,1e-06,1e-08,0.5041736227045075,2.321259032404025,-2.2361136196469413,2.3212607022810663,-2.2361146837646264,1.6698770410883412e-06,1.064117685078969e-06,1.6698770410883412e-06,-0.0553475645868754,1.2992860283206245,-0.055348046516396354,1.2992880867866443,4.819295209568253e-07,2.0584660198608162e-06,2.1141282879927853e-06,2.0584660198608162e-06,21.980113841863893,1.1620049104266172e-05,-1.1620049104266172e-05,-5.286616368228338e-07,21.980144863778435,1.9401865436918797e-05,1.9401865436918797e-05,8.827003954339664e-07
higher_energy_wide_swing,dop853_moderate,DOP853,1e-06,1e-08,0.5075125208681135,2.3173261879144778,-2.23152230113991,2.3173279022384183,-2.231523360839549,1.7143239405825739e-06,1.0596996391498692e-06,1.7143239405825739e-06,-0.05549707640751922,1.29278580347819,-0.05549759027070966,1.292787898558644,5.138631904433311e-07,2.095080454012077e-06,2.1571781306317866e-06,2.095080454012077e-06,21.980113110969725,1.2350943272565473e-05,-1.2350943272565473e-05,-5.619141389327872e-07,21.980145058723064,1.9596810066246917e-05,1.9596810066246917e-05,8.915695272169455e-07
higher_energy_wide_swing,dop853_moderate,DOP853,1e-06,1e-08,0.5108514190317196,2.313328520495063,-2.22687070202202,2.3133302501529056,-2.2268717371851827,1.729657842730603e-06,1.0351631627436575e-06,1.729657842730603e-06,-0.05563423950509805,1.2861666159370229,-0.05563477756293744,1.2861687105323103,5.380578393943125e-07,2.0945952874384943e-06,2.1625992825054817e-06,2.0945952874384943e-06,21.98011253601209,1.2925900907845289e-05,-1.2925900907845289e-05,-5.8807220778804e-07,21.98014484669021,1.9384777210973425e-05,1.9384777210973425e-05,8.819229555610694e-07
higher_energy_wide_swing,dop853_moderate,DOP853,1e-06,1e-08,0.5141903171953256,2.309266192105333,-2.222159523652286,2.3092679055711587,-2.22216051427769,1.713465825670113e-06,9.906254039293572e-07,1.713465825670113e-06,-0.055758625755958025,1.2794282283728695,-0.0557591786009376,1.2794302832814588,5.528449795733081e-07,2.0549085892884733e-06,2.1279771807448863e-06,2.0549085892884733e-06,21.980112148308013,1.3313604984688254e-05,-1.3313604984688254e-05,-6.057110550964767e-07,21.98014421154866,1.874963566095289e-05,1.874963566095289e-05,8.530267806451843e-07
higher_energy_wide_swing,dop853_moderate,DOP853,1e-06,1e-08,0.5175292153589316,2.305139355908814,-2.2173894751342935,2.3051410201204914,-2.217390402153255,1.6642116773546434e-06,9.270189615939728e-07,1.6642116773546434e-06,-0.0558698054307496,1.2725704092342691,-0.055870362117278805,1.2725723844211965,5.56686529207262e-07,1.9751869273498812e-06,2.052136274659822e-06,1.9751869273498812e-06,21.98011197690204,1.3485010956770793e-05,-1.3485010956770793e-05,-6.135092804696462e-07,21.980143152837705,1.7690924707380873e-05,1.7690924707380873e-05,8.048600422247625e-07
higher_energy_wide_swing,dop853_moderate,DOP853,1e-06,1e-08,0.5208681135225376,2.3009481557345075,-2.2125612733563234,2.3009497371713232,-2.2125621196020213,1.5814368157229808e-06,8.46245697960768e-07,1.5814368157229808e-06,-0.05596734746554721,1.265592932990966,-0.0559678956860159,1.265594789153087,5.482204686879655e-07,1.8561621208945667e-06,1.935428505869506e-06,1.8561621208945667e-06,21.980112047699333,1.3414213665186026e-05,-1.3414213665186026e-05,-6.102883119766572e-07,21.980141689741686,1.6227828687931378e-05,1.6227828687931378e-05,7.382955441292109e-07
higher_energy_wide_swing,dop853_moderate,DOP853,1e-06,1e-08,0.5242070116861436,2.296692725535687,-2.2076756430501705,2.2966941915076133,-2.2076763943950755,1.4659719265175397e-06,7.513449049589838e-07,1.4659719265175397e-06,-0.05605081974818271,1.2584955803784172,-0.05605134605302231,1.2584972808326862,5.263048395987013e-07,1.7004542689491586e-06,1.7800397481439654e-06,1.7004542689491586e-06,21.98011238261158,1.3079301417917577e-05,-1.3079301417917577e-05,-5.950512630413004e-07,21.980139865572355,1.4403659356787557e-05,1.4403659356787557e-05,6.553037825805915e-07
higher_energy_wide_swing,dop853_moderate,DOP853,1e-06,1e-08,0.5275459098497496,2.292373188846981,-2.2027333168691228,2.2923745090058305,-2.2027339635455863,1.3201588493494398e-06,6.466764634893707e-07,1.3201588493494398e-06,-0.05611978942142881,1.2512781386392788,-0.056120279480908364,1.2512796515611115,4.900594795520519e-07,1.512921832702574e-06,1.5903115309168021e-06,1.512921832702574e-06,21.9801129987288,1.2463184198452382e-05,-1.2463184198452382e-05,-5.670206123276456e-07,21.98013775279811,1.2290885113230843e-05,1.2290885113230843e-05,5.591817541955527e-07
higher_energy_wide_swing,dop853_moderate,DOP853,1e-06,1e-08,0.5308848080133556,2.287989658240716,-2.1977350354855654,2.287990806323002,-2.197735573605214,1.1480822856846373e-06,5.381196488407625e-07,1.1480822856846373e-06,-0.05617382320467379,1.2439404017628048,-0.05617426210961274,1.2439417028024131,4.389049389486033e-07,1.3010396082702158e-06,1.373077422333276e-06,1.3010396082702158e-06,21.98011390753073,1.1554382268741392e-05,-1.1554382268741392e-05,-5.256740817409228e-07,21.980135458660662,9.996747664331451e-06,9.996747664331451e-06,4.548084896809958e-07
higher_energy_wide_swing,dop853_moderate,DOP853,1e-06,1e-08,0.5342237061769616,2.2835422347834955,-2.192681547708676,2.2835431905943597,-2.192681980996891,9.55810864233797e-07,4.3328821508481496e-07,9.55810864233797e-07,-0.05621248773576526,1.236482170723169,-0.05621286033380446,1.2364832460285249,3.7259803919997836e-07,1.0753053558687498e-06,1.1380293964461933e-06,1.0753053558687498e-06,21.980115114152447,1.0347760550644125e-05,-1.0347760550644125e-05,-4.7077804758551766e-07,21.98013313142041,7.669507411378618e-06,7.669507411378618e-06,3.489291917222349e-07
higher_energy_wide_swing,dop853_moderate,DOP853,1e-06,1e-08,0.5375626043405676,2.2790310074940017,-2.1875736106226746,2.279031759141127,-2.1875739523850917,7.516471254298551e-07,3.41762417033209e-07,7.516471254298551e-07,-0.05623534993471224,1.2289032537177738,-0.05623564119828539,1.2289041033936852,2.912635731489033e-07,8.496759114073882e-07,8.982113467717062e-07,8.496759114073882e-07,21.980116616720004,8.845192994044737e-06,-8.845192994044737e-06,-4.024177664213802e-07,21.98013096727353,5.50536053367523e-06,5.50536053367523e-06,2.504699321764509e-07
higher_energy_wide_swing,dop853_moderate,DOP853,1e-06,1e-08,0.5409015025041737,2.2744560528029973,-2.182411989746091,2.2744565991889685,-2.1824122650846918,5.463859711341001e-07,2.753386008080838e-07,5.463859711341001e-07,-0.05624197739095871,1.2212034664066878,-0.056242172812640656,1.221204108440224,1.9542168194774945e-07,6.420335363355179e-07,6.711160075238692e-07,6.420335363355179e-07,21.980118405773183,7.05613981466513e-06,-7.05613981466513e-06,-3.2102363687104327e-07,21.980129217983954,3.7560709564843364e-06,3.7560709564843364e-06,1.7088487338222108e-07
higher_energy_wide_swing,dop853_moderate,DOP853,1e-06,1e-08,0.5442404006677797,2.2698174340165025,-2.1771974592125214,2.26981778759764,-2.1771977075095403,3.5358113770200816e-07,2.4829701894546474e-07,3.5358113770200816e-07,-0.056231938775949675,1.2133826321544117,-0.05623202478642486,1.2133831068377183,8.601047518652649e-08,4.746833066615608e-07,4.824127314499126e-07,4.746833066615608e-07,21.98012046379393,4.998119067067819e-06,-4.998119067067819e-06,-2.273926541378721e-07,21.980128199274834,2.7373618358694785e-06,2.7373618358694785e-06,1.245380441805375e-07
higher_energy_wide_swing,dop853_moderate,DOP853,1e-06,1e-08,0.5475792988313857,2.2651152007831317,-2.171930801973327,2.2651153818035645,-2.171931069563834,1.8102043286560843e-07,2.6759050708591303e-07,2.6759050708591303e-07,-0.05620480428274055,1.2054405822752317,-0.056204768767427415,1.2054409420679626,3.5515313134837356e-08,3.59792730941777e-07,3.615413485420547e-07,3.59792730941777e-07,21.9801227648609,2.6970520963232048e-06,-2.6970520963232048e-06,-1.2270412655271858e-07,21.98012807566461,2.613751611590942e-06,2.613751611590942e-06,1.1891431721443228e-07
higher_energy_wide_swing,dop853_moderate,DOP853,1e-06,1e-08,0.5509181969949917,2.2603493885665658,-2.166612810022755,2.26034938877601,-2.1666131052168125,2.0944446177395548e-10,2.9519405764233397e-07,2.9519405764233397e-07,-0.05616014609439468,1.197377156283506,-0.056159980569206014,1.197377400774414,1.655251886667486e-07,2.444909079635238e-07,2.9525309847652905e-07,2.444909079635238e-07,21.980125274452327,1.8746067098618369e-07,-1.8746067098618369e-07,-8.528644265976287e-09,21.980128056385553,2.5944725550175463e-06,2.5944725550175463e-06,1.1803720408753942e-07
higher_energy_wide_swing,dop853_moderate,DOP853,1e-06,1e-08,0.5542570951585977,2.2555200181241415,-2.16124428464593,2.2555198292180183,-2.161244607333157,1.8890612318855915e-07,3.226872271611114e-07,3.226872271611114e-07,-0.056097538882943554,1.189192202150266,-0.05609723975684422,1.1891923238782027,2.99126099334579e-07,1.2172793661946457e-07,3.229459921670384e-07,2.99126099334579e-07,21.980127949421966,2.4875089685849616e-06,2.4875089685849616e-06,1.1317082665862391e-07,21.980128035061774,2.573148776718881e-06,2.573148776718881e-06,1.170670650255211e-07
higher_energy_wide_swing,dop853_moderate,DOP853,1e-06,1e-08,0.5575959933222037,2.250627094992539,-2.1558260366901973,2.2506267133535793,-2.1558263848499775,3.816389595456826e-07,3.4815978011693005e-07,3.816389595456826e-07,-0.05601656034068081,1.1808855765676094,-0.05601612815675561,1.1808855700341847,4.321839252030557e-07,6.5334246901471715e-09,4.3223330603055367e-07,4.321839252030557e-07,21.980130738175284,5.27626228574718e-06,5.27626228574718e-06,2.4004695946298616e-07,21.98012802049754,2.558584540679476e-06,2.558584540679476e-06,1.1640445570308381e-07
higher_energy_wide_swing,dop853_moderate,DOP853,1e-06,1e-08,0.5609348914858097,2.2456706089815395,-2.1503588868602668,2.24567003564849,-2.1503592573795536,5.733330494805955e-07,3.7051928680753576e-07,5.733330494805955e-07,-0.05591679174557129,1.1724571452223898,-0.05591623060978779,1.1724570075864529,5.611357835055841e-07,1.376359368698843e-07,5.777690011141793e-07,5.611357835055841e-07,21.98013358107572,8.119162721698103e-06,8.119162721698103e-06,3.6938655039831e-07,21.98012801580981,2.5538968131399997e-06,2.5538968131399997e-06,1.1619118451190707e-07
higher_energy_wide_swing,dop853_moderate,DOP853,1e-06,1e-08,0.5642737896494157,2.240650533676844,-2.1448436660376347,2.240649774396189,-2.1448440552714136,7.592806552381148e-07,3.892337789856981e-07,7.592806552381148e-07,-0.05579781856256216,1.1639067830808136,-0.05579713577925405,1.1639065147147312,6.82783308114665e-07,2.683660824676082e-07,7.336302884007835e-07,6.82783308114665e-07,21.980136411114387,1.094920138910993e-05,1.094920138910993e-05,4.981409868693711e-07,21.980128020144985,2.5582319871375603e-06,2.5582319871375603e-06,1.1638841605205785e-07
higher_energy_wide_swing,dop853_moderate,DOP853,1e-06,1e-08,0.5676126878130218,2.23556682595292,-2.1392812156247425,2.235565891264987,-2.1392816197503035,9.34687932829803e-07,4.0412556101543373e-07,9.34687932829803e-07,-0.05565923108257842,1.1552343746855787,-0.05565843693058381,1.1552339795950224,7.941519946097486e-07,3.950905562710716e-07,8.870027836468311e-07,7.941519946097486e-07,21.980139154879765,1.3692966767564485e-05,1.3692966767564485e-05,6.22970364354451e-07,21.980128030139596,2.5682265984983133e-06,2.5682265984983133e-06,1.1684312734922818e-07
higher_energy_wide_swing,dop853_moderate,DOP853,1e-06,1e-08,0.5709515859766278,2.2304194254968657,-2.1336723879143378,2.230418330808874,-2.1336728031262067,1.094687991809451e-06,4.1521186888715533e-07,1.094687991809451e-06,-0.05550062510099485,1.1464398144672767,-0.05549973269005892,1.1464393005735452,8.924109359265131e-07,5.138937315685155e-07,1.0297980607413516e-06,8.924109359265131e-07,21.980141733867995,1.6271954997648663e-05,1.6271954997648663e-05,7.403030990812399e-07,21.98012804113265,2.5792196538532153e-06,2.5792196538532153e-06,1.1734326350058686e-07
higher_energy_wide_swing,dop853_moderate,DOP853,1e-06,1e-08,0.5742904841402338,2.2252082543442664,-2.1280180464845015,2.225207019944092,-2.128018469072578,1.2344001745212552e-06,4.2258807653183794e-07,1.2344001745212552e-06,-0.05532160263735486,1.13752300707183,-0.05532062779007063,1.1375223863529627,9.748472842296962e-07,6.207188674167696e-07,1.1556898978260438e-06,9.793809941927023e-07,21.98014406617843,1.860426543132121e-05,1.860426543132121e-05,8.464130681855546e-07,21.980128048140102,2.5862271044729823e-06,2.5862271044729823e-06,1.176620719910984e-07
higher_energy_wide_swing,dop853_moderate,DOP853,1e-06,1e-08,0.5776293823038398,2.2199332164280228,-2.1223190666198106,2.2199318673936643,-2.122319492968962,1.3490343584443565e-06,4.263491515388296e-07,1.3490343584443565e-06,-0.055121772698116245,1.128483867705802,-0.05512073380827265,1.1284831561898967,1.0388898435964578e-06,7.11515905305049e-07,1.2591850501931541e-06,1.0746492045132783e-06,21.98014606864396,2.0606730963379505e-05,2.0606730963379505e-05,9.375165305169299e-07,21.980128046604662,2.584691664253569e-06,2.584691664253569e-06,1.1759221614691435e-07
higher_energy_wide_swing,dop853_moderate,DOP853,1e-06,1e-08,0.5809682804674458,2.214594197141129,-2.1165763357590945,2.2145927631020674,-2.116576762304159,1.4340390617206822e-06,4.265450646023794e-07,1.4340390617206822e-06,-0.054900752084174,1.1193223225014683,-0.05489966990794626,1.119321540102678,1.0821762277402058e-06,7.823987904220786e-07,1.3353850587527005e-06,1.1469764754634681e-06,21.980147659450537,2.21975375396255e-05,2.21975375396255e-05,1.0098913028539912e-06,21.98012803293647,2.571023472341949e-06,2.571023472341949e-06,1.1697037293062771e-07
higher_energy_wide_swing,dop853_moderate,DOP853,1e-06,1e-08,0.5843071786310517,2.2091910629143876,-2.110790753970255,2.209189577622232,-2.110791177136103,1.4852921554897591e-06,4.2316584814017233e-07,1.4852921554897591e-06,-0.0546581662449136,1.1100383089036137,-0.054657063586815546,1.110037479088258,1.1026580980511014e-06,8.298153557628751e-07,1.3800175382427353e-06,1.19276954357872e-06,21.980148761305866,2.329939286838112e-05,2.329939286838112e-05,1.0600209224808175e-06,21.980128004862024,2.542949026462793e-06,2.542949026462793e-06,1.1569310788826918e-07
higher_energy_wide_swing,dop853_moderate,DOP853,1e-06,1e-08,0.5876460767946577,2.2037236608100264,-2.1049632344526126,2.2037221614770655,-2.1049636506046188,1.499332960896993e-06,4.161520061884971e-07,1.499332960896993e-06,-0.054393650180506015,1.1006317760800517,-0.05439255144145272,1.100630925347188,1.0987390532957164e-06,8.507328637108458e-07,1.389594873563811e-06,1.2089119694191908e-06,21.980149305223286,2.3843310287929853e-05,2.3843310287929853e-05,1.0847667966793624e-06,21.980127961601013,2.4996880156891166e-06,2.4996880156891166e-06,1.1372492027038507e-07
higher_energy_wide_swing,dop853_moderate,DOP853,1e-06,1e-08,0.5909849749582637,2.198191818132214,-2.099094704067244,2.1981903444976805,-2.0990951094932258,1.4736345335109036e-06,4.0542598167547794e-07,1.4736345335109036e-06,-0.05410684939415489,1.0911026853579475,-0.05410577995430943,1.091101842515532,1.0694398454580423e-06,8.428424154161007e-07,1.3616478694132959e-06,1.1929950293199099e-06,21.980149234993327,2.3773080329192453e-05,2.3773080329192453e-05,1.0815716393605795e-06,21.98012790389202,2.441979020773033e-06,2.441979020773033e-06,1.1109941228517902e-07
higher_energy_wide_swing,dop853_moderate,DOP853,1e-06,1e-08,0.5943238731218699,2.1925953420554385,-2.0931861038957766,2.192593935140518,-2.0931864948361447,1.4069149205653275e-06,3.909403680779633e-07,1.4069149205653275e-06,-0.053797420895954184,1.081451010688059,-0.053796406310285816,1.081450205902554,1.0145856683685395e-06,8.047855051263042e-07,1.295014975867166e-06,1.1435858328079362e-06,21.980148512422414,2.3050509415867282e-05,2.3050509415867282e-05,1.048697809109827e-06,21.980127833889355,2.3719763575513753e-06,2.3719763575513753e-06,1.0791459592264469e-07
higher_energy_wide_swing,dop853_moderate,DOP853,1e-06,1e-08,0.5976627712854758,2.1869340192717392,-2.087238389828101,2.1869327197855557,-2.087238762566691,1.2994861835480265e-06,3.727385897711599e-07,1.2994861835480265e-06,-0.05346503425999838,1.0716767391390785,-0.05346409924960649,1.0716760027330192,9.350103918892572e-07,7.364060592429666e-07,1.1901841525707934e-06,1.0605326260515469e-06,21.980147123425876,2.166151287852358e-05,2.166151287852358e-05,9.85504514797174e-07,21.98012775495479,2.2930417920008495e-06,2.2930417920008495e-06,1.043234168965148e-07
higher_energy_wide_swing,dop853_moderate,DOP853,1e-06,1e-08,0.6010016694490818,2.1812076156577613,-2.0812525331794736,2.1812064620177862,-2.081252884203195,1.1536399751044257e-06,3.5102372164530493e-07,1.1536399751044257e-06,-0.05310937273633032,1.061779871424303,-0.053108539963632406,1.0617792323928832,8.327726979118211e-07,6.390314197801672e-07,1.0497006820296866e-06,9.453072066234469e-07,21.980145085070564,1.9623157566428517e-05,1.9623157566428517e-05,8.927682237497408e-07,21.98012767136797,2.20945497275693e-06,2.20945497275693e-06,1.0052058058474041e-07
higher_energy_wide_swing,dop853_moderate,DOP853,1e-06,1e-08,0.6043405676126878,2.175415875962625,-2.0752295213374667,2.175414901894156,-2.075229847568641,9.740684689951706e-07,3.262311740748203e-07,9.740684689951706e-07,-0.05273013441928465,1.05176042246293,-0.0527294230400549,1.05175990667717,7.113792297452903e-07,5.157857601023608e-07,8.78689569095578e-07,8.013843454390823e-07,21.9801424536713,1.699175830083277e-05,1.699175830083277e-05,7.730510151216364e-07,21.980127587980302,2.1260673044309897e-06,2.1260673044309897e-06,9.67268047725671e-08
higher_energy_wide_swing,dop853_moderate,DOP853,1e-06,1e-08,0.6076794657762938,2.169558523517575,-2.0691703584392336,2.1695577551981517,-2.0691706575401687,7.683194231944412e-07,2.9910093513052516e-07,7.683194231944412e-07,-0.05232703347371248,1.0416184219782956,-0.0523264574637432,1.0416180500387953,5.760099692775356e-07,3.719395003098924e-07,6.856576963747143e-07,6.34658054998738e-07,21.980139334054684,1.3872141686022132e-05,1.3872141686022132e-05,6.311220429592033e-07,21.980127509836908,2.0479239104531644e-06,2.0479239104531644e-06,9.317162060798025e-08
higher_energy_wide_swing,dop853_moderate,DOP853,1e-06,1e-08,0.6110183639398998,2.1636352599684003,-2.0630760660795566,2.1636347126842206,-2.0630763368246194,5.472841797526939e-07,2.7074506281365984e-07,5.472841797526939e-07,-0.05189980142052775,1.0313539151354674,-0.05189936767932235,1.031353699837091,4.3374120539674266e-07,2.1529837646028227e-07,4.842363309020221e-07,4.538945203025335e-07,21.980135890114475,1.0428201477452603e-05,1.0428201477452603e-05,4.7443775948970424e-07,21.980127441790813,1.979877815472264e-06,1.979877815472264e-06,9.007581958087464e-08
higher_energy_wide_swing,dop853_moderate,DOP853,1e-06,1e-08,0.6143572621035058,2.1576457650315994,-2.0569476840501375,2.157645439314219,-2.0569479267562785,3.2571738062259215e-07,2.427061409626674e-07,3.2571738062259215e-07,-0.05144818848294208,1.0209669632206124,-0.05144789472133671,1.020966906584781,2.9376160537442075e-07,5.663583135806505e-08,2.9917135254862904e-07,2.9376160537442075e-07,21.980132356793188,6.8948801903445656e-06,6.8948801903445656e-06,3.136870261405907e-07,21.98012738813297,1.9262199728586893e-06,1.9262199728586893e-06,8.763462138541608e-08
higher_energy_wide_swing,dop853_moderate,DOP853,1e-06,1e-08,0.6176961602671118,2.1515896962752676,-2.0507862711105966,2.1515895734880695,-2.0507864881129914,1.2278719818681338e-07,2.1700239472011162e-07,2.1700239472011162e-07,-0.05097196499468515,1.010457644364635,-0.050971797417632136,1.0104577341921632,1.67577053011847e-07,8.982752830455354e-08,1.901343039470804e-07,1.67577053011847e-07,21.980129053636837,3.591723839235783e-06,3.591723839235783e-06,1.6340779516747964e-07,21.980127352260332,1.890347334665421e-06,1.890347334665421e-06,8.600257254859628e-08
higher_energy_wide_swing,dop853_moderate,DOP853,1e-06,1e-08,0.6210350584307179,2.1454666889256946,-2.0445929057916508,2.145466726270819,-2.0445931019468087,3.7345124326293444e-08,1.9615515789439542e-07,1.9615515789439542e-07,-0.0504709228714213,0.9998260543136297,-0.05047085367134441,0.9998262602072403,6.920007689092955e-08,2.058936106053011e-07,2.1721148572255085e-07,2.058936106053011e-07,21.98012640008237,9.381693715226902e-07,9.381693715226902e-07,4.2682621313893014e-08,21.98012733640242,1.874489420572445e-06,1.874489420572445e-06,8.528110650781074e-08
higher_energy_wide_swing,dop853_moderate,DOP853,1e-06,1e-08,0.6243739565943239,2.1392763557006402,-2.0383686872309252,2.1392764806182862,-2.038368870425337,1.249176460049739e-07,1.8319441164038608e-07,1.8319441164038608e-07,-0.04994487714648255,0.9890723072487201,-0.04994486182662339,0.9890725760505941,1.5319859159035332e-08,2.688018739815945e-07,2.6923808337727724e-07,2.688018739815945e-07,21.98012493265068,5.2926231930428e-07,-5.2926231930428e-07,-2.407913095042983e-08,21.980127341424843,1.8795118457148874e-06,1.8795118457148874e-06,8.55096049825417e-08
higher_energy_wide_swing,dop853_moderate,DOP853,1e-06,1e-08,0.6277128547579299,2.1330182577581387,-2.0321147392050123,2.133018390603483,-2.0321149176799453,1.3284534450264118e-07,1.784749330546731e-07,1.784749330546731e-07,-0.04939365075181501,0.9781965150286421,-0.049393642122950276,0.9781967872437658,8.628864733850605e-09,2.7221512366448763e-07,2.723518512113832e-07,2.7221512366448763e-07,21.98012481982664,6.420863591927173e-07,-6.420863591927173e-07,-2.9212133493292378e-08,21.9801273667249,1.9048119028752808e-06,1.9048119028752808e-06,8.666064741877498e-08
higher_energy_wide_swing,dop853_moderate,DOP853,1e-06,1e-08,0.6310517529215359,2.1266918457782547,-2.025832218059094,2.1266919806460054,-2.025832390657012,1.348677507451157e-07,1.7259791773582833e-07,1.7259791773582833e-07,-0.04881704292818656,0.9671987440342771,-0.04881703824261352,0.9671990136299986,4.68557304067474e-09,2.6959572152485123e-07,2.6963643607499456e-07,2.6959572152485123e-07,21.980124821931156,6.399818417435199e-07,-6.399818417435199e-07,-2.911638711309796e-08,21.980127410231326,1.9483183280044614e-06,1.9483183280044614e-06,8.86400003212217e-08
higher_energy_wide_swing,dop853_moderate,DOP853,1e-06,1e-08,0.6343906510851419,2.120296606401517,-2.0195222962702792,2.1202967447465704,-2.0195224599683597,1.3834505319110235e-07,1.6369808042426826e-07,1.6369808042426826e-07,-0.04821491771853803,0.9560791241154605,-0.04821491895560803,0.956079389586178,1.2370700019914693e-09,2.654707175198112e-07,2.654735998224178e-07,2.654707175198112e-07,21.980124823175125,6.387378732597426e-07,-6.387378732597426e-07,-2.905979196372391e-08,21.980127468515555,2.0066025570031343e-06,2.0066025570031343e-06,9.129167895243186e-08
higher_energy_wide_swing,dop853_moderate,DOP853,1e-06,1e-08,0.6377295492487479,2.1138320026032527,-2.013186168655716,2.1138321457288987,-2.0131863207370557,1.4312564600160727e-07,1.5208133952171465e-07,1.5208133952171465e-07,-0.04758717101363241,0.9448378042481043,-0.04758717986590555,0.9448380642248986,8.852273136739086e-09,2.5997679431455367e-07,2.601274616832279e-07,2.5997679431455367e-07,21.9801248231927,6.387202979851736e-07,-6.387202979851736e-07,-2.9058992365259403e-08,21.98012753701714,2.07510414185208e-06,2.07510414185208e-06,9.440820278518452e-08
higher_energy_wide_swing,dop853_moderate,DOP853,1e-06,1e-08,0.6410684474123539,2.1072974659756922,-2.006825054517295,2.107297614491125,-2.006825193434737,1.4851543284066793e-07,1.3891744199412415e-07,1.4851543284066793e-07,-0.046933728022561017,0.933474948016503,-0.04693374526270622,0.9334752015856289,1.7240145200325685e-08,2.535691259186734e-07,2.5415452824155696e-07,2.535691259186734e-07,21.980124822716373,6.391966245189451e-07,-6.391966245189451e-07,-2.908066314846748e-08,21.98012761038003,2.1484670327254207e-06,2.1484670327254207e-06,9.774589487436133e-08
higher_energy_wide_swing,dop853_moderate,DOP853,1e-06,1e-08,0.6444073455759599,2.100692395650995,-2.0004401989751783,2.100692549268924,-2.0004403247066316,1.5361792904400318e-07,1.2573145324878965e-07,1.5361792904400318e-07,-0.04625454480779634,0.9219907339590797,-0.04625457007994027,0.9219909808140196,2.5272143933108282e-08,2.46854939933705e-07,2.4814520472628287e-07,2.46854939933705e-07,21.980124822826852,6.390861457816754e-07,-6.390861457816754e-07,-2.9075636846981574e-08,21.98012768288934,2.2209763415048656e-06,2.2209763415048656e-06,1.0104475269503613e-07
higher_energy_wide_swing,dop853_moderate,DOP853,1e-06,1e-08,0.6477462437395659,2.0940161573221396,-1.9940328741623825,2.0940163149125444,-1.9940329881804302,1.5759040472573815e-07,1.1401804766997259e-07,1.5759040472573815e-07,-0.04554961005219982,0.9103853558637517,-0.04554964196692479,0.9103855963284855,3.191472497388048e-08,2.4046473379168987e-07,2.425733659486686e-07,2.4046473379168987e-07,21.980124824455217,6.374577807832793e-07,-6.374577807832793e-07,-2.90015533299781e-08,21.980127748990785,2.287077787599401e-06,2.287077787599401e-06,1.0405208066543718e-07
higher_energy_wide_swing,dop853_moderate,DOP853,1e-06,1e-08,0.651085141903172,2.087268082356964,-1.9876043802872738,2.0872682421799302,-1.9876044852551904,1.598229664168116e-07,1.0496791658098914e-07,1.598229664168116e-07,-0.04481894704530309,0.8986590230153637,-0.044818983472699525,0.898659257973291,3.64273964326145e-08,2.3495792733640997e-07,2.37764973932412e-07,2.3495792733640997e-07,21.980124828096535,6.338164624253295e-07,-6.338164624253295e-07,-2.8835889200159575e-08,21.98012780386565,2.341952651363499e-06,2.341952651363499e-06,1.0654864802394408e-07
higher_energy_wide_swing,dop853_moderate,DOP853,1e-06,1e-08,0.654424040066778,2.0804474670006403,-1.98115604657084,2.080447627048133,-1.9811561458664237,1.6004749259224127e-07,9.92955837553211e-08,1.6004749259224127e-07,-0.04406261587627602,0.8868119603978688,-0.04406265434619161,0.886812191157483,3.846991558642543e-08,2.3075961419483093e-07,2.3394429667887593e-07,2.3075961419483093e-07,21.980124833695406,6.282175917249333e-07,-6.282175917249333e-07,-2.8581164962570583e-08,21.980127844024423,2.3821114254474196e-06,2.3821114254474196e-06,1.0837569738057797e-07
higher_energy_wide_swing,dop853_moderate,DOP853,1e-06,1e-08,0.657762938230384,2.0735535716618614,-1.9746892320655942,2.0735537300451825,-1.9746893292235372,1.5838332112494413e-07,9.715794302422864e-08,1.5838332112494413e-07,-0.04328071582113702,0.8748444088541592,-0.043280753953937934,0.8748446369791234,3.81328009169124e-08,2.2812496425217432e-07,2.3129009883871962e-07,2.2812496425217432e-07,21.98012484066518,6.212478176337299e-07,-6.212478176337299e-07,-2.8264070590052985e-08,21.980127867870465,2.405957467033204e-06,2.405957467033204e-06,1.0946058843941677e-07
higher_energy_wide_swing,dop853_moderate,DOP853,1e-06,1e-08,0.66110183639399,2.066585620278026,-1.968205326362978,2.0665857756046244,-1.9682054245157985,1.553265982501273e-07,9.81528205379334e-08,1.553265982501273e-07,-0.04247338791191835,0.862756625206722,-0.04247342381669261,0.8627568523344455,3.590477426484995e-08,2.2712772351773935e-07,2.2994815851700242e-07,2.2712772351773935e-07,21.980124848004543,6.13908454738521e-07,-6.13908454738521e-07,-2.793016153626134e-08,21.980127876172887,2.414259888894321e-06,2.414259888894321e-06,1.0983831248268956e-07
higher_energy_wide_swing,dop853_moderate,DOP853,1e-06,1e-08,0.664440734557596,2.0595427997546984,-1.9617057501961201,2.059542951444897,-1.9617058515829833,1.516901986242658e-07,1.0138686312721745e-07,1.516901986242658e-07,-0.041640817675675845,0.8505488823425182,-0.041640850265811324,0.8505491100116753,3.2590135479182436e-08,2.2766915708238855e-07,2.299899172075958e-07,2.2766915708238855e-07,21.98012485447757,6.074354281793148e-07,-6.074354281793148e-07,-2.7635667013451518e-08,21.980127872373167,2.4104601692442884e-06,2.4104601692442884e-06,1.096654417838113e-07
higher_energy_wide_swing,dop853_moderate,DOP853,1e-06,1e-08,0.667779632721202,2.0524242594746323,-1.9551919559448143,2.0524244079757468,-1.9551920615468745,1.4850111451636394e-07,1.0560206020748808e-07,1.4850111451636394e-07,-0.04078323803146078,0.8382214692657708,-0.040783267219867025,0.8382216987694638,2.9188406247548926e-08,2.2950369304997054e-07,2.313523463958104e-07,2.2950369304997054e-07,21.980124858825917,6.030870807194333e-07,-6.030870807194333e-07,-2.743783613812661e-08,21.980127862634987,2.4007219892041576e-06,2.4007219892041576e-06,1.0922239699514505e-07
higher_energy_wide_swing,dop853_moderate,DOP853,1e-06,1e-08,0.671118530884808,2.045229110871634,-1.948665428049574,2.0452292577338596,-1.948665537399779,1.4686222549187278e-07,1.0935020489100111e-07,1.4686222549187278e-07,-0.03990093233358538,0.8257746911225922,-0.03990095908149505,0.8257749234000371,2.674790966494811e-08,2.3227744494480618e-07,2.338124506982716e-07,2.3227744494480618e-07,21.980124859984812,6.019281855174086e-07,-6.019281855174086e-07,-2.7385111452635943e-08,21.980127855529304,2.3936163060511717e-06,2.3936163060511717e-06,1.08899119352108e-07
higher_energy_wide_swing,dop853_moderate,DOP853,1e-06,1e-08,0.674457429048414,2.0379564270645525,-1.9421276833416288,2.03795657484991,-1.9421277945462236,1.47785357729191e-07,1.1120459486591017e-07,1.47785357729191e-07,-0.03899423754979314,0.8132088692016705,-0.0389942637540065,0.8132091047773992,2.6204213354752426e-08,2.3557572870203103e-07,2.3702865807963878e-07,2.3557572870203103e-07,21.98012485727771,6.046352893918083e-07,-6.046352893918083e-07,-2.750827289132248e-08,21.98012786122831,2.3993153135393186e-06,2.3993153135393186e-06,1.0915839937751197e-07
higher_energy_wide_swing,dop853_moderate,DOP853,1e-06,1e-08,0.6777963272120201,2.0306052425466707,-1.93558027129572,2.0306053945492017,-1.9355803812940024,1.5200253100644545e-07,1.0999828248259291e-07,1.5200253100644545e-07,-0.038063547563221056,0.8005243409154981,-0.038063575776826175,0.8005245798911206,2.8213605118843077e-08,2.3897562251296023e-07,2.406353167539189e-07,2.3897562251296023e-07,21.980124850567638,6.113453601130914e-07,-6.113453601130914e-07,-2.7813551891340482e-08,21.980127890061596,2.4281485977439843e-06,2.4281485977439843e-06,1.1047018825945568e-07
higher_energy_wide_swing,dop853_moderate,DOP853,1e-06,1e-08,0.6811352253756261,2.0231745529257927,-1.9290247742125584,2.0231747126880983,-1.9290248792907332,1.5976230560710292e-07,1.0507817482796611e-07,1.5976230560710292e-07,-0.0371093165873585,0.7877214597669244,-0.03710934957833345,0.7877217018665019,3.2990974951907504e-08,2.420995774965462e-07,2.44337082433845e-07,2.420995774965462e-07,21.98012484034661,6.21566389469308e-07,-6.21566389469308e-07,-2.8278564221407823e-08,21.980127950266255,2.488353256779874e-06,2.488353256779874e-06,1.1320923809519079e-07
higher_energy_wide_swing,dop853_moderate,DOP853,1e-06,1e-08,0.6844741235392321,2.0156633147102925,-1.9224628073378036,2.015663485328426,-1.922462903902095,1.7061813339935838e-07,9.656429145188383e-08,1.7061813339935838e-07,-0.03613206268353775,0.774800595306082,-0.03613210284417778,0.7748008399721431,4.016064003575792e-08,2.4466606107775846e-07,2.479402316111428e-07,2.4466606107775846e-07,21.980124827747183,6.341658149722207e-07,-6.341658149722207e-07,-2.885178321985007e-08,21.980128044739416,2.582826418517925e-06,2.582826418517925e-06,1.1750735558782083e-07
higher_energy_wide_swing,dop853_moderate,DOP853,1e-06,1e-08,0.6878130217028381,2.008070445136422,-1.9158960189244278,2.0080706283520393,-1.9158961045279086,1.8321561734424563e-07,8.56034807483752e-08,1.8321561734424563e-07,-0.03513237137085845,0.7617621330830493,-0.03513241999864436,0.7617623796162316,4.862778590908334e-08,2.465331823131578e-07,2.5128324962852644e-07,2.465331823131578e-07,21.980124814462997,6.474500011677264e-07,-6.474500011677264e-07,-2.9456155848137586e-08,21.980128166577384,2.7046643857886465e-06,2.7046643857886465e-06,1.23050452577046e-07
higher_energy_wide_swing,dop853_moderate,DOP853,1e-06,1e-08,0.6911519198664441,2.000394822032148,-1.9093260902453215,2.0003950171177403,-1.909326164852226,1.9508559212511045e-07,7.460690443217288e-08,1.9508559212511045e-07,-0.03411089931882472,0.748606474601885,-0.03411095579612067,0.7486067223331473,5.6477295951040674e-08,2.4773126228172515e-07,2.540875110461715e-07,2.4773126228172515e-07,21.980124802566422,6.593465755599937e-07,-6.593465755599937e-07,-2.999739818148466e-08,21.980128293159936,2.83124693822856e-06,2.83124693822856e-06,1.288094075320236e-07
higher_energy_wide_swing,dop853_moderate,DOP853,1e-06,1e-08,0.6944908180300501,1.9926352837128105,-1.9027547355630057,1.9926354861627318,-1.9027548030235968,2.02449921271608e-07,6.746059111328861e-08,2.02449921271608e-07,-0.033068378113386476,0.7353340372819905,-0.03306843901919587,0.7353342857622874,6.090580939588364e-08,2.484802968938382e-07,2.5583583713510057e-07,2.484802968938382e-07,21.980124794212475,6.677005224275945e-07,-6.677005224275945e-07,-3.037746638819606e-08,21.980128378511747,2.916598749180821e-06,2.916598749180821e-06,1.3269254328118746e-07
higher_energy_wide_swing,dop853_moderate,DOP853,1e-06,1e-08,0.6978297161936561,1.984790628903873,-1.8961837020633092,1.9847908360813702,-1.8961837651525284,2.0717749715792877e-07,6.308921918218857e-08,2.0717749715792877e-07,-0.0320056180874988,0.7219452544330325,-0.03200568126058312,0.7219455038871803,6.317308431924573e-08,2.494541477826573e-07,2.5732899259193154e-07,2.494541477826573e-07,21.980124791216483,6.706965152147859e-07,-6.706965152147859e-07,-3.051377101449962e-08,21.98012855094937,3.0890363724722647e-06,3.0890363724722647e-06,1.4053770429222184e-07
higher_energy_wide_swing,dop853_moderate,DOP853,1e-06,1e-08,0.7011686143572621,1.9768596166860586,-1.8896147697598729,1.9768598343537678,-1.8896148257567054,2.1766770919029454e-07,5.599683250423482e-08,2.1766770919029454e-07,-0.030923512207769677,0.7084405752499824,-0.030923580633709036,0.708440828392532,6.84259393590736e-08,2.531425495888584e-07,2.62227495868605e-07,2.531425495888584e-07,21.980124794490223,6.674227748248995e-07,-6.674227748248995e-07,-3.0364830081675595e-08,21.980129074653625,3.6127406275454632e-06,3.6127406275454632e-06,1.6436396752173202e-07
higher_energy_wide_swing,dop853_moderate,DOP853,1e-06,1e-08,0.7045075125208682,1.9688409664581448,-1.8830497513763405,1.9688411883501922,-1.8830498105243783,2.2189204740286073e-07,5.9148037800937914e-08,2.2189204740286073e-07,-0.02982304000922853,0.6948204648351217,-0.029823107847782748,0.6948207256676501,6.783855421854668e-08,2.6083252835373827e-07,2.69510068987907e-07,2.6083252835373827e-07,21.980124803314812,6.585981857654133e-07,-6.585981857654133e-07,-2.996334970456049e-08,21.980129544950046,4.083037048019378e-06,4.083037048019378e-06,1.8576040683181881e-07
higher_energy_wide_swing,dop853_moderate,DOP853,1e-06,1e-08,0.7078464106844742,1.9607333579127046,-1.8764904922130994,1.960733574567177,-1.8764905664616445,2.1665447236252078e-07,7.424854508997214e-08,2.1665447236252078e-07,-0.028705271570743873,0.681085404254172,-0.02870533158217725,0.681085675451287,6.001143337819315e-08,2.7119711498713173e-07,2.7775753331538797e-07,2.7119711498713173e-07,21.98012481441912,6.474938771816596e-07,-6.474938771816596e-07,-2.945815201572131e-08,21.98012976804351,4.306130513498374e-06,4.306130513498374e-06,1.9591018809060056e-07
higher_energy_wide_swing,dop853_moderate,DOP853,1e-06,1e-08,0.7111853088480802,1.9525354310200718,-1.8699388700054282,1.9525356387004944,-1.8699389617433837,2.0768042263696884e-07,9.173795545436292e-08,2.0768042263696884e-07,-0.02757137152412059,0.667235890634012,-0.027571421857091383,0.667236171029037,5.033297079126697e-08,2.8039502497634317e-07,2.8487677683545676e-07,2.8039502497634317e-07,21.9801248208179,6.410950987856268e-07,-6.410950987856268e-07,-2.9167035461035547e-08,21.980129728665887,4.266752888781866e-06,4.266752888781866e-06,1.9411867762880903e-07
higher_energy_wide_swing,dop853_moderate,DOP853,1e-06,1e-08,0.7145242070116862,1.944245794610214,-1.8633967817640165,1.9442459946573276,-1.8633968863179122,2.0004711354104643e-07,1.045538957633596e-07,2.0004711354104643e-07,-0.02642260998026713,0.6532724328491069,-0.026422652805477842,0.653272719217893,4.282521071097278e-08,2.863687861287545e-07,2.895532426710078e-07,2.863687861287545e-07,21.980124803495315,6.584176830415345e-07,-6.584176830415345e-07,-2.9955137616590765e-08,21.980129518383322,4.056470324087513e-06,4.056470324087513e-06,1.8455173657295703e-07
higher_energy_wide_swing,dop853_moderate,DOP853,1e-06,1e-08,0.7178631051752922,1.9358630315921237,-1.8568661361286711,1.935863224337489,-1.8568662514897978,1.9274536522395636e-07,1.1536112665133658e-07,1.9274536522395636e-07,-0.025260369830448215,0.6391955494203367,-0.025260406089733345,0.6391958401366512,3.625928512995813e-08,2.907163144660885e-07,2.929687888749948e-07,2.907163144660885e-07,21.98012477995625,6.819567488491884e-07,-6.819567488491884e-07,-3.1026062614195636e-08,21.98012927914541,3.8172324110519185e-06,3.8172324110519185e-06,1.7366745324845352e-07
higher_energy_wide_swing,dop853_moderate,DOP853,1e-06,1e-08,0.7212020033388982,1.9273856884772482,-1.8503488688083858,1.9273858781611328,-1.8503489885029196,1.8968388459938978e-07,1.1969453383997575e-07,1.8968388459938978e-07,-0.024086141674172,0.6250057739718222,-0.024086174862282705,0.6250060667710998,3.318811070407435e-08,2.9279927760139657e-07,2.946741720205651e-07,2.9279927760139657e-07,21.980124770948322,6.909646756980692e-07,-6.909646756980692e-07,-3.143588406241665e-08,21.980129160749968,3.6988369700452495e-06,3.6988369700452495e-06,1.682809762143791e-07
higher_energy_wide_swing,dop853_moderate,DOP853,1e-06,1e-08,0.7245409015025042,1.9188122819865285,-1.8438469322587574,1.918812476320423,-1.8438470461458611,1.9433389453205052e-07,1.138871037476008e-07,1.9433389453205052e-07,-0.022901532606887764,0.6107036519919107,-0.022901568169276798,0.6107039443436073,3.556238903357212e-08,2.9235169662911176e-07,2.945067028705719e-07,2.9235169662911176e-07,21.980124774583132,6.87329865911579e-07,-6.87329865911579e-07,-3.1270516044259126e-08,21.98012929081789,3.828904890923468e-06,3.828904890923468e-06,1.7419850025688738e-07
higher_energy_wide_swing,dop853_moderate,DOP853,1e-06,1e-08,0.7278797996661102,1.9101413015690996,-1.8373622918228762,1.9101415107325985,-1.8373623874017144,2.0916349896538122e-07,9.557883817734592e-08,2.0916349896538122e-07,-0.02170827125010999,0.5962897400586733,-0.021708315696872815,0.5962900294972834,4.444676282577831e-08,2.894386100793511e-07,2.9283139129942617e-07,2.894386100793511e-07,21.980124779509513,6.824034848307292e-07,-6.824034848307292e-07,-3.1046387156123974e-08,21.980129755804697,4.293891699092001e-06,4.293891699092001e-06,1.9535337532683446e-07
higher_energy_wide_swing,dop853_moderate,DOP853,1e-06,1e-08,0.7312186978297163,1.9013712123593953,-1.8308969211944097,1.901371447671897,-1.8308969851643824,2.3531250170627516e-07,6.396997265234461e-08,2.3531250170627516e-07,-0.020508212832279327,0.5817646049153764,-0.020508272759990565,0.5817648893053707,5.992771123786156e-08,2.8438999433166856e-07,2.906355096167277e-07,2.8438999433166856e-07,21.980124773681517,6.882314806944123e-07,-6.882314806944123e-07,-3.131153559095806e-08,21.980130591521913,5.129608915410699e-06,5.129608915410699e-06,2.333748696884942e-07
higher_energy_wide_swing,dop853_moderate,DOP853,1e-06,1e-08,0.7345575959933223,1.8925004585874512,-1.8244527971802729,1.8925007310577864,-1.8244528170434657,2.724703351830726e-07,1.986319286828575e-08,2.724703351830726e-07,-0.01930334426787017,0.5671288223972136,-0.01930342543401986,0.5671291001168546,8.116614969022606e-08,2.7771964095091306e-07,2.8933742036840007e-07,2.7771964095091306e-07,21.980124749433024,7.124799736857312e-07,-7.124799736857312e-07,-3.241473643634616e-08,21.98013178160354,6.319690541545242e-06,6.319690541545242e-06,2.875184016804616e-07
higher_energy_wide_swing,dop853_moderate,DOP853,1e-06,1e-08,0.7378964941569283,1.8835274674510898,-1.818031893749634,1.8835277863769515,-1.8180318592798108,3.1892586171977655e-07,3.4469823217975204e-08,3.1892586171977655e-07,-0.018095789174819465,0.5523829762142014,-0.01809589573071535,0.5523832462494548,1.0655589588459691e-07,2.700352533802075e-07,2.902984619592083e-07,3.034569407422971e-07,21.980124705595,7.5631799845155e-07,-7.5631799845155e-07,-3.440917567836873e-08,21.98013326233407,7.800421073511643e-06,7.800421073511643e-06,3.5488519330920816e-07
higher_energy_wide_swing,dop853_moderate,DOP853,1e-06,1e-08,0.7412353923205343,1.8744506534586902,-1.8116361753560013,1.8744510252164979,-1.8116360797938103,3.717578076489758e-07,9.556219104922548e-08,3.717578076489758e-07,-0.016887812767981236,0.5375276565953563,-0.0168879467204317,0.5375279185412165,1.339524504651024e-07,2.61945860224877e-07,2.9420892691173817e-07,3.5474993620443485e-07,21.980124647380553,8.145324450481439e-07,-8.145324450481439e-07,-3.705767951413925e-08,21.980134932256842,9.47034384424228e-06,9.47034384424228e-06,4.3085940799803086e-07
higher_energy_wide_swing,dop853_moderate,DOP853,1e-06,1e-08,0.7445742904841403,1.8652684232512253,-1.8052675895191386,1.8652688503858175,-1.8052674303885357,4.2713459214027694e-07,1.5913060291694592e-07,4.2713459214027694e-07,-0.01568182656396855,0.5225634587993273,-0.015681987503942008,0.5225637127717286,1.6093997345922872e-07,2.539724013317368e-07,3.006720068367956e-07,4.0874876716667785e-07,21.980124584738007,8.771749904212811e-07,-8.771749904212811e-07,-3.9907642562879976e-08,21.98013666500796,1.120309496371874e-05,1.120309496371874e-05,5.096920389800041e-07
higher_energy_wide_swing,dop853_moderate,DOP853,1e-06,1e-08,0.7479131886477463,1.8559791809122637,-1.7989280586535568,1.8559796616045707,-1.7989278381297877,4.806923070699298e-07,2.20523769023373e-07,4.806923070699298e-07,-0.014480392830435007,0.507490981496569,-0.014480577938321915,0.5074912279636496,1.8510788690750957e-07,2.4646708063347234e-07,3.0823846552847667e-07,4.612772208090199e-07,21.980124529830874,9.32082123483724e-07,-9.32082123483724e-07,-4.2405678033950675e-08,21.980138323874293,1.2861961295129731e-05,1.2861961295129731e-05,5.851632338230664e-07
higher_energy_wide_swing,dop853_moderate,DOP853,1e-06,1e-08,0.7512520868113522,1.8465813337746246,-1.7926194711303274,1.8465818617342387,-1.7926191959251476,5.279596140272957e-07,2.752051797560995e-07,5.279596140272957e-07,-0.013286228710574388,0.49231082502783485,-0.013286433022790645,0.49231106457463225,2.0431221625649698e-07,2.395467973981269e-07,3.148430559109425e-07,5.080088981701536e-07,21.980124494244844,9.676681536063825e-07,-9.676681536063825e-07,-4.40246874515412e-08,21.98013977665709,1.4314744092303044e-05,1.4314744092303044e-05,6.512585252121299e-07
higher_energy_wide_swing,dop853_moderate,DOP853,1e-06,1e-08,0.7545909849749582,1.8370732987323803,-1.786343671558968,1.8370738635306965,-1.7863433523241115,5.647983161161108e-07,3.1923485654949957e-07,5.647983161161108e-07,-0.012102209951361909,0.47702358954327606,-0.012102426851948067,0.4770238225889072,2.1690058615853047e-07,2.3304563112613863e-07,3.1836477578855105e-07,5.448932358098624e-07,21.980124486444588,9.754684100471422e-07,-9.754684100471422e-07,-4.437956515477707e-08,21.980140909537717,1.5447624718945008e-05,1.5447624718945008e-05,7.027996607986856e-07
higher_energy_wide_swing,dop853_moderate,DOP853,1e-06,1e-08,0.7579298831385642,1.827453509066895,-1.7801024502761424,1.8274540968952595,-1.7801021005613964,5.878283644289439e-07,3.4971474605072217e-07,5.878283644289439e-07,-0.010931374161839646,0.46162987302567277,-0.010931596045542724,0.4616300995167104,2.2188370307762995e-07,2.2649103764704748e-07,3.170655576152637e-07,5.685733855953501e-07,21.980124509905945,9.520070527457847e-07,-9.520070527457847e-07,-4.331217555584092e-08,21.98014163879122,1.6176878222751156e-05,1.6176878222751156e-05,7.3597751981818e-07
higher_energy_wide_swing,dop853_moderate,DOP853,1e-06,1e-08,0.7612687813021703,1.8177204217955953,-1.773897532027928,1.8177210166016566,-1.7738971668654973,5.948060612936956e-07,3.651624307376977e-07,5.948060612936956e-07,-0.009776923525545045,0.44613026920032267,-0.009777142565737584,0.44613048830837093,2.1904019253948803e-07,2.191080482605301e-07,3.0981759595006023e-07,5.767648531274094e-07,21.98012456223225,8.99680749455456e-07,-8.99680749455456e-07,-4.093155660164071e-08,21.98014191937861,1.6457465612518263e-05,1.6457465612518263e-05,7.487430242850816e-07
higher_energy_wide_swing,dop853_moderate,DOP853,1e-06,1e-08,0.7646076794657763,1.8078725255521617,-1.7677305638323924,1.807873110476382,-1.7677301980545803,5.849242203925797e-07,3.657778120391697e-07,5.849242203925797e-07,-0.0086422268889923,0.4305253653328015,-0.008642435834798623,0.43052557518823753,2.0894580632369042e-07,2.0985543602858314e-07,2.961378969517476e-07,5.685631579988026e-07,21.980124635426016,8.264869819640808e-07,-8.264869819640808e-07,-3.7601558889925875e-08,21.980141749670228,1.628775723006015e-05,1.628775723006015e-05,7.410220318479737e-07
higher_energy_wide_swing,dop853_moderate,DOP853,1e-06,1e-08,0.7679465776293823,1.7979083490068306,-1.761603102009229,1.797908908009877,-1.7616027484417969,5.590030462965245e-07,3.5356743222081377e-07,5.590030462965245e-07,-0.007530821145931954,0.4148157399141928,-0.007531014068196784,0.41481593741166967,1.9292226483003105e-07,1.974974768725879e-07,2.7608740217218717e-07,5.446482196913571e-07,21.980124717330987,7.445820102702783e-07,-7.445820102702783e-07,-3.3875239318378076e-08,21.980141171810693,1.5709897695614927e-05,1.5709897695614927e-05,7.147319392164947e-07
higher_energy_wide_swing,dop853_moderate,DOP853,1e-06,1e-08,0.7712854757929883,1.787826469835506,-1.7555165983632004,1.787826989375994,-1.7555162660721015,5.195404879643206e-07,3.3229109885901664e-07,5.195404879643206e-07,-0.0064464118349362165,0.3990019602314429,-0.006446584740297356,0.39900214094607195,1.7290536113989674e-07,1.8071462903890279e-07,2.50108058765779e-07,5.073526912757753e-07,21.980124794085533,6.678274644400517e-07,-6.678274644400517e-07,-3.038324169701662e-08,21.980140267528576,1.48056155779841e-05,1.48056155779841e-05,6.735910403987076e-07
higher_energy_wide_swing,dop853_moderate,DOP853,1e-06,1e-08,0.7746243739565943,1.7776255242463637,-1.7494723855081322,1.7776259948371997,-1.7494720783126592,4.7059083607692287e-07,3.071954730593518e-07,4.7059083607692287e-07,-0.005392872865657039,0.3830845798181596,-0.00539302410206588,0.38308473807437704,1.5123640884073808e-07,1.5825621746401453e-07,2.189006206593767e-07,4.60561102477719e-07,21.980124853240056,6.086729413823377e-07,-6.086729413823377e-07,-2.7691968475659604e-08,21.98013914951891,1.3687605910917e-05,1.3687605910917e-05,6.227264687198799e-07
higher_energy_wide_swing,dop853_moderate,DOP853,1e-06,1e-08,0.7779632721202003,1.7673042170726474,-1.7434716613182082,1.7673046345129626,-1.7434713768189218,4.174403152035211e-07,2.844992863515472e-07,4.174403152035211e-07,-0.004374245286883238,0.3670641357784906,-0.004374375672567821,0.36706426491649274,1.3038568458245692e-07,1.291380021251065e-07,1.8351307947091935e-07,4.094063987269969e-07,21.98012488699239,5.749206088978553e-07,-5.749206088978553e-07,-2.615638431609836e-08,21.980137948877964,1.2486964966029745e-05,1.2486964966029745e-05,5.681025337033252e-07
higher_energy_wide_swing,dop853_moderate,DOP853,1e-06,1e-08,0.7813021702838063,1.756861332440342,-1.7375154724933133,1.7568616984887806,-1.7375152018984639,3.660484386713847e-07,2.7059484941638345e-07,3.660484386713847e-07,-0.0033947350072649485,0.3509411459736154,-0.0033948476284320073,0.35094123886103934,1.1262116705879066e-07,9.2887423919219e-08,1.459849334418889e-07,3.5973035303338285e-07,21.980124894792347,5.671206508850446e-07,-5.671206508850446e-07,-2.5801520190034728e-08,21.980136799441585,1.1337528587063161e-05,1.1337528587063161e-05,5.158081834750556e-07
higher_energy_wide_swing,dop853_moderate,DOP853,1e-06,1e-08,0.7846410684474123,1.7462957450194214,-1.7316046972251689,1.746296067243304,-1.7316044262946553,3.2222388268721147e-07,2.709305135795148e-07,3.2222388268721147e-07,-0.0024587093772517887,0.33471610605686963,-0.0024588090178906397,0.33471615589619075,9.964063885092855e-08,4.983932111457534e-08,1.1141012000614185e-07,3.172743418544677e-07,21.980124884367065,5.775459328560828e-07,-5.775459328560828e-07,-2.6275825124695042e-08,21.98013582026141,1.0358348411898533e-05,1.0358348411898533e-05,4.712597491696489e-07
higher_energy_wide_swing,dop853_moderate,DOP853,1e-06,1e-08,0.7879799666110184,1.7356064318673583,-1.7257400269510124,1.7356067223710006,-1.7257397384122581,2.9050364225291503e-07,2.885387542228557e-07,2.9050364225291503e-07,-0.0015706925384001424,0.3183894863395866,-0.001570784728475716,0.31838948782463045,9.219007557348391e-08,1.4850438656566212e-09,9.220203571249172e-08,2.8656717393493736e-07,21.98012487003173,5.918812675531626e-07,-5.918812675531626e-07,-2.692802043276642e-08,21.98013509783517,9.63592217217979e-06,9.63592217217979e-06,4.383925009380336e-07
higher_energy_wide_swing,dop853_moderate,DOP853,1e-06,1e-08,0.7913188647746244,1.7247924848735916,-1.7199219471815639,1.72479275757782,-1.719921625007032,2.7270422831016106e-07,3.2217453194149925e-07,3.2217453194149925e-07,-0.0007353594437122801,0.3019617284653693,-0.0007354491399146346,0.30196167934356943,8.969620235443898e-08,4.9121799849949355e-08,1.0226612311663598e-07,2.694770424582771e-07,21.98012486698744,5.949255594828173e-07,-5.949255594828173e-07,-2.70665224597421e-08,21.980134670075962,9.208162964569055e-06,9.208162964569055e-06,4.189313195925516e-07
higher_energy_wide_swing,dop853_moderate,DOP853,1e-06,1e-08,0.7946577629382304,1.7138531238136379,-1.7141507173900288,1.7138533899273054,-1.7141503533614295,2.661136675463638e-07,3.640285992645431e-07,3.640285992645431e-07,4.247154994729829e-05,0.2854332418656958,4.238160378255973e-05,0.28543314496642946,8.994616473856354e-08,9.689926633305035e-08,1.3221112043644527e-07,2.6339526229546273e-07,21.980124880181336,5.817316619527446e-07,-5.817316619527446e-07,-2.6466257572585973e-08,21.980134514342403,9.052429405187468e-06,9.052429405187468e-06,4.118461207545631e-07
higher_energy_wide_swing,dop853_moderate,DOP853,1e-06,1e-08,0.7979966611018364,1.7027877101808315,-1.708426349604353,1.7027879713146086,-1.7084259529684664,2.611337770463962e-07,3.96635886579233e-07,3.96635886579233e-07,0.000757847550845292,0.2688043997811703,0.0007577587666425245,0.26880426575826266,8.878420276747789e-08,1.3402290766073577e-07,1.6076310036477504e-07,2.588623726207384e-07,21.980124893908922,5.680040757738425e-07,-5.680040757738425e-07,-2.5841712175759682e-08,21.980134542141037,9.080228039692884e-06,9.080228039692884e-06,4.1311083758038765e-07
higher_energy_wide_swing,dop853_moderate,DOP853,1e-06,1e-08,0.8013355592654424,1.6915957526338405,-1.7027485968055893,1.69159600014586,-1.7027481967458533,2.4751201954664737e-07,4.0005973600543143e-07,4.0005973600543143e-07,0.0014056941610524065,0.2520755367259472,0.0014056116987203326,0.25207538585225164,8.246233207387377e-08,1.5087369553690166e-07,1.7193867574232255e-07,2.4570830110814956e-07,21.980124958159482,5.037535153462613e-07,-5.037535153462613e-07,-2.291859144385512e-08,21.98013460333253,9.14141953245462e-06,9.14141953245462e-06,4.158947840536582e-07
higher_energy_wide_swing,dop853_moderate,DOP853,1e-06,1e-08,0.8046744574290484,1.6802769023714068,-1.6971169604422633,1.6802771332003437,-1.6971165818024667,2.3082893685355543e-07,3.7863979662766667e-07,3.7863979662766667e-07,0.0019808330024869703,0.23524695488565545,0.001980760078782895,0.2352468087097517,7.292370407530058e-08,1.4617590374244038e-07,1.6335624093061521e-07,2.2944695772519896e-07,21.98012501354637,4.483666273813469e-07,-4.483666273813469e-07,-2.039872921372871e-08,21.980134502803413,9.040890414979685e-06,9.040890414979685e-06,4.1132114694457385e-07
higher_energy_wide_swing,dop853_moderate,DOP853,1e-06,1e-08,0.8080133555926544,1.6688309883062376,-1.6915306379961024,1.6688311976529318,-1.691530309779249,2.0934669420213936e-07,3.282168534735064e-07,3.282168534735064e-07,0.0024779877997684885,0.21831891056750635,0.00247792777859257,0.21831879308141683,6.002117591830114e-08,1.1748608952366624e-07,1.3192999200401162e-07,2.083415034381808e-07,21.980125030211475,4.3170152252969274e-07,-4.3170152252969274e-07,-1.9640539508190796e-08,21.980134032584434,8.570671436558541e-06,8.570671436558541e-06,3.899282309106806e-07
higher_energy_wide_swing,dop853_moderate,DOP853,1e-06,1e-08,0.8113522537562604,1.6572580278492668,-1.6859885051427268,1.6572582032342313,-1.685988266786619,1.7538496455138386e-07,2.3835610774014526e-07,2.3835610774014526e-07,0.0028918009450019655,0.20129161066860993,0.002891758403741118,0.20129154862196832,4.254126084735077e-08,6.204664160236462e-08,7.522994489307182e-08,1.7472981533872556e-07,21.980125024694352,4.3721864528833976e-07,-4.3721864528833976e-07,-1.9891544570386965e-08,21.980133022283304,7.560370306691766e-06,7.560370306691766e-06,3.4396392867694595e-07
higher_energy_wide_swing,dop853_moderate,DOP853,1e-06,1e-08,0.8146911519198665,1.6455582329268985,-1.680489105450758,1.645558354505892,-1.680489002960476,1.2157899353937296e-07,1.0249028203901389e-07,1.2157899353937296e-07,0.003216852865151054,0.18416521174116282,0.003216832564224892,0.18416523110624752,2.0300926162342137e-08,1.9365084702460678e-08,2.8055910403733898e-08,1.2123937789820793e-07,21.980125025306652,4.3660634574393953e-07,-4.3660634574393953e-07,-1.9863687607265383e-08,21.980131410434186,5.948521188514633e-06,5.948521188514633e-06,2.7063181230799557e-07
higher_energy_wide_swing,dop853_moderate,DOP853,1e-06,1e-08,0.8180300500834725,1.6337320161723945,-1.6750306397938284,1.6337320632285353,-1.675030711658883,4.7056140761725374e-08,7.186505457390524e-08,7.186505457390524e-08,0.0034476824087407154,0.16693981875143532,0.003447686926433713,0.16693993718942263,4.5176929974743985e-09,1.1843798730648558e-07,1.1852411732314512e-07,1.1843798730648558e-07,21.980125052623773,4.092892247342661e-07,-4.092892247342661e-07,-1.86208775488329e-08,21.98012933893318,3.8770201840065965e-06,3.8770201840065965e-06,1.7638753658274923e-07
higher_energy_wide_swing,dop853_moderate,DOP853,1e-06,1e-08,0.8213689482470785,1.6217799970139533,-1.6696109558862007,1.6217799607997443,-1.6696112083215116,3.6214208964935324e-08,2.524353108768196e-07,2.524353108768196e-07,0.003578808347685647,0.14961548361288676,0.0035788350969775395,0.14961569864961327,2.674929189261377e-08,2.150367265085773e-07,2.1669406628766033e-07,2.150367265085773e-07,21.980125111492903,3.5042009471908386e-07,-3.5042009471908386e-07,-1.594258846821822e-08,21.98012727211434,1.8102013434884157e-06,1.8102013434884157e-06,8.235627893139734e-08
higher_energy_wide_swing,dop853_moderate,DOP853,1e-06,1e-08,0.8247078464106845,1.6097030073820262,-1.6642275383527043,1.6097029107395815,-1.6642279090139325,9.66424447135239e-08,3.706612281551003e-07,3.706612281551003e-07,0.003604752047749904,0.1321922035717043,0.003604790387866319,0.1321924760469703,3.8340116415014336e-08,2.724752659888363e-07,2.7515947212917086e-07,2.724752659888363e-07,21.980125191166643,2.707463551132605e-07,-2.707463551132605e-07,-1.2317780241173229e-08,21.980126141218825,6.793058275889052e-07,6.793058275889052e-07,3.090545723981428e-08
higher_energy_wide_swing,dop853_moderate,DOP853,1e-06,1e-08,0.8280467445742905,1.5975020967584155,-1.658877499743697,1.597501969288865,-1.6588778971240432,1.2746955047049369e-07,3.973803461843062e-07,3.973803461843062e-07,0.003520061318206591,0.11466991952226933,0.0035200996785305083,0.11467018793801047,3.8360323917352446e-08,2.684157411336763e-07,2.711429964785831e-07,2.684157411336763e-07,21.98012527046746,1.9144553675687348e-07,-1.9144553675687348e-07,-8.709938307158843e-09,21.980126452570058,9.906570603845921e-07,9.906570603845921e-07,4.5070582608875254e-08
higher_energy_wide_swing,dop853_moderate,DOP853,1e-06,1e-08,0.8313856427378965,1.585178536289695,-1.6535575729057577,1.5851783768526504,-1.6535579797206186,1.594370446778015e-07,4.068148609093214e-07,4.068148609093214e-07,0.003319335407624746,0.09704851433074513,0.0033193713307555495,0.09704876033261502,3.59231308033614e-08,2.460018698885458e-07,2.486109235640631e-07,2.460018698885458e-07,21.980125325266897,1.3664610065688976e-07,-1.3664610065688976e-07,-6.216802578932915e-09,21.980126968151353,1.5062383553754444e-06,1.5062383553754444e-06,6.852728652461258e-08
higher_energy_wide_swing,dop853_moderate,DOP853,1e-06,1e-08,0.8347245409015025,1.5727338216875053,-1.648264105118818,1.5727336411530428,-1.6482645133947196,1.8053446249055582e-07,4.08275901531141e-07,4.08275901531141e-07,0.0029972510683311526,0.07932781124741713,0.00299728301478408,0.07932803776471685,3.194645292747822e-08,2.265172997228948e-07,2.2875896250944867e-07,2.265172997228948e-07,21.980125336020034,1.258929636094308e-07,-1.258929636094308e-07,-5.727581665881627e-09,21.98012718687004,1.7249570412047888e-06,1.7249570412047888e-06,7.847803435852912e-08
higher_energy_wide_swing,dop853_moderate,DOP853,1e-06,1e-08,0.8380634390651085,1.5601696746382594,-1.6429930544104423,1.5601694917263367,-1.6429934536705169,1.8291192271924217e-07,3.9926007455726165e-07,3.9926007455726165e-07,0.0025485895668949654,0.06150757249279715,0.002548616423489025,0.06150778781117783,2.685659405976537e-08,2.1531838068078457e-07,2.1698682380155318e-07,2.1531838068078457e-07,21.980125293618247,1.682947505798893e-07,-1.682947505798893e-07,-7.656678342055381e-09,21.98012702854496,1.5666319619356273e-06,1.5666319619356273e-06,7.127493264996488e-08
higher_energy_wide_swing,dop853_moderate,DOP853,1e-06,1e-08,0.8414023372287146,1.5474880424448114,-1.6377399884579598,1.5474878806513537,-1.637740358626731,1.6179345774247622e-07,3.70168771191004e-07,3.70168771191004e-07,0.0019682644718805875,0.04358749810908302,0.0019682854630977964,0.043587705699202034,2.0991217208887747e-08,2.0759011901128055e-07,2.086487208468538e-07,2.0759011901128055e-07,21.980125202397243,2.5951575466365284e-07,-2.5951575466365284e-07,-1.1806836822352986e-08,21.980126648301308,1.1863883102591899e-06,1.1863883102591899e-06,5.397550220152087e-08
higher_energy_wide_swing,dop853_moderate,DOP853,1e-06,1e-08,0.8447412353923206,1.5346910956226294,-1.632500086489161,1.5346909803243138,-1.6325003957067374,1.152983155616738e-07,3.092175764329852e-07,3.092175764329852e-07,0.0012513500029731617,0.025567225177508333,0.0012513649088283785,0.025567418583445432,1.490585521679577e-08,1.9340593709893383e-07,1.9397948609288776e-07,1.9340593709893383e-07,21.98012507974213,3.821708673967805e-07,-3.821708673967805e-07,-1.7387110372004176e-08,21.980126295597742,8.336847443501938e-07,8.336847443501938e-07,3.792902573712769e-08
higher_energy_wide_swing,dop853_moderate,DOP853,1e-06,1e-08,0.8480801335559266,1.5217812231730146,-1.6272681445922599,1.5217811781677204,-1.6272683519530937,4.500529415807364e-08,2.0736083383710024e-07,2.0736083383710024e-07,0.00039310967728589663,0.0074463275135884105,0.0003931191760706554,0.007446489592622417,9.498784758754653e-09,1.6207903400650148e-07,1.6235713774384485e-07,1.6207903400650148e-07,21.980124952343434,5.095695634338426e-07,-5.095695634338426e-07,-2.3183196306901027e-08,21.9801262123206,7.504076009468008e-07,7.504076009468008e-07,3.414027832766932e-08
higher_energy_wide_swing,dop853_moderate,DOP853,1e-06,1e-08,0.8514190317195326,1.5087610252559167,-1.6220385848458345,1.5087610684913788,-1.622038647428832,4.323546209938911e-08,6.258299745098839e-08,6.258299745098839e-08,-0.0006109750609790687,-0.010775684033576004,-0.0006109691750821877,-0.010775578380429307,5.885896880997166e-09,1.0565314669669368e-07,1.0581697023165427e-07,1.0565314669669368e-07,21.98012484975039,6.121626086041942e-07,-6.121626086041942e-07,-2.7850733139123577e-08,21.980126567440813,1.1055278150706727e-06,1.1055278150706727e-06,5.0296701762977796e-08
higher_energy_wide_swing,dop853_moderate,DOP853,1e-06,1e-08,0.8547579298831386,1.4956333029848874,-1.6168054686794526,1.4956334417236568,-1.6168053515878618,1.3873876936187912e-07,1.1709159086770171e-07,1.3873876936187912e-07,-0.0017651765924922014,-0.02909936053492411,-0.00176517155966871,-0.029099339155551414,5.032823491291083e-09,2.1379372695806698e-08,2.196376309198167e-08,1.3834705359094812e-07,21.980124796412223,6.655007744882369e-07,-6.655007744882369e-07,-3.027738743536345e-08,21.980127424457308,1.9625443101745077e-06,1.9625443101745077e-06,8.928722056546903e-08
higher_energy_wide_swing,dop853_moderate,DOP853,1e-06,1e-08,0.8580968280467446,1.4824010450667164,-1.6115625148756851,1.482401271231101,-1.611562202356829,2.2616438455358434e-07,3.12518856127042e-07,3.12518856127042e-07,-0.0030734936742310426,-0.04752531302535756,-0.0030734864450422394,-0.04752540000319814,7.229188803137276e-09,8.697784057570823e-08,8.727775158632766e-08,2.2528136875421545e-07,21.980124803865692,6.580473055350922e-07,-6.580473055350922e-07,-2.993828705279011e-08,21.980128736729426,3.274816428699978e-06,3.274816428699978e-06,1.4898988790462348e-07
higher_energy_wide_swing,dop853_moderate,DOP853,1e-06,1e-08,0.8614357262103506,1.4690674110082957,-1.6063031226242224,1.4690676979445223,-1.6063026276907775,2.8693622655673323e-07,4.949334448944853e-07,4.949334448944853e-07,-0.004539625263058844,-0.06605420945299689,-0.0045396136933948394,-0.06605441862169767,1.1569664004618119e-08,2.0916870077658523e-07,2.0948843049138634e-07,2.854527918760841e-07,21.980124865090747,5.968222502872322e-07,-5.968222502872322e-07,-2.7152813632542796e-08,21.98013036488444,4.9029714439541294e-06,4.9029714439541294e-06,2.2306385158947173e-07
higher_energy_wide_swing,dop853_moderate,DOP853,1e-06,1e-08,0.8647746243739566,1.4556357106132554,-1.6010204000387933,1.4556360130096653,-1.601019769364954,3.023964099124754e-07,6.306738393746514e-07,6.306738393746514e-07,-0.006166946141128338,-0.08468677032390322,-0.006166930452370156,-0.08468710031626739,1.5688758181475748e-08,3.299923641703062e-07,3.3036509734532307e-07,3.299923641703062e-07,21.980124953291803,5.086211949389963e-07,-5.086211949389963e-07,-2.314004966988616e-08,21.980132109831203,6.647918205260339e-06,6.647918205260339e-06,3.0245133117096187e-07
higher_energy_wide_swing,dop853_moderate,DOP853,1e-06,1e-08,0.8681135225375626,1.442109379490918,-1.5957071985476006,1.4421096386805712,-1.5957065087651068,2.591896530734772e-07,6.897824937901476e-07,6.897824937901476e-07,-0.007958484932231835,-0.1034237628050557,-0.007958468850991829,-0.10342419532705938,1.608124000629374e-08,4.325220036710542e-07,4.328208520158929e-07,4.325220036710542e-07,21.98012502745068,4.344623185659202e-07,-4.344623185659202e-07,-1.97661437064476e-08,21.980133754562186,8.292649187779944e-06,8.292649187779944e-06,3.772794291893095e-07
higher_energy_wide_swing,dop853_moderate,DOP853,1e-06,1e-08,0.8714524207011687,1.4284919503001137,-1.5903561535679749,1.4284921076737516,-1.5903554944386205,1.5737363789902759e-07,6.591293544300214e-07,6.591293544300214e-07,-0.009916905160339273,-0.12226599301890904,-0.009916895732319242,-0.12226649623930802,9.428020031343465e-09,5.032203989757678e-07,5.033087099455386e-07,5.032203989757678e-07,21.980125046923888,4.1498910974269165e-07,-4.1498910974269165e-07,-1.8880197497588526e-08,21.98013510792108,9.64600808117666e-06,9.64600808117666e-06,4.3885136588010807e-07
higher_energy_wide_swing,dop853_moderate,DOP853,1e-06,1e-08,0.8747913188647747,1.414787019450402,-1.5849597318759596,1.4147870412012833,-1.584959171168832,2.1750881318283177e-08,5.607071276170217e-07,5.607071276170217e-07,-0.012044490066603242,-0.14121429623154585,-0.012044494628111302,-0.14121483539571564,4.561508060163533e-09,5.391641697827243e-07,5.39183465374521e-07,5.391641697827243e-07,21.98012499711644,4.647965567983192e-07,-4.647965567983192e-07,-2.1146219461017878e-08,21.980136043877472,1.0581964474454253e-05,1.0581964474454253e-05,4.814333063198663e-07
higher_energy_wide_swing,dop853_moderate,DOP853,1e-06,1e-08,0.8781302170283807,1.4009982089832456,-1.579510286081529,1.4009981259009376,-1.5795098103348741,8.308230792231086e-08,4.7574665495986324e-07,4.7574665495986324e-07,-0.01434313196928183,-0.16026952460375338,-0.014343150154285222,-0.16027008221983946,1.818500339201279e-08,5.576160860831791e-07,5.579125323983062e-07,5.576160860831791e-07,21.980124927854142,5.34058855805597e-07,-5.34058855805597e-07,-2.4297352475581192e-08,21.98013653059256,1.1068679562242778e-05,1.1068679562242778e-05,5.035767235006236e-07
higher_energy_wide_swing,dop853_moderate,DOP853,1e-06,1e-08,0.8814691151919867,1.3871291832289478,-1.5740000268389924,1.3871290898814577,-1.5739995413193901,9.334749018208299e-08,4.85519602300144e-07,4.85519602300144e-07,-0.01681431637510833,-0.17943256305517005,-0.016814334979087464,-0.17943314034971725,1.8603979135001225e-08,5.772945471937962e-07,5.775942366915946e-07,5.772945471937962e-07,21.98012486897007,5.929429285345122e-07,-5.929429285345122e-07,-2.6976321384605354e-08,21.98013664467785,1.1182764851014326e-05,1.1182764851014326e-05,5.087671073757854e-07
higher_energy_wide_swing,dop853_moderate,DOP853,1e-06,1e-08,0.8848080133555927,1.373183775159322,-1.5684208306639307,1.3731836781010989,-1.5684203837264667,9.705822323624602e-08,4.4693746392709954e-07,4.4693746392709954e-07,-0.019459081495039388,-0.1987044023680621,-0.019459099488581932,-0.19870494447354933,1.7993542544836316e-08,5.42105487222333e-07,5.424040254735172e-07,5.42105487222333e-07,21.980124756851925,7.050610726366813e-07,-7.050610726366813e-07,-3.207720874288939e-08,21.980136567520045,1.110560704731256e-05,1.110560704731256e-05,5.052567632771831e-07
higher_energy_wide_swing,dop853_moderate,DOP853,1e-06,1e-08,0.8881469115191987,1.3591657572417306,-1.5627645801966936,1.3591656272975419,-1.5627642801721287,1.2994418874257008e-07,3.00024564969803e-07,3.00024564969803e-07,-0.02227803936067263,-0.21808602969419535,-0.02227806424628509,-0.21808645675417682,2.488561245961307e-08,4.2705998146153057e-07,4.277844334164263e-07,4.2705998146153057e-07,21.980124691256176,7.706568219134624e-07,-7.706568219134624e-07,-3.5061529710048786e-08,21.980136562335474,1.1100422476317817e-05,1.1100422476317817e-05,5.050208878722075e-07
higher_energy_wide_swing,dop853_moderate,DOP853,1e-06,1e-08,0.8914858096828047,1.3450788326897212,-1.5570231735090714,1.3450786406872939,-1.5570231294097416,1.9200242729056072e-07,4.4099329743474414e-08,1.9200242729056072e-07,-0.025271372951583992,-0.23757843149931918,-0.025271415315473722,-0.23757866272651326,4.2363889729557513e-08,2.312271940863031e-07,2.3507597588448503e-07,2.312271940863031e-07,21.980124674639317,7.872736809133585e-07,-7.872736809133585e-07,-3.581752443940962e-08,21.980136932675855,1.1470762856902184e-05,1.1470762856902184e-05,5.218697626079814e-07
higher_energy_wide_swing,dop853_moderate,DOP853,1e-06,1e-08,0.8948247078464107,1.3309266290508164,-1.5511885298884558,1.33092636265269,-1.551188819552666,2.663981264472426e-07,2.896642101735125e-07,2.896642101735125e-07,-0.028438833514684125,-0.2571825973898717,-0.028438902483806205,-0.25718256655219907,6.896912208009809e-08,3.083767263767356e-08,7.554933390975591e-08,2.587708572143743e-07,21.980124674548506,7.873644918277023e-07,-7.873644918277023e-07,-3.5821655940592415e-08,21.980137965373615,1.2503460617097062e-05,1.2503460617097062e-05,5.688530139995319e-07
higher_energy_wide_swing,dop853_moderate,DOP853,1e-06,1e-08,0.8981636060100168,1.3167126850062492,-1.5452526055103946,1.316712353634609,-1.545253261156511,3.313716401276423e-07,6.556461165097005e-07,6.556461165097005e-07,-0.031779740361620346,-0.27689952021821584,-0.031779840400383064,-0.2768991855186013,1.0003876271813539e-07,3.3469961452370356e-07,3.493301962448868e-07,3.3469961452370356e-07,21.980124664928542,7.96984455320171e-07,-7.96984455320171e-07,-3.6259322391092804e-08,21.980139863320446,1.4401407447905967e-05,1.4401407447905967e-05,6.552013305320128e-07
higher_energy_wide_swing,dop853_moderate,DOP853,1e-06,1e-08,0.9015025041736228,1.302440433811983,-1.5392074138265688,1.3024400654490178,-1.5392084199233302,3.6836296524178636e-07,1.0060967614577976e-06,1.0060967614577976e-06,-0.035292983159197044,-0.296730194091297,-0.0352931126051379,-0.29672954367499677,1.2944594085517735e-07,6.50416300207457e-07,6.63172387226307e-07,6.50416300207457e-07,21.980124642858858,8.190541400665552e-07,-8.190541400665552e-07,-3.726339694856639e-08,21.980142675941096,1.7214028098067047e-05,1.7214028098067047e-05,7.831633230617992e-07
higher_energy_wide_swing,dop853_moderate,DOP853,1e-06,1e-08,0.9048414023372288,1.2881131841118818,-1.5330450495462302,1.28811281724545,-1.5330463487901052,3.668664319000925e-07,1.2992438749304114e-06,1.2992438749304114e-06,-0.03897702703249517,-0.31667561051985355,-0.03897717839944714,-0.31667466450731113,1.5136695197259797e-07,9.460125424132215e-07,9.580457632872253e-07,9.460125424132215e-07,21.980124628498395,8.334146031074852e-07,-8.334146031074852e-07,-3.7916735486866074e-08,21.980146237682938,2.0775769939973543e-05,2.0775769939973543e-05,9.452070679020302e-07
higher_energy_wide_swing,dop853_moderate,DOP853,1e-06,1e-08,0.9081803005008348,1.2737340988539074,-1.5267577150891336,1.2737337723255453,-1.5267592191638624,3.265283621267656e-07,1.5040747287642375e-06,1.5040747287642375e-06,-0.04282992068118918,-0.33673675295406114,-0.04283008247495723,-0.33673556256412696,1.617937680498116e-07,1.1903899341803026e-06,1.2013348487318352e-06,1.1903899341803026e-06,21.980124655060013,8.068529844251771e-07,-8.068529844251771e-07,-3.670829749462923e-08,21.98015012721393,2.4665300930593048e-05,2.4665300930593048e-05,1.1221637917096017e-06
higher_energy_wide_swing,dop853_moderate,DOP853,1e-06,1e-08,0.9115191986644408,1.259306173040216,-1.5203377483879998,1.2593059160397502,-1.5203393510657697,2.570004657975744e-07,1.6026777698296968e-06,1.6026777698296968e-06,-0.04684930758668937,-0.3569145899657038,-0.04684946718480798,-0.3569132339607606,1.595981186097717e-07,1.3560049432204124e-06,1.365364773788299e-06,1.3560049432204124e-06,21.980124754593156,7.073198418083848e-07,-7.073198418083848e-07,-3.217997290479636e-08,21.98015366224457,2.8200331573913218e-05,2.8200331573913218e-05,1.282992293323282e-06
higher_energy_wide_swing,dop853_moderate,DOP853,1e-06,1e-08,0.9148580968280468,1.2448322110420176,-1.5137776509185419,1.2448320349802993,-1.5137792419465554,1.760617183155233e-07,1.591028013558926e-06,1.591028013558926e-06,-0.05103244026072806,-0.3772100673565967,-0.05103258730752691,-0.3772086457048614,1.4704679884847138e-07,1.4216517352783065e-06,1.4292363056791564e-06,1.4216517352783065e-06,21.98012494424177,5.176712285503982e-07,-5.176712285503982e-07,-2.3551786792455533e-08,21.980155946902777,3.0484989778756244e-05,3.0484989778756244e-05,1.3869342935089436e-06
higher_energy_wide_swing,dop853_moderate,DOP853,1e-06,1e-08,0.9181969949916527,1.2303148042100798,-1.5070701148350913,1.23031469768859,-1.5070715939355965,1.0652148985101917e-07,1.4791005051861816e-06,1.4791005051861816e-06,-0.055376197354329304,-0.3976240994978298,-0.05537632711882512,-0.3976227238060871,1.2976449581536542e-07,1.3756917426888116e-06,1.3817983193202962e-06,1.3756917426888116e-06,21.98012521648128,2.454317176159293e-07,-2.454317176159293e-07,-1.1166074463096746e-08,21.980155990351648,3.052843864992383e-05,3.052843864992383e-05,1.388911027956746e-06
higher_energy_wide_swing,dop853_moderate,DOP853,1e-06,1e-08,0.9215358931552587,1.2157563095117392,-1.5002080480898605,1.2157562370950616,-1.5002093392860203,7.241667754342984e-08,1.2911961597694699e-06,1.2911961597694699e-06,-0.05987710330932805,-0.4181575602342031,-0.05987721955019876,-0.41815634015370906,1.1624087070671862e-07,1.2200804940243337e-06,1.2256053002175366e-06,1.2200804940243337e-06,21.980125535637622,7.372462462740259e-08,7.372462462740259e-08,3.3541493998818197e-09,21.98015291681627,2.7454903271717512e-05,2.7454903271717512e-05,1.2490785514073234e-06
higher_energy_wide_swing,dop853_moderate,DOP853,1e-06,1e-08,0.9248747913188649,1.2011588299252975,-1.4931845964138735,1.2011587349096953,-1.493185663778165,9.501560227498373e-08,1.0673642916181336e-06,1.0673642916181336e-06,-0.06453135009225386,-0.4388112737224577,-0.06453146717553238,-0.43881029816927813,1.1708327851689404e-07,9.755531795718753e-07,9.825540699020385e-07,9.755531795718753e-07,21.980125841766437,3.798534393695263e-07,3.798534393695263e-07,1.728167748758912e-08,21.980146288362207,2.0826449208755093e-05,2.0826449208755093e-05,9.475127539577977e-07
higher_energy_wide_swing,dop853_moderate,DOP853,1e-06,1e-08,0.9282136894824708,1.186524197322671,-1.4859931610376016,1.1865240081812443,-1.4859940278437471,1.8914142674297807e-07,8.668061455274767e-07,8.668061455274767e-07,-0.06933482040205241,-0.45958600561000645,-0.06933496472770473,-0.4595853172664413,1.4432565231814465e-07,6.883435651472425e-07,7.033112807261618e-07,6.883435651472425e-07,21.9801260617322,5.998192023071169e-07,5.998192023071169e-07,2.728916189975709e-08,21.980136562643516,1.1100730517910051e-05,1.1100730517910051e-05,5.050349024233422e-07
higher_energy_wide_swing,dop853_moderate,DOP853,1e-06,1e-08,0.9315525876460768,1.171853958571163,-1.4786274110293394,1.1718535982433078,-1.4786281851730734,3.6032785510897725e-07,7.74143734005861e-07,7.74143734005861e-07,-0.07428311158843692,-0.4804824550021089,-0.07428332280639272,-0.48048201617636443,2.1121795579226443e-07,4.3882574446429956e-07,4.870123805959246e-07,4.3882574446429956e-07,21.980126126085132,6.641721341793527e-07,6.641721341793527e-07,3.021694008663533e-08,21.98012570842755,2.465145527708046e-07,2.465145527708046e-07,1.1215338747631955e-08
higher_energy_wide_swing,dop853_moderate,DOP853,1e-06,1e-08,0.9348914858096828,1.157149365585236,-1.4710812891293552,1.1571487622653678,-1.4710821985676519,6.033198682864338e-07,9.094382966701176e-07,9.094382966701176e-07,-0.07937155935630102,-0.5015012477089758,-0.07937189239577391,-0.5015008952246152,3.3303947288843005e-07,3.5248436058843424e-07,4.849335160217746e-07,5.52436409395618e-07,21.980125989094212,5.27181214238226e-07,5.27181214238226e-07,2.3984449731723403e-08,21.980118002034626,7.459878371918194e-06,-7.459878371918194e-06,-3.393919832188682e-07
higher_energy_wide_swing,dop853_moderate,DOP853,1e-06,1e-08,0.9382303839732888,1.1424113700591523,-1.4633490099578514,1.1424104846106882,-1.4633503277270414,8.854484641052096e-07,1.317769189990159e-06,1.317769189990159e-06,-0.08459526016339192,-0.5226429313092448,-0.08459576929863943,-0.5226424265766751,5.091352475172783e-07,5.047325696283522e-07,7.169195680884431e-07,8.05437255169128e-07,21.980125648067137,1.8615413921452273e-07,1.8615413921452273e-07,8.469202759424157e-09,21.980116999018193,8.462894804495136e-06,-8.462894804495136e-06,-3.850248634458242e-07
higher_energy_wide_swing,dop853_moderate,DOP853,1e-06,1e-08,0.9415692821368948,1.1276406236113503,-1.4554250494747691,1.1276395140201907,-1.455426708923682,1.1095911596203933e-06,1.659448912949557e-06,1.659448912949557e-06,-0.08994909104313775,-0.5439079726116154,-0.0899497578549574,-0.5439073266021156,6.668118196495598e-07,6.460094997828847e-07,9.284213895823868e-07,1.002407742811684e-06,21.98012515687418,3.05038817316472e-07,-3.05038817316472e-07,-1.387793795103859e-08,21.980115967434127,9.494478870664125e-06,-9.494478870664125e-06,-4.319574466085778e-07
higher_energy_wide_swing,dop853_moderate,DOP853,1e-06,1e-08,0.9449081803005008,1.112837484071437,-1.4473041245694733,1.112836274185399,-1.447305934935645,1.209886038022745e-06,1.8103661716395436e-06,1.8103661716395436e-06,-0.09542772540211242,-0.5652967581411494,-0.0954284833120751,-0.56529604677676,7.579099626786601e-07,7.113643893941202e-07,1.0394550524316274e-06,1.0852151832163592e-06,21.98012462740026,8.345127362474614e-07,-8.345127362474614e-07,-3.7966695763111044e-08,21.98011508489617,1.0377016828044816e-05,-1.0377016828044816e-05,-4.7210908081603245e-07
higher_energy_wide_swing,dop853_moderate,DOP853,1e-06,1e-08,0.9482470784641068,1.0980020286406589,-1.4389811616583523,1.098000886239009,-1.4389828664187465,1.1424016499450573e-06,1.7047603941833245e-06,1.7047603941833245e-06,-0.10102564315207485,-0.5868095983197558,-0.10102638743640224,-0.5868089254271505,7.442843273919308e-07,6.728926053023443e-07,1.0033661436742997e-06,1.0170791032715343e-06,21.98012421148041,1.2504325894724388e-06,-1.2504325894724388e-06,-5.688923803638789e-08,21.980114699801877,1.0762111120499185e-05,-1.0762111120499185e-05,-4.896291942986264e-07
higher_energy_wide_swing,dop853_moderate,DOP853,1e-06,1e-08,0.9515859766277129,1.083134074656728,-1.4304512531683673,1.083133172319262,-1.4304525919828848,9.023374658578831e-07,1.3388145174708654e-06,1.3388145174708654e-06,-0.10673713333992263,-0.6084467360505375,-0.10673774342018749,-0.6084462075517916,6.100802648623116e-07,5.284987458775703e-07,8.071609839236737e-07,7.971523843242068e-07,21.980124054734816,1.4071781819779972e-06,-1.4071781819779972e-06,-6.402047997480021e-08,21.980114766396305,1.0695516692749152e-05,-1.0695516692749152e-05,-4.865994378095005e-07
higher_energy_wide_swing,dop853_moderate,DOP853,1e-06,1e-08,0.9549248747913189,1.0682332086938766,-1.4217096007845866,1.0682326566454143,-1.4217104109098897,5.520484622767441e-07,8.101253030634581e-07,8.101253030634581e-07,-0.11255628723534283,-0.6302083604518496,-0.11255667347416498,-0.6302080431011707,3.8623882214761096e-07,3.173506788467506e-07,4.99891869406242e-07,4.837880692165619e-07,21.980124212619838,1.2492931595886603e-06,-1.2492931595886603e-06,-5.683739893811919e-08,21.980115022248405,1.0439664592354347e-05,-1.0439664592354347e-05,-4.7495928130365416e-07
higher_energy_wide_swing,dop853_moderate,DOP853,1e-06,1e-08,0.9582637729549249,1.0532988247290018,-1.412751444339739,1.0532985672081012,-1.4127518149886733,2.5752090060393584e-07,3.706489342114594e-07,3.706489342114594e-07,-0.1184769796255527,-0.6520946265178686,-0.11847716535847685,-0.6520944842894373,1.8573292415169362e-07,1.4222843136568741e-07,2.3393513161276744e-07,2.2380107239650116e-07,21.980124517969692,9.43943305742323e-07,-9.43943305742323e-07,-4.294531017932455e-08,21.980115125101936,1.0336811062217066e-05,-1.0336811062217066e-05,-4.7027989353967146e-07
higher_energy_wide_swing,dop853_moderate,DOP853,1e-06,1e-08,0.9616026711185309,1.0383300626086218,-1.4035721306410465,1.038329837933808,-1.4035724694531486,2.2467481386456711e-07,3.388121021519197e-07,3.388121021519197e-07,-0.12449291730469147,-0.6741056225948383,-0.12449308775689671,-0.6741054820792529,1.7045220523925764e-07,1.4051558538952236e-07,2.2090401537384093e-07,1.9357029612532273e-07,21.98012445793386,1.0039791362714823e-06,-1.0039791362714823e-06,-4.567667905313689e-08,21.98011475380347,1.070810952796819e-05,-1.070810952796819e-05,-4.871723569787227e-07
higher_energy_wide_swing,dop853_moderate,DOP853,1e-06,1e-08,0.9649415692821369,1.02332535047306,-1.3941677878306236,1.0233251111826316,-1.3941681930083711,2.3929042836101644e-07,4.051777475755358e-07,4.051777475755358e-07,-0.13059800865520188,-0.6962410765269273,-0.13059820440729242,-0.6962408819696516,1.9575209053712683e-07,1.945572757344749e-07,2.7599169279323605e-07,2.0431660574526944e-07,21.980124139315095,1.3225979031972201e-06,-1.3225979031972201e-06,-6.01724455799403e-08,21.980113677461834,1.1784451164231768e-05,-1.1784451164231768e-05,-5.361412146919625e-07
higher_energy_wide_swing,dop853_moderate,DOP853,1e-06,1e-08,0.9682804674457429,1.0082829931873902,-1.3845344714041117,1.0082827404385328,-1.384534936930364,2.5274885739889896e-07,4.6552625221352173e-07,4.6552625221352173e-07,-0.13678596590525582,-0.7185006628723217,-0.13678618690894373,-0.7185004192027284,2.2100368790578528e-07,2.4366959328059323e-07,3.2896428492693164e-07,2.4366959328059323e-07,21.980124011315176,1.450597821417432e-06,-1.450597821417432e-06,-6.599588450625622e-08,21.980111796591082,1.366532191582337e-05,-1.366532191582337e-05,-6.217126439747826e-07
higher_energy_wide_swing,dop853_moderate,DOP853,1e-06,1e-08,0.9716193656093489,0.9932010568080705,-1.3746682550687193,0.9932007930512764,-1.3746687632250896,2.6375679407220076e-07,5.081563703157599e-07,5.081563703157599e-07,-0.14305038309474982,-0.7408839909332298,-0.1430506261347425,-0.7408837134886146,2.4303999268671106e-07,2.774446151709853e-07,3.688413649965696e-07,2.774446151709853e-07,21.980124079379667,1.3825333304851029e-06,-1.3825333304851029e-06,-6.289924654346249e-08,21.980109159741485,1.63021715131606e-05,-1.63021715131606e-05,-7.416778189646318e-07
higher_energy_wide_swing,dop853_moderate,DOP853,1e-06,1e-08,0.9749582637729549,0.9780773291927533,-1.364565277165137,0.9780770528892497,-1.3645658218320236,2.76303503521369e-07,5.446668864816928e-07,5.446668864816928e-07,-0.14938477630266145,-0.7633905672817267,-0.14938504218341753,-0.7633902633294714,2.658807560784737e-07,3.0395225536494763e-07,4.038310909208195e-07,3.0395225536494763e-07,21.980124181124147,1.2807888509769327e-06,-1.2807888509769327e-06,-5.82703157539421e-08,21.98010595902606,1.950288693919333e-05,-1.950288693919333e-05,-8.872964339074312e-07
higher_energy_wide_swing,dop853_moderate,DOP853,1e-06,1e-08,0.9782971619365609,0.9629093184076002,-1.354221732235914,0.9629090227623617,-1.3542223268577926,2.9564523851277613e-07,5.946218786245794e-07,5.946218786245794e-07,-0.15578259618510149,-0.7860197780508129,-0.1557828928137157,-0.7860194400020464,2.9662861422696807e-07,3.3804876653498184e-07,4.497393726749239e-07,3.3804876653498184e-07,21.980124170588883,1.2913241143053256e-06,-1.2913241143053256e-06,-5.874962436146794e-08,21.980102507995475,2.2953917522272604e-05,-2.2953917522272604e-05,-1.0443032985433585e-06
higher_energy_wide_swing,dop853_moderate,DOP853,1e-06,1e-08,0.981636060100167,0.9476942520978369,-1.3436338568145092,0.9476939264742118,-1.3436345318253375,3.256236250637201e-07,6.750108283437584e-07,6.750108283437584e-07,-0.16223723826740566,-0.8087708744742542,-0.16223758030895108,-0.8087704812346693,3.4204154542027965e-07,3.9323958489489996e-07,5.211811488549892e-07,3.9323958489489996e-07,21.98012400126903,1.4606439684428096e-06,-1.4606439684428096e-06,-6.645294045176416e-08,21.980099205482386,2.6256430611937276e-05,-2.6256430611937276e-05,-1.1945532639217291e-06
higher_energy_wide_swing,dop853_moderate,DOP853,1e-06,1e-08,0.984974958263773,0.9324290775003236,-1.33279791004852,0.9324287103627318,-1.3327987039240599,3.671375917724262e-07,7.938755397507435e-07,7.938755397507435e-07,-0.16874205079247673,-0.8316429612489648,-0.16874245672647714,-0.8316424845883224,4.059340004136658e-07,4.766606424011499e-07,6.260892753482676e-07,4.766606424011499e-07,21.980123736158504,1.7257544939752734e-06,-1.7257544939752734e-06,-7.851431498722099e-08,21.980096489299374,2.8972613623778898e-05,-2.8972613623778898e-05,-1.3181277638283927e-06
higher_energy_wide_swing,dop853_moderate,DOP853,1e-06,1e-08,0.988313856427379,0.9171104617769035,-1.3217101497705854,0.9171100441884857,-1.3217110972464101,4.1758841773376076e-07,9.474758246863502e-07,9.474758246863502e-07,-0.17529033998016097,-0.8546349872559795,-0.17529082749248492,-0.8546344005225253,4.875123239544976e-07,5.867334542664082e-07,7.628397029277556e-07,5.867334542664082e-07,21.980123510915625,1.950997372546226e-06,-1.950997372546226e-06,-8.876188518245267e-08,21.980094784000134,3.0677912864263135e-05,-3.0677912864263135e-05,-1.3957114538505068e-06
higher_energy_wide_swing,dop853_moderate,DOP853,1e-06,1e-08,0.991652754590985,0.9017347923473114,-1.3103668046304682,0.9017343212298353,-1.310367924996382,4.7111747603079124e-07,1.1203659138203648e-06,1.1203659138203648e-06,-0.18187537260859632,-0.8777457381354252,-0.18187595330805895,-0.8777450250950938,5.806994626267326e-07,7.130403314459244e-07,9.195859830181676e-07,7.130403314459244e-07,21.98012347360992,1.988303079514253e-06,-1.988303079514253e-06,-9.045913240848285e-08,21.980094447254814,3.101465818389215e-05,-3.101465818389215e-05,-1.4110318995964845e-06
higher_energy_wide_swing,dop853_moderate,DOP853,1e-06,1e-08,0.994991652754591,0.8862981769004051,-1.2987640429018166,0.886297657444158,-1.29876533065537,5.194562471277919e-07,1.287753553347315e-06,1.287753553347315e-06,-0.18849037588845696,-0.9009738301676717,-0.18849105033769775,-0.9009729922102796,6.744492407895208e-07,8.379573921413197e-07,1.075664617548538e-06,8.379573921413197e-07,21.980123721318968,1.7405940297976485e-06,-1.7405940297976485e-06,-7.918944925103986e-08,21.980095719697395,2.974221560236856e-05,-2.974221560236856e-05,-1.3531413027603348e-06
higher_energy_wide_swing,dop853_moderate,DOP853,1e-06,1e-08,0.998330550918197,0.8707964427624932,-1.2868979385771036,0.8707958895543171,-1.2868993580908474,5.532081761572272e-07,1.4195137438832717e-06,1.4195137438832717e-06,-0.19512853466496882,-0.9243177048673059,-0.19512928865651202,-0.9243167652921784,7.539915432008826e-07,9.395751274787756e-07,1.2047010697244383e-06,9.395751274787756e-07,21.980124250099472,1.2118135259697738e-06,-1.2118135259697738e-06,-5.5132238806807336e-08,21.98009868330836,2.6778604638622028e-05,-2.6778604638622028e-05,-1.2183099084226703e-06
higher_energy_wide_swing,dop853_moderate,DOP853,1e-06,1e-08,1.001669449081803,0.855225135301531,-1.2747644353642478,0.8552245719195783,-1.2747659205933322,5.633819526451589e-07,1.485229084385864e-06,1.485229084385864e-06,-0.20178298605064193,-0.9477756236490333,-0.2017837889370967,-0.9477746282194389,8.028864547648951e-07,9.954295944192282e-07,1.2788693196298716e-06,9.954295944192282e-07,21.98012493055628,5.313567186249202e-07,-5.313567186249202e-07,-2.4174416999832475e-08,21.98010323342484,2.2228488159470317e-05,-2.2228488159470317e-05,-1.0112994212880031e-06
higher_energy_wide_swing,dop853_moderate,DOP853,1e-06,1e-08,1.005008347245409,0.8395795150459539,-1.2623593091984158,0.8395789720501694,-1.2623607688270908,5.429957844471645e-07,1.459628675037905e-06,1.459628675037905e-06,-0.20844681166392065,-0.9713456618754547,-0.2084476173616635,-0.9713446753130346,8.056977428561041e-07,9.865624200910972e-07,1.273755966258617e-06,9.865624200910972e-07,21.980125516391837,5.4478839217608765e-08,5.4478839217608765e-08,2.4785499660595344e-09,21.980109069226863,1.6392686134736323e-05,-1.6392686134736323e-05,-7.457958401166295e-07
higher_energy_wide_swing,dop853_moderate,DOP853,1e-06,1e-08,1.008347245409015,0.8238545531969206,-1.249678129882506,0.8238540646246777,-1.2496794576800496,4.885722428848993e-07,1.3277975436931655e-06,1.3277975436931655e-06,-0.2151130277254245,-0.9950257015461685,-0.21511377874944615,-0.9950248001208688,7.510240216390685e-07,9.014252997374683e-07,1.173287966394314e-06,9.014252997374683e-07,21.980125687974198,2.2606119998158647e-07,2.2606119998158647e-07,1.0284800256181598e-08,21.980115706916855,9.754996142419259e-06,-9.754996142419259e-06,-4.438098480976665e-07
higher_energy_wide_swing,dop853_moderate,DOP853,1e-06,1e-08,1.011686143572621,0.8080449252127362,-1.2367162224698156,0.8080445238694811,-1.2367173119983663,4.0134325507423796e-07,1.0895285507128705e-06,1.0895285507128705e-06,-0.22177457334414785,-1.0188134218361886,-0.221775207893686,-1.0188126826910657,6.345495381365751e-07,7.391451228855317e-07,9.741604739645355e-07,7.391451228855317e-07,21.980125127177605,3.347353931815178e-07,-3.347353931815178e-07,-1.5229002844480795e-08,21.9801225186491,2.943263897492443e-06,-2.943263897492443e-06,-1.3390569142075687e-07
higher_energy_wide_swing,dop853_moderate,DOP853,1e-06,1e-08,1.015025041736227,0.7921450021442263,-1.2234686290023937,0.7921447141594096,-1.2234693911911247,2.8798481677139165e-07,7.621887310182984e-07,7.621887310182984e-07,-0.2284242974108649,-1.042706286639582,-0.22842475910671522,-1.0427057749695725,4.616958503289581e-07,5.116700094731641e-07,6.891801337859701e-07,5.116700094731641e-07,21.98012361362737,1.848285627659152e-06,-1.848285627659152e-06,-8.408894802997589e-08,21.980128798396485,3.3364834877147587e-06,3.3364834877147587e-06,1.517954705716395e-07
higher_energy_wide_swing,dop853_moderate,DOP853,1e-06,1e-08,1.018363939899833,0.7761488393998335,-1.2099300712185752,0.7761486786988301,-1.209930452690613,1.6070100339327098e-07,3.814720377359748e-07,3.814720377359748e-07,-0.23505494460497967,-1.0667015282219046,-0.23505519397582897,-1.0667012838968424,2.493708493034319e-07,2.443250621819715e-07,3.491139591774284e-07,2.493708493034319e-07,21.980121126167514,4.335745483530218e-06,-4.335745483530218e-06,-1.9725754027397006e-07,21.980133853142714,8.391229716409043e-06,8.391229716409043e-06,3.817644139906892e-07
higher_energy_wide_swing,dop853_moderate,DOP853,1e-06,1e-08,1.0217028380634392,0.7600501626192049,-1.196094914843204,0.7600501261423535,-1.196094914253642,3.647685142826873e-08,5.895621768559067e-10,3.647685142826873e-08,-0.2416591411141107,-1.0907961260327912,-0.24165916733680937,-1.0907961517124587,2.6222698679134737e-08,2.5679667503553105e-08,3.6702523743057997e-08,2.6438475297929642e-08,21.98011792707228,7.534840719358726e-06,-7.534840719358726e-06,-3.4280244361730527e-07,21.98013711377736,1.1651864362249853e-05,1.1651864362249853e-05,5.301090925272523e-07
higher_energy_wide_swing,dop853_moderate,DOP853,1e-06,1e-08,1.0250417362270452,0.7438423503340506,-1.181957136074045,0.7438424150143615,-1.1819568150893727,6.468031099604588e-08,3.2098467239727313e-07,3.2098467239727313e-07,-0.24822938076267032,-1.1149867796784134,-0.24822921147622834,-1.114987032905126,1.6928644197555798e-07,2.5322671248773077e-07,3.0460083281909755e-07,2.5322671248773077e-07,21.980114600526544,1.0861386453342448e-05,-1.0861386453342448e-05,-4.941457896663502e-07,21.980138254489585,1.279257658737265e-05,1.279257658737265e-05,5.82006531743394e-07
higher_energy_wide_swing,dop853_moderate,DOP853,1e-06,1e-08,1.0283806343906512,0.7275184130950235,-1.167510290877875,0.7275185357865361,-1.167509775799095,1.2269151261623534e-07,5.150787798502421e-07,5.150787798502421e-07,-0.25475801234651585,-1.1392698750029164,-0.25475771857806784,-1.139270267168045,2.937684480119884e-07,3.921651285931915e-07,4.899932541697761e-07,3.921651285931915e-07,21.980112011590933,1.3450322065011733e-05,-1.3450322065011733e-05,-6.119310869411712e-07,21.980137301850906,1.1839937908320053e-05,1.1839937908320053e-05,5.386656199408967e-07
higher_energy_wide_swing,dop853_moderate,DOP853,1e-06,1e-08,1.0317195325542572,0.711070968743419,-1.1527474877097712,0.7110710904726061,-1.1527469571134386,1.217291870636572e-07,5.305963326485141e-07,5.305963326485141e-07,-0.26123722907519553,-1.1636414421788142,-0.26123692143484034,-1.163641847635602,3.0764035519048605e-07,4.0545678792192064e-07,5.08957557183003e-07,4.0545678792192064e-07,21.980111147759263,1.4314153734318324e-05,-1.4314153734318324e-05,-6.512316664944331e-07,21.980134704559894,9.242646896723272e-06,9.242646896723272e-06,4.2050018835146614e-07
higher_energy_wide_swing,dop853_moderate,DOP853,1e-06,1e-08,1.0350584307178632,0.6944922135064435,-1.1376613642690863,0.6944922695994935,-1.1376610174124604,5.6093049982663956e-08,3.468566258657546e-07,3.468566258657546e-07,-0.26765906113127236,-1.1880971046594648,-0.267658872448428,-1.1880973835860937,1.8868284434869764e-07,2.789266289049408e-07,3.367510654233917e-07,2.789266289049408e-07,21.98011280299279,1.2658920208963309e-05,-1.2658920208963309e-05,-5.759257485085148e-07,21.980131321242347,5.859329348822939e-06,5.859329348822939e-06,2.665739719719045e-07
higher_energy_wide_swing,dop853_moderate,DOP853,1e-06,1e-08,1.0383973288814692,0.6777738885948326,-1.1222440689056115,0.6777738264140596,-1.122244069014077,6.21807729750401e-08,1.0846545883680392e-10,6.21807729750401e-08,-0.27401537246734753,-1.2126320178026586,-0.2740154209513772,-1.212632056696028,4.848402967994048e-08,3.889336941398369e-08,6.215621705330812e-08,4.848402967994048e-08,21.980117064677007,8.397235990997842e-06,-8.397235990997842e-06,-3.820376733312333e-07,21.980128265789062,2.803876064660926e-06,2.803876064660926e-06,1.275641519662598e-07
higher_energy_wide_swing,dop853_moderate,DOP853,1e-06,1e-08,1.0417362270450752,0.6609072419815873,-1.1064872472894345,0.6609070481846437,-1.1064876332162972,1.9379694360388555e-07,3.859268626893453e-07,3.859268626893453e-07,-0.2802978630754026,-1.2372407959339824,-0.28029818888559666,-1.2372405698237143,3.258101940462055e-07,2.2611026806451662e-07,3.965830756205232e-07,3.258101940462055e-07,21.98012256847422,2.893438779238977e-06,-2.893438779238977e-06,-1.3163886549477195e-07,21.980126526213287,1.0643002887888997e-06,1.0643002887888997e-06,4.842102883503152e-08
higher_energy_wide_swing,dop853_moderate,DOP853,1e-06,1e-08,1.0450751252086812,0.6438829852466328,-1.090382033952869,0.6438827244565964,-1.0903825940787155,2.607900363438276e-07,5.601258465937065e-07,5.601258465937065e-07,-0.28649807745010214,-1.2619174273505478,-0.2864985448825056,-1.2619170871825496,4.6743240345037407e-07,3.401679982140138e-07,5.781066673238794e-07,4.6743240345037407e-07,21.980125509328673,4.7415674941930774e-08,4.7415674941930774e-08,2.157206746799162e-09,21.980126242296414,7.803834165542867e-07,7.803834165542867e-07,3.550404741349313e-08
higher_energy_wide_swing,dop853_moderate,DOP853,1e-06,1e-08,1.0484140233722872,0.6266913537740543,-1.0739185128149686,0.6266910933985338,-1.0739190731430674,2.6037552047775137e-07,5.603280988086823e-07,5.603280988086823e-07,-0.29260707688668564,-1.2866555838650129,-0.29260755488254875,-1.2866552439963366,4.779958631129233e-07,3.398686763134151e-07,5.865072568111169e-07,4.779958631129233e-07,21.98012555105567,8.914267368709261e-08,8.914267368709261e-08,4.055603496966311e-09,21.98012610991671,6.480037129108496e-07,6.480037129108496e-07,2.948134732141114e-08
higher_energy_wide_swing,dop853_moderate,DOP853,1e-06,1e-08,1.0517529215358932,0.6093220424497954,-1.0570857319179943,0.6093217832037445,-1.057086294456636,2.592460508488159e-07,5.625386416685529e-07,5.625386416685529e-07,-0.29861543369215204,-1.3114484892862688,-0.2986159227215789,-1.3114481477255624,4.890294268422579e-07,3.4156070638502456e-07,5.965010448137574e-07,4.890294268422579e-07,21.980125525222267,6.330926893838296e-08,6.330926893838296e-08,2.880296067831132e-09,21.98012610244602,6.405330239545037e-07,6.405330239545037e-07,2.914146350367357e-08
higher_energy_wide_swing,dop853_moderate,DOP853,1e-06,1e-08,1.0550918196994992,0.591764059111997,-1.039872108681361,0.5917638014686456,-1.0398726741102993,2.5764335143119155e-07,5.654289383372202e-07,5.654289383372202e-07,-0.3045134940564207,-1.3362884800798436,-0.30451399418338854,-1.336288136208195,5.001269678395204e-07,3.438716484893689e-07,6.069387898257523e-07,5.001269678395204e-07,21.98012561661579,1.5470279279838905e-07,1.5470279279838905e-07,7.038303446741327e-09,21.98012610749951,6.455865104726399e-07,6.455865104726399e-07,2.937137513574741e-08
higher_energy_wide_swing,dop853_moderate,DOP853,1e-06,1e-08,1.0584307178631052,0.5740057222585015,-1.0222651042556175,0.5740054655776458,-1.0222656712845217,2.5668085579244604e-07,5.670289042747356e-07,5.670289042747356e-07,-0.3102911816461691,-1.361167107131008,-0.31029169285776625,-1.3611667626677963,5.11211597165051e-07,3.444632117322044e-07,6.164350746939275e-07,5.11211597165051e-07,21.980125845747757,3.8383475953196466e-07,3.8383475953196466e-07,1.7462810219034953e-08,21.98012575949724,2.975842434693732e-07,2.975842434693732e-07,1.35387873006014e-08
higher_energy_wide_swing,dop853_moderate,DOP853,1e-06,1e-08,1.0617696160267112,0.5560346013578671,-1.0042511349406127,0.5560343445737692,-1.0042517016639096,2.567840978739966e-07,5.667232969575053e-07,5.667232969575053e-07,-0.31593794614183646,-1.3860750369799137,-0.3159384684143838,-1.3860746943375761,5.222725473208456e-07,3.4264233761405194e-07,6.246378032192952e-07,5.222725473208456e-07,21.980126002488717,5.405757192988858e-07,5.405757192988858e-07,2.4593841388011705e-08,21.980125112457987,3.4945501070637874e-07,-3.4945501070637874e-07,-1.589868134792551e-08
higher_energy_wide_swing,dop853_moderate,DOP853,1e-06,1e-08,1.0651085141903172,0.5378374502605913,-0.985815474695279,0.5378371931140391,-0.985816040827668,2.5714655216280136e-07,5.661323890793213e-07,5.661323890793213e-07,-0.32144270598870994,-1.4110019379564174,-0.3214432394397324,-1.4110015976899235,5.334510224663802e-07,3.4026649387008945e-07,6.327331824877452e-07,5.334510224663802e-07,21.980125933604008,4.7169100980681833e-07,4.7169100980681833e-07,2.1459887052244587e-08,21.980124572713827,8.891991711834635e-07,-8.891991711834635e-07,-4.0454690430419125e-08
higher_energy_wide_swing,dop853_moderate,DOP853,1e-06,1e-08,1.0684474123539232,0.5194001335586348,-0.9669421484509761,0.5193998773818492,-0.9669427165935358,2.561767855624453e-07,5.681425596648637e-07,5.681425596648637e-07,-0.32679378458619235,-1.4359363476255291,-0.3267943295798093,-1.4359360071127845,5.449936169577008e-07,3.405127446676204e-07,6.426250631633605e-07,5.449936169577008e-07,21.980125732328645,2.704156472077557e-07,2.704156472077557e-07,1.2302734471481065e-08,21.980124522739608,9.391733897246013e-07,-9.391733897246013e-07,-4.272829977026265e-08
higher_energy_wide_swing,dop853_moderate,DOP853,1e-06,1e-08,1.0717863105175292,0.5007075457413275,-0.9476138159403379,0.500707293226134,-0.9476143909010762,2.525151934218428e-07,5.749607383531696e-07,5.749607383531696e-07,-0.3319788390974703,-1.460865517471377,-0.3319793961745298,-1.4608651718076477,5.570770595375585e-07,3.456637291954223e-07,6.556052653421102e-07,5.570770595375585e-07,21.980125612297357,1.50384359187683e-07,1.50384359187683e-07,6.841833521299409e-09,21.980124996975597,4.649374005794016e-07,-4.649374005794016e-07,-2.1152627239778124e-08
higher_energy_wide_swing,dop853_moderate,DOP853,1e-06,1e-08,1.0751252086811351,0.48174352299574585,-0.9278116457535648,0.48174327679714896,-0.9278122318202011,2.461985968982283e-07,5.860666363322053e-07,5.860666363322053e-07,-0.3369847810301343,-1.4857752302078322,-0.3369853506061705,-1.4857748752428166,5.695760362245395e-07,3.549650156031703e-07,6.711311521181362e-07,5.695760362245395e-07,21.98012557575947,1.1384647180534557e-07,1.1384647180534557e-07,5.1795187430853346e-09,21.980125649654678,1.8774167998003577e-07,1.8774167998003577e-07,8.541428951593256e-09
higher_energy_wide_swing,dop853_moderate,DOP853,1e-06,1e-08,1.0784641068447414,0.46249074749964536,-0.9075151793341031,0.46249050794866964,-0.9075157762708052,2.395509757224801e-07,5.969367020686178e-07,5.969367020686178e-07,-0.3417976877202619,-1.5106495845009473,-0.34179826964211935,-1.5106492210113758,5.819218574232288e-07,3.634895715531883e-07,6.86117859244912e-07,5.819218574232288e-07,21.980125436256383,2.5656614610625184e-08,-2.5656614610625184e-08,-1.1672642476533075e-09,21.98012607247795,6.105649532628377e-07,6.105649532628377e-07,2.7778046777795704e-08
higher_energy_wide_swing,dop853_moderate,DOP853,1e-06,1e-08,1.0818030050083474,0.4429306474656738,-0.8867021892597743,0.44293040667643,-0.8867027840393953,2.407892437661374e-07,5.947796209992973e-07,5.947796209992973e-07,-0.34640270369952053,-1.5354707361618538,-0.34640329713596907,-1.5354703784120156,5.934364485371546e-07,3.577498381979183e-07,6.929298414580135e-07,5.934364485371546e-07,21.980126353426964,8.915139666498817e-07,8.915139666498817e-07,4.056000354477915e-08,21.980126252388388,7.904753900334072e-07,7.904753900334072e-07,3.5963188263103286e-08
higher_energy_wide_swing,dop853_moderate,DOP853,1e-06,1e-08,1.0851419031719534,0.42304326291055594,-0.8653484902778433,0.42304302286258977,-0.8653490836785724,2.400479661712751e-07,5.934007291097387e-07,5.934007291097387e-07,-0.35078393193360735,-1.5602186337093062,-0.35078453556583683,-1.560218280489225,6.036322294789009e-07,3.532200811839914e-07,6.993827951968035e-07,6.036322294789009e-07,21.98012569419799,2.322849930180837e-07,2.322849930180837e-07,1.0567955738950874e-08,21.980126573372846,1.1114598486017258e-06,1.1114598486017258e-06,5.056658345866384e-08
higher_energy_wide_swing,dop853_moderate,DOP853,1e-06,1e-08,1.0884808013355594,0.4028071600263152,-0.8434278171407216,0.4028069164416433,-0.843428404701642,2.435846719328616e-07,5.875609204730736e-07,5.875609204730736e-07,-0.3549243110763594,-1.5848706158612778,-0.3549249258384434,-1.584870272481976,6.147620839613843e-07,3.433793016593967e-07,7.041603259802693e-07,6.147620839613843e-07,21.98012701891814,1.5570051417057584e-06,1.5570051417057584e-06,7.083695424776923e-08,21.98012658256359,1.1206505909910902e-06,1.1206505909910902e-06,5.098472221793936e-08
higher_energy_wide_swing,dop853_moderate,DOP853,1e-06,1e-08,1.0918196994991654,0.38219929240225053,-0.8209116292626158,0.3821990344705771,-0.8209121964697333,2.579316734085957e-07,5.672071174966931e-07,5.672071174966931e-07,-0.35880548284707847,-1.6094010177020968,-0.35880610875050745,-1.6094006988369518,6.259034289746168e-07,3.1886514495482743e-07,7.02445786569502e-07,6.259034289746168e-07,21.980131055378315,5.593465317588198e-06,5.593465317588198e-06,2.5447831620799955e-07,21.980126442893305,9.809803067639677e-07,9.809803067639677e-07,4.4630332454826216e-08
higher_energy_wide_swing,dop853_moderate,DOP853,1e-06,1e-08,1.0951585976627713,0.3611948514637676,-0.7977689000801835,0.36119458152102896,-0.7977694503902187,2.6994273866209895e-07,5.503100352077794e-07,5.503100352077794e-07,-0.3624076452434107,-1.6337807074202046,-0.36240828205256975,-1.633780408903874,6.368091590713831e-07,2.985163305435634e-07,7.03304986956865e-07,6.368091590713831e-07,21.980133710991446,8.249078447875036e-06,8.249078447875036e-06,3.7529715024461434e-07,21.980126420274125,9.583611273455972e-07,9.583611273455972e-07,4.360125828245332e-08
higher_energy_wide_swing,dop853_moderate,DOP853,1e-06,1e-08,1.0984974958263773,0.33976715881893216,-0.7739659634544501,0.339766896330547,-0.7739665230389922,2.624883851387594e-07,5.595845420369727e-07,5.595845420369727e-07,-0.3657093929478838,-1.6579764734800009,-0.36571004061394163,-1.6579761698220188,6.476660578402793e-07,3.0365798209253114e-07,7.153177563620771e-07,6.476660578402793e-07,21.98013331950992,7.85759692334409e-06,7.85759692334409e-06,3.574864455145935e-07,21.980126265572547,8.036595495752863e-07,8.036595495752863e-07,3.6563010114198925e-08
higher_energy_wide_swing,dop853_moderate,DOP853,1e-06,1e-08,1.1018363939899833,0.31788759210730355,-0.7494664055802711,0.31788737166830044,-0.749467021465735,2.2043900310686482e-07,6.158854638504963e-07,6.158854638504963e-07,-0.3686875500268816,-1.6819502759343274,-0.3686882102817657,-1.6819499252638446,6.602548840994871e-07,3.5067048287373837e-07,7.476003608453703e-07,6.602548840994871e-07,21.980133460598243,7.998685244814396e-06,7.998685244814396e-06,3.639053497976825e-07,21.98012578209887,3.2018587248217045e-07,3.2018587248217045e-07,1.4567063005940809e-08
higher_energy_wide_swing,dop853_moderate,DOP853,1e-06,1e-08,1.1051752921535893,0.2955255357107939,-0.7242309905473517,0.2955253722679299,-0.7242316837806541,1.634428639651908e-07,6.932333023179638e-07,6.932333023179638e-07,-0.37131699986320493,-1.7056583740433113,-0.37131767545862937,-1.7056579623362407,6.75595424437514e-07,4.117070706577408e-07,7.911585742128329e-07,6.75595424437514e-07,21.980136861789383,1.139987638509865e-05,1.139987638509865e-05,5.186447368033578e-07,21.980124714663564,7.472494338855995e-07,-7.472494338855995e-07,-3.3996595478057114e-08
higher_energy_wide_swing,dop853_moderate,DOP853,1e-06,1e-08,1.1085141903171953,0.2726483476862981,-0.6982176076968392,0.27264819636946075,-0.698218317958305,1.5131683733793366e-07,7.102614658638373e-07,7.102614658638373e-07,-0.37357051708121986,-1.7290503401905295,-0.37357120686105005,-1.7290499243433524,6.89779830198578e-07,4.158471771376071e-07,8.05434720434931e-07,6.89779830198578e-07,21.980136885891177,1.1423978179436745e-05,1.1423978179436745e-05,5.197412634987972e-07,21.980123126311746,2.3356012519570868e-06,-2.3356012519570868e-06,-1.0625968700698273e-07
higher_energy_wide_swing,dop853_moderate,DOP853,1e-06,1e-08,1.1118530884808013,0.24922133427983983,-0.6713812289175001,0.24922113136022545,-0.6713818695627793,2.029196143893408e-07,6.406452792706574e-07,6.406452792706574e-07,-0.37541860604790855,-1.7520679676038262,-0.37541930429982723,-1.7520676191287041,6.982519186737868e-07,3.4847512209168485e-07,7.803785316424583e-07,6.982519186737868e-07,21.98012581008949,3.4817649208207513e-07,3.4817649208207513e-07,1.5840514317599907e-08,21.98012201815712,3.4437558760203046e-06,-3.4437558760203046e-06,-1.5667589714115234e-07
higher_energy_wide_swing,dop853_moderate,DOP853,1e-06,1e-08,1.1151919866444073,0.22520787021337846,-0.64367406616077,0.22520765400474096,-0.6436746890985345,2.1620863749349795e-07,6.22937764482856e-07,6.22937764482856e-07,-0.37682936894991653,-1.7746439224560615,-0.3768300779842385,-1.7746435968883691,7.09034321977331e-07,3.255676923608064e-07,7.802076595695495e-07,7.09034321977331e-07,21.980104581818466,2.0880094531605664e-05,-2.0880094531605664e-05,-9.499533825585546e-07,21.98012292436509,2.537547906911186e-06,-2.537547906911186e-06,-1.1544738046687817e-07
higher_energy_wide_swing,dop853_moderate,DOP853,1e-06,1e-08,1.1185308848080133,0.20057000503771738,-0.61504639714706,0.20056982575348756,-0.6150470696911472,1.7928422982316228e-07,6.725440871990784e-07,6.725440871990784e-07,-0.3777684762450301,-1.7966998529056495,-0.3777692012332015,-1.796699500568348,7.249881713855544e-07,3.523373015568154e-07,8.060703584162541e-07,7.249881713855544e-07,21.980115180075124,1.0281837873549193e-05,-1.0281837873549193e-05,-4.67778852826181e-07,21.98012559061027,1.2869727328279623e-07,1.2869727328279623e-07,5.85516554515587e-09
higher_energy_wide_swing,dop853_moderate,DOP853,1e-06,1e-08,1.1218697829716193,0.17526916256079758,-0.5854475226802994,0.1752689426773963,-0.5854481385952441,2.19883401292309e-07,6.159149447126921e-07,6.159149447126921e-07,-0.37819924928839804,-1.8181445205035143,-0.37819997914648174,-1.818144218507482,7.29858083692303e-07,3.019960321815063e-07,7.898698790208258e-07,7.29858083692303e-07,21.9800734759352,5.198597779809688e-05,-5.198597779809688e-05,-2.3651356261900237e-06,21.980127250643243,1.7887302448116316e-06,1.7887302448116316e-06,8.13794374336548e-08
higher_energy_wide_swing,dop853_moderate,DOP853,1e-06,1e-08,1.1252086811352253,0.1492670156950476,-0.5548269689014803,0.14926662816655245,-0.5548273539983265,3.875284951548874e-07,3.8509684618937e-07,3.875284951548874e-07,-0.3780828943957773,-1.838871953239934,-0.378083604944149,-1.8388718080028852,7.105483716962624e-07,1.4523704883195876e-07,7.252398147327728e-07,7.105483716962624e-07,21.979970894795123,0.00015456711787464883,-0.00015456711787464883,-7.032130828483287e-06,21.980127862260176,2.400347177911044e-06,2.400347177911044e-06,1.09205344713357e-07
higher_energy_wide_swing,dop853_moderate,DOP853,1e-06,1e-08,1.1285475792988313,0.12252696530585229,-0.5231365257962262,0.12252654207088798,-0.5231368630938753,4.2323496431129204e-07,3.372976491444746e-07,4.2323496431129204e-07,-0.3773790111411382,-1.8587593939198954,-0.37737972338933407,-1.8587592771340156,7.122481958665716e-07,1.1678587985564093e-07,7.2175926336199e-07,7.122481958665716e-07,21.97994331785993,0.00018214405306693493,-0.00018214405306693493,-8.286761300910354e-06,21.98013120229872,5.740385720542918e-06,5.740385720542918e-06,2.611625548038757e-07
higher_energy_wide_swing,dop853_moderate,DOP853,1e-06,1e-08,1.1318864774624375,0.09501687528917827,-0.49033402604574194,0.09501676253672744,-0.49033479562756654,1.1275245082043028e-07,7.695818246000741e-07,7.695818246000741e-07,-0.3760466162490629,-1.8776648999575056,-0.3760474073990955,-1.8776645482425882,7.91150032597443e-07,3.517149174125933e-07,8.658069976671952e-07,7.91150032597443e-07,21.98002931111666,9.615079633817913e-05,-9.615079633817913e-05,-4.374442561976661e-06,21.980138917021115,1.3455108117454984e-05,1.3455108117454984e-05,6.121488314873314e-07
higher_energy_wide_swing,dop853_moderate,DOP853,1e-06,1e-08,1.1352253756260435,0.06671283665030964,-0.4563885564034551,0.06671307248220373,-0.4563897986697439,2.358318940964832e-07,1.242266288781213e-06,1.242266288781213e-06,-0.374045813572511,-1.8954254681195684,-0.3740466933851459,-1.8954249049193488,8.798126349129909e-07,5.632002195721242e-07,1.0446361854151084e-06,8.798126349129909e-07,21.980100585715547,2.4876197450396376e-05,-2.4876197450396376e-05,-1.1317586650495544e-06,21.980135169715574,9.7078025760311e-06,9.7078025760311e-06,4.41662746322932e-07
higher_energy_wide_swing,dop853_moderate,DOP853,1e-06,1e-08,1.1385642737896495,0.03760371036756632,-0.42128676210191573,0.03760383305019732,-0.4212878271030158,1.226826309985718e-07,1.065001100086782e-06,1.065001100086782e-06,-0.3713401945949951,-1.9118565576251159,-0.3713410438799861,-1.9118561174960846,8.49284991000232e-07,4.40129031220593e-07,9.565555708172117e-07,8.49284991000232e-07,21.98008771918107,3.774273192647115e-05,-3.774273192647115e-05,-1.7171299586925236e-06,21.980121189345965,4.272567032614916e-06,-4.272567032614916e-06,-1.9438319585656548e-07
higher_energy_wide_swing,dop853_moderate,DOP853,1e-06,1e-08,1.1419031719532555,0.007696198824940409,-0.3850399047946003,0.007695875084656689,-0.38504035056666247,3.237402837197312e-07,4.457720621520167e-07,4.457720621520167e-07,-0.367899997300602,-1.9267538297330682,-0.3679007341654286,-1.9267536647942118,7.36864826600403e-07,1.6493885635071592e-07,7.550990656961007e-07,7.36864826600403e-07,21.98013750493007,1.2043017072471685e-05,1.2043017072471685e-05,5.479048376379715e-07,21.98011860876955,6.853143446505783e-06,-6.853143446505783e-06,-3.1178818603109707e-07
higher_energy_wide_swing,dop853_moderate,DOP853,1e-06,1e-08,1.1452420701168615,-0.02297900672924955,-0.34769243151627244,-0.022979292336328377,-0.34769294374696513,2.856070788273546e-07,5.122306926952369e-07,5.122306926952369e-07,-0.3637062140664151,-1.9398974655422068,-0.36370698117760814,-1.9398972844476838,7.671111930118713e-07,1.8109452293302297e-07,7.88197188957456e-07,7.671111930118713e-07,21.980152927572483,2.7465659485415017e-05,2.7465659485415017e-05,1.249567912294555e-06,21.980126905433252,1.4435202544405001e-06,1.4435202544405001e-06,6.567388602680279e-08
higher_energy_wide_swing,dop853_moderate,DOP853,1e-06,1e-08,1.1485809682804675,-0.05435837202813361,-0.3093342806255898,-0.05435869351257888,-0.30933473846990517,3.214844452731347e-07,4.5784431534912073e-07,4.5784431534912073e-07,-0.358756187984793,-1.9510593897392003,-0.35875694510774936,-1.9510592328932184,7.571229563851922e-07,1.5684598198006938e-07,7.731984435762568e-07,7.571229563851922e-07,21.980154653014985,2.9191101987180446e-05,2.9191101987180446e-05,1.3280680329947423e-06,21.980126338928923,8.770159247717402e-07,8.770159247717402e-07,3.990040576844873e-08
higher_energy_wide_swing,dop853_moderate,DOP853,1e-06,1e-08,1.1519198664440735,-0.08634149596561437,-0.2701065319085632,-0.08634197315557991,-0.27010676172039516,4.771899655420242e-07,2.2981183195325272e-07,4.771899655420242e-07,-0.35306836626669347,-1.9600173635684728,-0.35306906315847997,-1.960017261096576,6.968917865002311e-07,1.024718967457261e-07,7.043853006090846e-07,6.968917865002311e-07,21.980153318402984,2.7856489985822463e-05,2.7856489985822463e-05,1.2673489982617245e-06,21.980138628597103,1.3166684105669901e-05,1.3166684105669901e-05,5.990267948417782e-07
higher_energy_wide_swing,dop853_moderate,DOP853,1e-06,1e-08,1.1552587646076795,-0.11878935114781003,-0.23020388199701047,-0.11878992717024504,-0.23020395211667663,5.760224350143117e-07,7.0119666156776e-08,5.760224350143117e-07,-0.34668620906234293,-1.9665727319559703,-0.3466868492953361,-1.966572647691655,6.402329931765038e-07,8.426431530317302e-08,6.457544118202041e-07,6.402329931765038e-07,21.980166053140692,4.059122769461965e-05,4.059122769461965e-05,1.8467241128789657e-06,21.980154449633403,2.8987720405382333e-05,2.8987720405382333e-05,1.318815056611576e-06
higher_energy_wide_swing,dop853_moderate,DOP853,1e-06,1e-08,1.1585976627712855,-0.15152734366258058,-0.18987041508223967,-0.15152738182831094,-0.18987126643593658,3.816573035386739e-08,8.513536969012581e-07,8.513536969012581e-07,-0.3396797912761863,-1.9705703814849334,-0.33968066505829736,-1.9705702150461504,8.737821110549326e-07,1.6643878297806225e-07,8.894925778660737e-07,8.737821110549326e-07,21.980215272127264,8.981021426635039e-05,8.981021426635039e-05,4.085973686636724e-06,21.98012370243044,1.7594825578726159e-06,-1.7594825578726159e-06,-8.004879503174059e-08
higher_energy_wide_swing,dop853_moderate,DOP853,1e-06,1e-08,1.1619365609348915,-0.1843556081269544,-0.14938528167254095,-0.18435527586109274,-0.14938670688189587,3.322658616577989e-07,1.4252093549216305e-06,1.4252093549216305e-06,-0.33214338782306274,-1.971917333667045,-0.3321444705238713,-1.9719171824603516,1.0827008085634304e-06,1.5120669338841708e-07,1.0932083538783286e-06,1.0827008085634304e-06,21.980163702423475,3.8240510477294265e-05,3.8240510477294265e-05,1.7397767152674877e-06,21.98012061523324,4.8466797579749255e-06,-4.8466797579749255e-06,-2.2050282498947593e-07
higher_energy_wide_swing,dop853_moderate,DOP853,1e-06,1e-08,1.1652754590984975,-0.2170663589941233,-0.1090385246935062,-0.21706639225708688,-0.10903939629279782,3.3262963577973537e-08,8.71599291629721e-07,8.71599291629721e-07,-0.3241883413429325,-1.9705946440199225,-0.3241892402483148,-1.9705945420061521,8.989053822960891e-07,1.0201377032004189e-07,9.046754642720163e-07,8.989053822960891e-07,21.980164846533114,3.938462011632282e-05,3.938462011632282e-05,1.7918287220229113e-06,21.980127550413116,2.088500117736203e-06,2.088500117736203e-06,9.501766135753595e-08
higher_energy_wide_swing,dop853_moderate,DOP853,1e-06,1e-08,1.1686143572621035,-0.2494598492761826,-0.06910886558132247,-0.24945989459216875,-0.06910970716601045,4.531598615797883e-08,8.415846879800126e-07,8.415846879800126e-07,-0.3159344320953863,-1.9666588484212975,-0.3159353155844016,-1.9666587791186292,8.834890152797925e-07,6.930266827076537e-08,8.862029676939167e-07,8.834890152797925e-07,21.980180049643764,5.4587730765831566e-05,5.4587730765831566e-05,2.4835040573549405e-06,21.98011502142279,1.0440490207486164e-05,-1.0440490207486164e-05,-4.749968431971587e-07
higher_energy_wide_swing,dop853_moderate,DOP853,1e-06,1e-08,1.1719532554257095,-0.28136128328890375,-0.02984015478626012,-0.2813611848049764,-0.029841196396440964,9.848392734657097e-08,1.0416101808435885e-06,1.0416101808435885e-06,-0.3074993873429192,-1.9602331652553582,-0.3075003338779972,-1.9602331615230224,9.465350779835902e-07,3.732335773776185e-09,9.465424365466819e-07,9.465350779835902e-07,21.980198749466325,7.328755332736137e-05,7.328755332736137e-05,3.3342645588785883e-06,21.980114067256977,1.1394656020513594e-05,-1.1394656020513594e-05,-5.184072329458797e-07
higher_energy_wide_swing,dop853_moderate,DOP853,1e-06,1e-08,1.1752921535893155,-0.31263052768902666,0.008572119204540596,-0.31263067967841196,0.008571414012038023,1.5198938529970007e-07,7.051925025730599e-07,7.051925025730599e-07,-0.2989907037029645,-1.9514910703144512,-0.29899155349168366,-1.9514910296128432,8.497887191705189e-07,4.070160808389289e-08,8.507628859618206e-07,8.497887191705189e-07,21.980191628817877,6.616690487959431e-05,6.616690487959431e-05,3.010306060092689e-06,21.980079882841217,4.557907178082132e-05,-4.557907178082132e-05,-2.073649300127991e-06
higher_energy_wide_swing,dop853_moderate,DOP853,1e-06,1e-08,1.1786310517529215,-0.343167609541296,0.04598843883204448,-0.3431679294286642,0.045987969243780846,3.1988736820531827e-07,4.6958826363519e-07,4.6958826363519e-07,-0.2904994626506903,-1.9406362988284043,-0.2905002329783358,-1.9406362127832215,7.703276455051089e-07,8.604518275667772e-08,7.751183489668366e-07,7.703276455051089e-07,21.980189829560096,6.436764709860654e-05,6.436764709860654e-05,2.9284476656032893e-06,21.98007935582328,4.61060897194443e-05,-4.61060897194443e-05,-2.097626321530175e-06
higher_energy_wide_swing,dop853_moderate,DOP853,1e-06,1e-08,1.1819699499165275,-0.37290930473383965,0.08232045386506698,-0.37290957640483,0.08231995305027617,2.7167099037050946e-07,5.008147908047711e-07,5.008147908047711e-07,-0.2820988130184452,-1.9278849364376458,-0.28209956513667633,-1.9278848786413465,7.521182311398533e-07,5.7796299302026455e-08,7.543356320802771e-07,7.521182311398533e-07,21.98015633260838,3.087069538310061e-05,3.087069538310061e-05,1.4044822190206844e-06,21.980116705491987,8.75642101050289e-06,-8.75642101050289e-06,-3.983790277119188e-07
higher_energy_wide_swing,dop853_moderate,DOP853,1e-06,1e-08,1.1853088480801335,-0.4018230780608679,0.11752249523527253,-0.40182338447878074,0.11752204899596799,3.064179128209332e-07,4.462393045356894e-07,4.462393045356894e-07,-0.2738447060504777,-1.91345169990622,-0.2738454312232756,-1.913451632389514,7.251727978663247e-07,6.751670600380066e-08,7.283090637599378e-07,7.251727978663247e-07,21.98015705094259,3.1589029592993256e-05,3.1589029592993256e-05,1.4371632977132226e-06,21.980119880355442,5.581557555700556e-06,-5.581557555700556e-06,-2.5393656489232686e-07
higher_energy_wide_swing,dop853_moderate,DOP853,1e-06,1e-08,1.1886477462437397,-0.4299024241717473,0.15158505849803322,-0.42990255612405626,0.15158434380444236,1.3195230896823062e-07,7.146935908641794e-07,7.146935908641794e-07,-0.2657769032668498,-1.8975393896157806,-0.26577772971055735,-1.8975394425426104,8.264437075800046e-07,5.2926829807731224e-08,8.281367345505696e-07,8.264437075800046e-07,21.98015138197544,2.5920062441286973e-05,2.5920062441286973e-05,1.1792499768120555e-06,21.980113131321808,1.233059118987967e-05,-1.233059118987967e-05,-5.609882077900796e-07
higher_energy_wide_swing,dop853_moderate,DOP853,1e-06,1e-08,1.1919866444073457,-0.4571588200952317,0.18452358337434574,-0.45715901682090865,0.18452295992268242,1.9672567697082144e-07,6.234516633230047e-07,6.234516633230047e-07,-0.2579222467018359,-1.8803339899313285,-0.2579230360936298,-1.8803340174861183,7.893917939316708e-07,2.755478978322401e-08,7.89872566156503e-07,7.893917939316708e-07,21.980145869177537,2.040726453955699e-05,2.040726453955699e-05,9.284416767737996e-07,21.98011344823173,1.2013681267575294e-05,-1.2013681267575294e-05,-5.465701862526906e-07
higher_energy_wide_swing,dop853_moderate,DOP853,1e-06,1e-08,1.1953255425709517,-0.48361636118330154,0.21637098547528544,-0.48361645341608295,0.21637022009294554,9.223278141234914e-08,7.653823398956483e-07,7.653823398956483e-07,-0.25029719514845156,-1.8620021459601006,-0.25029802433986603,-1.8620022673904264,8.291914144753498e-07,1.2143032579459145e-07,8.380356351982964e-07,8.291914144753498e-07,21.980139672177714,1.4210264716041365e-05,1.4210264716041365e-05,6.465051685289426e-07,21.980115384183932,1.0077729065471885e-05,-1.0077729065471885e-05,-4.5849279081388784e-07
higher_energy_wide_swing,dop853_moderate,DOP853,1e-06,1e-08,1.1986644407345577,-0.5093066605979193,0.24717057068391793,-0.5093066024365774,0.24716960213491992,5.8161341853768533e-08,9.685489980038042e-07,9.685489980038042e-07,-0.2429105180530233,-1.8426913247642154,-0.24291140638686556,-1.8426915900882563,8.883338422638332e-07,2.653240409600244e-07,9.271104907305178e-07,8.883338422638332e-07,21.980124973777112,4.881358854902373e-07,-4.881358854902373e-07,-2.2208057289576243e-08,21.98012000100762,5.460905377674408e-06,-5.460905377674408e-06,-2.48447416150423e-07
higher_energy_wide_swing,dop853_moderate,DOP853,1e-06,1e-08,1.2020033388981637,-0.5342654561651919,0.27697132702642857,-0.5342655409143227,0.2769705562268807,8.47491307132131e-08,7.707995478556384e-07,7.707995478556384e-07,-0.23576533402699124,-1.822530917857322,-0.23576614838865906,-1.822531085472265,8.143616678224497e-07,1.6761494303629831e-07,8.314323154338081e-07,8.143616678224497e-07,21.980150798246466,2.5336333468573002e-05,2.5336333468573002e-05,1.1526928502967655e-06,21.98011901472231,6.447190688874116e-06,-6.447190688874116e-06,-2.933191032073844e-07
higher_energy_wide_swing,dop853_moderate,DOP853,1e-06,1e-08,1.2053422370617697,-0.5585312450439077,0.30582603267842506,-0.5585313054399983,0.30582522154249914,6.039609057317818e-08,8.111359259266315e-07,8.111359259266315e-07,-0.22886023385348864,-1.8016329544280296,-0.22886105856961114,-1.8016331666389374,8.247161225050093e-07,2.1221090773515527e-07,8.515809721227195e-07,8.247161225050093e-07,21.980155376695915,2.991478291747285e-05,2.991478291747285e-05,1.360992364184134e-06,21.98011364911572,1.1812797279020515e-05,-1.1812797279020515e-05,-5.374308394867738e-07
higher_energy_wide_swing,dop853_moderate,DOP853,1e-06,1e-08,1.2086811352253757,-0.5821422426098632,0.3337870544447732,-0.582142284787457,0.33378621741430964,4.21775937509139e-08,8.370304635518799e-07,8.370304635518799e-07,-0.22219117383656406,-1.7800951251492179,-0.22219199990047073,-1.7800953761898048,8.260639066670628e-07,2.510405869848853e-07,8.633672186339747e-07,8.260639066670628e-07,21.98015532774109,2.9865828093278424e-05,2.9865828093278424e-05,1.3587651328482958e-06,21.9801122958866,1.3166026398891972e-05,-1.3166026398891972e-05,-5.989968720472486e-07
higher_energy_wide_swing,dop853_moderate,DOP853,1e-06,1e-08,1.2120200333889817,-0.6051359493078738,0.3609057551293661,-0.6051360101686686,0.3609049537043952,6.08607947372164e-08,8.01424970942044e-07,8.01424970942044e-07,-0.21575210758720925,-1.7580021328477329,-0.21575290743580966,-1.7580023812259278,7.998486004079375e-07,2.4837819490031166e-07,8.375258272295092e-07,7.998486004079375e-07,21.980154897034993,2.9435121994936253e-05,2.9435121994936253e-05,1.3391698808062411e-06,21.980113839956935,1.1621956062413119e-05,-1.1621956062413119e-05,-5.287483951150125e-07
higher_energy_wide_swing,dop853_moderate,DOP853,1e-06,1e-08,1.2153589315525877,-0.6275483569417757,0.3872314068841179,-0.6275484020242834,0.38723058547846895,4.5082507726945664e-08,8.214056489430632e-07,8.214056489430632e-07,-0.20953572990604136,-1.7354275519560785,-0.20953652698629555,-1.7354278356693769,7.970802541890087e-07,2.837132984101487e-07,8.46067472080555e-07,7.970802541890087e-07,21.980153948938035,2.8487025037549074e-05,2.8487025037549074e-05,1.2960355975634072e-06,21.980113646150492,1.1815762505307248e-05,-1.1815762505307248e-05,-5.375657443712738e-07
higher_energy_wide_swing,dop853_moderate,DOP853,1e-06,1e-08,1.2186978297161937,-0.6494135635808068,0.4128106673396278,-0.6494136422692316,0.41280989334405227,7.868842477609661e-08,7.739955755203809e-07,7.739955755203809e-07,-0.2035339775088983,-1.712435408503565,-0.2035347491570168,-1.7124356714346474,7.716481185138235e-07,2.629310824620035e-07,8.152138203750993e-07,7.716481185138235e-07,21.980155802704264,3.0340791266070255e-05,3.0340791266070255e-05,1.3803738890683113e-06,21.980113654998956,1.180691404201184e-05,-1.180691404201184e-05,-5.371631778203803e-07
higher_energy_wide_swing,dop853_moderate,DOP853,1e-06,1e-08,1.2220367278797997,-0.6707636872515362,0.437687467211502,-0.670763809094425,0.4376867536466139,1.2184288877836735e-07,7.13564888066287e-07,7.13564888066287e-07,-0.19773834038343813,-1.689081440378684,-0.19773908212898,-1.689081667084475,7.417455418767815e-07,2.2670579102879174e-07,7.756171507774119e-07,7.417455418767815e-07,21.98016019000781,3.4728094810532184e-05,3.4728094810532184e-05,1.579977096614338e-06,21.980113342740566,1.21191724318237e-05,-1.21191724318237e-05,-5.513695748836244e-07
higher_energy_wide_swing,dop853_moderate,DOP853,1e-06,1e-08,1.2253756260434057,-0.6916287877109806,0.4619029115465792,-0.6916288677552854,0.4619021428696694,8.004430485097913e-08,7.686769097903223e-07,7.686769097903223e-07,-0.19214012255113416,-1.6654142901990088,-0.19214087232628896,-1.6654145817097996,7.497751547957954e-07,2.9151079083966636e-07,8.044509456300158e-07,7.497751547957954e-07,21.980157286713983,3.182480098473661e-05,3.182480098473661e-05,1.4478898694132751e-06,21.980112743973017,1.27179399811439e-05,-1.27179399811439e-05,-5.786108911517113e-07
higher_energy_wide_swing,dop853_moderate,DOP853,1e-06,1e-08,1.2287145242070117,-0.7120366387651211,0.48549497840244915,-0.7120366961464183,0.4854941810617758,5.7381297158265454e-08,7.973406733752242e-07,7.973406733752242e-07,-0.18673072996664886,-1.6414768318533846,-0.18673147860955397,-1.6414771664374799,7.486429051128951e-07,3.3458409531839095e-07,8.200077537535248e-07,7.486429051128951e-07,21.980155362552573,2.9900639574975685e-05,2.9900639574975685e-05,1.360348903685163e-06,21.98011235988149,1.3102031509504286e-05,-1.3102031509504286e-05,-5.960853832343856e-07
higher_energy_wide_swing,dop853_moderate,DOP853,1e-06,1e-08,1.2320534223706177,-0.7320131011242272,0.5084990339836477,-0.7320131566451293,0.5084982372699033,5.5520902098038505e-08,7.967137444220285e-07,7.967137444220285e-07,-0.18150165652712363,-1.6173066790279151,-0.1815023937359561,-1.6173070298126422,7.37208832479741e-07,3.5078472704341834e-07,8.164109182348484e-07,7.37208832479741e-07,21.980155350612247,2.9888699248914463e-05,2.9888699248914463e-05,1.3598056708413874e-06,21.980112377370823,1.308454217507915e-05,-1.308454217507915e-05,-5.952896946722143e-07
higher_energy_wide_swing,dop853_moderate,DOP853,1e-06,1e-08,1.2353923205342237,-0.7515821462524895,0.5309478739948045,-0.7515822005042813,0.5309470791434475,5.425179172569017e-08,7.948513569555615e-07,7.948513569555615e-07,-0.1764445988428256,-1.5929370024151566,-0.17644532390204348,-1.592937367845738,7.250592178875692e-07,3.654305813505232e-07,8.119423496960329e-07,7.250592178875692e-07,21.98015540837011,2.99464571114072e-05,2.99464571114072e-05,1.362433402088546e-06,21.98011258584456,1.2876068439027222e-05,-1.2876068439027222e-05,-5.858050474433725e-07
higher_energy_wide_swing,dop853_moderate,DOP853,1e-06,1e-08,1.2387312186978297,-0.7707659390503241,0.552871844243864,-0.7707659910749821,0.5528710488731426,5.202465802600642e-08,7.953707213959049e-07,7.953707213959049e-07,-0.17155152241235683,-1.5683971941359007,-0.17155223661016616,-1.568397575566558,7.141978093372359e-07,3.814306572813564e-07,8.096714501427071e-07,7.141978093372359e-07,21.980155430691532,2.9968778534339435e-05,2.9968778534339435e-05,1.363448929637327e-06,21.980112934444108,1.2527468889800275e-05,-1.2527468889800275e-05,-5.699452858678074e-07
higher_energy_wide_swing,dop853_moderate,DOP853,1e-06,1e-08,1.2420701168614359,-0.7895849802428546,0.5742990420218962,-0.7895850321396019,0.574298247629139,5.189674723293791e-08,7.943927572418019e-07,7.943927572418019e-07,-0.16681468295009017,-1.5437133672302261,-0.16681538644378957,-1.543713761931119,7.034936994054775e-07,3.947008928584239e-07,8.066549323759456e-07,7.034936994054775e-07,21.98015548352479,3.002161179210816e-05,3.002161179210816e-05,1.365852612812852e-06,21.9801135381391,1.1923773897137835e-05,-1.1923773897137835e-05,-5.424797923833175e-07
higher_energy_wide_swing,dop853_moderate,DOP853,1e-06,1e-08,1.2454090150250419,-0.8080582382038483,0.5952555026887053,-0.8080582894804813,0.5952547092973564,5.127663305071195e-08,7.933913489521771e-07,7.933913489521771e-07,-0.1622266376869551,-1.518908785693048,-0.16222733004654766,-1.5189091934931596,6.923595925467652e-07,4.07800111457135e-07,8.035314158736885e-07,6.923595925467652e-07,21.98015571715105,3.0255238051779543e-05,3.0255238051779543e-05,1.3764815903442225e-06,21.980113258217187,1.2203695810342197e-05,-1.2203695810342197e-05,-5.552150205643127e-07
higher_energy_wide_swing,dop853_moderate,DOP853,1e-06,1e-08,1.2487479131886479,-0.826203270550917,0.6157653719412997,-0.8262033157958062,0.6157645723933387,4.5244889168571945e-08,7.995479609501643e-07,7.995479609501643e-07,-0.15778024918874034,-1.4940042347439335,-0.15778093254642866,-1.4940046632779218,6.833576883247261e-07,4.2853398829478806e-07,8.066096387450073e-07,6.833576883247261e-07,21.980155606157123,3.014424412484118e-05,3.014424412484118e-05,1.3714318499716894e-06,21.98011301673971,1.2445173286579347e-05,-1.2445173286579347e-05,-5.662011942627103e-07
higher_energy_wide_swing,dop853_moderate,DOP853,1e-06,1e-08,1.2520868113522539,-0.8440363211489603,0.6358510441902774,-0.8440363606495805,0.6358502399108872,3.950062021917944e-08,8.04279390198559e-07,8.04279390198559e-07,-0.15346869011158615,-1.46901836283126,-0.15346936345435713,-1.4690188109422857,6.733427709848527e-07,4.481110256193688e-07,8.088225877899321e-07,6.733427709848527e-07,21.98015544658581,2.9984672814009627e-05,2.9984672814009627e-05,1.3641720501535286e-06,21.980113144335647,1.2317577350984266e-05,-1.2317577350984266e-05,-5.60396134786768e-07
higher_energy_wide_swing,dop853_moderate,DOP853,1e-06,1e-08,1.2554257095158599,-0.8615724385074037,0.6555333297045685,-0.86157247347334,0.6555325222056616,3.4965936257513874e-08,8.074989068518335e-07,8.074989068518335e-07,-0.14928543067285593,-1.4439679338408018,-0.149286093567347,-1.4439683995429184,6.628944910769263e-07,4.6570211664764827e-07,8.101281181086341e-07,6.628944910769263e-07,21.980155646070504,3.0184157505885878e-05,3.0184157505885878e-05,1.3732477350135588e-06,21.980112926221036,1.2535691961801376e-05,-1.2535691961801376e-05,-5.703193998379642e-07
higher_energy_wide_swing,dop853_moderate,DOP853,1e-06,1e-08,1.2587646076794659,-0.8788255765874111,0.6748315983596914,-0.8788256048341707,0.674830783040046,2.8246759598005156e-08,8.153196454641076e-07,8.153196454641076e-07,-0.1452242267849143,-1.4188680521681136,-0.1452248814196374,-1.4188685398019891,6.546347230962368e-07,4.876338755011034e-07,8.162924826430244e-07,6.546347230962368e-07,21.980155531987965,3.0070074966914717e-05,3.0070074966914717e-05,1.368057476242341e-06,21.980112006399317,1.34555136810377e-05,-1.34555136810377e-05,-6.121672828643911e-07
higher_energy_wide_swing,dop853_moderate,DOP853,1e-06,1e-08,1.2621035058430718,-0.8958086779135548,0.6937638970624295,-0.8958086975711164,0.6937630702939361,1.9657561578512173e-08,8.267684933338515e-07,8.267684933338515e-07,-0.1412791121564405,-1.3937323712153793,-0.14127976009699872,-1.3937328845333417,6.479405582071607e-07,5.133179623584283e-07,8.266331093354631e-07,6.479405582071607e-07,21.980155456303883,2.9994390885690336e-05,2.9994390885690336e-05,1.3646141800993993e-06,21.98011063552991,1.4826383086585793e-05,-1.4826383086585793e-05,-6.745358716116904e-07
higher_energy_wide_swing,dop853_moderate,DOP853,1e-06,1e-08,1.2654424040066778,-0.9125337576278815,0.712347070019707,-0.9125337686684851,0.7123462327215299,1.1040603653533765e-08,8.372981771254118e-07,8.372981771254118e-07,-0.13744438430249595,-1.3685732594919118,-0.13744502474902764,-1.368573798025962,6.404465316967034e-07,5.385340502428448e-07,8.367739738025433e-07,6.404465316967034e-07,21.980155799410852,3.033749785430473e-05,3.033749785430473e-05,1.3802240531735512e-06,21.980109405373412,1.6056539585918017e-05,-1.6056539585918017e-05,-7.305026358352992e-07
higher_energy_wide_swing,dop853_moderate,DOP853,1e-06,1e-08,1.2687813021702838,-0.9290119779372814,0.7305968657897239,-0.9290119828437805,0.7305960245615669,4.906499095902461e-09,8.412281570224778e-07,8.412281570224778e-07,-0.13371459125015883,-1.343401946510347,-0.13371522071429343,-1.3434025039434023,6.294641345938601e-07,5.57433055270451e-07,8.408071763776442e-07,6.294641345938601e-07,21.980156631635808,3.1169722809920586e-05,3.1169722809920586e-05,1.4180866648796549e-06,21.980108868333108,1.6593579889701005e-05,-1.6593579889701005e-05,-7.549356312116707e-07
higher_energy_wide_swing,dop853_moderate,DOP853,1e-06,1e-08,1.2721202003338898,-0.9452537156589217,0.7485280345941026,-0.9452537188279849,0.7485271998084704,3.1690632340541924e-09,8.347856321755387e-07,8.347856321755387e-07,-0.1300845185779549,-1.318228648921314,-0.13008513207407046,-1.3182292144746173,6.134961155757068e-07,5.655533032999926e-07,8.344027940389548e-07,6.134961155757068e-07,21.98015774272411,3.228081111217307e-05,3.228081111217307e-05,1.4686363445972602e-06,21.980109256442265,1.6205470732444383e-05,-1.6205470732444383e-05,-7.372783545082627e-07
higher_energy_wide_swing,dop853_moderate,DOP853,1e-06,1e-08,1.2754590984974958,-0.9612686233692109,0.7661544166742319,-0.9612686293159186,0.7661535979518368,5.946707681836472e-09,8.187223951017231e-07,8.187223951017231e-07,-0.12654917702131707,-1.2930626799412557,-0.1265497703828713,-1.2930632427421829,5.93361554224181e-07,5.628009271951839e-07,8.17815882508462e-07,5.93361554224181e-07,21.980158798116,3.33362030033868e-05,3.33362030033868e-05,1.5166520801326422e-06,21.98011038800955,1.5073903448126202e-05,-1.5073903448126202e-05,-6.857969702787254e-07
higher_energy_wide_swing,dop853_moderate,DOP853,1e-06,1e-08,1.2787979966611018,-0.9770656846617648,0.7834890224749953,-0.9770656955644023,0.783488222991725,1.0902637459508924e-08,7.994832702529209e-07,7.994832702529209e-07,-0.12310379078406197,-1.267912544625111,-0.12310436328213192,-1.2679130998278685,5.724980699506332e-07,5.552027575461693e-07,7.974986784215198e-07,5.724980699506332e-07,21.98015949493439,3.403302139304287e-05,3.403302139304287e-05,1.5483542826911997e-06,21.980111765526694,1.3696386304218322e-05,-1.3696386304218322e-05,-6.231259383824411e-07
higher_energy_wide_swing,dop853_moderate,DOP853,1e-06,1e-08,1.2821368948247078,-0.9926532640198404,0.8005441054390648,-0.9926532776159485,0.8005433175371923,1.3596108017210895e-08,7.879018725232001e-07,7.879018725232001e-07,-0.11974378662334706,-1.2427860230858472,-0.11974434268233924,-1.242786577203981,5.560589921849157e-07,5.541181338220014e-07,7.850149737553301e-07,5.560589921849157e-07,21.980159663409104,3.420149610633416e-05,3.420149610633416e-05,1.5560191485530083e-06,21.9801128134314,1.2648481597210548e-05,-1.2648481597210548e-05,-5.754508371268283e-07
higher_energy_wide_swing,dop853_moderate,DOP853,1e-06,1e-08,1.2854757929883138,-1.0080391518087075,0.8173312281949505,-1.0080391611257074,0.8173304337955288,9.316999838304696e-09,7.943994216885741e-07,7.943994216885741e-07,-0.11646478371937086,-1.2176902433608334,-0.11646533219469013,-1.2176908148538175,5.484753192730452e-07,5.714929840472394e-07,7.92104416517726e-07,5.714929840472394e-07,21.98015930262143,3.384070843281961e-05,3.384070843281961e-05,1.5396048803933602e-06,21.98011317029217,1.2291620826943017e-05,-1.2291620826943017e-05,-5.592152259659231e-07
higher_energy_wide_swing,dop853_moderate,DOP853,1e-06,1e-08,1.2888146911519198,-1.0232306048934248,0.8338613229219853,-1.0232306017693935,0.8338605032596361,3.1240312559077665e-09,8.196623492162658e-07,8.196623492162658e-07,-0.1132625842983851,-1.1926317452658453,-0.1132631335028248,-1.1926323549189155,5.492044397037432e-07,6.096530702492942e-07,8.205500488420516e-07,6.096530702492942e-07,21.980158561597587,3.309968458964363e-05,3.309968458964363e-05,1.5058915221843718e-06,21.98011293071329,1.2531199708121221e-05,-1.2531199708121221e-05,-5.701150218562307e-07
higher_energy_wide_swing,dop853_moderate,DOP853,1e-06,1e-08,1.2921535893155258,-1.0382343833874896,0.8501447466754359,-1.038234368025564,0.8501439064057007,1.5361925731482984e-08,8.402697352360988e-07,8.402697352360988e-07,-0.11013316494606484,-1.1676165362566913,-0.11013371161891494,-1.1676171808493485,5.46672850099128e-07,6.445926572506977e-07,8.451928175375244e-07,6.445926572506977e-07,21.980157684289367,3.222237636890668e-05,3.222237636890668e-05,1.4659778182222564e-06,21.980112711268905,1.275064409256288e-05,-1.275064409256288e-05,-5.800987858170829e-07
higher_energy_wide_swing,dop853_moderate,DOP853,1e-06,1e-08,1.2954924874791318,-1.0530567840378304,0.8661913324549191,-1.0530567611498973,0.8661904865554724,2.2887933104343006e-08,8.458994467108738e-07,8.458994467108738e-07,-0.10707266852601982,-1.1426501400321463,-0.10707320511559426,-1.142650804383429,5.365895744402494e-07,6.643512826531861e-07,8.539853617954475e-07,6.643512826531861e-07,21.9801569345638,3.147265080372108e-05,3.147265080372108e-05,1.431868569551919e-06,21.980112553703854,1.2908209143347449e-05,-1.2908209143347449e-05,-5.872673095390061e-07
higher_energy_wide_swing,dop853_moderate,DOP853,1e-06,1e-08,1.298831385642738,-1.0677036707516088,0.882010436799314,-1.0677036412851875,0.8820095890735346,2.9466421302970502e-08,8.477257794625714e-07,8.477257794625714e-07,-0.10407739660361504,-1.1177376383565956,-0.10407792121182124,-1.1177383186315628,5.246082062093649e-07,6.802749672463193e-07,8.590621636902584e-07,6.802749672463193e-07,21.980156508441926,3.104652892815807e-05,3.104652892815807e-05,1.4124818796851396e-06,21.980112434113096,1.3027799901976778e-05,-1.3027799901976778e-05,-5.927081683201152e-07
higher_energy_wide_swing,dop853_moderate,DOP853,1e-06,1e-08,1.302170283806344,-1.0821805027702958,0.8976109846913478,-1.0821804680107963,0.8976101381616547,3.475949950093593e-08,8.465296931214894e-07,8.465296931214894e-07,-0.10114380226701525,-1.0928837063534333,-0.10114431374501331,-1.0928843988957426,5.114779980663897e-07,6.925423092773997e-07,8.609440124916807e-07,6.925423092773997e-07,21.98015642801017,3.0966097170903595e-05,3.0966097170903595e-05,1.408822584955733e-06,21.980112434701173,1.302721182483424e-05,-1.302721182483424e-05,-5.926814133708062e-07
higher_energy_wide_swing,dop853_moderate,DOP853,1e-06,1e-08,1.30550918196995,-1.0964923603570804,0.9130015098396835,-1.09649232033439,0.9130006626077811,4.002269049507845e-08,8.472319024122044e-07,8.472319024122044e-07,-0.09826848460245508,-1.0680926440356964,-0.09826898429855224,-1.0680933500905756,4.996960971670461e-07,7.060548792292565e-07,8.649911456237098e-07,7.060548792292565e-07,21.9801564227657,3.096085270115623e-05,3.096085270115623e-05,1.4085839844183314e-06,21.98011247042984,1.299148315681009e-05,-1.299148315681009e-05,-5.910559145497891e-07
higher_energy_wide_swing,dop853_moderate,DOP853,1e-06,1e-08,1.308848080133556,-1.1106439637349161,0.9281901772587078,-1.1106439188219106,0.9281893307578614,4.491300553688404e-08,8.465008464186852e-07,8.465008464186852e-07,-0.09544819073126287,-1.0433684195166946,-0.09544867808061097,-1.0433691374128078,4.87349348099464e-07,7.178961132225936e-07,8.676890090770307e-07,7.178961132225936e-07,21.980156369042056,3.090712905873261e-05,3.090712905873261e-05,1.4061397926180292e-06,21.980112432722404,1.3029190593982776e-05,-1.3029190593982776e-05,-5.92771438750869e-07
higher_energy_wide_swing,dop853_moderate,DOP853,1e-06,1e-08,1.312186978297162,-1.124639695725236,0.9431848298843719,-1.1246396458679826,0.9431839830012269,4.985725343686909e-08,8.468831450558767e-07,8.468831450558767e-07,-0.09267980462175385,-1.0187146827336186,-0.09268028040943899,-1.0187154132048795,4.757876851391174e-07,7.30471260812493e-07,8.71758099591299e-07,7.30471260812493e-07,21.98015637096253,3.090904953140239e-05,3.090904953140239e-05,1.4062271657621502e-06,21.980112255996815,1.3205916182812416e-05,-1.3205916182812416e-05,-6.008116835227138e-07
higher_energy_wide_swing,dop853_moderate,DOP853,1e-06,1e-08,1.315525876460768,-1.1384836192550085,0.9579930098864674,-1.1384835642497815,0.957992161860186,5.500522703982824e-08,8.48026281419223e-07,8.48026281419223e-07,-0.08996034915631757,-0.9941347969334158,-0.0899608138642568,-0.9941355405963728,4.6470793924058285e-07,7.436629569923525e-07,8.769196442068331e-07,7.436629569923525e-07,21.980156390861975,3.092894897704923e-05,3.092894897704923e-05,1.4071325038905119e-06,21.980111936376417,1.3525536580516473e-05,-1.3525536580516473e-05,-6.153530198885091e-07
higher_energy_wide_swing,dop853_moderate,DOP853,1e-06,1e-08,1.318864774624374,-1.1521794943063561,0.9726219875617725,-1.15217943410739,0.9726211397744797,6.019896603426389e-08,8.477872928125407e-07,8.477872928125407e-07,-0.08728698319336803,-0.9696318588445696,-0.0872874361414433,-0.9696326144270941,4.529480752690773e-07,7.555825245475489e-07,8.809465990011024e-07,7.555825245475489e-07,21.980156378537043,3.0916624044863283e-05,3.0916624044863283e-05,1.4065717731427596e-06,21.980111523319696,1.3938593301787705e-05,-1.3938593301787705e-05,-6.341453021248855e-07
higher_energy_wide_swing,dop853_moderate,DOP853,1e-06,1e-08,1.32220367278798,-1.1657307937629557,0.9870787892258612,-1.1657307284936747,0.9870779446712481,6.526928109096275e-08,8.445546131330417e-07,8.445546131330417e-07,-0.08465699890021294,-0.9452087151825108,-0.08465743863840702,-0.945209479882682,4.397381940801637e-07,7.647001711852397e-07,8.821201908717534e-07,7.647001711852397e-07,21.98015632804521,3.086613221370271e-05,3.086613221370271e-05,1.4042746146825833e-06,21.980111098434417,1.4363478580747824e-05,-1.4363478580747824e-05,-6.534757322307716e-07
higher_energy_wide_swing,dop853_moderate,DOP853,1e-06,1e-08,1.325542570951586,-1.1791407178305386,1.0013702217805063,-1.1791406476367046,1.001369383411158,7.019383407858015e-08,8.38369348166168e-07,8.38369348166168e-07,-0.08206782056031137,-0.9208679782455064,-0.08206824577209781,-0.920868749207449,4.252117864478322e-07,7.70961942619941e-07,8.804472615111424e-07,7.70961942619941e-07,21.980156274424647,3.081251164971377e-05,3.081251164971377e-05,1.4018351125022223e-06,21.980110750920932,1.4710992065403161e-05,-1.4710992065403161e-05,-6.69286082597402e-07
higher_energy_wide_swing,dop853_moderate,DOP853,1e-06,1e-08,1.328881469115192,-1.1924122072018033,1.0155028942998534,-1.1924121320577514,1.0155020632013447,7.514405186981321e-08,8.310985086801281e-07,8.310985086801281e-07,-0.07951700463564693,-0.8966120407481932,-0.07951741502530763,-0.8966128167990328,4.1038966069884e-07,7.760508395904253e-07,8.77880731783944e-07,7.760508395904253e-07,21.98015626358978,3.080167678248813e-05,3.080167678248813e-05,1.4013421732219432e-06,21.980110555544268,1.4906368729583619e-05,-1.4906368729583619e-05,-6.781748700849441e-07
higher_energy_wide_swing,dop853_moderate,DOP853,1e-06,1e-08,1.332220367278798,-1.2055479551360495,1.0294832369785443,-1.2055478746878865,1.029482411065815,8.044816302010815e-08,8.259127293186452e-07,8.259127293186452e-07,-0.07700224087452001,-0.8724430899593614,-0.07700263770150717,-0.8724438729349188,3.9682698715903797e-07,7.82975557389598e-07,8.777940425904422e-07,7.82975557389598e-07,21.980156319489204,3.085757620624463e-05,3.085757620624463e-05,1.4038853535988416e-06,21.980110556474205,1.4905438792567338e-05,-1.4905438792567338e-05,-6.781325619999474e-07
higher_energy_wide_swing,dop853_moderate,DOP853,1e-06,1e-08,1.335559265442404,-1.2185504186238423,1.0433175177849616,-1.2185503321262154,1.0433166914639624,8.64976268388773e-08,8.263209991810072e-07,8.263209991810072e-07,-0.0745213542657771,-0.8483631211384073,-0.07452174035780168,-0.8483639163314441,3.8609202457351444e-07,7.951930368621518e-07,8.839677693860375e-07,7.951930368621518e-07,21.980156424078395,3.096216539688612e-05,3.096216539688612e-05,1.4086437063581432e-06,21.980110758530422,1.4703382575476098e-05,-1.4703382575476098e-05,-6.689398839398808e-07
higher_energy_wide_swing,dop853_moderate,DOP853,1e-06,1e-08,1.33889816360601,-1.2314218288070178,1.0570118571627762,-1.2314217351827694,1.0570110221478486,9.362424835401839e-08,8.350149276470376e-07,8.350149276470376e-07,-0.07207230765213002,-0.8243739502003432,-0.07207268687547985,-0.8243747656911733,3.792233498334241e-07,8.154908300861408e-07,8.993529023767402e-07,8.154908300861408e-07,21.98015651783109,3.105591809315911e-05,3.105591809315911e-05,1.4129090458092506e-06,21.980111126144706,1.4335768291573459e-05,-1.4335768291573459e-05,-6.52215034732826e-07
higher_energy_wide_swing,dop853_moderate,DOP853,1e-06,1e-08,1.342237061769616,-1.2441642008243374,1.0705722411239718,-1.2441640988490885,1.0705713883488959,1.0197524891175647e-07,8.527750758879904e-07,8.527750758879904e-07,-0.06965320482761506,-0.8004772254817218,-0.06965358111849718,-0.8004780703540926,3.762908821203226e-07,8.448723707310535e-07,9.248806143452252e-07,8.448723707310535e-07,21.980156521428125,3.105951512694105e-05,3.105951512694105e-05,1.4130726951836901e-06,21.980111589568928,1.3872344069909559e-05,-1.3872344069909559e-05,-6.311312505448368e-07
higher_energy_wide_swing,dop853_moderate,DOP853,1e-06,1e-08,1.345575959933222,-1.2567793432531036,1.084004533076521,-1.2567792318395208,1.0840036553846446,1.114135828039764e-07,8.77691876288722e-07,8.77691876288722e-07,-0.06726229395727934,-0.7766744384286909,-0.0672626701219099,-0.7766753201316109,3.7616463055556437e-07,8.817029200081095e-07,9.585926498945372e-07,8.817029200081095e-07,21.980156372934523,3.091102152552594e-05,3.091102152552594e-05,1.4063168829080767e-06,21.980112057406757,1.3404506240988212e-05,-1.3404506240988212e-05,-6.098466664448955e-07
higher_energy_wide_swing,dop853_moderate,DOP853,1e-06,1e-08,1.348914858096828,-1.269268867317045,1.0973144847298955,-1.2692687458462686,1.097313579776226,1.2147077632640446e-07,9.049536695560079e-07,9.049536695560079e-07,-0.06489797117077822,-0.7529669329831052,-0.06489834774471737,-0.7529678543695189,3.765739391425882e-07,9.213864136103922e-07,9.953697076097838e-07,9.213864136103922e-07,21.98015606920018,3.060728718295991e-05,3.060728718295991e-05,1.3924982928780817e-06,21.98011243434545,1.3027567547396757e-05,-1.3027567547396757e-05,-5.926975971984705e-07
higher_energy_wide_swing,dop853_moderate,DOP853,1e-06,1e-08,1.3522537562604342,-1.28163419603078,1.1105077464215807,-1.2816340646512105,1.110506818967199,1.3137956944575535e-07,9.274543817383574e-07,9.274543817383574e-07,-0.06255878419567229,-0.7293559134027133,-0.06255915871468876,-0.7293568702565807,3.7451901646612384e-07,9.568538673621063e-07,1.0275377448933796e-06,9.568538673621063e-07,21.980155695377395,3.0233464396900445e-05,3.0233464396900445e-05,1.3754909838567014e-06,21.98011264294911,1.2818963888605595e-05,-1.2818963888605595e-05,-5.83207039050719e-07
higher_energy_wide_swing,dop853_moderate,DOP853,1e-06,1e-08,1.3555926544240402,-1.293876573451167,1.123589877207771,-1.293876433237522,1.1235889397343999,1.402136449168978e-07,9.374733711542405e-07,9.374733711542405e-07,-0.06024343591081249,-0.7058424502164353,-0.0602438029864778,-0.7058434303690526,3.6707566530846947e-07,9.80152617291452e-07,1.0466344620950235e-06,9.80152617291452e-07,21.980155422312315,2.9960399317019437e-05,2.9960399317019437e-05,1.3630677117350673e-06,21.980112648495563,1.2813417434642815e-05,-1.2813417434642815e-05,-5.829546995464522e-07
higher_energy_wide_swing,dop853_moderate,DOP853,1e-06,1e-08,1.3589315525876462,-1.305997074205861,1.136566355061434,-1.305996927044137,1.1365654253814648,1.4716172413997697e-07,9.296799692304347e-07,9.296799692304347e-07,-0.057950787715297825,-0.6824274839852555,-0.05795114032865467,-0.6824284694178242,3.5261335684655393e-07,9.854325686564636e-07,1.0466200489172138e-06,9.854325686564636e-07,21.980155448100785,2.9986187787045537e-05,2.9986187787045537e-05,1.3642409748299838e-06,21.980112486062005,1.2975850992802407e-05,-1.2975850992802407e-05,-5.90344719154896e-07
higher_energy_wide_swing,dop853_moderate,DOP853,1e-06,1e-08,1.3622704507512522,-1.3179966134693692,1.1494425875209011,-1.3179964615060606,1.1494416818056599,1.5196330860334228e-07,9.057152412506042e-07,9.057152412506042e-07,-0.05567986262412816,-0.659111826512998,-0.05568019505014643,-0.6591128001439852,3.32426018267995e-07,9.736309871666293e-07,1.028816969529847e-06,9.736309871666293e-07,21.980155857262528,3.0395349529754867e-05,3.0395349529754867e-05,1.3828560525017797e-06,21.980112289360115,1.3172552883133903e-05,-1.3172552883133903e-05,-5.992937986618506e-07
higher_energy_wide_swing,dop853_moderate,DOP853,1e-06,1e-08,1.3656093489148582,-1.32987595755693,1.1622239231321776,-1.3298758010005312,1.1622230425012852,1.5655639895584272e-07,8.806308924302897e-07,8.806308924302897e-07,-0.053429848017901516,-0.6358961591287117,-0.05343016053877414,-0.6358971193086466,3.125208726251216e-07,9.601799348946116e-07,1.0097597749963048e-06,9.601799348946116e-07,21.980156368737543,3.0906824544985056e-05,3.0906824544985056e-05,1.4061259385684663e-06,21.98011220664886,1.3255264136091682e-05,-1.3255264136091682e-05,-6.03056800520102e-07
higher_energy_wide_swing,dop853_moderate,DOP853,1e-06,1e-08,1.3689482470784642,-1.3416357254591105,1.1749156524485411,-1.341635565475249,1.1749147659523143,1.599838614918525e-07,8.864962268706478e-07,8.864962268706478e-07,-0.05120010021920174,-0.6127810479174736,-0.05120040572906592,-0.6127820216510182,3.0550986418464987e-07,9.737335446846629e-07,1.020535787299143e-06,9.737335446846629e-07,21.980156316234595,3.0854321597217904e-05,3.0854321597217904e-05,1.4037372830597372e-06,21.98011193114739,1.3530765606617479e-05,-1.3530765606617479e-05,-6.155909178072478e-07
higher_energy_wide_swing,dop853_moderate,DOP853,1e-06,1e-08,1.3722871452420702,-1.3532764014320013,1.187522944052015,-1.3532762478569575,1.187522033425802,1.5357504379309717e-07,9.106262128799614e-07,9.106262128799614e-07,-0.0489901755212544,-0.5897670074749224,-0.048990482915081124,-0.5897680019870973,3.0739382672617666e-07,9.945121749455055e-07,1.0409348830854898e-06,9.945121749455055e-07,21.98015608678307,3.062487007099435e-05,3.062487007099435e-05,1.3932982377221141e-06,21.980111551248147,1.3910664851124466e-05,-1.3910664851124466e-05,-6.328746792291411e-07
higher_energy_wide_swing,dop853_moderate,DOP853,1e-06,1e-08,1.3756260434056762,-1.364798371370054,1.2000508878550442,-1.3647982194631518,1.2000499556988782,1.5190690216826397e-07,9.321561660335931e-07,9.321561660335931e-07,-0.04679982170163377,-0.56685444213318,-0.046800128360167115,-0.5668554596513758,3.066585333444394e-07,1.0175181958116397e-06,1.062724204523797e-06,1.0175181958116397e-06,21.98015596636045,3.0504447451562555e-05,3.0504447451562555e-05,1.3878195328966816e-06,21.980111200042515,1.4261870482812355e-05,-1.4261870482812355e-05,-6.488530062089601e-07
higher_energy_wide_swing,dop853_moderate,DOP853,1e-06,1e-08,1.3789649415692822,-1.376201896702376,1.2125045173752547,-1.3762017395703536,1.2125035706494875,1.5713202228262446e-07,9.467257671147422e-07,9.467257671147422e-07,-0.044628965259422504,-0.5440436655858746,-0.044629266868512096,-0.544044706358094,3.0160908959242505e-07,1.0407722194072377e-06,1.0835934918661328e-06,1.0407722194072377e-06,21.980155971626985,3.0509713987214582e-05,3.0509713987214582e-05,1.3880591373366632e-06,21.980110955513425,1.4506399573122053e-05,-1.4506399573122053e-05,-6.59978015059952e-07
higher_energy_wide_swing,dop853_moderate,DOP853,1e-06,1e-08,1.3823038397328882,-1.3874871309342085,1.2248887966861648,-1.3874869666752925,1.2248878384656006,1.642589160244512e-07,9.582205642288955e-07,9.582205642288955e-07,-0.04247772158304497,-0.5213349108709999,-0.04247801652688876,-0.5213359738411207,2.9494384379269434e-07,1.0629701208131337e-06,1.103130703376847e-06,1.0629701208131337e-06,21.980156013860395,3.055194739687295e-05,3.055194739687295e-05,1.3899805735783056e-06,21.980110835566336,1.4626346661827938e-05,-1.4626346661827938e-05,-6.65435085307969e-07
higher_energy_wide_swing,dop853_moderate,DOP853,1e-06,1e-08,1.3856427378964942,-1.3986541369972605,1.2372086080427798,-1.3986539705663097,1.2372076351867654,1.6643095079871273e-07,9.72856014413992e-07,9.72856014413992e-07,-0.04034640289185898,-0.49872833837314523,-0.04034669293096749,-0.498729421570148,2.900391085081111e-07,1.0831970027602722e-06,1.1213556221168274e-06,1.0831970027602722e-06,21.980155989302375,3.0527389377255076e-05,3.0527389377255076e-05,1.3888632906191876e-06,21.98011080604035,1.4655872647040269e-05,-1.4655872647040269e-05,-6.667783890695191e-07
higher_energy_wide_swing,dop853_moderate,DOP853,1e-06,1e-08,1.3889816360601002,-1.40970290350696,1.2494687400463054,-1.4097027450811002,1.2494677447693658,1.5842585976422185e-07,9.952769395304983e-07,9.952769395304983e-07,-0.03823552372074446,-0.4762240438615476,-0.03823581264488718,-0.47622514457167603,2.8892414272174705e-07,1.1007101284321585e-06,1.1379982192783235e-06,1.1007101284321585e-06,21.98015582894102,3.036702802106106e-05,3.036702802106106e-05,1.3815675471771455e-06,21.980110796846876,1.4665066121466452e-05,-1.4665066121466452e-05,-6.671966521245737e-07
higher_energy_wide_swing,dop853_moderate,DOP853,1e-06,1e-08,1.3923205342237062,-1.4206333600499985,1.2616738762554986,-1.4206332214269144,1.261672849866955,1.3862308412271318e-07,1.0263885437122866e-06,1.0263885437122866e-06,-0.03614580415966118,-0.4538220665708852,-0.036146095673037504,-0.45382318137249994,2.915133763270461e-07,1.1148016147433104e-06,1.152285853775827e-06,1.1148016147433104e-06,21.98015551845141,3.0056538413703038e-05,3.0056538413703038e-05,1.3674416220137046e-06,21.980110722038454,1.4739874544034137e-05,-1.4739874544034137e-05,-6.706001096115346e-07
higher_energy_wide_swing,dop853_moderate,DOP853,1e-06,1e-08,1.3956594323873122,-1.4314453916255452,1.2738285841521773,-1.431445281939342,1.2738275215170254,1.0968620323126288e-07,1.0626351518716604e-06,1.0626351518716604e-06,-0.034078171037189464,-0.43152239732870834,-0.03407846675272064,-0.4315235220731739,2.9571553117335725e-07,1.124744465563765e-06,1.1629693840310072e-06,1.124744465563765e-06,21.980155097477308,2.9635564310126483e-05,2.9635564310126483e-05,1.3482891333572583e-06,21.98011050029887,1.4961614127173561e-05,-1.4961614127173561e-05,-6.806882951191037e-07
higher_energy_wide_swing,dop853_moderate,DOP853,1e-06,1e-08,1.3989983305509182,-1.4421388523635092,1.2859373043684088,-1.442138774155792,1.2859362079255892,7.820771719124764e-08,1.096442819648047e-06,1.096442819648047e-06,-0.03203375721449264,-0.409324986730363,-0.03203405530552217,-0.40932611654910445,2.980910295269368e-07,1.1298187414521266e-06,1.1684813436340763e-06,1.1298187414521266e-06,21.98015464596193,2.9184048933927897e-05,2.9184048933927897e-05,1.3277471497830077e-06,21.980110073061027,1.5388851970499218e-05,-1.5388851970499218e-05,-7.00125756659802e-07
higher_energy_wide_swing,dop853_moderate,DOP853,1e-06,1e-08,1.4023372287145242,-1.452713578643225,1.2980043400828987,-1.4527135250797956,1.2980032225409277,5.356342946960524e-08,1.1175419709630319e-06,1.1175419709630319e-06,-0.030013899133965016,-0.38722975335922083,-0.030014193913867837,-0.3872308827674687,2.9477990282078537e-07,1.1294082478685574e-06,1.167243839761237e-06,1.1294082478685574e-06,21.98015426383089,2.8801917892451456e-05,2.8801917892451456e-05,1.3103618513169642e-06,21.980109418187837,1.6043725160841404e-05,-1.6043725160841404e-05,-7.299196352924307e-07
higher_energy_wide_swing,dop853_moderate,DOP853,1e-06,1e-08,1.4056761268781301,-1.4631694017359398,1.3100338464940984,-1.4631693555122458,1.3100327316078817,4.6223693983549197e-08,1.1148862166798779e-06,1.1148862166798779e-06,-0.028020132745105508,-0.36523659204693115,-0.02802041521737786,-0.36523771519902043,2.824722723504536e-07,1.1231520892773794e-06,1.1581283177156887e-06,1.1231520892773794e-06,21.98015404900373,2.858709073194632e-05,2.858709073194632e-05,1.3005881509403494e-06,21.980108557878534,1.690403446374944e-05,-1.690403446374944e-05,-7.690599625120715e-07
higher_energy_wide_swing,dop853_moderate,DOP853,1e-06,1e-08,1.4090150250417364,-1.4735061600944797,1.3220298202775544,-1.4735060943256997,1.322028741394046,6.576877997765962e-08,1.0788835085318027e-06,1.0788835085318027e-06,-0.026054187908888582,-0.34334538216530874,-0.02605444715130867,-0.3433464932950094,2.592424200864585e-07,1.1111297006372034e-06,1.14097144750007e-06,1.1111297006372034e-06,21.980154077474385,2.8615561387113075e-05,2.8615561387113075e-05,1.3018834417800713e-06,21.980107560171838,1.790174115967602e-05,-1.790174115967602e-05,-8.144512728417328e-07
higher_energy_wide_swing,dop853_moderate,DOP853,1e-06,1e-08,1.4123539232053424,-1.4837237114134674,1.3339960889350144,-1.4837235925578536,1.3339950852792326,1.1885561379543219e-07,1.0036557818171588e-06,1.0036557818171588e-06,-0.02411798136113874,-0.3215559959383267,-0.024118206476610782,-0.32155708999090105,2.2511547204118187e-07,1.0940525743685647e-06,1.116972699413378e-06,1.0940525743685647e-06,21.980154388069682,2.8926156684150328e-05,2.8926156684150328e-05,1.3160141753637105e-06,21.980106534085962,1.8927827035497558e-05,-1.8927827035497558e-05,-8.611337122845618e-07
higher_energy_wide_swing,dop853_moderate,DOP853,1e-06,1e-08,1.4156928213689484,-1.4938219445834793,1.3459362999428204,-1.4938217372003273,1.3459354108995791,2.0738315198443047e-07,8.890432412478333e-07,8.890432412478333e-07,-0.02221360829515162,-0.29986830675945836,-0.022213790577980452,-0.2998693801903134,1.8228282883114844e-07,1.0734308550364169e-06,1.088797883094424e-06,1.0734308550364169e-06,21.98015497348718,2.951157418351613e-05,2.951157418351613e-05,1.3426481224892722e-06,21.9801056190428,1.9842870198516493e-05,-1.9842870198516493e-05,-9.027641918104642e-07
higher_energy_wide_swing,dop853_moderate,DOP853,1e-06,1e-08,1.4190317195325544,-1.503800791662504,1.3578539096070987,-1.5038004645588576,1.357853167537653,3.2710364639143563e-07,7.420694456694577e-07,7.420694456694577e-07,-0.020343332604099595,-0.2782821974964067,-0.020343467532779713,-0.27828324917472963,1.3492868011777404e-07,1.0516783229275184e-06,1.0602985634404879e-06,1.0516783229275184e-06,21.980155778347488,3.031643448991872e-05,3.031643448991872e-05,1.3792657618106328e-06,21.9801049697465,2.0492166498797815e-05,-2.0492166498797815e-05,-9.323043462288917e-07
higher_energy_wide_swing,dop853_moderate,DOP853,1e-06,1e-08,1.4223706176961604,-1.5136602399880914,1.3697521715332732,-1.5136597730610364,1.3697515939499298,4.6692705502060505e-07,5.775833433752098e-07,5.775833433752098e-07,-0.01850957580459911,-0.2567975687618871,-0.018509664479880672,-0.256798600876968,8.867528156208948e-08,1.0321150809011748e-06,1.0359173933204105e-06,1.0321150809011748e-06,21.980156704290042,3.124237704454913e-05,3.124237704454913e-05,1.42139211619541e-06,21.980104738102554,2.072381044371241e-05,-2.072381044371241e-05,-9.42843137070463e-07
higher_energy_wide_swing,dop853_moderate,DOP853,1e-06,1e-08,1.4257095158597664,-1.5234003445535644,1.3816341246174202,-1.5233997353877056,1.3816337068230078,6.091658588669446e-07,4.177944123995303e-07,6.091658588669446e-07,-0.016714904644259065,-0.2354143471257406,-0.016714954343388766,-0.23541536594933776,4.9699129700542244e-08,1.018823597154217e-06,1.020035060971558e-06,1.018823597154217e-06,21.98015762161284,3.2159699841827205e-05,3.2159699841827205e-05,1.4631263091538445e-06,21.980105054053045,2.0407859953053276e-05,-2.0407859953053276e-05,-9.284687654952592e-07
higher_energy_wide_swing,dop853_moderate,DOP853,1e-06,1e-08,1.4290484140233723,-1.5330212407716683,1.3935025804669865,-1.5330205098041312,1.393502290049925,7.309675371658386e-07,2.9041706151033964e-07,7.309675371658386e-07,-0.014962017378071901,-0.21413249324013872,-0.01496204099186016,-0.21413350955084542,2.361378825810334e-08,1.0163107067029387e-06,1.0165850006541141e-06,1.0163107067029387e-06,21.98015838661896,3.292470596250041e-05,3.292470596250041e-05,1.4979307565624274e-06,21.980106007349626,1.9454563371823497e-05,-1.9454563371823497e-05,-8.850979220084173e-07
higher_energy_wide_swing,dop853_moderate,DOP853,1e-06,1e-08,1.4323873121869783,-1.5425231577490413,1.4053601101583906,-1.5425223505670758,1.4053598850179456,8.071819654897894e-07,2.2514044495380858e-07,8.071819654897894e-07,-0.013253728681192234,-0.19295200984599578,-0.013253742939055346,-0.1929530387718651,1.4257863112376867e-08,1.028925869311914e-06,1.029024650433511e-06,1.028925869311914e-06,21.980158863695365,3.3401782367548094e-05,3.3401782367548094e-05,1.519635655648393e-06,21.980107632278738,1.7829634259669547e-05,-1.7829634259669547e-05,-8.111707228680113e-07
higher_energy_wide_swing,dop853_moderate,DOP853,1e-06,1e-08,1.4357262103505843,-1.5519064321948746,1.4172090302390266,-1.5519056172838903,1.4172087820991819,8.149109842481295e-07,2.4813984467186856e-07,8.149109842481295e-07,-0.011592953148995222,-0.17187294962496538,-0.011592975717496845,-0.17187400960945215,2.2568501623076997e-08,1.0599844867675845e-06,1.0602247164886558e-06,1.0599844867675845e-06,21.9801589512149,3.348930190227861e-05,3.348930190227861e-05,1.5236174133905028e-06,21.980109897187198,1.556472579977708e-05,-1.556472579977708e-05,-7.081272500808752e-07
higher_energy_wide_swing,dop853_moderate,DOP853,1e-06,1e-08,1.4390651085141903,-1.5611715230871477,1.4290513878811921,-1.5611707830997428,1.429051013535418,7.399874049074384e-07,3.7434577415673687e-07,7.399874049074384e-07,-0.009982687319336714,-0.15089542285748145,-0.00998273308112363,-0.15089653340205741,4.576178691539923e-08,1.1105445759662658e-06,1.1114870203244765e-06,1.1105445759662658e-06,21.980158610617675,3.3148704677188334e-05,3.3148704677188334e-05,1.50812172271847e-06,21.980112700336136,1.2761576861919366e-05,-1.2761576861919366e-05,-5.805961792180182e-07
higher_energy_wide_swing,dop853_moderate,DOP853,1e-06,1e-08,1.4424040066777963,-1.5703190272198086,1.4408889450954612,-1.5703184415891058,1.4408883479085006,5.856307028206942e-07,5.97186960549223e-07,5.97186960549223e-07,-0.008425990136687656,-0.1300196048432805,-0.008426067218147315,-0.13002078262889452,7.708145965956703e-08,1.1777856140093856e-06,1.1803052588168516e-06,1.1777856140093856e-06,21.980157898479714,3.2436566716143034e-05,3.2436566716143034e-05,1.4757225463680307e-06,21.98011587314806,9.588764939394423e-06,-9.588764939394423e-06,-4.36247052184018e-07
higher_energy_wide_swing,dop853_moderate,DOP853,1e-06,1e-08,1.4457429048414023,-1.5793496957542807,1.4527231619110197,-1.5793493122276234,1.4527222863876663,3.8352665732155344e-07,8.75523353371932e-07,8.75523353371932e-07,-0.006925961763317612,-0.10924574303666587,-0.006926068179812006,-0.10924699597673493,1.0641649439424583e-07,1.2529400690575176e-06,1.2574511071723695e-06,1.2529400690575176e-06,21.980157001997046,3.154008404848696e-05,3.154008404848696e-05,1.4349364885627878e-06,21.980119191325485,6.270587512346992e-06,-6.270587512346992e-06,-2.852844276622816e-07
higher_energy_wide_swing,dop853_moderate,DOP853,1e-06,1e-08,1.4490818030050083,-1.5882644518986708,1.4645551784304884,-1.588264244320475,1.4645540609451673,2.07578195743352e-07,1.1174853211670666e-06,1.1174853211670666e-06,-0.005485720628968238,-0.08857416384448222,-0.005485842755093784,-0.08857548257556427,1.2212612554574065e-07,1.318731082056157e-06,1.3243739869545221e-06,1.318731082056157e-06,21.980156279074322,3.081716132413703e-05,3.081716132413703e-05,1.402046652442307e-06,21.98012239363684,3.068276157591754e-06,-3.068276157591754e-06,-1.3959320491179364e-07
higher_energy_wide_swing,dop853_moderate,DOP853,1e-06,1e-08,1.4524207011686143,-1.5970643762296692,1.4763858365863147,-1.5970642192633564,1.4763846347315654,1.5696631283645957e-07,1.2018547492775866e-06,1.2018547492775866e-06,-0.004108375622772109,-0.06800527188985106,-0.004108493045411832,-0.06800662530440127,1.174226397226974e-07,1.3534145502092088e-06,1.3584988115701248e-06,1.3534145502092088e-06,21.980156156323858,3.069441086012148e-05,3.069441086012148e-05,1.3964620408244953e-06,21.980125207421246,2.54491752116337e-07,-2.54491752116337e-07,-1.1578266582568807e-08
higher_energy_wide_swing,dop853_moderate,DOP853,1e-06,1e-08,1.4557595993322203,-1.6057504957734756,1.4882159389527567,-1.6057503510122004,1.4882147048020593,1.4476127518925352e-07,1.2341506974156147e-06,1.2341506974156147e-06,-0.0027969881565317323,-0.04753950845203316,-0.0027970950171055664,-0.04754088306975105,1.0686057383413328e-07,1.3746177178891594e-06,1.3787650461826195e-06,1.3746177178891594e-06,21.98015616838327,3.0706470273145214e-05,3.0706470273145214e-05,1.3970106916065227e-06,21.980127379092426,1.9171794285455235e-06,1.9171794285455235e-06,8.7223315984597e-08
higher_energy_wide_swing,dop853_moderate,DOP853,1e-06,1e-08,1.4590984974958263,-1.6143240355080861,1.500045945259099,-1.614323884637754,1.5000447073852108,1.5087033222727086e-07,1.237873888282337e-06,1.237873888282337e-06,-0.001554583259951392,-0.027177406457315326,-0.0015546773326734487,-0.02717879196171178,9.40727220566373e-08,1.3855043964547398e-06,1.3886943902927519e-06,1.3855043964547398e-06,21.98015617238866,3.0710475662942827e-05,3.0710475662942827e-05,1.397192919401562e-06,21.980128707164145,3.245251146921646e-06,3.245251146921646e-06,1.4764479632043018e-07
higher_energy_wide_swing,dop853_moderate,DOP853,1e-06,1e-08,1.4624373956594325,-1.6227863646570757,1.5118760442949044,-1.6227861928411338,1.5118748258854375,1.7181594191839622e-07,1.2184094668743484e-06,1.2184094668743484e-06,-0.00038412010758892556,-0.006919577317784559,-0.000384200784508959,-0.006920965196693364,8.067692003344007e-08,1.3878789088053733e-06,1.390221791993233e-06,1.3878789088053733e-06,21.980156172780692,3.071086769423914e-05,3.071086769423914e-05,1.3972107551185142e-06,21.980129074612535,3.612699536859054e-06,3.612699536859054e-06,1.6436209807442244e-07
higher_energy_wide_swing,dop853_moderate,DOP853,1e-06,1e-08,1.4657762938230385,-1.6311389675848367,1.5237061929264086,-1.6311387703064772,1.5237050018106353,1.9727835942617844e-07,1.1911157733468514e-06,1.1911157733468514e-06,0.0007115292898417502,0.01323329495354459,0.0007114613230045919,0.013231908238897534,6.796683715837304e-08,1.3867146470558644e-06,1.388379272141652e-06,1.3867146470558644e-06,21.98015617420643,3.071229343376558e-05,3.071229343376558e-05,1.39727562005884e-06,21.98012847676672,3.01485372133925e-06,3.01485372133925e-06,1.37162716680729e-07
higher_energy_wide_swing,dop853_moderate,DOP853,1e-06,1e-08,1.4691151919866445,-1.6393834398772882,1.5355361244471062,-1.6393832257668155,1.535534948816306,2.1411047268493633e-07,1.1756308002652816e-06,1.1756308002652816e-06,0.001729597594533061,0.03328045482995937,0.0017295414757663163,0.03327906632286474,5.6118766744717163e-08,1.3885070946351163e-06,1.3896406973865584e-06,1.3885070946351163e-06,21.98015617187281,3.070995981246938e-05,3.070995981246938e-05,1.3971694504511984e-06,21.98012704040879,1.578495790965917e-06,1.578495790965917e-06,7.18146852119258e-08
higher_energy_wide_swing,dop853_moderate,DOP853,1e-06,1e-08,1.4724540901502505,-1.6475214820797566,1.5473653599894068,-1.6475212716592793,1.5473641700575411,2.1042047726460567e-07,1.1899318657082603e-06,1.1899318657082603e-06,0.0026674385568059567,0.05322107758656926,0.002667394548708679,0.05321967817991114,4.4008097277448144e-08,1.3994066581160536e-06,1.4000984634680244e-06,1.3994066581160536e-06,21.98015615306578,3.06911527836462e-05,3.06911527836462e-05,1.3963138125315805e-06,21.980125029385803,4.3252719450492805e-07,-4.3252719450492805e-07,-1.9678103987823365e-08
higher_energy_wide_swing,dop853_moderate,DOP853,1e-06,1e-08,1.4757929883138565,-1.655554891439361,1.559193222524928,-1.6555547112457627,1.5591919790402424,1.8019359826482173e-07,1.2434846856645976e-06,1.2434846856645976e-06,0.003522541976855309,0.07305427272157426,0.0035225122934692266,0.07305284977387272,2.968338608244636e-08,1.4229477015431646e-06,1.423257272855577e-06,1.4229477015431646e-06,21.980156103794332,3.0641881334503296e-05,3.0641881334503296e-05,1.394072176139273e-06,21.980122831803293,2.630109705137329e-06,-2.630109705137329e-06,-1.1965853924240624e-07
higher_energy_wide_swing,dop853_moderate,DOP853,1e-06,1e-08,1.4791318864774625,-1.6634855519992298,1.571018852980974,-1.6634854230751661,1.5710175241629387,1.2892406364706233e-07,1.328818035384316e-06,1.328818035384316e-06,0.004292546926704777,0.09277908834833873,0.004292535288758947,0.09277763115968743,1.1637945829257035e-08,1.4571886512992904e-06,1.457235124219345e-06,1.4571886512992904e-06,21.980156016305894,3.055439289667561e-05,3.055439289667561e-05,1.3900918331708361e-06,21.980120923783,4.538129996234375e-06,-4.538129996234375e-06,-2.0646515435492e-07
higher_energy_wide_swing,dop853_moderate,DOP853,1e-06,1e-08,1.4824707846410685,-1.671315423391876,1.5828412280007522,-1.6713153426633347,1.5828398171405647,8.072854140728225e-08,1.4108601875673088e-06,1.4108601875673088e-06,0.0049752530185070976,0.11239451641215811,0.0049752619096743445,0.11239302533326002,8.891167246893872e-09,1.491078898088749e-06,1.491105406462122e-06,1.491078898088749e-06,21.98015589471436,3.0432801363389217e-05,3.0432801363389217e-05,1.3845599478548453e-06,21.980119804821825,5.657091172395212e-06,-5.657091172395212e-06,-2.5737301555433697e-07
higher_energy_wide_swing,dop853_moderate,DOP853,1e-06,1e-08,1.4858096828046745,-1.679046528679059,1.5946591788748838,-1.6790464582784783,1.5946577403372573,7.040058069840427e-08,1.438537626574643e-06,1.438537626574643e-06,0.005568629576863993,0.1318994985758534,0.005568656294182794,0.13189799045925718,2.6717318801772194e-08,1.5081165962160803e-06,1.5083532354545904e-06,1.5081165962160803e-06,21.980155757207754,3.029529475639947e-05,3.029529475639947e-05,1.378303995984688e-06,21.98011967796803,5.783944967419075e-06,-5.783944967419075e-06,-2.6314431086580704e-07
higher_energy_wide_swing,dop853_moderate,DOP853,1e-06,1e-08,1.4891485809682805,-1.6866809415854593,1.6064714111717595,-1.6866808704085787,1.6064699590619458,7.117688061164529e-08,1.4521098137265653e-06,1.4521098137265653e-06,0.006070822643415297,0.1512929326101772,0.006070866205660108,0.15129141072479674,4.356224481139037e-08,1.5218853804677135e-06,1.5225087127679646e-06,1.5218853804677135e-06,21.980155634289478,3.01723764799533e-05,3.01723764799533e-05,1.3727117496319926e-06,21.980119664953136,5.796959861470441e-06,-5.796959861470441e-06,-2.637364318741206e-07
higher_energy_wide_swing,dop853_moderate,DOP853,1e-06,1e-08,1.4924874791318865,-1.6942207734734949,1.6182765245942945,-1.6942206834749565,1.6182750825116174,8.99985383995272e-08,1.4420826770500383e-06,1.4420826770500383e-06,0.006480159811478314,0.17057367911865987,0.0064802171752523785,0.17057214934721343,5.7363774064178585e-08,1.5297714464346246e-06,1.5308465896037949e-06,1.5297714464346246e-06,21.980155563290406,3.010137740844243e-05,3.010137740844243e-05,1.3694816010309805e-06,21.980119627653217,5.834259781067885e-06,-5.834259781067885e-06,-2.6543341579998933e-07
higher_energy_wide_swing,dop853_moderate,DOP853,1e-06,1e-08,1.4958263772954925,-1.7016681604066077,1.6300730325906367,-1.7016680272564357,1.6300716334702434,1.3315017199921897e-07,1.399120393319464e-06,1.399120393319464e-06,0.006795152956908135,0.18974056842211273,0.006795218466720598,0.18973903974746678,6.550981246356002e-08,1.528674645950856e-06,1.530077680610362e-06,1.528674645950856e-06,21.980155580006283,3.011809328512527e-05,3.011809328512527e-05,1.3702421006337605e-06,21.980119577398355,5.884514642673366e-06,-5.884514642673366e-06,-2.6771979317725055e-07
higher_energy_wide_swing,dop853_moderate,DOP853,1e-06,1e-08,1.4991652754590985,-1.7090252506483457,1.6418593812463804,-1.7090250510363554,1.641858057221605,1.9961199027029863e-07,1.3240247753731893e-06,1.3240247753731893e-06,0.007014498998491048,0.2087924074256413,0.007014565503343895,0.2087908890345207,6.650485284698249e-08,1.5183911206140266e-06,1.5198468641977447e-06,1.5183911206140266e-06,21.980155708803107,3.024689010899806e-05,3.024689010899806e-05,1.3761017952972858e-06,21.980119530408526,5.931504471590188e-06,-5.931504471590188e-06,-2.698576257841774e-07
higher_energy_wide_swing,dop853_moderate,DOP853,1e-06,1e-08,1.5025041736227045,-1.7162941929445694,1.653633966985839,-1.7162939106349138,1.6536327409450013,2.823096556525684e-07,1.2260408377429144e-06,1.2260408377429144e-06,0.007137078886946702,0.22772798629083219,0.0071371394017716305,0.22772648512738522,6.051482492885896e-08,1.5011634469652702e-06,1.5023826871143124e-06,1.5011634469652702e-06,21.980155952929664,3.0491016666189807e-05,3.0491016666189807e-05,1.3872084906441695e-06,21.980119497750223,5.964162774318993e-06,-5.964162774318993e-06,-2.7134343635361187e-07
higher_energy_wide_swing,dop853_moderate,DOP853,1e-06,1e-08,1.5058430717863105,-1.7234771259361104,1.6653951526099313,-1.7234767566487257,1.6653940313452584,3.692873846716793e-07,1.1212646728875342e-06,1.1212646728875342e-06,0.007161955085869698,0.24654608473777362,0.007162004833214275,0.24654460349492263,4.974734457707797e-08,1.4812428509869413e-06,1.482077994537532e-06,1.4812428509869413e-06,21.98015628711376,3.0825200763473504e-05,3.0825200763473504e-05,1.4024124119258186e-06,21.980119481872833,5.980040164388356e-06,-5.980040164388356e-06,-2.7206578846651837e-07
higher_energy_wide_swing,dop853_moderate,DOP853,1e-06,1e-08,1.5091819699499165,-1.7305761690492094,1.6771412811982327,-1.7305757238464605,1.677140250592418,4.452027488888177e-07,1.0306058146891672e-06,1.0306058146891672e-06,0.007088367870561885,0.26524547780581614,0.007088406431256189,0.265244013490223,3.8560694304301535e-08,1.4643155931692853e-06,1.4648232260392192e-06,1.4643155931692853e-06,21.980156654826512,3.1192913514388465e-05,3.1192913514388465e-05,1.419141740953177e-06,21.980119477201782,5.984711215489824e-06,-5.984711215489824e-06,-2.722783009523803e-07
higher_energy_wide_swing,dop853_moderate,DOP853,1e-06,1e-08,1.5125208681135225,-1.737593415211061,1.6888706874027464,-1.7375929216694335,1.6888697106464823,4.935416275664295e-07,9.767562640927707e-07,9.767562640927707e-07,0.0069157308315535015,0.283824940908425,0.006915763953155185,0.28382348426087534,3.312160168356115e-08,1.4566475496913256e-06,1.4570240644957885e-06,1.4566475496913256e-06,21.980156972901433,3.1510988435456966e-05,3.1510988435456966e-05,1.4336127648615554e-06,21.9801194728661,5.989046897525441e-06,-5.989046897525441e-06,-2.7247555560605047e-07
higher_energy_wide_swing,dop853_moderate,DOP853,1e-06,1e-08,1.5158597662771285,-1.7445309257377943,1.7005817056609476,-1.74453042578601,1.7005807260426011,4.999517844161971e-07,9.796183464416686e-07,9.796183464416686e-07,0.006643626028562943,0.30228325402612866,0.006643666389091307,0.3022817902210456,4.036052836386972e-08,1.463805083035119e-06,1.4643613943863934e-06,1.463805083035119e-06,21.980157146512475,3.168459947744395e-05,3.168459947744395e-05,1.4415113113137956e-06,21.980119456167035,6.0057459627671506e-06,-6.0057459627671506e-06,-2.7323529036146145e-07
higher_energy_wide_swing,dop853_moderate,DOP853,1e-06,1e-08,1.5191986644407347,-1.7513907277422147,1.712272674855654,-1.7513902706486983,1.7122716252120733,4.5709351637057694e-07,1.0496435807194615e-06,1.0496435807194615e-06,0.006271799297580927,0.3206192048923081,0.0062718652014402965,0.32061771607587,6.590385936977583e-08,1.4888164381332558e-06,1.4902743724346956e-06,1.4888164381332558e-06,21.980157097860253,3.163594725563712e-05,3.163594725563712e-05,1.439297847068965e-06,21.980119415845607,6.0460673907414275e-06,-6.0460673907414275e-06,-2.750697397618594e-07
higher_energy_wide_swing,dop853_moderate,DOP853,1e-06,1e-08,1.5225375626043407,-1.7581748144086338,1.7239419389492716,-1.758174443002793,1.7239407604145436,3.7140584074890626e-07,1.1785347280302005e-06,1.1785347280302005e-06,0.005800156268583323,0.3388315910393591,0.005800266863768111,0.3388300613932136,1.1059518478795383e-07,1.5296461455260868e-06,1.533639014051578e-06,1.5296461455260868e-06,21.98015681230027,3.135038727108963e-05,3.135038727108963e-05,1.4263061111918289e-06,21.980119344579983,6.117333015254189e-06,-6.117333015254189e-06,-2.7831201536380035e-07
higher_energy_wide_swing,dop853_moderate,DOP853,1e-06,1e-08,1.5258764607679467,-1.7648851484821224,1.735587843119981,-1.7648848762954414,1.735586516356783,2.7218668097184207e-07,1.32676319797298e-06,1.32676319797298e-06,0.005228759703960306,0.35691922058748676,0.005228924856881978,0.3569176447223041,1.6515292167174067e-07,1.5758651826791592e-06,1.5844956804980984e-06,1.5758651826791592e-06,21.980156406076016,3.094416301863134e-05,3.094416301863134e-05,1.4078246765356806e-06,21.980119240440285,6.221472713008325e-06,-6.221472713008325e-06,-2.830499181539636e-07
higher_energy_wide_swing,dop853_moderate,DOP853,1e-06,1e-08,1.5292153589315527,-1.771523667796056,1.747208727002885,-1.7715234459339964,1.7472073175734175,2.2186205961283179e-07,1.409429467580381e-06,1.409429467580381e-06,0.004557828150044907,0.374880912225263,0.004558031266931328,0.374879307262987,2.0311688642138392e-07,1.6049622759695126e-06,1.6177640052970504e-06,1.6049622759695126e-06,21.98015621193991,3.075002691232953e-05,3.075002691232953e-05,1.3989923290298298e-06,21.980119107253376,6.354659621621295e-06,-6.354659621621295e-06,-2.891093425573299e-07
higher_energy_wide_swing,dop853_moderate,DOP853,1e-06,1e-08,1.5325542570951587,-1.7780921759849295,1.7588030742925445,-1.7780919653425253,1.7588016346449955,2.1064240418589009e-07,1.439647548950873e-06,1.439647548950873e-06,0.003787682400719694,0.3927155365055581,0.0037879081182500274,0.3927139160934622,2.2571753033329145e-07,1.6204120959484314e-06,1.6360573841390003e-06,1.6204120959484314e-06,21.98015621515558,3.075324258361434e-05,3.075324258361434e-05,1.3991386280712243e-06,21.980118953991266,6.507921732179511e-06,-6.507921732179511e-06,-2.96082101235336e-07
higher_energy_wide_swing,dop853_moderate,DOP853,1e-06,1e-08,1.5358931552587647,-1.7845923826950867,1.7703694590577992,-1.7845921827653444,1.7703679893287696,1.999297423171953e-07,1.4697290295906384e-06,1.4697290295906384e-06,0.002918749606542259,0.41042200290303765,0.0029189985613822245,0.4104203669681582,2.4895483996534296e-07,1.6359348794514617e-06,1.6547693017904454e-06,1.6359348794514617e-06,21.98015621672822,3.075481522074597e-05,3.075481522074597e-05,1.399210176212947e-06,21.980118793400543,6.668512455121345e-06,-6.668512455121345e-06,-3.033882798656675e-07
higher_energy_wide_swing,dop853_moderate,DOP853,1e-06,1e-08,1.5392320534223707,-1.7910259694264148,1.7819064569957606,-1.7910257787664432,1.7819049586775713,1.9065997158840275e-07,1.49831818929691e-06,1.49831818929691e-06,0.001951585710163073,0.42799923781007254,0.0019518580245556638,0.4279975867009441,2.7231439259089996e-07,1.6511091284199253e-06,1.6734146175899613e-06,1.6511091284199253e-06,21.98015621428534,3.0752372342846e-05,3.0752372342846e-05,1.3990990359055725e-06,21.980118640147474,6.821765524023249e-06,-6.821765524023249e-06,-3.103606271876817e-07
higher_energy_wide_swing,dop853_moderate,DOP853,1e-06,1e-08,1.5425709515859767,-1.7973945498792612,1.7934126999631168,-1.7973943643736692,1.7934111782221613,1.855055919985915e-07,1.5217409554679762e-06,1.5217409554679762e-06,0.000886851129029198,0.44544620010490954,0.0008871454247789679,0.4454445351521031,2.9429574976980177e-07,1.6649528064571761e-06,1.6907625013768778e-06,1.6649528064571761e-06,21.980156211308902,3.07493959041949e-05,3.07493959041949e-05,1.3989636209073159e-06,21.980118508770282,6.953142715815375e-06,-6.953142715815375e-06,-3.1633771735578715e-07
higher_energy_wide_swing,dop853_moderate,DOP853,1e-06,1e-08,1.5459098497495827,-1.803699667161184,1.8048868802731837,-1.8036994798165389,1.804885344292431,1.873446451305938e-07,1.5359807525872071e-06,1.5359807525872071e-06,-0.0002746985200082763,0.4627618832150111,-0.00027438547722935525,0.4627602068403708,3.130427789210799e-07,1.6763746403247737e-06,1.7053526662126655e-06,1.6763746403247737e-06,21.980156214058002,3.0752145004697695e-05,3.0752145004697695e-05,1.3990886930097278e-06,21.980118411717708,7.050195289792782e-06,-7.050195289792782e-06,-3.207531868737196e-07
higher_energy_wide_swing,dop853_moderate,DOP853,1e-06,1e-08,1.5492487479131887,-1.8099427920845592,1.816327753519696,-1.8099425938065448,1.8163262155528375,1.9827801445160276e-07,1.5379668585335793e-06,1.5379668585335793e-06,-0.001532221374423992,0.47994531667989043,-0.0015318945059076272,0.47994363220387726,3.2686851636487546e-07,1.684476013175118e-06,1.7158969858219679e-06,1.684476013175118e-06,21.980156228351248,3.076643825039582e-05,3.076643825039582e-05,1.3997389734516159e-06,21.980118357716712,7.104196285467879e-06,-7.104196285467879e-06,-3.232099970392789e-07
higher_energy_wide_swing,dop853_moderate,DOP853,1e-06,1e-08,1.5525876460767947,-1.8161253224202931,1.827734140105583,-1.8161251033088233,1.8277326138274488,2.191114698568697e-07,1.5262781343228227e-06,1.5262781343228227e-06,-0.0028847978628381288,0.4969955672615055,-0.002884463222816769,0.49699387853597965,3.346400213599665e-07,1.688725525861301e-06,1.7215626173890179e-06,1.688725525861301e-06,21.980156256900287,3.0794987289084474e-05,3.0794987289084474e-05,1.401037830400277e-06,21.980118350660025,7.11125297314652e-06,-7.11125297314652e-06,-3.235310456015753e-07
higher_energy_wide_swing,dop853_moderate,DOP853,1e-06,1e-08,1.5559265442404007,-1.8222485829728936,1.8391049256549623,-1.8222483337540547,1.839103424289982,2.4921883889916785e-07,1.5013649803385931e-06,1.5013649803385931e-06,-0.004331438756358219,0.5139117396526482,-0.004331102752498706,0.513910050623767,3.3600385951348954e-07,1.6890288812021481e-06,1.7221257663547517e-06,1.6890288812021481e-06,21.98015629765871,3.0835745711499385e-05,3.0835745711499385e-05,1.4028921611449097e-06,21.980118389141953,7.072771044391857e-06,-7.072771044391857e-06,-3.2178028540590014e-07
higher_energy_wide_swing,dop853_moderate,DOP853,1e-06,1e-08,1.5592654424040067,-1.8283138263421508,1.850439060486592,-1.82831353963946,1.850437595094211,2.867026906994141e-07,1.4653923809948566e-06,1.4653923809948566e-06,-0.005871092691970392,0.5306929768353574,-0.005870761244314515,0.5306912911184141,3.3144765587689307e-07,1.685716943367055e-06,1.7179927711550634e-06,1.685716943367055e-06,21.980156343444552,3.088153155417217e-05,3.088153155417217e-05,1.4049752176202753e-06,21.98011846670245,6.995210547700026e-06,-6.995210547700026e-06,-3.1825162052970426e-07
higher_energy_wide_swing,dop853_moderate,DOP853,1e-06,1e-08,1.5626043405676127,-1.8343222342366807,1.8617355583270199,-1.8343219054677642,1.8617341365201254,3.2876891653543794e-07,1.4218068944416018e-06,1.4218068944416018e-06,-0.0075026531509897465,0.5473384601421796,-0.00750233094341024,0.5473367806675884,3.2220757950618406e-07,1.6794745911763442e-06,1.7101031041133696e-06,1.6794745911763442e-06,21.98015638290429,3.0920991292759936e-05,3.0920991292759936e-05,1.406770463905659e-06,21.98011857276968,6.88914331803403e-06,-6.88914331803403e-06,-3.134260234306436e-07
higher_energy_wide_swing,dop853_moderate,DOP853,1e-06,1e-08,1.5659432387312187,-1.840274919204582,1.8729934944416686,-1.8402745469729922,1.872992119711217,3.722315897736195e-07,1.374730451697559e-06,1.374730451697559e-06,-0.009224964900395816,0.5638474090731279,-0.009224654854780745,0.5638457378407644,3.100456150706421e-07,1.6712323634981985e-06,1.6997487744453025e-06,1.6712323634981985e-06,21.98015640270566,3.094079266219296e-05,3.094079266219296e-05,1.4076713399933473e-06,21.980118694222163,6.767690834408313e-06,-6.767690834408313e-06,-3.079004642687467e-07
higher_energy_wide_swing,dop853_moderate,DOP853,1e-06,1e-08,1.5692821368948247,-1.8461729266464577,1.884212003362093,-1.8461725125819675,1.8842106750782772,4.1406449025060965e-07,1.3282838158268362e-06,1.3282838158268362e-06,-0.011036829928998682,0.5802190809204582,-0.011036532994965431,0.580217418878592,2.969340332503734e-07,1.6620418661350556e-06,1.6883580736585565e-06,1.6620418661350556e-06,21.980156390672445,3.0928759446879894e-05,3.0928759446879894e-05,1.4071238810930823e-06,21.980118817425463,6.644487534401833e-06,-6.644487534401833e-06,-3.0229525058514124e-07
higher_energy_wide_swing,dop853_moderate,DOP853,1e-06,1e-08,1.5726210350584309,-1.8520172369760566,1.895390276387652,-1.8520167850603784,1.8953889904450818,4.519156782123446e-07,1.285942570206089e-06,1.285942570206089e-06,-0.012937012933784353,0.5964527702519284,-0.012936728236183859,0.5964511172973789,2.846976004944324e-07,1.6529545495691522e-06,1.6772928982943457e-06,1.6529545495691522e-06,21.980156339402114,3.0877489116676315e-05,3.0877489116676315e-05,1.4047913043162837e-06,21.98011893053697,6.531376026686075e-06,-6.531376026686075e-06,-2.9714916950786273e-07
higher_energy_wide_swing,dop853_moderate,DOP853,1e-06,1e-08,1.5759599332220369,-1.8578087677937805,1.9065275590398247,-1.857808283292281,1.9065263090113411,4.845014993648533e-07,1.250028483612553e-06,1.250028483612553e-06,-0.014924246434421917,0.6125478083010294,-0.014923971757711096,0.6125461633793512,2.7467671082082035e-07,1.6449216782010723e-06,1.6676974014740133e-06,1.6449216782010723e-06,21.980156249735288,3.078782228982391e-05,3.078782228982391e-05,1.4007118541326265e-06,21.980119025815664,6.436097333306634e-06,-6.436097333306634e-06,-2.928144038330926e-07
higher_energy_wide_swing,dop853_moderate,DOP853,1e-06,1e-08,1.5792988313856429,-1.863548375938316,1.9176231486474258,-1.8635478641419099,1.9176219272083044,5.117964061440716e-07,1.2214391214016018e-06,1.2214391214016018e-06,-0.016997235615786366,0.6285035623098759,-0.016996968128971335,0.6285019235786093,2.674868150309706e-07,1.6387312665733234e-06,1.6604184292702912e-06,1.6387312665733234e-06,21.980156133271684,3.067135868661808e-05,3.067135868661808e-05,1.3954132673066488e-06,21.980119101622588,6.360290409901381e-06,-6.360290409901381e-06,-2.8936551890581544e-07
higher_energy_wide_swing,dop853_moderate,DOP853,1e-06,1e-08,1.5826377295492489,-1.8692368592816377,1.9286763922409391,-1.8692363243466554,1.928675192522382,5.349349823102756e-07,1.1997185571654967e-06,1.1997185571654967e-06,-0.019154663019397722,0.6443194348669377,-0.01915440005818758,0.6443177998716191,2.629612101401335e-07,1.6349953185779142e-06,1.656006730001439e-06,1.6349953185779142e-06,21.980156012949383,3.055103638516243e-05,3.055103638516243e-05,1.3899391265123144e-06,21.980119163752107,6.298160890594318e-06,-6.298160890594318e-06,-2.86538896309201e-07
higher_energy_wide_swing,dop853_moderate,DOP853,1e-06,1e-08,1.5859766277128549,-1.8748749581326356,1.939686684934221,-1.8748744023900858,1.93968550136218,5.557425497570989e-07,1.183572040819314e-06,1.183572040819314e-06,-0.021395193224926223,0.6599948632777533,-0.02139493284945715,0.6599932290797547,2.603754690744253e-07,1.6341979985901034e-06,1.6548107092630342e-06,1.6341979985901034e-06,21.98015592052127,3.045860827199931e-05,3.045860827199931e-05,1.3857340498250462e-06,21.98011922569357,6.236219427080414e-06,-6.236219427080414e-06,-2.837208294323201e-07
higher_energy_wide_swing,dop853_moderate,DOP853,1e-06,1e-08,1.5893155258764609,-1.88046335611462,1.9506534689718074,-1.8804627803038751,1.950652297044317,5.758107448627925e-07,1.1719274903843058e-06,1.1719274903843058e-06,-0.023717477682307253,0.6755293190021194,-0.023717218619814573,0.6755276821897503,2.59062492680151e-07,1.63681236908797e-06,1.657186805014156e-06,1.63681236908797e-06,21.980155889574114,3.042766111605033e-05,3.042766111605033e-05,1.3843260889832117e-06,21.980119307386804,6.154526193569154e-06,-6.154526193569154e-06,-2.80004143026102e-07
higher_energy_wide_swing,dop853_moderate,DOP853,1e-06,1e-08,1.5926544240400669,-1.886002680381955,1.9615762336200635,-1.8860020853475061,1.9615750679734063,5.950344488248049e-07,1.1656466571974278e-06,1.1656466571974278e-06,-0.026120159873565973,0.6909223071860846,-0.026119900336189827,0.690920663696027,2.595373761460351e-07,1.6434900576012268e-06,1.6638567303259173e-06,1.6434900576012268e-06,21.98015594254067,3.0480627671636285e-05,3.0480627671636285e-05,1.386735836628999e-06,21.98011943200285,6.029910146310158e-06,-6.029910146310158e-06,-2.7433465549406177e-07
higher_energy_wide_swing,dop853_moderate,DOP853,1e-06,1e-08,1.5959933222036728,-1.8914935010410712,1.9724545160804143,-1.8914928915146179,1.9724533460915845,6.095264533101385e-07,1.169988829818891e-06,1.169988829818891e-06,-0.028601881001138474,0.706173366311422,-0.028601615740159625,0.7061717109867153,2.6526097884893574e-07,1.6553247067507826e-06,1.6764436380861302e-06,1.6553247067507826e-06,21.98015606995319,3.060804019128227e-05,3.060804019128227e-05,1.3925325514779096e-06,21.980119620253443,5.841659554306489e-06,-5.841659554306489e-06,-2.657700732613594e-07
higher_energy_wide_swing,dop853_moderate,DOP853,1e-06,1e-08,1.5993322203672788,-1.8969363296411121,1.9832879036028954,-1.896935720814863,1.9832867056729604,6.088262491932284e-07,1.1979299350262096e-06,1.1979299350262096e-06,-0.031161286416299228,0.721282067979137,-0.031161001236031383,0.7212803937928125,2.851802678449644e-07,1.674186324462923e-06,1.6983013967452294e-06,1.674186324462923e-06,21.980156199977323,3.07380643249644e-05,3.07380643249644e-05,1.398448083393659e-06,21.980119881706045,5.580206952515709e-06,-5.580206952515709e-06,-2.5387511832837585e-07
higher_energy_wide_swing,dop853_moderate,DOP853,1e-06,1e-08,1.6026711185308848,-1.9023316256303335,1.99407602544048,-1.9023310442801438,1.9940747625383692,5.813501897655726e-07,1.26290211066582e-06,1.26290211066582e-06,-0.03379702533857598,0.7362480148565751,-0.03379669582506495,0.7362463137173356,3.295135110326086e-07,1.7011392394739033e-06,1.7327590328810544e-06,1.7011392394739033e-06,21.980156217928474,3.075601547664064e-05,3.075601547664064e-05,1.3992647826298554e-06,21.98012020255884,5.259354157516327e-06,-5.259354157516327e-06,-2.392777132518965e-07
higher_energy_wide_swing,dop853_moderate,DOP853,1e-06,1e-08,1.6060100166944908,-1.907679834115848,2.00481850471643,-1.907679282644097,2.004817173765809,5.514717511534428e-07,1.3309506212699773e-06,1.3309506212699773e-06,-0.03650772258328416,0.751070831879261,-0.03650734517555487,0.7510691038585411,3.7740772929062416e-07,1.7280207199599218e-06,1.7687544212634809e-06,1.7280207199599218e-06,21.98015621823216,3.0756319162605905e-05,3.0756319162605905e-05,1.3992785990189287e-06,21.980120529307335,4.932605662588685e-06,-4.932605662588685e-06,-2.2441207950045e-07
higher_energy_wide_swing,dop853_moderate,DOP853,1e-06,1e-08,1.6093489148580968,-1.9129813437511525,2.0155150122433554,-1.9129808066436877,2.0155136379719396,5.371074647264606e-07,1.374271415777173e-06,1.374271415777173e-06,-0.0392920169169213,0.7657501751051586,-0.03929160592503689,0.7657484285383169,4.109918844141802e-07,1.7465668417093738e-06,1.7942714570579826e-06,1.7465668417093738e-06,21.980156218653786,3.0756740788007164e-05,3.0756740788007164e-05,1.399297781138794e-06,21.980120747713894,4.714199103972305e-06,-4.714199103972305e-06,-2.1447553209562135e-07
higher_energy_wide_swing,dop853_moderate,DOP853,1e-06,1e-08,1.6126878130217028,-1.9182364989518672,2.026165251097492,-1.9182359501842732,2.026163875512448,5.48767594032995e-07,1.3755850440944073e-06,1.3755850440944073e-06,-0.04214855479713253,0.7802857284156293,-0.04214813667524531,0.7802839770265313,4.181218872245651e-07,1.7513890979703461e-06,1.8006081431187671e-06,1.7513890979703461e-06,21.980156218917436,3.075700443844198e-05,3.075700443844198e-05,1.3993097760855594e-06,21.98012076971037,4.6922026264439864e-06,-4.6922026264439864e-06,-2.1347478814780203e-07
higher_energy_wide_swing,dop853_moderate,DOP853,1e-06,1e-08,1.6160267111853088,-1.9234456043560075,2.036768951073545,-1.923445041910903,2.0367675784890658,5.624451044905499e-07,1.3725844794088005e-06,1.3725844794088005e-06,-0.045075989875602906,0.7946772020116303,-0.045075567445398756,0.7946754479319855,4.224302041500039e-07,1.7540796447557128e-06,1.804229108933935e-06,1.7540796447557128e-06,21.980156218969135,3.0757056137531436e-05,3.0757056137531436e-05,1.3993121281690153e-06,21.98012078587935,4.676033647399436e-06,-4.676033647399436e-06,-2.127391700061964e-07
higher_energy_wide_swing,dop853_moderate,DOP853,1e-06,1e-08,1.6193656093489148,-1.9286089265178088,2.0473258666673426,-1.9286083503564553,2.0473244970687072,5.761613535160137e-07,1.3695986353923217e-06,1.3695986353923217e-06,-0.048072984558444554,0.8089243315245607,-0.048072558113610775,0.8089225748391968,4.2644483377873854e-07,1.7566853638406599e-06,1.8077053586767306e-06,1.7566853638406599e-06,21.980156219016465,3.0757103466783065e-05,3.0757103466783065e-05,1.3993142814438776e-06,21.980120802179606,4.65973339203174e-06,-4.65973339203174e-06,-2.1199757936350691e-07
higher_energy_wide_swing,dop853_moderate,DOP853,1e-06,1e-08,1.6227045075125208,-1.9337266955742127,2.057835775090934,-1.9337261055259751,2.0578344079938296,5.900482376031135e-07,1.3670971044099645e-06,1.3670971044099645e-06,-0.05113821135368912,0.8230268771377548,-0.05113778101311428,0.823025117390257,4.303405748418143e-07,1.7597474978314764e-06,1.8116026789777402e-06,1.7597474978314764e-06,21.980156219388324,3.075747532577111e-05,3.075747532577111e-05,1.3993311994086403e-06,21.98012081259347,4.649319528482465e-06,-4.649319528482465e-06,-2.1152379391731736e-07
higher_energy_wide_swing,dop853_moderate,DOP853,1e-06,1e-08,1.6260434056761268,-1.9387991068770205,2.0682984743299224,-1.938798502737167,2.068297109095219,6.041398534772924e-07,1.365234703509799e-06,1.365234703509799e-06,-0.05427035402148739,0.8369846227239575,-0.054269919829396995,0.8369828592947949,4.3419209039274875e-07,1.7634291625823195e-06,1.8160961380955045e-06,1.7634291625823195e-06,21.98015622032718,3.075841418365144e-05,3.075841418365144e-05,1.399373913354107e-06,21.980120815619166,4.646293831456205e-06,-4.646293831456205e-06,-2.1138613787747796e-07
higher_energy_wide_swing,dop853_moderate,DOP853,1e-06,1e-08,1.629382303839733,-1.9438263225837034,2.078713781252815,-1.9438257042152793,2.0787124172561784,6.183684240212983e-07,1.3639966365275313e-06,1.3639966365275313e-06,-0.057468108543572316,0.8507973750036004,-0.05746767051002577,0.8507956073567751,4.3803354654592397e-07,1.7676468253569055e-06,1.8211119370027605e-06,1.7676468253569055e-06,21.98015622180276,3.0759889760645365e-05,3.0759889760645365e-05,1.399441045682195e-06,21.980120812651727,4.64926127108356e-06,-4.64926127108356e-06,-2.115211434593386e-07
higher_energy_wide_swing,dop853_moderate,DOP853,1e-06,1e-08,1.632721202003339,-1.9488084731998736,2.089081529782168,-1.9488078406113458,2.0890801664987455,6.325885277824739e-07,1.363283422595174e-06,1.363283422595174e-06,-0.06073018392939833,0.8644649627281744,-0.060729742043088786,0.8644631905564315,4.418863095434489e-07,1.772171742908668e-06,1.8264326423183186e-06,1.772171742908668e-06,21.98015622341133,3.0761498333475856e-05,3.0761498333475856e-05,1.3995142287417402e-06,21.98012080668949,4.655223506233597e-06,-4.655223506233597e-06,-2.1179239919718084e-07
higher_energy_wide_swing,dop853_moderate,DOP853,1e-06,1e-08,1.636060100166945,-1.9537456590664128,2.0994015691373282,-1.953745012446189,2.0994002061875885,6.466202238097907e-07,1.3629497397360524e-06,1.3629497397360524e-06,-0.0640553028772165,0.8779872358924581,-0.06405485711682712,0.8779854591860301,4.457603893781581e-07,1.7767064279805567e-06,1.8317718351273982e-06,1.7767064279805567e-06,21.98015622439877,3.076248577116303e-05,3.076248577116303e-05,1.3995591528568862e-06,21.98012080133324,4.660579758564154e-06,-4.660579758564154e-06,-2.1203608535538037e-07
higher_energy_wide_swing,dop853_moderate,DOP853,1e-06,1e-08,1.639398998330551,-1.9586379517842536,2.109673762158533,-1.9586372914825843,2.10967239934721,6.60301669341834e-07,1.3628113229025018e-06,1.3628113229025018e-06,-0.06744220230909614,0.891364064978776,-0.06744175267224284,0.8913622840378936,4.496368533057904e-07,1.7809408823232786e-06,1.8368243590994625e-06,1.7809408823232786e-06,21.980156223818774,3.076190577644411e-05,3.076190577644411e-05,1.3995327656226584e-06,21.980120800044688,4.6618683100518865e-06,-4.6618683100518865e-06,-2.120947088373057e-07
higher_energy_wide_swing,dop853_moderate,DOP853,1e-06,1e-08,1.642737896494157,-1.9634853955698133,2.1198979837221725,-1.963484722027985,2.119896621088106,6.735418283110306e-07,1.362634066470747e-06,1.362634066470747e-06,-0.07088963379962787,0.9045953402359084,-0.07088918035972736,0.9045935556429312,4.534399005162726e-07,1.7845929771720392e-06,1.8412984107829913e-06,1.7845929771720392e-06,21.980156220810013,3.0758897015203956e-05,3.0758897015203956e-05,1.399395880087343e-06,21.980120805631486,4.656281511472571e-06,-4.656281511472571e-06,-2.1184053382865998e-07
higher_energy_wide_swing,dop853_moderate,DOP853,1e-06,1e-08,1.646076794657763,-1.96828800853408,2.1300741192569865,-1.9682873221702153,2.1300727571375178,6.863638646326109e-07,1.3621194687729599e-06,1.3621194687729599e-06,-0.07439636391870219,0.917680970994663,-0.07439590690999409,0.9176791835577296,4.5700870809906036e-07,1.7874369333537032e-06,1.8449357034854258e-06,1.7874369333537032e-06,21.980156214947094,3.075303409616481e-05,3.075303409616481e-05,1.399129142800092e-06,21.980120819926967,4.64198603111754e-06,-4.64198603111754e-06,-2.1119015171961322e-07
higher_energy_wide_swing,dop853_moderate,DOP853,1e-06,1e-08,1.649415692821369,-1.9730457838783444,2.1402020633709897,-1.973045084948529,2.140200702470416,6.989298153570189e-07,1.3609005735659707e-06,1.3609005735659707e-06,-0.07796117450936679,0.9306208850215298,-0.07796071442886443,0.9306190956980851,4.600805023624588e-07,1.78932344474525e-06,1.8475260373183107e-06,1.78932344474525e-06,21.980156206591424,3.0744678426231076e-05,3.0744678426231076e-05,1.3987489962013744e-06,21.980120843633717,4.61827928077696e-06,-4.61827928077696e-06,-2.1011159780591248e-07
higher_energy_wide_swing,dop853_moderate,DOP853,1e-06,1e-08,1.652754590984975,-1.977758690999581,2.1502817185988996,-1.9777579794624351,2.150280360036364,7.115371458699116e-07,1.3585625358025766e-06,1.3585625358025766e-06,-0.08158286292231276,0.9434150279112197,-0.08158240062473743,0.9434132377167361,4.622975753321157e-07,1.790194483541896e-06,1.848922750431123e-06,1.790194483541896e-06,21.980156197137557,3.073522455920852e-05,3.073522455920852e-05,1.3983188864170175e-06,21.980120876302053,4.585610945184726e-06,-4.585610945184726e-06,-2.0862533078487834e-07
higher_energy_wide_swing,dop853_moderate,DOP853,1e-06,1e-08,1.656093489148581,-1.9824266764984688,2.16031299427986,-1.9824259519206953,2.1603116395778867,7.245777735587211e-07,1.354701973266259e-06,1.354701973266259e-06,-0.0852602422290557,0.9560633625182714,-0.08525977897685044,0.9560615724229231,4.6325220526277633e-07,1.7900953482863358e-06,1.849065699654072e-06,1.7900953482863358e-06,21.980156189020168,3.072710716978122e-05,3.072710716978122e-05,1.397949580543793e-06,21.980120916415757,4.545497240826535e-06,-4.545497240826535e-06,-2.0680033190451708e-07
higher_energy_wide_swing,dop853_moderate,DOP853,1e-06,1e-08,1.659432387312187,-1.9870496650830591,2.170295805575243,-1.987048926632894,2.1702944565360016,7.384501652385467e-07,1.3490392412052188e-06,1.3490392412052188e-06,-0.0889921414363184,0.9685658684272986,-0.08899167885174941,0.9685640792413195,4.62584568983182e-07,1.789185979150787e-06,1.8480181144813262e-06,1.789185979150787e-06,21.980156185315064,3.072340206600188e-05,3.072340206600188e-05,1.3977810144550434e-06,21.98012096155942,4.5003535760201885e-06,-4.5003535760201885e-06,-2.0474649172582606e-07
higher_energy_wide_swing,dop853_moderate,DOP853,1e-06,1e-08,1.662771285475793,-1.9916275603610794,2.1802300726363075,-1.991626806945979,2.18022873103854,7.534151003074641e-07,1.3415977675457214e-06,1.3415977675457214e-06,-0.09277740572452453,0.9809225414607954,-0.09277694557470684,0.9809207537077984,4.6014981769371133e-07,1.787752996973424e-06,1.8460223814761877e-06,1.787752996973424e-06,21.9801561887355,3.072682250149228e-05,3.072682250149228e-05,1.3979366293761832e-06,21.980121008643735,4.4532692626830794e-06,-4.4532692626830794e-06,-2.0260436048919158e-07
higher_energy_wide_swing,dop853_moderate,DOP853,1e-06,1e-08,1.666110183639399,-1.996160245513877,2.1901157199315113,-1.9961594761281822,2.190114386966904,7.693856947099675e-07,1.3329646071369439e-06,1.3329646071369439e-06,-0.0966148967336724,0.9931333932228155,-0.09661444046214718,0.9931316069994475,4.5627152522875747e-07,1.7862233679943884e-06,1.843577398728839e-06,1.7862233679943884e-06,21.98015619979173,3.073787873120182e-05,3.073787873120182e-05,1.3984396396855964e-06,21.98012105416695,4.407746047263572e-06,-4.407746047263572e-06,-2.0053325241028685e-07
higher_energy_wide_swing,dop853_moderate,DOP853,1e-06,1e-08,1.669449081803005,-2.0006475838449975,2.1999526757432446,-2.0006467982027125,2.1999513510969,7.856422850061051e-07,1.3246463446137113e-06,1.3246463446137113e-06,-0.10050349292014071,1.0051984506761844,-0.10050304082050521,1.005196665496207,4.520996355061868e-07,1.7851799773982435e-06,1.8415378443378297e-06,1.7851799773982435e-06,21.98015621384795,3.0751934950501436e-05,3.0751934950501436e-05,1.3990791364584413e-06,21.980121094492823,4.367420174844483e-06,-4.367420174844483e-06,-1.9869860080700254e-07
higher_energy_wide_swing,dop853_moderate,DOP853,1e-06,1e-08,1.672787979966611,-2.0050894192070907,2.2097408717627496,-2.0050886187336316,2.209739552309283,8.00473459072748e-07,1.319453466486209e-06,1.319453466486209e-06,-0.10444208995542958,1.0171177556949373,-0.10444163991629407,1.0171159703714985,4.5003913551333596e-07,1.7853234388631734e-06,1.8411721822925247e-06,1.7853234388631734e-06,21.980156217752008,3.07558390097995e-05,3.07558390097995e-05,1.3992567541569767e-06,21.980121126127603,4.3357853947156855e-06,-4.3357853947156855e-06,-1.9725935605912274e-07
higher_energy_wide_swing,dop853_moderate,DOP853,1e-06,1e-08,1.676126878130217,-2.009485578462654,2.219480239575505,-2.0094847655663104,2.2194789208656633,8.12896343571623e-07,1.3187098417688503e-06,1.3187098417688503e-06,-0.10842959832378463,1.0288913639853514,-0.10842914692155425,1.0288895772092053,4.51402230372544e-07,1.7867761461509701e-06,1.8429142600890092e-06,1.7867761461509701e-06,21.98015620960078,3.074768778077441e-05,3.074768778077441e-05,1.3988859087294012e-06,21.980121145980487,4.315932510934317e-06,-4.315932510934317e-06,-1.9635613629289487e-07
higher_energy_wide_swing,dop853_moderate,DOP853,1e-06,1e-08,1.679465776293823,-2.0138358742300615,2.229170708738191,-2.0138350495248627,2.229169387745402,8.247051987986254e-07,1.320992788933495e-06,1.320992788933495e-06,-0.1124649415224539,1.0405193456165893,-0.11246448683825239,1.040517555644383,4.5468420151184574e-07,1.789972206234225e-06,1.8468184053110049e-06,1.789972206234225e-06,21.980156198429526,3.073651652840681e-05,3.073651652840681e-05,1.3983776653898916e-06,21.980121151594282,4.310318715283756e-06,-4.310318715283756e-06,-1.961007330350614e-07
higher_energy_wide_swing,dop853_moderate,DOP853,1e-06,1e-08,1.6828046744574292,-2.0181401021652823,2.2388122095968757,-2.0181392650689727,2.238810884039149,8.37096309602714e-07,1.3255577266946261e-06,1.3255577266946261e-06,-0.11654705938929011,1.052001784383317,-0.11654660040461196,1.0519999890251313,4.589846781533069e-07,1.795358185674445e-06,1.8530995520067802e-06,1.795358185674445e-06,21.980156189690607,3.0727777609484974e-05,3.0727777609484974e-05,1.3979800826310043e-06,21.98012114133536,4.320577637884071e-06,-4.320577637884071e-06,-1.9656746934273586e-07
higher_energy_wide_swing,dop853_moderate,DOP853,1e-06,1e-08,1.6861435726210352,-2.022398041395645,2.2484046726900804,-2.022397190912498,2.2484033403946486,8.504831470190766e-07,1.3322954317551705e-06,1.3322954317551705e-06,-0.12067490808647086,1.0633387772725589,-0.12067444398580529,1.063336974093069,4.641006655647928e-07,1.8031794899453502e-06,1.8619467502421376e-06,1.8031794899453502e-06,21.980156186148967,3.072423596961471e-05,3.072423596961471e-05,1.3978189534383434e-06,21.980121114533617,4.3473793809312156e-06,-4.3473793809312156e-06,-1.9778683194799424e-07
higher_energy_wide_swing,dop853_moderate,DOP853,1e-06,1e-08,1.6894824707846412,-2.0266094553396403,2.257948027987202,-2.0266085906062687,2.257946686510472,8.647333715749994e-07,1.3414767301433983e-06,1.3414767301433983e-06,-0.12484745975080436,1.0745304341642796,-0.1248469894508859,1.0745286206799727,4.702999184535983e-07,1.8134843069450568e-06,1.87347467152173e-06,1.8134843069450568e-06,21.98015618809193,3.072617893096208e-05,3.072617893096208e-05,1.3979073497193716e-06,21.98012107156603,4.390346969529446e-06,-4.390346969529446e-06,-1.9974167013454984e-07
higher_energy_wide_swing,dop853_moderate,DOP853,1e-06,1e-08,1.6928213689482472,-2.03077409245955,2.2674422042055724,-2.0307732130874716,2.267440850673299,8.793720782662717e-07,1.3535322733737587e-06,1.3535322733737587e-06,-0.12906370215112328,1.085576877548597,-0.12906322403731363,1.0855750514181626,4.781138096543458e-07,1.8261304344235896e-06,1.8876824887968528e-06,1.8261304344235896e-06,21.980156193726877,3.073181387946988e-05,3.073181387946988e-05,1.3981637153401034e-06,21.980121013879142,4.448033855908307e-06,-4.448033855908307e-06,-2.023661722775799e-07
higher_energy_wide_swing,dop853_moderate,DOP853,1e-06,1e-08,1.6961602671118532,-2.034891686950818,2.276887128202474,-2.034890793198027,2.276885759334398,8.937527908869924e-07,1.3688680757795169e-06,1.3688680757795169e-06,-0.1333226383567775,1.0964782422583805,-0.13332215020391947,1.096476401462342,4.881528580247263e-07,1.8407960384880795e-06,1.90442202993746e-06,1.8407960384880795e-06,21.980156199708333,3.073779533480092e-05,3.073779533480092e-05,1.3984358455124904e-06,21.980120943948265,4.5179647329973704e-06,-4.5179647329973704e-06,-2.0554772268366108e-07
higher_energy_wide_swing,dop853_moderate,DOP853,1e-06,1e-08,1.6994991652754592,-2.0389619593720765,2.2862827244384256,-2.0389610521743586,2.2862813367209456,9.071977178365387e-07,1.3877174800391856e-06,1.3877174800391856e-06,-0.1376232864206034,1.1072346752159636,-0.1376227854726717,1.107232818220692,5.009479316919752e-07,1.8569952715541405e-06,1.9233773079770136e-06,1.8569952715541405e-06,21.980156201741217,3.073982821888421e-05,3.073982821888421e-05,1.3985283328864508e-06,21.980120865173248,4.596739749729295e-06,-4.596739749729295e-06,-2.0913164293327135e-07
higher_energy_wide_swing,dop853_moderate,DOP853,1e-06,1e-08,1.7028380634390652,-2.042984617219727,2.295628914508043,-2.0429836981109584,2.295627504477821,9.191087686488686e-07,1.410030221915548e-06,1.410030221915548e-06,-0.14196467907912647,1.1178463351926977,-0.141964162259129,1.1178444610931273,5.168199974647791e-07,1.8740995704202845e-06,1.9440555829576967e-06,1.8740995704202845e-06,21.98015619521216,3.073329916247758e-05,3.073329916247758e-05,1.3982312892495549e-06,21.98012078171318,4.680199818807296e-06,-4.680199818807296e-06,-2.1292871266440732e-07
higher_energy_wide_swing,dop853_moderate,DOP853,1e-06,1e-08,1.7061769616026712,-2.0469593554509995,2.3049256167347867,-2.046958426400148,2.3049241813355192,9.290508513615237e-07,1.4353992674465132e-06,1.4353992674465132e-06,-0.14634586347215894,1.1283133925801054,-0.1463453276910237,1.1283115012147489,5.3578113523578e-07,1.8913653565544308e-06,1.9657884771380692e-06,1.8913653565544308e-06,21.980156175806115,3.071389311770645e-05,3.071389311770645e-05,1.3973483987126124e-06,21.980120698264358,4.763648639993789e-06,-4.763648639993789e-06,-2.1672527066545664e-07
higher_energy_wide_swing,dop853_moderate,DOP853,1e-06,1e-08,1.7095158597662772,-2.0508858569593893,2.3141727458259154,-2.0508849201504376,2.3141712827998213,9.3680895174586e-07,1.46302609405069e-06,1.46302609405069e-06,-0.15076590088338138,1.1386360291714137,-0.15076534341397974,1.1386341212026578,5.574694016408088e-07,1.90796875587651e-06,1.9877416600672027e-06,1.90796875587651e-06,21.98015614007115,3.067815815072095e-05,3.067815815072095e-05,1.3957226133162815e-06,21.980120619788295,4.84212470297507e-06,-4.84212470297507e-06,-2.2029558982115315e-07
higher_energy_wide_swing,dop853_moderate,DOP853,1e-06,1e-08,1.7128547579298832,-2.054763793006391,2.3233702125839404,-2.0547628505858864,2.323368720858865,9.424205047459111e-07,1.4917250754642453e-06,1.4917250754642453e-06,-0.15522386650292397,1.1488144379522873,-0.15522328538296515,1.1488125149044461,5.811199588201532e-07,1.9230478411902396e-06,2.008933400102049e-06,1.9230478411902396e-06,21.980156085899836,3.062398683795209e-05,3.062398683795209e-05,1.3932580544645713e-06,21.98012055119894,4.910714057615451e-06,-4.910714057615451e-06,-2.2341610679723827e-07
higher_energy_wide_swing,dop853_moderate,DOP853,1e-06,1e-08,1.7161936560934892,-2.0585928236134348,2.3325179236709115,-2.0585918774288645,2.33251640370325,9.461845702496419e-07,1.5199676615118562e-06,1.5199676615118562e-06,-0.15971884921245216,1.1588488228996519,-0.1597182436376774,1.1588468871468036,6.055747747701901e-07,1.9357528482366604e-06,2.028265243328473e-06,1.9357528482366604e-06,21.980156012901382,3.055098838444792e-05,3.055098838444792e-05,1.3899369426888146e-06,21.980120497020074,4.96489292345359e-06,-4.96489292345359e-06,-2.2588100928071227e-07
higher_energy_wide_swing,dop853_moderate,DOP853,1e-06,1e-08,1.7195325542570952,-2.062372597917937,2.3416157814218264,-2.0623716492686173,2.341614235454825,9.486493195431933e-07,1.545967001526094e-06,1.545967001526094e-06,-0.16424995139271448,1.1687393987875354,-0.16424932205969478,1.1687374534828703,6.293330196971425e-07,1.9453046651296546e-06,2.0445709305026133e-06,1.9453046651296546e-06,21.9801559226444,3.046073140211547e-05,3.046073140211547e-05,1.385830643000542e-06,21.98012046102676,5.000886236672386e-06,-5.000886236672386e-06,-2.2751854830573582e-07
higher_energy_wide_swing,dop853_moderate,DOP853,1e-06,1e-08,1.7228714524207012,-2.0661027544973725,2.3506636837034898,-2.066101803918038,2.3506621158997913,9.505793343578262e-07,1.567803698421244e-06,1.567803698421244e-06,-0.16881628875304155,1.178486390998957,-0.1688156381088638,1.1784844399370986,6.5064417775762e-07,1.951061858296299e-06,2.056691571662727e-06,1.951061858296299e-06,21.980155818756273,3.0356843275569645e-05,3.0356843275569645e-05,1.3811041856049349e-06,21.980120445886534,5.016026463522394e-06,-5.016026463522394e-06,-2.282073627020068e-07
higher_energy_wide_swing,dop853_moderate,DOP853,1e-06,1e-08,1.7262103505843072,-2.0697829216652903,2.3596615238151233,-2.0697819687610433,2.359659940221769,9.529042470646232e-07,1.5835933542263092e-06,1.5835933542263092e-06,-0.17341699018178403,1.188090035342967,-0.17341632253606354,1.18808808274657,6.676457204868314e-07,1.9525963970146165e-06,2.0635851079417205e-06,1.9525963970146165e-06,21.980155706870974,3.0244957976321984e-05,3.0244957976321984e-05,1.3760138916736499e-06,21.980120452818248,5.0090947496528315e-06,-5.0090947496528315e-06,-2.2789199990384743e-07
higher_energy_wide_swing,dop853_moderate,DOP853,1e-06,1e-08,1.7295492487479132,-2.0734127177431647,2.3686091904270414,-2.0734117610929617,2.3686075987304562,9.566502030544655e-07,1.5916965852014187e-06,1.5916965852014187e-06,-0.17805119761624033,1.1975505778760291,-0.17805051906915825,1.197548628097889,6.785470820780404e-07,1.949778140053482e-06,2.064475947553528e-06,1.949778140053482e-06,21.980155594423188,3.0132510190128414e-05,3.0132510190128414e-05,1.3708980070355745e-06,21.980120481289198,4.980623799610839e-06,-4.980623799610839e-06,-2.2659669564858618e-07
higher_energy_wide_swing,dop853_moderate,DOP853,1e-06,1e-08,1.7328881469115192,-2.07699175131201,2.3775065675537053,-2.07699078845633,2.377504976581535,9.628556800755916e-07,1.5909721704510105e-06,1.5909721704510105e-06,-0.18271806593017814,1.2068682747270563,-0.18271738406866933,1.2068663318589454,6.818615088111102e-07,1.942868110837992e-06,2.0590462873158903e-06,1.942868110837992e-06,21.98015549029295,3.0028379953250806e-05,3.0028379953250806e-05,1.3661605346740975e-06,21.980120528772623,4.933140374419054e-06,-4.933140374419054e-06,-2.2443640656042495e-07
higher_energy_wide_swing,dop853_moderate,DOP853,1e-06,1e-08,1.7362270450751252,-2.0805196214476607,2.3863535345574594,-2.080518648974506,2.3863519534834507,9.724731548921284e-07,1.5810740086052988e-06,1.5810740086052988e-06,-0.18741676283663677,1.2160433919255076,-0.18741608614939287,1.2160414593050264,6.766872439056826e-07,1.932620481204239e-06,2.0476639251680863e-06,1.932620481204239e-06,21.980155404311056,2.9942398057869468e-05,2.9942398057869468e-05,1.3622487328270004e-06,21.980120590590516,4.871322481392326e-06,-4.871322481392326e-06,-2.21623961602645e-07
higher_energy_wide_swing,dop853_moderate,DOP853,1e-06,1e-08,1.7395659432387314,-2.0839959179436254,2.3951499661792734,-2.083994931685488,2.395148403386717,9.862581373809576e-07,1.5627925562533562e-06,1.5627925562533562e-06,-0.19214646880331654,1.2250762052320838,-0.19214580576395013,1.2250742848389422,6.63039366410878e-07,1.920393141618959e-06,2.0316325996074373e-06,1.920393141618959e-06,21.980155346641823,2.9884728824924878e-05,2.9884728824924878e-05,1.359625033838361e-06,21.980120659868255,4.8020447422914e-06,-4.8020447422914e-06,-2.1847212613105183e-07
higher_energy_wide_swing,dop853_moderate,DOP853,1e-06,1e-08,1.7429048414023374,-2.0874202215254325,2.4038957325927828,-2.08741921687836,2.4038941941513765,1.0046470726443602e-06,1.5384414062680207e-06,1.5384414062680207e-06,-0.1969063769774605,1.2339669999716785,-0.19690573474399264,1.233965091705024,6.422334678513053e-07,1.9082666544711913e-06,2.013441196507856e-06,1.9082666544711913e-06,21.9801553270663,2.9865153301500413e-05,2.9865153301500413e-05,1.358734432760656e-06,21.9801207276301,4.734282896379227e-06,-4.734282896379227e-06,-2.153892571988617e-07
higher_energy_wide_swing,dop853_moderate,DOP853,1e-06,1e-08,1.7462437395659434,-2.090792104060375,2.412590699477962,-2.0907910764347455,2.4125891871882628,1.027625629479445e-06,1.5122896992458834e-06,1.5122896992458834e-06,-0.20169569311681113,1.2427160708683949,-0.20169507579457258,1.2427141716970325,6.173222385497112e-07,1.899171362396146e-06,1.9969823759747255e-06,1.899171362396146e-06,21.98015535419528,2.98922822814518e-05,2.98922822814518e-05,1.359968683220163e-06,21.980120783066127,4.678846870831421e-06,-4.678846870831421e-06,-2.1286715942267451e-07
higher_energy_wide_swing,dop853_moderate,DOP853,1e-06,1e-08,1.7495826377295494,-2.0941111287665577,2.421234728110717,-2.094110074177688,2.421233237069708,1.0545888695645544e-06,1.4910410093271764e-06,1.4910410093271764e-06,-0.20651363552285928,1.2513237218825413,-0.20651304193697106,1.251321824860227,5.935858882200051e-07,1.89702231434552e-06,1.987721778272494e-06,1.89702231434552e-06,21.98015543464804,2.997273504234954e-05,2.997273504234954e-05,1.3636289335238818e-06,21.980120814003573,4.647909424448926e-06,-4.647909424448926e-06,-2.1145964032383664e-07
higher_energy_wide_swing,dop853_moderate,DOP853,1e-06,1e-08,1.7529215358931554,-2.0973768504251726,2.429827675464729,-2.097375766509917,2.4298261979932,1.0839152557728937e-06,1.4774715291210327e-06,1.4774715291210327e-06,-0.21135943497230947,1.259790266049718,-0.21135886097014434,1.2597883639286795,5.740021651323701e-07,1.9021210384551068e-06,1.986842452362588e-06,1.9021210384551068e-06,21.980155572239546,3.011032654853807e-05,3.011032654853807e-05,1.3698887479379053e-06,21.980120855893464,4.606019533781591e-06,-4.606019533781591e-06,-2.0955383270049429e-07
higher_energy_wide_swing,dop853_moderate,DOP853,1e-06,1e-08,1.7562604340567614,-2.1005888155998966,2.4383693943218425,-2.100587701049411,2.43836793882215,1.1145504856813204e-06,1.4554996923266117e-06,1.4554996923266117e-06,-0.21623233464238023,1.268116025322212,-0.21623178768592288,1.2681141223201613,5.469564573479246e-07,1.9030020506072276e-06,1.9800449921276803e-06,1.9030020506072276e-06,21.980155767225067,3.0305312069600632e-05,3.0305312069600632e-05,1.3787597401167458e-06,21.980121023385212,4.438527785310953e-06,-4.438527785310953e-06,-2.0193368745788107e-07
higher_energy_wide_swing,dop853_moderate,DOP853,1e-06,1e-08,1.7595993322203674,-2.1037465628673337,2.446859733387326,-2.1037454149953336,2.4468583059206352,1.1478720001179e-06,1.4274666906288758e-06,1.4274666906288758e-06,-0.2211315900252886,1.2763013304131128,-0.2211310766171195,1.2762994279001778,5.134081690894021e-07,1.9025129349703462e-06,1.9705693126143046e-06,1.9025129349703462e-06,21.980156015658498,3.0553745499872775e-05,3.0553745499872775e-05,1.3900623794352805e-06,21.980121238426964,4.223486033794188e-06,-4.223486033794188e-06,-1.9215022412463542e-07
higher_energy_wide_swing,dop853_moderate,DOP853,1e-06,1e-08,1.7629382303839733,-2.1068496230624083,2.455298537406299,-2.106848438680582,2.455297140424731,1.1843818263912453e-06,1.396981568202449e-06,1.396981568202449e-06,-0.22605646882700736,1.2843465206437044,-0.22605599304189095,1.2843446171608215,4.757851164161053e-07,1.9034828828701222e-06,1.9620444853220423e-06,1.9034828828701222e-06,21.980156308927,3.084701400268841e-05,3.084701400268841e-05,1.403404819328256e-06,21.980121436899083,4.025013915054387e-06,-4.025013915054387e-06,-1.8312060693324533e-07
higher_energy_wide_swing,dop853_moderate,DOP853,1e-06,1e-08,1.7662771285475793,-2.1098975195426166,2.463685647277654,-2.1098962958842673,2.4636842802678265,1.2236583493141495e-06,1.3670098275575526e-06,1.3670098275575526e-06,-0.23100625084516024,1.2922519437948679,-0.23100581428202693,1.292250036346711,4.3656313331030816e-07,1.907448156757141e-06,1.956769235265602e-06,1.907448156757141e-06,21.98015663353184,3.117161884347297e-05,3.117161884347297e-05,1.4181729261503501e-06,21.980121580631092,3.881281905648848e-06,-3.881281905648848e-06,-1.7658142636056855e-07
higher_energy_wide_swing,dop853_moderate,DOP853,1e-06,1e-08,1.7696160267111853,-2.1128897684750543,2.472020900161765,-2.112888503955391,2.4720195601576815,1.2645196632021793e-06,1.3400040832500792e-06,1.3400040832500792e-06,-0.23598022782068384,1.300017955963397,-0.23597982954423513,1.300016041062299,3.9827644870982226e-07,1.9149010981323045e-06,1.9558809639712773e-06,1.9149010981323045e-06,21.980156971192244,3.150927924622238e-05,3.150927924622238e-05,1.4335350041937398e-06,21.980121651737157,3.8101758406128283e-06,-3.8101758406128283e-06,-1.7334641002004623e-07
higher_energy_wide_swing,dop853_moderate,DOP853,1e-06,1e-08,1.7729549248747913,-2.1158258791501225,2.480304129578311,-2.11582457394893,2.480302811586111,1.3052011924585827e-06,1.3179921998229815e-06,1.3179921998229815e-06,-0.24097770325771484,1.3076449214243175,-0.240977339768913,1.3076429959058546,3.634888018355653e-07,1.9255184628974575e-06,1.9595268459551257e-06,1.9255184628974575e-06,21.980157299356208,3.183744320978121e-05,3.183744320978121e-05,1.4484650356045013e-06,21.980121647705243,3.8142077549707665e-06,-3.8142077549707665e-06,-1.7352984456708394e-07
higher_energy_wide_swing,dop853_moderate,DOP853,1e-06,1e-08,1.7762938230383973,-2.118705354325831,2.488535165490519,-2.118704010773893,2.488533862870318,1.3435519381488348e-06,1.302620200593907e-06,1.3435519381488348e-06,-0.2459979922059632,1.3151332125004715,-0.24599765748690106,1.3151312741275107,3.3471906213389246e-07,1.9383729608080102e-06,1.9670603919929363e-06,1.9383729608080102e-06,21.980157592209483,3.2130296485632925e-05,3.2130296485632925e-05,1.4617885844786497e-06,21.980121577181336,3.884731661685237e-06,-3.884731661685237e-06,-1.7673837523887985e-07
higher_energy_wide_swing,dop853_moderate,DOP853,1e-06,1e-08,1.7796327212020033,-2.121527690606601,2.496713834372127,-2.1215263133529123,2.4967125392248657,1.3772536888723153e-06,1.2951472614375348e-06,1.3772536888723153e-06,-0.25104042099968193,1.322483209440816,-0.2510401066846013,1.3224812573088203,3.143150806295125e-07,1.9521319958304417e-06,1.9772742093741273e-06,1.9521319958304417e-06,21.9801578222813,3.2360368301453946e-05,3.2360368301453946e-05,1.4722558502920176e-06,21.98012145639172,4.005521276440049e-06,-4.005521276440049e-06,-1.8223377675349433e-07
higher_energy_wide_swing,dop853_moderate,DOP853,1e-06,1e-08,1.7829716193656093,-2.1242923788604844,2.504839959253402,-2.1242909747929297,2.5048386628633073,1.4040675546667103e-06,1.2963900948292917e-06,1.4040675546667103e-06,-0.25610432694721075,1.3296953003090877,-0.2561040226777721,1.329693335061358,3.042694386445888e-07,1.965247729662778e-06,1.9886624978205317e-06,1.965247729662778e-06,21.98015796275302,3.2500840021043587e-05,3.2500840021043587e-05,1.4786467018744186e-06,21.980121306147907,4.155765090274599e-06,-4.155765090274599e-06,-1.8906921607320572e-07
higher_energy_wide_swing,dop853_moderate,DOP853,1e-06,1e-08,1.7863105175292153,-2.1269989046787052,2.5129133597424955,-2.126997482566538,2.512912053128473,1.4221121671376125e-06,1.3066140223116918e-06,1.4221121671376125e-06,-0.2611890579649393,1.3367698808846535,-0.2611887519942079,1.336767904741969,3.05970731417915e-07,1.976142684601001e-06,1.999689475490249e-06,1.976142684601001e-06,21.98015799058328,3.252867028180617e-05,3.252867028180617e-05,1.4799128575572335e-06,21.980121149380906,4.312532091432786e-06,-4.312532091432786e-06,-1.9620143201209248e-07
higher_energy_wide_swing,dop853_moderate,DOP853,1e-06,1e-08,1.7896494156928213,-2.1296467488814406,2.5209338520184716,-2.1296453187035387,2.52093252665042,1.4301779018843774e-06,1.325368051752207e-06,1.4301779018843774e-06,-0.2662939721494434,1.3437073545775904,-0.2662936522654378,1.3437053711823603,3.1988400561733243e-07,1.983395230054086e-06,2.0090252401727285e-06,1.983395230054086e-06,21.98015789057134,3.24286583435196e-05,3.24286583435196e-05,1.4753627498492557e-06,21.98012100915329,4.45275970761827e-06,-4.45275970761827e-06,-2.0258117795250894e-07
higher_energy_wide_swing,dop853_moderate,DOP853,1e-06,1e-08,1.7929883138564275,-2.132235388073742,2.5289012487923026,-2.1322339599922775,2.52889989753105,1.4280814646383533e-06,1.3512612526689338e-06,1.4280814646383533e-06,-0.2714184372814611,1.3505081323602082,-0.27141809212749235,1.3505061464308068,3.4515396873935345e-07,1.9859294013713225e-06,2.015700089142129e-06,1.9859294013713225e-06,21.980157660487897,3.219857489966671e-05,3.219857489966671e-05,1.4648949550110698e-06,21.980120907099888,4.554813109791667e-06,-4.554813109791667e-06,-2.0722416337814877e-07
higher_energy_wide_swing,dop853_moderate,DOP853,1e-06,1e-08,1.7963272120200335,-2.1347642952555153,2.536815359232152,-2.1347628781903216,2.536813977554408,1.417065193631828e-06,1.3816777437725136e-06,1.417065193631828e-06,-0.2765618302553112,1.3571726327174516,-0.2765614511307183,1.357170649503844,3.7912459294187073e-07,1.9832136075592643e-06,2.0191264621567345e-06,1.9832136075592643e-06,21.980157317411027,3.1855498029642604e-05,3.1855498029642604e-05,1.4492864512917172e-06,21.98012086225002,4.599662979387631e-06,-4.599662979387631e-06,-2.0926463715404599e-07
higher_energy_wide_swing,dop853_moderate,DOP853,1e-06,1e-08,1.7996661101836395,-2.137232940489467,2.544675988849252,-2.1372315402440334,2.544674576421659,1.400245433824665e-06,1.4124275931060026e-06,1.4124275931060026e-06,-0.2817235364273094,1.3637012816188117,-0.28172311965854246,1.3636993061459002,4.167687669420772e-07,1.9754729114751512e-06,2.0189575104668573e-06,1.9754729114751512e-06,21.9801569054131,3.144350010231278e-05,3.144350010231278e-05,1.4305423395693464e-06,21.980120890186313,4.571726684332589e-06,-4.571726684332589e-06,-2.0799365737263163e-07
higher_energy_wide_swing,dop853_moderate,DOP853,1e-06,1e-08,1.8030050083472455,-2.139640791630929,2.5524829393406887,-2.1396394085166075,2.552481502009752,1.3831143212961194e-06,1.4373309364934528e-06,1.4373309364934528e-06,-0.28690294887670864,1.37009451251457,-0.28690249885502583,1.3700925485949254,4.5002168280738886e-07,1.9639196446874507e-06,2.0148200628805732e-06,1.9639196446874507e-06,21.980156504752898,3.1042839900408126e-05,3.1042839900408126e-05,1.4123140449857273e-06,21.98012100249786,4.459415137603173e-06,-4.459415137603173e-06,-2.0288397103694496e-07
higher_energy_wide_swing,dop853_moderate,DOP853,1e-06,1e-08,1.8063439065108515,-2.1419873151234663,2.5602360083854006,-2.1419859410241315,2.560234560652778,1.3740993347610697e-06,1.447732622672504e-06,1.447732622672504e-06,-0.2920994675726778,1.376352766359432,-0.29209900056097327,1.3763508153521604,4.670117045302291e-07,1.951007271516758e-06,2.0061229537791283e-06,1.951007271516758e-06,21.980156242735973,3.0780822974918465e-05,3.0780822974918465e-05,1.4003934157816912e-06,21.980121206487485,4.255425512411648e-06,-4.255425512411648e-06,-1.936033313269944e-07
higher_energy_wide_swing,dop853_moderate,DOP853,1e-06,1e-08,1.8096828046744575,-2.144271970576002,2.567934995039064,-2.1442705916792266,2.567933557445024,1.378896775428018e-06,1.437594040254453e-06,1.437594040254453e-06,-0.29731250659754327,1.3824764894505255,-0.2973120472583245,1.3824745509542988,4.5933921877239214e-07,1.9384962266499883e-06,1.9921747259311055e-06,1.9384962266499883e-06,21.980156213138287,3.075122528883867e-05,3.075122528883867e-05,1.3990468499428799e-06,21.9801215050956,3.956817398176327e-06,-3.956817398176327e-06,-1.800179623648041e-07
higher_energy_wide_swing,dop853_moderate,DOP853,1e-06,1e-08,1.8130217028380635,-2.14649419284117,2.575579716882881,-2.146492810541837,2.575578296564739,1.3822993327750055e-06,1.4203181417649091e-06,1.4203181417649091e-06,-0.3025415182845136,1.3884661269133312,-0.3025410720224757,1.3884642057463883,4.4626203787867524e-07,1.921166942864261e-06,1.9723164626413373e-06,1.921166942864261e-06,21.980156201326853,3.0739413855229714e-05,3.0739413855229714e-05,1.3985094811444433e-06,21.980121897005564,3.564907434139286e-06,-3.564907434139286e-06,-1.62187765502819e-07
higher_energy_wide_swing,dop853_moderate,DOP853,1e-06,1e-08,1.8163606010016695,-2.1486534269660225,2.5831699792778275,-2.1486520440767225,2.5831685816176018,1.3828892999612208e-06,1.397660225777031e-06,1.397660225777031e-06,-0.3077859484508183,1.3943221345609373,-0.3077855184821364,1.394320235653916,4.299686818809434e-07,1.8989070214026071e-06,1.9469773864456046e-06,1.8989070214026071e-06,21.980156188996045,3.072708304685534e-05,3.072708304685534e-05,1.3979484830557045e-06,21.98012237689782,3.0850151766514955e-06,-3.0850151766514955e-06,-1.4035475739195336e-07
higher_energy_wide_swing,dop853_moderate,DOP853,1e-06,1e-08,1.8196994991652755,-2.1507491164726944,2.5907055859087538,-2.1507477354172195,2.590704215998911,1.3810554748694415e-06,1.3699098428965328e-06,1.3810554748694415e-06,-0.31304525123577676,1.4000449742610985,-0.3130448407862866,1.4000431019526365,4.104494901735478e-07,1.872308462047556e-06,1.916770137767857e-06,1.872308462047556e-06,21.980156180905116,3.071899211803952e-05,3.071899211803952e-05,1.3975803810250843e-06,21.980122935822784,2.526090213450516e-06,-2.526090213450516e-06,-1.149261053048904e-07
higher_energy_wide_swing,dop853_moderate,DOP853,1e-06,1e-08,1.8230383973288815,-2.1527807017670915,2.5981863408425894,-2.1527793246348286,2.5981850032734934,1.3771322628919336e-06,1.3375690959271935e-06,1.3771322628919336e-06,-0.31831889148774906,1.40563511305219,-0.31831850357773794,1.4056332710347885,3.8791001111260215e-07,1.8420174014988078e-06,1.8824192636460666e-06,1.8420174014988078e-06,21.980156178328777,3.07164157788975e-05,3.07164157788975e-05,1.3974631688123291e-06,21.98012356166464,1.9002483568897333e-06,-1.9002483568897333e-06,-8.645302594757568e-08
higher_energy_wide_swing,dop853_moderate,DOP853,1e-06,1e-08,1.8263772954924875,-2.154747620452648,2.605612048910964,-2.154746249014193,2.6056107475723453,1.3714384548002556e-06,1.3013386186422338e-06,1.3714384548002556e-06,-0.323606344714797,1.411093022923395,-0.32360598197277735,1.411091214170467,3.627420196439246e-07,1.8087529278787429e-06,1.8447679872887208e-06,1.8087529278787429e-06,21.980156180271912,3.071835891432784e-05,3.071835891432784e-05,1.3975515730133746e-06,21.98012423967121,1.2222417886675885e-06,-1.2222417886675885e-06,-5.5606679351556945e-08
higher_energy_wide_swing,dop853_moderate,DOP853,1e-06,1e-08,1.8297161936560935,-2.1566493076398667,2.612982516104262,-2.156647943333028,2.6129812540050015,1.3643068386137713e-06,1.2620992606571235e-06,1.3643068386137713e-06,-0.3289070970412543,1.4164191805794357,-0.3289067615463215,1.4164174072630045,3.3549493283491216e-07,1.7733164312527805e-06,1.8047736742619556e-06,1.7733164312527805e-06,21.980156184442016,3.072252901858974e-05,3.072252901858974e-05,1.3977412945993195e-06,21.98012495302677,5.088862273794348e-07,-5.088862273794348e-07,-2.3152107491889852e-08
higher_energy_wide_swing,dop853_moderate,DOP853,1e-06,1e-08,1.8330550918196995,-2.1584851962519442,2.6202975499766152,-2.1584838401465576,2.6202963290866497,1.3561053866517625e-06,1.2208899655696825e-06,1.3561053866517625e-06,-0.33422064516967964,1.4216140671899649,-0.3342203383219878,1.4216123305973345,3.0684769186661853e-07,1.7365926303636314e-06,1.763493541195189e-06,1.7365926303636314e-06,21.980156188008163,3.072609516507896e-05,3.072609516507896e-05,1.3979035387364332e-06,21.980125683447724,2.2153472656327722e-07,2.2153472656327722e-07,1.0078865425365792e-08
higher_energy_wide_swing,dop853_moderate,DOP853,1e-06,1e-08,1.8363939899833055,-2.1602547173267745,2.627556960061362,-2.1602533700760294,2.627555781178985,1.3472507451872673e-06,1.1788823770508827e-06,1.3472507451872673e-06,-0.3395464963476794,1.4266781681237966,-0.33954621876644403,1.426676468580403,2.775812353861262e-07,1.6995433935740323e-06,1.7220624520846001e-06,1.6995433935740323e-06,21.980156188173527,3.072626052968985e-05,3.072626052968985e-05,1.3979110621061784e-06,21.980126411783008,9.498700102028579e-07,9.498700102028579e-07,4.32149494255065e-08
higher_energy_wide_swing,dop853_moderate,DOP853,1e-06,1e-08,1.8397328881469115,-2.1619573003156365,2.634760558296479,-2.1619559621008593,2.63475942094382,1.338214777213409e-06,1.1373526587199478e-06,1.338214777213409e-06,-0.3448841683390165,1.4316119726682182,-0.34488391978738603,1.4316103094727985,2.4855163044401607e-07,1.6631954196100196e-06,1.6816649240583357e-06,1.6631954196100196e-06,21.980156182586256,3.072067325859962e-05,3.072067325859962e-05,1.3976568656003432e-06,21.980127118603484,1.6566904861292642e-06,1.6566904861292642e-06,7.537220335707208e-08
higher_energy_wide_swing,dop853_moderate,DOP853,1e-06,1e-08,1.8430717863105175,-2.1635923733788567,2.6419081594595055,-2.163591043853973,2.6419070618084506,1.3295248835198947e-06,1.0976510549376428e-06,1.3295248835198947e-06,-0.3502331893984342,1.4364159737336786,-0.3502329687344593,1.4364143451108844,2.2066397487030542e-07,1.6286227941808562e-06,1.643503816707166e-06,1.6286227941808562e-06,21.980156169611558,3.0707698559950813e-05,3.0707698559950813e-05,1.3970665733078227e-06,21.980127784766793,2.3228537955333195e-06,2.3228537955333195e-06,1.0567973324621571e-07
higher_energy_wide_swing,dop853_moderate,DOP853,1e-06,1e-08,1.8464106844741235,-2.1651593636787494,2.648999581611479,-2.165158041919903,2.6489985204417827,1.3217588463732e-06,1.0611696961149164e-06,1.3217588463732e-06,-0.3555930982495769,1.441090667544219,-0.3555929034024173,1.4410890706187978,1.9484715962914123e-07,1.5969254212322426e-06,1.6087685404039076e-06,1.5969254212322426e-06,21.98015614848617,3.06865731722894e-05,3.06865731722894e-05,1.3961054601559428e-06,21.98012839194615,2.9300331512160938e-06,2.9300331512160938e-06,1.3330375007609641e-07
higher_energy_wide_swing,dop853_moderate,DOP853,1e-06,1e-08,1.8497495826377297,-2.1666576976701326,2.656034646549388,-2.1666563821352014,2.6560336172402303,1.31553493121217e-06,1.029309157463132e-06,1.31553493121217e-06,-0.360963444065384,1.4456365533140616,-0.3609632720358024,1.445634984109799,1.7202958157991333e-07,1.569204262530377e-06,1.5786057755127036e-06,1.569204262530377e-06,21.98015611937427,3.06574612736199e-05,3.06574612736199e-05,1.3947809955290258e-06,21.980128923113654,3.4612006558631947e-06,3.4612006558631947e-06,1.5746955866383648e-07
higher_energy_wide_swing,dop853_moderate,DOP853,1e-06,1e-08,1.8530884808013357,-2.168086801388718,2.663013180266668,-2.168085489890734,2.6630121768223862,1.3114979839912166e-06,1.003444281888477e-06,1.3114979839912166e-06,-0.3663437864503138,1.4500541329108398,-0.36634363333441045,1.4500525863765459,1.531159033452134e-07,1.5465342939613436e-06,1.5540954932872472e-06,1.5465342939613436e-06,21.98015608334248,3.062142948095925e-05,3.062142948095925e-05,1.3931417058569498e-06,21.980129362970587,3.901057588961976e-06,3.901057588961976e-06,1.774811338416471e-07
higher_energy_wide_swing,dop853_moderate,DOP853,1e-06,1e-08,1.8564273789649417,-2.169446100737671,2.669935013421256,-2.1694447904354104,2.6699340285314763,1.310302260471019e-06,9.848897795095013e-07,1.310302260471019e-06,-0.37173369542374646,1.4543439105060072,-0.3717335564587958,1.4543423805699591,1.389649506577939e-07,1.5299360480725e-06,1.5362342167465941e-06,1.5299360480725e-06,21.98015604226971,3.0580356710885326e-05,3.0580356710885326e-05,1.3912730736626025e-06,21.98012969831883,4.236405832358514e-06,4.236405832358514e-06,1.9273801870236488e-07
higher_energy_wide_swing,dop853_moderate,DOP853,1e-06,1e-08,1.8597662771285477,-2.1707350217726415,2.6767999818107073,-2.1707337091809173,2.676799006944594,1.312591724200729e-06,9.748661131681047e-07,1.312591724200729e-06,-0.37713275140389735,1.458506392213017,-0.3771326210350514,1.458504871866447,1.3036884594086473e-07,1.5203465699720198e-06,1.5259258595415566e-06,1.5203465699720198e-06,21.980155998706405,3.053679340681015e-05,3.053679340681015e-05,1.389291133015782e-06,21.980129918369368,4.456456370149908e-06,4.456456370149908e-06,2.0274936000124402e-07
higher_energy_wide_swing,dop853_moderate,DOP853,1e-06,1e-08,1.8631051752921537,-2.171952990985566,2.6836079268539073,-2.1719516720070113,2.6836069523877333,1.31897855482066e-06,9.744661739752303e-07,1.31897855482066e-06,-0.3825405451915664,1.4625420857139395,-0.3825404171581112,1.4625405671233462,1.280334551712059e-07,1.518590593274638e-06,1.5239783317440225e-06,1.518590593274638e-06,21.9801559556961,3.0493783103935357e-05,3.0493783103935357e-05,1.3873343515156345e-06,21.980130014985292,4.553072294299909e-06,4.553072294299909e-06,2.0714496385334286e-07
higher_energy_wide_swing,dop853_moderate,DOP853,1e-06,1e-08,1.8664440734557597,-2.1730994355875315,2.6903586960788792,-2.1730981055669374,2.690357711455615,1.330020594103587e-06,9.84623264255191e-07,1.330020594103587e-06,-0.38795667795305583,1.4664514998752063,-0.38795654539280106,1.4664499745225306,1.325602547730398e-07,1.5253526757241787e-06,1.5311018929138597e-06,1.5253526757241787e-06,21.980155916571135,3.0454658137557544e-05,3.0454658137557544e-05,1.3855543359080983e-06,21.98012998285815,4.520945150687794e-06,4.520945150687794e-06,2.0568331871088065e-07
higher_energy_wide_swing,dop853_moderate,DOP853,1e-06,1e-08,1.8697829716193657,-2.1741737837910105,2.697052143616215,-2.1741724375925267,2.6970511375353183,1.3461984837981333e-06,1.006080896814865e-06,1.3461984837981333e-06,-0.39338076120156956,1.4702351443532704,-0.3933806167718704,1.4702336032022114,1.444296991448546e-07,1.5411510589924404e-06,1.547903913241579e-06,1.5411510589924404e-06,21.980155884733264,3.0422820266551298e-05,3.0422820266551298e-05,1.3841058514096173e-06,21.98012981961761,4.357704611379631e-06,4.357704611379631e-06,1.9825658497403167e-07
higher_energy_wide_swing,dop853_moderate,DOP853,1e-06,1e-08,1.8731218697829717,-2.175175465091755,2.703688130697638,-2.175174097198544,2.703687091332722,1.367893211146054e-06,1.0393649163553675e-06,1.367893211146054e-06,-0.3988124167764247,1.473893529190982,-0.3988122527902356,1.4738919628770606,1.6398618912782936e-07,1.5663139214527888e-06,1.574874842887993e-06,1.5663139214527888e-06,21.980155863428827,3.04015158292259e-05,3.04015158292259e-05,1.3831365922776658e-06,21.980129525875896,4.0639628977601205e-06,4.0639628977601205e-06,1.8489261604999143e-07
higher_energy_wide_swing,dop853_moderate,DOP853,1e-06,1e-08,1.8764607679465777,-2.176103910550658,2.7102665261592134,-2.1761025151858386,2.710265441400759,1.3953648192455148e-06,1.084758454172885e-06,1.3953648192455148e-06,-0.4042512768193928,1.4774271644055652,-0.4042510853946689,1.4774255634468463,1.914247239054312e-07,1.6009587189280694e-06,1.6123623180396135e-06,1.6009587189280694e-06,21.98015585552757,3.0393614572687966e-05,3.0393614572687966e-05,1.3827771195097955e-06,21.98012910520896,3.643295961808235e-06,3.643295961808235e-06,1.6575410218296122e-07
higher_energy_wide_swing,dop853_moderate,DOP853,1e-06,1e-08,1.8797996661101837,-2.176958553075868,2.716787206948728,-2.1769571243428647,2.716786064668497,1.4287330034612467e-06,1.1422802308480584e-06,1.4287330034612467e-06,-0.40969698374751323,1.4808365595691102,-0.4096967569681711,1.4808349145938666,2.2677934213843898e-07,1.6449752435754306e-06,1.6605337762288337e-06,1.6449752435754306e-06,21.98015586331338,3.0401400383794908e-05,3.0401400383794908e-05,1.3831313400132422e-06,21.980128564077702,3.102164704671395e-06,3.102164704671395e-06,1.4113498624231257e-07
higher_energy_wide_swing,dop853_moderate,DOP853,1e-06,1e-08,1.8831385642737897,-2.177738827705473,2.7232500586367485,-2.1777373597451257,2.7232488469700376,1.4679603470568736e-06,1.2116667109651758e-06,1.4679603470568736e-06,-0.41514919022170915,1.4841222233825653,-0.4151489203082701,1.484120525369522,2.699134390438118e-07,1.6980130432830975e-06,1.7193317189350006e-06,1.6980130432830975e-06,21.980155888294963,3.0426381965042992e-05,3.0426381965042992e-05,1.3842678931822117e-06,21.98012791169267,2.449779671565011e-06,2.449779671565011e-06,1.1145430792967818e-07
higher_energy_wide_swing,dop853_moderate,DOP853,1e-06,1e-08,1.8864774624373957,-2.178444171891029,2.729654975930878,-2.1784426590521146,2.7296536835722565,1.5128389141416676e-06,1.292358621451939e-06,1.5128389141416676e-06,-0.42060755911056585,1.4872846632442398,-0.4206072385985003,1.487282903770463,3.2051206555472334e-07,1.7594737768966695e-06,1.7884283479505646e-06,1.7594737768966695e-06,21.980155931043893,3.0469130894772434e-05,3.0469130894772434e-05,1.3862127833423481e-06,21.98012715982688,1.6979138806050287e-06,1.6979138806050287e-06,7.724768830583617e-08
higher_energy_wide_swing,dop853_moderate,DOP853,1e-06,1e-08,1.8898163606010017,-2.1790740257822567,2.736001863192724,-2.1790724628012996,2.736000479700377,1.5629809571038322e-06,1.3834923469069338e-06,1.5629809571038322e-06,-0.42607176344862835,1.4903243848138992,-0.4260713853723201,1.4903225563047875,3.780763082605887e-07,1.8285091116787555e-06,1.8671869928746256e-06,1.8285091116787555e-06,21.980155991067836,3.0529154837921624e-05,3.0529154837921624e-05,1.3889436113921333e-06,21.98012632258121,8.606682122547227e-07,8.606682122547227e-07,3.915665603210875e-08
higher_energy_wide_swing,dop853_moderate,DOP853,1e-06,1e-08,1.8931552587646077,-2.1796278325131855,2.742290634957097,-2.179626214698723,2.74228915106039,1.617814462395728e-06,1.4838967068442344e-06,1.617814462395728e-06,-0.43154148638860346,1.4932418915735604,-0.43154104446874336,1.4932399875488507,4.41919860094675e-07,1.9040247096757668e-06,1.9546363492481115e-06,1.9040247096757668e-06,21.980156066726412,3.0604813414214505e-05,3.0604813414214505e-05,1.3923857471717485e-06,21.980125416107498,4.5805499837570096e-08,-4.5805499837570096e-08,-2.0839507907696676e-09
higher_energy_wide_swing,dop853_moderate,DOP853,1e-06,1e-08,1.8964941569282137,-2.180105038490049,2.7485212164529504,-2.180103361905776,2.7485196243573227,1.676584273191395e-06,1.5920956277781784e-06,1.676584273191395e-06,-0.4370164211468583,1.4960376843861463,-0.4370159099789636,1.4960356996952915,5.111678946789766e-07,1.9846908547727082e-06,2.0494610036711996e-06,1.9846908547727082e-06,21.9801561551976,3.069328460370002e-05,3.069328460370002e-05,1.3964108010614008e-06,21.980124458294448,1.0036185500439387e-06,-1.0036185500439387e-06,-4.566027394989176e-08
higher_energy_wide_swing,dop853_moderate,DOP853,1e-06,1e-08,1.8998330550918197,-2.180505093681237,2.754693544125584,-2.1805033553217017,2.7546918378083647,1.7383595354303338e-06,1.7063172195186382e-06,1.7383595354303338e-06,-0.44249627094163496,1.4987122610532067,-0.44249568618327306,1.4987101920929424,5.847583618989738e-07,2.0689602642232074e-06,2.150009050386843e-06,2.0689602642232074e-06,21.980156252503136,3.079059013799679e-05,3.079059013799679e-05,1.4008377791723936e-06,21.980123468421393,1.9934916046793205e-06,-1.9934916046793205e-06,-9.069518771099048e-08
higher_energy_wide_swing,dop853_moderate,DOP853,1e-06,1e-08,1.9031719532554259,-2.1808274519095914,2.760807566159621,-2.180825649861399,2.7608057416498566,1.802048192445227e-06,1.8245097646030217e-06,1.8245097646030217e-06,-0.44798074892341894,1.50126611587294,-0.4479800874775832,1.501263960779339,6.614458357145914e-07,2.1550936009084865e-06,2.254315643884166e-06,2.1550936009084865e-06,21.980156353601853,3.0891688854950416e-05,3.0891688854950416e-05,1.4054373305775397e-06,21.980122466785097,2.995127900362604e-06,-2.995127900362604e-06,-1.3626527771884378e-07
higher_energy_wide_swing,dop853_moderate,DOP853,1e-06,1e-08,1.9065108514190319,-2.181071571147353,2.766863243002276,-2.1810697047280803,2.766861298637141,1.8664192729112017e-06,1.9443651351203073e-06,1.9443651351203073e-06,-0.45346957809691907,1.5036997391997966,-0.4534688382888653,1.5036974980065874,7.398080537623919e-07,2.241193209240322e-06,2.3601404529300014e-06,2.241193209240322e-06,21.98015645256085,3.0990647850615005e-05,3.0990647850615005e-05,1.4099395339810674e-06,21.980121474304262,3.9876087356560674e-06,-3.9876087356560674e-06,-1.814188341447717e-07
higher_energy_wide_swing,dop853_moderate,DOP853,1e-06,1e-08,1.9098497495826379,-2.181236913814054,2.7728605478864323,-2.1812349836803446,2.772858484536294,1.9301337093047266e-06,2.063350138303832e-06,2.063350138303832e-06,-0.45896249123415334,1.5060136170069793,-0.45896167297886786,1.5060112917613906,8.182552854729686e-07,2.3252455887412538e-06,2.4650169898329525e-06,2.3252455887412538e-06,21.980156542815262,3.1080902264335464e-05,3.1080902264335464e-05,1.414045716808679e-06,21.980120512106186,4.9498068115383376e-06,-4.9498068115383376e-06,-2.2519465687833888e-07
higher_energy_wide_swing,dop853_moderate,DOP853,1e-06,1e-08,1.9131886477462439,-2.1813229470776534,2.778799467353042,-2.181320955293234,2.7787972886067314,1.9917844191752465e-06,2.1787463104772087e-06,2.1787463104772087e-06,-0.46445923077814666,1.5082082304531905,-0.46445833573544276,1.5082058252800785,8.950427038967312e-07,2.40517311200783e-06,2.566312362227989e-06,2.40517311200783e-06,21.980156617528866,3.1155615868527775e-05,3.1155615868527775e-05,1.41744486047243e-06,21.980119601099773,5.8608132249560185e-06,-5.8608132249560185e-06,-2.666414818746869e-07
higher_energy_wide_swing,dop853_moderate,DOP853,1e-06,1e-08,1.9165275459098499,-2.1813291431592163,2.7846800017723634,-2.181327093212827,2.7846777140737022,2.0499463895262693e-06,2.2876986611741756e-06,2.2876986611741756e-06,-0.46995954873679485,1.510284055454999,-0.46995858045087063,1.5102815765595028,9.682859242188258e-07,2.478895496205169e-06,2.6612967726554993e-06,2.478895496205169e-06,21.980156670068784,3.120815578583347e-05,3.120815578583347e-05,1.4198351979341855e-06,21.980118761538094,6.700374903800821e-06,-6.700374903800821e-06,-3.0483788254126127e-07
higher_energy_wide_swing,dop853_moderate,DOP853,1e-06,1e-08,1.9198664440734559,-2.1812549796414364,2.790502165863555,-2.1812528764039287,2.7904997785896692,2.103237507711242e-06,2.3872738856844933e-06,2.3872738856844933e-06,-0.4754632065664572,1.5122415622662482,-0.4754621705865557,1.5122390178646954,1.0359799014758586e-06,2.5444015527842367e-06,2.747222891953393e-06,2.5444015527842367e-06,21.980156694609466,3.123269646820859e-05,3.123269646820859e-05,1.4209516921242501e-06,21.98011801257366,7.449339339160588e-06,-7.449339339160588e-06,-3.3891250311872647e-07
higher_energy_wide_swing,dop853_moderate,DOP853,1e-06,1e-08,1.9232053422370619,-2.1810999397812942,2.796265989212139,-2.1810977893904333,2.796263514683592,2.150390860933271e-06,2.47452854695851e-06,2.47452854695851e-06,-0.48096997504490036,1.5140812150659282,-0.4809688790235031,1.5140786152342172,1.096021397251068e-06,2.599831711025402e-06,2.821415926247928e-06,2.599831711025402e-06,21.980156686882584,3.1224969585963436e-05,3.1224969585963436e-05,1.4206001526274197e-06,21.980117371808415,8.090104582691993e-06,-8.090104582691993e-06,-3.680645316019905e-07
higher_energy_wide_swing,dop853_moderate,DOP853,1e-06,1e-08,1.9265442404006679,-2.180863512827155,2.8019715167848487,-2.1808613224878988,2.8019689701971067,2.19033925619172e-06,2.546587742013884e-06,2.546587742013884e-06,-0.486479634133222,1.5158034715559796,-0.48647848789798553,1.515800827984123,1.146235236448856e-06,2.6435718565309685e-06,2.881375952200538e-06,2.6435718565309685e-06,21.980156645091572,3.118317857442321e-05,3.118317857442321e-05,1.4186988435738091e-06,21.98011685484008,8.607072917499181e-06,-8.607072917499181e-06,-3.915843397897548e-07
higher_energy_wide_swing,dop853_moderate,DOP853,1e-06,1e-08,1.9298831385642738,-2.1805451943406067,2.8076188094413848,-2.180542972027912,2.807616208706618,2.2223126947551464e-06,2.600734766655677e-06,2.600734766655677e-06,-0.4919919728264446,1.5174087825705156,-0.49199078842183763,1.5174061082114974,1.1844046069464653e-06,2.674359018239869e-06,2.9248949436512977e-06,2.674359018239869e-06,21.980156571011616,3.1109098618031794e-05,3.1109098618031794e-05,1.4153285281258934e-06,21.980116474805357,8.987107641189596e-06,-8.987107641189596e-06,-4.0887426492457425e-07
higher_energy_wide_swing,dop853_moderate,DOP853,1e-06,1e-08,1.9332220367278798,-2.180144486523326,2.8132079444425795,-2.1801422405737982,2.813205309930304,2.2459495276905272e-06,2.634512275445644e-06,2.634512275445644e-06,-0.49750678899248607,1.5188975916979515,-0.49750558068681894,1.51889490029852,1.2083056671330361e-06,2.691399431542507e-06,2.9501921099028687e-06,2.691399431542507e-06,21.980156471297875,3.1009384876767854e-05,3.1009384876767854e-05,1.4107919870839996e-06,21.980116241920097,9.21999290071085e-06,-9.21999290071085e-06,-4.194695301756665e-07
higher_energy_wide_swing,dop853_moderate,DOP853,1e-06,1e-08,1.9365609348914858,-2.1796608985492836,2.818739015954504,-2.1796586371272344,2.8187363701190407,2.2614220491767867e-06,2.645835463166435e-06,2.645835463166435e-06,-0.5030238891992715,1.5202703349175746,-0.5030226734525083,1.5202676404180129,1.215746763261194e-06,2.694499561695096e-06,2.956073084406936e-06,2.694499561695096e-06,21.98015635902755,3.089711455217525e-05,3.089711455217525e-05,1.4056841761760437e-06,21.980116163015296,9.298897701626174e-06,-9.298897701626174e-06,-4.230593550404995e-07
higher_energy_wide_swing,dop853_moderate,DOP853,1e-06,1e-08,1.9398998330550918,-2.1790939469025763,2.8242121355480165,-2.1790916773253346,2.8242095024302505,2.269577241698073e-06,2.633117766048798e-06,2.633117766048798e-06,-0.5085430885297744,1.5215274402520769,-0.5085418839171918,1.5215247560414382,1.2046125825726506e-06,2.68421063864821e-06,2.9421213820514924e-06,2.68421063864821e-06,21.98015625550355,3.079359055391251e-05,3.079359055391251e-05,1.4009742850317856e-06,21.980116241067222,9.220845775814723e-06,-9.220845775814723e-06,-4.1950833227920097e-07
higher_energy_wide_swing,dop853_moderate,DOP853,1e-06,1e-08,1.9432387312186978,-2.178443155721195,2.829627432693283,-2.17844088362776,2.829624837283688,2.272093435173872e-06,2.5954095947966493e-06,2.5954095947966493e-06,-0.5140642103848287,1.522669327437603,-0.5140630374712438,1.5226666654502874,1.1729135849236627e-06,2.661987315688563e-06,2.9089349849361155e-06,2.661987315688563e-06,21.980156192350496,3.073043749779458e-05,3.073043749779458e-05,1.3981010959670845e-06,21.980116474719054,8.987193943710281e-06,-8.987193943710281e-06,-4.088781913134766e-07
higher_energy_wide_swing,dop853_moderate,DOP853,1e-06,1e-08,1.9465776293823038,-2.1777080555253794,2.834985055262688,-2.177705785493419,2.8349825226981555,2.270031960183161e-06,2.5325645323093227e-06,2.5325645323093227e-06,-0.5195870872117373,1.5236964062850284,-0.5195859674324759,1.5236937772518095,1.119779261427034e-06,2.6290332189038423e-06,2.8575726168239316e-06,2.6290332189038423e-06,21.98015618751815,3.07256051534921e-05,3.07256051534921e-05,1.3978812453428987e-06,21.98011685779051,8.60412248826492e-06,-8.60412248826492e-06,-3.9145010810671127e-07
higher_energy_wide_swing,dop853_moderate,DOP853,1e-06,1e-08,1.9499165275459098,-2.1768881799158835,2.840285170012501,-2.1768859195463244,2.840282724608168,2.2603695590817097e-06,2.4454043332511333e-06,2.4454043332511333e-06,-0.5251115623596532,1.5246090733785103,-0.5251105147629667,1.5246064899000065,1.0475966865097774e-06,2.583478503792591e-06,2.7877984140078475e-06,2.583478503792591e-06,21.980156187531815,3.0725618817228906e-05,3.0725618817228906e-05,1.3978818669834271e-06,21.980117378771386,8.083141612047484e-06,-8.083141612047484e-06,-3.6774774675667314e-07
higher_energy_wide_swing,dop853_moderate,DOP853,1e-06,1e-08,1.9532554257095158,-2.1759830731817735,2.8455279629808103,-2.1759808297301513,2.845525627159562,2.243451622252479e-06,2.335821248422576e-06,2.335821248422576e-06,-0.5306374856278429,1.5254077177276044,-0.5306365277668829,1.5254051912227857,9.578609599936172e-07,2.5265048186895456e-06,2.7019852363662883e-06,2.5265048186895456e-06,21.980156187535442,3.072562244454957e-05,3.072562244454957e-05,1.397882032010723e-06,21.98011802029379,7.441619207071426e-06,-7.441619207071426e-06,-3.385612707246012e-07
higher_energy_wide_swing,dop853_moderate,DOP853,1e-06,1e-08,1.9565943238731218,-2.1749922877811887,2.8507136400019,-2.1749900674510805,2.8507114329830654,2.2203301082157623e-06,2.2070188347989017e-06,2.2203301082157623e-06,-0.5361647147060515,1.5260927181615545,-0.5361638617688013,1.5260902579561726,8.529372502730226e-07,2.460205381860092e-06,2.6038649108271088e-06,2.460205381860092e-06,21.980156187535833,3.0725622835348076e-05,3.0725622835348076e-05,1.3978820497903533e-06,21.98011875857767,6.70333532681866e-06,-6.70333532681866e-06,-3.049725688979415e-07
higher_energy_wide_swing,dop853_moderate,DOP853,1e-06,1e-08,1.959933222036728,-2.1739153842304075,2.8558424271664657,-2.173913191708467,2.8558403634448215,2.1925219404472784e-06,2.0637216442409567e-06,2.1925219404472784e-06,-0.541693115182975,1.5266644427024645,-0.5416923787720559,1.5266620552864165,7.364109191332346e-07,2.3874160479664397e-06,2.498410780457519e-06,2.3874160479664397e-06,21.98015618754523,3.072563223227576e-05,3.072563223227576e-05,1.3978824773096454e-06,21.9801195628431,5.899069897452591e-06,-5.899069897452591e-06,-2.683819938914569e-07
higher_energy_wide_swing,dop853_moderate,DOP853,1e-06,1e-08,1.963272120200334,-2.1727519312826273,2.8609145712718744,-2.1727497692129094,2.860912658872883,2.162069717925874e-06,1.9123989916103312e-06,2.162069717925874e-06,-0.54722256037701,1.52712324819464,-0.5472219470966316,1.527120936400821,6.132803783698293e-07,2.3117938190431175e-06,2.3917574049763916e-06,2.3117938190431175e-06,21.98015618756956,3.072565656125903e-05,3.072565656125903e-05,1.3978835841724482e-06,21.980120394682608,5.067230389954602e-06,-5.067230389954602e-06,-2.305369183963514e-07
higher_energy_wide_swing,dop853_moderate,DOP853,1e-06,1e-08,1.96661101836394,-2.1715015060979512,2.8659303402655363,-2.171499374491274,2.865928578758678,2.131606677391318e-06,1.7615068581555704e-06,2.131606677391318e-06,-0.5527529311630068,1.527469479947094,-0.5527524409961291,1.5274672420480786,4.901668777534951e-07,2.2378990154336975e-06,2.290950800721334e-06,2.2378990154336975e-06,21.98015618760407,3.0725691072319705e-05,3.0725691072319705e-05,1.3978851542754366e-06,21.980121207386215,4.254526782432322e-06,-4.254526782432322e-06,-1.935624430262937e-07
higher_energy_wide_swing,dop853_moderate,DOP853,1e-06,1e-08,1.969949916527546,-2.1701636944043576,2.8708900236808548,-2.1701615899782336,2.8708884019324548,2.104426124027725e-06,1.6217484000158322e-06,2.104426124027725e-06,-0.5582841157950402,1.5277034713899544,-0.5582837402533192,1.5277013001088524,3.75541721053807e-07,2.1712811020258016e-06,2.2035183703038274e-06,2.1712811020258016e-06,21.98015618763501,3.0725722012903134e-05,3.0725722012903134e-05,1.3978865619372575e-06,21.98012194521137,3.5167016285697628e-06,-3.5167016285697628e-06,-1.5999461125294658e-07
higher_energy_wide_swing,dop853_moderate,DOP853,1e-06,1e-08,1.973288814691152,-2.168738090649387,2.875793933065223,-2.168736006093894,2.875792426711706,2.0845554931092636e-06,1.506353517033432e-06,2.0845554931092636e-06,-0.563816009725234,1.5278255437454513,-0.5638157297538049,1.5278234251773095,2.7997142915126005e-07,2.118568141806776e-06,2.1369873590219513e-06,2.118568141806776e-06,21.980156187645047,3.0725732049319276e-05,3.0725732049319276e-05,1.3978870185504902e-06,21.98012254259005,2.919322948713443e-06,-2.919322948713443e-06,-1.3281648249788313e-07
higher_energy_wide_swing,dop853_moderate,DOP853,1e-06,1e-08,1.976627712854758,-2.167224298142315,2.8806424023995443,-2.167222221307049,2.88064097102159,2.076835265985011e-06,1.4313779543861926e-06,2.076835265985011e-06,-0.5693485154186715,1.5278360057141527,-0.5693482990373071,1.5278339181542544,2.1638136438184574e-07,2.087559898278357e-06,2.098744201600494e-06,2.087559898278357e-06,21.980156187620643,3.072570764572902e-05,3.072570764572902e-05,1.3978859082933943e-06,21.980122923264688,2.538648310235203e-06,-2.538648310235203e-06,-1.1549744402661188e-07
higher_energy_wide_swing,dop853_moderate,DOP853,1e-06,1e-08,1.979966611018364,-2.1656219291865546,2.885435788508731,-2.165619843087348,2.885434375512086,2.0860992067106565e-06,1.4129966450227016e-06,2.0860992067106565e-06,-0.5748815421644173,1.5277351531770471,-0.5748813442466856,1.5277330673675782,1.9791773175903415e-07,2.0858094689213402e-06,2.095178409870282e-06,2.0858094689213402e-06,21.98015618755898,3.0725645981277694e-05,3.0725645981277694e-05,1.397883102829366e-06,21.98012301431182,2.4476011795115937e-06,-2.4476011795115937e-06,-1.113551960271009e-07
higher_energy_wide_swing,dop853_moderate,DOP853,1e-06,1e-08,1.98330550918197,-2.1639306052020526,2.8901744714626694,-2.1639285044105248,2.8901730588529726,2.100791527848145e-06,1.412609696771483e-06,2.100791527848145e-06,-0.5804150058826979,1.5275232689140599,-0.5804148119471177,1.527521175524691,1.9393558015057266e-07,2.093389368962306e-06,2.102353457278947e-06,2.093389368962306e-06,21.980156187472492,3.07255594940159e-05,3.07255594940159e-05,1.3978791680355477e-06,21.980123014311822,2.44760117595888e-06,-2.44760117595888e-06,-1.113551958654679e-07
higher_energy_wide_swing,dop853_moderate,DOP853,1e-06,1e-08,1.986644407345576,-2.16214995683742,2.894858854967105,-2.162147841363927,2.8948574429443426,2.1154734928252594e-06,1.4120227622704817e-06,2.1154734928252594e-06,-0.5859488289282624,1.5272006223395096,-0.585948639011912,1.5271985212295123,1.8991635042375776e-07,2.10110999732116e-06,2.109675671993495e-06,2.10110999732116e-06,21.98015618738867,3.072547567128936e-05,3.072547567128936e-05,1.3978753544664811e-06,21.98012301431181,2.447601186617021e-06,-2.447601186617021e-06,-1.1135519635036691e-07
higher_energy_wide_swing,dop853_moderate,DOP853,1e-06,1e-08,1.989983305509182,-2.1602796240715625,2.8994893667439223,-2.160277493925774,2.8994879555075355,2.130145788648008e-06,1.4112363868612476e-06,2.130145788648008e-06,-0.5914829398899603,1.526767469254989,-0.5914827540247629,1.5267653602788385,1.858651973440928e-07,2.108976150605457e-06,2.1171505084443974e-06,2.108976150605457e-06,21.980156187343106,3.072543010773643e-05,3.072543010773643e-05,1.397873281523221e-06,21.980123014311808,2.4476011901697348e-06,-2.4476011901697348e-06,-1.1135519651199992e-07
higher_energy_wide_swing,dop853_moderate,DOP853,1e-06,1e-08,1.993322203672788,-2.1583192563045652,2.9040664589002927,-2.1583171114956055,2.904065048650524,2.1448089597697617e-06,1.4102497685186677e-06,2.1448089597697617e-06,-0.5970172733865573,1.5262240516200936,-0.5970170916004388,1.5262219346280896,1.8178611849162252e-07,2.116992003919904e-06,2.1247826565409137e-06,2.116992003919904e-06,21.9801561873639,3.072545090176959e-05,3.072545090176959e-05,1.3978742275611862e-06,21.980123014311836,2.4476011617480253e-06,-2.4476011617480253e-06,-1.1135519521893589e-07
higher_energy_wide_swing,dop853_moderate,DOP853,1e-06,1e-08,1.996661101836394,-2.15626851243757,2.908590608286154,-2.1562663529754182,2.9085891992297075,2.159462151762881e-06,1.409056446632917e-06,2.159462151762881e-06,-0.6025517698588252,1.5255705973413503,-0.6025515921803798,1.5255684721822567,1.776784454010638e-07,2.1251590935911224e-06,2.132573750901286e-06,2.1251590935911224e-06,21.98015618744524,3.072553224114927e-05,3.072553224114927e-05,1.3978779281487836e-06,21.980123014311847,2.4476011510898843e-06,-2.4476011510898843e-06,-1.1135519473403688e-07
higher_energy_wide_swing,dop853_moderate,DOP853,1e-06,1e-08,2.0,-2.154127060941422,2.913062316839492,-2.154124886840365,2.9130609092017483,2.17410105696203e-06,1.4076377437000076e-06,2.17410105696203e-06,-0.6080863753578962,1.5248073200796726,-0.6080862018263529,1.524805186606444,1.735315433570861e-07,2.133473228527194e-06,2.14051891217577e-06,2.133473228527194e-06,21.980156187508634,3.072559563577215e-05,3.072559563577215e-05,1.3978808123280843e-06,21.98012301431182,2.4476011795115937e-06,-2.4476011795115937e-06,-1.113551960271009e-07
