case_name,solver_config,solver_method,rtol,atol,t,lagrangian_theta1_rad,lagrangian_theta2_rad,hamiltonian_theta1_rad,hamiltonian_theta2_rad,abs_theta1_diff_rad,abs_theta2_diff_rad,max_abs_theta_diff_rad,lagrangian_x2,lagrangian_y2,hamiltonian_x2,hamiltonian_y2,abs_x2_diff,abs_y2_diff,second_bob_position_diff,max_bob_position_abs_diff,lagrangian_energy,lagrangian_energy_abs_drift,lagrangian_energy_signed_drift,lagrangian_energy_relative_drift,hamiltonian_energy,hamiltonian_energy_abs_drift,hamiltonian_energy_signed_drift,hamiltonian_energy_relative_drift
higher_energy_wide_swing,rk45_strict,RK45,1e-08,1e-10,0.0,2.0943951023931953,-2.0943951023931953,2.0943951023931953,-2.0943951023931953,0.0,0.0,0.0,0.0,0.9999999999999997,0.0,0.9999999999999997,0.0,0.0,0.0,0.0,21.980125461912998,0.0,0.0,0.0,21.980125461912998,0.0,0.0,0.0
higher_energy_wide_swing,rk45_strict,RK45,1e-08,1e-10,0.00333889816360601,2.101348361830365,-2.099633303326308,2.1013483618337725,-2.0996333033247994,3.4074965071795305e-12,1.5085710458606627e-12,3.4074965071795305e-12,-0.0008665670497325362,1.0105390985447085,-0.0008665670522177704,1.0105390985463454,2.485234240623413e-12,1.6369128275073308e-12,2.9758818584791093e-12,2.939093413090177e-12,21.980125461907214,5.7838178690872155e-12,-5.7838178690872155e-12,-2.631385284451344e-13,21.98012546196914,5.6143534266084316e-11,5.6143534266084316e-11,2.5542863421489303e-12
higher_energy_wide_swing,rk45_strict,RK45,1e-08,1e-10,0.00667779632721202,2.108222673379887,-2.104857401776169,2.1082226733078886,-2.104857401866653,7.199840723615125e-11,9.048362059616011e-11,9.048362059616011e-11,-0.0017179053577367487,1.0209599335505397,-0.001717905274819631,1.0209599335665744,8.291711761643228e-11,1.603472910005621e-11,8.445330621787079e-11,8.291711761643228e-11,21.980125463109573,1.1965752833020815e-09,1.1965752833020815e-09,5.4438965117624035e-11,21.980125461901007,1.199040866595169e-11,-1.199040866595169e-11,-5.455113842151895e-13
higher_energy_wide_swing,rk45_strict,RK45,1e-08,1e-10,0.01001669449081803,2.115018727740523,-2.1100658514198023,2.1150187286026965,-2.110065850914615,8.621734437497253e-10,5.051874474304441e-10,8.621734437497253e-10,-0.002553862551458952,1.0312623071335267,-0.0025538632572703612,1.031262307437649,7.058114093183576e-10,3.041222829125445e-10,7.685441486914749e-10,7.376154131932822e-10,21.980125477979936,1.6066938002268216e-08,1.6066938002268216e-08,7.309757185011928e-10,21.980125490504275,2.8591276901579477e-08,2.8591276901579477e-08,1.3007786034307327e-09
higher_energy_wide_swing,rk45_strict,RK45,1e-08,1e-10,0.01335559265442404,2.12173717978512,-2.1152571400909306,2.1217371850963556,-2.115257135817198,5.311235451443963e-09,4.273732479020964e-09,5.311235451443963e-09,-0.0033743176456099144,1.0414460396192755,-0.0033743226395931414,1.0414460404888406,4.9939832269529916e-09,8.695650866030746e-10,5.069123386831971e-09,4.9939832269529916e-09,21.980125482888738,2.0975740255835262e-08,2.0975740255835262e-08,9.543048465388368e-10,21.98012556594075,1.0402775174611634e-07,1.0402775174611634e-07,4.73280973424719e-09
higher_energy_wide_swing,rk45_strict,RK45,1e-08,1e-10,0.01669449081803005,2.128378652272253,-2.120429785272072,2.128378661590831,-2.1204297778689085,9.318577909311898e-09,7.4031634156312975e-09,9.318577909311898e-09,-0.004179182424212002,1.0515109685784345,-0.004179191222234868,1.0515109701727952,8.798022865796895e-09,1.5943606435087077e-09,8.941319377399205e-09,8.798022865796895e-09,21.98012547059614,8.68314131707848e-09,8.68314131707848e-09,3.9504512074439997e-10,21.98012561995605,1.580430506464836e-07,1.580430506464836e-07,7.1902706342754715e-09
higher_energy_wide_swing,rk45_strict,RK45,1e-08,1e-10,0.02003338898163606,2.1349437369957225,-2.1255823326726055,2.134943747401802,-2.125582325089759,1.0406079553604286e-08,7.582846350828731e-09,1.0406079553604286e-08,-0.004968400116610816,1.061456948314484,-0.0049684096750458595,1.0614569506625677,9.558435043466318e-09,2.348083727454764e-09,9.842620467705885e-09,9.558435043466318e-09,21.980125453193054,8.719943878077174e-09,-8.719943878077174e-09,-3.9671947701968445e-10,21.980125623449993,1.615369953356094e-07,1.615369953356094e-07,7.349229903874731e-09
higher_energy_wide_swing,rk45_strict,RK45,1e-08,1e-10,0.02337228714524207,2.1414329947845503,-2.130713356228774,2.1414330026871777,-2.130713351899678,7.902627441325194e-09,4.329096192634552e-09,7.902627441325194e-09,-0.005741942813408452,1.071283849586604,-0.005741949381406486,1.0712838525690775,6.567998034334721e-09,2.9824736014205655e-09,7.213442102227987e-09,6.650513251216239e-09,21.980125446229366,1.568363217074875e-08,-1.568363217074875e-08,-7.135369722036043e-10,21.9801255791424,1.172294012974362e-07,1.172294012974362e-07,5.333427304615274e-09
higher_energy_wide_swing,rk45_strict,RK45,1e-08,1e-10,0.02671118530884808,2.147846955502984,-2.135821458103681,2.147846958447098,-2.135821459118505,2.944113841607532e-09,1.014823780565166e-09,2.944113841607532e-09,-0.00649980892240043,1.0809915593300576,-0.006499809985200833,1.0809915626545417,1.0628004032398053e-09,3.324484021405283e-09,3.490234763695092e-09,3.324484021405283e-09,21.980125454238724,7.674273660995823e-09,-7.674273660995823e-09,-3.49146035326038e-10,21.980125509413096,4.750009807708011e-08,4.750009807708011e-08,2.1610476318430453e-09
higher_energy_wide_swing,rk45_strict,RK45,1e-08,1e-10,0.03005008347245409,2.154186118262384,-2.1409052684602297,2.1541861165239347,-2.140905273965995,1.7384493844474491e-09,5.505765177105104e-09,5.505765177105104e-09,-0.007242020904725588,1.0905799803585374,-0.007242016975497645,1.0905799835426127,3.929227943011426e-09,3.184075225703964e-09,5.057387395788813e-09,3.929227943011426e-09,21.98012546135068,5.623164156531857e-10,-5.623164156531857e-10,-2.5582948406166447e-11,21.980125444343617,1.7569380617032948e-08,-1.7569380617032948e-08,-7.993303153558901e-10
higher_energy_wide_swing,rk45_strict,RK45,1e-08,1e-10,0.0333889816360601,2.160450954516771,-2.145963442137169,2.1604509496022883,-2.1459634500618168,4.914482598650238e-09,7.92464760479561e-09,7.92464760479561e-09,-0.007968626353454855,1.100049030859089,-0.007968619309828395,1.100049033424084,7.043626459868335e-09,2.5649951052031383e-09,7.49612390478395e-09,7.043626459868335e-09,21.980125476157276,1.4244278645492159e-08,1.4244278645492159e-08,6.480526542113939e-10,21.980125409998067,5.1914931020746735e-08,-5.1914931020746735e-08,-2.361903307181051e-09
higher_energy_wide_swing,rk45_strict,RK45,1e-08,1e-10,0.03672787979966611,2.166641905892583,-2.1509946609333914,2.166641901208992,-2.1509946674255516,4.683590848486574e-09,6.492160142812509e-09,6.492160142812509e-09,-0.008679693264329713,1.1093986442038901,-0.008679687076921017,1.1093986457571463,6.187408696511909e-09,1.5532561903341957e-09,6.379391128507696e-09,6.187408696511909e-09,21.98012548075202,1.883902100985324e-08,1.883902100985324e-08,8.570934248076681e-10,21.980125416976538,4.493645988645767e-08,-4.493645988645767e-08,-2.0444132570727695e-09
higher_energy_wide_swing,rk45_strict,RK45,1e-08,1e-10,0.04006677796327212,2.1727593873977185,-2.155997630143601,2.172759385713109,-2.1559976324766965,1.684609340912857e-09,2.3330954945777194e-09,2.3330954945777194e-09,-0.009375311442327727,1.118628768404894,-0.009375309199672888,1.1186287689612662,2.2426548396126122e-09,5.563722815793426e-10,2.3106386228373476e-09,2.2426548396126122e-09,21.980125468575103,6.66210553390556e-09,6.66210553390556e-09,3.030967928481395e-10,21.980125449270417,1.2642580315969099e-08,-1.2642580315969099e-08,-5.751823545264139e-10
higher_energy_wide_swing,rk45_strict,RK45,1e-08,1e-10,0.04340567612687813,2.1788037886010523,-2.1609710772932287,2.1788037893679912,-2.160971076990074,7.669389567865892e-10,3.0315483456888614e-10,7.669389567865892e-10,-0.010055591748899917,1.127739365713651,-0.01005559235570841,1.1277393660912711,6.068084923427364e-10,3.776201573657545e-10,7.147122005592195e-10,6.29494123494112e-10,21.98012545051585,1.1397148114156153e-08,-1.1397148114156153e-08,-5.18520612355241e-10,21.98012547028067,8.367671000542032e-09,8.367671000542032e-09,3.806925950009463e-10
higher_energy_wide_swing,rk45_strict,RK45,1e-08,1e-10,0.04674457429048414,2.1847754736324343,-2.1659137521384304,2.184775479230676,-2.1659137481882627,5.598241870075071e-09,3.950167748456579e-09,5.598241870075071e-09,-0.010720664063119223,1.1367304122939927,-0.010720669502890745,1.1367304135987175,5.4397715221199405e-09,1.3047247726660771e-09,5.594052283030222e-09,5.4397715221199405e-09,21.980125441531747,2.038125046510686e-08,-2.038125046510686e-08,-9.272581496599436e-10,21.980125545458606,8.354560776524522e-08,8.354560776524522e-08,3.8009613689427045e-09
higher_energy_wide_swing,rk45_strict,RK45,1e-08,1e-10,0.05008347245409015,2.1906747811826897,-2.1708244266660897,2.19067479063571,-2.1708244204283975,9.453020144434277e-09,6.237692140587114e-09,9.453020144434277e-09,-0.011370675278252751,1.1456018978869384,-0.011370684292065336,1.145601900433125,9.01381258522349e-09,2.5461865948983586e-09,9.36652996032007e-09,9.01381258522349e-09,21.98012544824718,1.3665818698882504e-08,-1.3665818698882504e-08,-6.217352454408205e-10,21.980125618864978,1.5695198030130086e-07,1.5695198030130086e-07,7.140631684439933e-09
higher_energy_wide_swing,rk45_strict,RK45,1e-08,1e-10,0.05342237061769616,2.1965020245054414,-2.175701895092184,2.1965020348561453,-2.175701889220203,1.0350703849582032e-08,5.871981123561909e-09,1.0350703849582032e-08,-0.012005787336364926,1.1543538254673353,-0.0120057967377597,1.1543538290270665,9.401394773789207e-09,3.5597311764945516e-09,1.0052756325582467e-08,9.401394773789207e-09,21.980125457515612,4.397385566790035e-09,-4.397385566790035e-09,-2.0006189566159634e-10,21.980125642602793,1.8068979557028797e-07,1.8068979557028797e-07,8.220598917116553e-09
higher_energy_wide_swing,rk45_strict,RK45,1e-08,1e-10,0.05676126878130217,2.2022574941872644,-2.1805449713485694,2.2022575018356076,-2.1805449686782237,7.648343292032678e-09,2.670345722322054e-09,7.648343292032678e-09,-0.012626178372115437,1.1629862110670603,-0.012626184416326125,1.1629862150514134,6.044210687505824e-09,3.984353069697022e-09,7.23930605921339e-09,6.173481170712591e-09,21.98012547231974,1.0406743911062222e-08,1.0406743911062222e-08,4.734615336520691e-10,21.98012560897082,1.4705782191981598e-07,1.4705782191981598e-07,6.69049056042181e-09
higher_energy_wide_swing,rk45_strict,RK45,1e-08,1e-10,0.06010016694490818,2.207941457387985,-2.185352489636142,2.2079414601882927,-2.185352491521828,2.800307541406255e-09,1.8856862737948177e-09,2.800307541406255e-09,-0.013232040161139769,1.1714990832424812,-0.013232040739772466,1.1714990870340223,5.786326973122868e-10,3.791541081099581e-09,3.835439944525878e-09,3.791541081099581e-09,21.9801254851894,2.3276403027239212e-08,2.3276403027239212e-08,1.0589749848140036e-09,21.98012553670221,7.478921304482355e-08,7.478921304482355e-08,3.4025835373150058e-09
higher_energy_wide_swing,rk45_strict,RK45,1e-08,1e-10,0.06343906510851419,2.2135541585269594,-2.1901233038764314,2.21355415719897,-2.190123309075207,1.3279892741024923e-09,5.198775632209163e-09,5.198775632209163e-09,-0.013823577073999505,1.1798924827992283,-0.013823573260172695,1.1798924859694484,3.8138268099174866e-09,3.170220086445852e-09,4.9593921333718044e-09,3.8138268099174866e-09,21.980125478313795,1.6400797164806136e-08,1.6400797164806136e-08,7.461648566667792e-10,21.9801254576301,4.282899368490689e-09,-4.282899368490689e-09,-1.9485327214860835e-10
higher_energy_wide_swing,rk45_strict,RK45,1e-08,1e-10,0.0667779632721202,2.2190958220074535,-2.1948562853031337,2.2190958188229786,-2.194856291267372,3.184474905992829e-09,5.96423843646221e-09,5.96423843646221e-09,-0.014401007413129219,1.1881664626176234,-0.014401002005130836,1.1881664649192967,5.4079983824451006e-09,2.3016732964009634e-09,5.877426857723888e-09,5.4079983824451006e-09,21.980125457081893,4.831104405411679e-09,-4.831104405411679e-09,-2.1979421426792955e-10,21.98012540379331,5.811968861735295e-08,-5.811968861735295e-08,-2.644192760321697e-09
higher_energy_wide_swing,rk45_strict,RK45,1e-08,1e-10,0.07011686143572621,2.2245666522166436,-2.199550322462106,2.22456664968623,-2.1995503266321594,2.530413656387509e-09,4.170053635732529e-09,4.170053635732529e-09,-0.014964561836272039,1.1963210872389607,-0.014964557844751036,1.196321088602904,3.991521002610909e-09,1.3639434026657682e-09,4.2181253561220145e-09,3.991521002610909e-09,21.98012543727801,2.4634989159721954e-08,-2.4634989159721954e-08,-1.1207847381221405e-09,21.980125394995376,6.691762166610715e-08,-6.691762166610715e-08,-3.04446040501732e-09
higher_energy_wide_swing,rk45_strict,RK45,1e-08,1e-10,0.07345575959933222,2.229966833525618,-2.20420432121137,2.2299668330852076,-2.2042043223082257,4.404103748356647e-10,1.0968554953194598e-09,1.0968554953194598e-09,-0.015514481809493108,1.2043564324421183,-0.01551448089053542,1.2043564329780554,9.189576877233208e-10,5.359370724988821e-10,1.0638194289936917e-09,9.189576877233208e-10,21.980125433121728,2.8791269812700193e-08,-2.8791269812700193e-08,-1.3098774100534366e-09,21.98012542682877,3.508422707909631e-08,-3.508422707909631e-08,-1.5961795641198682e-09
higher_energy_wide_swing,rk45_strict,RK45,1e-08,1e-10,0.07679465776293823,2.2352965302893733,-2.2088172047211136,2.2352965309869663,-2.208817204039051,6.975930944008724e-10,6.820628506432058e-10,6.975930944008724e-10,-0.01605101809016729,1.2122725848102385,-0.016051018926590443,1.2122725848115166,8.364231529611743e-10,1.2780887459484802e-12,8.364241294465114e-10,8.364231529611743e-10,21.980125446123843,1.5789154872436484e-08,-1.5789154872436484e-08,-7.183377956507035e-10,21.980125459176605,2.7363924459677946e-09,-2.7363924459677946e-09,-1.244939411610455e-10
higher_energy_wide_swing,rk45_strict,RK45,1e-08,1e-10,0.08013355592654424,2.2405558869321465,-2.2133879134183227,2.2405558894713993,-2.213387912177986,2.5392528080203647e-09,1.2403367222191264e-09,2.5392528080203647e-09,-0.01657442932645037,1.2200696413098737,-0.016574431646111387,1.2200696423076285,2.3196610188236377e-09,9.97754767695369e-10,2.5251419403092487e-09,2.3196610188236377e-09,21.98012545623583,5.677168957163303e-09,-5.677168957163303e-09,-2.5828646733616967e-10,21.980125510260063,4.834706501810615e-08,4.834706501810615e-08,2.199580939693979e-09
higher_energy_wide_swing,rk45_strict,RK45,1e-08,1e-10,0.08347245409015025,2.245745031715946,-2.2179154024418213,2.2457450377287733,-2.2179154005347064,6.012827125090325e-09,1.9071149104377128e-09,6.012827125090325e-09,-0.017084984493128674,1.2277477097484595,-0.017084989400068862,1.227747712921366,4.906940187510145e-09,3.17290660412084e-09,5.843406397151899e-09,4.906940187510145e-09,21.980125476738674,1.4825676686314182e-08,1.4825676686314182e-08,6.745037334752255e-10,21.980125607104345,1.4519134694523927e-07,1.4519134694523927e-07,6.605574076309336e-09
higher_energy_wide_swing,rk45_strict,RK45,1e-08,1e-10,0.08681135225375626,2.250864074006178,-2.222398643207151,2.250864082220979,-2.2223986415571253,8.214800839567715e-09,1.6500258936957835e-09,8.214800839567715e-09,-0.017582958921233294,1.2353069074018377,-0.017582965087752256,1.2353069124771356,6.166518962125167e-09,5.075297959677982e-09,7.986526497155114e-09,6.387255058193375e-09,21.980125491932547,3.001954951287189e-08,3.001954951287189e-08,1.365758788087427e-09,21.98012566883621,2.069232110102348e-07,2.069232110102348e-07,9.41410509092816e-09
higher_energy_wide_swing,rk45_strict,RK45,1e-08,1e-10,0.09015025041736227,2.2559131062698095,-2.2268366223137086,2.2559131149621443,-2.2268366215685025,8.692334851900796e-09,7.452061190349468e-10,8.692334851900796e-09,-0.01806863487135002,1.2427473612177231,-0.018068640826105598,1.2427473673580791,5.954755577519677e-09,6.140356001438363e-09,8.553542296171909e-09,6.730867418980324e-09,21.980125483949728,2.20367297742996e-08,2.20367297742996e-08,1.0025752497402568e-09,21.980125664927954,2.0301495595731467e-07,2.0301495595731467e-07,9.236296503816483e-09
higher_energy_wide_swing,rk45_strict,RK45,1e-08,1e-10,0.09348914858096828,2.260892206188775,-2.2312283402197246,2.260892213575851,-2.2312283407301834,7.387075839915269e-09,5.104587863513643e-10,7.387075839915269e-09,-0.018542302421217904,1.2500692078941253,-0.018542306810767628,1.2500692139940506,4.389549723704533e-09,6.0999252315951935e-09,7.515133705259422e-09,6.0999252315951935e-09,21.9801254581802,3.7327971824652195e-09,-3.7327971824652195e-09,-1.698260180058291e-10,21.980125601565646,1.396526485564209e-07,1.396526485564209e-07,6.353587416887588e-09
higher_energy_wide_swing,rk45_strict,RK45,1e-08,1e-10,0.09682804674457429,2.265801436659975,-2.2355728112422626,2.265801441295136,-2.235572813041596,4.635161143795585e-09,1.7993335710286829e-09,4.635161143795585e-09,-0.019004258284625375,1.2572725933491309,-0.019004260142954643,1.257272598325342,1.8583292682450292e-09,4.976211220864002e-09,5.311879684619081e-09,4.976211220864002e-09,21.980125431312207,3.0600791234292046e-08,-3.0600791234292046e-08,-1.3922027554991383e-09,21.98012550737148,4.54584814235659e-08,4.54584814235659e-08,2.0681629639619676e-09
higher_energy_wide_swing,rk45_strict,RK45,1e-08,1e-10,0.1001669449081803,2.2706408457952763,-2.239869063557219,2.27064084696249,-2.239869066340255,1.1672138811036348e-09,2.7830360238567664e-09,2.7830360238567664e-09,-0.019454804654316815,1.2643576721814476,-0.019454803679914923,1.2643576752573042,9.744018925061937e-10,3.0758566804678367e-09,3.2265079214064036e-09,3.0758566804678367e-09,21.980125420162288,4.175070955625415e-08,-4.175070955625415e-08,-1.8994754888273715e-09,21.980125419648743,4.226425431852476e-08,-4.226425431852476e-08,-1.922839539372055e-09
higher_energy_wide_swing,rk45_strict,RK45,1e-08,1e-10,0.10350584307178631,2.275410466921511,-2.2441161391993236,2.2754104650298577,-2.244116142301759,1.891653500507573e-09,3.102435197632758e-09,3.102435197632758e-09,-0.019894248069141973,1.2713246071217563,-0.019894244909211434,1.271324608105925,3.159930539453626e-09,9.841687464984261e-10,3.3096448655038454e-09,3.159930539453626e-09,21.980125431268505,3.064449316525497e-08,-3.064449316525497e-08,-1.3941910030657254e-09,21.980125371165094,9.07479034140124e-08,-9.07479034140124e-08,-4.128634459856005e-09
higher_energy_wide_swing,rk45_strict,RK45,1e-08,1e-10,0.10684474123539232,2.2801103185804785,-2.248313094062139,2.2801103155586366,-2.2483130964397904,3.0218418878291686e-09,2.377651409091186e-09,3.0218418878291686e-09,-0.02032289830565981,1.2781735684749438,-0.020322894847038753,1.278173568034447,3.458621056218192e-09,4.4049675018698053e-10,3.486559478546312e-09,3.458621056218192e-09,21.98012545122017,1.0692826180047632e-08,-1.0692826180047632e-08,-4.864770311969367e-10,21.980125377489543,8.44234548935674e-08,-8.44234548935674e-08,-3.840899590853371e-09
higher_energy_wide_swing,rk45_strict,RK45,1e-08,1e-10,0.11018363939899833,2.284740406030335,-2.2524589973572864,2.2847404042196806,-2.2524589981061163,1.8106542931661807e-09,7.488298869873233e-10,1.8106542931661807e-09,-0.020741068618258085,1.2849047342681117,-0.020741066960779597,1.2849047334811323,1.6574784877931847e-09,7.86979370559493e-10,1.8348219170217579e-09,1.6574784877931847e-09,21.980125463735906,1.8229080467335734e-09,1.8229080467335734e-09,8.293437859999004e-11,21.980125424898876,3.701412154555328e-08,-3.701412154555328e-08,-1.6839813589640825e-09
higher_energy_wide_swing,rk45_strict,RK45,1e-08,1e-10,0.11352253756260434,2.2893007241400216,-2.256552930286865,2.289300722298638,-2.2565529304890326,1.8413834901309656e-09,2.0216761598135236e-10,1.8413834901309656e-09,-0.021149077460593357,1.2915182908108238,-0.021149076120460686,1.2915182895811124,1.3401326715012374e-09,1.2297114437842538e-09,1.8188308915891542e-09,1.3861769510015165e-09,21.98012548925024,2.7337243579950155e-08,2.7337243579950155e-08,1.2437255477599494e-09,21.980125458996476,2.9165221349103376e-09,-2.9165221349103376e-09,-1.3268905766548358e-10
higher_energy_wide_swing,rk45_strict,RK45,1e-08,1e-10,0.11686143572621036,2.2937912529279982,-2.2605939876376473,2.2937912532455225,-2.2605939881788544,3.175242291320046e-10,5.412070791521728e-10,5.412070791521728e-10,-0.021547243587403786,1.2980144299543435,-0.02154724345307446,1.2980144306099053,1.3432932544077403e-10,6.555618270454033e-10,6.691828425419174e-10,6.555618270454033e-10,21.98012549740835,3.549535065872078e-08,3.549535065872078e-08,1.614883896828836e-09,21.9801255249618,6.30488017350217e-08,6.30488017350217e-08,2.868445944235951e-09
higher_energy_wide_swing,rk45_strict,RK45,1e-08,1e-10,0.12020033388981637,2.298211962311484,-2.2645812763823057,2.2982119678905635,-2.264581277080144,5.579079420670041e-09,6.978382316447096e-10,5.579079420670041e-09,-0.02193588909602373,1.304393350976075,-0.021935892359551845,1.3043933556795833,3.2635281144166584e-09,4.703508249548349e-09,5.724823631096187e-09,4.703508249548349e-09,21.980125480389894,1.8476896457286784e-08,1.8476896457286784e-08,8.406183344723585e-10,21.98012562675463,1.648416336763603e-07,1.648416336763603e-07,7.4995765589235e-09
higher_energy_wide_swing,rk45_strict,RK45,1e-08,1e-10,0.12353923205342238,2.3025628124482154,-2.2685139155671195,2.3025628226528694,-2.2685139164114787,1.0204654010692593e-08,8.443592491857999e-10,1.0204654010692593e-08,-0.022315338839181575,1.3106552601006736,-0.022315345115301977,1.3106552683399286,6.2761204011607674e-09,8.239255055997319e-09,1.035736506876357e-08,8.239255055997319e-09,21.98012544816401,1.3748987726103223e-08,-1.3748987726103223e-08,-6.255190740347397e-10,21.980125684878658,2.2296566015711505e-07,2.2296566015711505e-07,1.014396667314153e-08
higher_energy_wide_swing,rk45_strict,RK45,1e-08,1e-10,0.12687813021702837,2.306843753736445,-2.2723910363119724,2.306843765687282,-2.2723910373765284,1.1950837208729581e-08,1.064555998908645e-09,1.1950837208729581e-08,-0.022685919563857015,1.3168003698429058,-0.022685926900113285,1.3168003795131278,7.336256269141472e-09,9.670221956525893e-09,1.2138115534752215e-08,9.670221956525893e-09,21.98012541845164,4.3461358956164986e-08,-4.3461358956164986e-08,-1.977302587807086e-09,21.980125672080245,2.1016724716105273e-07,2.1016724716105273e-07,9.561694610216352e-09
higher_energy_wide_swing,rk45_strict,RK45,1e-08,1e-10,0.1302170283806344,2.3110547268149415,-2.2762117818103538,2.311054736884378,-2.276211783164054,1.0069436395809817e-08,1.3537002629959716e-09,1.0069436395809817e-08,-0.023047959069308455,1.3228288983443717,-0.02304796498325712,1.3228289068092083,5.9139486641157646e-09,8.464836609434201e-09,1.032609546857931e-08,8.464836609434201e-09,21.980125407366344,5.454665341630971e-08,-5.454665341630971e-08,-2.4816352168156528e-09,21.98012559792336,1.3601036386035048e-07,1.3601036386035048e-07,6.187879322892322e-09
higher_energy_wide_swing,rk45_strict,RK45,1e-08,1e-10,0.1335559265442404,2.315195662562989,-2.279975307329359,2.3151956678704684,-2.279975308947908,5.307479344907051e-09,1.618548850501611e-09,5.307479344907051e-09,-0.023401785384390195,1.328741068704356,-0.023401787926350837,1.3287410738362917,2.5419606419774254e-09,5.13193576523463e-09,5.72698250423874e-09,5.13193576523463e-09,21.980125420699533,4.121346464103226e-08,-4.121346464103226e-08,-1.875033184521474e-09,21.980125494014032,3.21010347192896e-08,3.21010347192896e-08,1.4604573015251456e-09
higher_energy_wide_swing,rk45_strict,RK45,1e-08,1e-10,0.13689482470784642,2.3192664821003897,-2.2836807802096897,2.3192664820075986,-2.2836807818870346,9.279110813054103e-11,1.6773449296181298e-09,1.6773449296181298e-09,-0.02374772596425856,1.3345371083050948,-0.023747724804097703,1.334537109505979,1.160160856272796e-09,1.2008842809052567e-09,1.6697593445023635e-09,1.2008842809052567e-09,21.98012544581516,1.6097839505846423e-08,-1.6097839505846423e-08,-7.323816023589421e-10,21.98012539989508,6.201791791227151e-08,-6.201791791227151e-08,-2.8215452190996688e-09
higher_energy_wide_swing,rk45_strict,RK45,1e-08,1e-10,0.14023372287145242,2.3232670976251018,-2.287327379840088,2.3232670943935485,-2.28732738112547,3.231553247218244e-09,1.2853820230418478e-09,3.231553247218244e-09,-0.02408610749580753,1.3402172487239525,-0.024086104443016287,1.3402172473342024,3.0527912420197367e-09,1.3897500927839701e-09,3.3542420437030868e-09,3.0527912420197367e-09,21.98012545694113,4.971866474079434e-09,-4.971866474079434e-09,-2.2619827546911178e-10,21.980125349631745,1.1228125273987644e-07,-1.1228125273987644e-07,-5.108308091072391e-09
higher_energy_wide_swing,rk45_strict,RK45,1e-08,1e-10,0.14357262103505844,2.327197416997787,-2.2909142972564314,2.327197411861834,-2.2909142977923413,5.1359529962269335e-09,5.359099830570813e-10,5.1359529962269335e-09,-0.02441725855650223,1.3457817280704534,-0.024417254678236522,1.3457817247378785,3.878265708578965e-09,3.332574882719541e-09,5.1134137574885e-09,3.878265708578965e-09,21.980125480802517,1.888951928208371e-08,1.888951928208371e-08,8.593908763084785e-10,21.98012535910774,1.028052594165274e-07,-1.028052594165274e-07,-4.677191656374647e-09
higher_energy_wide_swing,rk45_strict,RK45,1e-08,1e-10,0.14691151919866444,2.331057337512605,-2.294440735169958,2.3310573329817026,-2.294440735001868,4.530902319999086e-09,1.6808998637429795e-10,4.530902319999086e-09,-0.024741504639422818,1.3512307857370218,-0.02474150162842581,1.351230782327709,3.010997007280025e-09,3.4093128320478172e-09,4.548573069064096e-09,3.4093128320478172e-09,21.980125494999168,3.308617024799787e-08,3.308617024799787e-08,1.5052766784852682e-09,21.980125414050466,4.786253171573662e-08,-4.786253171573662e-08,-2.177536784249593e-09
higher_energy_wide_swing,rk45_strict,RK45,1e-08,1e-10,0.15025041736227046,2.334846750520538,-2.2979059082179827,2.334846748058139,-2.297905907853361,2.462398729363713e-09,3.6462166619344316e-10,2.462398729363713e-09,-0.025059170450157486,1.3565646652478396,-0.025059168988911584,1.3565646631974815,1.4612459020568735e-09,2.0503581055208997e-09,2.517778375304955e-09,2.0503581055208997e-09,21.980125486493687,2.4580689483855167e-08,2.4580689483855167e-08,1.1183143393084087e-09,21.980125458803588,3.1094096186734532e-09,-3.1094096186734532e-09,-1.4146459828272664e-10
higher_energy_wide_swing,rk45_strict,RK45,1e-08,1e-10,0.15358931552587646,2.33856554244783,-2.3013090429654866,2.3385655438780986,-2.301309043492539,1.43026834820148e-09,5.270526237666218e-10,1.43026834820148e-09,-0.025370579956821238,1.3617836142490347,-0.025370580598511605,1.3617836156706242,6.416903675088292e-10,1.4215895127733802e-09,1.5597061487924168e-09,1.4215895127733802e-09,21.980125459003844,2.9091538067405054e-09,-2.9091538067405054e-09,-1.3235383081782066e-10,21.980125511887024,4.997402669459916e-08,4.997402669459916e-08,2.2736006116613754e-09
higher_energy_wide_swing,rk45_strict,RK45,1e-08,1e-10,0.15692821368948248,2.342213594795989,-2.3046493779051187,2.3422136024299496,-2.3046493799106114,7.633960574793264e-09,2.0054926608281676e-09,7.633960574793264e-09,-0.025676055763198535,1.3668878837505434,-0.025676059742078983,1.3668878907127855,3.978880447341737e-09,6.9622421161597e-09,8.01899650194875e-09,6.9622421161597e-09,21.98012542562045,3.6292547633820504e-08,-3.6292547633820504e-08,-1.6511528879445191e-09,21.980125608229148,1.4631615030680223e-07,1.4631615030680223e-07,6.6567477315058e-09
higher_energy_wide_swing,rk45_strict,RK45,1e-08,1e-10,0.16026711185308848,2.345790784141783,-2.307926163457193,2.345790796203478,-2.3079261665702107,1.2061694754095242e-08,3.113017843503485e-09,1.2061694754095242e-08,-0.025975918497086692,1.371877727367525,-0.025975924844337084,1.371877738289581,6.347250391947057e-09,1.0922056148388037e-08,1.2632454157708746e-08,1.0922056148388037e-08,21.980125401867813,6.004518482427557e-08,-6.004518482427557e-08,-2.731794453508531e-09,21.98012566694357,2.0503057385212742e-07,2.0503057385212742e-07,9.327998341383578e-09
higher_energy_wide_swing,rk45_strict,RK45,1e-08,1e-10,0.1636060100166945,2.3492969821372447,-2.3111386619696916,2.3492969947613362,-2.3111386653095924,1.2624091549895411e-08,3.3399008003698327e-09,1.2624091549895411e-08,-0.026270486213877287,1.3767534005617916,-0.026270492825776093,1.376753412015371,6.611898806241356e-09,1.145357941823022e-08,1.322504016302721e-08,1.145357941823022e-08,21.980125399164603,6.274839492448336e-08,-6.274839492448336e-08,-2.8547787424240744e-09,21.980125658489715,1.9657671757045136e-07,1.9657671757045136e-07,8.943384691369396e-09
higher_energy_wide_swing,rk45_strict,RK45,1e-08,1e-10,0.1669449081803005,2.3527320555096667,-2.3142861477182635,2.3527320647685004,-2.314286150344883,9.25883369973235e-09,2.626619366452587e-09,9.25883369973235e-09,-0.026560073815399377,1.3815151598836775,-0.026560078561819855,1.381515168386774,4.7464204788738584e-09,8.503096449175018e-09,9.738129008502914e-09,8.503096449175018e-09,21.980125418642505,4.327049296648511e-08,-4.327049296648511e-08,-1.9686190163683962e-09,21.980125590044537,1.2813153915658404e-07,1.2813153915658404e-07,5.8294271058010765e-09
higher_energy_wide_swing,rk45_strict,RK45,1e-08,1e-10,0.17028380634390652,2.3560958660616067,-2.3173679069062234,2.3560958699922714,-2.3173679082700778,3.930664682627594e-09,1.3638543627791933e-09,3.930664682627594e-09,-0.026844992484032826,1.386163262214808,-0.026844994336929218,1.38616326599558,1.852896391874026e-09,3.780772139805322e-09,4.210399388674179e-09,3.780772139805322e-09,21.980125445280216,1.663278226260445e-08,-1.663278226260445e-08,-7.567191684790706e-10,21.980125490919495,2.9006496760075606e-08,2.9006496760075606e-08,1.3196692989918484e-09
higher_energy_wide_swing,rk45_strict,RK45,1e-08,1e-10,0.17362270450751252,2.3593882717359365,-2.320383237943855,2.359388271302273,-2.320383238057045,4.336633274704127e-10,1.1318990189579381e-10,4.336633274704127e-10,-0.02712554969729053,1.3906979649673414,-0.02712554931254607,1.3906979647445277,3.847444585147741e-10,2.2281376743649162e-10,4.4460575043185137e-10,3.847444585147741e-10,21.98012545414653,7.766466580960696e-09,-7.766466580960696e-09,-3.5334041174689255e-10,21.98012539884467,6.306832744940039e-08,-6.306832744940039e-08,-2.8693342792189576e-09
higher_energy_wide_swing,rk45_strict,RK45,1e-08,1e-10,0.17696160267111855,2.3626091315339544,-2.3233314524866864,2.362609126670454,-2.32333145105552,4.863500269181031e-09,1.4311662965837968e-09,4.863500269181031e-09,-0.02740205149171071,1.3951195295280099,-0.027402049008897533,1.3951195250664346,2.482813177273613e-09,4.461575331404788e-09,5.105880503012505e-09,4.461575331404788e-09,21.980125469045525,7.132527457542892e-09,7.132527457542892e-09,3.244989420056807e-10,21.980125347137893,1.147751049757062e-07,-1.147751049757062e-07,-5.221767508770033e-09
higher_energy_wide_swing,rk45_strict,RK45,1e-08,1e-10,0.18030050083472454,2.3657582979596,-2.3262118733218946,2.3657582911710873,-2.3262118709931126,6.788512862954121e-09,2.3287820560824457e-09,6.788512862954121e-09,-0.02767479804994577,1.3994282135965976,-0.02767479480064683,1.3994282071471988,3.24929894102155e-09,6.449398792796046e-09,7.221681826045985e-09,6.449398792796046e-09,21.980125477838627,1.5925628815693926e-08,1.5925628815693926e-08,7.245467658175901e-10,21.980125352775502,1.0913749548535634e-07,-1.0913749548535634e-07,-4.965280824919266e-09
higher_energy_wide_swing,rk45_strict,RK45,1e-08,1e-10,0.18363939899833057,2.3688356221679285,-2.3290238360807467,2.3688356169807685,-2.3290238339753,5.1871600348363245e-09,2.1054464838243803e-09,5.1871600348363245e-09,-0.027944085692553466,1.4036242753030437,-0.027944083426385546,1.4036242701531534,2.266167919984241e-09,5.149890291988868e-09,5.626445330853832e-09,5.149890291988868e-09,21.980125471586884,9.673886580685576e-09,9.673886580685576e-09,4.40119716215834e-10,21.980125405379003,5.6533995262952885e-08,-5.6533995262952885e-08,-2.572050617314018e-09
higher_energy_wide_swing,rk45_strict,RK45,1e-08,1e-10,0.18697829716193656,2.3718409549863293,-2.3317666895335742,2.3718409533784186,-2.3317666884854322,1.6079106934796528e-09,1.0481420176233769e-09,1.6079106934796528e-09,-0.028210206943724447,1.4077079733413445,-0.028210206511934732,1.4077079714632776,4.317897150940553e-10,1.8780668131768152e-09,1.927064428818384e-09,1.8780668131768152e-09,21.980125451259287,1.0653710802444039e-08,-1.0653710802444039e-08,-4.846974518368747e-10,21.980125457130807,4.782190643481954e-09,-4.782190643481954e-09,-2.1756885108633702e-10
higher_energy_wide_swing,rk45_strict,RK45,1e-08,1e-10,0.1903171953255426,2.3747741469145236,-2.3344397955897738,2.374774149487338,-2.334439796263835,2.5728144059655733e-09,6.740612512601274e-10,2.5728144059655733e-09,-0.02847345008749147,1.411679566172284,-0.02847345147407887,1.4116795684443142,1.3865874004537204e-09,2.272030119598867e-09,2.661718520704518e-09,2.272030119598867e-09,21.980125424200622,3.771237544469841e-08,-3.771237544469841e-08,-1.7157488709537232e-09,21.980125491817773,2.990477554476456e-08,2.990477554476456e-08,1.3605370723012178e-09
higher_energy_wide_swing,rk45_strict,RK45,1e-08,1e-10,0.19365609348914858,2.377635048124567,-2.3370425292978068,2.377635056437584,-2.337042532466134,8.313016941485785e-09,3.168327378233471e-09,8.313016941485785e-09,-0.028734098736128977,1.4155393112342547,-0.028734102541960183,1.4155393192679115,3.805831205738741e-09,8.033656850869875e-09,8.889544058280114e-09,8.033656850869875e-09,21.980125400620405,6.129259233489392e-08,-6.129259233489392e-08,-2.788546063629222e-09,21.980125569543407,1.0763040947381342e-07,1.0763040947381342e-07,4.89671497373e-09
higher_energy_wide_swing,rk45_strict,RK45,1e-08,1e-10,0.1969949916527546,2.3804235084608476,-2.3395742788451996,2.3804235205702424,-2.339574283661109,1.2109394820214447e-08,4.8159094490074494e-09,1.2109394820214447e-08,-0.028992431410709618,1.419287464162713,-0.028992436829978874,1.419287475976878,5.419269255568793e-09,1.1814165201684546e-08,1.2997806687170231e-08,1.1814165201684546e-08,21.980125390058905,7.18540924538047e-08,-7.18540924538047e-08,-3.2690483308802283e-09,21.980125621654555,1.597415568710403e-07,1.597415568710403e-07,7.267545271651853e-09
higher_energy_wide_swing,rk45_strict,RK45,1e-08,1e-10,0.2003338898163606,2.3831393774400866,-2.3420344455585425,2.383139389611042,-2.3420344503499138,1.2170955354662283e-08,4.791371299717184e-09,1.2170955354662283e-08,-0.029248721133787847,1.4229242780188232,-0.02924872662899436,1.4229242898256445,5.495206512051709e-09,1.1806821298421255e-08,1.3022992120973938e-08,1.1806821298421255e-08,21.980125397787173,6.412582465031846e-08,-6.412582465031846e-08,-2.9174457971786933e-09,21.98012561923137,1.5731837166299556e-07,1.5731837166299556e-07,7.157300896011522e-09
higher_energy_wide_swing,rk45_strict,RK45,1e-08,1e-10,0.20367278797996663,2.385782504251339,-2.344422443903491,2.385782512912313,-2.3444224470535473,8.660973715990394e-09,3.1500562158726098e-09,8.660973715990394e-09,-0.02950323503416008,1.4264500025278186,-0.02950323913583941,1.4264500107216864,4.101679329515662e-09,8.193867806483013e-09,9.163145909145766e-09,8.193867806483013e-09,21.98012542109807,4.081492832597178e-08,-4.081492832597178e-08,-1.85690151754118e-09,21.980125566079877,1.0416687956649184e-07,1.0416687956649184e-07,4.739139444267116e-09
higher_energy_wide_swing,rk45_strict,RK45,1e-08,1e-10,0.20701168614357263,2.3883527377559925,-2.3467377014847663,2.3883527414529864,-2.3467377023128537,3.6969938221886878e-09,8.280873764476837e-10,3.6969938221886878e-09,-0.029756233963650125,1.429864883327609,-0.02975623608053779,1.4298648864474317,2.11688766516005e-09,3.1198226224660175e-09,3.770213068588764e-09,3.1198226224660175e-09,21.980125445446028,1.6466970009787474e-08,-1.6466970009787474e-08,-7.491754329756362e-10,21.980125485712424,2.3799426429604864e-08,2.3799426429604864e-08,1.0827702722099716e-09
higher_energy_wide_swing,rk45_strict,RK45,1e-08,1e-10,0.21035058430717865,2.3908499279938282,-2.3489796597768624,2.3908499278385946,-2.348979658688522,1.5523360374913864e-10,1.0883405288097947e-09,1.0883405288097947e-09,-0.03000797271411726,1.4331691627759635,-0.030007973364613805,1.4331691618949607,6.504965455178535e-10,8.810028262473679e-10,1.0951309216648533e-09,8.810028262473679e-10,21.980125448597395,1.3315602842567387e-08,-1.3315602842567387e-08,-6.058019489306631e-10,21.980125409363282,5.2549715690020093e-08,-5.2549715690020093e-08,-2.3907832455769127e-09
higher_energy_wide_swing,rk45_strict,RK45,1e-08,1e-10,0.21368948247078465,2.3932739311562217,-2.351147776340817,2.3932739263012714,-2.351147772761087,4.854950219623788e-09,3.5797298458817295e-09,4.854950219623788e-09,-0.030258701749868222,1.4363630841614135,-0.0302587007104409,1.4363630783140748,1.0394273219915817e-09,5.847338613307329e-09,5.939004800164542e-09,5.847338613307329e-09,21.980125444454522,1.7458475554121833e-08,-1.7458475554121833e-08,-7.942846179096545e-10,21.980125365047996,9.686500135330789e-08,-9.686500135330789e-08,-4.406935780287281e-09
higher_energy_wide_swing,rk45_strict,RK45,1e-08,1e-10,0.21702838063439064,2.395624600348955,-2.3532415202670944,2.3956245926997517,-2.3532415151309287,7.649203492832157e-09,5.136165714958452e-09,7.649203492832157e-09,-0.030508663318321694,1.4394468814081862,-0.030508661321584807,1.4394468725742746,1.9967368869444613e-09,8.83391160222402e-09,9.056762798682144e-09,8.83391160222402e-09,21.98012543712813,2.478486749168951e-08,-2.478486749168951e-08,-1.1276035496083292e-09,21.980125367673075,9.423992253232427e-08,-9.423992253232427e-08,-4.287506124367785e-09
higher_energy_wide_swing,rk45_strict,RK45,1e-08,1e-10,0.22036727879799667,2.397901791620352,-2.355260375355776,2.397901784519371,-2.355260370418272,7.100981136431983e-09,4.9375041832888655e-09,7.100981136431983e-09,-0.030758093292132083,1.4424207847432364,-0.0307580915540685,1.4424207764412067,1.7380635819463919e-09,8.302029730344884e-09,8.482014068511008e-09,8.302029730344884e-09,21.980125426395293,3.5517704333187794e-08,-3.5517704333187794e-08,-1.615900891682016e-09,21.980125410200728,5.171227002165324e-08,-5.171227002165324e-08,-2.3526831141732964e-09
higher_energy_wide_swing,rk45_strict,RK45,1e-08,1e-10,0.22370617696160267,2.4001053648833097,-2.357203840579405,2.400105360872066,-2.357203837263186,4.011243781576468e-09,3.3162188550761584e-09,4.011243781576468e-09,-0.031007221209370273,1.445285020919779,-0.031007220598505247,1.44528501586809,6.108650252301118e-10,5.0516888450147235e-09,5.088488603298191e-09,5.0516888450147235e-09,21.980125412336477,4.957652066650553e-08,-4.957652066650553e-08,-2.2555158182518734e-09,21.980125455871278,6.04172001317238e-09,-6.04172001317238e-09,-2.748719530123442e-10
higher_energy_wide_swing,rk45_strict,RK45,1e-08,1e-10,0.2270450751252087,2.402235183915301,-2.3590714300829845,2.4022351838171403,-2.3590714289796044,9.816059076683814e-11,1.103380053990577e-09,1.103380053990577e-09,-0.03125626997522524,1.448039812497835,-0.03125627068514325,1.4480398116537336,7.099180132641436e-10,8.441014553994819e-10,1.1029464413852708e-09,8.441014553994819e-10,21.98012539616645,6.57465477615915e-08,-6.57465477615915e-08,-2.991181641593295e-09,21.980125469797724,7.884725761186928e-09,7.884725761186928e-09,3.587206895087803e-10
higher_energy_wide_swing,rk45_strict,RK45,1e-08,1e-10,0.2303839732888147,2.4042911163583724,-2.3608626731839815,2.4042911213423857,-2.3608626749385224,4.984013202147253e-09,1.7545409569663661e-09,4.984013202147253e-09,-0.03150545557360229,1.4506853771433987,-0.03150545801676863,1.4506853817289573,2.4431663359081313e-09,4.5855585995013826e-09,5.1958069069564015e-09,4.5855585995013826e-09,21.980125380547356,8.136564133565116e-08,-8.136564133565116e-08,-3.7017823886692985e-09,21.980125493619905,3.170690732190451e-08,3.170690732190451e-08,1.4425262211012403e-09
higher_energy_wide_swing,rk45_strict,RK45,1e-08,1e-10,0.2337228714524207,2.4062730337191462,-2.3625771143723244,2.4062730428574404,-2.3625771184059414,9.138294121413537e-09,4.033616995968714e-09,9.138294121413537e-09,-0.03175498678856248,1.4532219269467601,-0.031754990695326946,1.4532219359108844,3.906764467487278e-09,8.964124331711787e-09,9.778462744154034e-09,8.964124331711787e-09,21.980125369350027,9.256297062165686e-08,-9.256297062165686e-08,-4.211212114418969e-09,21.98012550268267,4.076967385913122e-08,4.076967385913122e-08,1.8548426363524e-09
higher_energy_wide_swing,rk45_strict,RK45,1e-08,1e-10,0.2370617696160267,2.4081808113688186,-2.3642143133104025,2.4081808223381174,-2.3642143182485196,1.0969298802621097e-08,4.938117026398459e-09,1.0969298802621097e-08,-0.03200506493554256,1.4556496677605275,-0.032005069564911004,1.4556496785671262,4.629368444142301e-09,1.0806598726986749e-08,1.1756429229903617e-08,1.0806598726986749e-08,21.98012536683041,9.508258713708528e-08,-9.508258713708528e-08,-4.325843694652412e-09,21.980125490271536,2.8358538628481256e-08,2.8358538628481256e-08,1.2901900254218624e-09
higher_energy_wide_swing,rk45_strict,RK45,1e-08,1e-10,0.24040066777963273,2.41001432854316,-2.365773844833068,2.4100143385877746,-2.3657738490674394,1.0044614473514457e-08,4.2343715200843235e-09,1.0044614473514457e-08,-0.03225588360228182,1.4579687985578618,-0.03225588805399271,1.4579688082334492,4.451710888808691e-09,9.675587442359301e-09,1.0650573796386693e-08,9.675587442359301e-09,21.980125376188624,8.572437337761585e-08,-8.572437337761585e-08,-3.9000857172611875e-09,21.980125465001723,3.0887257196354767e-09,3.0887257196354767e-09,1.405235709408301e-10
higher_energy_wide_swing,rk45_strict,RK45,1e-08,1e-10,0.24373956594323873,2.411773468342516,-2.3672552989476334,2.41177347523731,-2.3672553011984103,6.894794069012278e-09,2.2507768981938625e-09,6.894794069012278e-09,-0.0325076283993978,1.4601795108114133,-0.03250763192900752,1.4601795169822518,3.5296097156134465e-09,6.170838506847076e-09,7.10896565065126e-09,6.170838506847076e-09,21.980125397478606,6.4434392044177e-08,-6.4434392044177e-08,-2.931484269997842e-09,21.98012544157165,2.0341346385066572e-08,-2.0341346385066572e-08,-9.254426877732754e-10
higher_energy_wide_swing,rk45_strict,RK45,1e-08,1e-10,0.24707846410684475,2.4134581177318073,-2.3686582808338748,2.413458120745166,-2.3686582807116667,3.0133588957426127e-09,1.2220802148021903e-10,3.0133588957426127e-09,-0.03276047672053439,1.4622819878934523,-0.032760479057241554,1.4622819898134471,2.3367071610991275e-09,1.919994829790994e-09,3.0243314142395326e-09,2.3367071610991275e-09,21.980125424836988,3.7076009817837985e-08,-3.7076009817837985e-08,-1.6867970058716465e-09,21.980125432626522,2.9286475466960837e-08,-2.9286475466960837e-08,-1.3324071110380253e-09
higher_energy_wide_swing,rk45_strict,RK45,1e-08,1e-10,0.25041736227045075,2.4150681675405283,-2.3699824108440284,2.4150681683973283,-2.369982409411969,8.567999643105395e-10,1.4320593599848053e-09,1.4320593599848053e-09,-0.03301459751201252,1.464276404497641,-0.033014599178944004,1.4642764040682317,1.6669314817363556e-09,4.2940939692925895e-10,1.7213520833852997e-09,1.6669314817363556e-09,21.98012544300019,1.8912807320248248e-08,-1.8912807320248248e-08,-8.604503806413764e-10,21.980125441730074,2.01829237767015e-08,-2.01829237767015e-08,-9.182351489155202e-10
higher_energy_wide_swing,rk45_strict,RK45,1e-08,1e-10,0.25375626043405675,2.416603515318848,-2.3712273261987655,2.416603516307323,-2.3712273248386033,9.884750795663422e-10,1.3601622050884998e-09,1.3601622050884998e-09,-0.033270151972597195,1.466162929157936,-0.03327015368860631,1.4661629288662072,1.7160091125845156e-09,2.9172864124404896e-10,1.7406300223181248e-09,1.7160091125845156e-09,21.980125440623155,2.1289842777605372e-08,-2.1289842777605372e-08,-9.685951435762393e-10,21.98012545744093,4.4720671610321006e-09,-4.4720671610321006e-09,-2.0345958301199263e-10
higher_energy_wide_swing,rk45_strict,RK45,1e-08,1e-10,0.2570951585976628,2.418064067206783,-2.3723926820813372,2.418064067933264,-2.372392680567701,7.264810975016189e-10,1.5136363273882125e-09,1.5136363273882125e-09,-0.03352729396367471,1.4679417256907579,-0.03352729559565204,1.4679417251188869,1.6319773310513597e-09,5.718709950031098e-10,1.7292733861340045e-09,1.6319773310513597e-09,21.980125435427844,2.6485153625799285e-08,-2.6485153625799285e-08,-1.2049591651190785e-09,21.980125463036664,1.1236664931857376e-09,1.1236664931857376e-09,5.112193263559022e-11
higher_energy_wide_swing,rk45_strict,RK45,1e-08,1e-10,0.2604340567612688,2.4194497324974096,-2.3734781484120377,2.4194497335658967,-2.3734781470955233,1.0684870765942378e-09,1.3165144530091766e-09,1.3165144530091766e-09,-0.03378616805777479,1.469612946816678,-0.033786169806423905,1.4696129466082533,1.7486491143969829e-09,2.0842483294813974e-10,1.7610265859068717e-09,1.7486491143969829e-09,21.980125431840744,3.0072254020296896e-08,-3.0072254020296896e-08,-1.3681566136829327e-09,21.980125471377058,9.46405975810194e-09,9.46405975810194e-09,4.305735094415723e-10
higher_energy_wide_swing,rk45_strict,RK45,1e-08,1e-10,0.2637729549248748,2.420760427033775,-2.3744834118759015,2.4207604287338307,-2.3744834109221458,1.700055651809862e-09,9.537557410510544e-10,1.700055651809862e-09,-0.03404691043482233,1.4711767373342128,-0.03404691239862845,1.471176737794306,1.9638061177218447e-09,4.6009307475003425e-10,2.016982921453398e-09,1.9638061177218447e-09,21.980125430308572,3.160442574312583e-08,-3.160442574312583e-08,-1.4378637555044783e-09,21.98012547218941,1.0276412609755425e-08,1.0276412609755425e-08,4.675320269469034e-10
higher_energy_wide_swing,rk45_strict,RK45,1e-08,1e-10,0.2671118530884808,2.421996073268418,-2.375408175958127,2.4219960755641554,-2.3754081753422382,2.2957373779775025e-09,6.158886733942381e-10,2.2957373779775025e-09,-0.034309648722148256,1.4726332337083572,-0.03430965089249294,1.4726332347943831,2.1703446817511463e-09,1.0860259358480562e-09,2.4269009808684265e-09,2.1703446817511463e-09,21.980125430045774,3.186722352666038e-08,-3.186722352666038e-08,-1.4498199103494508e-09,21.98012546488884,2.9758417952052696e-09,2.9758417952052696e-09,1.353878439120735e-10
higher_energy_wide_swing,rk45_strict,RK45,1e-08,1e-10,0.27045075125208684,2.423156600263368,-2.3762521609440785,2.4231566029090517,-2.376252160518769,2.6456836721422405e-09,4.2530956534392317e-10,2.6456836721422405e-09,-0.0345745018238125,1.473982563622683,-0.03457450412228902,1.4739825650694465,2.2984765202238577e-09,1.4467633757675458e-09,2.715901062167523e-09,2.2984765202238577e-09,21.98012543054973,3.136326753860885e-08,-3.136326753860885e-08,-1.426892107279137e-09,21.98012545539897,6.514028427773155e-09,-6.514028427773155e-09,-2.963599292943353e-10
higher_energy_wide_swing,rk45_strict,RK45,1e-08,1e-10,0.27378964941569284,2.4242419436901463,-2.377015103919285,2.424241946345791,-2.377015103483005,2.6556445931191774e-09,4.3627990109484927e-10,2.6556445931191774e-09,-0.03484157975830371,1.4752248455596186,-0.03484158207431698,1.4752248470034075,2.3160132700539293e-09,1.44378886623997e-09,2.729183716305004e-09,2.3160132700539293e-09,21.98012543212829,2.978470803327582e-08,-2.978470803327582e-08,-1.3550745233409403e-09,21.980125450427376,1.1485621342899321e-08,-1.1485621342899321e-08,-5.225457590222368e-10
higher_energy_wide_swing,rk45_strict,RK45,1e-08,1e-10,0.27712854757929883,2.425252045829765,-2.377696758769439,2.4252520481767355,-2.37769675813451,2.3469706178502747e-09,6.349289982665596e-10,2.3469706178502747e-09,-0.035110983504558435,1.4763601884092517,-0.035110985733187494,1.4763601895111351,2.2286290590756153e-09,1.1018834733533822e-09,2.486148561893592e-09,2.2286290590756153e-09,21.98012543542218,2.6490816651403293e-08,-2.6490816651403293e-08,-1.2052168081254308e-09,21.98012545285338,9.05961883290729e-09,-9.05961883290729e-09,-4.1217320841074054e-10
higher_energy_wide_swing,rk45_strict,RK45,1e-08,1e-10,0.28046744574290483,2.426186855572728,-2.3782968961804003,2.426186857429339,-2.378296895241146,1.8566108650475144e-09,9.392544519926105e-10,1.8566108650475144e-09,-0.03538280485627321,1.4773886911069922,-0.03538280693636264,1.4773886916754746,2.0800894340311515e-09,5.684823722873489e-10,2.156372941114196e-09,2.0800894340311515e-09,21.980125439905432,2.2007565547710328e-08,-2.2007565547710328e-08,-1.0012484044208427e-09,21.98012545822304,3.689958560926243e-09,-3.689958560926243e-09,-1.6787704725890562e-10
higher_energy_wide_swing,rk45_strict,RK45,1e-08,1e-10,0.2838063439065109,2.4270463284833763,-2.3788153036743918,2.4270463301435172,-2.3788153026004326,1.6601409136285383e-09,1.0739591438380103e-09,1.6601409136285383e-09,-0.035657126306900544,1.4783104423675575,-0.035657128337341804,1.4783104427133733,2.0304412595706367e-09,3.4581582042392256e-10,2.0596796571851323e-09,2.0304412595706367e-09,21.980125441555792,2.0357205698928738e-08,-2.0357205698928738e-08,-9.26164217497464e-10,21.98012545982896,2.084036054839089e-09,-2.084036054839089e-09,-9.481456593367912e-11
higher_energy_wide_swing,rk45_strict,RK45,1e-08,1e-10,0.2871452420701169,2.427830428332234,-2.379251786504699,2.427830430007204,-2.3792517854378774,1.6749703846130615e-09,1.0668217420573e-09,1.6749703846130615e-09,-0.03593402143178548,1.479125522002066,-0.03593402346945085,1.4791255223618751,2.03766536976957e-09,3.5980907142629803e-10,2.0691889055953334e-09,2.03766536976957e-09,21.98012543955359,2.2359408546890336e-08,-2.2359408546890336e-08,-1.0172557288462506e-09,21.980125461306724,6.062741420009843e-10,-6.062741420009843e-10,-2.7582833548950016e-11
higher_energy_wide_swing,rk45_strict,RK45,1e-08,1e-10,0.2904841402337229,2.428539126223509,-2.379606167194907,2.4285391278941204,-2.379606166128371,1.6706112049291733e-09,1.0665361926953665e-09,1.6706112049291733e-09,-0.03621355444310692,1.4798339997497214,-0.036213556478306264,1.4798340001062518,2.0351993423872727e-09,3.56530360789975e-10,2.0661922130863374e-09,2.0351993423872727e-09,21.98012543823978,2.3673216276165476e-08,-2.3673216276165476e-08,-1.0770282597879732e-09,21.980125460337337,1.5756604909711314e-09,-1.5756604909711314e-09,-7.168569140796874e-11
higher_energy_wide_swing,rk45_strict,RK45,1e-08,1e-10,0.2938230383973289,2.4291724006220896,-2.3798782854679135,2.429172402342054,-2.3798782844190653,1.7199641710874403e-09,1.0488481194670385e-09,1.7199641710874403e-09,-0.03649578014960142,1.4804359350016367,-0.03649578221024241,1.4804359354020447,2.060640991174978e-09,4.004079290353957e-10,2.0991826514491325e-09,2.060640991174978e-09,21.980125438227304,2.3685693406605424e-08,-2.3685693406605424e-08,-1.0775959148935625e-09,21.98012545818134,3.7316567613743246e-09,-3.7316567613743246e-09,-1.6977413381195263e-10
higher_energy_wide_swing,rk45_strict,RK45,1e-08,1e-10,0.2971619365609349,2.429730237743341,-2.3800679984527897,2.4297302395751363,-2.380067997441027,1.8317951600010929e-09,1.0117626736416696e-09,1.8317951600010929e-09,-0.03678074399801878,1.4809313769845405,-0.03678074611725468,1.480931377483009,2.1192358978794346e-09,4.984685997300176e-10,2.177069529385237e-09,2.1192358978794346e-09,21.980125438698394,2.3214603572796477e-08,-2.3214603572796477e-08,-1.056163378731508e-09,21.980125456976573,4.93642460241972e-09,-4.93642460241972e-09,-2.2458582463387304e-10
higher_energy_wide_swing,rk45_strict,RK45,1e-08,1e-10,0.3005008347245409,2.4302126315531094,-2.3801751806847844,2.430212633503844,-2.3801751797092376,1.9507346848968155e-09,9.755467544891872e-10,1.9507346848968155e-09,-0.03706848197762891,1.4813203645776323,-0.03706848416139352,1.4813203651781506,2.1837646135836053e-09,6.005183017521176e-10,2.264828937972844e-09,2.1837646135836053e-09,21.98012543909027,2.2822728595883746e-08,-2.2822728595883746e-08,-1.0383347736313337e-09,21.98012545752582,4.387178620390841e-09,-4.387178620390841e-09,-1.9959752404475182e-10
higher_energy_wide_swing,rk45_strict,RK45,1e-08,1e-10,0.3038397328881469,2.430619583767718,-2.380199724105319,2.4306195857270056,-2.3801997231224283,1.9592878430785277e-09,9.828906577524776e-10,1.9592878430785277e-09,-0.037359020532546916,1.4816029261614254,-0.03735902272864322,1.4816029267618744,2.1960963048073268e-09,6.00449023835381e-10,2.276703320640012e-09,2.1960963048073268e-09,21.980125439623006,2.2289992074320253e-08,-2.2289992074320253e-08,-1.0140975816059007e-09,21.980125458222652,3.6903458067172323e-09,-3.6903458067172323e-09,-1.6789466525620325e-10
higher_energy_wide_swing,rk45_strict,RK45,1e-08,1e-10,0.3071786310517529,2.43095110385397,-2.380141538061991,2.430951105719284,-2.380141537004467,1.865313681292946e-09,1.0575238462706693e-09,1.865313681292946e-09,-0.037652376481874694,1.4817790794987258,-0.037652378661150454,1.481779079985845,2.179275759850441e-09,4.871192338384844e-10,2.233053511550296e-09,2.179275759850441e-09,21.980125440664448,2.1248549586516674e-08,-2.1248549586516674e-08,-9.667164831855035e-10,21.980125458351473,3.561524408723926e-09,-3.561524408723926e-09,-1.6203385257719798e-10
higher_energy_wide_swing,rk45_strict,RK45,1e-08,1e-10,0.31051752921535897,2.431207209046788,-2.3800005493084,2.431207210900495,-2.3800005482250315,1.8537069657043048e-09,1.0833685060163134e-09,1.8537069657043048e-09,-0.03794855696116839,1.4818488316592255,-0.0379485591505585,1.481848832120471,2.189390113649381e-09,4.6124548624959516e-10,2.2374486515518685e-09,2.189390113649381e-09,21.980125441030705,2.0882293227941773e-08,-2.0882293227941773e-08,-9.500534136680184e-10,21.980125458311065,3.601932974106603e-09,-3.601932974106603e-09,-1.6387226635025384e-10
higher_energy_wide_swing,rk45_strict,RK45,1e-08,1e-10,0.31385642737896496,2.431387924717746,-2.379776702089779,2.4313879266216274,-2.3797767010753073,1.9038814969007944e-09,1.014471617821755e-09,1.9038814969007944e-09,-0.038247559575735,1.4818121792644126,-0.0382475617533673,1.4818121798054968,2.1776322967070882e-09,5.410842884856493e-10,2.2438481737648404e-09,2.1776322967070882e-09,21.980125440292987,2.1620010670631018e-08,-2.1620010670631018e-08,-9.836163450519886e-10,21.98012545838139,3.531607006834747e-09,-3.531607006834747e-09,-1.6067274106120506e-10
higher_energy_wide_swing,rk45_strict,RK45,1e-08,1e-10,0.31719532554257096,2.4314932842880475,-2.379469958198178,2.431493286223398,-2.3794699572326232,1.9353505464891896e-09,9.655547472675607e-10,1.9353505464891896e-09,-0.0385493722386171,1.4816691084468046,-0.03854937440464312,1.4816691090418017,2.166026025207657e-09,5.949971626506567e-10,2.2462614196569403e-09,2.166026025207657e-09,21.98012544021628,2.169671731167e-08,-2.169671731167e-08,-9.871061632139414e-10,21.98012545865111,3.261888537053892e-09,-3.261888537053892e-09,-1.484017251269138e-10
higher_energy_wide_swing,rk45_strict,RK45,1e-08,1e-10,0.32053422370617696,2.431523329101993,-2.3790802967526212,2.4315233310362556,-2.379080295760451,1.934262527925057e-09,9.921703458815045e-10,1.934262527925057e-09,-0.03885397318525363,1.481419594626375,-0.038853975369478544,1.4814195952019626,2.184224912049615e-09,5.75587577600345e-10,2.2587916074543e-09,2.184224912049615e-09,21.980125440560766,2.1352231982518788e-08,-2.1352231982518788e-08,-9.714335807371884e-10,21.980125458634664,3.2783340486730594e-09,-3.2783340486730594e-09,-1.4914992429655294e-10
higher_energy_wide_swing,rk45_strict,RK45,1e-08,1e-10,0.32387312186978295,2.431478108463967,-2.3786077141722637,2.431478110380378,-2.3786077131084045,1.916411029867504e-09,1.0638592229383903e-09,1.916411029867504e-09,-0.03916133098006003,1.481063602559281,-0.03916133320218229,1.481063603073415,2.222122263972892e-09,5.141340686520834e-10,2.280824674672027e-09,2.222122263972892e-09,21.98012544070606,2.1206936651196884e-08,-2.1206936651196884e-08,-9.64823275824522e-10,21.98012545798066,3.9323388989487285e-09,-3.9323388989487285e-09,-1.7890429723718625e-10
higher_energy_wide_swing,rk45_strict,RK45,1e-08,1e-10,0.327212020033389,2.4313576796384395,-2.378052224176387,2.4313576815407854,-2.378052223064659,1.902345836413133e-09,1.1117280429573384e-09,1.902345836413133e-09,-0.039471404483273576,1.4806010864134516,-0.0394714067287526,1.4806010868850625,2.2454790249426537e-09,4.716109724967055e-10,2.2944700827939987e-09,2.2454790249426537e-09,21.980125440645732,2.1267265282176595e-08,-2.1267265282176595e-08,-9.675679658438873e-10,21.98012545716786,4.7451393925257435e-09,-4.7451393925257435e-09,-2.158831805008614e-10
higher_energy_wide_swing,rk45_strict,RK45,1e-08,1e-10,0.330550918196995,2.431162107849966,-2.377413857784403,2.431162109725889,-2.3774138566096825,1.875922972516264e-09,1.1747203210177304e-09,1.875922972516264e-09,-0.03978414282556286,1.4800319898766072,-0.0397841450957549,1.4800319902871686,2.2701920343592974e-09,4.105613626848026e-10,2.3070180981947254e-09,2.2701920343592974e-09,21.980125440807697,2.110530061827376e-08,-2.110530061827376e-08,-9.6019927888241e-10,21.980125455195783,6.7172152284911135e-09,-6.7172152284911135e-09,-3.0560404398649384e-10
higher_energy_wide_swing,rk45_strict,RK45,1e-08,1e-10,0.333889816360601,2.4308914662557153,-2.3766926632703265,2.4308914681895812,-2.376692662122371,1.933865956260661e-09,1.147955508429277e-09,1.933865956260661e-09,-0.04009948540248964,1.4793562462471743,-0.04009948769636995,1.4793562467138428,2.293880307924212e-09,4.666684816356792e-10,2.3408687145661605e-09,2.293880307924212e-09,21.98012544076861,2.1144387574167922e-08,-2.1144387574167922e-08,-9.619775651784502e-10,21.980125455377298,6.535699981213838e-09,-6.535699981213838e-09,-2.973458906109909e-10
higher_energy_wide_swing,rk45_strict,RK45,1e-08,1e-10,0.337228714524207,2.4305458358427963,-2.3758887059102145,2.430545837947984,-2.375888704938787,2.1051875798150377e-09,9.71427382978618e-10,2.1051875798150377e-09,-0.040417361969013244,1.4785737783646793,-0.040417364264366706,1.4785737790653397,2.295353462855587e-09,7.006604185733067e-10,2.3999109445140788e-09,2.295353462855587e-09,21.98012544044852,2.146447641848681e-08,-2.146447641848681e-08,-9.765402138254534e-10,21.980125457992543,3.920455071693141e-09,-3.920455071693141e-09,-1.7836363484305295e-10
higher_energy_wide_swing,rk45_strict,RK45,1e-08,1e-10,0.34056761268781305,2.4301253055580463,-2.3750020681783672,2.430125307747386,-2.3750020672979613,2.1893398205463654e-09,8.804059703493294e-10,2.1893398205463654e-09,-0.040737692593994956,1.4776844990341151,-0.04073769488634971,1.4776844998529122,2.2923547504660746e-09,8.187970301776204e-10,2.4341977895421874e-09,2.2923547504660746e-09,21.980125440766948,2.11460502441696e-08,-2.11460502441696e-08,-9.62053209423728e-10,21.980125460555502,1.3574954493833502e-09,-1.3574954493833502e-09,-6.17601319762987e-11
higher_energy_wide_swing,rk45_strict,RK45,1e-08,1e-10,0.34390651085141904,2.429629971948914,-2.3740328493110963,2.4296299740642437,-2.374032848341893,2.1153296891895934e-09,9.692033842156889e-10,2.1153296891895934e-09,-0.04106038770806597,1.4766883107244415,-0.0410603900069878,1.4766883114334337,2.298921830679035e-09,7.089921982839087e-10,2.4057663063564786e-09,2.298921830679035e-09,21.980125441181418,2.0731580008259698e-08,-2.0731580008259698e-08,-9.431966184261882e-10,21.98012546026,1.6529995150449395e-09,-1.6529995150449395e-09,-7.520428024440739e-11
higher_energy_wide_swing,rk45_strict,RK45,1e-08,1e-10,0.34724540901502504,2.4290599391131917,-2.372981165236071,2.429059941105179,-2.37298116411555,1.9919874638674173e-09,1.1205210093123696e-09,1.9919874638674173e-09,-0.04138534812929984,1.4755851057519016,-0.041385350442170066,1.4755851062752516,2.3128702286712155e-09,5.233500299794969e-10,2.371342225102311e-09,2.3128702286712155e-09,21.980125441149987,2.0763010866176046e-08,-2.0763010866176046e-08,-9.446265856013442e-10,21.980125457515918,4.397080033413658e-09,-4.397080033413658e-09,-2.0004799522336152e-10
higher_energy_wide_swing,rk45_strict,RK45,1e-08,1e-10,0.35058430717863104,2.428415318699019,-2.371847148572314,2.4284153206107986,-2.371847147337038,1.911779623497978e-09,1.235275881583675e-09,1.911779623497978e-09,-0.04171246508394322,1.4743747665756985,-0.041712467416833654,1.474374766966768,2.332890436385071e-09,3.9106939908606364e-10,2.365441409775026e-09,2.332890436385071e-09,21.980125440840233,2.1072764866403304e-08,-2.1072764866403304e-08,-9.587190438434048e-10,21.980125453845176,8.06782196605127e-09,-8.06782196605127e-09,-3.6705076957049826e-10
higher_energy_wide_swing,rk45_strict,RK45,1e-08,1e-10,0.3539232053422371,2.427696229904881,-2.370630948630204,2.4276962316657063,-2.3706309471682663,1.7608252633749544e-09,1.4619376820235175e-09,1.7608252633749544e-09,-0.04204162023517921,1.4730571661241334,-0.04204162261460109,1.473057166258378,2.3794218817485557e-09,1.3424461542399513e-10,2.38320584677744e-09,2.3794218817485557e-09,21.980125440752698,2.116030017873527e-08,-2.116030017873527e-08,-9.627015193976797e-10,21.980125446631728,1.52812695830562e-08,-1.52812695830562e-08,-6.952312264793699e-10
higher_energy_wide_swing,rk45_strict,RK45,1e-08,1e-10,0.3572621035058431,2.4269027991225585,-2.3693327310168355,2.4269028010761113,-2.3693327296660467,1.953552875022524e-09,1.3507888141361946e-09,1.953552875022524e-09,-0.04237268573304398,1.4716321676415829,-0.0423726881761739,1.4716321679793878,2.4431299205929236e-09,3.378048951674373e-10,2.46637303668676e-09,2.4431299205929236e-09,21.98012543983,2.208299676453862e-08,-2.208299676453862e-08,-1.0046801963348152e-09,21.98012544625494,1.5658056184975067e-08,-1.5658056184975067e-08,-7.12373376216948e-10
higher_energy_wide_swing,rk45_strict,RK45,1e-08,1e-10,0.3606010016694491,2.4260351600679444,-2.367952677700631,2.426035162511835,-2.3679526767897547,2.4438904233647918e-09,9.108762633047718e-10,2.4438904233647918e-09,-0.04270552431118135,1.4700996252026268,-0.04270552680726836,1.4700996261694432,2.4960870037560312e-09,9.668164047127448e-10,2.6767861869677672e-09,2.4960870037560312e-09,21.98012543938769,2.2525306064835604e-08,-2.2525306064835604e-08,-1.0248033435417506e-09,21.980125453959328,7.95366972283773e-09,-7.95366972283773e-09,-3.6185733955976695e-10
higher_energy_wide_swing,rk45_strict,RK45,1e-08,1e-10,0.3639398998330551,2.4250934537441826,-2.3664909870039685,2.425093456460777,-2.3664909863483254,2.716594504903469e-09,6.556430953708059e-10,2.716594504903469e-09,-0.043039989316733696,1.4684593840956284,-0.043039991833701996,1.4684593854209367,2.516968300447786e-09,1.3253083075426275e-09,2.8445687784795293e-09,2.516968300447786e-09,21.980125440682695,2.1230302849062355e-08,-2.1230302849062355e-08,-9.6588633608348e-10,21.980125464084153,2.171155699670635e-09,2.171155699670635e-09,9.877813042663463e-11
higher_energy_wide_swing,rk45_strict,RK45,1e-08,1e-10,0.36727879799666113,2.4240778276581514,-2.3649478727923006,2.4240778302289177,-2.3649478720002537,2.570766266529745e-09,7.92046872533092e-10,2.570766266529745e-09,-0.043375924759205375,1.4667112801808297,-0.043375927261071534,1.466711281316007,2.501866158688415e-09,1.1351772855050513e-09,2.7473554093922654e-09,2.501866158688415e-09,21.98012544251358,1.9399418960119874e-08,-1.9399418960119874e-08,-8.825890913923602e-10,21.980125468798235,6.885237269216304e-09,6.885237269216304e-09,3.1324831521762664e-10
higher_energy_wide_swing,rk45_strict,RK45,1e-08,1e-10,0.37061769616026713,2.422988435815361,-2.3633235644687387,2.4229884379403135,-2.363323563253594,2.1249526582778344e-09,1.2151448736119619e-09,2.1249526582778344e-09,-0.043713165377934904,1.464855140345335,-0.04371316784278145,1.464855140891175,2.4648465490884064e-09,5.458400398339336e-10,2.524561320237426e-09,2.4648465490884064e-09,21.980125443369783,1.8543214963528953e-08,-1.8543214963528953e-08,-8.436355377343274e-10,21.980125463921954,2.008956556664998e-09,2.008956556664998e-09,9.139877568697701e-11
higher_energy_wide_swing,rk45_strict,RK45,1e-08,1e-10,0.3739565943238731,2.421825438719952,-2.361618306974054,2.4218254405371,-2.36161830546596,1.8171477655926083e-09,1.5080940940492837e-09,1.8171477655926083e-09,-0.04405153671796147,1.4628907829919635,-0.04405153915653415,1.4628907831292608,2.4385726771214422e-09,1.3729728465250446e-10,2.442434696358572e-09,2.4385726771214422e-09,21.980125442683086,1.9229911885076945e-08,-1.9229911885076945e-08,-8.748772575660861e-10,21.98012545584031,6.072689018310484e-09,-6.072689018310484e-09,-2.7628090789714535e-10
higher_energy_wide_swing,rk45_strict,RK45,1e-08,1e-10,0.3772954924874791,2.420589003374698,-2.3598323607866774,2.420589005045665,-2.3598323591180237,1.6709669203862632e-09,1.6686536596921542e-09,1.6709669203862632e-09,-0.04439085521443453,1.4608180185544788,-0.04439085765377149,1.460818018481933,2.439336954651594e-09,7.254574718729145e-11,2.44041546949774e-09,2.439336954651594e-09,21.98012544117998,2.0733018857299612e-08,-2.0733018857299612e-08,-9.43262079792294e-10,21.98012544497922,1.6933778823613466e-08,-1.6933778823613466e-08,-7.704132013694005e-10
higher_energy_wide_swing,rk45_strict,RK45,1e-08,1e-10,0.3806343906510852,2.4192793032810034,-2.3579660019227,2.419279304585855,-2.357965999821507,1.3048517821800942e-09,2.1011929973724364e-09,2.1011929973724364e-09,-0.04473092828567793,1.458636650038797,-0.044730930753077436,1.45863664941833,2.467399506933532e-09,6.204670111031874e-10,2.5442169008720853e-09,2.467399506933532e-09,21.980125440357806,2.1555191409561303e-08,-2.1555191409561303e-08,-9.806673509171721e-10,21.98012542702141,3.489158828529071e-08,-3.489158828529071e-08,-1.5874153378128164e-09
higher_energy_wide_swing,rk45_strict,RK45,1e-08,1e-10,0.38397328881469117,2.417896517375727,-2.3560195209187724,2.4178965190228685,-2.3560195189759043,1.6471415342778073e-09,1.9428680886335314e-09,1.9428680886335314e-09,-0.04507155435740229,1.4563464721664365,-0.045071556965284754,1.4563464718830506,2.607882465532896e-09,2.833859813478057e-10,2.6232343716218713e-09,2.607882465532896e-09,21.980125437490244,2.442275359726409e-08,-2.442275359726409e-08,-1.1111289441720276e-09,21.980125423820407,3.809259041531732e-08,-3.809259041531732e-08,-1.7330469965389361e-09
higher_energy_wide_swing,rk45_strict,RK45,1e-08,1e-10,0.38731218697829717,2.4164408306186242,-2.353993223262426,2.4164408333078256,-2.353993222131699,2.6892013060830777e-09,1.1307270675331438e-09,2.6892013060830777e-09,-0.045412523107313474,1.4539472726479044,-0.04541252591769118,1.4539472736302117,2.810377708328815e-09,9.823073465753396e-10,2.9771043963232808e-09,2.810377708328815e-09,21.980125435163366,2.674963184290391e-08,-2.674963184290391e-08,-1.2169917723743423e-09,21.980125439115806,2.2797191689960528e-08,-2.2797191689960528e-08,-1.0371729556077073e-09
higher_energy_wide_swing,rk45_strict,RK45,1e-08,1e-10,0.39065108514190316,2.414912433994821,-2.351887429468627,2.414912437452725,-2.3518874289656035,3.4579037411219815e-09,5.030234007108447e-10,3.4579037411219815e-09,-0.045753615530792824,1.451438832847066,-0.04575361846933135,1.4514388347872502,2.9385385236224693e-09,1.9401842354938026e-09,3.5212673176673187e-09,2.9385385236224693e-09,21.980125437436424,2.447657365678424e-08,-2.447657365678424e-08,-1.1135775225303909e-09,21.980125463794955,1.8819577007889166e-09,1.8819577007889166e-09,8.562088073837246e-11
higher_energy_wide_swing,rk45_strict,RK45,1e-08,1e-10,0.3939899833055092,2.41331152306541,-2.349702473767576,2.4133115265304403,-2.349702473280562,3.4650304847616553e-09,4.8701398469575e-10,3.4650304847616553e-09,-0.04609460390829945,1.4488209265148826,-0.046094606836447505,1.4488209284745652,2.928148057357305e-09,1.9596826383860844e-09,3.523408447653664e-09,2.928148057357305e-09,21.98012544314016,1.8772837506730866e-08,-1.8772837506730866e-08,-8.54082363599803e-10,21.980125483001338,2.1088339963171165e-08,2.1088339963171165e-08,9.59427642927375e-10
higher_energy_wide_swing,rk45_strict,RK45,1e-08,1e-10,0.3973288814691152,2.411638297966941,-2.3474387041042375,2.411638300674723,-2.3474387030057473,2.7077819986232043e-09,1.0984901877009179e-09,2.7077819986232043e-09,-0.04643525193929099,1.4460933204245028,-0.046435254727062336,1.4460933214466274,2.7877713471013976e-09,1.0221246071751011e-09,2.9692436404432014e-09,2.7877713471013976e-09,21.98012544884916,1.306383623500551e-08,-1.306383623500551e-08,-5.943476645591687e-10,21.980125484307116,2.2394118559532217e-08,2.2394118559532217e-08,1.0188348832829267e-09
higher_energy_wide_swing,rk45_strict,RK45,1e-08,1e-10,0.4006677796327212,2.409892963411422,-2.3450964821383384,2.4098929650802003,-2.3450964801965632,1.668778448760122e-09,1.9417751850880904e-09,1.9417751850880904e-09,-0.046775314885415864,1.443255775027298,-0.04677531748477359,1.4432557747540722,2.599357729060614e-09,2.73225886360251e-10,2.613678057566482e-09,2.599357729060614e-09,21.98012545123506,1.067793675701978e-08,-1.067793675701978e-08,-4.857996272824934e-10,21.980125466950277,5.037279038333509e-09,5.037279038333509e-09,2.2917426231538439e-10
higher_energy_wide_swing,rk45_strict,RK45,1e-08,1e-10,0.4040066777963272,2.4080757286863173,-2.342676183244369,2.4080757300011566,-2.3426761810336196,1.3148393485096221e-09,2.210749361353237e-09,2.210749361353237e-09,-0.04711453972305213,1.4403080451286825,-0.0471145422417083,1.4403080444247247,2.5186561725121237e-09,7.039577809564435e-10,2.6151836403401083e-09,2.5186561725121237e-09,21.98012544883088,1.3082118499596618e-08,-1.3082118499596618e-08,-5.951794279912195e-10,21.980125452096903,9.816094603820602e-09,-9.816094603820602e-09,-4.465895620491275e-10
higher_energy_wide_swing,rk45_strict,RK45,1e-08,1e-10,0.40734557595993326,2.4061868076545503,-2.3401781965115824,2.4061868086258915,-2.3401781940223074,9.71341229671907e-10,2.4892750083438386e-09,2.4892750083438386e-09,-0.0474526653053261,1.4372498805832308,-0.047452667757399536,1.4372498794467443,2.452073433190094e-09,1.1364864604956892e-09,2.7026404860148667e-09,2.452073433190094e-09,21.980125443239988,1.867300980507025e-08,-1.867300980507025e-08,-8.495406378560808e-10,21.980125423587637,3.832536066283865e-08,-3.832536066283865e-08,-1.743637029244831e-09
higher_energy_wide_swing,rk45_strict,RK45,1e-08,1e-10,0.41068447412353926,2.40422641875072,-2.3376029247410686,2.4042264188595883,-2.3376029214419236,1.0886846979474285e-10,3.299144957225053e-09,3.299144957225053e-09,-0.04778942253295759,1.4340810270039097,-0.04778942490262239,1.4340810247012932,2.36966479771894e-09,2.302616541882685e-09,3.304141975233528e-09,2.36966479771894e-09,21.980125439789795,2.2123202825241606e-08,-2.2123202825241606e-08,-1.0065093970267153e-09,21.980125384533277,7.737972040899876e-08,-7.737972040899876e-08,-3.5204403424849318e-09
higher_energy_wide_swing,rk45_strict,RK45,1e-08,1e-10,0.41402337228714525,2.402194782661358,-2.334950782573926,2.4021947832621158,-2.3349507793481816,6.007576658362268e-10,3.225744560353405e-09,3.225744560353405e-09,-0.0481245341167712,1.430801223579603,-0.04812453679263473,1.4308012216555361,2.675863530754441e-09,1.9240669058007143e-09,3.2957971862994175e-09,2.675863530754441e-09,21.9801254301975,3.171549778357985e-08,-3.171549778357985e-08,-1.4429170497018424e-09,21.980125372697554,8.921544392137548e-08,-8.921544392137548e-08,-4.058914225761238e-09
higher_energy_wide_swing,rk45_strict,RK45,1e-08,1e-10,0.41736227045075125,2.400092124193223,-2.332222197708338,2.400092126704583,-2.3322221956238223,2.511360008838892e-09,2.084515671185727e-09,2.511360008838892e-09,-0.04845771530493104,1.4274102059320233,-0.0484577185951689,1.427410206119301,3.2902378599430904e-09,1.872777488642896e-10,3.2955634010321456e-09,3.2902378599430904e-09,21.980125419561702,4.2351295803655375e-08,-4.2351295803655375e-08,-1.9267995479389503e-09,21.980125396998563,6.491443471645653e-08,-6.491443471645653e-08,-2.953324121326777e-09
higher_energy_wide_swing,rk45_strict,RK45,1e-08,1e-10,0.4207011686143573,2.3979186721155124,-2.3294176109501965,2.3979186763693403,-2.3294176099786155,4.2538279565462744e-09,9.71581037845226e-10,4.2538279565462744e-09,-0.048788673929859305,1.423907706800525,-0.04878867772898965,1.4239077089751924,3.7991303436513135e-09,2.1746673350975243e-09,4.377507211460915e-09,3.7991303436513135e-09,21.98012542037308,4.153991639554988e-08,-4.153991639554988e-08,-1.8898853178763674e-09,21.980125445725214,1.6187783558052615e-08,-1.6187783558052615e-08,-7.364736650890683e-10
higher_energy_wide_swing,rk45_strict,RK45,1e-08,1e-10,0.4240400667779633,2.3956746568628198,-2.3265374744933647,2.3956746617499767,-2.3265374739493594,4.887156901389744e-09,5.440052852634381e-10,4.887156901389744e-09,-0.049117110110027284,1.420293454001535,-0.049117114072568135,1.420293456922279,3.962540850999119e-09,2.9207438689837772e-09,4.9226491591462364e-09,3.962540850999119e-09,21.980125433765508,2.8147489672392112e-08,-2.8147489672392112e-08,-1.2805882168946614e-09,21.98012549574653,3.383353330832506e-08,3.383353330832506e-08,1.5392784434716518e-09
higher_energy_wide_swing,rk45_strict,RK45,1e-08,1e-10,0.4273789649415693,2.393360310535138,-2.3235822519196736,2.3933603146513227,-2.3235822508998805,4.116184726399297e-09,1.0197931388233883e-09,4.116184726399297e-09,-0.04944271646906284,1.416567171176654,-0.04944272018299101,1.416567173232845,3.7139281650055977e-09,2.0561909952476753e-09,4.245136490592437e-09,3.7139281650055977e-09,21.98012545375735,8.155648600904897e-09,-8.155648600904897e-09,-3.7104649903099715e-10,21.980125522709233,6.079623560140135e-08,6.079623560140135e-08,2.7659639935517485e-09
higher_energy_wide_swing,rk45_strict,RK45,1e-08,1e-10,0.4307178631051753,2.390975866897858,-2.320552418198924,2.3909758691894485,-2.3205524160210325,2.2915904729359227e-09,2.1778916448056407e-09,2.2915904729359227e-09,-0.04976517836530214,1.4127285785525072,-0.04976518152521614,1.4127285785216768,3.159913997130559e-09,3.083044930463075e-11,3.160064395841634e-09,3.159913997130559e-09,21.980125471276576,9.363578357124425e-09,9.363578357124425e-09,4.260020432253476e-10,21.98012551221647,5.030347338674801e-08,5.030347338674801e-08,2.2885890016375706e-09
higher_energy_wide_swing,rk45_strict,RK45,1e-08,1e-10,0.4340567612687813,2.3885215613817667,-2.317448459688887,2.3885215617916655,-2.3174484563306983,4.098987815837063e-10,3.358188838120668e-09,3.358188838120668e-09,-0.050084174131899695,1.4087773937118246,-0.05008417671179122,1.4087773915273483,2.5798915226360464e-09,2.1844763775646925e-09,3.380499565553514e-09,2.5798915226360464e-09,21.980125478011015,1.6098017141530363e-08,1.6098017141530363e-08,7.323896840090786e-10,21.98012547197932,1.0066322886359558e-08,1.0066322886359558e-08,4.5797385933043964e-10
higher_energy_wide_swing,rk45_strict,RK45,1e-08,1e-10,0.43739565943238734,2.3859976310830495,-2.314270874135302,2.3859976311846474,-2.314270870666265,1.0159784125107763e-10,3.4690370576129226e-09,3.4690370576129226e-09,-0.05039937532761629,1.4047133323752314,-0.05039937774958225,1.4047133298912673,2.421965961119099e-09,2.4839641454832417e-09,3.469293442888026e-09,2.4839641454832417e-09,21.98012547012536,8.212360569359589e-09,8.212360569359589e-09,3.7362664665358293e-10,21.980125444562177,1.735082122422682e-08,-1.735082122422682e-08,-7.89386814660917e-10
higher_energy_wide_swing,rk45_strict,RK45,1e-08,1e-10,0.44073455759599334,2.3834043147632906,-2.311020170671878,2.383404314408633,-2.3110201670814914,3.546576365920373e-10,3.5903866546505014e-09,3.5903866546505014e-09,-0.05071044699837457,1.4005361091932045,-0.05071044916241163,1.4005361062984933,2.164037060659041e-09,2.8947111374577617e-09,3.614195480217946e-09,2.8947111374577617e-09,21.98012545188706,1.0025939189972632e-08,-1.0025939189972632e-08,-4.561365769884029e-10,21.980125391894166,7.001883162160993e-08,-7.001883162160993e-08,-3.185551954329745e-09
higher_energy_wide_swing,rk45_strict,RK45,1e-08,1e-10,0.44407345575959933,2.38074185284947,-2.307696869820294,2.3807418507685343,-2.3076968651406493,2.0809358680651258e-09,4.679644671767846e-09,4.679644671767846e-09,-0.05101704794968642,1.3962454385476413,-0.05101704958727116,1.396245433647223,1.637584734481834e-09,4.900418293374287e-09,5.1667962232553065e-09,4.900418293374287e-09,21.980125439243608,2.2669389920793037e-08,-2.2669389920793037e-08,-1.0313585316004856e-09,21.980125314445715,1.4746728282943877e-07,-1.4746728282943877e-07,-6.7091192488855e-09
higher_energy_wide_swing,rk45_strict,RK45,1e-08,1e-10,0.44741235392320533,2.3780104835623495,-2.304301501283638,2.3780104817754975,-2.304301496089028,1.786851999696637e-09,5.194610075420769e-09,5.194610075420769e-09,-0.051318829710573555,1.3918410310461118,-0.051318831897491424,1.3918410259517553,2.1869178690181457e-09,5.094356492207908e-09,5.543922603674381e-09,5.094356492207908e-09,21.98012541045466,5.1458336258747295e-08,-5.1458336258747295e-08,-2.3411302336701364e-09,21.980125274742267,1.871707304701431e-07,-1.871707304701431e-07,-8.515453234990454e-09
higher_energy_wide_swing,rk45_strict,RK45,1e-08,1e-10,0.4507512520868114,2.375210445664685,-2.3008346047771524,2.375210447410443,-2.3008346005473403,1.7457577605739516e-09,4.229812056166793e-09,4.229812056166793e-09,-0.05161543826294379,1.3873225968013148,-0.051615442341484186,1.3873225948602164,4.078540394303332e-09,1.941098393132279e-09,4.516896580594323e-09,4.078540394303332e-09,21.980125362739994,9.917300403117224e-08,-9.917300403117224e-08,-4.5119398523460885e-09,21.98012529519836,1.6671463853867863e-07,-1.6671463853867863e-07,-7.584790124494992e-09
higher_energy_wide_swing,rk45_strict,RK45,1e-08,1e-10,0.4540901502504174,2.3723419804352535,-2.297296731461336,2.3723419861240678,-2.2972967285117223,5.6888143085132015e-09,2.949613886471525e-09,5.6888143085132015e-09,-0.051906514807147586,1.382689848672135,-0.051906520853478244,1.3826898504244105,6.046330658371346e-09,1.752275435862316e-09,6.2951237981065745e-09,6.046330658371346e-09,21.980125337958313,1.2395468473869187e-07,-1.2395468473869187e-07,-5.6393984171509685e-09,21.98012536777944,9.413355783749466e-08,-9.413355783749466e-08,-4.282666993899039e-09
higher_energy_wide_swing,rk45_strict,RK45,1e-08,1e-10,0.4574290484140234,2.3694053267109982,-2.293688441500801,2.3694053348368436,-2.293688439353732,8.12584532994265e-09,2.1470691891067872e-09,8.12584532994265e-09,-0.05219169413450886,1.3779424978144434,-0.052191701376159916,1.3779425018737994,7.241651056588694e-09,4.059355962482414e-09,8.301799856388594e-09,7.241651056588694e-09,21.980125352623183,1.0928981453162123e-07,-1.0928981453162123e-07,-4.9722106782783305e-09,21.980125464510984,2.5979858264690847e-09,2.5979858264690847e-09,1.1819704264067354e-10
higher_energy_wide_swing,rk45_strict,RK45,1e-08,1e-10,0.4607679465776294,2.366400720884368,-2.2900103040628723,2.3664007289390168,-2.290010301820351,8.054648947819487e-09,2.24252127978275e-09,8.054648947819487e-09,-0.05247060496462308,1.3730802544431802,-0.05247061219531035,1.3730802583931498,7.230687271153613e-09,3.949969684668986e-09,8.239241404584944e-09,7.230687271153613e-09,21.980125403814892,5.8098105881754236e-08,-5.8098105881754236e-08,-2.64321083983011e-09,21.980125548821466,8.69084679777643e-08,8.69084679777643e-08,3.95395686564022e-09
higher_energy_wide_swing,rk45_strict,RK45,1e-08,1e-10,0.4641068447412354,2.3633283969033134,-2.2862628973175867,2.363328402290609,-2.2862628940339844,5.387295498593403e-09,3.2836022789695107e-09,5.387295498593403e-09,-0.05274287029609803,1.3681028285996726,-0.05274287628651331,1.368102829903372,5.990415274936822e-09,1.3036993706805333e-09,6.1306367707856596e-09,5.990415274936822e-09,21.980125475345062,1.3432064349672146e-08,1.3432064349672146e-08,6.111004403931693e-10,21.980125587704087,1.257910895446912e-07,1.257910895446912e-07,5.722946839528332e-09
higher_energy_wide_swing,rk45_strict,RK45,1e-08,1e-10,0.4674457429048414,2.36018858627129,-2.2824468084376943,2.360188587221418,-2.2824468034924585,9.501279762957893e-10,4.945235776432355e-09,4.945235776432355e-09,-0.05300810776982523,1.363009930920867,-0.0530081116740021,1.3630099278450674,3.904176870683784e-09,3.075799615004371e-09,4.9702253781134775e-09,3.904176870683784e-09,21.980125544177188,8.22641901265797e-08,8.22641901265797e-08,3.742662446086875e-09,21.980125564680602,1.027676042042458e-07,1.027676042042458e-07,4.675478508178707e-09
higher_energy_wide_swing,rk45_strict,RK45,1e-08,1e-10,0.4707846410684474,2.3569815180472546,-2.2785626335986566,2.3569815145310162,-2.278562627069025,3.516238411549466e-09,6.529631502161237e-09,6.529631502161237e-09,-0.05326593004484448,1.3578012734100202,-0.05326593180169514,1.3578012659643033,1.7568506649467963e-09,7.44571693189755e-09,7.65017809523869e-09,7.44571693189755e-09,21.98012558714486,1.2523186398993857e-07,1.2523186398993857e-07,5.697504511834541e-09,21.980125493548677,3.163567896535824e-08,3.163567896535824e-08,1.439285641029498e-09
higher_energy_wide_swing,rk45_strict,RK45,1e-08,1e-10,0.4741235392320534,2.3537074188456684,-2.2746109779786488,2.3537074134887503,-2.2746109710123563,5.356918020282819e-09,6.966292431798138e-09,6.966292431798138e-09,-0.05351594518686442,1.3524765702083976,-0.0535159459164849,1.352476561100119,7.296204751483515e-10,9.108278575808981e-09,9.13745504242273e-09,9.108278575808981e-09,21.980125588009617,1.2609661936835437e-07,1.2609661936835437e-07,5.736847116130146e-09,21.980125432893146,2.9019851410794217e-08,-2.9019851410794217e-08,-1.3202768774491122e-09
higher_energy_wide_swing,rk45_strict,RK45,1e-08,1e-10,0.47746243739565947,2.350366512836496,-2.270592455758557,2.3503665080981038,-2.270592449627051,4.7383923451604915e-09,6.131505969619866e-09,6.131505969619866e-09,-0.053757757069481604,1.347035538367507,-0.053757757687584284,1.347035530307048,6.181026801499456e-10,8.060458966951956e-09,8.084123309371569e-09,8.060458966951956e-09,21.98012554489977,8.298677300899726e-08,8.298677300899726e-08,3.775536820879214e-09,21.980125387436953,7.447604488675097e-08,-7.447604488675097e-08,-3.3883357497573215e-09
higher_energy_wide_swing,rk45_strict,RK45,1e-08,1e-10,0.48080133555926546,2.3469590217452048,-2.2665076901219807,2.3469590168588663,-2.266507684624254,4.8863384449759906e-09,5.497726718317608e-09,5.497726718317608e-09,-0.05399096578813478,1.34147789862141,-0.053990965888695674,1.3414778909144411,1.0056089294607773e-10,7.706968840892614e-09,7.707624874608245e-09,7.706968840892614e-09,21.98012547817162,1.625862111609422e-08,1.625862111609422e-08,7.396964655305102e-10,21.98012528958295,1.7233004712124966e-07,-1.7233004712124966e-07,-7.840266763711696e-09
higher_energy_wide_swing,rk45_strict,RK45,1e-08,1e-10,0.48414023372287146,2.343485164852641,-2.2623573132551975,2.3434851593404225,-2.2623573076419956,5.512218681502645e-09,5.61320190328729e-09,5.61320190328729e-09,-0.054215168086765075,1.3358033761585233,-0.054215167818653764,1.3358033678879977,2.6811131093040785e-10,8.270525597708911e-09,8.274870230849977e-09,8.270525597708911e-09,21.980125438731626,2.3181371489044977e-08,-2.3181371489044977e-08,-1.0546514636239676e-09,21.980125219849697,2.420633009592166e-07,-2.420633009592166e-07,-1.101282617238296e-08
higher_energy_wide_swing,rk45_strict,RK45,1e-08,1e-10,0.48747913188647746,2.3399451534802793,-2.2581419644872907,2.3399451489176313,-2.2581419581393103,4.562648037165218e-09,6.347980363585748e-09,6.347980363585748e-09,-0.054429955141741426,1.33001169599274,-0.05442995599602651,1.3300116878079011,8.542850871151586e-10,8.184838806712946e-09,8.229300656917425e-09,8.184838806712946e-09,21.980125411543057,5.036994110696469e-08,-5.036994110696469e-08,-2.291612993485654e-09,21.98012521612738,2.4578561763632933e-07,-2.4578561763632933e-07,-1.1182175373030736e-08
higher_energy_wide_swing,rk45_strict,RK45,1e-08,1e-10,0.4908180300500835,2.3363391932712645,-2.253862290055482,2.3363391926322983,-2.2538622833517934,6.389662132733065e-10,6.7036887152482905e-09,6.7036887152482905e-09,-0.05463491478361493,1.3241025851015487,-0.054634918572051494,1.3241025794411927,3.7884365644558216e-09,5.660355961722985e-09,6.811158581057907e-09,5.660355961722985e-09,21.980125373994202,8.791879579916895e-08,-8.791879579916895e-08,-3.999922382222704e-09,21.980125279924312,1.8198868545482583e-07,-1.8198868545482583e-07,-8.27969275107981e-09
higher_energy_wide_swing,rk45_strict,RK45,1e-08,1e-10,0.4941569282136895,2.332667487583148,-2.249518945047184,2.332667491193173,-2.249518938291601,3.610025167688491e-09,6.755583203954529e-09,6.755583203954529e-09,-0.05482963309440614,1.3180757770881952,-0.05482963982747191,1.3180757744418343,6.7330657715913844e-09,2.646360908187262e-09,7.2344592569837035e-09,6.7330657715913844e-09,21.980125364381248,9.753174978754942e-08,-9.753174978754942e-08,-4.437269930808709e-09,21.98012538727069,7.464230833420515e-08,-7.464230833420515e-08,-3.395900012652103e-09
higher_energy_wide_swing,rk45_strict,RK45,1e-08,1e-10,0.4974958263772955,2.32893023254282,-2.2451125923217377,2.32893023897595,-2.2451125857474517,6.433130028682399e-09,6.5742860044792906e-09,6.5742860044792906e-09,-0.05501369215638874,1.3119310085102116,-0.05501370068434419,1.3119310080460393,8.5279554529194e-09,4.64172256187112e-10,8.540578440035052e-09,8.5279554529194e-09,21.98012539200903,6.990396883566063e-08,-6.990396883566063e-08,-3.1803261977184675e-09,21.980125500243997,3.8330998819446904e-08,3.8330998819446904e-08,1.7438935408201642e-09
higher_energy_wide_swing,rk45_strict,RK45,1e-08,1e-10,0.5008347245409015,2.325127617046513,-2.2406439025104095,2.3251276240232674,-2.2406438962846242,6.976754285403786e-09,6.2257852206926145e-09,6.976754285403786e-09,-0.055186670589763565,1.3056680195588588,-0.05518667923283693,1.3056680197625319,8.643073368119758e-09,2.0367307840274407e-10,8.645472801967921e-09,8.643073368119758e-09,21.98012544557616,1.633683766044669e-08,-1.633683766044669e-08,-7.432549777186233e-10,21.98012557909717,1.1718417169959139e-07,1.1718417169959139e-07,5.331369554857513e-09
higher_energy_wide_swing,rk45_strict,RK45,1e-08,1e-10,0.5041736227045075,2.3212598227597994,-2.2361135540163946,2.3212598280447096,-2.2361135482449597,5.284910287173261e-09,5.771434885559756e-09,5.771434885559756e-09,-0.055348144106067476,1.2992865547326673,-0.05534815127301618,1.2992865540573981,7.166948701176068e-09,6.752691739109196e-10,7.198690307446464e-09,7.166948701176068e-09,21.98012550212814,4.021514143914828e-08,4.021514143914828e-08,1.8296138258552159e-09,21.980125594970126,1.3305712798228342e-07,1.3305712798228342e-07,6.0535199497766215e-09
higher_energy_wide_swing,rk45_strict,RK45,1e-08,1e-10,0.5075125208681135,2.3173270241175925,-2.231522233014814,2.3173270264168044,-2.23152222774686,2.2992119319553694e-09,5.267954072962766e-09,5.267954072962766e-09,-0.055497686077333075,1.2927863635047545,-0.055497690871610716,1.2927863610331922,4.794277641551048e-09,2.471562288164364e-09,5.3938593093028065e-09,4.794277641551048e-09,21.980125536610142,7.469714446983744e-08,7.469714446983744e-08,3.398394818049247e-09,21.98012554316438,8.125138251102726e-08,8.125138251102726e-08,3.696584109668485e-09
higher_energy_wide_swing,rk45_strict,RK45,1e-08,1e-10,0.5108514190317196,2.3133293883241457,-2.2268706334527177,2.3133293881830257,-2.226870628685288,1.411200045708938e-10,4.767429562235748e-09,4.767429562235748e-09,-0.05563486812097207,1.286167200983615,-0.055634870933736646,1.2861671971019657,2.8127645768094567e-09,3.881649224268813e-09,4.793625482327625e-09,3.881649224268813e-09,21.980125532050213,7.013721514681492e-08,7.013721514681492e-08,3.190937889246728e-09,21.98012545696011,4.9528878776072816e-09,-4.9528878776072816e-09,-2.2533483196852584e-10
higher_energy_wide_swing,rk45_strict,RK45,1e-08,1e-10,0.5141903171953256,2.309267075353054,-2.222159457049081,2.309267075812132,-2.222159452751772,4.590776647717121e-10,4.297308731082694e-09,4.297308731082694e-09,-0.05575926070037385,1.279428828567069,-0.055759263614739374,1.2794288254890867,2.9143655266850033e-09,3.077982313470784e-09,4.238808977197359e-09,3.077982313470784e-09,21.980125490402695,2.8489697712075213e-08,2.8489697712075213e-08,1.2961571926166644e-09,21.980125415782346,4.6130651298881276e-08,-4.6130651298881276e-08,-2.0987437664455617e-09
higher_energy_wide_swing,rk45_strict,RK45,1e-08,1e-10,0.5175292153589316,2.3051402379472528,-2.217389413294807,2.305140237281609,-2.2173894097372426,6.656435402874195e-10,3.557564465239693e-09,3.557564465239693e-09,-0.05587043374116807,1.2725710145890665,-0.05587043543844861,1.2725710112555408,1.697280538337509e-09,3.33352567771783e-09,3.740742529207722e-09,3.33352567771783e-09,21.9801254440807,1.783229919283258e-08,-1.783229919283258e-08,-8.112919657229554e-10,21.98012534506564,1.1684735667927271e-07,-1.1684735667927271e-07,-5.316045938033655e-09
higher_energy_wide_swing,rk45_strict,RK45,1e-08,1e-10,0.5208681135225376,2.30094901958618,-2.2125612196881908,2.300949015752329,-2.2125612161320647,3.833851014434231e-09,3.556126060288989e-09,3.833851014434231e-09,-0.05596795576629199,1.2655935336330504,-0.05596795533790999,1.265593527927952,4.2838199654227083e-10,5.7050983937045885e-09,5.721158870090239e-09,5.7050983937045885e-09,21.98012542244105,3.9471949264680006e-08,-3.9471949264680006e-08,-1.795801818014038e-09,21.980125254794864,2.0711813419893588e-07,-2.0711813419893588e-07,-9.422973247255967e-09
higher_energy_wide_swing,rk45_strict,RK45,1e-08,1e-10,0.5242070116861436,2.2966935506686204,-2.2076756012113536,2.2966935467698706,-2.2076755961836594,3.898749767472509e-09,5.027694260917315e-09,5.027694260917315e-09,-0.05605139235783907,1.2584961638624326,-0.05605139275973914,1.2584961569044988,4.019000687804919e-10,6.95793378469034e-09,6.969531276737411e-09,6.95793378469034e-09,21.980125374245652,8.766734538312448e-08,-8.766734538312448e-08,-3.988482483188452e-09,21.980125207616336,2.5429666195009304e-07,-2.5429666195009304e-07,-1.156939082948987e-08
higher_energy_wide_swing,rk45_strict,RK45,1e-08,1e-10,0.5275459098497496,2.292373956045836,-2.2027332894490286,2.2923739539978802,-2.2027332824105157,2.047955582895611e-09,7.038512883639214e-09,7.038512883639214e-09,-0.05612031240698556,1.251278692500302,-0.05612031521187899,1.2512786852835003,2.8048934286317717e-09,7.216801822806929e-09,7.74271629957156e-09,7.216801822806929e-09,21.98012534774233,1.1417066758667715e-07,-1.1417066758667715e-07,-5.194268239483494e-09,21.980125225463162,2.3644983571102784e-07,-2.3644983571102784e-07,-1.0757437946418751e-08
higher_energy_wide_swing,rk45_strict,RK45,1e-08,1e-10,0.5308848080133556,2.2879903488082247,-2.1977350244229883,2.2879903492180684,-2.1977350156021895,4.098437145216849e-10,8.820798758080173e-09,8.820798758080173e-09,-0.05617428358561083,1.24394091325245,-0.05617428902987365,1.2439409064180065,5.444262818343759e-09,6.834443455616679e-09,8.73782667390593e-09,6.834443455616679e-09,21.980125364777763,9.713523496657217e-08,-9.713523496657217e-08,-4.4192302330069685e-09,21.980125299848527,1.6206447028821458e-07,-1.6206447028821458e-07,-7.37322771742312e-09
higher_energy_wide_swing,rk45_strict,RK45,1e-08,1e-10,0.5342237061769616,2.28354282978196,-2.192681554690631,2.283542832330211,-2.1926815448193038,2.5482509435903467e-09,9.871327311117284e-09,9.871327311117284e-09,-0.056212872746081555,1.236482626555337,-0.056212880163143075,1.2364826204600305,7.417061520520463e-09,6.095306481768148e-09,9.600289719892317e-09,7.417061520520463e-09,21.980125419362924,4.255007368669794e-08,-4.255007368669794e-08,-1.9358430760747206e-09,21.980125402600393,5.9312604605565866e-08,-5.9312604605565866e-08,-2.698465243446509e-09
higher_energy_wide_swing,rk45_strict,RK45,1e-08,1e-10,0.5375626043405676,2.279031487528991,-2.187573637344978,2.2790314913521503,-2.1875736273935495,3.823159122617881e-09,9.95142857007636e-09,9.95142857007636e-09,-0.056235646738254985,1.228903640108372,-0.05623565498119698,1.2289036348942584,8.242941995639796e-09,5.214113585338964e-09,9.753618468255693e-09,8.242941995639796e-09,21.98012548804443,2.6131431241083192e-08,2.6131431241083192e-08,1.1888663368352263e-09,21.980125497023383,3.5110385709913317e-08,3.5110385709913317e-08,1.5973696679189724e-09
higher_energy_wide_swing,rk45_strict,RK45,1e-08,1e-10,0.5409015025041737,2.2744563983470396,-2.1824120380146765,2.274456402419791,-2.182412028927684,4.072751469408331e-09,9.086992491802448e-09,9.086992491802448e-09,-0.056242173246924154,1.2212037693953897,-0.05624218109971579,1.221203765061063,7.852791639173518e-09,4.334326675348166e-09,8.969544261382971e-09,7.852791639173518e-09,21.980125540939056,7.902605858589595e-08,7.902605858589595e-08,3.5953415608492196e-09,21.980125549473946,8.756094871387177e-08,8.756094871387177e-08,3.983641898022681e-09
higher_energy_wide_swing,rk45_strict,RK45,1e-08,1e-10,0.5442404006677797,2.2698176262696044,-2.1771975308639973,2.269817629787106,-2.177197523295533,3.5175018453514895e-09,7.568464077678527e-09,7.568464077678527e-09,-0.05623202164963559,1.213382838195181,-0.056232028226412156,1.2133828346686915,6.576776567790432e-09,3.52648954482504e-09,7.462581224509225e-09,6.576776567790432e-09,21.980125553448147,9.15351492380978e-08,9.15351492380978e-08,4.16445071693104e-09,21.980125541335145,7.942214708123174e-08,7.942214708123174e-08,3.613361862690632e-09
higher_energy_wide_swing,rk45_strict,RK45,1e-08,1e-10,0.5475792988313857,2.265115223065958,-2.1719308985928345,2.2651152258261322,-2.1719308926419894,2.760174311333685e-09,5.950845149982342e-09,5.950845149982342e-09,-0.056204763894764365,1.205440679080929,-0.05620476902656568,1.2054406762944656,5.131801317226348e-09,2.7864632823337843e-09,5.839500182659509e-09,5.131801317226348e-09,21.980125518667304,5.675430614360266e-08,5.675430614360266e-08,2.582073803079337e-09,21.980125481377414,1.946441585687353e-08,1.946441585687353e-08,8.855461671773134e-10
higher_energy_wide_swing,rk45_strict,RK45,1e-08,1e-10,0.5509181969949917,2.260349228241148,-2.166612932436709,2.260349231026971,-2.1666129273830124,2.7858231277377854e-09,5.053696572332456e-09,5.053696572332456e-09,-0.05615997539974027,1.197377133908431,-0.056159980008117394,1.197377131874882,4.608377124348806e-09,2.033548884838865e-09,5.037108375571322e-09,4.608377124348806e-09,21.98012546050581,1.4071872556087328e-09,-1.4071872556087328e-09,-6.402089278548917e-11,21.98012541849224,4.3420758544243654e-08,-4.3420758544243654e-08,-1.9754554458518823e-09
higher_energy_wide_swing,rk45_strict,RK45,1e-08,1e-10,0.5542570951585977,2.2555196685312158,-2.161244432418103,2.255519670522345,-2.1612444280296645,1.991129039424777e-09,4.388438501479186e-09,4.388438501479186e-09,-0.0560972355101127,1.1891920541107668,-0.05609723921260956,1.189192052007646,3.7024968646548473e-09,2.1031207886323955e-09,4.258121661525974e-09,3.7024968646548473e-09,21.98012543668824,2.522475739397123e-08,-2.522475739397123e-08,-1.147616624740405e-09,21.980125383500955,7.841204308078886e-08,-7.841204308078886e-08,-3.5674065289873202e-09
higher_energy_wide_swing,rk45_strict,RK45,1e-08,1e-10,0.5575959933222037,2.2506265513001367,-2.1558262100187275,2.250626549819271,-2.1558262068097407,1.4808656523257469e-09,3.208986854019713e-09,3.208986854019713e-09,-0.05601612282614232,1.1808852982525264,-0.056016123667260276,1.1808852944255694,8.411179530654067e-10,3.8269569735405184e-09,3.91830053572966e-09,3.8269569735405184e-09,21.980125404040265,5.787273238411217e-08,-5.787273238411217e-08,-2.6329573270359e-09,21.98012529242787,1.6948512637782187e-07,-1.6948512637782187e-07,-7.710835257583241e-09
higher_energy_wide_swing,rk45_strict,RK45,1e-08,1e-10,0.5609348914858097,2.2456698718878916,-2.1503590839448994,2.245669867334885,-2.1503590811355173,4.553006416330163e-09,2.8093820603203312e-09,4.553006416330163e-09,-0.05591622327530077,1.1724567346113377,-0.05591622196916968,1.1724567287057979,1.3061310921713698e-09,5.905539834927254e-09,6.048254225133844e-09,5.905539834927254e-09,21.98012538077066,8.114233907008384e-08,-8.114233907008384e-08,-3.6916231079156803e-09,21.980125215614073,2.4629892436678347e-07,-2.4629892436678347e-07,-1.1205528594164236e-08
higher_energy_wide_swing,rk45_strict,RK45,1e-08,1e-10,0.5642737896494157,2.2406496098826096,-2.1448438832911743,2.240649603788381,-2.1448438798629144,6.094228677255842e-09,3.42825989818607e-09,6.094228677255842e-09,-0.05579712702888284,1.1639062413369439,-0.05579712510681911,1.1639062336808563,1.922063730397383e-09,7.656087541718648e-09,7.893668692703577e-09,7.656087541718648e-09,21.980125390515983,7.139701452274494e-08,-7.139701452274494e-08,-3.248253275280943e-09,21.980125193879395,2.6803360242411145e-07,-2.6803360242411145e-07,-1.2194361806012352e-08
higher_energy_wide_swing,rk45_strict,RK45,1e-08,1e-10,0.5676126878130218,2.235565727024394,-2.139281448751985,2.2355657214905187,-2.1392814436859835,5.5338751359101934e-09,5.066001396158981e-09,5.5338751359101934e-09,-0.05565842767221363,1.1552337062247189,-0.05565842698580237,1.1552336976000244,6.864112611637552e-10,8.624694514125508e-09,8.651966012499069e-09,8.624694514125508e-09,21.980125429529284,3.238371348857072e-08,-3.238371348857072e-08,-1.4733179546533974e-09,21.980125234174746,2.277382513682369e-07,-2.277382513682369e-07,-1.036109879185449e-08
higher_energy_wide_swing,rk45_strict,RK45,1e-08,1e-10,0.5709515859766278,2.2304181672053196,-2.133672632621646,2.230418164343625,-2.1336726251369096,2.861694436973039e-09,7.484736386231816e-09,7.484736386231816e-09,-0.05549972341565479,1.1464390270903437,-0.055499725655968946,1.1464390184989446,2.240314156409795e-09,8.591399147661605e-09,8.878690603565973e-09,8.591399147661605e-09,21.98012547760485,1.5691853150201496e-08,1.5691853150201496e-08,7.139109909719226e-10,21.980125319389636,1.4252336200115678e-07,-1.4252336200115678e-07,-6.4841923786158654e-09
higher_energy_wide_swing,rk45_strict,RK45,1e-08,1e-10,0.5742904841402338,2.225206856469436,-2.12801829879435,2.225206857841593,-2.128018288586011,1.37215705464655e-09,1.0208339062955929e-08,1.0208339062955929e-08,-0.05532061833272517,1.1375221121312502,-0.05532062456642628,1.1375221045558308,6.233701110858192e-09,7.575419402883199e-09,9.810505016006766e-09,7.575419402883199e-09,21.980125509595243,4.768224570739221e-08,4.768224570739221e-08,2.1693345558930347e-09,21.980125418504336,4.340866155416734e-08,-4.340866155416734e-08,-1.9749050854775852e-09
higher_energy_wide_swing,rk45_strict,RK45,1e-08,1e-10,0.5776293823038398,2.2199317030127648,-2.1223193227641692,2.21993170906988,-2.1223193102417377,6.057115253810252e-09,1.2522431536154954e-08,1.2522431536154954e-08,-0.05512072362513187,1.128482880274877,-0.05512073384821148,1.1284828744343167,1.022307960507618e-08,5.840560257652783e-09,1.1773848170203219e-08,1.022307960507618e-08,21.980125507529184,4.5616186383767854e-08,4.5616186383767854e-08,2.0753378529531714e-09,21.98012549708139,3.516839086614709e-08,3.516839086614709e-08,1.6000086499545521e-09
higher_energy_wide_swing,rk45_strict,RK45,1e-08,1e-10,0.5809682804674458,2.2145925971833007,-2.1165765916250545,2.2145926067055117,-2.116576578150673,9.522211019685756e-09,1.3474381610478758e-08,1.3474381610478758e-08,-0.05489965891450377,1.1193212615137942,-0.0548996716244301,1.1193212576130187,1.2709926333620558e-08,3.90077548040324e-09,1.3295047076057176e-08,1.2709926333620558e-08,21.98012547333829,1.142529271191961e-08,1.142529271191961e-08,5.198010690028714e-10,21.980125528091865,6.61788668310237e-08,6.61788668310237e-08,3.0108502767965522e-09
higher_energy_wide_swing,rk45_strict,RK45,1e-08,1e-10,0.5843071786310517,2.2091894114810127,-2.1107910040708378,2.2091894210170793,-2.1107909921975323,9.536066603033078e-09,1.1873305449938698e-08,1.1873305449938698e-08,-0.05465705356059758,1.1100371972277885,-0.05465706534763404,1.1100371947018988,1.178703645798862e-08,2.5258897196067664e-09,1.2054640074990545e-08,1.178703645798862e-08,21.980125442200453,1.9712544485628314e-08,-1.9712544485628314e-08,-8.968349393540118e-10,21.980125503071733,4.115873508681034e-08,4.115873508681034e-08,1.8725432281144115e-09
higher_energy_wide_swing,rk45_strict,RK45,1e-08,1e-10,0.5876460767946577,2.20372199683421,-2.1049634732847933,2.203722003864739,-2.1049634641051647,7.03052904782453e-09,9.179628612798751e-09,9.179628612798751e-09,-0.05439254433202356,1.1006306399776782,-0.05439255316419833,1.1006306377455548,8.832174769324297e-09,2.2321233750233205e-09,9.109867502725503e-09,8.832174769324297e-09,21.980125426401372,3.5511625640083366e-08,-3.5511625640083366e-08,-1.615624337614344e-09,21.980125443604095,1.8308902838271024e-08,-1.8308902838271024e-08,-8.329753563052476e-10
higher_energy_wide_swing,rk45_strict,RK45,1e-08,1e-10,0.5909849749582637,2.1981901820906726,-2.0990949265210657,2.198190188528275,-2.0990949175898153,6.437602451114799e-09,8.931250405908031e-09,8.931250405908031e-09,-0.05410577684519724,1.0911015530104833,-0.054105785126234984,1.091101550508493,8.281037744417574e-09,2.5019903926448706e-09,8.650753842836804e-09,8.281037744417574e-09,21.980125406089932,5.5823065281401796e-08,-5.5823065281401796e-08,-2.539706398770635e-09,21.980125410498854,5.1414144053296695e-08,-5.1414144053296695e-08,-2.339119680749173e-09
higher_energy_wide_swing,rk45_strict,RK45,1e-08,1e-10,0.5943238731218699,2.1925937771986868,-2.0931863032901297,2.1925937788726952,-2.0931862980333875,1.6740084873845262e-09,5.2567421526816815e-09,5.2567421526816815e-09,-0.05379640988204615,1.0814499115229115,-0.0537964134800174,1.0814499083279543,3.5979712542655307e-09,3.19495718770213e-09,4.81177187507581e-09,3.5979712542655307e-09,21.98012540805785,5.385514612044062e-08,-5.385514612044062e-08,-2.450174645898197e-09,21.980125342908472,1.190045253451899e-07,-1.190045253451899e-07,-5.41418771932854e-09
higher_energy_wide_swing,rk45_strict,RK45,1e-08,1e-10,0.5976627712854758,2.18693256829512,-2.087238559820883,2.186932561895033,-2.08723856094715,6.400087126934295e-09,1.1262670795986196e-09,6.400087126934295e-09,-0.0534641118191338,1.0716757027950652,-0.05346410756447284,1.071675698551224,4.254660956881651e-09,4.243841278395166e-09,6.009353430629938e-09,5.223222188099896e-09,21.98012543293237,2.898062945178026e-08,-2.898062945178026e-08,-1.3184924490989683e-09,21.980125245734577,2.1617842094201478e-07,-2.1617842094201478e-07,-9.83517684267122e-09
higher_energy_wide_swing,rk45_strict,RK45,1e-08,1e-10,0.6010016694490818,2.1812063176789374,-2.0812526690828768,2.1812063054422812,-2.0812526743430437,1.223665613281355e-08,5.260166968668045e-09,1.223665613281355e-08,-0.05310856233062633,1.0617789264226265,-0.053108552746544246,1.0617789209853599,9.584082083513579e-09,5.437266636931781e-09,1.1019006210390182e-08,1.0026876107183114e-08,21.98012546536524,3.4522429359640228e-09,3.4522429359640228e-09,1.5706202141321006e-10,21.980125183267965,2.786450323810641e-07,-2.786450323810641e-07,-1.2677135663483732e-08
higher_energy_wide_swing,rk45_strict,RK45,1e-08,1e-10,0.6043405676126878,2.1754147638112067,-2.0752296207863155,2.1754147509593125,-2.0752296253501017,1.2851894215515358e-08,4.5637862378100635e-09,1.2851894215515358e-08,-0.05272945415354802,1.051759594537465,-0.05272944464218199,1.0517595879593262,9.51136602811431e-09,6.578138700419345e-09,1.1564514364326834e-08,1.0573498410160198e-08,21.980125485240286,2.332728854526067e-08,2.332728854526067e-08,1.0612900543121115e-09,21.980125181724375,2.801886225256567e-07,-2.801886225256567e-07,-1.2747362293776053e-08
higher_energy_wide_swing,rk45_strict,RK45,1e-08,1e-10,0.6076794657762938,2.1695576213150947,-2.069170421382059,2.169557613488879,-2.06917042021445,7.826215675521553e-09,1.1676091205004013e-09,7.826215675521553e-09,-0.05232649488774621,1.041617732014752,-0.05232649103485176,1.0416177245244462,3.852894447931021e-09,7.490305709012546e-09,8.423151146771831e-09,7.490305709012546e-09,21.98012547944492,1.7531920804003676e-08,1.7531920804003676e-08,7.976260569751006e-10,21.980125238361076,2.2355192186296335e-07,-2.2355192186296335e-07,-1.01706390279861e-08
higher_energy_wide_swing,rk45_strict,RK45,1e-08,1e-10,0.6110183639398998,2.16363458097587,-2.063076094061621,2.1636345816716127,-2.0630760842993072,6.957425746634271e-10,9.76231362415092e-09,9.76231362415092e-09,-0.05189940883019595,1.0313533766669545,-0.05189941383294183,1.0313533686408607,5.0027458842194505e-09,8.026093789581523e-09,9.457570930277697e-09,8.026093789581523e-09,21.980125454226744,7.686253411520738e-09,-7.686253411520738e-09,-3.49691061811245e-10,21.980125330888107,1.3102489049288124e-07,-1.3102489049288124e-07,-5.9610619930227525e-09
higher_energy_wide_swing,rk45_strict,RK45,1e-08,1e-10,0.6143572621035058,2.157645309335296,-2.0569476791676093,2.1576453177460237,-2.056947662084984,8.410727669883045e-09,1.708262553634654e-08,1.708262553634654e-08,-0.05144793842685158,1.020966579450246,-0.0514479510656648,1.0209665713503804,1.2638813218224243e-08,8.09986566707721e-09,1.5011576312628065e-08,1.2638813218224243e-08,21.980125441671927,2.0241071041482428e-08,-2.0241071041482428e-08,-9.208805962712092e-10,21.980125427166023,3.4746975074995134e-08,-3.4746975074995134e-08,-1.5808360664366744e-09
higher_energy_wide_swing,rk45_strict,RK45,1e-08,1e-10,0.6176961602671118,2.1515894433507103,-2.0507862392889535,2.1515894575485035,-2.050786217168883,1.4197793163361894e-08,2.2120070664044533e-08,2.2120070664044533e-08,-0.05097184091248508,1.0104574046869228,-0.05097185891702194,1.010457396936178,1.8004536861404574e-08,7.750744712708979e-09,1.9601974165763568e-08,1.8004536861404574e-08,21.98012542410433,3.780866819624862e-08,-3.780866819624862e-08,-1.7201297718597286e-09,21.980125495180147,3.3267149035509647e-08,3.3267149035509647e-08,1.5135104252773588e-09
higher_energy_wide_swing,rk45_strict,RK45,1e-08,1e-10,0.6210350584307179,2.1454665950345286,-2.0445928543216825,2.1454666105133207,-2.0445928322655003,1.547879202590252e-08,2.2056182213958664e-08,2.2056182213958664e-08,-0.05047089532021254,0.999825929703893,-0.050470913797362016,0.9998259230698231,1.8477149477114096e-08,6.634069849020818e-09,1.9632013028757514e-08,1.8477149477114096e-08,21.980125416802778,4.511021955977412e-08,-4.511021955977412e-08,-2.0523185656033124e-09,21.980125513278935,5.136593728138905e-08,5.136593728138905e-08,2.3369264825351234e-09
higher_energy_wide_swing,rk45_strict,RK45,1e-08,1e-10,0.6243739565943239,2.139276347967932,-2.0383686256908375,2.139276359672625,-2.038368609206425,1.1704693214653616e-08,1.6484412501682755e-08,1.6484412501682755e-08,-0.049944900720945595,0.9890722457975207,-0.04994491445205018,0.9890722409462422,1.3731104586689469e-08,4.851278490036748e-09,1.456290273807038e-08,1.3731104586689469e-08,21.98012542983792,3.2075078593152284e-08,-3.2075078593152284e-08,-1.459276410807197e-09,21.98012548066184,1.8748842478544248e-08,1.8748842478544248e-08,8.529906942993617e-10
higher_energy_wide_swing,rk45_strict,RK45,1e-08,1e-10,0.6277128547579299,2.133018255689571,-2.0321146780663057,2.1330182616564457,-2.032114668940337,5.96687455001188e-09,9.125968869483359e-09,9.125968869483359e-09,-0.049393676863744074,0.9781964585308245,-0.04939368410672418,0.9781964554072355,7.2429801045714726e-09,3.123588943054756e-09,7.887811399899981e-09,7.2429801045714726e-09,21.98012545387943,8.033566700760275e-09,-8.033566700760275e-09,-3.654923041581715e-10,21.980125428098436,3.3814561817280264e-08,-3.3814561817280264e-08,-1.5384153232370712e-09
higher_energy_wide_swing,rk45_strict,RK45,1e-08,1e-10,0.6310517529215359,2.1266918416955645,-2.025832159362821,2.1266918446384855,-2.025832153795001,2.9429210179898746e-09,5.567819982843503e-09,5.567819982843503e-09,-0.04881706657042473,0.9671986878426752,-0.04881707057044271,0.9671986853412073,4.0000179835075755e-09,2.5014678106671795e-09,4.717783915800729e-09,4.0000179835075755e-09,21.980125471561227,9.648228882497278e-09,9.648228882497278e-09,4.3895240267011483e-10,21.980125404275753,5.7637244310626556e-08,-5.7637244310626556e-08,-2.622243645082916e-09
higher_energy_wide_swing,rk45_strict,RK45,1e-08,1e-10,0.6343906510851419,2.120296599439502,-2.019522240739966,2.1202965966421385,-2.0195222407209137,2.797363674034159e-09,1.9052315280987386e-11,2.797363674034159e-09,-0.04821493817259537,0.9560790681455118,-0.0482149367199064,0.9560790657427943,1.4526889691168776e-09,2.4027174694296605e-09,2.807731553923261e-09,2.4027174694296605e-09,21.98012546962797,7.714973548900161e-09,7.714973548900161e-09,3.509977030053178e-10,21.98012533682308,1.2508991886761578e-07,-1.2508991886761578e-07,-5.69104662684345e-09
higher_energy_wide_swing,rk45_strict,RK45,1e-08,1e-10,0.6377295492487479,2.113831992332442,-2.013186116602168,2.1138319846805076,-2.0131861204854498,7.651934197383525e-09,3.883281696204222e-09,7.651934197383525e-09,-0.04758718799046757,0.9448377484123975,-0.04758718237399295,0.9448377453706829,5.6164746187192804e-09,3.041714657925354e-09,6.387238464544426e-09,6.5511573943410895e-09,21.980125451930032,9.982965565313862e-09,-9.982965565313862e-09,-4.5418146418737563e-10,21.980125264289754,1.976232439915293e-07,-1.976232439915293e-07,-8.990997086616699e-09
higher_energy_wide_swing,rk45_strict,RK45,1e-08,1e-10,0.6410684474123539,2.1072974531248305,-2.006825005280171,2.1072974435043914,-2.006825009514317,9.620439112012491e-09,4.23414592276572e-09,9.620439112012491e-09,-0.046933742249035015,0.9334748923408529,-0.046933735543460364,0.9334748879100456,6.705574651100221e-09,4.430807276634141e-09,8.037212484695917e-09,8.268789875032212e-09,21.980125442336316,1.9576681609123625e-08,-1.9576681609123625e-08,-8.906537700635948e-10,21.980125225001267,2.3691173112183606e-07,-2.3691173112183606e-07,-1.0778452176369739e-08
higher_energy_wide_swing,rk45_strict,RK45,1e-08,1e-10,0.6444073455759599,2.100692379589468,-2.0004401535874465,2.1006923726753928,-2.000440153064816,6.914075090236338e-09,5.226303834149348e-10,6.914075090236338e-09,-0.04625455559572489,0.9219906788376069,-0.04625455231874975,0.9219906723966,3.2769751356909183e-09,6.4410068389975095e-09,7.2266960043957294e-09,6.4410068389975095e-09,21.98012542534818,3.656481695202274e-08,-3.656481695202274e-08,-1.6635399563747708e-09,21.980125231017766,2.3089523182306948e-07,-2.3089523182306948e-07,-1.0504727656043777e-08
higher_energy_wide_swing,rk45_strict,RK45,1e-08,1e-10,0.6477462437395659,2.094016138031432,-1.9940328329020465,2.0940161365659202,-1.9940328252258424,1.4655117119843908e-09,7.676204116791041e-09,7.676204116791041e-09,-0.0455496173593567,0.910385301534148,-0.045549619779802764,0.9103852932658101,2.4204460657983873e-09,8.268337903238887e-09,8.615333472337314e-09,8.268337903238887e-09,21.980125422918825,3.899417322372756e-08,-3.899417322372756e-08,-1.7740650885408446e-09,21.98012527565286,1.8626013797984342e-07,-1.8626013797984342e-07,-8.474025241693622e-09
higher_energy_wide_swing,rk45_strict,RK45,1e-08,1e-10,0.651085141903172,2.0872680598299493,-1.9876043433737904,2.0872680643591854,-1.9876043289178815,4.529236097283729e-09,1.4455908914356996e-08,1.4455908914356996e-08,-0.04481895086531784,0.898658969673451,-0.04481895895430854,0.8986589603936463,8.0889906994841e-09,9.279804702444494e-09,1.2310424275866824e-08,9.279804702444494e-09,21.980125439756712,2.2156285695018596e-08,-2.2156285695018596e-08,-1.0080145235481412e-09,21.980125340851473,1.2106152524893332e-07,-1.2106152524893332e-07,-5.50777225811144e-09
higher_energy_wide_swing,rk45_strict,RK45,1e-08,1e-10,0.654424040066778,2.080447440630401,-1.9811560148468281,2.080447450049207,-1.9811559958930136,9.418806179439798e-09,1.8953814517885803e-08,1.8953814517885803e-08,-0.044062615666906835,0.8868119082886963,-0.04406262782350456,0.8868118991302918,1.2156597728463225e-08,9.158404479236992e-09,1.522035613699579e-08,1.2156597728463225e-08,21.980125461679705,2.332924964321137e-10,-2.332924964321137e-10,-1.0613792757296188e-11,21.980125404351295,5.756170295967422e-08,-5.756170295967422e-08,-2.6188068425458592e-09
higher_energy_wide_swing,rk45_strict,RK45,1e-08,1e-10,0.657762938230384,2.0735535403443226,-1.9746892068596373,2.0735535524408077,-1.9746891867349108,1.2096485146884106e-08,2.0124726551884464e-08,2.0124726551884464e-08,-0.043280710636953046,0.8748443582340993,-0.04328072437460129,0.8748443503282812,1.373764824119661e-08,7.905818111275664e-09,1.585007694641974e-08,1.373764824119661e-08,21.9801254702126,8.299601006456214e-09,8.299601006456214e-09,3.775957066686313e-10,21.98012544654039,1.5372606299024483e-08,-1.5372606299024483e-08,-6.993866493465665e-10
higher_energy_wide_swing,rk45_strict,RK45,1e-08,1e-10,0.66110183639399,2.066585583149404,-1.9682053086450249,2.0665855951496135,-1.9682052908588383,1.2000209270723872e-08,1.7786186523593983e-08,1.7786186523593983e-08,-0.04247337710625532,0.8627565762114895,-0.042473389698864716,0.8627565703667419,1.2592609399675325e-08,5.844747574812459e-09,1.3882899038243687e-08,1.2592609399675325e-08,21.980125458763204,3.1497933150603785e-09,-3.1497933150603785e-09,-1.4330188062476338e-10,21.98012545691158,5.001417946459696e-09,-5.001417946459696e-09,-2.2754273878582346e-10
higher_energy_wide_swing,rk45_strict,RK45,1e-08,1e-10,0.664440734557596,2.0595427574184484,-1.9617057392057726,2.059542766602057,-1.9617057265116542,9.183608540297428e-09,1.2694118423084433e-08,1.2694118423084433e-08,-0.041640801985627474,0.8505488348016388,-0.04164081113434237,0.8505488311735385,9.148714896767274e-09,3.6281002646632032e-09,9.841854286300962e-09,9.148714896767274e-09,21.980125448123005,1.3789993147383939e-08,-1.3789993147383939e-08,-6.273846421522543e-10,21.980125439999945,2.19130527057132e-08,-2.19130527057132e-08,-9.969484816492052e-10
higher_energy_wide_swing,rk45_strict,RK45,1e-08,1e-10,0.667779632721202,2.052424213099871,-1.9551919500662516,2.0524242200353755,-1.955191940771809,6.935504615057653e-09,9.294442548934967e-09,9.294442548934967e-09,-0.04078321875408231,0.8382214227169328,-0.04078322545216995,0.8382214202472855,6.6980876400890565e-09,2.469647264469188e-09,7.138874956547e-09,6.6980876400890565e-09,21.980125428516555,3.339644294442223e-08,-3.339644294442223e-08,-1.5193927351457272e-09,21.980125420674426,4.1238571668600343e-08,-4.1238571668600343e-08,-1.87617544495177e-09
higher_energy_wide_swing,rk45_strict,RK45,1e-08,1e-10,0.671118530884808,2.0452290624790743,-1.9486654244059982,2.045229069575273,-1.9486654134990504,7.096198739731108e-09,1.0906947789379728e-08,1.0906947789379728e-08,-0.03990091157048559,0.8257746446883617,-0.039900918836287214,0.825774640863305,7.265801627021062e-09,3.82505671581157e-09,8.21114682382413e-09,7.265801627021062e-09,21.980125421567074,4.034592393509229e-08,-4.034592393509229e-08,-1.8355638599517283e-09,21.98012544029521,2.161778667186809e-08,-2.161778667186809e-08,-9.835151627922796e-10
higher_energy_wide_swing,rk45_strict,RK45,1e-08,1e-10,0.674457429048414,2.037956379384694,-1.94212767799941,2.037956385934188,-1.9421276644985712,6.549493836160991e-09,1.350083889128939e-08,1.350083889128939e-08,-0.03899421801550906,0.8132088216525482,-0.03899422586395496,0.813208814919579,7.848445893188227e-09,6.732969182188242e-09,1.0340743539349565e-08,7.848445893188227e-09,21.980125439189877,2.2723121162471216e-08,-2.2723121162471216e-08,-1.0338030691337807e-09,21.980125478442737,1.652973935506452e-08,1.652973935506452e-08,7.520311648678773e-10
higher_energy_wide_swing,rk45_strict,RK45,1e-08,1e-10,0.6777963272120201,2.030605198226767,-1.9355802602569814,2.0306052037534896,-1.9355802450391497,5.526722635096348e-09,1.5217831661473724e-08,1.5217831661473724e-08,-0.038063531833115505,0.8005242908863791,-0.03806353971466958,0.80052428162257,7.881554076050179e-09,9.263809053194905e-09,1.2162937672608499e-08,9.263809053194905e-09,21.98012546429785,2.384851427450485e-09,2.384851427450485e-09,1.085003555408698e-10,21.980125493469398,3.1556400159615805e-08,3.1556400159615805e-08,1.4356788005735685e-09
higher_energy_wide_swing,rk45_strict,RK45,1e-08,1e-10,0.6811352253756261,2.0231745139967314,-1.9290247542253016,2.023174518250551,-1.92902473912756,4.253819518851287e-09,1.5097741723479885e-08,1.5097741723479885e-08,-0.03710930657908762,0.7877214060352785,-0.037109313731961246,0.7877213957218783,7.152873626736778e-09,1.0313400244932325e-08,1.2551088627375582e-08,1.0313400244932325e-08,21.980125472750572,1.0837574393463001e-08,1.0837574393463001e-08,4.930624446271824e-10,21.980125466821498,4.908500272904348e-09,4.908500272904348e-09,2.2331538923241188e-10
higher_energy_wide_swing,rk45_strict,RK45,1e-08,1e-10,0.6844741235392321,2.0156632822674254,-1.9224627765870563,2.015663285156744,-1.9224627635574552,2.8893185621825523e-09,1.3029601175773564e-08,1.3029601175773564e-08,-0.036132059314632925,0.7748005371521458,-0.03613206504622801,0.7748005275280514,5.731595087432595e-09,9.624094410298767e-09,1.1201534513834495e-08,9.624094410298767e-09,21.980125458387736,3.5252618602044095e-09,-3.5252618602044095e-09,-1.603840645183285e-10,21.98012540110109,6.081190662143854e-08,-6.081190662143854e-08,-2.7666769567267925e-09
higher_energy_wide_swing,rk45_strict,RK45,1e-08,1e-10,0.6878130217028381,2.0080704192021264,-1.9158959775351772,2.0080704207174436,-1.9158959679093686,1.515317205047495e-09,9.625808594648788e-09,9.625808594648788e-09,-0.03513237439000927,0.7617620706399155,-0.03513237828802218,0.7617620629543678,3.898012912451065e-09,7.685547753766286e-09,8.617548894033457e-09,7.685547753766286e-09,21.98012544561105,1.630194645940719e-08,-1.630194645940719e-08,-7.416675799988078e-10,21.98012531587146,1.4604153619757199e-07,-1.4604153619757199e-07,-6.644253985293747e-09
higher_energy_wide_swing,rk45_strict,RK45,1e-08,1e-10,0.6911519198664441,2.000394801101564,-1.9093260405376589,2.0003948016920234,-1.9093260345507121,5.904592370598039e-10,5.986946716163288e-09,5.986946716163288e-09,-0.034110907109061395,0.7486064086867468,-0.034110909343259777,0.7486064035764014,2.234198381856345e-09,5.110345369097047e-09,5.577389371465932e-09,5.110345369097047e-09,21.980125420903654,4.100934347661678e-08,-4.100934347661678e-08,-1.8657465603495972e-09,21.980125241125187,2.2078781114487356e-07,-2.2078781114487356e-07,-1.0044884026137752e-08
higher_energy_wide_swing,rk45_strict,RK45,1e-08,1e-10,0.6944908180300501,1.99263526436876,-1.9027546827823403,1.992635265353861,-1.9027546786357783,9.851011117945063e-10,4.1465619826652755e-09,4.1465619826652755e-09,-0.033068387394141086,0.7353339697345329,-0.03306838914882404,0.7353339667130934,1.7546829544912157e-09,3.0214395430050445e-09,3.4939961623929347e-09,3.0214395430050445e-09,21.98012542403877,3.7874226421763524e-08,-3.7874226421763524e-08,-1.7231123856591133e-09,21.980125208101974,2.538110237537694e-07,-2.538110237537694e-07,-1.1547296406181634e-08
higher_energy_wide_swing,rk45_strict,RK45,1e-08,1e-10,0.6978297161936561,1.9847906066517724,-1.896183652991565,1.9847906094903327,-1.8961836481057381,2.838560275719715e-09,4.885826854206243e-09,4.885826854206243e-09,-0.0320056248232109,0.7219451875639582,-0.03200562752695735,0.7219451855332679,2.7037464489509944e-09,2.03069028259506e-09,3.381412113901693e-09,2.7037464489509944e-09,21.980125453545476,8.367521786567522e-09,-8.367521786567522e-09,-3.8068580641483157e-10,21.980125237115594,2.247974038027678e-07,-2.247974038027678e-07,-1.0227303033019311e-08
higher_energy_wide_swing,rk45_strict,RK45,1e-08,1e-10,0.7011686143572621,1.9768595869367556,-1.889614731161929,1.9768595924028167,-1.8896147236886425,5.466061159253854e-09,7.473286434134252e-09,7.473286434134252e-09,-0.030923512555242838,0.7084405112669494,-0.030923517056776206,0.7084405091918455,4.501533368284072e-09,2.07510386651677e-09,4.956799241709088e-09,5.021577098585084e-09,21.98012547746073,1.5547733767107275e-08,1.5547733767107275e-08,7.073541865831601e-10,21.980125322023625,1.3988937297426673e-07,-1.3988937297426673e-07,-6.3643573471255214e-09
higher_energy_wide_swing,rk45_strict,RK45,1e-08,1e-10,0.7045075125208682,1.9688409255479573,-1.8830497285642793,1.9688409329066925,-1.8830497188994215,7.358735176765663e-09,9.664857802960114e-09,9.664857802960114e-09,-0.029823031159715074,0.6948204054143094,-0.029823036981164175,0.6948204030002425,5.82144910055149e-09,2.414066946343496e-09,6.3021416083534625e-09,6.78343442528373e-09,21.98012547052412,8.611120705381836e-09,8.611120705381836e-09,3.9176849651304874e-10,21.98012541094645,5.0966548315045657e-08,-5.0966548315045657e-08,-2.3187560236341746e-09
higher_energy_wide_swing,rk45_strict,RK45,1e-08,1e-10,0.7078464106844742,1.960733304200784,-1.8764904876571422,1.9607333158498377,-1.876490471169177,1.1649053721640712e-08,1.6487965215361555e-08,1.6487965215361555e-08,-0.028705252524362623,0.6810853502295084,-0.028705261914658053,0.6810853452805481,9.39029543012282e-09,4.948960352635368e-09,1.0614605825792227e-08,1.0774594383367031e-08,21.980125454974548,6.938449814697378e-09,-6.938449814697378e-09,-3.15669254332523e-10,21.98012551008549,4.817249177335725e-08,4.817249177335725e-08,2.1916386172058113e-09
higher_energy_wide_swing,rk45_strict,RK45,1e-08,1e-10,0.7111853088480802,1.9525353691606506,-1.8699388767989094,1.952535396620984,-1.8699388342296472,2.746033334055653e-08,4.256926211532175e-08,4.256926211532175e-08,-0.027571346477280656,0.6672358397191245,-0.027571369252414213,0.6672358245240715,2.277513355686267e-08,1.5195052993632885e-08,2.7378757167049123e-08,2.548368854826677e-08,21.98012542464155,3.727144815002248e-08,-3.727144815002248e-08,-1.69568859898485e-09,21.98012583339179,3.714787908393191e-07,3.714787908393191e-07,1.6900667445370814e-08
higher_energy_wide_swing,rk45_strict,RK45,1e-08,1e-10,0.7145242070116862,1.9442457301660887,-1.8633967917835443,1.9442457706020686,-1.8633967270336549,4.043597989777936e-08,6.474988945015525e-08,6.474988945015525e-08,-0.026422583579099324,0.6532723824404976,-0.026422617007987315,0.6532723580915775,3.3428887991071576e-08,2.4348920102390537e-08,4.1356504475985485e-08,3.764890721402736e-08,21.980125417135582,4.477741555319881e-08,-4.477741555319881e-08,-2.037177432439537e-09,21.980126081557877,6.19644879407133e-07,6.19644879407133e-07,2.819114388045005e-08
higher_energy_wide_swing,rk45_strict,RK45,1e-08,1e-10,0.7178631051752922,1.935862964551766,-1.8568661495181544,1.9358630063716415,-1.8568660807718589,4.181987556250988e-08,6.874629554509681e-08,6.874629554509681e-08,-0.02526034211796724,0.63919549964328,-0.02526037644724588,0.639195472754756,3.4329278641997973e-08,2.688852407395359e-08,4.36061016252946e-08,3.9063944301531706e-08,21.980125448475746,1.3437251311643195e-08,-1.3437251311643195e-08,-6.113364245771557e-10,21.980126081802773,6.1988977506644e-07,6.1988977506644e-07,2.8202285566594266e-08
higher_energy_wide_swing,rk45_strict,RK45,1e-08,1e-10,0.7212020033388982,1.9273856196474946,-1.850348884192318,1.9273856488199517,-1.8503488338865859,2.9172457116644068e-08,5.030573202446931e-08,5.030573202446931e-08,-0.02408611340225031,0.6250057242586633,-0.02408613746641386,0.6250057032431517,2.406416355071883e-08,2.1015511553201804e-08,3.194895449366854e-08,2.7337301755636645e-08,21.980125481165118,1.9252119898283127e-08,1.9252119898283127e-08,8.758876254661539e-10,21.98012581896207,3.570490711979346e-07,3.570490711979346e-07,1.62441780333159e-08
higher_energy_wide_swing,rk45_strict,RK45,1e-08,1e-10,0.7245409015025042,1.9188122127782292,-1.8438469472780852,1.9188122191489458,-1.8438469320718325,6.3707166209070465e-09,1.52062527014607e-08,1.52062527014607e-08,-0.02290150495428367,0.6107036013954683,-0.02290151122758477,0.6107035927413659,6.273301100812034e-09,8.654102434668687e-09,1.0688676047630406e-08,8.654102434668687e-09,21.980125477477763,1.5564765476483444e-08,1.5564765476483444e-08,7.081290551982498e-10,21.980125392767153,6.914584460560036e-08,-6.914584460560036e-08,-3.1458348463668135e-09
higher_energy_wide_swing,rk45_strict,RK45,1e-08,1e-10,0.7278797996661102,1.9101412313387192,-1.8373623074142094,1.9101412148722707,-1.8373623282732625,1.6466448427010505e-08,2.08590531514119e-08,2.08590531514119e-08,-0.02170824376548841,0.5962896888739921,-0.021708232789613757,0.5962896934689128,1.0975874653595952e-08,4.594920666178837e-09,1.189887054891881e-08,1.552741518695555e-08,21.98012545884287,3.070127263526956e-09,-3.070127263526956e-09,-1.396774221715363e-10,21.98012496787397,4.940390283536544e-07,-4.940390283536544e-07,-2.2476624585684084e-08
higher_energy_wide_swing,rk45_strict,RK45,1e-08,1e-10,0.7312186978297163,1.901371140365004,-1.8308969385955818,1.9013711098152704,-1.830896982688209,3.054973363170177e-08,4.409262732707475e-08,4.409262732707475e-08,-0.02050818498865503,0.581764553634924,-0.02050816373297104,0.5817645673488095,2.1255683990695218e-08,1.3713885582689045e-08,2.5295745881222468e-08,2.889564665320421e-08,21.98012542545857,3.645442703259505e-08,-3.645442703259505e-08,-1.658517695713931e-09,21.98012471616654,7.45746458363783e-07,-7.45746458363783e-07,-3.392821663625201e-08
higher_energy_wide_swing,rk45_strict,RK45,1e-08,1e-10,0.7345575959933223,1.892500382047446,-1.8244528207998434,1.8925003541149892,-1.824452862765674,2.7932456792001403e-08,4.1965830588353015e-08,4.1965830588353015e-08,-0.01930331413995323,0.56712877264764,-0.019303294777046176,0.5671287867711529,1.9362907055509027e-08,1.412351291474323e-08,2.396655558675881e-08,2.649946606592124e-08,21.98012541675605,4.5156948402791386e-08,-4.5156948402791386e-08,-2.0544445244882254e-09,21.980124750893886,7.110191120318632e-07,-7.110191120318632e-07,-3.2348273592155423e-08
higher_energy_wide_swing,rk45_strict,RK45,1e-08,1e-10,0.7378964941569283,1.8835273837590605,-1.818031927749213,1.8835273742201692,-1.8180319432063274,9.538891232452329e-09,1.5457114477257505e-08,1.5457114477257505e-08,-0.018095755105731137,0.552382929547239,-0.01809574838827588,0.552382935458118,6.7174552587090375e-09,5.9108790084749785e-09,8.947776025671846e-09,9.076225326865028e-09,21.98012545097943,1.093356871706419e-08,-1.093356871706419e-08,-4.974297683609586e-10,21.980125052249054,4.096639436568239e-07,-4.096639436568239e-07,-1.863792562816289e-08
higher_energy_wide_swing,rk45_strict,RK45,1e-08,1e-10,0.7412353923205343,1.8744505637697921,-1.811636218096639,1.8744505728912515,-1.811636205962508,9.121459365601936e-09,1.2134131033292306e-08,1.2134131033292306e-08,-0.016887775755741186,0.5375276125167646,-0.016887781377354916,0.5375276094370035,5.621613730077968e-09,3.0797611128008384e-09,6.409950814329341e-09,8.70415450826556e-09,21.980125484795913,2.2882915118316305e-08,2.2882915118316305e-08,1.0410729983305898e-09,21.980125384068156,7.784484168382733e-08,-7.784484168382733e-08,-3.5416013352023992e-09
higher_energy_wide_swing,rk45_strict,RK45,1e-08,1e-10,0.7445742904841403,1.8652683312465164,-1.8052676354258015,1.8652683547014546,-1.8052676012037245,2.3454938213873788e-08,3.42220769500301e-08,3.42220769500301e-08,-0.01568178919557406,0.5225634154054478,-0.015681803953782714,0.5225634045651114,1.4758208655152316e-08,1.0840336406303663e-08,1.831167977305319e-08,2.244533248152436e-08,21.980125478260202,1.634720447896143e-08,1.634720447896143e-08,7.437266228205907e-10,21.980125620586875,1.5867387759271878e-07,1.5867387759271878e-07,7.2189705135062916e-09
higher_energy_wide_swing,rk45_strict,RK45,1e-08,1e-10,0.7479131886477463,1.85597908688376,-1.7989281072810337,1.8559791513416204,-1.798928009212615,6.445786038256074e-08,9.806841871906613e-08,9.806841871906613e-08,-0.01448035537962844,0.507490938633423,-0.014480395692705983,0.5074909049603193,4.031307754281954e-08,3.367310363877607e-08,5.2526394599678505e-08,6.185442308348499e-08,21.980125460633708,1.2792895631719148e-09,-1.2792895631719148e-09,-5.820210468719382e-11,21.980126224127225,7.622142277341482e-07,7.622142277341482e-07,3.467742843665326e-08
higher_energy_wide_swing,rk45_strict,RK45,1e-08,1e-10,0.7512520868113522,1.8465812384364804,-1.7926195212516984,1.8465813287403159,-1.792619382366488,9.030383552044441e-08,1.3888521044336244e-07,1.3888521044336244e-07,-0.013286191722649887,0.4923107821856475,-0.013286246868512208,0.4923107335948185,5.5145862321026584e-08,4.8590829027084226e-08,7.349921629969228e-08,8.689141151041468e-08,21.980125431897598,3.001539994329505e-08,-3.001539994329505e-08,-1.3655700007402378e-09,21.980126627883187,1.1659701897315244e-06,1.1659701897315244e-06,5.3046566624558585e-08
higher_energy_wide_swing,rk45_strict,RK45,1e-08,1e-10,0.7545909849749582,1.837073197959529,-1.7863437292024105,1.8370732841011483,-1.786343595766857,8.614161939313192e-08,1.3343555349543124e-07,1.3343555349543124e-07,-0.012102171104948156,0.4770235486314769,-0.012102222311854427,0.47702350138944644,5.1206906270806485e-08,4.7242030454253126e-08,6.967034298227431e-08,8.310575427827871e-08,21.980125427334873,3.457812525198278e-08,-3.457812525198278e-08,-1.5731541347159054e-09,21.98012656132942,1.0994164227895453e-06,1.0994164227895453e-06,5.001866002514891e-08
higher_energy_wide_swing,rk45_strict,RK45,1e-08,1e-10,0.7579298831385642,1.8274533992277855,-1.7801025205636765,1.8274534524536885,-1.7801024371846803,5.322590301837238e-08,8.337899615185052e-08,8.337899615185052e-08,-0.010931331674903344,0.46162983553798786,-0.010931362510814613,0.4616298054611455,3.0835911268844995e-08,3.0076842350013067e-08,4.307516534533119e-08,5.148243381603024e-08,21.980125453509835,8.403162610193249e-09,-8.403162610193249e-09,-3.823073086982232e-10,21.980126054227107,5.923141088715056e-07,5.923141088715056e-07,2.6947712828021076e-08
higher_energy_wide_swing,rk45_strict,RK45,1e-08,1e-10,0.7612687813021703,1.8177203046522772,-1.7738976117066012,1.8177203066534702,-1.7738976070603603,2.0011929890983993e-09,4.6462409475367394e-09,4.6462409475367394e-09,-0.00977687882127809,0.4461302336510343,-0.009776880247597597,0.446130231040788,1.4263195069474932e-09,2.6102463523969277e-09,2.974520693506839e-09,2.6102463523969277e-09,21.980125477118435,1.5205436909582204e-08,1.5205436909582204e-08,6.91781170036089e-10,21.98012533123947,1.3067352711004787e-07,-1.3067352711004787e-07,-5.945076489052713e-09
higher_energy_wide_swing,rk45_strict,RK45,1e-08,1e-10,0.7646076794657763,1.8078724052801802,-1.7677306459428894,1.807872357381992,-1.767730718503745,4.78981883045293e-08,7.256085554629976e-08,7.256085554629976e-08,-0.008642182575676394,0.43052532894835416,-0.008642157128699757,0.4305253535482615,2.5446976636978036e-08,2.4599907333389126e-08,3.539355959456802e-08,4.6558420951914314e-08,21.980125473139786,1.1226788387830311e-08,1.1226788387830311e-08,5.107699866083116e-10,21.980124699507535,7.624054632060506e-07,-7.624054632060506e-07,-3.4686128817924235e-08
higher_energy_wide_swing,rk45_strict,RK45,1e-08,1e-10,0.7679465776293823,1.7979082232654091,-1.7616031897116762,1.7979081531467145,-1.7616032972941262,7.011869462836273e-08,1.0758245005959566e-07,1.0758245005959566e-07,-0.007530776200547984,0.4148157035125005,-0.007530740009163761,0.4148157408243927,3.619138422283896e-08,3.731189218703079e-08,5.198070402122086e-08,6.831810012153383e-08,21.98012546945064,7.537643398336513e-09,7.537643398336513e-09,3.4292995330703124e-10,21.980124430385846,1.0315271516958546e-06,-1.0315271516958546e-06,-4.692999380204983e-08
higher_energy_wide_swing,rk45_strict,RK45,1e-08,1e-10,0.7712854757929883,1.7878263379438746,-1.7555166924277745,1.7878262802810623,-1.755516781880241,5.7662812302794464e-08,8.945246654512573e-08,8.945246654512573e-08,-0.00644636615767602,0.3990019238981372,-0.00644633731124189,0.3990019555186892,2.8846434130258558e-08,3.162055201011427e-08,4.280158959029077e-08,5.6310117124702685e-08,21.980125480455257,1.8542259283549356e-08,1.8542259283549356e-08,8.435920584565929e-10,21.98012463689165,8.250213490157421e-07,-8.250213490157421e-07,-3.753487897261247e-08
higher_energy_wide_swing,rk45_strict,RK45,1e-08,1e-10,0.7746243739565943,1.7776253782409472,-1.7494724983044054,1.7776253629444234,-1.7494725233802706,1.5296523825369945e-08,2.5075865162094146e-08,2.5075865162094146e-08,-0.00539282283539444,0.38308454792509605,-0.005392815237479587,0.38308455763124005,7.597914852830456e-09,9.706143999643757e-09,1.2326294717094922e-08,1.497050922116827e-08,21.980125467839624,5.926626300833959e-09,5.926626300833959e-09,2.696356902558893e-10,21.980125148807744,3.131052537241885e-07,-3.131052537241885e-07,-1.4244925683738022e-08
higher_energy_wide_swing,rk45_strict,RK45,1e-08,1e-10,0.7779632721202003,1.7673040523443542,-1.7434718004104723,1.7673040661342634,-1.7434717809178648,1.3789909214523277e-08,1.949260752809323e-08,1.949260752809323e-08,-0.004374189225782699,0.3670641112442623,-0.004374195267393244,0.3670641055660514,6.041610545182152e-09,5.678210901471914e-09,8.291148112369641e-09,1.3524514203000493e-08,21.98012543763852,2.4274477539165673e-08,-2.4274477539165673e-08,-1.1043830291700706e-09,21.98012540696361,5.4949389038938534e-08,-5.4949389038938534e-08,-2.499957934005174e-09
higher_energy_wide_swing,rk45_strict,RK45,1e-08,1e-10,0.7813021702838063,1.7568611546980597,-1.7375156298585883,1.7568612140350754,-1.7375155391267414,5.9337015745342114e-08,9.073184692454106e-08,9.073184692454106e-08,-0.0033946760117091745,0.35094112648252807,-0.0033947020454166976,0.35094109532157103,2.6033707523076544e-08,3.116095703692423e-08,4.060491559964298e-08,5.831284796697922e-08,21.980125424322715,3.759028288641275e-08,-3.759028288641275e-08,-1.7101941911818894e-09,21.980125407033274,5.4879723876410935e-08,-5.4879723876410935e-08,-2.496788472454633e-09
higher_energy_wide_swing,rk45_strict,RK45,1e-08,1e-10,0.7846410684474123,1.7462955660022657,-1.731604855805077,1.746295665375982,-1.7316047023649461,9.937371636681291e-08,1.5344013082341235e-07,1.5344013082341235e-07,-0.002458652729664279,0.3347160863234462,-0.0024586946485561922,0.3347160327102604,4.19188919131841e-08,5.361318577978835e-08,6.80556183476964e-08,9.784728499662165e-08,21.98012545015882,1.1754178075307209e-08,-1.1754178075307209e-08,-5.347639209646352e-10,21.980125400500846,6.14121518083266e-08,-6.14121518083266e-08,-2.793985499070109e-09
higher_energy_wide_swing,rk45_strict,RK45,1e-08,1e-10,0.7879799666110184,1.7356062547983355,-1.725740182975358,1.7356063593906041,-1.7257400215486483,1.0459226862380433e-07,1.6142670977714602e-07,1.6142670977714602e-07,-0.0015706394091969944,0.3183894658251366,-0.001570681481220193,0.31838940950728123,4.2072023198613806e-08,5.631785537918432e-08,7.029762421686396e-08,1.0317499618550663e-07,21.980125480318176,1.840517782625284e-08,1.840517782625284e-08,8.373554490462394e-10,21.98012542003846,4.187453939152874e-08,-4.187453939152874e-08,-1.905109207137541e-09
higher_energy_wide_swing,rk45_strict,RK45,1e-08,1e-10,0.7913188647746244,1.7247923126865607,-1.719922096944256,1.7247923825019282,-1.7199219905080811,6.981536748718042e-08,1.0643617476269185e-07,1.0643617476269185e-07,-0.0007353107814851434,0.3019617064165255,-0.0007353373039369338,0.30196167015082276,2.6522451790356172e-08,3.6265702718640824e-08,4.4929296039984865e-08,6.89891743177462e-08,21.980125567123515,1.0521051763134892e-07,1.0521051763134892e-07,4.7866204318832e-09,21.980125500931635,3.901863721011978e-08,3.901863721011978e-08,1.7751780933976465e-09
higher_energy_wide_swing,rk45_strict,RK45,1e-08,1e-10,0.7946577629382304,1.7138529523927284,-1.7141508674668016,1.7138529683223045,-1.7141508459875412,1.592957610263568e-08,2.1479260370327324e-08,2.1479260370327324e-08,4.25174298633868e-05,0.2854332207332157,4.251209018280022e-05,0.2854332152411355,5.339680586580187e-09,5.492080179525516e-09,7.65996954726573e-09,1.5766852906606843e-08,21.98012554078907,7.887607367251803e-08,7.887607367251803e-08,3.5885179003729494e-09,21.980125643129412,1.8121641431889657e-07,1.8121641431889657e-07,8.244557777111284e-09
higher_energy_wide_swing,rk45_strict,RK45,1e-08,1e-10,0.7979966611018364,1.7027875304834506,-1.7084265124109632,1.7027874976534485,-1.7084265676453896,3.2830002050232565e-08,5.523442636601317e-08,5.523442636601317e-08,0.0007578935369439987,0.2688043829139327,0.0007579054355929538,0.26880440508161674,1.1898648955011026e-08,2.2167684021745515e-08,2.5159174506381094e-08,3.2544440226045523e-08,21.980125416319417,4.5593580466629646e-08,-4.5593580466629646e-08,-2.0743093821567975e-09,21.980125796225195,3.3431219748081276e-07,3.3431219748081276e-07,1.520974928282855e-08
higher_energy_wide_swing,rk45_strict,RK45,1e-08,1e-10,0.8013355592654424,1.6915955576557664,-1.7027487816025442,1.69159549848644,-1.7027488780540505,5.91693263274351e-08,9.645150633730282e-08,9.645150633730282e-08,0.001405741970726404,0.25207552635924907,0.0014057617910800957,0.2520755632341537,1.9820353691635262e-08,3.687490462978005e-08,4.186412559599082e-08,5.8738138408731544e-08,21.980125358736316,1.0317668142079128e-07,-1.0317668142079128e-07,-4.694089740278102e-09,21.980125872461237,4.105482389604731e-07,4.105482389604731e-07,1.867815721397351e-08
higher_energy_wide_swing,rk45_strict,RK45,1e-08,1e-10,0.8046744574290484,1.6802766987371438,-1.6971171568251837,1.6802766460017244,-1.6971172427000125,5.273541936468007e-08,8.58748288035116e-08,8.58748288035116e-08,0.001980879993265794,0.23524694728872023,0.0019808965741878737,0.23524698005961592,1.6580922079789673e-08,3.277089569153624e-08,3.6726810117972473e-08,5.2419692961325204e-08,21.980125443285175,1.8627822839789587e-08,-1.8627822839789587e-08,-8.474848276943525e-10,21.980125793132625,3.312196277249768e-07,3.312196277249768e-07,1.5069050824978764e-08
higher_energy_wide_swing,rk45_strict,RK45,1e-08,1e-10,0.8080133555926544,1.6688307781413143,-1.691530843132035,1.6688307625691108,-1.6915308699838278,1.5572203526659223e-08,2.6851792789273077e-08,2.6851792789273077e-08,0.0024780330770467485,0.21831890505433368,0.002478037835282998,0.21831891621322397,4.7582362494580366e-09,1.1158890284024281e-08,1.2131019931421595e-08,1.5497433142330763e-08,21.980125513606588,5.1693589853130106e-08,5.1693589853130106e-08,2.35183324784494e-09,21.98012557395824,1.1204524241748004e-07,1.1204524241748004e-07,5.097570649068006e-09
higher_energy_wide_swing,rk45_strict,RK45,1e-08,1e-10,0.8113522537562604,1.6572578133352107,-1.6859887159966085,1.6572578192482466,-1.6859887087659506,5.913035838744918e-09,7.2306578502434604e-09,7.2306578502434604e-09,0.0028918437041893785,0.20129160641235605,0.0028918423625003964,0.20129160512056593,1.341688982137157e-09,1.2917901193176817e-09,1.8624851777007598e-09,5.890947896158849e-09,21.98012556094787,9.90348709706268e-08,9.90348709706268e-08,4.505655399566927e-09,21.980125419652552,4.226044580946109e-08,-4.226044580946109e-08,-1.922666268793128e-09
higher_energy_wide_swing,rk45_strict,RK45,1e-08,1e-10,0.8146911519198665,1.6455580116965591,-1.6804893259054923,1.6455580267312133,-1.68048930202322,1.503465418828398e-08,2.3882272159880813e-08,2.3882272159880813e-08,0.003216893523175224,0.18416521025854932,0.0032168897857385303,0.18416520151247254,3.737436693462826e-09,8.746076779475587e-09,9.511166703939344e-09,1.4992657074164306e-08,21.980125455083805,6.8291932109332265e-09,-6.8291932109332265e-09,-3.1069855459955416e-10,21.980124614053135,8.478598623185007e-07,-8.478598623185007e-07,-3.8573931881674934e-08
higher_energy_wide_swing,rk45_strict,RK45,1e-08,1e-10,0.8180300500834725,1.6337317846764103,-1.675030874828049,1.6337318056786096,-1.675030839683551,2.1002199313002734e-08,3.514449797847874e-08,3.514449797847874e-08,0.0034477214227771613,0.1669398214723388,0.0034477164452260123,0.16693980747920717,4.977551149032422e-09,1.399313162564475e-08,1.4852062083557733e-08,2.096061951784023e-08,21.980125384723635,7.718936245737495e-08,-7.718936245737495e-08,-3.511779884565633e-09,21.98012395188126,1.5100317369842742e-06,-1.5100317369842742e-06,-6.869986887021397e-08
higher_energy_wide_swing,rk45_strict,RK45,1e-08,1e-10,0.8213689482470785,1.6217797497943183,-1.6696112129952188,1.6217797675548709,-1.6696111838112515,1.7760552584178413e-08,2.9183967242829567e-08,2.9183967242829567e-08,0.003578846311199424,0.149615492569271,0.0035788425269785984,0.1496154812651445,3.784220825586715e-09,1.1304126495970124e-08,1.1920721584438501e-08,1.7737474988788193e-08,21.980125461628713,2.842845958639373e-10,-2.842845958639373e-10,-1.2933711245485999e-11,21.98012421002916,1.251883837483092e-06,-1.251883837483092e-06,-5.695526350167324e-08
higher_energy_wide_swing,rk45_strict,RK45,1e-08,1e-10,0.8247078464106845,1.6097027350645896,-1.664227831262247,1.609702746716917,-1.664227814839387,1.1652327325251122e-08,1.6422859960840697e-08,1.6422859960840697e-08,0.0036047899671449724,0.13219222309235512,0.0036047879817281414,0.13219221838463358,1.9854168309407783e-09,4.707721545926802e-09,5.109258473258752e-09,1.1643509323366885e-08,21.98012557076805,1.0885505119517802e-07,1.0885505119517802e-07,4.952430839569195e-09,21.98012524718004,2.1473295674923065e-07,-2.1473295674923065e-07,-9.769414515914314e-09
higher_energy_wide_swing,rk45_strict,RK45,1e-08,1e-10,0.8280467445742905,1.5975017942363174,-1.6588778361203231,1.597501800414151,-1.658877831569778,6.177833578036029e-09,4.550545051884569e-09,6.177833578036029e-09,0.00352009898649408,0.11466995218065307,0.0035200984212309105,0.11466995382337973,5.652631696051458e-10,1.6427266630314463e-09,1.737260297234265e-09,6.175630749838401e-09,21.980125585208736,1.2329573806368899e-07,1.2329573806368899e-07,5.6094192127035375e-09,21.98012638721597,9.253029737976703e-07,9.253029737976703e-07,4.209725624182758e-08
higher_energy_wide_swing,rk45_strict,RK45,1e-08,1e-10,0.8313856427378965,1.585178204582906,-1.6535579515567367,1.585178208788461,-1.6535579511730025,4.205555015346363e-09,3.8373415556236523e-10,4.205555015346363e-09,0.003319371480018374,0.09704856001320361,0.0033193713878144626,0.09704856383590298,9.220391117281679e-11,3.822699365385596e-09,3.823811187722924e-09,4.205120088945913e-09,21.980125413666563,4.8246434403154126e-08,-4.8246434403154126e-08,-2.19500268489164e-09,21.98012686812339,1.4062103907974688e-06,1.4062103907974688e-06,6.39764496901594e-08
higher_energy_wide_swing,rk45_strict,RK45,1e-08,1e-10,0.8347245409015025,1.572733469072682,-1.6482645134576022,1.5727334748742174,-1.6482645091883943,5.8015354742479985e-09,4.269207876106407e-09,5.8015354742479985e-09,0.0029972833530093057,0.07932786574737288,0.002997283011373808,0.07932786729249362,3.4163549766930146e-10,1.545120739687711e-09,1.5824389130329329e-09,5.801524589075027e-09,21.98012536570384,9.62091561973466e-08,-9.62091561973466e-08,-4.377097681451233e-09,21.980126357417294,8.955042964942095e-07,8.955042964942095e-07,4.074154617751991e-08
higher_energy_wide_swing,rk45_strict,RK45,1e-08,1e-10,0.8380634390651085,1.5601693164568642,-1.6429934694287718,1.560169324598276,-1.642993459524043,8.141411766970919e-09,9.904728814902342e-09,9.904728814902342e-09,0.002548615697661738,0.061507628268805355,0.0025486150697069387,0.061507626530831215,6.279547992704693e-10,1.7379741396039705e-09,1.8479397554733696e-09,8.14095205310672e-09,21.980125467155318,5.242320355591801e-09,5.242320355591801e-09,2.3850274943496823e-10,21.980125533979958,7.206696039929739e-08,7.206696039929739e-08,3.2787328955048276e-09
higher_energy_wide_swing,rk45_strict,RK45,1e-08,1e-10,0.8414023372287146,1.5474876996533917,-1.6377403792150214,1.5474876936043471,-1.6377403877419456,6.049044598555042e-09,8.526924277774128e-09,8.526924277774128e-09,0.001968282621916284,0.04358754529257924,0.001968283051334785,0.04358754775300243,4.2941850075806087e-10,2.460423191574801e-09,2.4976153687932876e-09,6.047401471948044e-09,21.980125565257172,1.0334417410717833e-07,1.0334417410717833e-07,4.701709928191828e-09,21.98012465491769,8.069953061351498e-07,-8.069953061351498e-07,-3.6714772512718613e-08
higher_energy_wide_swing,rk45_strict,RK45,1e-08,1e-10,0.8447412353923206,1.534690795659576,-1.6325004127839928,1.5346907625392,-1.6325004561902559,3.3120375997341966e-08,4.340626302834494e-08,4.340626302834494e-08,0.0012513592959432218,0.025567251083814926,0.0012513607770191504,0.02556726130868143,1.4810759285666109e-09,1.022486650209542e-08,1.0331576883121593e-08,3.309879030577445e-08,21.9801255023,4.038700396336026e-08,4.038700396336026e-08,1.8374328223623003e-09,21.980123234834746,2.227078251593184e-06,-2.227078251593184e-06,-1.0132236303438073e-07
higher_energy_wide_swing,rk45_strict,RK45,1e-08,1e-10,0.8480801335559266,1.5217809914570253,-1.627268368974815,1.5217809542761949,-1.6272684162850435,3.7180830414484944e-08,4.731022840154253e-08,4.731022840154253e-08,0.0003931109888051232,0.007446320100754723,0.0003931118373897702,0.007446330199388992,8.485846469952207e-10,1.009863426909563e-08,1.0134224686875096e-08,3.7136175794205695e-08,21.980125392870207,6.904279103991939e-08,-6.904279103991939e-08,-3.141146357856612e-09,21.980123072182604,2.3897303940145775e-06,-2.3897303940145775e-06,-1.087223272749505e-07
higher_energy_wide_swing,rk45_strict,RK45,1e-08,1e-10,0.8514190317195326,1.5087608790695233,-1.6220386814663297,1.5087608676513415,-1.6220386931731983,1.1418181733446886e-08,1.1706868585648067e-08,1.1706868585648067e-08,-0.0006109791750005256,-0.010775733445097552,-0.0006109792832533767,-0.010775733149813359,1.082528511275882e-10,2.9528419293045616e-10,3.1450188293846927e-10,1.1396217927672758e-08,21.980125454466553,7.446445238201704e-09,-7.446445238201704e-09,-3.387808341269412e-10,21.980124328076574,1.133836423861112e-06,-1.133836423861112e-06,-5.1584620198179286e-08
higher_energy_wide_swing,rk45_strict,RK45,1e-08,1e-10,0.8547579298831386,1.495633250503243,-1.6168054255207274,1.4956332764346625,-1.6168053869683194,2.5931419456171056e-08,3.855240793271264e-08,3.855240793271264e-08,-0.0017651825184540337,-0.029099455981444415,-0.001765182344338867,-0.029099468634850655,1.7411516672893868e-10,1.2653406239460097e-08,1.2654604124669121e-08,2.585820434164443e-08,21.980125519870743,5.7957745269732186e-08,5.7957745269732186e-08,2.636825043158236e-09,21.980126130116304,6.68203306020132e-07,6.68203306020132e-07,3.040034085237547e-08
higher_energy_wide_swing,rk45_strict,RK45,1e-08,1e-10,0.8580968280467446,1.4824010802424952,-1.611562341290147,1.4824011293301942,-1.6115622727507153,4.9087699016681086e-08,6.85394316857213e-08,6.85394316857213e-08,-0.0030734976433522965,-0.047525451428235665,-0.0030734961031860797,-0.04752547101467839,1.5401662167846553e-09,1.95864427246506e-08,1.9646904351101807e-08,4.8896045198865146e-08,21.980125507428568,4.5515569979670545e-08,4.5515569979670545e-08,2.070760244682843e-09,21.98012729662325,1.8347102539451043e-06,1.8347102539451043e-06,8.347132763751858e-08
higher_energy_wide_swing,rk45_strict,RK45,1e-08,1e-10,0.8614357262103506,1.4690675074767057,-1.606302858187115,1.4690675499759869,-1.6063028005674036,4.2499281205365946e-08,5.761971144657707e-08,5.761971144657707e-08,-0.004539624853661217,-0.0660543777537548,-0.004539622583158098,-0.06605439305758554,2.2705031188507974e-09,1.530383073045094e-08,1.5471341875836296e-08,4.227956361402274e-08,21.98012542406147,3.785152813406967e-08,-3.785152813406967e-08,-1.7220797124046685e-09,21.980127074855734,1.6129427358180237e-06,1.6129427358180237e-06,7.338187120964888e-08
higher_energy_wide_swing,rk45_strict,RK45,1e-08,1e-10,0.8647746243739566,1.4556358188047607,-1.6010201183367998,1.4556358369441043,-1.6010200954321117,1.8139343582745937e-08,2.290468814614144e-08,2.290468814614144e-08,-0.00616694222210068,-0.08468694442235872,-0.006166940829939849,-0.0846869492973912,1.3921608310596412e-09,4.87503248880472e-09,5.069916522630153e-09,1.8019194997220822e-08,21.980125457318593,4.594404856561596e-09,-4.594404856561596e-09,-2.0902541546101487e-10,21.980125882389732,4.204767343196636e-07,4.204767343196636e-07,1.9129860520963023e-08
higher_energy_wide_swing,rk45_strict,RK45,1e-08,1e-10,0.8681135225375626,1.442109440460684,-1.5957069873278085,1.4421094421735212,-1.5957069867217286,1.7128372054031615e-09,6.060798529716749e-10,1.7128372054031615e-09,-0.007958482368960795,-0.10342391349369266,-0.007958482164245329,-0.10342391240091027,2.0471546680056463e-10,1.0927823923534419e-09,1.1117921475640511e-09,1.6986742013003209e-09,21.980125501838778,3.992578001543734e-08,3.992578001543734e-08,1.816449141048828e-09,21.980125409967293,5.1945704626632505e-08,-5.1945704626632505e-08,-2.363303372250702e-09
higher_energy_wide_swing,rk45_strict,RK45,1e-08,1e-10,0.8714524207011687,1.4284919089224573,-1.5903560952145643,1.4284918651006966,-1.5903561542598508,4.382176066464183e-08,5.904528643796425e-08,5.904528643796425e-08,-0.009916912170016667,-0.12226609232056035,-0.009916917230181621,-0.12226607666536995,5.060164953718527e-09,1.5655190394037177e-08,1.6452667128231678e-08,4.3378801467541805e-08,21.980125491734103,2.982110558491513e-08,2.982110558491513e-08,1.3567304534539134e-09,21.98012482237273,6.395402678549544e-07,-6.395402678549544e-07,-2.9096297423922586e-08
higher_energy_wide_swing,rk45_strict,RK45,1e-08,1e-10,0.8747913188647747,1.4147868457851858,-1.5849598711013417,1.4147867841027073,-1.58495995119163,6.168247845828034e-08,8.009028817923536e-08,8.009028817923536e-08,-0.012044515078388773,-0.14121432857621447,-0.012044523528126128,-0.14121430942731528,8.449737354254694e-09,1.9148899188525803e-08,2.0930322536650296e-08,6.093335577772585e-08,21.980125441371833,2.0541165213217027e-08,-2.0541165213217027e-08,-9.345335743788457e-10,21.98012459782955,8.640834465722946e-07,-8.640834465722946e-07,-3.9312034322532517e-08
higher_energy_wide_swing,rk45_strict,RK45,1e-08,1e-10,0.8781302170283807,1.4009979362134775,-1.5795105726240672,1.400997905741954,-1.579510607708947,3.047152352664284e-08,3.508487966819018e-08,3.508487966819018e-08,-0.014343175565944666,-0.16026950691912753,-0.014343180409399192,-0.16026950186888805,4.8434545263376094e-09,5.050239476611651e-09,6.997425992450867e-09,3.003330806272686e-08,21.9801254641178,2.2048034509225545e-09,2.2048034509225545e-09,1.003089565954945e-10,21.980124909690552,5.522224455489777e-07,-5.522224455489777e-07,-2.512371671880876e-08
higher_energy_wide_swing,rk45_strict,RK45,1e-08,1e-10,0.8814691151919867,1.3871289154586628,-1.5740003046458617,1.3871289383411407,-1.574000266897008,2.2882477912489207e-08,3.774885382057391e-08,3.774885382057391e-08,-0.01681436438965933,-0.17943254851625662,-0.016814360331429024,-0.1794325637673105,4.058230307357746e-09,1.525105389199588e-08,1.5781757761546068e-08,2.2497606194660236e-08,21.980125490019567,2.8106569516239688e-08,2.8106569516239688e-08,1.2787265279692123e-09,21.980125464522477,2.6094788552200043e-09,2.6094788552200043e-09,1.1871992540450647e-10
higher_energy_wide_swing,rk45_strict,RK45,1e-08,1e-10,0.8848080133555927,1.3731835333075282,-1.568421069063546,1.373183591983274,-1.5684209847343427,5.86757458176379e-08,8.432920339807026e-08,8.432920339807026e-08,-0.01945912954385509,-0.19870440111401133,-0.01945911782379084,-0.19870442790917514,1.1720064252429552e-08,2.6795163809989475e-08,2.9246208466829453e-08,5.7533801695042186e-08,21.980125479591702,1.7678704722356997e-08,1.7678704722356997e-08,8.043040861159109e-10,21.98012586109829,3.9918529282090276e-07,3.9918529282090276e-07,1.8161192642535554e-08
higher_energy_wide_swing,rk45_strict,RK45,1e-08,1e-10,0.8881469115191987,1.3591655243201528,-1.5627648048441958,1.359165578511664,-1.5627647300928058,5.4191511278389726e-08,7.475138996682062e-08,7.475138996682062e-08,-0.02227809009116155,-0.21808603277896213,-0.022278078107623167,-0.21808605454546073,1.1983538383830705e-08,2.1766498603525974e-08,2.484724639983356e-08,5.2982480402974375e-08,21.980125456436728,5.4762701040544925e-09,-5.4762701040544925e-09,-2.491464442977695e-10,21.980125867394584,4.0548158608544327e-07,4.0548158608544327e-07,1.8447646569991552e-08
higher_energy_wide_swing,rk45_strict,RK45,1e-08,1e-10,0.8914858096828047,1.3450785893648443,-1.5570234128785827,1.345078611529923,-1.5570233847375758,2.2165078661373627e-08,2.814100685810672e-08,2.814100685810672e-08,-0.025271430705850695,-0.23757842930514889,-0.02527142535760274,-0.23757843584065347,5.348247955616614e-09,6.535504581961504e-09,8.444914229025486e-09,2.160283321672729e-08,21.980125465257668,3.3446703184836224e-09,3.3446703184836224e-09,1.5216793572353546e-10,21.980125608872648,1.4695964978272968e-07,1.4695964978272968e-07,6.68602415565736e-09
higher_energy_wide_swing,rk45_strict,RK45,1e-08,1e-10,0.8948247078464107,1.330926374969449,-1.5511887840768572,1.3309263794552466,-1.551188778719586,4.485797511222245e-09,5.357271293249255e-09,5.357271293249255e-09,-0.028438898862087725,-0.2571825900570721,-0.028438897691332343,-0.2571825910559495,1.1707553815298866e-09,9.988773697067188e-10,1.5389685386951232e-09,4.3573641084204695e-09,21.980125477777122,1.5864124236486532e-08,1.5864124236486532e-08,7.21748575274321e-10,21.980125693356356,2.3144335870028954e-07,2.3144335870028954e-07,1.0529665042237038e-08
higher_energy_wide_swing,rk45_strict,RK45,1e-08,1e-10,0.8981636060100168,1.3167124402755555,-1.5452528448723266,1.316712405007136,-1.5452528846134388,3.5268419518175165e-08,3.974111217885934e-08,3.974111217885934e-08,-0.03177980799030922,-0.2768995178077399,-0.03177981787035311,-0.2768995122156826,9.880043894128221e-09,5.592057317205246e-09,1.1352813412930253e-08,3.413609062086209e-08,21.98012547810157,1.618857226048931e-08,1.618857226048931e-08,7.365095476156745e-10,21.980126279725024,8.178120260993182e-07,8.178120260993182e-07,3.720688617161977e-08
higher_energy_wide_swing,rk45_strict,RK45,1e-08,1e-10,0.9015025041736228,1.3024402265666064,-1.5392075958115787,1.3024401773880074,-1.5392076481961752,4.917859897091148e-08,5.238459643841509e-08,5.238459643841509e-08,-0.03529304385734722,-0.29673021202474775,-0.03529305855137954,-0.2967302070846869,1.4694032324236161e-08,4.9400608603811236e-09,1.5502218784740674e-08,4.741840187172386e-08,21.980125468861264,6.948265962591904e-09,6.948265962591904e-09,3.1611584631906717e-10,21.98012647232523,1.0104122338816524e-06,1.0104122338816524e-06,4.5969356982629026e-08
higher_energy_wide_swing,rk45_strict,RK45,1e-08,1e-10,0.9048414023372288,1.2881130453338445,-1.5330451268546494,1.2881130211185194,-1.5330451465023562,2.421532507845825e-08,1.964770679485639e-08,2.421532507845825e-08,-0.03897706866011574,-0.31667566653651674,-0.038977076156128,-0.3166756701570381,7.496012255359119e-09,3.620521382696751e-09,8.324564542068161e-09,2.3254229375435642e-08,21.980125465067808,3.154809746774845e-09,3.154809746774845e-09,1.4353010642461873e-10,21.980126014262193,5.523491957148963e-07,5.523491957148963e-07,2.5129483299447175e-08
higher_energy_wide_swing,rk45_strict,RK45,1e-08,1e-10,0.9081803005008348,1.2737340553050365,-1.5267576470483697,1.273734072761378,-1.5267576173787452,1.74563414834239e-08,2.9669624534989225e-08,2.9669624534989225e-08,-0.04282993043302885,-0.33673686257030994,-0.04282992401715191,-0.33673687551940545,6.415876940835119e-09,1.2949095518077769e-08,1.4451385804006534e-08,1.6691762916298813e-08,21.98012547106146,9.148461543873054e-09,9.148461543873054e-09,4.162151649100203e-10,21.980125212707183,2.492058150949106e-07,-2.492058150949106e-07,-1.1337779464759316e-08
higher_energy_wide_swing,rk45_strict,RK45,1e-08,1e-10,0.9115191986644408,1.2593062359949032,-1.520337519233907,1.2593062809213371,-1.5203374594843082,4.492643390641149e-08,5.974959882415476e-08,5.974959882415476e-08,-0.04684927673459105,-0.3569147589029583,-0.046849259952041145,-0.3569147758120272,1.6782549905336452e-08,1.690906886731014e-08,2.382374007758953e-08,4.276448201112615e-08,21.98012548326286,2.1349862322495028e-08,2.1349862322495028e-08,9.71325771524367e-10,21.980124634535812,8.273771854305778e-07,-8.273771854305778e-07,-3.764205927142004e-08
higher_energy_wide_swing,rk45_strict,RK45,1e-08,1e-10,0.9148580968280468,1.2448323629973999,-1.5137772866672343,1.2448324062451985,-1.513777232290214,4.324779867559414e-08,5.437702021993118e-08,5.437702021993118e-08,-0.05103237084329837,-0.3772102870621612,-0.05103235389554939,-0.37721030038033343,1.694774898197693e-08,1.3318172231713277e-08,2.1554579725656416e-08,4.097047734408221e-08,21.9801254785011,1.6588103335379856e-08,1.6588103335379856e-08,7.546864718367327e-10,21.980124721744243,7.40168754731485e-07,-7.40168754731485e-07,-3.3674455408093285e-08
higher_energy_wide_swing,rk45_strict,RK45,1e-08,1e-10,0.9181969949916527,1.2303150005142411,-1.5070696814797215,1.230315021421812,-1.5070696560798338,2.090757078576644e-08,2.5399887748633887e-08,2.5399887748633887e-08,-0.05537610420283523,-0.3976243469384306,-0.05537609560338941,-0.39762435257940854,8.599445822099483e-09,5.640977962517724e-09,1.0284507806445326e-08,1.9707351694986386e-08,21.98012546506802,3.155022909595573e-09,3.155022909595573e-09,1.4353980440478258e-10,21.98012533347496,1.2843803887108152e-07,-1.2843803887108152e-07,-5.843371508212636e-09
higher_energy_wide_swing,rk45_strict,RK45,1e-08,1e-10,0.9215358931552587,1.215756485202833,-1.500207642131331,1.2157564974184487,-1.500207625151125,1.2215615630140064e-08,1.698020613005724e-08,1.698020613005724e-08,-0.05987701360201425,-0.41815780044806206,-0.05987700815791219,-0.4181578059322216,5.444102058049793e-09,5.484159570912084e-09,7.727499816738181e-09,1.1453759996005175e-08,21.980125491253986,2.9340988305648352e-08,2.9340988305648352e-08,1.3348872078319208e-09,21.98012566914876,2.0723576099612728e-07,2.0723576099612728e-07,9.428324754343368e-09
higher_energy_wide_swing,rk45_strict,RK45,1e-08,1e-10,0.9248747913188649,1.2011589059186933,-1.4931843386569223,1.2011589057044205,-1.4931843220592322,2.142728217080503e-10,1.6597690111197494e-08,1.6597690111197494e-08,-0.06453130265263862,-0.43881145984280684,-0.06453130144316366,-0.4388114765903334,1.2094749646252012e-09,1.6747526587757022e-08,1.6791142799037933e-08,1.6747526587757022e-08,21.980125500611617,3.8698619420074465e-08,3.8698619420074465e-08,1.7606186774106978e-09,21.980126322135387,8.602223893205974e-07,8.602223893205974e-07,3.913637302986211e-08
higher_energy_wide_swing,rk45_strict,RK45,1e-08,1e-10,0.9282136894824708,1.1865240896210438,-1.4859931784541502,1.1865240840919327,-1.4859931610692867,5.529111168911527e-09,1.738486354874169e-08,1.738486354874169e-08,-0.0693348622529315,-0.4595860881031583,-0.06933486285318502,-0.4595861105514284,6.002535135607445e-10,2.2448270076136367e-08,2.245629385476823e-08,2.2448270076136367e-08,21.980125479795824,1.788282588677248e-08,1.788282588677248e-08,8.135907102877875e-10,21.980126532679122,1.07076612465562e-06,1.07076612465562e-06,4.8715196212643816e-08
higher_energy_wide_swing,rk45_strict,RK45,1e-08,1e-10,0.9315525876460768,1.1718535940770702,-1.4786278110229853,1.1718535959665195,-1.4786277930327687,1.889449263714482e-09,1.7990216649721447e-08,1.7990216649721447e-08,-0.07428328998875955,-0.4804823925774466,-0.07428328759902869,-0.48048240875022863,2.3897308576437126e-09,1.6172782002499275e-08,1.634838497443521e-08,1.6172782002499275e-08,21.980125462421256,5.082583243165573e-10,5.082583243165573e-10,2.312354063662028e-11,21.980126087162063,6.252490649671927e-07,6.252490649671927e-07,2.844610992101113e-08
higher_energy_wide_swing,rk45_strict,RK45,1e-08,1e-10,0.9348914858096828,1.1571487059944272,-1.4710821273007637,1.1571487186109852,-1.4710821140523878,1.2616558020539514e-08,1.324837595184647e-08,1.324837595184647e-08,-0.07937190791944049,-0.5015010176625887,-0.07937190152932694,-0.5015010192926684,6.3901135494148775e-09,1.6300797378576704e-09,6.594748753833594e-09,1.1552487022559177e-08,21.980125569310218,1.0739722000607799e-07,1.0739722000607799e-07,4.8861058683297836e-09,21.980125361071206,1.0084179180580577e-07,-1.0084179180580577e-07,-4.58786242965463e-09
higher_energy_wide_swing,rk45_strict,RK45,1e-08,1e-10,0.9382303839732888,1.1424104243099582,-1.4633502709395456,1.142410443205404,-1.463350265482083,1.8895445874633765e-08,5.4574627039727375e-09,1.8895445874633765e-08,-0.08459578825789038,-0.5226425378884925,-0.0845957798234086,-0.5226425261264782,8.43448177967332e-09,1.1762014251459618e-08,1.447361261548686e-08,1.7188005019264097e-08,21.980125843276696,3.813636979543844e-07,3.813636979543844e-07,1.7350387677049827e-08,21.98012490783632,5.540766778722173e-07,-5.540766778722173e-07,-2.5208076215593825e-08
higher_energy_wide_swing,rk45_strict,RK45,1e-08,1e-10,0.9415692821368948,1.1276394575132371,-1.455426641899284,1.1276394748271206,-1.4554266339270214,1.7313883438063726e-08,7.972262627831128e-09,1.7313883438063726e-08,-0.08994977436933238,-0.5439074442294806,-0.08994976602753291,-0.54390743650734,8.341799473399192e-09,7.722140593635629e-09,1.1367368816145548e-08,1.564140600374131e-08,21.98012573822214,2.7630914090082115e-07,2.7630914090082115e-07,1.257086277235349e-08,21.980125050694042,4.1121895577589385e-07,-4.1121895577589385e-07,-1.870867190855899e-08
higher_energy_wide_swing,rk45_strict,RK45,1e-08,1e-10,0.9449081803005008,1.1128362197083566,-1.4473058689957852,1.1128362324507484,-1.4473058512436,1.2742391808373554e-08,1.7752185277331023e-08,1.7752185277331023e-08,-0.09542849927516683,-0.5652961610779946,-0.09542849145485122,-0.5652961672656245,7.820315617301787e-09,6.187629852938414e-09,9.972166241654263e-09,1.14293678965538e-08,21.98012539457349,6.733950641546471e-08,-6.733950641546471e-08,-3.063654324091558e-09,21.980125483209772,2.1296774121992712e-08,2.1296774121992712e-08,9.689104895645664e-10
higher_energy_wide_swing,rk45_strict,RK45,1e-08,1e-10,0.9482470784641068,1.0980008297357602,-1.4389828079188312,1.0980008438607411,-1.4389827762500578,1.4124980962648692e-08,3.1668773381454685e-08,3.1668773381454685e-08,-0.10102640547790687,-0.5868090337243624,-0.10102639488342169,-0.5868090525429613,1.0594485178039292e-08,1.881859890140447e-08,2.1595897314064905e-08,1.881859890140447e-08,21.980125255272068,2.0664093014488571e-07,-2.0664093014488571e-07,-9.401262540696213e-09,21.980125510855213,4.894221561357881e-08,4.894221561357881e-08,2.22665770031138e-09
higher_energy_wide_swing,rk45_strict,RK45,1e-08,1e-10,0.9515859766277129,1.0831331111722409,-1.430452541232179,1.0831331273161566,-1.430452496336931,1.614391575976981e-08,4.4895247963694374e-08,4.4895247963694374e-08,-0.10673776497221776,-0.608446311822641,-0.10673775112767314,-0.6084463420144544,1.384454462183271e-08,3.0191813382707267e-08,3.3214710763788664e-08,3.0191813382707267e-08,21.980125423930634,3.7982363920718853e-08,-3.7982363920718853e-08,-1.728032170996222e-09,21.980125536087563,7.417456515668164e-08,7.417456515668164e-08,3.3746197347786202e-09
higher_energy_wide_swing,rk45_strict,RK45,1e-08,1e-10,0.9549248747913189,1.0682325915823168,-1.421710364399496,1.068232606075491,-1.4217103305197047,1.4493174216312354e-08,3.3879791194735276e-08,3.3879791194735276e-08,-0.11255669790496825,-0.6302081461137197,-0.11255668589167389,-0.6302081669165897,1.2013294359292104e-08,2.0802869982183836e-08,2.4022461174048025e-08,2.0802869982183836e-08,21.98012590267029,4.407572937736859e-07,4.407572937736859e-07,2.005253766805958e-08,21.98012560561852,1.4370552392506397e-07,1.4370552392506397e-07,6.537975598641412e-09
higher_energy_wide_swing,rk45_strict,RK45,1e-08,1e-10,0.9582637729549249,1.0532984989474936,-1.4127517683067279,1.0532985108115738,-1.4127517593456547,1.1864080162737878e-08,8.961073216795512e-09,1.1864080162737878e-08,-0.11847719178033489,-0.6520945897121299,-0.1184771845007292,-0.6520945882509261,7.279605696020042e-09,1.4612037135819378e-09,7.424808104059867e-09,1.0310594489304492e-08,21.980126245680346,7.837673479116347e-07,7.837673479116347e-07,3.565800155552984e-08,21.98012568949546,2.275824613207078e-07,2.275824613207078e-07,1.0354011023051758e-08
higher_energy_wide_swing,rk45_strict,RK45,1e-08,1e-10,0.9616026711185309,1.0383297680672927,-1.4035724219632837,1.0383297794656339,-1.403572423189092,1.1398341159818415e-08,1.2258083437188816e-09,1.1398341159818415e-08,-0.12449311532084828,-0.6741055891006873,-0.12449310973839733,-0.6741055780716516,5.582450945951223e-09,1.1029035684728683e-08,1.2361366700287245e-08,1.1029035684728683e-08,21.98012565151041,1.8959741154844778e-07,1.8959741154844778e-07,8.625856657505472e-09,21.980125721155925,2.5924292756940304e-07,2.5924292756940304e-07,1.1794424377541306e-08
higher_energy_wide_swing,rk45_strict,RK45,1e-08,1e-10,0.9649415692821369,1.0233250438693822,-1.394168131167769,1.023325057247297,-1.3941681222513653,1.3377914775958288e-08,8.916403615444324e-09,1.3377914775958288e-08,-0.130598228579754,-0.6962410003231059,-0.13059822004943888,-0.69624099767814,8.530315120935938e-09,2.6449659129568204e-09,8.93096415529543e-09,1.1422645940228904e-08,21.980124969612326,4.923006713397626e-07,-4.923006713397626e-07,-2.2397536910916077e-08,21.98012565202862,1.9011562102377866e-07,1.9011562102377866e-07,8.649432932182741e-09
higher_energy_wide_swing,rk45_strict,RK45,1e-08,1e-10,0.9682804674457429,1.0082826814235768,-1.3845348377684699,1.0082826966345875,-1.3845348165608586,1.5211010673255032e-08,2.1207611222706646e-08,2.1207611222706646e-08,-0.13678620001903286,-0.7185005665712306,-0.13678618797942443,-0.7185005745447668,1.203960842133256e-08,7.973536164662676e-09,1.4440548809107133e-08,1.2867255927417887e-08,21.980125122123688,3.397893095780091e-07,-3.397893095780091e-07,-1.5458934034147966e-08,21.980125543256285,8.134328766118415e-08,8.134328766118415e-08,3.7007653938161185e-09
higher_energy_wide_swing,rk45_strict,RK45,1e-08,1e-10,0.9716193656093489,0.993200746190104,-1.3746686165604896,0.9932007614805052,-1.3746685878001357,1.5290401167433743e-08,2.8760353876222666e-08,2.8760353876222666e-08,-0.14305062314054084,-0.7408838966006969,-0.1430506091872018,-0.7408839119997122,1.3953339039751711e-08,1.5399015285133544e-08,2.0780407650237176e-08,1.5399015285133544e-08,21.98012557234005,1.1042705239105999e-07,1.1042705239105999e-07,5.023950048984351e-09,21.9801253547478,1.0716519938114288e-07,-1.0716519938114288e-07,-4.875549940187465e-09
higher_energy_wide_swing,rk45_strict,RK45,1e-08,1e-10,0.9749582637729549,0.9780770202991782,-1.3645656227487895,0.9780770364033934,-1.3645655863456636,1.6104215183609938e-08,3.640312584707317e-08,3.640312584707317e-08,-0.14938501962219486,-0.7633904852250889,-0.14938500317174241,-0.763390507499588,1.6450452444694008e-08,2.2274499134056214e-08,2.7690624718633743e-08,2.2274499134056214e-08,21.98012657159005,1.1096770506924258e-06,1.1096770506924258e-06,5.048547391666468e-08,21.980125176790832,2.851221658772829e-07,-2.851221658772829e-07,-1.297181703404471e-08
higher_energy_wide_swing,rk45_strict,RK45,1e-08,1e-10,0.9782971619365609,0.9629090059211807,-1.3542220872911266,0.9629090222681741,-1.3542220561064242,1.634699342556445e-08,3.118470237595261e-08,3.118470237595261e-08,-0.1557828509530027,-0.7860196877964717,-0.15578283491554024,-0.7860197048341429,1.6037462469142838e-08,1.7037671162789536e-08,2.3398342699869048e-08,1.7037671162789536e-08,21.980126164014003,7.021010048902099e-07,7.021010048902099e-07,3.194253854950944e-08,21.980125408383337,5.3529660704043636e-08,-5.3529660704043636e-08,-2.435366476720046e-09
higher_energy_wide_swing,rk45_strict,RK45,1e-08,1e-10,0.981636060100167,0.9476939263051272,-1.3436342615176518,0.9476939421589025,-1.3436342434355733,1.585377529256249e-08,1.8082078501180376e-08,1.8082078501180376e-08,-0.16223751953074217,-0.8087707447353215,-0.16223750620682864,-0.8087707494784555,1.332391352804052e-08,4.743133996676363e-09,1.4142983836981794e-08,1.332391352804052e-08,21.980124924459616,5.374533813551352e-07,-5.374533813551352e-07,-2.4451788607232045e-08,21.9801258100073,3.4809430360382976e-07,3.4809430360382976e-07,1.5836775099714743e-08
higher_energy_wide_swing,rk45_strict,RK45,1e-08,1e-10,0.984974958263773,0.9324287265229334,-1.3327984014005205,0.9324287416018319,-1.3327983945170239,1.5078898463194434e-08,6.883496661558297e-09,1.5078898463194434e-08,-0.16874237577471363,-0.8316427656065509,-0.16874236516658392,-0.8316427601866107,1.0608129707989633e-08,5.419940274364876e-09,1.191252149963284e-08,1.210940436813246e-08,21.98012472563998,7.36273019441569e-07,-7.36273019441569e-07,-3.349721641568323e-08,21.98012594941754,4.875045434005187e-07,4.875045434005187e-07,2.217933397356003e-08
higher_energy_wide_swing,rk45_strict,RK45,1e-08,1e-10,0.988313856427379,0.9171100734572243,-1.3217107673695663,0.9171100885654108,-1.3217107553654432,1.5108186479650954e-08,1.200412302893028e-08,1.5108186479650954e-08,-0.17529072837319615,-0.8546346969838913,-0.17529071622642278,-0.8546346966239496,1.2146773364918317e-08,3.599416320554383e-10,1.2152105215030678e-08,1.2146773364918317e-08,21.980125378697736,8.321526223653564e-08,-8.321526223653564e-08,-3.7859320858168186e-09,21.980125688837887,2.2692488954589862e-07,2.2692488954589862e-07,1.0324094370576384e-08
higher_energy_wide_swing,rk45_strict,RK45,1e-08,1e-10,0.991652754590985,0.901734356053783,-1.31036757721678,0.9017343730085556,-1.3103675625923015,1.6954772585897615e-08,1.4624478517077932e-08,1.6954772585897615e-08,-0.1818758421570844,-0.8777453338314296,-0.18187582787515078,-0.8777453346633772,1.428193363572916e-08,8.319476219043054e-10,1.430614431707454e-08,1.428193363572916e-08,21.980127190327412,1.728414414259305e-06,1.728414414259305e-06,7.863532977799826e-08,21.98012549378988,3.187688335515304e-08,3.187688335515304e-08,1.4502593904838747e-09
higher_energy_wide_swing,rk45_strict,RK45,1e-08,1e-10,0.994991652754591,0.8862976929771972,-1.2987649831543169,0.8862977082826936,-1.2987649506157035,1.530549642581036e-08,3.2538613359278656e-08,3.2538613359278656e-08,-0.18849093450117604,-0.9009732994039927,-0.18849091608098933,-0.9009733188883449,1.842018670927814e-08,1.9484352131726723e-08,2.6813117245068516e-08,1.9484352131726723e-08,21.98012725128328,1.7893702839444359e-06,1.7893702839444359e-06,8.14085564272617e-08,21.98012523739679,2.2451620651509074e-07,-2.2451620651509074e-07,-1.0214509780853199e-08
higher_energy_wide_swing,rk45_strict,RK45,1e-08,1e-10,0.998330550918197,0.8707959216782417,-1.286899024516927,0.8707959360750819,-1.2868989839773124,1.439684016446563e-08,4.0539614554191417e-08,4.0539614554191417e-08,-0.19512917452801182,-0.9243170609437936,-0.19512915389819951,-0.9243170888493448,2.0629812302885853e-08,2.7905551203133427e-08,3.4703154663560515e-08,2.7905551203133427e-08,21.980125062453347,3.9945965113474813e-07,-3.9945965113474813e-07,-1.8173674751171413e-08,21.98012536691698,9.499601816287395e-08,-9.499601816287395e-08,-4.32190518327488e-09
higher_energy_wide_swing,rk45_strict,RK45,1e-08,1e-10,1.001669449081803,0.8552245936436816,-1.2747655914857055,0.8552246099487195,-1.2747655666388582,1.630503787541926e-08,2.4846847246351444e-08,2.4846847246351444e-08,-0.20178367867585123,-0.9477749266159665,-0.20178366073047793,-0.9477749380763142,1.7945373298466905e-08,1.1460347670855242e-08,2.1292627633953638e-08,1.7945373298466905e-08,21.980123897817233,1.5640957649054599e-06,-1.5640957649054599e-06,-7.11595467285077e-08,21.98012573744959,2.7553659265322494e-07,2.7553659265322494e-07,1.253571519101075e-08
higher_energy_wide_swing,rk45_strict,RK45,1e-08,1e-10,1.005008347245409,0.8395789743962722,-1.262360425088093,0.8395789930505971,-1.262360420056782,1.8654324973610414e-08,5.0313111454869386e-09,1.8654324973610414e-08,-0.2084475114466403,-0.9713450010845013,-0.208447497462376,-0.9713449919928111,1.3984264302102645e-08,9.091690178486544e-09,1.667988244480911e-08,1.3984264302102645e-08,21.980125114825555,3.470874432309756e-07,-3.470874432309756e-07,-1.5790967336942922e-08,21.98012588857719,4.266641937533677e-07,4.266641937533677e-07,1.9411362983013374e-08
higher_energy_wide_swing,rk45_strict,RK45,1e-08,1e-10,1.008347245409015,0.8238540386943065,-1.2496790921302148,0.8238540581116964,-1.249679083182234,1.9417389918174877e-08,8.947980800755317e-09,1.9417389918174877e-08,-0.21511368098920414,-0.995025166011974,-0.21511366497283957,-0.9950251602546718,1.601636456793898e-08,5.757302190545488e-09,1.701970806113874e-08,1.601636456793898e-08,21.980126860095332,1.3981823343556243e-06,1.3981823343556243e-06,6.361120807878848e-08,21.980125665610757,2.036977591046707e-07,2.036977591046707e-07,9.267361073877248e-09
higher_energy_wide_swing,rk45_strict,RK45,1e-08,1e-10,1.011686143572621,0.8080444651449703,-1.2367169165868457,0.8080444836892419,-1.2367168993644313,1.854427156278149e-08,1.722241438351091e-08,1.854427156278149e-08,-0.22177511881202905,-1.018813098695475,-0.22177510035231873,-1.018813101559358,1.845971031588789e-08,2.86388290859918e-09,1.8680544163933348e-08,1.845971031588789e-08,21.980127804336092,2.3424230946034186e-06,2.3424230946034186e-06,1.0657005114289963e-07,21.980125546507164,8.459416633854744e-08,8.459416633854744e-08,3.8486662182675705e-09
higher_energy_wide_swing,rk45_strict,RK45,1e-08,1e-10,1.015025041736227,0.7921446249850268,-1.2234689651315824,0.7921446348399546,-1.2234689250191642,9.854927762731336e-09,4.0112418275839445e-08,4.0112418275839445e-08,-0.22842467671107736,-1.0427062390671193,-0.22842465613605634,-1.0427062697689164,2.0575021020263762e-08,3.0701797104626394e-08,3.695851505996881e-08,3.0701797104626394e-08,21.980125282877633,1.7903536431163047e-07,-1.7903536431163047e-07,-8.145329498772046e-09,21.98012550936007,4.744707382542401e-08,4.744707382542401e-08,2.158635259277294e-09
higher_energy_wide_swing,rk45_strict,RK45,1e-08,1e-10,1.018363939899833,0.7761485579537581,-1.2099299815508233,0.7761485685883791,-1.209929945537717,1.0634620961624819e-08,3.601310627487919e-08,3.601310627487919e-08,-0.23505511378930088,-1.0667018092774563,-0.23505509348457077,-1.0667018355210676,2.030473011949141e-08,2.6243611284115786e-08,3.318145865475403e-08,2.6243611284115786e-08,21.98012355453138,1.907381616206294e-06,-1.907381616206294e-06,-8.677755818597992e-08,21.980125597213632,1.3530063469602283e-07,1.3530063469602283e-07,6.155589736303862e-09
higher_energy_wide_swing,rk45_strict,RK45,1e-08,1e-10,1.0217028380634392,0.760049971624597,-1.1960943843670921,0.7600499916884791,-1.19609437422504,2.0063882111287512e-08,1.014205208704766e-08,2.0063882111287512e-08,-0.24165908539572944,-1.0907967512900107,-0.24165906714145402,-1.090796746905209,1.8254275424567368e-08,4.384801854939724e-09,1.877352014362376e-08,1.8254275424567368e-08,21.980125004437056,4.5747594157319327e-07,-4.5747594157319327e-07,-2.0813163344581644e-08,21.98012565807385,1.961608511180657e-07,1.961608511180657e-07,8.924464578601782e-09
higher_energy_wide_swing,rk45_strict,RK45,1e-08,1e-10,1.0250417362270452,0.7438422307717559,-1.1819562393752017,0.7438422550946492,-1.1819562364758438,2.432289325504655e-08,2.8993578649050278e-09,2.432289325504655e-08,-0.24822912879333126,-1.1149876903963845,-0.24822910979559587,-1.1149876766097786,1.8997735384829184e-08,1.3786605856935807e-08,2.347305797731705e-08,1.8997735384829184e-08,21.980126974660614,1.5127476160614606e-06,1.5127476160614606e-06,6.882342954241724e-08,21.980125617641928,1.5572893019566436e-07,1.5572893019566436e-07,7.084988230185962e-09
higher_energy_wide_swing,rk45_strict,RK45,1e-08,1e-10,1.0283806343906512,0.7275183337330325,-1.167509184275684,0.7275183539617072,-1.1675091697745907,2.022867462425637e-08,1.45010932151024e-08,2.022867462425637e-08,-0.25475763733748846,-1.1392709456064136,-0.2547576165393016,-1.1392709454917314,2.0798186839421362e-08,1.1468226368549495e-10,2.0798503018945474e-08,2.0798186839421362e-08,21.980127258713026,1.7968000278756335e-06,1.7968000278756335e-06,8.17465774246428e-08,21.980125583532857,1.2161985907255257e-07,1.2161985907255257e-07,5.533174015921546e-09
higher_energy_wide_swing,rk45_strict,RK45,1e-08,1e-10,1.0317195325542572,0.7110708883482421,-1.1527463944733616,0.7110708957641477,-1.1527463576465466,7.415905667329525e-09,3.682681493089035e-08,3.682681493089035e-08,-0.26123684615709597,-1.1636424937380858,-0.26123682558741823,-1.1636425225535045,2.0569677738890846e-08,2.8815418717798025e-08,3.540395455544262e-08,2.8815418717798025e-08,21.98012434888844,1.1130245560764251e-06,-1.1130245560764251e-06,-5.0637770835524396e-08,21.98012590100614,4.390931422904032e-07,4.390931422904032e-07,1.9976826021819603e-08
higher_energy_wide_swing,rk45_strict,RK45,1e-08,1e-10,1.0350584307178632,0.6944920761445291,-1.137660516772796,0.6944920833710848,-1.137660481754948,7.226555687189773e-09,3.5017847954676995e-08,3.5017847954676995e-08,-0.26765881096721134,-1.1880979618040393,-0.26765879071681864,-1.1880979889631695,2.0250392696041786e-08,2.7159130278064936e-08,3.387767350047529e-08,2.7159130278064936e-08,21.980123956312507,1.5056004905034115e-06,-1.5056004905034115e-06,-6.849826645040335e-08,21.980125927565723,4.6565272526777335e-07,4.6565272526777335e-07,2.1185171398345883e-08
higher_energy_wide_swing,rk45_strict,RK45,1e-08,1e-10,1.0383973288814692,0.6777736497280579,-1.1222436643335216,0.6777736702911423,-1.1222436527552437,2.0563084457414504e-08,1.1578277891999278e-08,2.0563084457414504e-08,-0.27401538309015105,-1.2126325321366713,-0.2740153620510536,-1.2126325296752818,2.103909746420385e-08,2.4613895366343286e-09,2.1182588617997607e-08,2.103909746420385e-08,21.980125389767856,7.214514141651307e-08,-7.214514141651307e-08,-3.282289791362913e-09,21.9801254448954,1.7017597997437406e-08,-1.7017597997437406e-08,-7.742266088028195e-10
higher_energy_wide_swing,rk45_strict,RK45,1e-08,1e-10,1.0417362270450752,0.6609068940039988,-1.1064873416101448,0.6609069195723883,-1.106487337274523,2.556838951672802e-08,4.3356218615286934e-09,2.556838951672802e-08,-0.2802981800186519,-1.237240925199081,-0.28029815789253476,-1.2372409133809734,2.2126117160681247e-08,1.181810760364499e-08,2.508451171419377e-08,2.2126117160681247e-08,21.980126307363605,8.454506073007906e-07,8.454506073007906e-07,3.846432126903831e-08,21.980125237291762,2.2462123538957712e-07,-2.2462123538957712e-07,-1.0219288137312918e-08
higher_energy_wide_swing,rk45_strict,RK45,1e-08,1e-10,1.0450751252086812,0.6438825884101734,-1.0903823790847982,0.6438826038023359,-1.090382357911515,1.5392162433514045e-08,2.1173283126785236e-08,2.1173283126785236e-08,-0.28649855432986704,-1.2619173595093347,-0.2864985322345065,-1.261917369045886,2.2095360541207754e-08,9.536551326405629e-09,2.406555149268617e-08,2.2095360541207754e-08,21.980124604101,8.5781199743451e-07,-8.5781199743451e-07,-3.9026710694664614e-08,21.980125579031252,1.1711825464999492e-07,1.1711825464999492e-07,5.3283706161248525e-09
higher_energy_wide_swing,rk45_strict,RK45,1e-08,1e-10,1.0484140233722872,0.6266909554112714,-1.0739188569691838,0.6266909661020872,-1.0739188296495656,1.0690815788194641e-08,2.7319618123300415e-08,2.7319618123300415e-08,-0.29260756360206397,-1.286655514954555,-0.29260754192000027,-1.2866555327007378,2.1682063700012577e-08,1.7746182745526085e-08,2.801854543563978e-08,2.1682063700012577e-08,21.980124757582974,7.043300236375671e-07,-7.043300236375671e-07,-3.204394919665154e-08,21.9801261205879,6.586749030645933e-07,6.586749030645933e-07,2.996684000762145e-08
higher_energy_wide_swing,rk45_strict,RK45,1e-08,1e-10,1.0517529215358932,0.6093216396784925,-1.0570860716100496,0.6093216570414868,-1.0570860542260654,1.7362994264580323e-08,1.7383984252106188e-08,1.7383984252106188e-08,-0.29861593090804817,-1.3114484239498714,-0.29861590812706185,-1.3114484291530184,2.2780986319581586e-08,5.203147024346322e-09,2.3367628819585597e-08,2.2780986319581586e-08,21.98012640286095,9.409479524435937e-07,9.409479524435937e-07,4.280903464696148e-08,21.980125793322568,3.314095700091002e-07,3.314095700091002e-07,1.5077692371836746e-08
higher_energy_wide_swing,rk45_strict,RK45,1e-08,1e-10,1.0550918196994992,0.5917636563286011,-1.0398724506036263,0.5917636788171622,-1.0398724402576482,2.2488561124411888e-08,1.0345978074255413e-08,2.2488561124411888e-08,-0.304514001475378,-1.3362884099097228,-0.30451397757233156,-1.3362884062867737,2.3903046431072994e-08,3.6229490518735474e-09,2.4176049894854677e-08,2.3903046431072994e-08,21.980126055867416,5.939544180932899e-07,5.939544180932899e-07,2.7022339755179733e-08,21.98012508755139,3.743616083795587e-07,-3.743616083795587e-07,-1.7031823090739394e-08
higher_energy_wide_swing,rk45_strict,RK45,1e-08,1e-10,1.0584307178631052,0.5740053229357552,-1.0222654525720283,0.5740053370791481,-1.0222654299817424,1.4143392901289076e-08,2.259028586415468e-08,2.259028586415468e-08,-0.3102916985946852,-1.3611670267478455,-0.31029167493866605,-1.3611670383440846,2.3656019143558638e-08,1.1596239080091664e-08,2.6345398128004403e-08,2.3656019143558638e-08,21.98012401415663,1.4477563681225547e-06,-1.4477563681225547e-06,-6.586661075393843e-08,21.98012554078582,7.887282293950193e-08,7.887282293950193e-08,3.588370006175451e-09
higher_energy_wide_swing,rk45_strict,RK45,1e-08,1e-10,1.0617696160267112,0.5560341989347157,-1.00425147975731,0.5560342109648925,-1.0042514548593136,1.2030176743671461e-08,2.4897996553363555e-08,2.4897996553363555e-08,-0.3159384730119643,-1.3860749584451062,-0.31593844943082194,-1.3860749731032593,2.3581142372108843e-08,1.4658153135727048e-08,2.7765657365243338e-08,2.3581142372108843e-08,21.980124942080895,5.198321026966823e-07,-5.198321026966823e-07,-2.365009715697227e-08,21.980126384467404,9.225544062019253e-07,9.225544062019253e-07,4.197220838436618e-08
higher_energy_wide_swing,rk45_strict,RK45,1e-08,1e-10,1.0651085141903172,0.5378370434768357,-0.985815815008941,0.5378370624695881,-0.9858157999267758,1.899275237082776e-08,1.508216518342209e-08,1.899275237082776e-08,-0.321443243257688,-1.4110018626162666,-0.3214432186182393,-1.4110018654610124,2.4639448703567268e-08,2.8447457722791114e-09,2.4803125023363942e-08,2.4639448703567268e-08,21.980126383825713,9.219127150572604e-07,9.219127150572604e-07,4.194301423141301e-08,21.980125682742493,2.2082949513446692e-07,2.2082949513446692e-07,1.0046780466158789e-08
higher_energy_wide_swing,rk45_strict,RK45,1e-08,1e-10,1.0684474123539232,0.5193997295315358,-0.966942494052136,0.5193997479066729,-0.966942477871093,1.8375137078585624e-08,1.6181042949980906e-08,1.8375137078585624e-08,-0.3267943315680068,-1.4359362636853816,-0.3267943064283293,-1.435936267884196,2.5139677506391678e-08,4.198814407274654e-09,2.548790747692154e-08,2.5139677506391678e-08,21.980124722336306,7.395766914441992e-07,-7.395766914441992e-07,-3.3647519106555256e-08,21.980124874300422,5.876125754866734e-07,-5.876125754866734e-07,-2.673381353099573e-08
higher_energy_wide_swing,rk45_strict,RK45,1e-08,1e-10,1.0717863105175292,0.5007071398481172,-0.9476141597117456,0.5007071547309514,-0.9476141387772226,1.4882834187268656e-08,2.093452300400145e-08,2.093452300400145e-08,-0.33197939579718155,-1.4608654331677817,-0.331979370523464,-1.4608654430227008,2.5273717563223386e-08,9.854919102991744e-09,2.712711245215933e-08,2.5273717563223386e-08,21.98012468117598,7.807370181467377e-07,-7.807370181467377e-07,-3.552013474625489e-08,21.980125752787806,2.9087480868383864e-07,2.9087480868383864e-07,1.3233537232890886e-08
higher_energy_wide_swing,rk45_strict,RK45,1e-08,1e-10,1.0751252086811351,0.4817431135616869,-0.9278119856771574,0.48174312959168153,-0.9278119665306049,1.6029994609478848e-08,1.9146552454607502e-08,1.9146552454607502e-08,-0.33698534767955357,-1.4857751478645806,-0.3369853219939399,-1.485775155760666,2.5685613691539544e-08,7.896085341130288e-09,2.687189822891967e-08,2.5685613691539544e-08,21.980125613832993,1.5191999480634877e-07,1.5191999480634877e-07,6.911698255298617e-09,21.980126425512392,9.635993940548815e-07,9.635993940548815e-07,4.3839576608632174e-08
higher_energy_wide_swing,rk45_strict,RK45,1e-08,1e-10,1.0784641068447414,0.4624903406591456,-0.9075155239809222,0.4624903586289453,-0.9075155074625854,1.796979964829859e-08,1.651833680949011e-08,1.796979964829859e-08,-0.34179826402068475,-1.5106494944508382,-0.34179823776828944,-1.5106494994491657,2.625239531317547e-08,4.99832752964835e-09,2.672398805891213e-08,2.625239531317547e-08,21.980125073090466,3.888225315051841e-07,-3.888225315051841e-07,-1.7689732125457288e-08,21.980124727586002,7.343269956550103e-07,-7.343269956550103e-07,-3.340868080700662e-08
higher_energy_wide_swing,rk45_strict,RK45,1e-08,1e-10,1.0818030050083474,0.4429302348509556,-0.8867025266227702,0.4429302501377902,-0.886702506342705,1.5286834575967134e-08,2.0280065182731732e-08,2.0280065182731732e-08,-0.34640328970041406,-1.535470651550358,-0.3464032630723513,-1.5354706607154816,2.6628062754774362e-08,9.165123548982024e-09,2.816120053797967e-08,2.6628062754774362e-08,21.980124725664616,7.362483813722065e-07,-7.362483813722065e-07,-3.3496095490809295e-08,21.98012555508866,9.317566096456176e-08,9.317566096456176e-08,4.2390868571708506e-09
higher_energy_wide_swing,rk45_strict,RK45,1e-08,1e-10,1.0851419031719534,0.42304284625257665,-0.8653488228386412,0.4230428624021651,-0.865348803924149,1.6149588444314134e-08,1.891449219471042e-08,1.891449219471042e-08,-0.35078452748464745,-1.5602185515772393,-0.3507845004950665,-1.5602185593472455,2.698958095903592e-08,7.770006194007806e-09,2.8085770001893734e-08,2.698958095903592e-08,21.980124846360273,6.155527252360571e-07,-6.155527252360571e-07,-2.800496868421804e-08,21.98012651049999,1.048586991458933e-06,1.048586991458933e-06,4.770614222725511e-08
higher_energy_wide_swing,rk45_strict,RK45,1e-08,1e-10,1.0884808013355594,0.40280674072910116,-0.8434281469091024,0.4028067571696095,-0.8434281283649114,1.6440508343595894e-08,1.85441909605899e-08,1.85441909605899e-08,-0.3549249160798921,-1.5848705339138602,-0.3549248886250634,-1.5848705413203032,2.7454828743778137e-08,7.40644301444604e-09,2.8436297569768514e-08,2.7454828743778137e-08,21.98012530487911,1.570338881151656e-07,-1.570338881151656e-07,-7.144358133317883e-09,21.980124634272983,8.276400151885355e-07,-8.276400151885355e-07,-3.7654016880962036e-08
higher_energy_wide_swing,rk45_strict,RK45,1e-08,1e-10,1.0918196994991654,0.38219885507421136,-0.8209119347772504,0.38219887011137926,-0.8209119142936919,1.5037167899745185e-08,2.048355851602679e-08,2.048355851602679e-08,-0.35880609684526676,-1.609400957243038,-0.35880606893242395,-1.6094009666239582,2.7912842814892258e-08,9.38092004076907e-09,2.944704492508858e-08,2.7912842814892258e-08,21.98012464477386,8.171391385758398e-07,-8.171391385758398e-07,-3.717627271926962e-08,21.980125907728272,4.4581527447462577e-07,4.4581527447462577e-07,2.0282653765881876e-08
higher_energy_wide_swing,rk45_strict,RK45,1e-08,1e-10,1.0951585976627713,0.3611943972148981,-0.7977691829616618,0.3611944135717415,-0.7977691644351667,1.6356843379750075e-08,1.85264951158004e-08,1.85264951158004e-08,-0.36240826771967166,-1.6337806654615759,-0.36240823948109796,-1.6337806729424678,2.823857370159999e-08,7.480891905942144e-09,2.921268197904953e-08,2.823857370159999e-08,21.980124550714645,9.111983523268918e-07,-9.111983523268918e-07,-4.145555738095352e-08,21.980125657133094,1.95220096088633e-07,1.95220096088633e-07,8.881664321111769e-09
higher_energy_wide_swing,rk45_strict,RK45,1e-08,1e-10,1.0984974958263773,0.3397667191766998,-0.7739662668297682,0.33976673406647057,-0.7739662461875053,1.4889770749704212e-08,2.064226289899551e-08,2.064226289899551e-08,-0.36571002441387057,-1.657976407946017,-0.3657099956131218,-1.657976417412216,2.880074878586214e-08,9.466198935825787e-09,3.031653101723495e-08,2.880074878586214e-08,21.98012545008012,1.1832877788719998e-08,-1.1832877788719998e-08,-5.383444152411197e-10,21.98012530910423,1.5280876652923325e-07,-1.5280876652923325e-07,-6.9521334986926794e-09
higher_energy_wide_swing,rk45_strict,RK45,1e-08,1e-10,1.1018363939899833,0.3178872044807427,-0.7494667807439713,0.3178872197916655,-0.7494667608465744,1.531092280737667e-08,1.989739695229531e-08,1.989739695229531e-08,-0.36868819287199006,-1.681950141511419,-0.36868816376224256,-1.681950150280904,2.9109747501365746e-08,8.769484916015813e-09,3.040199442940377e-08,2.9109747501365746e-08,21.980122627493937,2.8344190603490915e-06,-2.8344190603490915e-06,-1.2895372527607052e-07,21.980126335873745,8.739607473273736e-07,8.739607473273736e-07,3.976140849795268e-08
higher_energy_wide_swing,rk45_strict,RK45,1e-08,1e-10,1.1051752921535893,0.2955252075792806,-0.7242314479231928,0.29552522298331296,-0.7242314280799674,1.5404032382981825e-08,1.9843225396165565e-08,1.9843225396165565e-08,-0.37131765634859976,-1.7056581665702966,-0.37131762674959123,-1.7056581752313171,2.9599008521952186e-08,8.661020567402034e-09,3.084014563440904e-08,2.9599008521952186e-08,21.9801268468533,1.3849403011079175e-06,1.3849403011079175e-06,6.300875322607836e-08,21.980125001183175,4.6072982229361514e-07,-4.6072982229361514e-07,-2.0961200748920402e-08
higher_energy_wide_swing,rk45_strict,RK45,1e-08,1e-10,1.1085141903171953,0.2726480241062709,-0.6982180716453125,0.2726480382978418,-0.6982180502853028,1.419157086290923e-08,2.13600096499178e-08,2.13600096499178e-08,-0.37357118408803747,-1.7290501290741036,-0.3735711540591552,-1.729050138983923,3.0028882269661494e-08,9.909819409514853e-09,3.1621800883162674e-08,3.0028882269661494e-08,21.980122075528158,3.3863848400983443e-06,-3.3863848400983443e-06,-1.5406576481859703e-07,21.980126280570424,8.186574262936119e-07,8.186574262936119e-07,3.724534819931649e-08
higher_energy_wide_swing,rk45_strict,RK45,1e-08,1e-10,1.1118530884808013,0.24922094112296136,-0.6713815975615184,0.24922095713680126,-0.6713815786443189,1.6013839893025406e-08,1.8917199473555968e-08,1.8917199473555968e-08,-0.375419275692791,-1.7520678352539574,-0.37541924536223414,-1.7520678430719494,3.033055684387165e-08,7.81799203153355e-09,3.132193604910864e-08,3.033055684387165e-08,21.980127295195402,1.8332824041067397e-06,1.8332824041067397e-06,8.340636668718922e-08,21.980125231944577,2.2996842119482608e-07,-2.2996842119482608e-07,-1.046256180808948e-08
higher_energy_wide_swing,rk45_strict,RK45,1e-08,1e-10,1.1151919866444073,0.22520745196064548,-0.6436744001228973,0.22520746496299648,-0.6436743772271086,1.300235100143432e-08,2.2895788709398346e-08,2.2895788709398346e-08,-0.37683004377583695,-1.7746438154320439,-0.37683001278757366,-1.774643826269154,3.098826328873372e-08,1.0837110098194103e-08,3.282857622456786e-08,3.098826328873372e-08,21.980122564218853,2.897694145076457e-06,-2.897694145076457e-06,-1.318324661111494e-07,21.980125762871307,3.009583089408352e-07,3.009583089408352e-07,1.3692292587789527e-08
higher_energy_wide_swing,rk45_strict,RK45,1e-08,1e-10,1.1185308848080133,0.20056959854492037,-0.6150467471350227,0.20056961556825315,-0.6150467297230223,1.702333277120438e-08,1.7412000397065697e-08,1.7412000397065697e-08,-0.37776916044042413,-1.7966997319484408,-0.3777691295371638,-1.7966997386035908,3.090326033960977e-08,6.6551499866562835e-09,3.161174656615147e-08,3.090326033960977e-08,21.980126950197274,1.4882842762631299e-06,1.4882842762631299e-06,6.771045410282203e-08,21.98012563431677,1.7240377303551213e-07,1.7240377303551213e-07,7.843620971784357e-09
higher_energy_wide_swing,rk45_strict,RK45,1e-08,1e-10,1.1218697829716193,0.17526869816707902,-0.5854477929860231,0.1752687098933154,-0.5854477684128913,1.1726236370801502e-08,2.4573131862659636e-08,2.4573131862659636e-08,-0.3781999318577639,-1.8181444521176975,-0.37819989983033786,-1.818144463651402,3.202742604457853e-08,1.1533704435962022e-08,3.404089242451022e-08,3.202742604457853e-08,21.980124239679668,1.2222333296563193e-06,-1.2222333296563193e-06,-5.560629450337744e-08,21.980125127282207,3.3463079063267287e-07,-3.3463079063267287e-07,-1.5224243883981404e-08
higher_energy_wide_swing,rk45_strict,RK45,1e-08,1e-10,1.1252086811352253,0.14926636961084416,-0.5548269891460537,0.1492663857971058,-0.5548269708168789,1.6186261636574883e-08,1.8329174733544562e-08,1.8329174733544562e-08,-0.3780835505034976,-1.8388720386563016,-0.37808351891757547,-1.838872045904939,3.1585922155574764e-08,7.248637468038055e-09,3.240699343600196e-08,3.1585922155574764e-08,21.98012684179362,1.3798806222098392e-06,1.3798806222098392e-06,6.277855986768075e-08,21.980125944981644,4.830686464174505e-07,4.830686464174505e-07,2.1977519976148832e-08
higher_energy_wide_swing,rk45_strict,RK45,1e-08,1e-10,1.1285475792988313,0.1225262535724981,-0.5231364554345077,0.12252626549807785,-0.5231364312372294,1.1925579745941661e-08,2.4197278292170665e-08,2.4197278292170665e-08,-0.37737965658733563,-1.8587595160608186,-0.37737962379011236,-1.858759526692225,3.279722327054202e-08,1.0631406421879319e-08,3.4477306402399826e-08,3.279722327054202e-08,21.980123582042026,1.879870971777109e-06,-1.879870971777109e-06,-8.55259436546227e-08,21.980125527445253,6.553225517791361e-08,6.553225517791361e-08,2.981432262134601e-09
higher_energy_wide_swing,rk45_strict,RK45,1e-08,1e-10,1.1318864774624375,0.09501640392124931,-0.4903342858516089,0.09501641473863594,-0.49033426019554804,1.0817386625339154e-08,2.56560608313805e-08,2.56560608313805e-08,-0.37604731468518193,-1.8776648223299803,-0.37604728128344084,-1.87766483338567,3.34017410952292e-08,1.1055689697059279e-08,3.5183868219261874e-08,3.34017410952292e-08,21.980124219835616,1.242077381391482e-06,-1.242077381391482e-06,-5.650911244996052e-08,21.980125458290637,3.622361077759706e-09,-3.622361077759706e-09,-1.648016561159538e-10
higher_energy_wide_swing,rk45_strict,RK45,1e-08,1e-10,1.1352253756260435,0.06671274398943618,-0.4563893361666636,0.06671275403513176,-0.45638930952470325,1.0045695580940261e-08,2.6641960360063166e-08,2.6641960360063166e-08,-0.37404660598152945,-1.8954251306475758,-0.37404657204303504,-1.8954251417192713,3.3938494403695785e-08,1.1071695560360695e-08,3.5698793326539775e-08,3.3938494403695785e-08,21.980124693376588,7.685364096232661e-07,-7.685364096232661e-07,-3.496506018380015e-08,21.9801256093181,1.474051032346324e-07,1.474051032346324e-07,6.706290348071712e-09
higher_energy_wide_swing,rk45_strict,RK45,1e-08,1e-10,1.1385642737896495,0.0376036431004952,-0.42128757507148845,0.037603653452345426,-0.4212875489280004,1.0351850224243897e-08,2.6143488041086016e-08,2.6143488041086016e-08,-0.3713410037007313,-1.9118562277019597,-0.3713409694986149,-1.9118562380037918,3.420211641680382e-08,1.0301832054082638e-08,3.571991756792176e-08,3.420211641680382e-08,21.980124695987172,7.65925825874092e-07,-7.65925825874092e-07,-3.48462899905318e-08,21.98012561555728,1.5364428307407252e-07,1.5364428307407252e-07,6.990145863375813e-09
higher_energy_wide_swing,rk45_strict,RK45,1e-08,1e-10,1.1419031719532555,0.007695697936145315,-0.3850401201155251,0.007695708001454082,-0.3850400936550418,1.0065308767015502e-08,2.6460483248946787e-08,2.6460483248946787e-08,-0.3679006977304238,-1.9267537527141192,-0.3679006631422772,-1.92675376257512,3.458814656909226e-08,9.86100090472064e-09,3.5966362367188454e-08,3.458814656909226e-08,21.980124751133815,7.107791830662791e-07,-7.107791830662791e-07,-3.233735786894902e-08,21.980125597881507,1.3596850934050053e-07,1.3596850934050053e-07,6.1859751244871545e-09
higher_energy_wide_swing,rk45_strict,RK45,1e-08,1e-10,1.1452420701168615,-0.022979573921866774,-0.3476925553698721,-0.022979564112206044,-0.34769252864164474,9.809660729553915e-09,2.67282273536118e-08,2.67282273536118e-08,-0.3637068975516664,-1.939897410309121,-0.36370686261574703,-1.939897419641614,3.493591937964169e-08,9.33249300061334e-09,3.61609442424741e-08,3.493591937964169e-08,21.980125045679017,4.1623398061574335e-07,-4.1623398061574335e-07,-1.893683370174527e-08,21.980125498538072,3.6625074528728874e-08,3.6625074528728874e-08,1.6662814137340817e-09
higher_energy_wide_swing,rk45_strict,RK45,1e-08,1e-10,1.1485809682804675,-0.05435894859583272,-0.30933439140156765,-0.05435893877480435,-0.30933436477636295,9.821028372491991e-09,2.662520470764207e-08,2.662520470764207e-08,-0.35875686921901623,-1.9510593246902488,-0.3587568340510174,-1.9510593333292159,3.51679988463971e-08,8.63896709724088e-09,3.621353193721096e-08,3.51679988463971e-08,21.98012750297943,2.0410664305359205e-06,2.0410664305359205e-06,9.285963513141295e-08,21.98012521290235,2.4901064676896567e-07,-2.4901064676896567e-07,-1.132890015575432e-08
higher_energy_wide_swing,rk45_strict,RK45,1e-08,1e-10,1.1519198664440735,-0.08634212015470284,-0.2701065756961134,-0.08634211133534177,-0.2701065477562677,8.819361074774434e-09,2.7939845714808342e-08,2.7939845714808342e-08,-0.35306903033051273,-1.9600172980577826,-0.3530689946171894,-1.9600173062736237,3.5713323354169546e-08,8.215841118541789e-09,3.6646166379098836e-08,3.5713323354169546e-08,21.980125462488104,5.751061848968675e-10,5.751061848968675e-10,2.6164827215995984e-11,21.980124910043322,5.518696752915275e-07,-5.518696752915275e-07,-2.5107667208169638e-08
higher_energy_wide_swing,rk45_strict,RK45,1e-08,1e-10,1.1552587646076795,-0.11878983643597374,-0.23020411993845974,-0.11878982826157197,-0.23020409117735594,8.174401766591899e-09,2.8761103804120225e-08,2.8761103804120225e-08,-0.34668692259511047,-1.9665726201517035,-0.3466868864759341,-1.9665726276830582,3.6119176372029216e-08,7.531354651035826e-09,3.6896018818748354e-08,3.6119176372029216e-08,21.980125609426885,1.4751388732747728e-07,1.4751388732747728e-07,6.711239550615317e-09,21.980124952699427,5.092135708650858e-07,-5.092135708650858e-07,-2.316700019512843e-08
higher_energy_wide_swing,rk45_strict,RK45,1e-08,1e-10,1.1585976627712855,-0.15152762024894745,-0.18987094542170455,-0.15152761292816053,-0.189870915554144,7.3207869211167065e-09,2.986756053591222e-08,2.986756053591222e-08,-0.3396805855018814,-1.9705702396427194,-0.33968054893418,-1.9705702463847494,3.656770142246302e-08,6.742030045359115e-09,3.718402555473155e-08,3.656770142246302e-08,21.980124983884572,4.78028425732191e-07,-4.78028425732191e-07,-2.174821188170719e-08,21.980125291132964,1.707800336703258e-07,-1.707800336703258e-07,-7.769747900950437e-09
higher_energy_wide_swing,rk45_strict,RK45,1e-08,1e-10,1.1619365609348915,-0.18435609579041867,-0.14938551698668412,-0.1843560892261951,-0.14938548616343272,6.564223581362327e-09,3.0823251395695195e-08,3.0823251395695195e-08,-0.3321440999162305,-1.971917209249928,-0.3321440629832768,-1.9719172150406794,3.693295369533445e-08,5.7907514339206045e-09,3.738416604434519e-08,3.693295369533445e-08,21.980124495949095,9.659639026438072e-07,-9.659639026438072e-07,-4.3947151453599406e-08,21.98012578441611,3.225031122155997e-07,3.225031122155997e-07,1.4672487323806715e-08
higher_energy_wide_swing,rk45_strict,RK45,1e-08,1e-10,1.1652754590984975,-0.21706680496353445,-0.10903881797182714,-0.21706679870535667,-0.10903878683721378,6.2581777815484685e-09,3.113461335968459e-08,3.113461335968459e-08,-0.32418906838355294,-1.9705945160579383,-0.32418903132252375,-1.9705945207938957,3.706102918998866e-08,4.7359574040228836e-09,3.7362403257203765e-08,3.706102918998866e-08,21.980124889974,5.719389974956357e-07,-5.719389974956357e-07,-2.602073398018985e-08,21.980126096263913,6.343509149075999e-07,6.343509149075999e-07,2.8860204460925327e-08
higher_energy_wide_swing,rk45_strict,RK45,1e-08,1e-10,1.1686143572621035,-0.24946019582464718,-0.06910929705663796,-0.2494601890614187,-0.06910926674527532,6.763228477257854e-09,3.031136264208811e-08,3.031136264208811e-08,-0.31593519836209416,-1.9666587330700265,-0.3159351615692093,-1.9666587368328678,3.679288484992327e-08,3.762841371823811e-09,3.698479891481394e-08,3.679288484992327e-08,21.980125375496698,8.641629989369903e-08,-8.641629989369903e-08,-3.931565360872965e-09,21.980126054519886,5.926068880057755e-07,5.926068880057755e-07,2.6961033003776092e-08
higher_energy_wide_swing,rk45_strict,RK45,1e-08,1e-10,1.1719532554257095,-0.281361488327194,-0.029840783230609666,-0.2813614809805042,-0.02984075384945076,7.346689812059992e-09,2.938115890513404e-08,2.938115890513404e-08,-0.3075002124833297,-1.9602330895733644,-0.30750017605744595,-1.960233092489901,3.642588375374345e-08,2.9165365678096578e-09,3.654245739947714e-08,3.642588375374345e-08,21.98012507597894,3.859340580447679e-07,-3.859340580447679e-07,-1.7558319160348363e-08,21.98012575847258,2.9655958400098825e-07,2.9655958400098825e-07,1.3492169756485901e-08
higher_energy_wide_swing,rk45_strict,RK45,1e-08,1e-10,1.1752921535893155,-0.3126310743064915,0.008571966649100107,-0.3126310669283193,0.008571995867640833,7.378172184324683e-09,2.9218540725794995e-08,2.9218540725794995e-08,-0.2989913763744738,-1.9514909035028518,-0.2989913401364717,-1.9514909055216485,3.6238002099064914e-08,2.0187966853768557e-09,3.629419149380134e-08,3.6238002099064914e-08,21.980124947978283,5.139347152294249e-07,-5.139347152294249e-07,-2.338179170632885e-08,21.980125381412705,8.050029265405101e-08,-8.050029265405101e-08,-3.6624127916622374e-09
higher_energy_wide_swing,rk45_strict,RK45,1e-08,1e-10,1.1786310517529215,-0.34316831011508936,0.04598850128006628,-0.3431683027655909,0.045988530418341556,7.349498454267689e-09,2.9138275278728365e-08,2.9138275278728365e-08,-0.2905000599944552,-1.9406360602340464,-0.29050002396601365,-1.9406360613673956,3.6028441563473734e-08,1.1333491922727035e-09,3.6046263077942865e-08,3.6028441563473734e-08,21.980124844352225,6.175607722980203e-07,-6.175607722980203e-07,-2.8096326081856318e-08,21.980125325374487,1.3653851027584096e-07,-1.3653851027584096e-07,-6.211907685078227e-09
higher_energy_wide_swing,rk45_strict,RK45,1e-08,1e-10,1.1819699499165275,-0.37290968493949883,0.08232007063031904,-0.37290967769543454,0.08232009979608355,7.24406429286617e-09,2.9165764511840386e-08,2.9165764511840386e-08,-0.28209954903001894,-1.9278848294310145,-0.2820995132168324,-1.9278848296720028,3.58131865274558e-08,2.4098834039421035e-10,3.581399732828699e-08,3.58131865274558e-08,21.980124672741653,7.891713451613214e-07,-7.891713451613214e-07,-3.590385989965306e-08,21.98012539813592,6.377707606475269e-08,-6.377707606475269e-08,-2.901579255098664e-09
higher_energy_wide_swing,rk45_strict,RK45,1e-08,1e-10,1.1853088480801335,-0.4018234536852148,0.11752210611317934,-0.4018234464320352,0.11752213514157195,7.2531796124764014e-09,2.902839260632284e-08,2.902839260632284e-08,-0.2738454381941453,-1.913451598625981,-0.2738454026905248,-1.9134515980590483,3.550362048798661e-08,5.669327229895771e-10,3.5508146677451065e-08,3.550362048798661e-08,21.980124668633806,7.932791916687165e-07,-7.932791916687165e-07,-3.609074902885814e-08,21.980125411099127,5.0813870444699205e-08,-5.0813870444699205e-08,-2.3118098453418346e-09
higher_energy_wide_swing,rk45_strict,RK45,1e-08,1e-10,1.1886477462437397,-0.42990283341808117,0.15158471626915615,-0.4299028262850086,0.1515847453320669,7.133072577047983e-09,2.906291074467049e-08,2.906291074467049e-08,-0.2657776135788968,-1.8975392707274386,-0.2657775783652424,-1.8975392693117368,3.5213654381305304e-08,1.415701778029188e-09,3.524210076613392e-08,3.5213654381305304e-08,21.9801246472963,8.146166976530367e-07,-8.146166976530367e-07,-3.706151264079901e-08,21.980125410426545,5.148645243480132e-08,-5.148645243480132e-08,-2.3424093972537453e-09
higher_energy_wide_swing,rk45_strict,RK45,1e-08,1e-10,1.1919866444073457,-0.45715928679566487,0.1845233211352821,-0.45715927945229357,0.1845233497526705,7.343371299928236e-09,2.861738840342909e-08,2.861738840342909e-08,-0.2579229232640946,-1.8803338320445633,-0.2579228885432395,-1.8803338300352732,3.4720855079939383e-08,2.0092900676615955e-09,3.47789451257245e-08,3.4720855079939383e-08,21.980124301716334,1.1601966640739647e-06,-1.1601966640739647e-06,-5.2783896346922366e-08,21.98012546713032,5.2173234621477604e-09,5.2173234621477604e-09,2.3736549962775693e-10
higher_energy_wide_swing,rk45_strict,RK45,1e-08,1e-10,1.1953255425709517,-0.4836167128704895,0.2163705648798846,-0.48361670424677866,0.21637059155040306,8.62371085652569e-09,2.6670518460392145e-08,2.6670518460392145e-08,-0.2502979172922192,-1.862002072727316,-0.2502978836088403,-1.8620020710114114,3.368337886389128e-08,1.7159047516202008e-09,3.37270565096492e-08,3.368337886389128e-08,21.98012402274874,1.4391642579880681e-06,-1.4391642579880681e-06,-6.5475707155623e-08,21.980125361803147,1.0010985107555825e-07,-1.0010985107555825e-07,-4.5545623135330995e-09
higher_energy_wide_swing,rk45_strict,RK45,1e-08,1e-10,1.1986644407345577,-0.5093068368213122,0.24716990809542125,-0.5093068283109181,0.24716993478552982,8.510394056138182e-09,2.669010856770626e-08,2.669010856770626e-08,-0.24291131436215194,-1.842691400952291,-0.24291128105291238,-1.8426913985716968,3.3309239561019055e-08,2.3805941662402574e-09,3.339420112411276e-08,3.3309239561019055e-08,21.980125988136717,5.262237188219387e-07,5.262237188219387e-07,2.3940887859524522e-08,21.980124969517146,4.923958520919314e-07,-4.923958520919314e-07,-2.2401867220692226e-08
higher_energy_wide_swing,rk45_strict,RK45,1e-08,1e-10,1.2020033388981637,-0.5342657747829685,0.2769708619497616,-0.5342657673274218,0.2769708899941736,7.455546735535279e-09,2.804441195936036e-08,2.804441195936036e-08,-0.2357660555947959,-1.822530882786403,-0.23576602220264642,-1.822530878914282,3.33921494899414e-08,3.872121068226875e-09,3.361590351493769e-08,3.33921494899414e-08,21.98012495740511,5.045078879106768e-07,-5.045078879106768e-07,-2.2952912110755893e-08,21.98012541359772,4.831527888882192e-08,-4.831527888882192e-08,-2.19813480921855e-09
higher_energy_wide_swing,rk45_strict,RK45,1e-08,1e-10,1.2053422370617697,-0.5585315801812716,0.3058255911753156,-0.5585315705036812,0.3058256159322481,9.677590395718028e-09,2.4756932504033102e-08,2.4756932504033102e-08,-0.22886093907823063,-1.8016329097529766,-0.22886090726312425,-1.801632907427702,3.1815106382726555e-08,2.32527463950305e-09,3.189996702652409e-08,3.1815106382726555e-08,21.980123533114934,1.928798063488557e-06,-1.928798063488557e-06,-8.775191328324146e-08,21.980125623623053,1.6171005512433112e-07,1.6171005512433112e-07,7.357103370703736e-09
higher_energy_wide_swing,rk45_strict,RK45,1e-08,1e-10,1.2086811352253757,-0.582142568738443,0.33378660128814747,-0.5821425602995648,0.3337866275829245,8.438878151828533e-09,2.629477702242866e-08,2.629477702242866e-08,-0.22219187439362753,-1.780095094303546,-0.2221918425012162,-1.7800950903285933,3.1892411322953507e-08,3.974952811347521e-09,3.213916846847305e-08,3.1892411322953507e-08,21.980127069039234,1.6071262365358052e-06,1.6071262365358052e-06,7.311724581921163e-08,21.980124727336158,7.345768402444719e-07,-7.345768402444719e-07,-3.3420047647923635e-08
higher_energy_wide_swing,rk45_strict,RK45,1e-08,1e-10,1.2120200333889817,-0.6051362553115021,0.3609052753503863,-0.605136244082228,0.36090529773275803,1.1229274066160144e-08,2.2382371733797868e-08,2.2382371733797868e-08,-0.21575280812254005,-1.7580021281905207,-0.2157527779468647,-1.7580021266748713,3.017567534735477e-08,1.5156493837764629e-09,3.0213715026846604e-08,3.017567534735477e-08,21.980123319037833,2.1428751644236854e-06,-2.1428751644236854e-06,-9.749148921542072e-08,21.980125655034797,1.931217994410872e-07,1.931217994410872e-07,8.786200960305129e-09
higher_energy_wide_swing,rk45_strict,RK45,1e-08,1e-10,1.2153589315525877,-0.6275486411124792,0.3872308981609976,-0.6275486325832781,0.3872309239214948,8.52920112315303e-09,2.5760497179838637e-08,2.5760497179838637e-08,-0.20953643098986424,-1.7354275772089005,-0.209536400232592,-1.7354275724890966,3.07572722291205e-08,4.7198038810591925e-09,3.111729974872319e-08,3.07572722291205e-08,21.980124948444747,5.134682510288258e-07,-5.134682510288258e-07,-2.336056961633635e-08,21.98012473018434,7.31728658109887e-07,-7.31728658109887e-07,-3.3290467762698677e-08
higher_energy_wide_swing,rk45_strict,RK45,1e-08,1e-10,1.2186978297161937,-0.6494138794421244,0.41281020241689625,-0.6494138699457661,0.41281022680927837,9.496358255312032e-09,2.439238211415784e-08,2.439238211415784e-08,-0.20353465494080053,-1.7124354040161895,-0.20353462503418696,-1.7124353999729653,2.990661357449298e-08,4.043224199890005e-09,3.01786878015699e-08,2.990661357449298e-08,21.980124904055494,5.578575041909062e-07,-5.578575041909062e-07,-2.5380087350163567e-08,21.980125541632855,7.971985738208787e-08,7.971985738208787e-08,3.6269063850534365e-09
higher_energy_wide_swing,rk45_strict,RK45,1e-08,1e-10,1.2220367278797997,-0.6707640436337183,0.4376870583542396,-0.6707640353981665,0.4376870841184185,8.235551796076379e-09,2.57641789014329e-08,2.57641789014329e-08,-0.19773898987044058,-1.6890813921494932,-0.1977389600836426,-1.6890813863485497,2.9786797972608525e-08,5.800943503331268e-09,3.034640471274705e-08,2.9786797972608525e-08,21.980124837795927,6.241170709131438e-07,-6.241170709131438e-07,-2.839460912061714e-08,21.9801246211025,8.408104967827512e-07,-8.408104967827512e-07,-3.8253216444997164e-08
higher_energy_wide_swing,rk45_strict,RK45,1e-08,1e-10,1.2253756260434057,-0.6916291044131618,0.4619024498468008,-0.6916290950266001,0.46190247392213685,9.386561750091005e-09,2.407533605808254e-08,2.407533605808254e-08,-0.19214077979421895,-1.6654142939662075,-0.19214075101222172,-1.665414289223667,2.8781997229998524e-08,4.742540582469701e-09,2.9170105514447746e-08,2.8781997229998524e-08,21.98012505121203,4.1070096656881105e-07,-4.1070096656881105e-07,-1.8685105655127887e-08,21.98012572738932,2.6547632359097406e-07,2.6547632359097406e-07,1.2078016754316963e-08
higher_energy_wide_swing,rk45_strict,RK45,1e-08,1e-10,1.2287145242070117,-0.7120369313335556,0.48549448498026526,-0.7120369239089576,0.48549451150823447,7.424598047478526e-09,2.65279692102105e-08,2.65279692102105e-08,-0.1867313878548938,-1.6414768709493655,-0.1867313587717201,-1.6414768634212635,2.908317370264868e-08,7.52810191961828e-09,3.0041692880571766e-08,2.908317370264868e-08,21.98012476731877,6.945942274683148e-07,-6.945942274683148e-07,-3.160101286373013e-08,21.980124449826395,1.0120866029694753e-06,-1.0120866029694753e-06,-4.604553348538486e-08
higher_energy_wide_swing,rk45_strict,RK45,1e-08,1e-10,1.2320534223706177,-0.7320133895047835,0.5084985360448789,-0.7320133792443031,0.508498558325914,1.0260480354240542e-08,2.2281035017002182e-08,2.2281035017002182e-08,-0.18150230597108002,-1.6173067287131504,-0.1815022788770641,-1.6173067247230482,2.7094015919715275e-08,3.990102248607741e-09,2.7386248640734444e-08,2.7094015919715275e-08,21.980124929090763,5.328222343337075e-07,-5.328222343337075e-07,-2.424109158325679e-08,21.980125758427814,2.965148162559217e-07,2.965148162559217e-07,1.3490133019018495e-08
higher_energy_wide_swing,rk45_strict,RK45,1e-08,1e-10,1.2353923205342237,-0.7515824272087566,0.5309473671600323,-0.7515824196953813,0.5309473932374209,7.513375255285837e-09,2.6077388581846606e-08,2.6077388581846606e-08,-0.17644524116974436,-1.5929370672155958,-0.17644521319314654,-1.5929370591413972,2.7976597816170568e-08,8.074198643015507e-09,2.9118425594366073e-08,2.7976597816170568e-08,21.980124813602053,6.483109444843649e-07,-6.483109444843649e-07,-2.9495325020221262e-08,21.980125186563132,2.7534986557498087e-07,-2.7534986557498087e-07,-1.2527219922020242e-08
higher_energy_wide_swing,rk45_strict,RK45,1e-08,1e-10,1.2387312186978297,-0.7707662148505526,0.5528713317922669,-0.7707662063407881,0.5528713559949342,8.50976455968322e-09,2.4202667314732196e-08,2.4202667314732196e-08,-0.1715521563717357,-1.5683972710953475,-0.17155212967006694,-1.5683972643143553,2.670166876495017e-08,6.7809922121853106e-09,2.7549246273080385e-08,2.670166876495017e-08,21.98012476323789,6.986751088788878e-07,-6.986751088788878e-07,-3.178667519844448e-08,21.98012465488398,8.070290178352479e-07,-8.070290178352479e-07,-3.671630624828152e-08
higher_energy_wide_swing,rk45_strict,RK45,1e-08,1e-10,1.2420701168614359,-0.7895852517609129,0.5742985250780664,-0.7895852421654954,0.574298547633362,9.595417460595002e-09,2.255529552019908e-08,2.255529552019908e-08,-0.16681530814911782,-1.5437134552635605,-0.1668152824557716,-1.5437134498238212,2.5693346228372604e-08,5.439739325652226e-09,2.6262878828149743e-08,2.5693346228372604e-08,21.98012492775053,5.341624671473255e-07,-5.341624671473255e-07,-2.4302066340472824e-08,21.980125814717482,3.528044842937561e-07,3.528044842937561e-07,1.6051067811468738e-08
higher_energy_wide_swing,rk45_strict,RK45,1e-08,1e-10,1.2454090150250419,-0.8080585086948118,0.5952549859141695,-0.8080585017287889,0.5952550119790392,6.966022869647759e-09,2.6064869707020932e-08,2.6064869707020932e-08,-0.16222725246219794,-1.5189088799082788,-0.16222722606749307,-1.5189088703292537,2.6394704866206098e-08,9.579025128658714e-09,2.8079141144087704e-08,2.6394704866206098e-08,21.980124908089607,5.538233907032009e-07,-5.538233907032009e-07,-2.5196552752297163e-08,21.980124952498947,5.094140504979805e-07,-5.094140504979805e-07,-2.3176121145472506e-08
higher_energy_wide_swing,rk45_strict,RK45,1e-08,1e-10,1.2487479131886479,-0.8262035354862894,0.6157648492103651,-0.8262035278406547,0.6157648738577938,7.645634791941802e-09,2.4647428653601366e-08,2.4647428653601366e-08,-0.15778085545003062,-1.4940043418406892,-0.15778083014831212,-1.4940043332270756,2.5301718498127457e-08,8.61361360016133e-09,2.6727725271922588e-08,2.5301718498127457e-08,21.980124690814776,7.710982217190576e-07,-7.710982217190576e-07,-3.5081611479207025e-08,21.98012466124658,8.006664167226063e-07,-8.006664167226063e-07,-3.642683560246256e-08
higher_energy_wide_swing,rk45_strict,RK45,1e-08,1e-10,1.2520868113522539,-0.8440365778415712,0.6358505119971042,-0.8440365676000813,0.6358505327447973,1.0241489878382026e-08,2.0747693119105293e-08,2.0747693119105293e-08,-0.15346928885635103,-1.4690184870462848,-0.15346926535846994,-1.4690184823788037,2.3497881085354777e-08,4.667481068310053e-09,2.3956957132000437e-08,2.3497881085354777e-08,21.980125118298226,3.436147721913585e-07,-3.436147721913585e-07,-1.563297592576401e-08,21.9801257521118,2.9019880187775016e-07,2.9019880187775016e-07,1.3202781866764344e-08
higher_energy_wide_swing,rk45_strict,RK45,1e-08,1e-10,1.2554257095158599,-0.8615726915432266,0.655532794757515,-0.8615726828595122,0.6555328176179971,8.683714414203791e-09,2.286048206290303e-08,2.286048206290303e-08,-0.1492860195260307,-1.4439680679141493,-0.149285995748771,-1.4439680605686083,2.3777259716695198e-08,7.3455410642964125e-09,2.488604133168715e-08,2.3777259716695198e-08,21.980124526312416,9.356005818972335e-07,-9.356005818972335e-07,-4.256575257126878e-08,21.98012524910936,2.1280363782238965e-07,-2.1280363782238965e-07,-9.681638905616542e-09
higher_energy_wide_swing,rk45_strict,RK45,1e-08,1e-10,1.2587646076794659,-0.8788258232969025,0.6748310566934497,-0.8788258191822157,0.6748310856161294,4.1146868134944725e-09,2.8922679695675413e-08,2.8922679695675413e-08,-0.14522480713901953,-1.418868200618685,-0.1452247819304302,-1.4188681857170633,2.5208589327085917e-08,1.490162171435827e-08,2.9283635457017694e-08,2.5208589327085917e-08,21.98012498179801,4.801149877664557e-07,-4.801149877664557e-07,-2.184314136870581e-08,21.98012450404274,9.578702560020247e-07,-9.578702560020247e-07,-4.357892577373206e-08
higher_energy_wide_swing,rk45_strict,RK45,1e-08,1e-10,1.2621035058430718,-0.8958089196304582,0.6937633506438484,-0.8958089100177365,0.6937633712656555,9.612721618701414e-09,2.0621807039766793e-08,2.0621807039766793e-08,-0.14127968331345508,-1.3937325319027836,-0.14127966145161164,-1.3937325262212696,2.1861843446657758e-08,5.681513925992476e-09,2.258804549706369e-08,2.1861843446657758e-08,21.980125066353136,3.9555986219852457e-07,-3.9555986219852457e-07,-1.7996251335505242e-08,21.98012528435436,1.775586362384729e-07,-1.775586362384729e-07,-8.078144801591111e-09
higher_energy_wide_swing,rk45_strict,RK45,1e-08,1e-10,1.2654424040066778,-0.9125339964437904,0.7123465221477442,-0.9125339850050411,0.712346540035203,1.1438749281111882e-08,1.788745884745424e-08,1.788745884745424e-08,-0.13744494504249738,-1.3685734286705906,-0.13744492450715073,-1.368573426027838,2.053534664536727e-08,2.64275268335723e-09,2.0704700036242703e-08,2.053534664536727e-08,21.980124352785655,1.1091273428576187e-06,-1.1091273428576187e-06,-5.04604646037852e-08,21.98012552380453,6.189153367586187e-08,6.189153367586187e-08,2.8157952866605363e-09
higher_energy_wide_swing,rk45_strict,RK45,1e-08,1e-10,1.2687813021702838,-0.9290122111045905,0.7305963129831489,-0.9290122057911833,0.7305963394763761,5.313407269724735e-09,2.649322727865666e-08,2.649322727865666e-08,-0.13371514254738592,-1.3434021286321938,-0.13371511963510907,-1.3434021152090887,2.291227685358166e-08,1.3423105071908026e-08,2.6554701662542867e-08,2.291227685358166e-08,21.980125129978756,3.319342418706128e-07,-3.319342418706128e-07,-1.510156265694598e-08,21.98012506629984,3.9561315645642026e-07,-3.9561315645642026e-07,-1.7998675992179203e-08
higher_energy_wide_swing,rk45_strict,RK45,1e-08,1e-10,1.2721202003338898,-0.9452539455522049,0.7485274806202729,-0.9452539424767907,0.7485275099058534,3.075414145570221e-09,2.9285580516180687e-08,2.9285580516180687e-08,-0.13008505908098722,-1.3182288395722102,-0.13008503582291386,-1.3182288221346687,2.3258073356124953e-08,1.7437541410814106e-08,2.906898392948653e-08,2.3258073356124953e-08,21.980125093689875,3.682231231039168e-07,-3.682231231039168e-07,-1.675254873963168e-08,21.98012471058445,7.513285460447605e-07,-7.513285460447605e-07,-3.418217731953611e-08
higher_energy_wide_swing,rk45_strict,RK45,1e-08,1e-10,1.2754590984974958,-0.9612688513775268,0.7661538634029847,-0.9612688400643598,0.7661538802149951,1.1313167069815222e-08,1.6812010339428696e-08,1.6812010339428696e-08,-0.12654970622918982,-1.2930628766142007,-0.12654968763818175,-1.2930628742331516,1.8591008066337622e-08,2.381049135635749e-09,1.8742864666558907e-08,1.8591008066337622e-08,21.98012430461754,1.1572954576877237e-06,-1.1572954576877237e-06,-5.265190408913165e-08,21.98012521585317,2.460598267362002e-07,-2.460598267362002e-07,-1.1194650693080477e-08
higher_energy_wide_swing,rk45_strict,RK45,1e-08,1e-10,1.2787979966611018,-0.9770659072784903,0.7834884640781,-0.9770658965933439,0.7834884815634711,1.0685146434319392e-08,1.7485371039960285e-08,1.7485371039960285e-08,-0.12310431092798457,-1.2679127541987345,-0.12310429256249211,-1.2679127507148285,1.8365492460148403e-08,3.4839060525371224e-09,1.8693017805765677e-08,1.8365492460148403e-08,21.980125003737843,4.5817515470503167e-07,-4.5817515470503167e-07,-2.0844974497482022e-08,21.980125415746897,4.616610027596835e-08,-4.616610027596835e-08,-2.100356540546806e-09
higher_energy_wide_swing,rk45_strict,RK45,1e-08,1e-10,1.2821368948247078,-0.9926534815359956,0.8005435414099211,-0.9926534755839749,0.8005435655804566,5.952020765143118e-09,2.41705354619981e-08,2.41705354619981e-08,-0.11974429823211719,-1.2427862457440382,-0.11974427814917188,-1.242786233380699,2.008294530675414e-08,1.2363339241261428e-08,2.358340198929308e-08,2.008294530675414e-08,21.98012530062672,1.6128627677858276e-07,-1.6128627677858276e-07,-7.337823301239042e-09,21.980125206231904,2.5568109407458905e-07,-2.5568109407458905e-07,-1.1632376462892872e-08
higher_energy_wide_swing,rk45_strict,RK45,1e-08,1e-10,1.2854757929883138,-1.0080393650012869,0.8173306589255307,-1.0080393622146064,0.817330687600642,2.786680441957401e-09,2.8675111285458854e-08,2.8675111285458854e-08,-0.11646528693909863,-1.2176904782261468,-0.11646526583368522,-1.217690459669692,2.110541341693306e-08,1.8556454817186818e-08,2.8103033481849496e-08,2.110541341693306e-08,21.98012452898092,9.329320782569539e-07,-9.329320782569539e-07,-4.244434727515691e-08,21.980124943819447,5.180935502835382e-07,-5.180935502835382e-07,-2.3571000592389108e-08
higher_energy_wide_swing,rk45_strict,RK45,1e-08,1e-10,1.2888146911519198,-1.0232308107720307,0.8338607437930107,-1.0232308037439344,0.833860765589761,7.028096327132971e-09,2.1796750293567868e-08,2.1796750293567868e-08,-0.113263080668067,-1.1926319983511373,-0.11326306236127759,-1.192631988210509,1.8306789417721347e-08,1.014062833704088e-08,2.0927753865496192e-08,1.8306789417721347e-08,21.9801245185259,9.433870964414837e-07,-9.433870964414837e-07,-4.292000507805008e-08,21.980125025418694,4.364943038126512e-07,-4.364943038126512e-07,-1.9858590187258273e-08
higher_energy_wide_swing,rk45_strict,RK45,1e-08,1e-10,1.2921535893155258,-1.0382345796107244,0.8501441550397981,-1.038234569021983,0.8501441709311456,1.0588741439221394e-08,1.5891347460161853e-08,1.5891347460161853e-08,-0.11013365498219319,-1.1676168117492411,-0.11013363911954444,-1.1676168089311694,1.5862648750086805e-08,2.8180717759340723e-09,1.611102584886967e-08,1.5862648750086805e-08,21.98012550064226,3.872926157555412e-08,3.872926157555412e-08,1.7620127620592476e-09,21.980125223689242,2.3822375538884444e-07,-2.3822375538884444e-07,-1.083814356754409e-08
higher_energy_wide_swing,rk45_strict,RK45,1e-08,1e-10,1.2954924874791318,-1.053056973892601,0.8661907354437738,-1.0530569657101685,0.8661907545248587,8.182432509329374e-09,1.9081084934313708e-08,1.9081084934313708e-08,-0.10707314919231503,-1.1426504299029618,-0.10707313278323405,-1.142650422475756,1.6409080982882074e-08,7.427205739318765e-09,1.8011699636540458e-08,1.6409080982882074e-08,21.98012507233076,3.8958223669283143e-07,-3.8958223669283143e-07,-1.7724295403495158e-08,21.980125235356525,2.26556473137407e-07,-2.26556473137407e-07,-1.0307333028193238e-08
higher_energy_wide_swing,rk45_strict,RK45,1e-08,1e-10,1.298831385642738,-1.067703855888635,0.8820098397034892,-1.0677038501484963,0.8820098621793213,5.740138586673993e-09,2.2475832084367653e-08,2.2475832084367653e-08,-0.1040778653795108,-1.1177379371276142,-0.10407784832632017,-1.1177379248047807,1.7053190637383864e-08,1.2322833420341794e-08,2.1039570680516494e-08,1.7053190637383864e-08,21.980124213465775,1.248447222934601e-06,-1.248447222934601e-06,-5.679891250383904e-08,21.980125199265405,2.6264759256378056e-07,-2.6264759256378056e-07,-1.1949321809781952e-08
higher_energy_wide_swing,rk45_strict,RK45,1e-08,1e-10,1.302170283806344,-1.0821806816258408,0.8976103860254896,-1.082180680174405,0.8976104151884916,1.4514358603889832e-09,2.916300201327715e-08,2.916300201327715e-08,-0.10114425947860683,-1.0928840164875284,-0.1011442406147477,-1.092883994968342,1.886385914140476e-08,2.15191864327835e-08,2.8616788192172323e-08,2.15191864327835e-08,21.980124879174937,5.827380604728205e-07,-5.827380604728205e-07,-2.6512044323067436e-08,21.980125133568823,3.283441749601934e-07,-3.283441749601934e-07,-1.4938230244824846e-08
higher_energy_wide_swing,rk45_strict,RK45,1e-08,1e-10,1.30550918196995,-1.0964925333523678,0.913000908009765,-1.0964925279522977,0.9130009305183657,5.40007016880395e-09,2.2508600761028674e-08,2.2508600761028674e-08,-0.09826893155561622,-1.0680929663905967,-0.09826891532813276,-1.0680929533825572,1.6227483468078674e-08,1.3008039534412319e-08,2.0797603521454113e-08,1.6227483468078674e-08,21.980125543644682,8.173168453140534e-08,8.173168453140534e-08,3.7184357602066198e-09,21.980125072174612,3.8973838556444207e-07,-3.8973838556444207e-07,-1.7731399497231167e-08
higher_energy_wide_swing,rk45_strict,RK45,1e-08,1e-10,1.308848080133556,-1.1106441333413757,0.9281895767432838,-1.1106441223430223,0.9281895895534197,1.0998353339175537e-08,1.2810135840979342e-08,1.2810135840979342e-08,-0.09544862593017633,-1.0433687482863714,-0.0954486133690654,-1.0433687478857514,1.2561110929176778e-08,4.006199816330991e-10,1.256749792698483e-08,1.2561110929176778e-08,21.980125033000213,4.289127844003815e-07,-4.289127844003815e-07,-1.9513664066367524e-08,21.98012507146054,3.904524561448852e-07,-3.904524561448852e-07,-1.7763886599348962e-08
higher_energy_wide_swing,rk45_strict,RK45,1e-08,1e-10,1.312186978297162,-1.124639861681603,0.9431842292486942,-1.1246398525709058,0.9431842439386633,9.110697085645825e-09,1.4689969130010638e-08,1.4689969130010638e-08,-0.09268022893346206,-1.0187150191962104,-0.09268021637603374,-1.0187150155245503,1.2557428319404096e-08,3.671660087078976e-09,1.3083198912804955e-08,1.2557428319404096e-08,21.980124200467593,1.2614454050208224e-06,-1.2614454050208224e-06,-5.739027319050775e-08,21.980125172163838,2.8974915977642013e-07,-2.8974915977642013e-07,-1.3182325109039772e-08
higher_energy_wide_swing,rk45_strict,RK45,1e-08,1e-10,1.315525876460768,-1.138483778256134,0.957992402965204,-1.1384837740670335,0.9579924250621871,4.189100399898393e-09,2.209698302113594e-08,2.209698302113594e-08,-0.08996076485207138,-0.9941351490455915,-0.08996075038758022,-0.9941351347731082,1.4464491160381954e-08,1.4272483306321249e-08,2.0320563089097368e-08,1.4464491160381954e-08,21.980124851380058,6.10532939759878e-07,-6.10532939759878e-07,-2.77765903028081e-08,21.980125238897166,2.2301583157968707e-07,-2.2301583157968707e-07,-1.014624925440609e-08
higher_energy_wide_swing,rk45_strict,RK45,1e-08,1e-10,1.318864774624374,-1.1521796468376226,0.9726213762712755,-1.152179647167862,0.9726214059693226,3.302393913884316e-10,2.9698047021575746e-08,2.9698047021575746e-08,-0.08728738943595205,-0.9696322246330757,-0.08728737284617638,-0.9696321997899326,1.658977566432185e-08,2.4843143098252085e-08,2.987310522180036e-08,2.4843143098252085e-08,21.980125581732818,1.1981981984376944e-07,1.1981981984376944e-07,5.451280068960132e-09,21.98012527971308,1.8219991915202627e-07,-1.8219991915202627e-07,-8.289302964523155e-09
higher_energy_wide_swing,rk45_strict,RK45,1e-08,1e-10,1.32220367278798,-1.1657309429830838,0.9870781816708326,-1.1657309387482744,0.9870782039848865,4.234809392045236e-09,2.2314053937932954e-08,2.2314053937932954e-08,-0.0846573925465095,-0.9452090849934894,-0.08465737857971123,-0.9452090702663276,1.3966798273479242e-08,1.4727161823380186e-08,2.0296816237629228e-08,1.4727161823380186e-08,21.98012510520853,3.56704468629232e-07,-3.56704468629232e-07,-1.6228500116950056e-08,21.980125139231014,3.2268198424389993e-07,-3.2268198424389993e-07,-1.4680625222228187e-08
higher_energy_wide_swing,rk45_strict,RK45,1e-08,1e-10,1.325542570951586,-1.1791408643578722,1.0013696224565896,-1.1791408539633115,1.0013696337536007,1.0394560767679195e-08,1.1297011104360877e-08,1.1297011104360877e-08,-0.08206819961751521,-0.9208683475702761,-0.0820681895589378,-0.9208683476632861,1.005857741542826e-08,9.300993308869465e-11,1.0059007429653118e-08,1.005857741542826e-08,21.980124358341143,1.1035718543439543e-06,-1.1035718543439543e-06,-5.020771406679255e-08,21.980124982059408,4.798535897521106e-07,-4.798535897521106e-07,-2.1831248897263912e-08
higher_energy_wide_swing,rk45_strict,RK45,1e-08,1e-10,1.328881469115192,-1.1924123493604393,1.01550230224993,-1.1924123404038405,1.015502314079073,8.956598795961668e-09,1.1829142998465159e-08,1.1829142998465159e-08,-0.07951736927631836,-0.8966124117372917,-0.079517359731335,-0.8966124100085655,9.544983359255355e-09,1.7287261622200845e-09,9.700268113428919e-09,9.544983359255355e-09,21.980124501091197,9.608218007883806e-07,-9.608218007883806e-07,-4.3713208209538464e-08,21.98012504396748,4.179455181940739e-07,-4.179455181940739e-07,-1.9014701208975667e-08
higher_energy_wide_swing,rk45_strict,RK45,1e-08,1e-10,1.332220367278798,-1.2055480917040706,1.0294826486384077,-1.2055480881770386,1.0294826680387632,3.527031999794872e-09,1.9400355544263448e-08,1.9400355544263448e-08,-0.07700259280339794,-0.8724434666267623,-0.07700258154733686,-0.8724434532943981,1.125606108320909e-08,1.333236421263706e-08,1.7448519897324802e-08,1.333236421263706e-08,21.980125428564364,3.3348634076446615e-08,-3.3348634076446615e-08,-1.517217639827984e-09,21.98012519198641,2.6992658774815936e-07,-2.6992658774815936e-07,-1.2280484395591199e-08
higher_energy_wide_swing,rk45_strict,RK45,1e-08,1e-10,1.335559265442404,-1.2185505516979485,1.0433169316245419,-1.218550551453454,1.0433169553384065,2.444944247059766e-10,2.3713864649721472e-08,2.3713864649721472e-08,-0.07452169522499297,-0.8483635027237664,-0.07452168320410257,-0.8483634824626063,1.2020890394204287e-08,2.026116008302381e-08,2.355878633927033e-08,2.026116008302381e-08,21.980125390853836,7.105916211003205e-08,-7.105916211003205e-08,-3.2328824616202875e-09,21.980125329694832,1.3221816530517572e-07,-1.3221816530517572e-07,-6.01535080108084e-09
higher_energy_wide_swing,rk45_strict,RK45,1e-08,1e-10,1.33889816360601,-1.2314219577507073,1.0570112656561992,-1.2314219567127065,1.0570112884493135,1.0380007964272409e-09,2.279311428488029e-08,2.279311428488029e-08,-0.07207264128893687,-0.8243743437487346,-0.07207262974109507,-0.8243743248772248,1.1547841793912994e-08,1.8871509799289754e-08,2.2124342525868037e-08,1.8871509799289754e-08,21.980124913114796,5.487982015495163e-07,-5.487982015495163e-07,-2.496792852709007e-08,21.980125306738252,1.5517474594162195e-07,-1.5517474594162195e-07,-7.059775259723045e-09
higher_energy_wide_swing,rk45_strict,RK45,1e-08,1e-10,1.342237061769616,-1.2441643236494349,1.0705716341797236,-1.2441643169997159,1.0705716494005277,6.649718997664422e-09,1.5220804172599856e-08,1.5220804172599856e-08,-0.06965353534074537,-0.8004776417289732,-0.06965352590690688,-0.8004776346712382,9.43383848817092e-09,7.057734952020667e-09,1.1781720217093477e-08,9.43383848817092e-09,21.980124299925325,1.1619876723045763e-06,-1.1619876723045763e-06,-5.286537942279084e-08,21.980125073261032,3.886519657214649e-07,-3.886519657214649e-07,-1.7681972124996202e-08
higher_energy_wide_swing,rk45_strict,RK45,1e-08,1e-10,1.345575959933222,-1.2567794552379572,1.0840038986944716,-1.2567794470857,1.0840039103410233,8.152257091609272e-09,1.1646551723032417e-08,1.1646551723032417e-08,-0.06726262530685334,-0.7766748926108235,-0.06726261734059225,-0.7766748900707756,7.966261095226912e-09,2.5400478387282988e-09,8.361408904027729e-09,7.966261095226912e-09,21.980124786996136,6.74916861953534e-07,-6.74916861953534e-07,-3.070577841436915e-08,21.980124917845206,5.440677917079029e-07,-5.440677917079029e-07,-2.4752715477018527e-08
higher_energy_wide_swing,rk45_strict,RK45,1e-08,1e-10,1.348914858096828,-1.269268967558102,1.0973138187867986,-1.269268963468173,1.0973138335397037,4.0899288400453315e-09,1.4752905119763682e-08,1.4752905119763682e-08,-0.06489830460241985,-0.7529674299444619,-0.06489829666064295,-0.7529674207199948,7.941776902775644e-09,9.224467079071985e-09,1.2172206589864613e-08,9.224467079071985e-09,21.980125500767663,3.885466526298842e-08,3.885466526298842e-08,1.7677180837896263e-09,21.980125049716904,4.1219609414611114e-07,-4.1219609414611114e-07,-1.8753127449629963e-08
higher_energy_wide_swing,rk45_strict,RK45,1e-08,1e-10,1.3522537562604342,-1.2816342879352467,1.1105070560150196,-1.2816342854078118,1.1105070720731613,2.5274349280124397e-09,1.605814170524411e-08,1.605814170524411e-08,-0.06255911708557138,-0.7293564438657717,-0.06255910923173191,-0.7293564319014003,7.853839467664159e-09,1.1964371382511274e-08,1.4311847433594796e-08,1.1964371382511274e-08,21.980125304108032,1.578049655392988e-07,-1.578049655392988e-07,-7.1794387985974915e-09,21.980125197288128,2.646248695725717e-07,-2.646248695725717e-07,-1.203927930398358e-08
higher_energy_wide_swing,rk45_strict,RK45,1e-08,1e-10,1.3555926544240402,-1.2938766585458914,1.1235891755615166,-1.2938766598784557,1.1235891921470906,1.3325642811423677e-09,1.6585574025285155e-08,1.6585574025285155e-08,-0.060243762601219775,-0.7058430010089713,-0.06024375579311958,-0.7058429847726531,6.808100194710676e-09,1.6236318289841734e-08,1.7605915479470777e-08,1.6236318289841734e-08,21.98012491349671,5.484162883817589e-07,-5.484162883817589e-07,-2.495055314092955e-08,21.980125388446492,7.346650576778302e-08,-7.346650576778302e-08,-3.3424061157014434e-09
higher_energy_wide_swing,rk45_strict,RK45,1e-08,1e-10,1.3589315525876462,-1.3059971546857152,1.1365656615113373,-1.305997154943486,1.1365656773196027,2.5777069367904915e-10,1.580826536340396e-08,1.580826536340396e-08,-0.057951100563161106,-0.6824280354950947,-0.057951093979887625,-0.6824280209051452,6.583273481908236e-09,1.4589949470789065e-08,1.6006439807083094e-08,1.4589949470789065e-08,21.980124432166235,1.029746762526429e-06,-1.029746762526429e-06,-4.684899384722652e-08,21.980125351026246,1.108867522248147e-07,-1.108867522248147e-07,-5.044864389739652e-09
higher_energy_wide_swing,rk45_strict,RK45,1e-08,1e-10,1.3622704507512522,-1.3179966879774534,1.1494419185982974,-1.317996684965346,1.149441932981541,3.0121074523492553e-09,1.4383243707172255e-08,1.4383243707172255e-08,-0.055680154846747154,-0.659112364789015,-0.05568014821067191,-0.6591123545801603,6.636075244870199e-09,1.0208854761550867e-08,1.2176132809641116e-08,1.0208854761550867e-08,21.98012478631886,6.755941370784058e-07,-6.755941370784058e-07,-3.073659148347767e-08,21.98012507279091,3.891220892171532e-07,-3.891220892171532e-07,-1.7703360696981513e-08
higher_energy_wide_swing,rk45_strict,RK45,1e-08,1e-10,1.3656093489148582,-1.3298760263998817,1.1622232780179615,-1.3298760213232557,1.1622232913732289,5.076626008460039e-09,1.335526733647896e-08,1.335526733647896e-08,-0.05343012074742681,-0.6358966842881266,-0.053430114230111014,-0.6358966769621558,6.51731579814907e-09,7.3259708299744375e-09,9.805368622058011e-09,7.3259708299744375e-09,21.980125389944007,7.196899076689078e-08,-7.196899076689078e-08,-3.2742757038215333e-09,21.980124870240285,5.91672712602076e-07,-5.91672712602076e-07,-2.6918532090607135e-08
higher_energy_wide_swing,rk45_strict,RK45,1e-08,1e-10,1.3689482470784642,-1.341635796916309,1.174914998638963,-1.341635792413213,1.1749150115844678,4.503096118213534e-09,1.2945504668238073e-08,1.2945504668238073e-08,-0.05120036857426158,-0.612781581570458,-0.05120036255927296,-0.6127815740115703,6.014988618296968e-09,7.55888773795732e-09,9.66006583379656e-09,7.55888773795732e-09,21.98012535923095,1.0268204775343293e-07,-1.0268204775343293e-07,-4.671586062206953e-09,21.98012498424357,4.776694275676618e-07,-4.776694275676618e-07,-2.1731879028414283e-08
higher_energy_wide_swing,rk45_strict,RK45,1e-08,1e-10,1.3722871452420702,-1.3532764864347433,1.1875222667931837,-1.3532764838360105,1.187522279495409,2.5987327845200525e-09,1.2702225271610246e-08,1.2702225271610246e-08,-0.048990447132387094,-0.5897675525957802,-0.048990441821447184,-0.5897675433526571,5.310939910074808e-09,9.243123044733181e-09,1.0660272339321496e-08,9.243123044733181e-09,21.98012507989601,3.8201698870921064e-07,-3.8201698870921064e-07,-1.7380109561756912e-08,21.980125169748323,2.9216467467563234e-07,-2.9216467467563234e-07,-1.3292220519027209e-08
higher_energy_wide_swing,rk45_strict,RK45,1e-08,1e-10,1.3756260434056762,-1.3647984637767965,1.2000501945205169,-1.3647984666070083,1.200050203456196,2.8302118426637435e-09,8.935679085553261e-09,8.935679085553261e-09,-0.046800091805366706,-0.5668549979077365,-0.04680008914677514,-0.5668549868087981,2.6585915691157425e-09,1.1098938434983552e-08,1.1412911263780528e-08,1.1098938434983552e-08,21.980124663699485,7.982135130646384e-07,-7.982135130646384e-07,-3.6315239166754395e-08,21.98012542492779,3.698520600892152e-08,-3.698520600892152e-08,-1.6826658279548594e-09
higher_energy_wide_swing,rk45_strict,RK45,1e-08,1e-10,1.3789649415692822,-1.3762019817771232,1.2125038222115285,-1.3762019904315252,1.2125038275552231,8.654402083863033e-09,5.343694597925719e-09,8.654402083863033e-09,-0.04462922548699355,-0.5440442331356174,-0.04462922528657898,-0.5440442196402031,2.0041457382546923e-10,1.3495414341591072e-08,1.3496902394720932e-08,1.3495414341591072e-08,21.980124724663533,7.372494650326189e-07,-7.372494650326189e-07,-3.3541640438318673e-08,21.980125494084763,3.217176569592084e-08,3.217176569592084e-08,1.4636752529765056e-09
higher_energy_wide_swing,rk45_strict,RK45,1e-08,1e-10,1.3823038397328882,-1.3874872021725426,1.2248881053664968,-1.3874872084453929,1.2248881124024895,6.272850239241734e-09,7.035992677373315e-09,7.035992677373315e-09,-0.04247796896124123,-0.5213354911976402,-0.042477967719120935,-0.52133547841065,1.2421202955081867e-09,1.2786990244428864e-08,1.2847177991280118e-08,1.2786990244428864e-08,21.9801251729018,2.8901119719648705e-07,-2.8901119719648705e-07,-1.3148751024978614e-08,21.98012519709702,2.6481597714678173e-07,-2.6481597714678173e-07,-1.2047973866466457e-08
higher_energy_wide_swing,rk45_strict,RK45,1e-08,1e-10,1.3856427378964942,-1.398654203988076,1.2372079116071266,-1.3986542007112797,1.237207924640788,3.2767963897839536e-09,1.3033661483419223e-08,1.3033661483419223e-08,-0.04034664240461805,-0.49872893041608846,-0.04034663757563883,-0.4987289213292933,4.828979216497942e-09,9.086795149659821e-09,1.0290232570999079e-08,9.086795149659821e-09,21.980125368341355,9.357164287848718e-08,-9.357164287848718e-08,-4.257102310022181e-09,21.980124848242717,6.136702808134942e-07,-6.136702808134942e-07,-2.7919325659758295e-08
higher_energy_wide_swing,rk45_strict,RK45,1e-08,1e-10,1.3889816360601002,-1.409702983536946,1.2494680206765494,-1.4097029742186913,1.2494680369457059,9.318254612367127e-09,1.6269156466464096e-08,1.6269156466464096e-08,-0.03823576375361659,-0.4762246474178986,-0.038235757120750447,-0.47622464117905705,6.63286614521752e-09,6.238841554484509e-09,9.105935275540641e-09,9.197606537503233e-09,21.98012514888161,3.130313892540926e-07,-3.130313892540926e-07,-1.4241565171978254e-08,21.98012482048893,6.414240694141427e-07,-6.414240694141427e-07,-2.9182002192189377e-08
higher_energy_wide_swing,rk45_strict,RK45,1e-08,1e-10,1.3923205342237062,-1.4206334676620451,1.2616731152410723,-1.4206334628839699,1.261673128025623,4.778075268774273e-09,1.2784550751376855e-08,1.2784550751376855e-08,-0.03614605177655372,-0.453822685112772,-0.036146047172396556,-0.4538226776585066,4.604157166632206e-09,7.454265427142559e-09,8.761525910099424e-09,7.454265427142559e-09,21.980124932615873,5.292971252401912e-07,-5.292971252401912e-07,-2.408071446895758e-08,21.980125103180043,3.5873295445298936e-07,-3.5873295445298936e-07,-1.6320787389253044e-08
higher_energy_wide_swing,rk45_strict,RK45,1e-08,1e-10,1.3956594323873122,-1.4314455394201893,1.2738277654848016,-1.4314455410609606,1.27382777201558,1.640771296607113e-09,6.530778362545675e-09,6.530778362545675e-09,-0.03407843112633646,-0.4315230337994549,-0.034078429443185176,-0.4315230259296758,1.6831512850146169e-09,7.869779106162156e-09,8.047758782917936e-09,7.869779106162156e-09,21.980124768676603,6.93236394511132e-07,-6.93236394511132e-07,-3.153923737661857e-08,21.98012531896451,1.429484868253894e-07,-1.429484868253894e-07,-6.5035337069885935e-09
higher_energy_wide_swing,rk45_strict,RK45,1e-08,1e-10,1.3989983305509182,-1.442139043238635,1.2859364221224414,-1.442139061675115,1.2859364132623525,1.8436480120342935e-08,8.860088884787842e-09,1.8436480120342935e-08,-0.032034029635332084,-0.40932564412528555,-0.03203403449066977,-0.4093256343442182,4.855337687459382e-09,9.781067344949435e-09,1.0919870991257159e-08,1.8284103758814396e-08,21.980124985580765,4.7633223232423916e-07,-4.7633223232423916e-07,-2.1671042467415583e-08,21.980125628458552,1.6654555423656348e-07,1.6654555423656348e-07,7.577097524996043e-09
higher_energy_wide_swing,rk45_strict,RK45,1e-08,1e-10,1.4023372287145242,-1.4527138140452645,1.2980033926622838,-1.4527138341853805,1.2980033827124846,2.0140116019362608e-08,9.94979920676542e-09,2.0140116019362608e-08,-0.030014182121963162,-0.38723043198362256,-0.030014187175331886,-0.3872304215656323,5.053368723473284e-09,1.041799024825707e-08,1.1578905659351293e-08,1.9999867470477106e-08,21.980125259107254,2.0280574375419747e-07,-2.0280574375419747e-07,-9.226778259551693e-09,21.98012548594961,2.4036612700228943e-08,2.4036612700228943e-08,1.0935612147382602e-09
higher_energy_wide_swing,rk45_strict,RK45,1e-08,1e-10,1.4056761268781301,-1.4631696779361443,1.3100328409020368,-1.4631696811677668,1.31003284694244,3.2316225251349806e-09,6.040403288665175e-09,6.040403288665175e-09,-0.02802042167383889,-0.3652372890414317,-0.028020420463649942,-0.3652372799923099,1.2101889490523376e-09,9.049121785231762e-09,9.129685776430888e-09,9.049121785231762e-09,21.9801252375924,2.2432059765264967e-07,-2.2432059765264967e-07,-1.0205610429355864e-08,21.980125022821877,4.3909112079631996e-07,-4.3909112079631996e-07,-1.9976734052641048e-08
higher_energy_wide_swing,rk45_strict,RK45,1e-08,1e-10,1.4090150250417364,-1.4735064534166564,1.3220287857676907,-1.4735064426303368,1.3220288045159823,1.0786319615263551e-08,1.874829158587943e-08,1.874829158587943e-08,-0.026054471106980004,-0.3433460928945012,-0.026054465443225205,-0.3433460854586576,5.663754798490572e-09,7.435843607517256e-09,9.347186131284656e-09,1.0735311889442656e-08,21.980125109373137,3.5253986041539065e-07,-3.5253986041539065e-07,-1.603902857726036e-08,21.980124703366258,7.585467400872403e-07,-7.585467400872403e-07,-3.4510573718136625e-08
higher_energy_wide_swing,rk45_strict,RK45,1e-08,1e-10,1.4123539232053424,-1.4837239867451242,1.3339950683113717,-1.4837239760132017,1.3339950859841725,1.0731922461815202e-08,1.7672800778356645e-08,1.7672800778356645e-08,-0.024118244736706762,-0.3215567137913218,-0.024118239657494267,-0.3215567073029752,5.079212495040508e-09,6.4883465822340725e-09,8.239966076444987e-09,1.0691265622808643e-08,21.980124869263314,5.926496839947504e-07,-5.926496839947504e-07,-2.696298003492698e-08,21.980124843568895,6.183441030316317e-07,-6.183441030316317e-07,-2.8131964219362345e-08
higher_energy_wide_swing,rk45_strict,RK45,1e-08,1e-10,1.4156928213689484,-1.4938221554498925,1.3459353480995726,-1.4938221561885259,1.3459353538853733,7.38633376684561e-10,5.785800727409196e-09,5.785800727409196e-09,-0.022213836743267046,-0.2998690243982364,-0.022213835510001778,-0.2998690180216462,1.233265267686079e-09,6.3765901447965234e-09,6.494755199019972e-09,6.3765901447965234e-09,21.98012486851745,5.933955478099051e-07,-5.933955478099051e-07,-2.6996913590786213e-08,21.9801251416762,3.202367970800424e-07,-3.202367970800424e-07,-1.4569379853401946e-08
higher_energy_wide_swing,rk45_strict,RK45,1e-08,1e-10,1.4190317195325544,-1.503800894214754,1.3578530783328893,-1.503800909704272,1.3578530699294398,1.5489517890543425e-08,8.403449491822812e-09,1.5489517890543425e-08,-0.02034351514864141,-0.2782829076726182,-0.020343517961556867,-0.2782829004314907,2.8129154561185032e-09,7.241127530921432e-09,7.768295905946082e-09,1.545476942255153e-08,21.980125109655194,3.522578033710033e-07,-3.522578033710033e-07,-1.6026196209907586e-08,21.980125420708543,4.120445495914282e-08,-4.120445495914282e-08,-1.8746232832265495e-09
higher_energy_wide_swing,rk45_strict,RK45,1e-08,1e-10,1.4223706176961604,-1.513660206830956,1.369751494594027,-1.5136602306442153,1.369751478637155,2.3813259364402484e-08,1.5956872045919113e-08,2.3813259364402484e-08,-0.018509709091118376,-0.2567982651696136,-0.018509713637454572,-0.2567982570306895,4.546336196398215e-09,8.138924145750792e-09,9.32262082576385e-09,2.3774400330356382e-08,21.980125267573833,1.9433916520483763e-07,-1.9433916520483763e-07,-8.841585801754732e-09,21.98012561689264,1.5497964156452326e-07,1.5497964156452326e-07,7.050898860112098e-09
higher_energy_wide_swing,rk45_strict,RK45,1e-08,1e-10,1.4257095158597664,-1.5234001661971994,1.3816336148478015,-1.5234001798477304,1.38163360868962,1.3650530927833415e-08,6.1581815202771395e-09,1.3650530927833415e-08,-0.016714992049255195,-0.23541502595819735,-0.016714993853959248,-0.2354150183713278,1.8047040528657021e-09,7.586869549269792e-09,7.798560525896245e-09,1.3635201551176479e-08,21.98012517441576,2.8749723668397564e-07,-2.8749723668397564e-07,-1.3079872413929064e-08,21.980125382822905,7.909009269724265e-08,-7.909009269724265e-08,-3.598254834090433e-09
higher_energy_wide_swing,rk45_strict,RK45,1e-08,1e-10,1.4290484140233723,-1.5330209192807145,1.3935022349278436,-1.5330209202789928,1.3935022396879138,9.982783488737823e-10,4.7600701158501124e-09,4.7600701158501124e-09,-0.014962066178110023,-0.2141331546244052,-0.01496206537629341,-0.2141331489413853,8.018166131051885e-10,5.683019888014229e-09,5.739305265327567e-09,5.683019888014229e-09,21.98012503047319,4.314398083238302e-07,-4.314398083238302e-07,-1.962863265141166e-08,21.980124953714174,5.081988234678647e-07,-5.081988234678647e-07,-2.3120833607090548e-08
higher_energy_wide_swing,rk45_strict,RK45,1e-08,1e-10,1.4323873121869783,-1.5425227226559923,1.4053598930608222,-1.5425227170504945,1.4053599021307908,5.6054978436748115e-09,9.069968553987451e-09,9.069968553987451e-09,-0.013253752133494001,-0.19295265889860014,-0.013253750481359461,-0.19295265555572516,1.652134540286454e-09,3.342874976830501e-09,3.7288552733951815e-09,5.603257483000057e-09,21.98012476636142,6.955515772233412e-07,-6.955515772233412e-07,-3.1644568108975895e-08,21.98012473299882,7.289141770172591e-07,-7.289141770172591e-07,-3.316242112813762e-08
higher_energy_wide_swing,rk45_strict,RK45,1e-08,1e-10,1.4357262103505843,-1.5519059365527312,1.4172088745687406,-1.5519059374230428,1.4172088774146785,8.703116005648326e-10,2.845937929762954e-09,2.845937929762954e-09,-0.011592967601904203,-0.17187359901651236,-0.011592967182959879,-0.17187359533391874,4.1894432367683976e-10,3.682593618936636e-09,3.7063472730673625e-09,3.682593618936636e-09,21.980124836431713,6.254812845440938e-07,-6.254812845440938e-07,-2.84566749006016e-08,21.98012491268391,5.492290888753359e-07,-5.492290888753359e-07,-2.4987532024193225e-08
higher_energy_wide_swing,rk45_strict,RK45,1e-08,1e-10,1.4390651085141903,-1.5611710411094133,1.429051202002803,-1.5611710508663064,1.4290511978227236,9.75689307125549e-09,4.180079393734104e-09,9.75689307125549e-09,-0.009982708939550888,-0.15089608882710176,-0.009982709623986064,-0.1508960832088179,6.844351752022249e-10,5.618283865915785e-09,5.6598202362852235e-09,9.75644110640106e-09,21.980125139182704,3.2273029404450426e-07,-3.2273029404450426e-07,-1.4682823107799315e-08,21.980125136353912,3.255590854678303e-07,-3.255590854678303e-07,-1.4811520800095374e-08
higher_energy_wide_swing,rk45_strict,RK45,1e-08,1e-10,1.4424040066777963,-1.5703186393800628,1.4408886327255668,-1.5703186489529704,1.4408886335028204,9.572907577748424e-09,7.772535948191717e-10,9.572907577748424e-09,-0.008426030416661234,-0.13002030242080903,-0.008426030320546674,-0.13002029207719817,9.611456075475644e-11,1.0343610856722307e-08,1.0344057403364148e-08,1.0343610856722307e-08,21.980125322956656,1.3895634154437175e-07,-1.3895634154437175e-07,-6.321908479783443e-09,21.980125257912245,2.040007522907672e-07,-2.040007522907672e-07,-9.281145944515112e-09
higher_energy_wide_swing,rk45_strict,RK45,1e-08,1e-10,1.4457429048414023,-1.579349457334245,1.4527226589109425,-1.579349463425733,1.4527226650157659,6.091487980697252e-09,6.104823313535235e-09,6.104823313535235e-09,-0.006926023055594532,-0.10924648094588374,-0.006926022284348687,-0.10924646879230071,7.712458449660176e-10,1.2153583028862158e-08,1.2178029421578174e-08,1.2153583028862158e-08,21.980125213747954,2.481650440699923e-07,-2.481650440699923e-07,-1.1290428914976436e-08,21.980125316719693,1.451933044904763e-07,-1.451933044904763e-07,-6.605663136093841e-09
higher_energy_wide_swing,rk45_strict,RK45,1e-08,1e-10,1.4490818030050083,-1.5882643441955433,1.4645545078821836,-1.5882643511708001,1.4645545092030772,6.975256816588171e-09,1.320893616707508e-09,6.975256816588171e-09,-0.005485793616343493,-0.08857493829871722,-0.005485793354435442,-0.08857493001107862,2.6190805080261725e-10,8.287638603166059e-09,8.291776012638275e-09,8.287638603166059e-09,21.98012509332378,3.685892160376625e-07,-3.685892160376625e-07,-1.676920437403104e-08,21.980125213946355,2.479666427745997e-07,-2.479666427745997e-07,-1.1281402519938955e-08
higher_energy_wide_swing,rk45_strict,RK45,1e-08,1e-10,1.4524207011686143,-1.5970642846474814,1.4763851376026256,-1.5970642973670042,1.4763851251755102,1.271952276837851e-08,1.2427115336777206e-08,1.271952276837851e-08,-0.004108443921822302,-0.06800605931128392,-0.00410844475926142,-0.06800605896792125,8.374391180510088e-10,3.433626716287108e-10,9.050978956499995e-10,1.271513474718211e-08,21.980124917559205,5.443537922644737e-07,-5.443537922644737e-07,-2.4765727257004332e-08,21.980125048444105,4.134688929013919e-07,-4.134688929013919e-07,-1.881103425082117e-08
higher_energy_wide_swing,rk45_strict,RK45,1e-08,1e-10,1.4557595993322203,-1.6057504006932288,1.4882152323111597,-1.6057504154858044,1.4882152143130603,1.4792575608879588e-08,1.799809945524089e-08,1.799809945524089e-08,-0.002797049767984894,-0.047540307707668775,-0.0027970507356434027,-0.047540310860892984,9.67658508876923e-10,3.153224209517802e-09,3.2983610938299458e-09,1.4783539836749071e-08,21.980124962895484,4.990175135333175e-07,-4.990175135333175e-07,-2.2703123983437285e-08,21.980124961071837,5.008411605444962e-07,-5.008411605444962e-07,-2.278609198170184e-08
higher_energy_wide_swing,rk45_strict,RK45,1e-08,1e-10,1.4590984974958263,-1.6143239361998782,1.5000452307799685,-1.6143239472912871,1.5000452202649612,1.1091408902430544e-08,1.0515007309308544e-08,1.1091408902430544e-08,-0.0015546380890045786,-0.027178218363114563,-0.0015546383497022642,-0.0271782177709119,2.606976856611709e-10,5.922026619087362e-10,6.470450340439091e-10,1.1080903375426665e-08,21.980125169702173,2.9221082442631996e-07,-2.9221082442631996e-07,-1.3294320131732676e-08,21.980125017611666,4.4430133172568276e-07,-4.4430133172568276e-07,-2.021377596299734e-08
higher_energy_wide_swing,rk45_strict,RK45,1e-08,1e-10,1.4624373956594325,-1.6227862559665214,1.5118753302440506,-1.6227862628401657,1.5118753289496871,6.8736443203931685e-09,1.2943635052664604e-09,6.8736443203931685e-09,-0.00038416780385763794,-0.006920398673226885,-0.00038416752287928624,-0.006920393100987389,2.8097835169660357e-10,5.572239496209885e-09,5.579319119502266e-09,6.8643568398862875e-09,21.980125267495723,1.9441727516777974e-07,-1.9441727516777974e-07,-8.845139464952763e-09,21.98012512766235,3.3425064671632754e-07,-3.3425064671632754e-07,-1.5206948991056244e-08
higher_energy_wide_swing,rk45_strict,RK45,1e-08,1e-10,1.4657762938230385,-1.6311388457242477,1.5237054864012185,-1.6311388454017375,1.5237054959746055,3.225102407355962e-10,9.573386972050457e-09,9.573386972050457e-09,0.0007114886826007361,0.013232467572779218,0.0007114891138036983,0.013232476813630177,4.312029622255409e-10,9.240850959435498e-09,9.250906033958622e-09,9.240850959435498e-09,21.980125158337707,3.035752911273448e-07,-3.035752911273448e-07,-1.38113538820958e-08,21.98012505274727,4.091657288540773e-07,-4.091657288540773e-07,-1.8615259024024986e-08
higher_energy_wide_swing,rk45_strict,RK45,1e-08,1e-10,1.4691151919866445,-1.639383308126099,1.5355354204667868,-1.6393832942706523,1.5355354515036006,1.385544656784532e-08,3.103681378568979e-08,3.103681378568979e-08,0.0017295637475982506,0.033279619845806484,0.0017295638921989154,0.03327963704045763,1.4460066477539613e-10,1.719465114735641e-08,1.7195259155695752e-08,1.719465114735641e-08,21.98012506357524,3.983377574456881e-07,-3.983377574456881e-07,-1.8122633473404185e-08,21.98012489932179,5.625912073980999e-07,-5.625912073980999e-07,-2.559545023402864e-08
higher_energy_wide_swing,rk45_strict,RK45,1e-08,1e-10,1.4724540901502505,-1.6475213463110936,1.5473646503580256,-1.6475213356249254,1.5473646764907636,1.0686168172568955e-08,2.6132737973583176e-08,2.6132737973583176e-08,0.0026674115240810092,0.053220232780740825,0.0026674113172662217,0.053220248251574814,2.0681478751782834e-10,1.547083398889537e-08,1.5472216281719188e-08,1.547083398889537e-08,21.980124950319244,5.115937540267623e-07,-5.115937540267623e-07,-2.327528816490371e-08,21.98012486614516,5.957678368417874e-07,-5.957678368417874e-07,-2.710484241202943e-08
higher_energy_wide_swing,rk45_strict,RK45,1e-08,1e-10,1.4757929883138565,-1.6555547646011632,1.5591924880966803,-1.6555547677405251,1.559192492365281,3.1393618815656055e-09,4.268600584111937e-09,4.268600584111937e-09,0.0035225227173812934,0.07305341195990048,0.0035225230326811907,0.07305341935630574,3.152998973021681e-10,7.396405266035799e-09,7.403122644173934e-09,7.396405266035799e-09,21.980125040268486,4.216445113058853e-07,-4.216445113058853e-07,-1.9182989288960516e-08,21.98012497464728,4.872657193288887e-07,-4.872657193288887e-07,-2.216846851821748e-08
higher_energy_wide_swing,rk45_strict,RK45,1e-08,1e-10,1.4791318864774625,-1.6634854403091826,1.5710180847476256,-1.663485459595829,1.5710180634115047,1.928664650208134e-08,2.1336120870074637e-08,2.1336120870074637e-08,0.004292536759721188,0.09277820890439895,0.004292538549556135,0.09277820677213597,1.7898349469191999e-09,2.13226297729463e-09,2.7838919773501655e-09,1.920385736542407e-08,21.98012521282702,2.4908597850981096e-07,-2.4908597850981096e-07,-1.1332327421944217e-08,21.980125137118353,3.247946445128491e-07,-3.247946445128491e-07,-1.4776742065264866e-08
higher_energy_wide_swing,rk45_strict,RK45,1e-08,1e-10,1.4824707846410685,-1.6713153210946785,1.5828404348370915,-1.6713153508716232,1.5828403967689546,2.9776944687753826e-08,3.806813686502153e-08,3.806813686502153e-08,0.004975252306030575,0.11239362152520567,0.004975255752626584,0.11239361308646699,3.446596008593872e-09,8.438738680061064e-09,9.115444835926218e-09,2.962663712968716e-08,21.98012524545452,2.1645847780860095e-07,-2.1645847780860095e-07,-9.847918210643457e-09,21.98012523618238,2.257306164210604e-07,-2.257306164210604e-07,-1.0269760143644529e-08
higher_energy_wide_swing,rk45_strict,RK45,1e-08,1e-10,1.4858096828046745,-1.679046424963833,1.5946583763526627,-1.679046451951103,1.5946583424323155,2.698726997429901e-08,3.392034719773562e-08,3.392034719773562e-08,0.005568637519918984,0.13189859317395947,0.0055686412449234,0.1318985860925736,3.725004416033073e-09,7.081385866580803e-09,8.00135511590857e-09,2.682930473618672e-08,21.980125130175306,3.3173769153904686e-07,-3.3173769153904686e-07,-1.5092620472702922e-08,21.980125208559755,2.5335324238540124e-07,-2.5335324238540124e-07,-1.1526469347247808e-08
higher_energy_wide_swing,rk45_strict,RK45,1e-08,1e-10,1.4891485809682805,-1.6866808274444873,1.6064706107301312,-1.6866808439198722,1.60647059325144,1.6475384834180318e-08,1.7478691161088022e-08,1.7478691161088022e-08,0.006070837995270195,0.15129201930243252,0.006070840523649035,0.15129201819974517,2.528378839627976e-09,1.1026873580899377e-09,2.7583725213193877e-09,1.636488279610493e-08,21.98012504253071,4.19382288896486e-07,-4.19382288896486e-07,-1.9080068019774892e-08,21.98012512962294,3.3229005680368573e-07,-3.3229005680368573e-07,-1.511775068706844e-08
higher_energy_wide_swing,rk45_strict,RK45,1e-08,1e-10,1.4924874791318865,-1.6942206345681574,1.618275745330233,-1.6942206398427204,1.6182757449364207,5.274563008583755e-09,3.9381231609070255e-10,5.274563008583755e-09,0.006480179696076949,0.1705727628841261,0.006480180364125565,0.17057276772519636,6.680486164256649e-10,4.841070266881076e-09,4.886946928583147e-09,5.23443879907326e-09,21.980124975074695,4.868383030043333e-07,-4.868383030043333e-07,-2.214902293655799e-08,21.980125033582336,4.28330661605969e-07,-4.28330661605969e-07,-1.9487180013971132e-08
higher_energy_wide_swing,rk45_strict,RK45,1e-08,1e-10,1.4958263772954925,-1.7016679841562232,1.6300722905964606,-1.7016679668924506,1.6300723247628666,1.726377263366885e-08,3.4166405926683296e-08,3.4166405926683296e-08,0.006795173913443198,0.18973965298794052,0.006795169636487297,0.1897396699781979,4.276955900550661e-09,1.6990257395432806e-08,1.7520308163337605e-08,1.7116141837192345e-08,21.980125079102976,3.828100219038788e-07,-3.828100219038788e-07,-1.7416189118993395e-08,21.980124892750027,5.691629709758672e-07,-5.691629709758672e-07,-2.5894436861250346e-08
higher_energy_wide_swing,rk45_strict,RK45,1e-08,1e-10,1.4991652754590985,-1.7090250186929792,1.6418587015982162,-1.709024995856167,1.6418587446573962,2.2836812219040326e-08,4.305917999936071e-08,4.305917999936071e-08,0.007014515294589296,0.20879149974995237,0.007014509090615961,0.20879152008147062,6.203973335061619e-09,2.033151824676338e-08,2.12569969506661e-08,2.2618985989764084e-08,21.980125226134625,2.3577837282573455e-07,-2.3577837282573455e-07,-1.07268893089027e-08,21.980124867743804,5.941691938460281e-07,-5.941691938460281e-07,-2.7032111116726797e-08
higher_energy_wide_swing,rk45_strict,RK45,1e-08,1e-10,1.5025041736227045,-1.7162938845361106,1.653633379251798,-1.7162938803009058,1.653633394392126,4.235204853486607e-09,1.514032788030306e-08,1.514032788030306e-08,0.00713708280304326,0.22772709542238728,0.007137080936256757,0.22772710632034332,1.8667865031574138e-09,1.0897956037592138e-08,1.1056687462602062e-08,1.0897956037592138e-08,21.98012523665284,2.2526015897028628e-07,-2.2526015897028628e-07,-1.024835637815696e-08,21.980124961447995,5.004650027728985e-07,-5.004650027728985e-07,-2.2768978441005745e-08
higher_energy_wide_swing,rk45_strict,RK45,1e-08,1e-10,1.5058430717863105,-1.7234767319166924,1.6653946703203986,-1.7234767559554467,1.6653946425374506,2.4038754320443445e-08,2.7782947942256442e-08,2.7782947942256442e-08,0.007161940716097659,0.24654521516884348,0.007161946996403934,0.24654521126922624,6.280306275030512e-09,3.8996172402328e-09,7.392513884228321e-09,2.3759110762133773e-08,21.98012512699812,3.349148762765708e-07,-3.349148762765708e-07,-1.5237168543778738e-08,21.980125096876414,3.650365840712766e-07,-3.650365840712766e-07,-1.6607575088859678e-08
higher_energy_wide_swing,rk45_strict,RK45,1e-08,1e-10,1.5091819699499165,-1.7305757027863755,1.6771408858239507,-1.730575740710313,1.6771408364620453,3.7923937545869535e-08,4.9361905452016686e-08,4.9361905452016686e-08,0.007088335654628297,0.26524462434136165,0.007088346927822564,0.26524461269919186,1.127319426696971e-08,1.1642169783776524e-08,1.6205709680699512e-08,3.744087781476502e-08,21.98012508242269,3.7949030939898876e-07,-3.7949030939898876e-07,-1.726515665511404e-08,21.980125185311365,2.766016322652831e-07,-2.766016322652831e-07,-1.2584169855835282e-08
higher_energy_wide_swing,rk45_strict,RK45,1e-08,1e-10,1.5125208681135225,-1.7375929015209088,1.6888703451565605,-1.737592934617772,1.6888703023328635,3.3096863250037245e-08,4.282369703290101e-08,4.282369703290101e-08,0.006915685863016052,0.2838240944842139,0.006915696402522542,0.2838240845962169,1.0539506489770645e-08,9.887997032276274e-09,1.4451770907339415e-08,3.263753403648373e-08,21.98012506446162,3.9745137669910946e-07,-3.9745137669910946e-07,-1.808230700902096e-08,21.98012518052854,2.813844588445136e-07,-2.813844588445136e-07,-1.2801767639229108e-08
higher_energy_wide_swing,rk45_strict,RK45,1e-08,1e-10,1.5158597662771285,-1.7445304032056024,1.7005813636206328,-1.744530419891835,1.7005813451151384,1.66862326178574e-08,1.85054944701335e-08,1.85054944701335e-08,0.006643579970031399,0.30228240019641933,0.006643585249436423,0.30228239828160164,5.279405024261052e-09,1.9148176932937133e-09,5.615927724672345e-09,1.6435040689488645e-08,21.980125126182628,3.3573036972711634e-07,-3.3573036972711634e-07,-1.527426994485848e-08,21.980125119610292,3.4230270529178597e-07,-3.4230270529178597e-07,-1.557328259499363e-08
higher_energy_wide_swing,rk45_strict,RK45,1e-08,1e-10,1.5191986644407347,-1.7513902382799253,1.7122722759178852,-1.751390249218733,1.712272266539515,1.0938807637472792e-08,9.378370302570715e-09,1.0938807637472792e-08,0.006271767635340653,0.32061832843811766,0.006271770922494313,0.3206183299143589,3.2871536603806817e-09,1.4762412403612757e-09,3.6034243972501366e-09,1.0760911883789248e-08,21.980125178403917,2.835090811004193e-07,-2.835090811004193e-07,-1.289842870058598e-08,21.980125122512263,3.39400735072104e-07,-3.39400735072104e-07,-1.5441255586107327e-08
higher_energy_wide_swing,rk45_strict,RK45,1e-08,1e-10,1.5225375626043407,-1.7581743920708732,1.7239414368591632,-1.7581743981714206,1.723941436466542,6.1005474005781934e-09,3.926212688298847e-10,6.1005474005781934e-09,0.005800154186496154,0.3388306798804792,0.00580015538282086,0.3388306854862167,1.1963247059654236e-09,5.605737485314677e-09,5.73197047762507e-09,5.993763624312365e-09,21.980125146217798,3.156951997596025e-07,-3.156951997596025e-07,-1.4362756950893516e-08,21.980125165467214,2.964457834764289e-07,-2.964457834764289e-07,-1.3486992328142441e-08
higher_energy_wide_swing,rk45_strict,RK45,1e-08,1e-10,1.5258764607679467,-1.7648848037978246,1.7355872229036964,-1.7648848084978228,1.7355872258852252,4.6999981684336944e-09,2.9815288016266095e-09,4.6999981684336944e-09,0.005228794968110462,0.3569182705610483,0.005228795385501583,0.35691827811393584,4.1739112166538916e-10,7.552887537620734e-09,7.564411775174041e-09,7.552887537620734e-09,21.980125112865174,3.490478235335104e-07,-3.490478235335104e-07,-1.5880156104583566e-08,21.98012517800337,2.8390962825142196e-07,-2.8390962825142196e-07,-1.2916651851845819e-08
higher_energy_wide_swing,rk45_strict,RK45,1e-08,1e-10,1.5292153589315527,-1.771523350950423,1.7472080558839624,-1.7715233592881123,1.74720805337402,8.33768942776203e-09,2.5099424760810507e-09,8.33768942776203e-09,0.0045578827570780245,0.3748799410383449,0.0045578848599517885,0.37487994673764163,2.1028737640094164e-09,5.699296756755956e-09,6.074871322828829e-09,8.170284310216047e-09,21.9801250858264,3.7608659653187715e-07,-3.7608659653187715e-07,-1.7110302540518127e-08,21.980125138534426,3.233785719203297e-07,-3.233785719203297e-07,-1.4712316928339547e-08
higher_energy_wide_swing,rk45_strict,RK45,1e-08,1e-10,1.5325542570951587,-1.7780918479910028,1.7588024047937802,-1.7780918628524118,1.7588023915437476,1.4861408992317138e-08,1.3250032626643815e-08,1.4861408992317138e-08,0.0037877400247610105,0.39271455783224163,0.0037877455598857024,0.3927145593589325,5.535124691924409e-09,1.5266908848232674e-09,5.741810725977802e-09,1.4543242748965568e-08,21.980125105713793,3.5619920524254667e-07,-3.5619920524254667e-07,-1.620551283293474e-08,21.980125064692658,3.972203401758634e-07,-3.972203401758634e-07,-1.8071795853220396e-08
higher_energy_wide_swing,rk45_strict,RK45,1e-08,1e-10,1.5358931552587647,-1.7845920436584368,1.7703687909246122,-1.7845920647207931,1.7703687670375952,2.1062356303502838e-08,2.3887017031043456e-08,2.3887017031043456e-08,0.0029188101306596437,0.4104210167137254,0.0029188193350830893,0.41042101388365304,9.20442344565231e-09,2.8300723431406993e-09,9.629679144929171e-09,2.058282150274593e-08,21.980125146248742,3.156642556234601e-07,-3.156642556234601e-07,-1.4361349127439734e-08,21.980124997534045,4.643789530689446e-07,-4.643789530689446e-07,-2.112722030971193e-08
higher_energy_wide_swing,rk45_strict,RK45,1e-08,1e-10,1.5392320534223707,-1.7910256191794167,1.781905790732802,-1.7910256436432777,1.7819057605311153,2.4463860937018467e-08,3.020168670708756e-08,3.020168670708756e-08,0.0019516488096578133,0.4279982445512379,0.0019516604824790784,0.42799823889305233,1.1672821265129585e-08,5.658185586732145e-09,1.2971885769677622e-08,2.387299466444226e-08,21.980125147984783,3.139282149788869e-07,-3.139282149788869e-07,-1.4282366837389506e-08,21.980124978896153,4.830168442992999e-07,-4.830168442992999e-07,-2.1975163205336022e-08
higher_energy_wide_swing,rk45_strict,RK45,1e-08,1e-10,1.5425709515859767,-1.797394188268454,1.7934120358395733,-1.7973942115898363,1.793412006732226,2.3321382158769666e-08,2.910734742123111e-08,2.910734742123111e-08,0.0008869165145890534,0.4454452000030939,0.0008869281804210205,0.44544519433922297,1.166583196710036e-08,5.663870927818948e-09,1.2968078862021672e-08,2.2725202913909115e-08,21.9801251192333,3.426796979510982e-07,-3.426796979510982e-07,-1.5590434119445366e-08,21.980125023239992,4.386730054761756e-07,-4.386730054761756e-07,-1.9957711626182708e-08
higher_energy_wide_swing,rk45_strict,RK45,1e-08,1e-10,1.5459098497495827,-1.803699294400541,1.804886217642426,-1.8036993137503892,1.8048861943812111,1.9349848168204176e-08,2.3261214954217735e-08,2.3261214954217735e-08,-0.0002746308517977969,0.4627608759607251,-0.0002746209901731689,0.4627608721613515,9.861624628015875e-09,3.79937364902716e-09,1.0568201380973548e-08,1.8827411546462614e-08,21.98012510858021,3.5333278702864845e-07,-3.5333278702864845e-07,-1.607510328550676e-08,21.98012508521486,3.766981393482638e-07,-3.766981393482638e-07,-1.7138125075810128e-08
higher_energy_wide_swing,rk45_strict,RK45,1e-08,1e-10,1.5492487479131887,-1.8099424057237583,1.8163270952558317,-1.8099424271596773,1.816327070206648,2.1435919039802798e-08,2.504918361623254e-08,2.504918361623254e-08,-0.0015321528877713098,0.4799443027932476,-0.0015321417214435584,0.4799442993211934,1.1166327751332972e-08,3.472054199704644e-09,1.1693675034644818e-08,2.0825865587603687e-08,21.980125109551118,3.523618801182238e-07,-3.523618801182238e-07,-1.6030931248722574e-08,21.980125171787428,2.9012556979068904e-07,-2.9012556979068904e-07,-1.319945012567906e-08
higher_energy_wide_swing,rk45_strict,RK45,1e-08,1e-10,1.5525876460767947,-1.8161249192549194,1.8277334900891042,-1.8161249470824643,1.8277334592723766,2.782754493502182e-08,3.0816727614180195e-08,3.0816727614180195e-08,-0.0028847305997057315,0.49699454748967226,-0.0028847160099582103,0.4969945446788907,1.4589747521220886e-08,2.8107815519540225e-09,1.4858035727032561e-08,2.699432052888362e-08,21.9801251257011,3.362118974337136e-07,-3.362118974337136e-07,-1.5296177358782557e-08,21.98012536146088,1.004521195113739e-07,-1.004521195113739e-07,-4.570134037016149e-09
higher_energy_wide_swing,rk45_strict,RK45,1e-08,1e-10,1.5559265442404007,-1.8222481609719694,1.839104286541475,-1.8222481927972412,1.8391042524335393,3.1825271751273476e-08,3.410793580904681e-08,3.410793580904681e-08,-0.004331374325277859,0.5139107146762548,-0.004331357364794841,0.5139107126131095,1.6960483018024775e-08,2.063145321251625e-09,1.708550709874627e-08,3.082443719715222e-08,21.980125131575548,3.303374498386802e-07,-3.303374498386802e-07,-1.502891557243777e-08,21.9801254541135,7.799496160032504e-09,-7.799496160032504e-09,-3.5484311377327736e-10
higher_energy_wide_swing,rk45_strict,RK45,1e-08,1e-10,1.5592654424040067,-1.8283133858129534,1.8504384320041039,-1.8283134163146695,1.8504383999293312,3.050171604179752e-08,3.20747726156867e-08,3.20747726156867e-08,-0.005871031417466699,0.530691946763916,-0.0058710147962697246,0.5306919454310421,1.6621196974320185e-08,1.3328738113216332e-09,1.6674553710851078e-08,2.949593147505425e-08,21.980125119675172,3.422378256345837e-07,-3.422378256345837e-07,-1.5570330853097765e-08,21.980125385304298,7.660869982828444e-08,-7.660869982828444e-08,-3.4853622633333664e-09
higher_energy_wide_swing,rk45_strict,RK45,1e-08,1e-10,1.5626043405676127,-1.8343217782200754,1.8617349364726994,-1.8343218024853003,1.861734911460953,2.4265224940478447e-08,2.501174645175297e-08,2.501174645175297e-08,-0.0075025935569499325,0.5473374241474944,-0.007502580061543362,0.5473374236143975,1.34954065700299e-08,5.33096899957286e-10,1.3505931689267136e-08,2.3427532302999765e-08,21.98012511626513,3.4564786943747094e-07,-3.4564786943747094e-07,-1.5725472997704543e-08,21.980125194696015,2.672169827633297e-07,-2.672169827633297e-07,-1.2157209167270741e-08
higher_energy_wide_swing,rk45_strict,RK45,1e-08,1e-10,1.5659432387312187,-1.8402744522055727,1.8729928733636143,-1.8402744689995731,1.8729928561916096,1.679400041254553e-08,1.7172004707077804e-08,1.7172004707077804e-08,-0.00922490438476431,0.5638463659942752,-0.00922489480302735,0.563846365788323,9.581736959418663e-09,2.059521442276946e-10,9.583950096134766e-09,1.6187904294806543e-08,21.980125115598433,3.463145645810073e-07,-3.463145645810073e-07,-1.575580472373093e-08,21.980124977598447,4.843145511301827e-07,-4.843145511301827e-07,-2.2034203215509368e-08
higher_energy_wide_swing,rk45_strict,RK45,1e-08,1e-10,1.5692821368948247,-1.8461724537972728,1.8842113763250796,-1.846172466387817,1.8842113627465114,1.2590544162804918e-08,1.3578568269778657e-08,1.3578568269778657e-08,-0.011036765179598285,0.5802180293952307,-0.011036757569720779,0.5802180285942957,7.609877505920792e-09,8.009349850013336e-10,7.651910382729161e-09,1.2116170122755676e-08,21.980125119636217,3.4227678114007176e-07,-3.4227678114007176e-07,-1.5572103158972704e-08,21.980124837511283,6.244017143330893e-07,-6.244017143330893e-07,-2.84075591567959e-08
higher_energy_wide_swing,rk45_strict,RK45,1e-08,1e-10,1.5726210350584309,-1.852016764633639,1.8953896351695767,-1.8520167780202503,1.895389619212874,1.3386611374954782e-08,1.5956702625885555e-08,1.5956702625885555e-08,-0.012936939522687152,0.5964517087304297,-0.012936930718557837,0.596451706467729,8.804129314476938e-09,2.2627006934783367e-09,9.090242428796909e-09,1.2860751075205457e-08,21.980125121931273,3.3998172455085296e-07,-3.3998172455085296e-07,-1.5467688077575846e-08,21.98012483999738,6.219156176712204e-07,-6.219156176712204e-07,-2.829445258394322e-08
higher_energy_wide_swing,rk45_strict,RK45,1e-08,1e-10,1.5759599332220369,-1.8578083020412124,1.9065268957953625,-1.8578083201069795,1.9065268731399159,1.8065767104502584e-08,2.265544662982677e-08,2.265544662982677e-08,-0.014924159771256718,0.6125467353851886,-0.01492414719301871,0.6125467313213677,1.2578238006710762e-08,4.063820835398246e-09,1.3218423171304513e-08,1.732676929711019e-08,21.980125118978762,3.4293423567532955e-07,-3.4293423567532955e-07,-1.560201447755899e-08,21.98012496813479,4.93778209431639e-07,-4.93778209431639e-07,-2.246475846042163e-08
higher_energy_wide_swing,rk45_strict,RK45,1e-08,1e-10,1.5792988313856429,-1.8635479196715128,1.9176224594461857,-1.8635479416980012,1.9176224315388626,2.2026488410986644e-08,2.790732311908073e-08,2.790732311908073e-08,-0.016997133019120092,0.6285024772921307,-0.016997117176435816,0.6285024721358496,1.5842684275568786e-08,5.156281068785518e-09,1.6660668639513554e-08,2.1089336721402674e-08,21.980125118710184,3.432028137240195e-07,-3.432028137240195e-07,-1.5614233609299404e-08,21.980125079724267,3.8218873044115753e-07,-3.8218873044115753e-07,-1.7387923062741903e-08
higher_energy_wide_swing,rk45_strict,RK45,1e-08,1e-10,1.5826377295492489,-1.8692364111366078,1.92867567858591,-1.8692364394686285,1.92867564345078,2.833202072949348e-08,3.513513013864156e-08,3.513513013864156e-08,-0.01915454480184353,0.6443183380925805,-0.01915452416395058,0.6443183322631907,2.0637892950148284e-08,5.829389859712819e-09,2.1445382056711017e-08,2.707964086301473e-08,21.980125120959947,3.4095305068149173e-07,-3.4095305068149173e-07,-1.5511879187054357e-08,21.98012519362424,2.682887583205229e-07,-2.682887583205229e-07,-1.220597028826845e-08
higher_energy_wide_swing,rk45_strict,RK45,1e-08,1e-10,1.5859766277128549,-1.8748745103677082,1.9396859564106563,-1.874874550543849,1.9396859081327502,4.0176140858605436e-08,4.827790611727778e-08,4.827790611727778e-08,-0.021395064600749136,0.6599937565403566,-0.021395035163413012,0.6599937498431814,2.9437336124260582e-08,6.69717525880742e-09,3.0189549757157345e-08,3.833299438982252e-08,21.98012511928784,3.4262515669070126e-07,-3.4262515669070126e-07,-1.5587952729587447e-08,21.980125380819374,8.109362426012012e-08,-8.109362426012012e-08,-3.6894067961822407e-09
higher_energy_wide_swing,rk45_strict,RK45,1e-08,1e-10,1.5893155258764609,-1.8804628971901294,1.9506527401214406,-1.880462944008149,1.9506526851261496,4.681801968331456e-08,5.4995290987847056e-08,5.4995290987847056e-08,-0.023717347286977608,0.6755282050100249,-0.023717312628058207,0.6755281985260451,3.465891940113153e-08,6.4839797975224656e-09,3.5260213953815014e-08,4.459113112087465e-08,21.980125115593466,3.4631953127473025e-07,-3.4631953127473025e-07,-1.5756030686668747e-08,21.980125471698443,9.78544534291359e-09,9.78544534291359e-09,4.451951541345721e-10
higher_energy_wide_swing,rk45_strict,RK45,1e-08,1e-10,1.5926544240400669,-1.8860021979732084,1.9615755201538205,-1.886002241863489,1.9615754696839172,4.3890280521097225e-08,5.046990336765589e-08,5.046990336765589e-08,-0.026120037660340323,0.6909211888646729,-0.026120004829378374,0.6909211839274861,3.2830961949059656e-08,4.937186770526125e-09,3.3200118609843265e-08,4.17279191755604e-08,21.980125115014914,3.4689808359189556e-07,-3.4689808359189556e-07,-1.578235229789739e-08,21.980125416790614,4.5122384051410336e-08,-4.5122384051410336e-08,-2.052871997004661e-09
higher_energy_wide_swing,rk45_strict,RK45,1e-08,1e-10,1.5959933222036728,-1.8914929856324374,1.9724538301753294,-1.8914930190740562,1.9724537927179642,3.344161880747265e-08,3.745736520954779e-08,3.745736520954779e-08,-0.028601775321367318,0.7061722458636682,-0.028601750135890502,0.7061722431240072,2.5185476815181573e-08,2.7396610535745936e-09,2.5334047941387536e-08,3.173663259969928e-08,21.98012511716948,3.447435190651049e-07,-3.447435190651049e-07,-1.5684328993593508e-08,21.98012524833998,2.1357301704938436e-07,-2.1357301704938436e-07,-9.716642310320845e-09
higher_energy_wide_swing,rk45_strict,RK45,1e-08,1e-10,1.5993322203672788,-1.8969357831520672,1.9832872428498511,-1.8969358035662658,1.9832872207991736,2.041419855380866e-08,2.2050677506157967e-08,2.2050677506157967e-08,-0.03116119661400385,0.7212809449652688,-0.03116118123357914,0.7212809441021801,1.5380424711608498e-08,8.630887116112262e-10,1.54046222424819e-08,1.9338090018194976e-08,21.980125123638878,3.3827411982656486e-07,-3.3827411982656486e-07,-1.538999949807947e-08,21.980125043199457,4.187135402844433e-07,-4.187135402844433e-07,-1.9049642869872926e-08
higher_energy_wide_swing,rk45_strict,RK45,1e-08,1e-10,1.6026711185308848,-1.9023310652149408,1.9940753678735226,-1.9023310762287602,1.9940753561574016,1.101381941204238e-08,1.1716120962290688e-08,1.1716120962290688e-08,-0.03379693765354885,0.7362468854246729,-0.033796929256186714,0.7362468851565849,8.397362138978792e-09,2.680879962468907e-10,8.401640439038447e-09,1.041404984469807e-08,21.980125125152878,3.36760120234203e-07,-3.36760120234203e-07,-1.5321119109066894e-08,21.980124887862686,5.740503112861006e-07,-5.740503112861006e-07,-2.6116789564318496e-08
higher_energy_wide_swing,rk45_strict,RK45,1e-08,1e-10,1.6060100166944908,-1.907679261195401,2.0048178483422623,-1.9076792709124089,2.0048178366814753,9.717007865006622e-09,1.166078700265416e-08,1.166078700265416e-08,-0.036507635939958205,0.7510696956466205,-0.03650762782440453,0.7510696942378097,8.115553673526676e-09,1.4088108457599446e-09,8.23692657652253e-09,9.17081083295912e-09,21.980125116626773,3.4528622450125113e-07,-3.4528622450125113e-07,-1.5709019727824602e-08,21.980124845522106,6.163908921053007e-07,-6.163908921053007e-07,-2.8043101627121212e-08
higher_energy_wide_swing,rk45_strict,RK45,1e-08,1e-10,1.6093489148580968,-1.912980758517752,2.0155143567043083,-1.9129807744303085,2.0155143359191947,1.5912556383668175e-08,2.0785113630239493e-08,2.0785113630239493e-08,-0.03929193127433017,0.7657490320253578,-0.03929191699311507,0.7657490282519794,1.4281215099387623e-08,3.773378387528226e-09,1.4771306278404836e-08,1.4990008956328182e-08,21.980125108584474,3.533285237722339e-07,-3.533285237722339e-07,-1.6074909325903484e-08,21.980124925034765,5.368782325376742e-07,-5.368782325376742e-07,-2.4425621840420017e-08
higher_energy_wide_swing,rk45_strict,RK45,1e-08,1e-10,1.6126878130217028,-1.9182359026562599,2.0261645947602194,-1.918235926557783,2.026164563077332,2.3901523205083208e-08,3.168288742472214e-08,3.168288742472214e-08,-0.04214846917809445,0.7802845782943411,-0.04214844710591448,0.7802845723133169,2.2072179972632e-08,5.981024120416123e-09,2.2868182662233058e-08,2.247334962568459e-08,21.98012511131369,3.505993078078973e-07,-3.505993078078973e-07,-1.5950741883407955e-08,21.980125051674513,4.1023848496024584e-07,-4.1023848496024584e-07,-1.866406475573145e-08
higher_energy_wide_swing,rk45_strict,RK45,1e-08,1e-10,1.6160267111853088,-1.92344499723186,2.036768293547281,-1.9234450243171033,2.0367682579070503,2.7085243381463897e-08,3.5640230766631475e-08,3.5640230766631475e-08,-0.04507590414610285,0.7946760448250445,-0.045075878778427,0.794676038403036,2.5367675848819715e-08,6.422008480555519e-09,2.6167941663323807e-08,2.54184497894272e-08,21.980125117066933,3.448460645927298e-07,-3.448460645927298e-07,-1.568899436858432e-08,21.980125106125108,3.5578788981638354e-07,-3.5578788981638354e-07,-1.6186799772043622e-08
higher_energy_wide_swing,rk45_strict,RK45,1e-08,1e-10,1.6193656093489148,-1.9286083086689814,2.0473252077491733,-1.9286083438941901,2.047325163648081,3.5225208749878334e-08,4.4101092111503704e-08,4.4101092111503704e-08,-0.048072898700786904,0.8089231672974082,-0.048072866134953984,0.8089231611037424,3.2565832919217996e-08,6.193665802456394e-09,3.314958476052061e-08,3.2994232790350964e-08,21.980125128328968,3.3358402973249213e-07,-3.3358402973249213e-07,-1.517662082095592e-08,21.98012524138555,2.2052744697020898e-07,-2.2052744697020898e-07,-1.003303858989965e-08
higher_energy_wide_swing,rk45_strict,RK45,1e-08,1e-10,1.6227045075125208,-1.933726065958643,2.057835115935219,-1.9337261089374675,2.057835064361287,4.2978824499328994e-08,5.1573932235982056e-08,5.1573932235982056e-08,-0.05113812638427273,0.8230257060242423,-0.05113808698899025,0.8230257006264068,3.939528248064761e-08,5.397835511899984e-09,3.976336140146541e-08,4.0179215232694077e-08,21.98012513005517,3.318578265520955e-07,-3.318578265520955e-07,-1.509808609269025e-08,21.980125362150343,9.976265502587012e-08,-9.976265502587012e-08,-4.5387664050752636e-09
higher_energy_wide_swing,rk45_strict,RK45,1e-08,1e-10,1.6260434056761268,-1.9387984641582388,2.0682978164356043,-1.9387985099848202,2.0682977630408823,4.5826581418495493e-08,5.3394721977184645e-08,5.3394721977184645e-08,-0.054270271273065496,0.8369834448938615,-0.05427022930522152,0.8369834407301685,4.196784397780817e-08,4.163692945979847e-09,4.2173881337790714e-08,4.2758397156283934e-08,21.980125116702517,3.452104806456191e-07,-3.452104806456191e-07,-1.570557371220639e-08,21.980125394436392,6.747660563632962e-08,-6.747660563632962e-08,-3.069891741666925e-09
higher_energy_wide_swing,rk45_strict,RK45,1e-08,1e-10,1.629382303839733,-1.9438256666857052,2.07871312461129,-1.9438257088036321,2.078713076535626,4.211792692387917e-08,4.807566433839838e-08,4.807566433839838e-08,-0.05746802821489272,0.8507961904666301,-0.05746798948352738,0.8507961876814334,3.873136533716348e-08,2.785196739907292e-09,3.883137882899369e-08,3.9221376257891905e-08,21.980125102597952,3.5931504527297875e-07,-3.5931504527297875e-07,-1.6347269986952408e-08,21.980125328735323,1.331776751101188e-07,-1.331776751101188e-07,-6.059004319192268e-09
higher_energy_wide_swing,rk45_strict,RK45,1e-08,1e-10,1.632721202003339,-1.948807805319522,2.0890808728540136,-1.9488078383907845,2.0890808355488204,3.3071262617312414e-08,3.7305193156811356e-08,3.7305193156811356e-08,-0.06073010498996756,0.8644637713461473,-0.06073007430360955,0.8644637696766784,3.068635801017905e-08,1.6694688964591364e-09,3.073173757412888e-08,3.0736443945578173e-08,21.980125103410654,3.5850234425538474e-07,-3.5850234425538474e-07,-1.631029562941281e-08,21.98012519755796,2.643550374159531e-07,-2.643550374159531e-07,-1.2027003115793202e-08
higher_energy_wide_swing,rk45_strict,RK45,1e-08,1e-10,1.636060100166945,-1.9537449801987123,2.099400910586288,-1.9537450029726577,2.0994008846383143,2.2773945396181716e-08,2.5947973547602032e-08,2.5947973547602032e-08,-0.06405522441471712,0.8779860375309539,-0.0640552028187571,0.8779860362489336,2.1595960020270866e-08,1.2820203787455853e-09,2.163397941777371e-08,2.1595960020270866e-08,21.980125115233882,3.4667911563701637e-07,-3.4667911563701637e-07,-1.5772390209407104e-08,21.980125054254774,4.076582236223203e-07,-4.076582236223203e-07,-1.85466741001414e-08
higher_energy_wide_swing,rk45_strict,RK45,1e-08,1e-10,1.639398998330551,-1.9586372620760693,2.1096731016368584,-1.9586372780051307,2.1096730822164997,1.5929061403241462e-08,1.9420358654542724e-08,1.9420358654542724e-08,-0.06744212418887019,0.8913628595807068,-0.06744210819865959,0.891362857658466,1.5990210600058674e-08,1.922240810969811e-09,1.6105335909864986e-08,1.5990210600058674e-08,21.980125126556818,3.353561801588967e-07,-3.353561801588967e-07,-1.5257245948845898e-08,21.98012495300947,5.089035290950505e-07,-5.089035290950505e-07,-2.3152894644613148e-08
higher_energy_wide_swing,rk45_strict,RK45,1e-08,1e-10,1.642737896494157,-1.9634846954934042,2.1198973204574307,-1.963484710173581,2.1198973005503126,1.4680176851911142e-08,1.990711817612123e-08,1.990711817612123e-08,-0.07088955552885345,0.9045941276860855,-0.07088953952120347,0.9045941242682065,1.6007649983329486e-08,3.4178789798389175e-09,1.636846830676631e-08,1.6007649983329486e-08,21.98012513929979,3.2261320725979203e-07,-3.2261320725979203e-07,-1.4677496168928329e-08,21.980124929909547,5.320034510702953e-07,-5.320034510702953e-07,-2.420384051001652e-08
higher_energy_wide_swing,rk45_strict,RK45,1e-08,1e-10,1.646076794657763,-1.9682872973870464,2.1300734538137696,-1.9682873173928843,2.1300734257612355,2.000583787520327e-08,2.8052534073452762e-08,2.8052534073452762e-08,-0.07439628614153371,0.9176797512367763,-0.07439626351321693,0.9176797459044435,2.262831677590782e-08,5.33233279753631e-09,2.32481073030583e-08,2.262831677590782e-08,21.980125130704838,3.3120815956522165e-07,-3.3120815956522165e-07,-1.506852907364595e-08,21.980124985004693,4.769083048472567e-07,-4.769083048472567e-07,-2.1697251258808323e-08
higher_energy_wide_swing,rk45_strict,RK45,1e-08,1e-10,1.649415692821369,-1.9730450612998378,2.1402013959712227,-1.9730450888074151,2.1402013578252927,2.750757732705722e-08,3.814592997031241e-08,3.814592997031241e-08,-0.07796109757469372,0.9306196580186381,-0.07796106624013521,0.9306196512033051,3.1334558503459675e-08,6.815332964649201e-09,3.206716888073799e-08,3.1334558503459675e-08,21.98012510767097,3.542420294877502e-07,-3.542420294877502e-07,-1.6116469858262557e-08,21.98012506527034,3.966426582735494e-07,-3.966426582735494e-07,-1.8045513842077423e-08
higher_energy_wide_swing,rk45_strict,RK45,1e-08,1e-10,1.652754590984975,-1.977757957475751,2.1502810485855073,-1.977757988417278,2.1502810065739832,3.0941527118244494e-08,4.201152403737751e-08,4.201152403737751e-08,-0.08158278637191918,0.9434137936658852,-0.08158275111940494,0.9434137869274167,3.525251424107978e-08,6.738468449896118e-09,3.589076089145754e-08,3.525251424107978e-08,21.980125091011004,3.7090199356271114e-07,-3.7090199356271114e-07,-1.687442568084552e-08,21.980125104682465,3.572305331545067e-07,-3.572305331545067e-07,-1.6252433762196362e-08
higher_energy_wide_swing,rk45_strict,RK45,1e-08,1e-10,1.656093489148581,-1.9824259328598888,2.1603123207027113,-1.982425969564698,2.1603122742936423,3.670480919204522e-08,4.6409069032193884e-08,4.6409069032193884e-08,-0.08526016528027491,0.9560621211120669,-0.08526012479302902,0.9560621161752476,4.048724588923136e-08,4.936819286704974e-09,4.078712130519466e-08,4.048724588923136e-08,21.980125096472147,3.65440850913501e-07,-3.65440850913501e-07,-1.6625967469873375e-08,21.98012521772681,2.4418618949084703e-07,-2.4418618949084703e-07,-1.11094083568345e-08
higher_energy_wide_swing,rk45_strict,RK45,1e-08,1e-10,1.659432387312187,-1.9870489110984848,2.1702951287592933,-1.9870489523989496,2.170295079957443,4.1300464825866356e-08,4.880185011657545e-08,4.880185011657545e-08,-0.08899206442038665,0.9685646200335039,-0.08899202018572072,0.9685646175156339,4.423466593017622e-08,2.517869912566084e-09,4.4306267489497444e-08,4.423466593017622e-08,21.980125114110283,3.478027146286422e-07,-3.478027146286422e-07,-1.582350907101564e-08,21.98012532682033,1.3509266949540688e-07,-1.3509266949540688e-07,-6.146128225223031e-09
higher_energy_wide_swing,rk45_strict,RK45,1e-08,1e-10,1.662771285475793,-1.9916267945324517,2.180229394418655,-1.9916268371631682,2.180229346458914,4.263071651244843e-08,4.795974062332675e-08,4.795974062332675e-08,-0.0927773303662408,0.980921286331037,-0.09277728549851605,0.9809212859165459,4.48677247577578e-08,4.144911081027658e-10,4.486963926550567e-08,4.48677247577578e-08,21.980125129753922,3.321590753557757e-07,-3.321590753557757e-07,-1.5111791601523776e-08,21.980125374124633,8.778836502187914e-08,-8.778836502187914e-08,-3.993988349793462e-09
higher_energy_wide_swing,rk45_strict,RK45,1e-08,1e-10,1.666110183639399,-1.996159466940966,2.1901150414313855,-1.9961595065621474,2.1901149981221844,3.962118144684723e-08,4.330920111428327e-08,4.330920111428327e-08,-0.09661482415698908,0.9931321315445266,-0.09661478266709722,0.9931321323694602,4.148989185548402e-08,8.24933565901631e-10,4.1498092023223316e-08,4.148989185548402e-08,21.980125152300754,3.0961224339876026e-07,-3.0961224339876026e-07,-1.408600892361848e-08,21.980125345557,1.163559986139262e-07,-1.163559986139262e-07,-5.2936912855910234e-09
higher_energy_wide_swing,rk45_strict,RK45,1e-08,1e-10,1.669449081803005,-2.000646791186123,2.1999519982856084,-2.0006468257623395,2.199951960701987,3.457621655655885e-08,3.7583621548265e-08,3.7583621548265e-08,-0.10050342459055406,1.0051971823860786,-0.10050338806489423,1.005197183429545,3.652565983003342e-08,1.0434664243774705e-09,3.6540561684217715e-08,3.652565983003342e-08,21.980125148189884,3.1372311326549607e-07,-3.1372311326549607e-07,-1.4273035602508876e-08,21.98012525735986,2.0455313887168813e-07,-2.0455313887168813e-07,-9.306277128678648e-09
higher_energy_wide_swing,rk45_strict,RK45,1e-08,1e-10,1.672787979966611,-2.0050886129950602,2.2097401942710126,-2.0050886423918555,2.209740161383656,2.939679522029337e-08,3.2887356837818515e-08,3.2887356837818515e-08,-0.10444202516332501,1.017116480485162,-0.10444199318177083,1.0171164807534576,3.198155418271398e-08,2.6829560795249563e-10,3.1982679538699014e-08,3.198155418271398e-08,21.98012511842464,3.434883595332394e-07,-3.434883595332394e-07,-1.562722470026086e-08,21.980125143253467,3.1865953076248843e-07,-3.1865953076248843e-07,-1.4497621103876744e-08
higher_energy_wide_swing,rk45_strict,RK45,1e-08,1e-10,1.676126878130217,-2.0094847610679905,2.219479559363876,-2.0094847865404657,2.2194795287831286,2.5472475240206904e-08,3.0580747267805464e-08,3.0580747267805464e-08,-0.10842953457285742,1.0288900819434106,-0.10842950527838102,1.0288900806346992,2.92944764002101e-08,1.3087113615029011e-09,2.932369473634237e-08,2.92944764002101e-08,21.980125084682506,3.7723049217675e-07,-3.7723049217675e-07,-1.7162344811471264e-08,21.980125042126552,4.1978644560458633e-07,-4.1978644560458633e-07,-1.9098455390165504e-08
higher_energy_wide_swing,rk45_strict,RK45,1e-08,1e-10,1.679465776293823,-2.0138350470782007,2.229170024227065,-2.0138350707595993,2.2291699929469457,2.3681398619856964e-08,3.1280119383580995e-08,3.1280119383580995e-08,-0.11246487730633148,1.040518056883611,-0.11246484801627377,1.040518053536437,2.9290057712572093e-08,3.347174093448757e-09,2.9480689530905793e-08,2.9290057712572093e-08,21.980125071896094,3.900169041060053e-07,-3.900169041060053e-07,-1.774407087811322e-08,21.980124986222897,4.7569010064307804e-07,-4.7569010064307804e-07,-2.1641828271970074e-08
higher_energy_wide_swing,rk45_strict,RK45,1e-08,1e-10,1.6828046744574292,-2.018139265672054,2.238811520210037,-2.0181392900623436,2.238811485352249,2.439028978784563e-08,3.48577877673506e-08,3.48577877673506e-08,-0.11654699420629377,1.052000488996641,-0.11654696206382509,1.0520004836217185,3.214246868665782e-08,5.3749225070731654e-09,3.258877237991361e-08,3.214246868665782e-08,21.980125089855758,3.7205724012778774e-07,-3.7205724012778774e-07,-1.692698436924238e-08,21.980124989786262,4.721267359286685e-07,-4.721267359286685e-07,-2.1479710693497464e-08
higher_energy_wide_swing,rk45_strict,RK45,1e-08,1e-10,1.6861435726210352,-2.022397194468988,2.248403979348836,-2.0223972219234447,2.2484039389067827,2.745445693008719e-08,4.044205326181327e-08,4.044205326181327e-08,-0.12067484301376019,1.0633374750862425,-0.12067480567808075,1.0633374682809955,3.733567943697835e-08,6.8052470325596914e-09,3.7950814829130754e-08,3.733567943697835e-08,21.980125113879723,3.480332750882553e-07,-3.480332750882553e-07,-1.583399856799384e-08,21.980125038129145,4.237838524545623e-07,-4.237838524545623e-07,-1.92803199958477e-08
higher_energy_wide_swing,rk45_strict,RK45,1e-08,1e-10,1.6894824707846412,-2.0266085964673373,2.257947332189836,-2.026608626279308,2.2579472879488947,2.9811970669868515e-08,4.4240941132756006e-08,4.4240941132756006e-08,-0.12484739644925158,1.0745291250893279,-0.12484735526258661,1.0745291176568665,4.1186664967440834e-08,7.432461313072736e-09,4.18519157543659e-08,4.1186664967440834e-08,21.980125141738885,3.201741129998936e-07,-3.201741129998936e-07,-1.4566528000701771e-08,21.98012507709389,3.8481910635823624e-07,-3.8481910635823624e-07,-1.750759371346847e-08
higher_energy_wide_swing,rk45_strict,RK45,1e-08,1e-10,1.6928213689482472,-2.0307732210447873,2.2674415064911075,-2.0307732527994844,2.2674414620132293,3.1754697094044104e-08,4.447787826933336e-08,4.447787826933336e-08,-0.12906364130896752,1.0855755615602327,-0.12906359867303896,1.08557555589994,4.2635928565459835e-08,5.660292679010581e-09,4.301001415776394e-08,4.2635928565459835e-08,21.980125181157778,2.807552199612928e-07,-2.807552199612928e-07,-1.277314000995051e-08,21.980125144916585,3.1699641311888627e-07,-3.1699641311888627e-07,-1.442195649284056e-08
higher_energy_wide_swing,rk45_strict,RK45,1e-08,1e-10,1.6961602671118532,-2.034890802007684,2.276886429241039,-2.0348908387514824,2.2768863844415197,3.674379822626861e-08,4.4799519205440674e-08,4.4799519205440674e-08,-0.13332258093851712,1.0964769190754187,-0.13332253542272599,1.09647691784456,4.551579113609705e-08,1.2308587482579014e-09,4.553243081588083e-08,4.551579113609705e-08,21.980125184022615,2.778903827049817e-07,-2.778903827049817e-07,-1.2642802389208748e-08,21.98012527810778,1.8380521638050595e-07,-1.8380521638050595e-07,-8.3623369984399e-09
higher_energy_wide_swing,rk45_strict,RK45,1e-08,1e-10,1.6994991652754592,-2.0389610606285657,2.2862820242059154,-2.0389611021437037,2.2862819798100746,4.1515137993997087e-08,4.439584078141934e-08,4.439584078141934e-08,-0.13762323263673826,1.1072333446616403,-0.13762318478009805,1.107233348200805,4.785664020623415e-08,3.5391647390525804e-09,4.798732852409165e-08,4.785664020623415e-08,21.980125145317757,3.165952406902761e-07,-3.165952406902761e-07,-1.440370489417224e-08,21.98012538890525,7.300774740315319e-08,-7.300774740315319e-08,-3.321534607691866e-09
higher_energy_wide_swing,rk45_strict,RK45,1e-08,1e-10,1.7028380634390652,-2.042983705665313,2.2956282119134954,-2.0429837496191627,2.2956281690110547,4.395384989308582e-08,4.290244071114557e-08,4.395384989308582e-08,-0.14196462785959707,1.1178449974150695,-0.14196457942309992,1.1178450044420567,4.843649714647569e-08,7.0269872143313705e-09,4.8943567556226667e-08,4.843649714647569e-08,21.980125087342575,3.7457042267874385e-07,-3.7457042267874385e-07,-1.7041323232107876e-08,21.980125433867926,2.804507204245965e-08,-2.804507204245965e-08,-1.2759286606919488e-09
higher_energy_wide_swing,rk45_strict,RK45,1e-08,1e-10,1.7061769616026712,-2.046958433361147,2.304924909653009,-2.0469584764666244,2.304924869244215,4.31054774097106e-08,4.040879408861997e-08,4.31054774097106e-08,-0.14634581242945477,1.128312048115296,-0.1463457655996423,1.1283120564256588,4.682981247228213e-08,8.310362842323116e-09,4.7561470401577946e-08,4.682981247228213e-08,21.980125042870096,4.1904290171146386e-07,-4.1904290171146386e-07,-1.9064627380657056e-08,21.98012540390438,5.800861657689893e-08,-5.800861657689893e-08,-2.6391394661243333e-09
higher_energy_wide_swing,rk45_strict,RK45,1e-08,1e-10,1.7095158597662772,-2.050884927444632,2.3141720314751577,-2.050884966620601,2.314171994016904,3.917596869129625e-08,3.74582538320567e-08,3.917596869129625e-08,-0.15076584673107896,1.1386346788383799,-0.15076580328647193,1.1386346860093386,4.344460702299102e-08,7.1709587157187116e-09,4.403244858379628e-08,4.344460702299102e-08,21.98012503795319,4.2395980770493225e-07,-4.2395980770493225e-07,-1.9288325193573926e-08,21.98012531432532,1.4758767719058596e-07,-1.4758767719058596e-07,-6.714596668082028e-09
higher_energy_wide_swing,rk45_strict,RK45,1e-08,1e-10,1.7128547579298832,-2.0547628591296734,2.3233694881921143,-2.054762892661355,2.3233694531440636,3.353168143149787e-08,3.50480506838835e-08,3.50480506838835e-08,-0.15522380589442974,1.1488130825686973,-0.15522376633632795,1.1488130866667645,3.95581017942348e-08,4.098067218905044e-09,3.976980729766875e-08,3.95581017942348e-08,21.980125074412996,3.875000018638275e-07,-3.875000018638275e-07,-1.7629562785493862e-08,21.980125195140754,2.6677224340687644e-07,-2.6677224340687644e-07,-1.2136975463089937e-08
higher_energy_wide_swing,rk45_strict,RK45,1e-08,1e-10,1.7161936560934892,-2.058591887115518,2.332517187377524,-2.0585919158148984,2.332517152748231,2.8699380205665648e-08,3.46292927666525e-08,3.46292927666525e-08,-0.15971877996424033,1.1588474628093157,-0.1597187426134019,1.1588474631019674,3.7350838422156585e-08,2.926516806667223e-10,3.735198489831893e-08,3.7350838422156585e-08,21.980125112042625,3.49870372673422e-07,-3.49870372673422e-07,-1.5917578508806734e-08,21.980125081588945,3.803240531397023e-07,-3.803240531397023e-07,-1.730308836492881e-08
higher_energy_wide_swing,rk45_strict,RK45,1e-08,1e-10,1.7195325542570952,-2.062371659772957,2.34161503233159,-2.0623716859529924,2.3416149952595364,2.618003547283365e-08,3.707205342706743e-08,3.707205342706743e-08,-0.16424987230343968,1.1687380343755929,-0.1642498341171198,1.168738030862374,3.818631988394827e-08,3.5132188269670905e-09,3.834759096482306e-08,3.818631988394827e-08,21.980125157591285,3.0432171271854713e-07,-3.0432171271854713e-07,-1.384531281433646e-08,21.980125004886233,4.5702676487735516e-07,-4.5702676487735516e-07,-2.079272776078043e-08
higher_energy_wide_swing,rk45_strict,RK45,1e-08,1e-10,1.7228714524207012,-2.0661018158252435,2.350662920880363,-2.066101841593147,2.350662879415703,2.576790336661361e-08,4.146465970578106e-08,4.146465970578106e-08,-0.16881619849905294,1.1784850227606718,-0.16881615709424813,1.1784850159502014,4.1404804806965956e-08,6.810470409845948e-09,4.1961176917554857e-08,4.1404804806965956e-08,21.98012523682481,2.2508818631195027e-07,-2.2508818631195027e-07,-1.0240532371026792e-08,21.980124983188574,4.7872442365815e-07,-4.7872442365815e-07,-2.1779876756740096e-08
higher_energy_wide_swing,rk45_strict,RK45,1e-08,1e-10,1.7262103505843072,-2.069781981756882,2.359660747025983,-2.0697820098986224,2.3596607002620495,2.8141740493481393e-08,4.676393361435771e-08,4.676393361435771e-08,-0.17341688878765693,1.1880886626738558,-0.1734168421393314,1.1880886544319513,4.664832553569198e-08,8.241904492223284e-09,4.7370827150714004e-08,4.664832553569198e-08,21.98012527027648,1.9163651643339108e-07,-1.9163651643339108e-07,-8.71862705085362e-09,21.980125012756844,4.491561540476141e-07,-4.491561540476141e-07,-2.0434649239191498e-08
higher_energy_wide_swing,rk45_strict,RK45,1e-08,1e-10,1.7295492487479132,-2.073411774822562,2.368608400167461,-2.073411806678427,2.368608349151487,3.185586505694005e-08,5.101597411183434e-08,5.101597411183434e-08,-0.1780510861477992,1.1975491997527943,-0.17805103428345248,1.1975491920457477,5.1864346706231856e-08,7.707046556504338e-09,5.243385381495765e-08,5.1864346706231856e-08,21.980125234364852,2.2754814565928427e-07,-2.2754814565928427e-07,-1.0352449809878386e-08,21.980125059319526,4.025934714491086e-07,-4.025934714491086e-07,-1.83162499298159e-08
higher_energy_wide_swing,rk45_strict,RK45,1e-08,1e-10,1.7328881469115192,-2.0769908030760447,2.377505765089999,-2.0769908378498916,2.377505713468828,3.477384691308316e-08,5.162117089341223e-08,5.162117089341223e-08,-0.1827179462945312,1.2068668901971784,-0.18271789216311618,1.20686688489469,5.413141501708907e-08,5.302488448322151e-09,5.4390499864378206e-08,5.413141501708907e-08,21.980125145356237,3.16556761248421e-07,-3.16556761248421e-07,-1.4401954247119666e-08,21.98012509444615,3.674668462849695e-07,-3.674668462849695e-07,-1.6718141437441447e-08
higher_energy_wide_swing,rk45_strict,RK45,1e-08,1e-10,1.7362270450751252,-2.0805186653701617,2.386352721964994,-2.0805187048524507,2.386352673182199,3.9482288993752945e-08,4.8782795136759205e-08,4.8782795136759205e-08,-0.18741663768604555,1.2160420003826413,-0.18741658290215946,1.2160420014071216,5.478388609425622e-08,1.0244802783887508e-09,5.4793464349585044e-08,5.478388609425622e-08,21.9801250419642,4.1994879751428016e-07,-4.1994879751428016e-07,-1.910584169512428e-08,21.980125221833887,2.400791103696065e-07,-2.400791103696065e-07,-1.0922554140358018e-08
higher_energy_wide_swing,rk45_strict,RK45,1e-08,1e-10,1.7395659432387314,-2.083994951356815,2.395149146350035,-2.0839949948432266,2.395149101796628,4.348641180484947e-08,4.455340718578782e-08,4.455340718578782e-08,-0.1921463415214757,1.2250748064724055,-0.19214628746407758,1.225074814103635,5.4057398113371846e-08,7.631229426152686e-09,5.4593387450699156e-08,5.4057398113371846e-08,21.980124968171168,4.937418296435681e-07,-4.937418296435681e-07,-2.2463103338473675e-08,21.98012535759849,1.0431450903070072e-07,-1.0431450903070072e-07,-4.745855942062576e-09
higher_energy_wide_swing,rk45_strict,RK45,1e-08,1e-10,1.7429048414023374,-2.087419241486976,2.403894909188904,-2.0874192863225214,2.4038948686565362,4.483554549850055e-08,4.053236768442048e-08,4.483554549850055e-08,-0.19690625172982268,1.2339655940264318,-0.196906199588735,1.233965605749087,5.214108766971037e-08,1.1722655290924422e-08,5.344262035538921e-08,5.214108766971037e-08,21.980124956294205,5.056187930563283e-07,-5.056187930563283e-07,-2.3003453457645674e-08,21.980125436617733,2.5295264549640706e-08,-2.5295264549640706e-08,-1.1508243933125931e-09
higher_energy_wide_swing,rk45_strict,RK45,1e-08,1e-10,1.7462437395659434,-2.0907911070106877,2.412589876811576,-2.0907911501254395,2.412589838972972,4.311475176876911e-08,3.78386038057954e-08,4.311475176876911e-08,-0.20169557494997103,1.2427146576078343,-0.20169552530579393,1.2427146698184683,4.9644177102514675e-08,1.2210634059428571e-08,5.112380956383355e-08,4.9644177102514675e-08,21.980125010314886,4.5159811179473763e-07,-4.5159811179473763e-07,-2.0545747683618255e-08,21.9801254350238,2.6889196647061908e-08,-2.6889196647061908e-08,-1.2233413632536044e-09
higher_energy_wide_swing,rk45_strict,RK45,1e-08,1e-10,1.7495826377295494,-2.0941101099770636,2.4212339109342196,-2.0941101494218843,2.4212338738236108,3.9444820743028686e-08,3.71106088081774e-08,3.9444820743028686e-08,-0.20651353050173626,1.2513223003863123,-0.20651348289787386,1.2513223100719735,4.760386240754144e-08,9.68566116199554e-09,4.8579211070797825e-08,4.760386240754144e-08,21.98012508949141,3.724215886791171e-07,-3.724215886791171e-07,-1.6943560641837397e-08,21.98012535964807,1.0226492719311864e-07,-1.0226492719311864e-07,-4.652608892989376e-09
higher_energy_wide_swing,rk45_strict,RK45,1e-08,1e-10,1.7529215358931554,-2.097375803799824,2.42982686887557,-2.097375839716561,2.429826830152752,3.591673713998489e-08,3.8722817841119195e-08,3.8722817841119195e-08,-0.2113593502275043,1.259788834368623,-0.2113593028552082,1.2597888401271073,4.7372296085868015e-08,5.758484356022109e-09,4.772100772747467e-08,4.7372296085868015e-08,21.980125130349165,3.315638323897474e-07,-3.315638323897474e-07,-1.5084710638448304e-08,21.980125237618196,2.242948013986279e-07,-2.242948013986279e-07,-1.0204436812123038e-08
higher_energy_wide_swing,rk45_strict,RK45,1e-08,1e-10,1.7562604340567614,-2.100587737137843,2.4383686041175854,-2.100587768848976,2.438368560771324,3.171113283073623e-08,4.3346261247023676e-08,4.3346261247023676e-08,-0.21623227690993185,1.2681145836948906,-0.2162322278217571,1.2681145830276526,4.908817474724714e-08,6.672380425953861e-10,4.9092709302112854e-08,4.908817474724714e-08,21.980125261932667,1.9998033096157997e-07,-1.9998033096157997e-07,-9.098234280241231e-09,21.980125106115025,3.55797972417804e-07,-3.55797972417804e-07,-1.618725848650537e-08
higher_energy_wide_swing,rk45_strict,RK45,1e-08,1e-10,1.7595993322203674,-2.1037454482873277,2.446858963466486,-2.1037454769934354,2.44685891435688,2.8706107713105666e-08,4.9109605715358384e-08,4.9109605715358384e-08,-0.22113156484477492,1.2762998775234318,-0.22113151253271235,1.2762998708093278,5.231206257061416e-08,6.714103939486904e-09,5.2741170655400554e-08,5.231206257061416e-08,21.980125389511667,7.240133115260505e-08,-7.240133115260505e-08,-3.293945308822807e-09,21.980125002297896,4.596151015334726e-07,-4.596151015334726e-07,-2.091048580818569e-08
higher_energy_wide_swing,rk45_strict,RK45,1e-08,1e-10,1.7629382303839733,-2.1068484682400013,2.4552977897167323,-2.1068484966590457,2.4552977354535996,2.8419044451055697e-08,5.4263132653886714e-08,5.4263132653886714e-08,-0.22605648023616132,1.2843450540144257,-0.22605642374333745,1.2843450440619746,5.649282386332999e-08,9.952451085482039e-09,5.736279657288458e-08,5.649282386332999e-08,21.980125430973423,3.093957445798878e-08,-3.093957445798878e-08,-1.407615917006509e-09,21.980124953407916,5.08505081597832e-07,-5.08505081597832e-07,-2.3134767018457923e-08
higher_energy_wide_swing,rk45_strict,RK45,1e-08,1e-10,1.7662771285475793,-2.109896321636444,2.4636849221601946,-2.1098963526897148,2.4636848644722895,3.1053270621583806e-08,5.768790511950783e-08,5.768790511950783e-08,-0.23100630102303843,1.2922504610189165,-0.23100624014907545,1.2922504514881121,6.087396298148917e-08,9.53080436794096e-09,6.161554674732406e-08,6.087396298148917e-08,21.980125366452633,9.546036494612054e-08,-9.546036494612054e-08,-4.343030939997752e-09,21.980124967059712,4.948532854598398e-07,-4.948532854598398e-07,-2.2513669738478878e-08
higher_energy_wide_swing,rk45_strict,RK45,1e-08,1e-10,1.7696160267111853,-2.112888526766093,2.47202019658615,-2.112888562264152,2.4720201376903814,3.549805915881166e-08,5.889576870643509e-08,5.889576870643509e-08,-0.23598031679074627,1.3000164556026614,-0.23598025229684372,1.3000164494576956,6.449390255180987e-08,6.1449658694812115e-09,6.478598669387876e-08,6.449390255180987e-08,21.980125219692646,2.4222035222010163e-07,-2.4222035222010163e-07,-1.1019971320901662e-08,21.980125021732995,4.4018000266987656e-07,-4.4018000266987656e-07,-2.0026273436546905e-08
higher_energy_wide_swing,rk45_strict,RK45,1e-08,1e-10,1.7729549248747913,-2.115824595567239,2.4803034452812844,-2.1158246349021774,2.480303387256169,3.9334938417567855e-08,5.802511537922328e-08,5.802511537922328e-08,-0.24097782867389783,1.3076434035663649,-0.24097776248751657,1.3076434015669232,6.618638126454357e-08,1.9994417232993555e-09,6.621657520666857e-08,6.618638126454357e-08,21.98012504011799,4.21795007810033e-07,-4.21795007810033e-07,-1.9189836224589177e-08,21.98012505775426,4.041587366998556e-07,-4.041587366998556e-07,-1.838746268305788e-08
higher_energy_wide_swing,rk45_strict,RK45,1e-08,1e-10,1.7762938230383973,-2.118704033627031,2.4885344970296903,-2.118704076278266,2.488534442919262,4.265123498825574e-08,5.411042813818767e-08,5.411042813818767e-08,-0.24599814925049512,1.315131678962207,-0.24599808405727774,1.315131682491517,6.519321738007733e-08,3.5293099553967977e-09,6.528867911918022e-08,6.519321738007733e-08,21.980124885621105,5.762918924290261e-07,-5.762918924290261e-07,-2.6218771745758255e-08,21.9801251264892,3.354237989583453e-07,-3.354237989583453e-07,-1.5260322309786868e-08
higher_energy_wide_swing,rk45_strict,RK45,1e-08,1e-10,1.7796327212020033,-2.1215263401814726,2.49671317711287,-2.121526385453761,2.4967131281038566,4.5272288584641274e-08,4.900901329207841e-08,4.900901329207841e-08,-0.2510406024272126,1.3224816636065797,-0.2510405395691543,1.3224816727256075,6.285805831396374e-08,9.119027755133402e-09,6.351607798188234e-08,6.285805831396374e-08,21.98012480606361,6.558493872432791e-07,-6.558493872432791e-07,-2.983829134095391e-08,21.980125234660612,2.272523857982378e-07,-2.272523857982378e-07,-1.033899402403408e-08
higher_energy_wide_swing,rk45_strict,RK45,1e-08,1e-10,1.7829716193656093,-2.1242910081154243,2.504839307309733,-2.124291053532565,2.5048392615860946,4.541714071493175e-08,4.5723638208983175e-08,4.5723638208983175e-08,-0.25610452331576183,1.3296937465889496,-0.25610446267844034,1.3296937580382435,6.063732149730328e-08,1.1449293957355167e-08,6.170876024106502e-08,6.063732149730328e-08,21.980124827490716,6.344222818199796e-07,-6.344222818199796e-07,-2.8863451344684176e-08,21.980125303085597,1.588274010089208e-07,-1.588274010089208e-07,-7.225955160453281e-09
higher_energy_wide_swing,rk45_strict,RK45,1e-08,1e-10,1.7863105175292153,-2.126997523962601,2.512912705896596,-2.126997566833173,2.5129126603496745,4.287057198126831e-08,4.554692134561833e-08,4.554692134561833e-08,-0.26118925810025884,1.3367683237767616,-0.2611891986275926,1.336768333400192,5.947266623618219e-08,9.623430496930041e-09,6.024623178066466e-08,5.947266623618219e-08,21.98012493705489,5.24858108974513e-07,-5.24858108974513e-07,-2.387875855776999e-08,21.980125301445547,1.604674508826065e-07,-1.604674508826065e-07,-7.3005702884027366e-09
higher_energy_wide_swing,rk45_strict,RK45,1e-08,1e-10,1.7896494156928213,-2.129645367905576,2.5209331876471848,-2.1296454068886757,2.5209331395858534,3.8983099859279946e-08,4.806133135915047e-08,4.806133135915047e-08,-0.2662941638954994,1.343705797316321,-0.26629410412858523,1.3437058024176485,5.976691419551372e-08,5.101327582579529e-09,5.998422772328311e-08,5.976691419551372e-08,21.98012506864333,3.9326966927433205e-07,-3.9326966927433205e-07,-1.7892057529689123e-08,21.98012523502872,2.2688427847583625e-07,-2.2688427847583625e-07,-1.0322246743722172e-08
higher_energy_wide_swing,rk45_strict,RK45,1e-08,1e-10,1.7929883138564275,-2.1322340142340535,2.528900564294734,-2.132234050446757,2.5289005126934465,3.621270350251393e-08,5.160128768721961e-08,5.160128768721961e-08,-0.2714186087301048,1.3505065757832309,-0.27141854723516645,1.350506576762488,6.149493836371533e-08,9.792571198374844e-10,6.15027348080059e-08,6.149493836371533e-08,21.980125116671736,3.4524126135693223e-07,-3.4524126135693223e-07,-1.5706974100542044e-08,21.98012513174031,3.3017268918911213e-07,-3.3017268918911213e-07,-1.5021419680303145e-08
higher_energy_wide_swing,rk45_strict,RK45,1e-08,1e-10,1.7963272120200335,-2.134762936205409,2.5368146488047816,-2.1347629694696946,2.5368145912788247,3.3264285548284533e-08,5.752595688690576e-08,5.752595688690576e-08,-0.2765619723086281,1.357171080194167,-0.27656190720496376,1.3571710755991133,6.510366434842041e-08,4.595053670897187e-09,6.526562364545528e-08,6.510366434842041e-08,21.980125204371674,2.5754132337851843e-07,-2.5754132337851843e-07,-1.1717008796186545e-08,21.980125029404736,4.325082620937337e-07,-4.325082620937337e-07,-1.9677242645551813e-08
higher_energy_wide_swing,rk45_strict,RK45,1e-08,1e-10,1.7996661101836395,-2.137231599780903,2.544675248591598,-2.1372316311343593,2.5446751851559175,3.1353456275695635e-08,6.343568070832362e-08,6.343568070832362e-08,-0.2817236436424041,1.3636997342082235,-0.28172357435138706,1.363699725007954,6.929101703523344e-08,9.200269657227977e-09,6.989914165097251e-08,6.929101703523344e-08,21.980125287150937,1.7476206082278622e-07,-1.7476206082278622e-07,-7.950912797363812e-09,21.98012496338518,4.985278181379726e-07,-4.985278181379726e-07,-2.268084497523993e-08
higher_energy_wide_swing,rk45_strict,RK45,1e-08,1e-10,1.8030050083472455,-2.1396394661011104,2.5524821693216486,-2.139639497832218,2.5524821023462123,3.173110751930608e-08,6.69754363080699e-08,6.69754363080699e-08,-0.28690302266319434,1.370092967884426,-0.2869029498852509,1.3700929574056615,7.277794344950905e-08,1.0478764522758865e-08,7.352845407502708e-08,7.277794344950905e-08,21.98012530481243,1.5710056899820302e-07,-1.5710056899820302e-07,-7.14739182314613e-09,21.980124954546042,5.073669555599736e-07,-5.073669555599736e-07,-2.308298723950122e-08
higher_energy_wide_swing,rk45_strict,RK45,1e-08,1e-10,1.8063439065108515,-2.1419859928450062,2.560235216433489,-2.1419860271693287,2.5602351490787543,3.4324322495393744e-08,6.735473467855968e-08,6.735473467855968e-08,-0.2920995205924941,1.376351219074886,-0.2920994457460626,1.3763512109620577,7.484643149702208e-08,8.112828187023524e-09,7.528483438934154e-08,7.484643149702208e-08,21.9801252475607,2.143522976894019e-07,-2.143522976894019e-07,-9.75209618620376e-09,21.980124997584028,4.6432896994019757e-07,-4.6432896994019757e-07,-2.1124946294996517e-08
higher_energy_wide_swing,rk45_strict,RK45,1e-08,1e-10,1.8096828046744575,-2.1442706342299647,2.5679341951377688,-2.144270671966346,2.567934129790145,3.7736381131026064e-08,6.534762375665082e-08,6.534762375665082e-08,-0.29731255978375704,1.3824749327792525,-0.2973124844228906,1.3824749290138945,7.536086643611384e-08,3.765358025376031e-09,7.545487466732055e-08,7.536086643611384e-08,21.980125139054834,3.2285816331523165e-07,-3.2285816331523165e-07,-1.468864060283359e-08,21.98012504975437,4.121586272276545e-07,-4.121586272276545e-07,-1.8751422867983168e-08
higher_energy_wide_swing,rk45_strict,RK45,1e-08,1e-10,1.8130217028380635,-2.1464928410117587,2.5755789104172297,-2.1464928815639395,2.5755788486412956,4.055218072451794e-08,6.177593414591342e-08,6.177593414591342e-08,-0.302541573553332,1.3884645604968644,-0.3025414993342552,1.388464561383884,7.421907677329642e-08,8.870195689070215e-10,7.422437713309619e-08,7.421907677329642e-08,21.98012502039885,4.4151414613224915e-07,-4.4151414613224915e-07,-2.0086971154796258e-08,21.980125084701847,3.772111512034826e-07,-3.772111512034826e-07,-1.71614648814044e-08
higher_energy_wide_swing,rk45_strict,RK45,1e-08,1e-10,1.8163606010016695,-2.1486520604845616,2.583169167026707,-2.1486521039472484,2.5831691107018884,4.346268678290244e-08,5.632481858697247e-08,5.632481858697247e-08,-0.3077860060000812,1.3943205595767696,-0.3077859344908992,1.3943205661389761,7.150918202025736e-08,6.562206555926764e-09,7.18096488508957e-08,7.150918202025736e-08,21.980124935044245,5.268687530701754e-07,-5.268687530701754e-07,-2.397023410913326e-08,21.980125172879557,2.8903344073683e-07,-2.8903344073683e-07,-1.3149763009208708e-08
higher_energy_wide_swing,rk45_strict,RK45,1e-08,1e-10,1.8196994991652755,-2.150747736480945,2.5907047694931267,-2.1507477810063347,2.590704716678258,4.452538959753838e-08,5.281486847863448e-08,5.281486847863448e-08,-0.3130453118136396,1.4000433925657694,-0.3130452424130279,1.4000434021651542,6.940061170190859e-08,9.5993848425735e-09,7.006135235602379e-08,6.940061170190859e-08,21.980124914576933,5.473360644714376e-07,-5.473360644714376e-07,-2.4901407656651347e-08,21.9801252351599,2.2675309807596022e-07,-2.2675309807596022e-07,-1.0316278606729355e-08
higher_energy_wide_swing,rk45_strict,RK45,1e-08,1e-10,1.8230383973288815,-2.1527793093718803,2.5981855221155103,-2.152779352391049,2.5981854689717427,4.301916867177624e-08,5.3143767608787584e-08,5.3143767608787584e-08,-0.3183189560712798,1.4056335265546587,-0.3183188869359235,1.405633535013496,6.913535632868673e-08,8.458837408298336e-09,6.96509111569584e-08,6.913535632868673e-08,21.98012496535966,4.965533371148467e-07,-4.965533371148467e-07,-2.259101468621145e-08,21.980125234453507,2.2745949124214349e-07,-2.2745949124214349e-07,-1.034841641992825e-08
higher_energy_wide_swing,rk45_strict,RK45,1e-08,1e-10,1.8263772954924875,-2.154746216066738,2.6056112289649693,-2.154746255797916,2.605611172063367,3.973117790323499e-08,5.690160254090415e-08,5.690160254090415e-08,-0.32360641402332657,1.4110914325228172,-0.3236063431964229,1.4110914366113996,7.082690367532507e-08,4.088582361561066e-09,7.094481510273351e-08,7.082690367532507e-08,21.980125055998833,4.05914164502974e-07,-4.05914164502974e-07,-1.8467327004404006e-08,21.980125174276075,2.876369222803987e-07,-2.876369222803987e-07,-1.308622750033042e-08
higher_energy_wide_swing,rk45_strict,RK45,1e-08,1e-10,1.8297161936560935,-2.1566478900280948,2.612981693905324,-2.1566479269701357,2.6129816325138404,3.6942040981813307e-08,6.139148345241097e-08,6.139148345241097e-08,-0.32890717087670174,1.4164175847040599,-0.32890709743904556,1.4164175845238658,7.343765617839892e-08,1.8019408187797126e-10,7.343787724930425e-08,7.343765617839892e-08,21.980125106274592,3.5563840583563433e-07,-3.5563840583563433e-07,-1.6179998901820738e-08,21.980125083086897,3.7882610115502757e-07,-3.7882610115502757e-07,-1.7234938072189566e-08
higher_energy_wide_swing,rk45_strict,RK45,1e-08,1e-10,1.8330550918196995,-2.1584837647834214,2.620296725288464,-2.158483799697581,2.620296658963561,3.491415956347055e-08,6.632490334723684e-08,6.632490334723684e-08,-0.33422072368225497,1.4216124651885405,-0.33422064680925406,1.4216124612148868,7.687300090930549e-08,3.973653628364104e-09,7.697563375484669e-08,7.687300090930549e-08,21.98012513525077,3.266622279340936e-07,-3.266622279340936e-07,-1.486170897887419e-08,21.980124999203827,4.62709170534481e-07,-4.62709170534481e-07,-2.1051252475162625e-08
higher_energy_wide_swing,rk45_strict,RK45,1e-08,1e-10,1.8363939899833055,-2.1602532720789087,2.6275561330134494,-2.160253305816801,2.627556062132611,3.373789247973491e-08,7.088083853190597e-08,7.088083853190597e-08,-0.33954657960976053,1.4266765601167073,-0.3395464991338542,1.4266765533092487,8.047590632775936e-08,6.807458596824745e-09,8.076331464112764e-08,8.047590632775936e-08,21.980125166591165,2.9532183276614887e-07,-2.9532183276614887e-07,-1.3435857464866631e-08,21.98012495633002,5.055829781497323e-07,-5.055829781497323e-07,-2.300182403534515e-08
higher_energy_wide_swing,rk45_strict,RK45,1e-08,1e-10,1.8397328881469115,-2.1619558407930235,2.634759727709756,-2.1619558752110177,2.6347596548207592,3.441799423242742e-08,7.288899661617165e-08,7.288899661617165e-08,-0.34488425559638497,1.4316103576590378,-0.34488417268856136,1.431610350855021,8.290782360642623e-08,6.804016683403802e-09,8.318654854110924e-08,8.290782360642623e-08,21.98012516682338,2.9508961674196144e-07,-2.9508961674196144e-07,-1.3425292646909163e-08,21.980124969726752,4.921862455375958e-07,-4.921862455375958e-07,-2.2392331035164135e-08
higher_energy_wide_swing,rk45_strict,RK45,1e-08,1e-10,1.8430717863105175,-2.163590899203381,2.6419073240589306,-2.163590935810128,2.6419072519074613,3.660674696703836e-08,7.215146924366422e-08,7.215146924366422e-08,-0.35023327973398477,1.436414350797381,-0.35023319595273966,1.436414346587048,8.37812451082165e-08,4.21033297115514e-09,8.388697119106785e-08,8.37812451082165e-08,21.980125134477884,3.274351136894893e-07,-3.274351136894893e-07,-1.4896871915352189e-08,21.980125023066694,4.388463032967138e-07,-4.388463032967138e-07,-1.9965595922422895e-08
higher_energy_wide_swing,rk45_strict,RK45,1e-08,1e-10,1.8464106844741235,-2.1651578749867455,2.648998740794591,-2.1651579136105417,2.6489986703829684,3.862379616137446e-08,7.041162275456259e-08,7.041162275456259e-08,-0.35559319103650266,1.4410890365213798,-0.35559310736762983,1.4410890352228598,8.366887283006719e-08,1.298519958226052e-09,8.367894857570729e-08,8.366887283006719e-08,21.98012508710237,3.748106287559949e-07,-3.748106287559949e-07,-1.7052251562688487e-08,21.98012505702689,4.0488610864031216e-07,-4.0488610864031216e-07,-1.8420554939137897e-08
higher_energy_wide_swing,rk45_strict,RK45,1e-08,1e-10,1.8497495826377297,-2.1666561952190295,2.656033800702426,-2.1666562358494517,2.6560337338443145,4.063042213786616e-08,6.68581114915412e-08,6.68581114915412e-08,-0.3609635391936074,1.4456349150279206,-0.36096345726070816,1.4456349174534862,8.193289924296465e-08,2.425565526209539e-09,8.196879495563987e-08,8.193289924296465e-08,21.980125049052212,4.1286078555913264e-07,-4.1286078555913264e-07,-1.878336801464281e-08,21.98012511613574,3.4577725926965286e-07,-3.4577725926965286e-07,-1.5731359671663986e-08
higher_energy_wide_swing,rk45_strict,RK45,1e-08,1e-10,1.8530884808013357,-2.1680852863752924,2.6630123306201927,-2.168085328464871,2.6630122674079795,4.208957848916839e-08,6.321221324157023e-08,6.321221324157023e-08,-0.36634388431065545,1.450052488923992,-0.3663438045290592,1.450052494615865,7.978159627386461e-08,5.691872972946044e-09,7.998437673662327e-08,7.978159627386461e-08,21.98012504000995,4.21903049385719e-07,-4.21903049385719e-07,-1.9194751645835214e-08,21.9801251914709,2.7044209716109435e-07,-2.7044209716109435e-07,-1.2303937829186392e-08
higher_energy_wide_swing,rk45_strict,RK45,1e-08,1e-10,1.8564273789649417,-2.169444574329743,2.669934161437722,-2.169444616081011,2.6699340990386906,4.175126822048014e-08,6.239903127536195e-08,6.239903127536195e-08,-0.3717337966350442,1.454342262433351,-0.3717337175210538,1.4543422685720995,7.911399041438116e-08,6.138748398498706e-09,7.93517971515886e-08,7.911399041438116e-08,21.980125064186154,3.977268434596226e-07,-3.977268434596226e-07,-1.809483954715367e-08,21.98012521821701,2.4369598605744613e-07,-2.4369598605744613e-07,-1.1087106235117755e-08
higher_energy_wide_swing,rk45_strict,RK45,1e-08,1e-10,1.8597662771285477,-2.170733484355738,2.6767991280969134,-2.1707335243505033,2.6767990635714938,3.999476527738466e-08,6.452541967405523e-08,6.452541967405523e-08,-0.3771328562690239,1.4585047406073652,-0.3771327760081707,1.4585047446951256,8.026085318579845e-08,4.087760352433634e-09,8.036488249733974e-08,8.026085318579845e-08,21.980125100153334,3.617596640026477e-07,-3.617596640026477e-07,-1.645848949449821e-08,21.98012518247816,2.794348361589982e-07,-2.794348361589982e-07,-1.2713068296320732e-08
higher_energy_wide_swing,rk45_strict,RK45,1e-08,1e-10,1.8631051752921537,-2.1719514417197145,2.683607070519657,-2.1719514799543957,2.6836070027117516,3.8234681198900944e-08,6.780790551275118e-08,6.780790551275118e-08,-0.3825406533654136,1.4625404294404927,-0.38254057092009197,1.4625404309912402,8.244532162526852e-08,1.5507475303877527e-09,8.245990465551711e-08,8.244532162526852e-08,21.980125111023927,3.508890706882539e-07,-3.508890706882539e-07,-1.5963924832743652e-08,21.980125103688472,3.582245255984162e-07,-3.582245255984162e-07,-1.629765609023229e-08
higher_energy_wide_swing,rk45_strict,RK45,1e-08,1e-10,1.8664440734557597,-2.1730978743025395,2.690357837514521,-2.173097910602154,2.690357765035145,3.629961442541685e-08,7.247937583443331e-08,7.247937583443331e-08,-0.38795678985505666,1.4664498389242548,-0.3879567040649893,1.466449837229769,8.579006738340667e-08,1.6944858849399225e-09,8.580680010385958e-08,8.579006738340667e-08,21.980125124765983,3.3714701430653804e-07,-3.3714701430653804e-07,-1.533872110469724e-08,21.980125017936448,4.4397654974659417e-07,-4.4397654974659417e-07,-2.019899979715373e-08
higher_energy_wide_swing,rk45_strict,RK45,1e-08,1e-10,1.8697829716193657,-2.1741722096519833,2.697051282236429,-2.1741722450316634,2.6970512059876737,3.5379680074498765e-08,7.624875530964914e-08,7.624875530964914e-08,-0.39338087674848016,1.470233477738177,-0.3933807878351631,1.4702334740803682,8.89133170423051e-08,3.657808722579148e-09,8.898852460916766e-08,8.89133170423051e-08,21.980125126927042,3.3498595541914256e-07,-3.3498595541914256e-07,-1.5240402335264364e-08,21.980124962238754,4.996742433149848e-07,-4.996742433149848e-07,-2.273300232889101e-08
higher_energy_wide_swing,rk45_strict,RK45,1e-08,1e-10,1.8731218697829717,-2.175173876978769,2.7036872656646,-2.1751739130092256,2.703687187885654,3.6030456396218824e-08,7.777894595051293e-08,7.777894595051293e-08,-0.3988125358123818,1.4738918555922202,-0.3988124448982068,1.473891852258442,9.091417502160581e-08,3.33377814243363e-09,9.097527849125905e-08,9.091417502160581e-08,21.980125113911473,3.480015244861079e-07,-3.480015244861079e-07,-1.5832554053848436e-08,21.980124959797315,5.021156823659112e-07,-5.021156823659112e-07,-2.284407717489937e-08
higher_energy_wide_swing,rk45_strict,RK45,1e-08,1e-10,1.8764607679465777,-2.17610230749655,2.7102656571531067,-2.1761023453295607,2.710265579915721,3.783301050219734e-08,7.723738582043893e-08,7.723738582043893e-08,-0.404251399564702,1.4774254828591709,-0.4042513078738508,1.4774254816791668,9.169085124494103e-08,1.1800040944365264e-09,9.169844388911292e-08,9.169085124494103e-08,21.980125094860213,3.6705278461113267e-07,-3.6705278461113267e-07,-1.669930343423922e-08,21.980125006272356,4.5564064166114804e-07,-4.5564064166114804e-07,-2.072966519006813e-08
higher_energy_wide_swing,rk45_strict,RK45,1e-08,1e-10,1.8797996661101837,-2.1769569344219084,2.716786334430873,-2.176956973815807,2.716786258134828,3.939389880969202e-08,7.629604503733844e-08,7.629604503733844e-08,-0.40969711095474604,1.4808348696900309,-0.40969701899665667,1.4808348706205843,9.195808936546257e-08,9.305534121040182e-10,9.196279752921384e-08,9.195808936546257e-08,21.9801250828419,3.7907109629031766e-07,-3.7907109629031766e-07,-1.7246084284057854e-08,21.980125057101525,4.048114732313479e-07,-4.048114732313479e-07,-1.8417159353016538e-08
higher_energy_wide_swing,rk45_strict,RK45,1e-08,1e-10,1.8831385642737897,-2.177737192974355,2.7232491836016774,-2.177737232863186,2.723249108054428,3.9888830904999395e-08,7.554724934522028e-08,7.554724934522028e-08,-0.41514932302878593,1.4841205251403347,-0.4151492312456048,1.4841205272140154,9.178318111091599e-08,2.0736807826438053e-09,9.180660372123299e-08,9.178318111091599e-08,21.98012508641018,3.7550281817289033e-07,-3.7550281817289033e-07,-1.7083743167142467e-08,21.98012509239576,3.6951723814127035e-07,-3.6951723814127035e-07,-1.681142533883927e-08
higher_energy_wide_swing,rk45_strict,RK45,1e-08,1e-10,1.8864774624373957,-2.178442520376329,2.7296540991441507,-2.1784425610670417,2.729654026136889,4.0690712577173827e-08,7.300726156955761e-08,7.300726156955761e-08,-0.42060769858135116,1.487282956307899,-0.42060760844959577,1.4872829604836142,9.013175539251961e-08,4.175715107024303e-09,9.022843192027675e-08,9.013175539251961e-08,21.980125101474155,3.604388432165706e-07,-3.604388432165706e-07,-1.6398397900009097e-08,21.98012516943608,2.9247691912814844e-07,-2.9247691912814844e-07,-1.3306426282004183e-08
higher_energy_wide_swing,rk45_strict,RK45,1e-08,1e-10,1.8898163606010017,-2.179072356027066,2.7360009842059245,-2.1790723972498864,2.736000913394115,4.122282026841617e-08,7.081180930512687e-08,7.081180930512687e-08,-0.42607190996335265,1.4903226677412662,-0.42607182133964144,1.4903226736304438,8.862371120299528e-08,5.889177590034933e-09,8.88191679767317e-08,8.862371120299528e-08,21.980125107824218,3.5408877963050145e-07,-3.5408877963050145e-07,-1.6109497657056777e-08,21.980125213261893,2.486511050392437e-07,-2.486511050392437e-07,-1.1312542572611997e-08
higher_energy_wide_swing,rk45_strict,RK45,1e-08,1e-10,1.8931552587646077,-2.179626143455314,2.74228975381334,-2.1796261841237317,2.7422896827466907,4.0668417522482514e-08,7.106664945411012e-08,7.106664945411012e-08,-0.4315416405490674,1.4932401634427688,-0.43154155181448234,1.4932401691747732,8.87345850686394e-08,5.732004426661774e-09,8.891952801297853e-08,8.87345850686394e-08,21.980125112574164,3.493388334163683e-07,-3.493388334163683e-07,-1.589339578710322e-08,21.980125196078045,2.658349522732806e-07,-2.658349522732806e-07,-1.2094332797777587e-08
higher_energy_wide_swing,rk45_strict,RK45,1e-08,1e-10,1.8964941569282137,-2.180103329058996,2.7485203327443983,-2.180103368457451,2.748520259330482,3.939845516498508e-08,7.341391627946336e-08,7.341391627946336e-08,-0.43701658314015146,1.4960359440919424,-0.43701649277731913,1.4960359482808356,9.036283232788378e-08,4.188893232281998e-09,9.045987117406643e-08,9.036283232788378e-08,21.980125112186418,3.4972658013998625e-07,-3.4972658013998625e-07,-1.5911036574654224e-08,21.980125128009245,3.339037526473021e-07,-3.339037526473021e-07,-1.519116682140364e-08
higher_energy_wide_swing,rk45_strict,RK45,1e-08,1e-10,1.8998330550918197,-2.180503363039393,2.7546926573684254,-2.1805034010767788,2.754692580496638,3.8037385685640857e-08,7.687178760207303e-08,7.687178760207303e-08,-0.44249644074458866,1.498710507656226,-0.4424963477736723,1.4987105098346583,9.29709163544068e-08,2.178432323418633e-09,9.29964346368495e-08,9.29709163544068e-08,21.98012510603809,3.558749064325184e-07,-3.558749064325184e-07,-1.61907586491795e-08,21.980125040437933,4.2147506462697493e-07,-4.2147506462697493e-07,-1.9175280202895286e-08
higher_energy_wide_swing,rk45_strict,RK45,1e-08,1e-10,1.9031719532554259,-2.180825699800301,2.760806676346006,-2.18082573686431,2.7608065958115895,3.7064009195120207e-08,8.053441646893589e-08,8.053441646893589e-08,-0.44798092661434186,1.5012643490912978,-0.4479808306147225,1.501264349539475,9.5999619365017e-08,4.4817727307133737e-10,9.600066552423605e-08,9.5999619365017e-08,21.980125099895233,3.620177650986989e-07,-3.620177650986989e-07,-1.6470231970513575e-08,21.980124970605118,4.913078797130765e-07,-4.913078797130765e-07,-2.235236921483507e-08
higher_energy_wide_swing,rk45_strict,RK45,1e-08,1e-10,1.9065108514190319,-2.181069797948028,2.7668623506289833,-2.1810698347595023,2.7668622670570495,3.681147431322529e-08,8.357193381769434e-08,8.357193381769434e-08,-0.453469763855409,1.5036979594517392,-0.45346966498648933,1.5036979590292896,9.886891966237599e-08,4.2244963083248877e-10,9.886982218501229e-08,9.886891966237599e-08,21.980125099691048,3.622219502119606e-07,-3.622219502119606e-07,-1.64795215040795e-08,21.980124947497774,5.144152233071964e-07,-5.144152233071964e-07,-2.3403652731581143e-08
higher_energy_wide_swing,rk45_strict,RK45,1e-08,1e-10,1.9098497495826379,-2.1812351202913978,2.7728596534604604,-2.181235157758673,2.7728595682300146,3.746727506026559e-08,8.523044581210115e-08,8.523044581210115e-08,-0.4589626850241293,1.506011825020538,-0.4589625840452128,1.5060118250011503,1.009789165062891e-07,1.938782467902911e-11,1.0097891836750802e-07,1.009789165062891e-07,21.980125105267742,3.5664525555034743e-07,-3.5664525555034743e-07,-1.622580617969355e-08,21.980124979043914,4.828690833846849e-07,-4.828690833846849e-07,-2.196844072711946e-08
higher_energy_wide_swing,rk45_strict,RK45,1e-08,1e-10,1.9131886477462439,-2.1813211340335004,2.7787985707345513,-2.181321172915001,2.7787984855427625,3.888150068576124e-08,8.519178873456212e-08,8.519178873456212e-08,-0.46445943193650435,1.5082064267427608,-0.46445932999927586,1.508206428366679,1.0193722849161091e-07,1.6239181110933032e-09,1.0195016264127501e-07,1.0193722849161091e-07,21.980125107995374,3.5391762409631156e-07,-3.5391762409631156e-07,-1.6101710825517236e-08,21.98012504063375,4.212792461544268e-07,-4.212792461544268e-07,-1.916637131505079e-08
higher_energy_wide_swing,rk45_strict,RK45,1e-08,1e-10,1.9165275459098499,-2.181327311985471,2.7846791031575053,-2.181327351449314,2.784679017635027,3.946384330433261e-08,8.552247843240934e-08,8.552247843240934e-08,-0.4699597565708704,1.5102822411340142,-0.46995965381332594,1.5102822435882801,1.0275754447341967e-07,2.4542659016191237e-09,1.0278684919445032e-07,1.0275754447341967e-07,21.980125111283396,3.506296017974364e-07,-3.506296017974364e-07,-1.595212012802224e-08,21.980125070408256,3.915047415148365e-07,-3.915047415148365e-07,-1.7811761001693693e-08
higher_energy_wide_swing,rk45_strict,RK45,1e-08,1e-10,1.9198664440734559,-2.1812531318338433,2.7905012648587886,-2.1812531721673576,2.7905011814066034,4.033351430621224e-08,8.345218516225827e-08,8.345218516225827e-08,-0.47546341976670325,1.5122397383233819,-0.4754633182844184,1.5122397426709937,1.0148228485329369e-07,4.347611826105435e-09,1.0157537037902216e-07,1.0148228485329369e-07,21.980125110398166,3.5151483146478313e-07,-3.5151483146478313e-07,-1.599239422331258e-08,21.980125116807073,3.45105924282052e-07,-3.45105924282052e-07,-1.5700816852936033e-08
higher_energy_wide_swing,rk45_strict,RK45,1e-08,1e-10,1.9232053422370619,-2.1810980771312596,2.7962650854632476,-2.181098118437837,2.7962650051214504,4.130657726975073e-08,8.034179721505552e-08,8.034179721505552e-08,-0.4809701921626853,1.5140793827484993,-0.4809700928904877,1.514079389402114,9.927219757344119e-08,6.653614770257832e-09,9.949492349145928e-08,9.927219757344119e-08,21.98012510552808,3.563849162446786e-07,-3.563849162446786e-07,-1.6213961874886464e-08,21.98012516179594,3.0011705831611835e-07,-3.0011705831611835e-07,-1.3654019347439987e-08
higher_energy_wide_swing,rk45_strict,RK45,1e-08,1e-10,1.9265442404006679,-2.1808616374824554,2.801970610455202,-2.180861678940114,2.801970531512894,4.145765863938777e-08,7.894230780181033e-08,7.894230780181033e-08,-0.48647985399819027,1.5158016325787034,-0.4864797558130539,1.5158016402597267,9.818513635462267e-08,7.681023372896334e-09,9.848512131804899e-08,9.818513635462267e-08,21.98012510118556,3.607274372541269e-07,-3.607274372541269e-07,-1.6411527672086894e-08,21.980125165785847,2.9612715124471833e-07,-2.9612715124471833e-07,-1.3472495949026557e-08
higher_energy_wide_swing,rk45_strict,RK45,1e-08,1e-10,1.9298831385642738,-2.1805433085442627,2.8076179011784435,-2.1805433491030053,2.8076178208446714,4.0558742586682683e-08,8.033377207894432e-08,8.033377207894432e-08,-0.4919921946694239,1.5174069388801321,-0.4919920955479718,1.5174069457964292,9.912145210178025e-08,6.916297090597823e-09,9.936245484191163e-08,9.912145210178025e-08,21.98012510166451,3.6024848881766047e-07,-3.6024848881766047e-07,-1.63897376037228e-08,21.980125126321845,3.3559115308889886e-07,-3.3559115308889886e-07,-1.5267936194013486e-08
higher_energy_wide_swing,rk45_strict,RK45,1e-08,1e-10,1.9332220367278798,-2.1801425920256094,2.813207034836237,-2.180142631104782,2.813206950910932,3.907917234258207e-08,8.392530492784545e-08,8.392530492784545e-08,-0.4975070122737181,1.518895744806915,-0.49750691046678464,1.518895749785508,1.0180693343908587e-07,4.978593093341033e-09,1.019285930711276e-07,1.0180693343908587e-07,21.980125106126188,3.557868097914252e-07,-3.557868097914252e-07,-1.618675063561079e-08,21.980125063193075,3.987199228561167e-07,-3.987199228561167e-07,-1.8140020335507896e-08
higher_energy_wide_swing,rk45_strict,RK45,1e-08,1e-10,1.9365609348914858,-2.1796589959271877,2.818738104980695,-2.17965903387317,2.8187380170362384,3.79459823562911e-08,8.794445660598171e-08,8.794445660598171e-08,-0.503024113469485,1.5202684851708117,-0.5030240083661711,1.5202684883952902,1.051033138299573e-07,3.2244784620161226e-09,1.0515276429742824e-07,1.051033138299573e-07,21.980125107861756,3.5405124165777124e-07,-3.5405124165777124e-07,-1.610778984274993e-08,21.98012500501115,4.5690184791169486e-07,-4.5690184791169486e-07,-2.0787044582771426e-08
higher_energy_wide_swing,rk45_strict,RK45,1e-08,1e-10,1.9398998330550918,-2.1790920355430274,2.8242112234517625,-2.1790920730853514,2.8242111320755647,3.7542323916284204e-08,9.13761977194838e-08,9.13761977194838e-08,-0.5085433142728235,1.5215255871007447,-0.5085432060060295,1.521525589392171,1.0826679397446526e-07,2.291426381972883e-09,1.0829103985267344e-07,1.0826679397446526e-07,21.980125109544637,3.523683602679739e-07,-3.523683602679739e-07,-1.6031226067319554e-08,21.98012497726555,4.846474475073137e-07,-4.846474475073137e-07,-2.2049348551131215e-08
higher_energy_wide_swing,rk45_strict,RK45,1e-08,1e-10,1.9432387312186978,-2.1784412329035927,2.8296265193029435,-2.1784412711679617,2.8296264264142983,3.826436900666863e-08,9.288864522005724e-08,9.288864522005724e-08,-0.5140644388883335,1.522667468468292,-0.5140643286367557,1.5226674713727844,1.102515778672597e-07,2.904492424349314e-09,1.1028982953320551e-07,1.102515778672597e-07,21.980125108330775,3.5358222305603704e-07,-3.5358222305603704e-07,-1.6086451538628464e-08,21.980124991861697,4.700513009936458e-07,-4.700513009936458e-07,-2.1385287441063395e-08
higher_energy_wide_swing,rk45_strict,RK45,1e-08,1e-10,1.9465776293823038,-2.1777061175315233,2.834984140537689,-2.177706157297093,2.8349840479682373,3.976556950391341e-08,9.256945165958541e-08,9.256945165958541e-08,-0.5195873204480765,1.5236945383017149,-0.5195872095162448,1.5236945430257554,1.1093183172050658e-07,4.724040492121162e-09,1.1103237297039989e-07,1.1093183172050658e-07,21.980125105224573,3.5668842457425853e-07,-3.5668842457425853e-07,-1.6227770182309725e-08,21.98012503814481,4.2376818853995246e-07,-4.2376818853995246e-07,-1.9279607355938658e-08
higher_energy_wide_swing,rk45_strict,RK45,1e-08,1e-10,1.9499165275459098,-2.176886226527109,2.8402842542921194,-2.176886267398291,2.8402841621835933,4.0871181994361905e-08,9.210852613961151e-08,9.210852613961151e-08,-0.525111800658722,1.5246071961672207,-0.5251116894171732,1.524607202423454,1.1124154875030712e-07,6.256233309187564e-09,1.1141733538182442e-07,1.1124154875030712e-07,21.98012510354937,3.58363628549796e-07,-3.58363628549796e-07,-1.63039846688212e-08,21.98012507540995,3.8650304645670985e-07,-3.8650304645670985e-07,-1.7584205655533657e-08
higher_energy_wide_swing,rk45_strict,RK45,1e-08,1e-10,1.9532554257095158,-2.1759811045682906,2.8455270468350222,-2.1759811456024347,2.845526955193145,4.1034144082630064e-08,9.164187719790107e-08,9.164187719790107e-08,-0.5306377293152569,1.5254058314532906,-0.5306376183156537,1.5254058384622762,1.1099960317562108e-07,7.008985614120888e-09,1.1122067157001122e-07,1.1099960317562108e-07,21.980125105281417,3.566315811553977e-07,-3.566315811553977e-07,-1.622518405426604e-08,21.980125094623077,3.6728992114376524e-07,-3.6728992114376524e-07,-1.6710092113905472e-08
higher_energy_wide_swing,rk45_strict,RK45,1e-08,1e-10,1.9565943238731218,-2.1749903039297074,2.8507127236170002,-2.1749903451103636,2.8507126338111566,4.118065621838696e-08,8.980584365048117e-08,8.980584365048117e-08,-0.5361649638421673,1.5260908227172487,-0.5361648544142111,1.5260908308513943,1.0942795614088396e-07,8.134145579319352e-09,1.0972985878728171e-07,1.0942795614088396e-07,21.980125107125435,3.547875628839847e-07,-3.547875628839847e-07,-1.6141289252363823e-08,21.980125124133295,3.377797028747409e-07,-3.377797028747409e-07,-1.5367505679621488e-08
higher_energy_wide_swing,rk45_strict,RK45,1e-08,1e-10,1.959933222036728,-2.173913385175824,2.855841510938127,-2.1739134260156363,2.8558414217608643,4.0839812420756516e-08,8.917726290746941e-08,8.917726290746941e-08,-0.5416933699974857,1.5266625380746408,-0.5416932612714982,1.5266625465720178,1.0872598754652074e-07,8.49737702424136e-09,1.0905753428469896e-07,1.0872598754652074e-07,21.98012511000452,3.519084792458216e-07,-3.519084792458216e-07,-1.6010303483281113e-08,21.9801251300877,3.318252979056524e-07,-3.318252979056524e-07,-1.509660618091725e-08
higher_energy_wide_swing,rk45_strict,RK45,1e-08,1e-10,1.963272120200334,-2.172749916918377,2.8609136551090946,-2.1727499570681323,2.8609135649502413,4.01497555202468e-08,9.015885327201545e-08,9.015885327201545e-08,-0.5472228207087961,1.5271213341102632,-0.547222711343128,1.5271213422281942,1.0936566807728809e-07,8.117930994089306e-09,1.096665407388067e-07,1.0936566807728809e-07,21.980125111343078,3.5056991976034624e-07,-3.5056991976034624e-07,-1.594940485520937e-08,21.98012510668709,3.5522590735581616e-07,-3.5522590735581616e-07,-1.6161232017139714e-08
higher_energy_wide_swing,rk45_strict,RK45,1e-08,1e-10,1.96661101836394,-2.17149947623192,2.865929423788826,-2.171499515696507,2.8659293315287164,3.946458715375911e-08,9.22601097741449e-08,9.22601097741449e-08,-0.5527531966158568,1.5274675559828772,-0.5527530855327589,1.5274675634268904,1.1108309783125492e-07,7.4440131836439605e-09,1.11332241314304e-07,1.1108309783125492e-07,21.980125108789814,3.531231840270266e-07,-3.531231840270266e-07,-1.6065567261611672e-08,21.9801250656406,3.962723980066585e-07,-3.962723980066585e-07,-1.802866861216586e-08
higher_energy_wide_swing,rk45_strict,RK45,1e-08,1e-10,1.969949916527546,-2.1701616489654127,2.870889106840762,-2.1701616880081924,2.870889011887175,3.9042779675924066e-08,9.495358721522962e-08,9.495358721522962e-08,-0.5582843862151543,1.5277015373135692,-0.5582842726947367,1.5277015441594617,1.1352041762169307e-07,6.845892519535823e-09,1.1372665237925823e-07,1.1352041762169307e-07,21.98012510424249,3.576705083219167e-07,-3.576705083219167e-07,-1.6272450716520502e-08,21.98012502600086,4.3591213838567455e-07,-4.3591213838567455e-07,-1.9832104195265852e-08
higher_energy_wide_swing,rk45_strict,RK45,1e-08,1e-10,1.973288814691152,-2.1687360297422242,2.875793016332862,-2.1687360687893964,2.8757929186579574,3.9047172162298693e-08,9.767490460887984e-08,9.767490460887984e-08,-0.5638162853564368,1.527823599604977,-0.563816169130358,1.5278236062200174,1.1622607876127233e-07,6.615040515356441e-09,1.1641417501851433e-07,1.1622607876127233e-07,21.980125101509564,3.60403433319334e-07,-3.60403433319334e-07,-1.6396786903870882e-08,21.980125005539783,4.563732147744304e-07,-4.563732147744304e-07,-2.0762994076864147e-08
higher_energy_wide_swing,rk45_strict,RK45,1e-08,1e-10,1.976627712854758,-2.1672222219601287,2.880641486537604,-2.1672222615051036,2.880641386714861,3.954497485025854e-08,9.98227434045873e-08,9.98227434045873e-08,-0.5693487967336722,1.52783405169765,-0.5693486780784481,1.5278340586608867,1.1865522409060247e-07,6.9632366539451596e-09,1.1885936592751089e-07,1.1865522409060247e-07,21.980125103194684,3.58718313719919e-07,-3.58718313719919e-07,-1.632012129964879e-08,21.98012501365931,4.4825368661349785e-07,-4.4825368661349785e-07,-2.039359090057191e-08
higher_energy_wide_swing,rk45_strict,RK45,1e-08,1e-10,1.979966611018364,-2.1656198377913096,2.885434873931984,-2.1656198782990743,2.885434773173139,4.0507764698105575e-08,1.0075884526727918e-07,1.0075884526727918e-07,-0.5748818293711133,1.527733189263715,-0.5748817092009333,1.5277331972853374,1.2017018002907776e-07,8.021622477372148e-09,1.2043761287650316e-07,1.2017018002907776e-07,21.980125106803413,3.551095844045449e-07,-3.551095844045449e-07,-1.6155939829364313e-08,21.98012504582946,4.1608353740230086e-07,-4.1608353740230086e-07,-1.8929989190611647e-08
higher_energy_wide_swing,rk45_strict,RK45,1e-08,1e-10,1.98330550918197,-2.1639284984685374,2.8901735580717474,-2.1639285399938455,2.8901734573895004,4.152530808099186e-08,1.006822469840074e-07,1.006822469840074e-07,-0.58041529879194,1.5275212947927437,-0.5804151780640823,1.5275213041776767,1.2072785771088945e-07,9.38493305291388e-09,1.21092083126307e-07,1.2072785771088945e-07,21.980125107748847,3.541641504511972e-07,-3.541641504511972e-07,-1.6112926701209704e-08,21.980125079544198,3.8236879973396753e-07,-3.8236879973396753e-07,-1.7396115431485293e-08
higher_energy_wide_swing,rk45_strict,RK45,1e-08,1e-10,1.986644407345576,-2.162147834749785,2.8948579429064347,-2.1621478764520425,2.8948578415626045,4.170225764710267e-08,1.0134383021664917e-07,1.0134383021664917e-07,-0.5859491275199472,1.527198637848827,-0.5859490059969832,1.5271986477174329,1.215229640250115e-07,9.868605932439323e-09,1.219230091839683e-07,1.215229640250115e-07,21.98012510838624,3.535267580900836e-07,-3.535267580900836e-07,-1.6083928124189837e-08,21.980125084819452,3.7709354572257325e-07,-3.7709354572257325e-07,-1.7156114344115014e-08
higher_energy_wide_swing,rk45_strict,RK45,1e-08,1e-10,1.989983305509182,-2.1602774865807723,2.8994884560010243,-2.160277528346811,2.8994883540304754,4.1766038627599755e-08,1.0197054889360402e-07,1.0197054889360402e-07,-0.5914832440049607,1.526765474164885,-0.5914831217893305,1.5267654844350018,1.222156301716737e-07,1.0270116757027381e-08,1.2264638419644623e-07,1.222156301716737e-07,21.98012510732859,3.5458440805768987e-07,-3.5458440805768987e-07,-1.613204659236869e-08,21.98012508469686,3.772161392134876e-07,-3.772161392134876e-07,-1.7161691814140235e-08
higher_energy_wide_swing,rk45_strict,RK45,1e-08,1e-10,1.993322203672788,-2.158317103405659,2.9040655496685828,-2.158317145239514,2.9040654469718037,4.183385504674675e-08,1.0269677908070207e-07,1.0269677908070207e-07,-0.5970175830355439,1.526222045784299,-0.5970174600337279,1.5262220564388014,1.2300181595481519e-07,1.0654502391460596e-08,1.2346240378913682e-07,1.2300181595481519e-07,21.98012510586068,3.5605231829549666e-07,-3.5605231829549666e-07,-1.619883011643685e-08,21.98012508372996,3.781830386628826e-07,-3.781830386628826e-07,-1.720568152889734e-08
higher_energy_wide_swing,rk45_strict,RK45,1e-08,1e-10,1.996661101836394,-2.156266344173564,2.9085897009914694,-2.156266386065275,2.90858959736663,4.1891710989006015e-08,1.0362483937598199e-07,1.0362483937598199e-07,-0.6025520852470325,1.5255685807034265,-0.6025519612734163,1.5255685916911566,1.2397361626170778e-07,1.0987730059142109e-08,1.2445958276025896e-07,1.2397361626170778e-07,21.980125105889577,3.560234205224333e-07,-3.560234205224333e-07,-1.619751539359264e-08,21.980125083754665,3.7815833309196023e-07,-3.7815833309196023e-07,-1.7204557532996354e-08
higher_energy_wide_swing,rk45_strict,RK45,1e-08,1e-10,2.0,-2.154124877338567,2.913061411821338,-2.154124919278498,2.9130613072334763,4.1939931083589954e-08,1.0458786148248578e-07,1.0458786148248578e-07,-0.608086696611538,1.5248052925431037,-0.6080865716422137,1.524805303853499,1.2496932433325725e-07,1.1310395287011943e-08,1.2548010625537143e-07,1.2496932433325725e-07,21.980125106908414,3.5500458395176793e-07,-3.5500458395176793e-07,-1.6151162765968614e-08,21.98012508459821,3.773147874142069e-07,-3.773147874142069e-07,-1.716617987772705e-08
