case_name,solver_config,solver_method,rtol,atol,t,lagrangian_theta1_rad,lagrangian_theta2_rad,hamiltonian_theta1_rad,hamiltonian_theta2_rad,abs_theta1_diff_rad,abs_theta2_diff_rad,max_abs_theta_diff_rad,lagrangian_x2,lagrangian_y2,hamiltonian_x2,hamiltonian_y2,abs_x2_diff,abs_y2_diff,second_bob_position_diff,max_bob_position_abs_diff,lagrangian_energy,lagrangian_energy_abs_drift,lagrangian_energy_signed_drift,lagrangian_energy_relative_drift,hamiltonian_energy,hamiltonian_energy_abs_drift,hamiltonian_energy_signed_drift,hamiltonian_energy_relative_drift
low_energy_small_angles,dop853_strict,DOP853,1e-09,1e-11,0.0,0.08726646259971647,0.12217304763960307,0.08726646259971647,0.12217304763960307,0.0,0.0,0.0,0.20902508615280563,-1.9887408497330674,0.20902508615280563,-1.9887408497330674,0.0,0.0,0.0,0.0,-29.282217724161416,0.0,0.0,0.0,-29.282217724161416,0.0,0.0,0.0
low_energy_small_angles,dop853_strict,DOP853,1e-09,1e-11,0.0050062578222778474,0.0872600145932064,0.12216451023240035,0.0872600145932064,0.12216451023240035,0.0,0.0,0.0,0.20901018890598994,-1.988742452105193,0.20901018890598994,-1.988742452105193,0.0,0.0,0.0,0.0,-29.282217724161416,0.0,0.0,0.0,-29.282217724161416,0.0,0.0,0.0
low_energy_small_angles,dop853_strict,DOP853,1e-09,1e-11,0.010012515644555695,0.08724067166507492,0.1221388989985752,0.08724067166508037,0.12213889899856903,5.4539706084710815e-15,6.175615574477433e-15,6.175615574477433e-15,0.20896549915818582,-1.9887472583235524,0.20896549915818513,-1.9887472583235524,6.938893903907228e-16,0.0,6.938893903907228e-16,5.4262150328554526e-15,-29.28221772416142,3.552713678800501e-15,-3.552713678800501e-15,-1.2132666016853897e-16,-29.282217724161413,3.552713678800501e-15,3.552713678800501e-15,1.2132666016853897e-16
low_energy_small_angles,dop853_strict,DOP853,1e-09,1e-11,0.015018773466833543,0.08720843708920246,0.12209621690157117,0.08720843708920471,0.12209621690156842,2.248201624865942e-15,2.7478019859472624e-15,2.7478019859472624e-15,0.20889102288720365,-1.9887552656945648,0.20889102288720318,-1.988755265694565,4.718447854656915e-16,2.220446049250313e-16,5.214799211354908e-16,2.2343238370581275e-15,-29.282217724161416,0.0,0.0,0.0,-29.282217724161416,0.0,0.0,0.0
low_energy_small_angles,dop853_strict,DOP853,1e-09,1e-11,0.02002503128911139,0.08716331632419917,0.12203646887719516,0.08716331632100283,0.12203646888077656,3.1963459656836335e-12,3.5813990661992534e-12,3.5813990661992534e-12,0.20878677005529483,-1.9887664697306595,0.20878677005566537,-1.9887664697305016,3.70536934468646e-13,1.5787371410169726e-13,4.027675873375191e-13,3.1842167791396037e-12,-29.282217724160226,1.1901590823981678e-12,1.1901590823981678e-12,4.064443115646056e-14,-29.28221772416142,3.552713678800501e-15,-3.552713678800501e-15,-1.2132666016853897e-16
low_energy_small_angles,dop853_strict,DOP853,1e-09,1e-11,0.025031289111389236,0.0871053170029372,0.12195966184403477,0.08710531699587538,0.12195966185196307,7.061809470521041e-12,7.928296907877552e-12,7.928296907877552e-12,0.20865275460957447,-1.9887808641521925,0.20865275461040883,-1.9887808641518423,8.343603585814208e-13,3.5016434196677437e-13,9.048603618001736e-13,7.035039217839767e-12,-29.282217724158787,2.6290081223123707e-12,2.6290081223123707e-12,8.978172852471885e-14,-29.28221772416141,7.105427357601002e-15,7.105427357601002e-15,2.4265332033707795e-16
low_energy_small_angles,dop853_strict,DOP853,1e-09,1e-11,0.030037546933667086,0.08703444893420324,0.12186580469981569,0.08703444892694101,0.12186580470800487,7.2622324820414974e-12,8.189185440876656e-12,8.189185440876656e-12,0.2084889944807667,-1.9887984408909336,0.20848899448166036,-1.9887984408905692,8.936740236720198e-13,3.643751966819764e-13,9.651023492579254e-13,7.234754462182025e-12,-29.282217724158727,2.6894042548519792e-12,2.6894042548519792e-12,9.1844281747584e-14,-29.282217724161388,2.842170943040401e-14,2.842170943040401e-14,9.706132813483118e-16
low_energy_small_angles,dop853_strict,DOP853,1e-09,1e-11,0.03504380475594493,0.08695072410603069,0.12175490831533779,0.08695072410219379,0.1217549083197365,3.836903017528925e-12,4.39870362356487e-12,4.39870362356487e-12,0.20829551158142223,-1.988819190094607,0.20829551158196596,-1.9888191900944059,5.437317263101704e-13,2.0117241206207837e-13,5.79753852571169e-13,3.822414607057567e-12,-29.28221772416003,1.3855583347321954e-12,1.3855583347321954e-12,4.73173974657302e-14,-29.28221772416137,4.618527782440651e-14,4.618527782440651e-14,1.5772465821910067e-15
low_energy_small_angles,dop853_strict,DOP853,1e-09,1e-11,0.04005006257822278,0.08685415668029728,0.1216269855376653,0.08685415668106337,0.12162698553695012,7.660955203547815e-13,7.151779168879102e-13,7.660955203547815e-13,0.20807233180482185,-1.9888431001319717,0.20807233180487517,-1.9888431001319917,5.331846075762314e-14,1.9984014443252818e-14,5.694048727250529e-14,7.63208940490756e-13,-29.2822177241618,3.836930773104541e-13,-3.836930773104541e-13,-1.310327929820221e-14,-29.28221772416137,4.618527782440651e-14,4.618527782440651e-14,1.5772465821910067e-15
low_energy_small_angles,dop853_strict,DOP853,1e-09,1e-11,0.04505632040050063,0.08674476298713676,0.12148205119300855,0.08674476299036217,0.12148205118956308,3.225406053353197e-12,3.445466134621711e-12,3.445466134621711e-12,0.2078194850235886,-1.9888701575988583,0.2078194850233818,-1.9888701575989964,2.0680679391205103e-13,1.3811174426336947e-13,2.486843459320508e-13,3.213276866809167e-12,-29.282217724162773,1.3571366253017914e-12,-1.3571366253017914e-12,-4.634678418438189e-14,-29.282217724161402,1.4210854715202004e-14,1.4210854715202004e-14,4.853066406741559e-16
low_energy_small_angles,dop853_strict,DOP853,1e-09,1e-11,0.05006257822277847,0.0866225615191267,0.1213201220893391,0.0866225615196034,0.12132012208897008,4.767020111984266e-13,3.690103778097864e-13,4.767020111984266e-13,0.207537005088011,-1.9889003473251623,0.20753700508811962,-1.9889003473251656,1.0860756738395594e-13,3.3306690738754696e-15,1.0865862620859975e-13,4.749117765712185e-13,-29.2822177241618,3.836930773104541e-13,-3.836930773104541e-13,-1.310327929820221e-14,-29.282217724161452,3.552713678800501e-14,-3.552713678800501e-14,-1.2132666016853898e-15
low_energy_small_angles,dop853_strict,DOP853,1e-09,1e-11,0.05506883604505632,0.08648757292521375,0.12114121701878039,0.08648757291567476,0.1211412170295972,9.538994594215922e-12,1.0816805784408245e-11,1.0816805784408245e-11,0.20722492982407975,-1.98893365238278,0.20722492982531393,-1.988933652382297,1.2341794253245553e-12,4.831690603168681e-13,1.3253871867276878e-12,9.503342557337646e-12,-29.282217724158077,3.339550858072471e-12,3.339550858072471e-12,1.1404706055842664e-13,-29.282217724161498,8.171241461241152e-14,-8.171241461241152e-14,-2.7905131838763965e-15
low_energy_small_angles,dop853_strict,DOP853,1e-09,1e-11,0.06007509386733417,0.08633982000433753,0.12094535675981706,0.08633981997685136,0.1209453567906756,2.748616612091581e-11,3.0858537947153764e-11,3.0858537947153764e-11,0.20688330103123856,-1.988970054094493,0.20688330103448788,-1.98897005409314,3.2493174817460613e-12,1.3529177778082158e-12,3.519723087217244e-12,2.7383789680257564e-11,-29.282217724151323,1.0093259561472223e-11,1.0093259561472223e-11,3.446890415388192e-13,-29.28221772416149,7.460698725481052e-14,-7.460698725481052e-14,-2.5478598635393183e-15
low_energy_small_angles,dop853_strict,DOP853,1e-09,1e-11,0.06508135168961202,0.0861793276987143,0.12073256407936513,0.08617932764613254,0.12073256413825184,5.258175839184531e-11,5.888671494869158e-11,5.888671494869158e-11,0.20651216447985157,-1.989009532043787,0.20651216448592302,-1.9890095320412207,6.071448899191978e-12,2.566391543723512e-12,6.591574720140479e-12,5.2386622817479633e-11,-29.28221772414186,1.9557688801796758e-11,1.9557688801796758e-11,6.679032642278071e-13,-29.282217724161438,2.1316282072803006e-14,-2.1316282072803006e-14,-7.279599610112339e-16
low_energy_small_angles,dop853_strict,DOP853,1e-09,1e-11,0.07008760951188986,0.08600612308674176,0.12050286373474597,0.08600612300514039,0.12050286382611854,8.160136455437339e-11,9.137256229418966e-11,9.137256229418966e-11,0.20611156990838805,-1.9890520640856029,0.20611156991779828,-1.9890520640816285,9.410222601147211e-12,3.974376383553135e-12,1.0215084778957378e-11,8.129974471415835e-11,-29.282217724130533,3.0883740009812755e-11,3.0883740009812755e-11,1.0546926568451093e-12,-29.28221772416087,5.471179065352771e-13,5.471179065352771e-13,1.8684305665955004e-14
low_energy_small_angles,dop853_strict,DOP853,1e-09,1e-11,0.07509386733416772,0.08582023537548601,0.12025628247560664,0.08582023526878385,0.12025628259542562,1.0670216099573082e-10,1.1981897418689158e-10,1.1981897418689158e-10,0.20568157102032553,-1.9890976263580102,0.20568157103296972,-1.989097626352782,1.264419124957783e-11,5.228262267564787e-12,1.3682481452366096e-11,1.063094612341331e-10,-29.282217724118663,4.275335641068523e-11,4.275335641068523e-11,1.460045028468198e-12,-29.28221772415775,3.666400516522117e-12,3.666400516522117e-12,1.2520911329393223e-13
low_energy_small_angles,dop853_strict,DOP853,1e-09,1e-11,0.08010012515644556,0.08562169589271212,0.11999284904582909,0.08562169576142517,0.11999284919344848,1.312869535308181e-10,1.4761938893492754e-10,1.4761938893492754e-10,0.20522222548077226,-1.989146193294802,0.2052222254965242,-1.9891461932883585,1.5751927540108568e-11,6.4435123903194835e-12,1.701887402718028e-11,1.3080600491655048e-10,-29.282217724107863,5.355360599423875e-11,5.355360599423875e-11,1.8288780753805567e-12,-29.282217724155558,5.858424856342026e-12,5.858424856342026e-12,2.0006766261792076e-13
low_energy_small_angles,dop853_strict,DOP853,1e-09,1e-11,0.0851063829787234,0.0854105380784193,0.11971259418547105,0.08541053792397381,0.11971259435901595,1.5444549805732066e-10,1.7354490067233996e-10,1.7354490067233996e-10,0.20473359491280937,-1.9891977376389964,0.20473359493122972,-1.9891977376314456,1.8420348579795132e-11,7.550848835080615e-12,1.9907901947000815e-11,1.5388250396153325e-10,-29.282217724099834,6.158273890832788e-11,6.158273890832788e-11,2.1030763273614547e-12,-29.282217724155988,5.4285465012071654e-12,5.4285465012071654e-12,1.8538713673752756e-13
low_energy_small_angles,dop853_strict,DOP853,1e-09,1e-11,0.09011264080100126,0.08518679747584196,0.1194155506327811,0.08518679730495674,0.119415550824489,1.7088522263897232e-10,1.9170789955502698e-10,1.9170789955502698e-10,0.20421574489355332,-1.9892522304572418,0.2042157449136304,-1.9892522304489428,2.007707888829202e-11,8.298917109073045e-12,2.1724666208482158e-11,1.702655655355656e-10,-29.282217724096196,6.52207177154196e-11,6.52207177154196e-11,2.2273148273740383e-12,-29.28221772415864,2.7746693831431912e-12,2.7746693831431912e-12,9.475612159162894e-14
low_energy_small_angles,dop853_strict,DOP853,1e-09,1e-11,0.0951188986232791,0.08495051172187794,0.11910175312633071,0.0849505115483265,0.11910175332071549,1.7355143711039744e-10,1.943847721674885e-10,1.943847721674885e-10,0.20366874494993875,-1.9893096411551174,0.20366874497002088,-1.9893096411467464,2.0082130403054066e-11,8.37108160567368e-12,2.175699815632011e-11,1.7292559051362844e-10,-29.282217724098235,6.318146006378811e-11,6.318146006378811e-11,2.157673324437297e-12,-29.282217724161978,5.613287612504791e-13,-5.613287612504791e-13,-1.9169612306629157e-14
low_energy_small_angles,dop853_strict,DOP853,1e-09,1e-11,0.10012515644555695,0.0847017205369051,0.11877123840730568,0.08470172038113451,0.11877123858163499,1.557705908705742e-10,1.7432931487260106e-10,1.7432931487260106e-10,0.20309266855422153,-1.9893699374933176,0.20309266857211056,-1.9893699374858391,1.7889023595785147e-11,7.478462293875054e-12,1.938928991715449e-11,1.5521214868918776e-10,-29.282217724106733,5.468336894409731e-11,5.468336894409731e-11,1.867459953314152e-12,-29.282217724164003,2.5863755581667647e-12,-2.5863755581667647e-12,-8.832580860269637e-14
low_energy_small_angles,dop853_strict,DOP853,1e-09,1e-11,0.1051314142678348,0.08444046571394737,0.11842404522199979,0.0844404656010372,0.1184240453485665,1.129101673269517e-10,1.2656671544153397e-10,1.2656671544153397e-10,0.20248759311920195,-1.989433085604714,0.20248759313237435,-1.9894330855992832,1.3172407609118864e-11,5.430766947256416e-12,1.4248001679400003e-11,1.1250786413619096e-10,-29.2822177241218,3.9616310232304386e-11,3.9616310232304386e-11,1.3529135875393781e-12,-29.282217724162837,1.4210854715202004e-12,-1.4210854715202004e-12,-4.853066406741559e-14
low_energy_small_angles,dop853_strict,DOP853,1e-09,1e-11,0.11013767209011265,0.08416679110715164,0.11806021432455324,0.08416679106360345,0.11806021437421159,4.3548192829589993e-11,4.9658346878977966e-11,4.9658346878977966e-11,0.20185359999316776,-1.989499050012284,0.20185359999908636,-1.989499050010096,5.9185989442767095e-12,2.1880275369312585e-12,6.31009334047943e-12,4.339403836262079e-11,-29.282217724142747,1.8669510382096632e-11,1.8669510382096632e-11,6.375715991856723e-13,-29.28221772415712,4.295230837669806e-12,4.295230837669806e-12,1.4668393214376361e-13
low_energy_small_angles,dop853_strict,DOP853,1e-09,1e-11,0.11514392991239049,0.08388074261953653,0.1176797884799785,0.08388074266939115,0.11767978842640592,4.9854620431943886e-11,5.3572576930172033e-11,5.3572576930172033e-11,0.20119077445455574,-1.9895677936479004,0.201190774451033,-1.9895677936500133,3.5227376571356217e-12,2.112976460466598e-12,4.107840080077037e-12,4.967933009414338e-11,-29.282217724168078,6.661338147750939e-12,-6.661338147750939e-12,-2.274874878160106e-13,-29.28221772414619,1.5226930827338947e-11,1.5226930827338947e-11,5.200060654823581e-13
low_energy_small_angles,dop853_strict,DOP853,1e-09,1e-11,0.12015018773466835,0.08358236818997447,0.11728281246751616,0.0835823683507609,0.11728281229165177,1.6078642584016478e-10,1.7586439249317465e-10,1.7586439249317465e-10,0.20049920570633245,-1.9896392778719645,0.20049920569190133,-1.98963927787912,1.4431122963287635e-11,7.155609438314059e-12,1.6107763855210223e-11,1.6022512483448992e-10,-29.282217724195498,3.4081182320733205e-11,-3.4081182320733205e-11,-1.1638866509967943e-12,-29.282217724130238,3.1178615245153196e-11,3.1178615245153196e-11,1.064762769639098e-12
low_energy_small_angles,dop853_strict,DOP853,1e-09,1e-11,0.1251564455569462,0.08327171777936808,0.11686933308436367,0.08327171805839517,0.11686933277846422,2.7902709309746143e-10,3.058994585414254e-10,3.058994585414254e-10,0.1997789868700915,-1.989713462493881,0.19977898684433895,-1.9897134625063417,2.5752538990175822e-11,1.2460699139182907e-11,2.8608779901941983e-11,2.780602414986788e-10,-29.282217724222065,6.064837521080335e-11,-6.064837521080335e-11,-2.071167415737129e-12,-29.282217724110293,5.112354983793921e-11,5.112354983793921e-11,1.7458906398252759e-12
low_energy_small_angles,dop853_strict,DOP853,1e-09,1e-11,0.13016270337922403,0.08294884335598222,0.1164393991498191,0.08294884374749072,0.11643939872056382,3.915084922923029e-10,4.2925528409565317e-10,4.2925528409565317e-10,0.19903021497986728,-1.989790305793357,0.199030214943681,-1.9897903058107884,3.6186276197724965e-11,1.7431389665034658e-11,4.016590507771876e-11,3.901623746305205e-10,-29.282217724244436,8.30198132462101e-11,-8.30198132462101e-11,-2.835161394818419e-12,-29.28221772408811,7.330669404836954e-11,7.330669404836954e-11,2.5034543059176334e-12
low_energy_small_angles,dop853_strict,DOP853,1e-09,1e-11,0.13516896120150187,0.08261379887989283,0.11599306150988314,0.08261379936359235,0.11599306097994842,4.83699524878034e-10,5.299347211051852e-10,5.299347211051852e-10,0.19825299097566385,-1.9898697645425187,0.19825299093133994,-1.989869764563935,4.432390565689559e-11,2.141620214501927e-11,4.9226642450990994e-11,4.820498167301679e-10,-29.282217724259255,9.7838182000487e-11,-9.7838182000487e-11,-3.3412148943813947e-12,-29.282217724065998,9.541878398522385e-11,9.541878398522385e-11,3.25859143880662e-12
low_energy_small_angles,dop853_strict,DOP853,1e-09,1e-11,0.14017521902377972,0.08226664028651384,0.1155303730423616,0.08226664082803635,0.11553037244987696,5.415225073912566e-10,5.924846446792031e-10,5.924846446792031e-10,0.1974474196966972,-1.9899517940288354,0.19744741964785328,-1.9899517940526343,4.8843928901476374e-11,2.379896280046978e-11,5.433341532529152e-11,5.39691083489835e-10,-29.28221772426366,1.0224354696219962e-10,-1.0224354696219962e-10,-3.491659952990383e-12,-29.282217724046596,1.1482015338515339e-10,1.1482015338515339e-10,3.921156329987011e-12
low_energy_small_angles,dop853_strict,DOP853,1e-09,1e-11,0.1451814768460576,0.08190742546916335,0.11505138866251112,0.0819074260229712,0.1150513880577977,5.538078468037e-10,6.047134182285419e-10,6.047134182285419e-10,0.19661360987434923,-1.9900363480788323,0.1966136098255848,-1.990036348102942,4.8764436932913213e-11,2.41096032027599e-11,5.4398927158342017e-11,5.519511792062559e-10,-29.282217724255954,9.453771099288133e-11,-9.453771099288133e-11,-3.2285024270848223e-12,-29.2822177240326,1.2881784527962736e-10,1.2881784527962736e-10,4.3991833710510545e-12
low_energy_small_angles,dop853_strict,DOP853,1e-09,1e-11,0.15018773466833543,0.08153621426063021,0.11455616532927079,0.08153621477592402,0.11455616476825399,5.152938076236069e-10,5.610168024583473e-10,5.610168024583473e-10,0.19575167412483213,-1.9901233790825912,0.19575167408107433,-1.99012337910475,4.375780293663922e-11,2.2158719303888574e-11,4.904848783632658e-11,5.135818853529983e-10,-29.282217724236446,7.502976018258778e-11,-7.502976018258778e-11,-2.562297736099375e-12,-29.282217724026484,1.3493206552084303e-10,1.3493206552084303e-10,4.607986553201111e-12
low_energy_small_angles,dop853_strict,DOP853,1e-09,1e-11,0.15519399249061328,0.08115306841370235,0.1140447620521223,0.08115306884388064,0.1140447615858,4.301782957627509e-10,4.663223002188133e-10,4.663223002188133e-10,0.19486172894156123,-1.990212838019016,0.19486172890703068,-1.9902128380372104,3.453054508995024e-11,1.8194334927557065e-11,3.903065932911215e-11,4.287625254839611e-10,-29.282217724208433,4.701661282524583e-11,-4.701661282524583e-11,-1.605637020670445e-12,-29.28221772403024,1.311768471623509e-10,1.311768471623509e-10,4.479744273402964e-12
low_energy_small_angles,dop853_strict,DOP853,1e-09,1e-11,0.16020025031289112,0.08075805158061801,0.11351723989862118,0.08075805189684734,0.11351723955795923,3.162293343850209e-10,3.4066195697679547e-10,3.4066195697679547e-10,0.1939438946872339,-1.9903046744818615,0.19394389466396317,-1.990304674494939,2.327071868535313e-11,1.3077539051664644e-11,2.669360177609341e-11,3.1519868659568573e-10,-29.282217724179393,1.7976731214730535e-11,-1.7976731214730535e-11,-6.139129004528072e-13,-29.28221772404508,1.163371621260012e-10,1.163371621260012e-10,3.972962813878977e-12
low_energy_small_angles,dop853_strict,DOP853,1e-09,1e-11,0.16520650813516896,0.08035122929140104,0.11297366200264192,0.08035122950086232,0.11297366177825857,2.0946128165277855e-10,2.2438334523755543e-10,2.2438334523755543e-10,0.19299829558561304,-1.990398836706504,0.19299829557144554,-1.990398836714987,1.4167500506090391e-11,8.482992086555896e-12,1.6513001705645205e-11,2.087854611421136e-10,-29.282217724162344,9.272582701669307e-13,-9.272582701669307e-13,-3.166625830398867e-14,-29.282217724071284,9.013234603116871e-11,9.013234603116871e-11,3.078057368475834e-12
low_energy_small_angles,dop853_strict,DOP853,1e-09,1e-11,0.1702127659574468,0.07993266897539723,0.11241409352389471,0.07993266910042503,0.11241409338937056,1.2502779367373762e-10,1.3452415570380793e-10,1.3452415570380793e-10,0.1920250597080541,-1.9904952715994555,0.19202505969900763,-1.990495271604563,9.046485782704394e-12,5.10747000248557e-12,1.0388703232019032e-11,1.2462858522965803e-10,-29.282217724161583,1.6697754290362354e-13,-1.6697754290362354e-13,-5.702353027921332e-15,-29.282217724107994,5.342215558812313e-11,5.342215558812313e-11,1.8243889889543207e-12
low_energy_small_angles,dop853_strict,DOP853,1e-09,1e-11,0.17521902377972465,0.07950243997867873,0.1118386016109339,0.07950244000031137,0.11183860158639665,2.1632640123669944e-11,2.4537247234057702e-11,2.4537247234057702e-11,0.19102431895946853,-1.9905939247684767,0.19102431895664887,-1.990593924769497,2.8196611712161257e-12,1.0202949596305189e-12,2.9985814854879857e-12,2.1564305896504266e-11,-29.28221772416109,3.268496584496461e-13,3.268496584496461e-13,1.1162052735505586e-14,-29.28221772415318,8.235190307459561e-12,8.235190307459561e-12,2.8123519827067334e-13
low_energy_small_angles,dop853_strict,DOP853,1e-09,1e-11,0.18022528160200252,0.07906061344074536,0.1112472555215973,0.07906061334674278,0.11124725562032407,9.4002583495012e-11,9.872677675382135e-11,9.872677675382135e-11,0.1899962090805602,-1.9906947405469666,0.18999620908496773,-1.9906947405434303,4.40752989661064e-12,3.5362823780360486e-12,5.650806389067395e-12,9.370895726057427e-11,-29.282217724161175,2.4158453015843406e-13,2.4158453015843406e-13,8.250212891460651e-15,-29.282217724203644,4.2227554786222754e-11,-4.2227554786222754e-11,-1.4420886827632542e-12
low_energy_small_angles,dop853_strict,DOP853,1e-09,1e-11,0.18523153942428036,0.07860726232029497,0.11064012657656236,0.07860726210787729,0.11064012680168918,2.1241768066726507e-10,2.2512681996378348e-10,2.2512681996378348e-10,0.18894086963291296,-1.9907976620258898,0.18894086964490153,-1.990797662017713,1.1988576797961059e-11,8.176792576364278e-12,1.4511578497100039e-11,2.1176174702652872e-10,-29.28221772416171,2.948752353404416e-13,-2.948752353404416e-13,-1.0070112793988735e-14,-29.282217724255155,9.373835041515122e-11,-9.373835041515122e-11,-3.2012039285469008e-12
low_energy_small_angles,dop853_strict,DOP853,1e-09,1e-11,0.1902377972465582,0.07814246137622848,0.11001728816172707,0.07814246105359075,0.1100172885044799,3.226377220943988e-10,3.427528261212842e-10,3.427528261212842e-10,0.18785844398804338,-1.990902631084449,0.18785844400707083,-1.9909026310720024,1.9027446285235783e-11,1.244671032907263e-11,2.2736849169429266e-11,3.216531763161612e-10,-29.2822177241622,7.851497230149107e-13,-7.851497230149107e-13,-2.6813191897247113e-14,-29.282217724302743,1.4132695014268393e-10,-1.4132695014268393e-10,-4.826374541504481e-12
low_energy_small_angles,dop853_strict,DOP853,1e-09,1e-11,0.19524405506883605,0.0776662871472564,0.109378815731657,0.07766628673451602,0.10937881617030992,4.127403835374466e-10,4.386529195432587e-10,4.386529195432587e-10,0.18674907931618673,-1.9910095884214,0.18674907934072213,-1.9910095884055399,2.4535401488279263e-11,1.5860202040585136e-11,2.9215268866796986e-11,4.1149617047153697e-10,-29.28221772416205,6.323830348264892e-13,-6.323830348264892e-13,-2.159614550999994e-14,-29.282217724341074,1.7965717802326253e-10,-1.7965717802326253e-10,-6.135367878062848e-12
low_energy_small_angles,dop853_strict,DOP853,1e-09,1e-11,0.2002503128911139,0.07717881793123062,0.1087247868128425,0.07717881746030832,0.10872478731289772,4.709223011545305e-10,5.000552194545094e-10,5.000552194545094e-10,0.1856129265746809,-1.9911184735870489,0.18561292660226297,-1.9911184735690965,2.7582075512455617e-11,1.795230630818878e-11,3.290981907209212e-11,4.695204502969119e-10,-29.28221772416084,5.755396159656812e-13,5.755396159656812e-13,1.9654918947303313e-14,-29.282217724365037,2.036202317867719e-10,-2.036202317867719e-10,-6.953716200899643e-12
low_energy_small_angles,dop853_strict,DOP853,1e-09,1e-11,0.20525657071339173,0.07668013376419905,0.10805528100676248,0.07668013327710488,0.10805528152288257,4.870941705537035e-10,5.161200911096842e-10,5.161200911096842e-10,0.18445014049593622,-1.991229225015914,0.18445014052338327,-1.991229224997567,2.7447044637085583e-11,1.8347101615745487e-11,3.3014487683570965e-11,4.85662857152569e-10,-29.282217724158418,2.9984903449076228e-12,2.9984903449076228e-12,1.023997011822469e-13,-29.282217724370458,2.0904167286062147e-10,-2.0904167286062147e-10,-7.138860684316833e-12
low_energy_small_angles,dop853_strict,DOP853,1e-09,1e-11,0.2102628285356696,0.07617031639918084,0.10737037999275056,0.07617031594414685,0.10737038047301077,4.5503399659363453e-10,4.802602066034112e-10,4.802602066034112e-10,0.18326087957497678,-1.9913417800600421,0.18326087959875673,-1.991341780043202,2.3779950231173075e-11,1.68400848821193e-11,2.9138882817192074e-11,4.537145936733822e-10,-29.282217724154954,6.462386181738111e-12,6.462386181738111e-12,2.206931948465724e-13,-29.282217724355043,1.936264482083061e-10,-1.936264482083061e-10,-6.612424305845543e-12
low_energy_small_angles,dop853_strict,DOP853,1e-09,1e-11,0.21526908635794745,0.07564944928465947,0.10667016753066018,0.07564944890953146,0.10667016792372457,3.751280119868028e-10,3.930643865945882e-10,3.930643865945882e-10,0.1820453060565407,-1.9914560750229557,0.18204530607331587,-1.991456075009458,1.6775164590754343e-11,1.3497647444182803e-11,2.1531201396446805e-11,3.7405512021138065e-10,-29.282217724150915,1.050182163453428e-11,1.050182163453428e-11,3.5864160745820123e-13,-29.28221772431943,1.5801404629200988e-10,-1.5801404629200988e-10,-5.396245864316108e-12
low_energy_small_angles,dop853_strict,DOP853,1e-09,1e-11,0.2202753441802253,0.07511761754279116,0.10595472946332431,0.07511761728506265,0.10595472972918651,2.577285052041134e-10,2.658622072493344e-10,2.658622072493344e-10,0.18080358592172507,-1.9915720451942258,0.18080358592909462,-1.991572045185451,7.369549415159327e-12,8.774758697427387e-12,1.1458911326149302e-11,2.5700169770104253e-10,-29.28221772414697,1.4445333818002837e-11,1.4445333818002837e-11,4.933142002452795e-13,-29.28221772426853,1.071143174158351e-10,-1.071143174158351e-10,-3.65799880408145e-12
low_energy_small_angles,dop853_strict,DOP853,1e-09,1e-11,0.22528160200250313,0.07457490794732642,0.1052241537188062,0.0745749078201681,0.10522415384377208,1.271583255357811e-10,1.2496588486232696e-10,1.271583255357811e-10,0.17953588887416225,-1.9916896248846476,0.17953588887163205,-1.9916896248809965,2.5301982731207318e-12,3.65107943878229e-12,4.442103597351364e-12,1.268048999136795e-10,-29.28221772414393,1.7486456727056066e-11,1.7486456727056066e-11,5.971698213495488e-13,-29.282217724212977,5.156053362043167e-11,-5.156053362043167e-11,-1.7608138190260061e-12
low_energy_small_angles,dop853_strict,DOP853,1e-09,1e-11,0.23028785982478098,0.07402140890124202,0.10447853031243721,0.07402140887485076,0.10447853032906307,2.6391264174030482e-11,1.6625853471730068e-11,2.6391264174030482e-11,0.17824238832571426,-1.9918087474620036,0.17824238831593048,-1.9918087474622213,9.78378489335796e-12,2.1760371282653068e-13,9.786204484647525e-12,2.6318988655127384e-11,-29.28221772414255,1.886490963443066e-11,1.886490963443066e-11,6.44244565494942e-13,-29.28221772417086,9.443112958251731e-12,-9.443112958251731e-12,-3.224862627279766e-13
low_energy_small_angles,dop853_strict,DOP853,1e-09,1e-11,0.23529411764705882,0.07345721041408088,0.10371795134863786,0.07345721040785944,0.10371795134449276,6.2214400298188366e-12,4.145100929164869e-12,6.2214400298188366e-12,0.17692326138167103,-1.991929345387399,0.17692326137134354,-1.9919293453882847,1.0327488864092516e-11,8.857359290459499e-13,1.0365401795104607e-11,1.0327488864092516e-11,-29.28221772414347,1.794475679162133e-11,1.794475679162133e-11,6.128209605112904e-13,-29.282217724162297,8.810729923425242e-13,-8.810729923425242e-13,-3.0089011721797665e-14
low_energy_small_angles,dop853_strict,DOP853,1e-09,1e-11,0.2403003754693367,0.07288240407899753,0.10294251102251811,0.07288240407536814,0.10294251101950447,3.629388456438676e-12,3.013644889193756e-12,3.629388456438676e-12,0.17557868882543887,-1.9920513502521526,0.17557868881882144,-1.9920513502527268,6.617428827127014e-12,5.74207348336131e-13,6.64229466080622e-12,6.617428827127014e-12,-29.28221772414701,1.4406253967536031e-11,1.4406253967536031e-11,4.919796069834255e-13,-29.282217724158993,2.4229507289419416e-12,2.4229507289419416e-12,8.274478223494358e-14
low_energy_small_angles,dop853_strict,DOP853,1e-09,1e-11,0.24530663329161453,0.07229708304950666,0.10215230562125326,0.07229708305104231,0.10215230561703283,1.5356466098737087e-12,4.220429561385686e-12,4.220429561385686e-12,0.17420885510270603,-1.9921746928152244,0.17420885510003925,-1.992174692815544,2.6667834607252416e-12,3.1952218648712005e-13,2.6858571172076904e-12,2.6667834607252416e-12,-29.28221772415313,8.284928298962768e-12,8.284928298962768e-12,2.829337715130329e-13,-29.282217724156634,4.781952611665474e-12,4.781952611665474e-12,1.6330568458685345e-13
low_energy_small_angles,dop853_strict,DOP853,1e-09,1e-11,0.2503128911138924,0.07170134201593198,0.10134743352523126,0.07170134202528466,0.1013474335158734,9.352685292896012e-12,9.357861707748327e-12,9.357861707748327e-12,0.17281394830507046,-1.9922993030411604,0.17281394830508928,-1.992299303041437,1.8818280267396403e-14,2.76667577736589e-13,2.773068268955054e-13,9.328662842200686e-12,-29.282217724161345,7.105427357601002e-14,7.105427357601002e-14,2.4265332033707796e-15,-29.282217724156943,4.472866521609831e-12,4.472866521609831e-12,1.5275026515219058e-13
low_energy_small_angles,dop853_strict,DOP853,1e-09,1e-11,0.2553191489361702,0.07109527718155337,0.10052799520896791,0.07109527720058613,0.10052799519125022,1.9032761477966176e-11,1.771768842750987e-11,1.9032761477966176e-11,0.17139416015311715,-1.9924251101385417,0.17139416015447356,-1.9924251101389676,1.356414980335785e-12,4.2588155224621005e-13,1.4217020417172403e-12,1.89846749432121e-11,-29.282217724170728,9.311662552136113e-12,-9.311662552136113e-12,-3.1799717630174065e-13,-29.282217724159523,1.893596390800667e-12,1.893596390800667e-12,6.466710986983128e-14
low_energy_small_angles,dop853_strict,DOP853,1e-09,1e-11,0.26032540675844806,0.0704789862384495,0.09969409324178571,0.0704789862675628,0.09969409321463163,2.911329510801863e-11,2.715408453646262e-11,2.911329510801863e-11,0.1699496859789304,-1.992552042598914,0.16994968598095217,-1.9925520425995664,2.0217716389936413e-12,6.52367049269742e-13,2.12441599674168e-12,2.9041019589115535e-11,-29.282217724179944,1.8527401834944612e-11,-1.8527401834944612e-11,-6.327185327789308e-13,-29.282217724162784,1.3677947663381929e-12,-1.3677947663381929e-12,-4.67107641648875e-14
low_energy_small_angles,dop853_strict,DOP853,1e-09,1e-11,0.26533166458072593,0.06985256834303344,0.09884583228825292,0.06985256838074949,0.09884583225341327,3.771605250335597e-11,3.483964505779369e-11,3.771605250335597e-11,0.16848072470802786,-1.992680028236182,0.16848072471098235,-1.9926800282369879,2.954497757556851e-12,8.057998712729386e-13,3.06241251825288e-12,3.7624070525765774e-11,-29.28221772418745,2.603428583825007e-11,-2.603428583825007e-11,-8.890817657150536e-13,-29.2822177241647,3.282707439211663e-12,-3.282707439211663e-12,-1.1210583399573001e-13
low_energy_small_angles,dop853_strict,DOP853,1e-09,1e-11,0.27033792240300375,0.06921612409127903,0.09798331910837844,0.06921612413416571,0.09798331907043782,4.28866803181549e-11,3.794062286566202e-11,4.28866803181549e-11,0.16698747884070184,-1.9928089942264475,0.16698747884572718,-1.992808994227193,5.025341254238924e-12,7.454037387333301e-13,5.080322967614684e-12,4.278399856616488e-11,-29.282217724191682,3.026556782970147e-11,-3.026556782970147e-11,-1.0335818179757835e-12,-29.282217724163377,1.9610979506978765e-12,-1.9610979506978765e-12,-6.697231641303351e-14
low_energy_small_angles,dop853_strict,DOP853,1e-09,1e-11,0.2753441802252816,0.06856975549363517,0.09710666255755912,0.06856975553667029,0.0971066625233211,4.3035117136547285e-11,3.4238015200749317e-11,4.3035117136547285e-11,0.16547015443275487,-1.9929388671482724,0.16547015444161217,-1.9929388671486432,8.857303779308268e-12,3.708144902248023e-13,8.865062527986433e-12,4.293398969679174e-11,-29.2822177241914,2.998490344907623e-11,-2.998490344907623e-11,-1.023997011822469e-12,-29.28221772415744,3.9754866065777605e-12,3.9754866065777605e-12,1.3576453272859512e-13
low_energy_small_angles,dop853_strict,DOP853,1e-09,1e-11,0.28035043804755944,0.06791356594962597,0.09621597358627536,0.06791356598712055,0.09621597356355444,3.749457688773106e-11,2.2720922365770946e-11,3.749457688773106e-11,0.1639289610756156,-1.9930695730233474,0.16392896109040794,-1.9930695730229857,1.479233402434943e-11,3.61710661422876e-13,1.4796755742071057e-11,3.740814602526399e-11,-29.28221772418621,2.4794388764348696e-11,-2.4794388764348696e-11,-8.467387613162335e-13,-29.282217724146243,1.517364012215694e-11,1.517364012215694e-11,5.181861655798299e-13
low_energy_small_angles,dop853_strict,DOP853,1e-09,1e-11,0.2853566958698373,0.06724766022213369,0.09531136523953108,0.067247660249352,0.09531136523535276,2.7218310938437185e-11,4.178324353176777e-12,2.7218310938437185e-11,0.16236411187582067,-1.9932010373575448,0.1623641118988181,-1.9932010373561135,2.299743728784165e-11,1.4312995233467518e-12,2.304193438350483e-11,2.7156790705085143e-11,-29.282217724177055,1.5639045614079805e-11,-1.5639045614079805e-11,-5.340799580619086e-13,-29.282217724130028,3.1388225352202426e-11,3.1388225352202426e-11,1.0719210425890418e-12
low_energy_small_angles,dop853_strict,DOP853,1e-09,1e-11,0.2903629536921152,0.06657214441136275,0.09439295265603453,0.06657214442699468,0.09439295267421834,1.5631926308934396e-11,1.8183801686610934e-11,1.8183801686610934e-11,0.16077582343385027,-1.993333185182335,0.16077582346755043,-1.9933331851795812,3.370015377868185e-11,2.7537971902802383e-12,3.381247940734308e-11,3.370015377868185e-11,-29.282217724167012,5.595524044110789e-12,-5.595524044110789e-12,-1.9108948976544888e-13,-29.28221772410986,5.155698090675287e-11,5.155698090675287e-11,1.7606924923658377e-12
low_energy_small_angles,dop853_strict,DOP853,1e-09,1e-11,0.295369211514393,0.06588712592849529,0.09346085306710755,0.06588712593814205,0.0934608531051895,9.646769494331409e-12,3.8081954256696804e-11,3.8081954256696804e-11,0.15916431582230792,-1.9934659410965474,0.1591643158698495,-1.9934659410923583,4.7541581782439835e-11,4.189093516515641e-12,4.7725784465700806e-11,4.7541581782439835e-11,-29.282217724162095,6.785683126508957e-13,-6.785683126508957e-13,-2.3173392092190945e-14,-29.282217724087538,7.387868095065642e-11,7.387868095065642e-11,2.522987898204768e-12
low_energy_small_angles,dop853_strict,DOP853,1e-09,1e-11,0.30037546933667086,0.06519271348014953,0.09251518578788775,0.06519271348988852,0.09251518584074445,9.738987394314336e-12,5.2856691246105925e-11,5.2856691246105925e-11,0.15752981256712179,-1.993599229308414,0.15752981262947074,-1.9935992293028963,6.234895932877293e-11,5.517586387782103e-12,6.259262327884669e-11,6.234895932877293e-11,-29.28221772416162,2.0250467969162855e-13,-2.0250467969162855e-13,-6.9156196296067215e-15,-29.28221772406542,9.599787631486834e-11,9.599787631486834e-11,3.278367684414092e-12
low_energy_small_angles,dop853_strict,DOP853,1e-09,1e-11,0.3053817271589487,0.06448901704265293,0.09155607221290663,0.06448901705275156,0.09155607227832947,1.0098630265353847e-11,6.542284769484041e-11,6.542284769484041e-11,0.1558725406228466,-1.9937329736781297,0.1558725406980731,-1.9937329736714973,7.522649170255136e-11,6.632472349110685e-12,7.551830733892111e-11,7.522649170255136e-11,-29.282217724161235,1.8118839761882555e-13,1.8118839761882555e-13,6.187659668595488e-15,-29.2822177240462,1.1521805731717905e-10,1.1521805731717905e-10,3.934744915925888e-12
low_energy_small_angles,dop853_strict,DOP853,1e-09,1e-11,0.31038798498122655,0.06377614782450117,0.09058363582294154,0.06377614783499451,0.09058363589748152,1.0493342306183706e-11,7.453997141748658e-11,7.453997141748658e-11,0.15419273034730388,-1.9938670977603672,0.15419273043201026,-1.9938670977529553,8.47063807984938e-11,7.411848912397545e-12,8.503003264893908e-11,8.47063807984938e-11,-29.282217724161423,7.105427357601002e-15,-7.105427357601002e-15,-2.4265332033707795e-16,-29.282217724032588,1.2882850342066376e-10,1.2882850342066376e-10,4.399547351031561e-12
low_energy_small_angles,dop853_strict,DOP853,1e-09,1e-11,0.31539424280350437,0.06305421824551169,0.08959800217877621,0.0630542182568659,0.08959800225651471,1.1354209239478052e-11,7.773849619585604e-11,7.773849619585604e-11,0.15249061547974008,-1.9940015248471283,0.15249061556849838,-1.994001524839457,8.8758306260317e-11,7.671419055554907e-12,8.908921147100899e-11,8.8758306260317e-11,-29.28221772416197,5.542233338928781e-13,-5.542233338928781e-13,-1.892695898629208e-14,-29.282217724027067,1.3434942047751974e-10,1.3434942047751974e-10,4.58808898093347e-12
low_energy_small_angles,dop853_strict,DOP853,1e-09,1e-11,0.32040050062578224,0.06232334191140581,0.08859929891639876,0.06232334192477161,0.0885992989887403,1.3365801521114662e-11,7.234154941748727e-11,7.234154941748727e-11,0.15076643311574237,-1.9941361780109474,0.15076643320114003,-1.9941361780037141,8.539766116477665e-11,7.23332505003782e-12,8.57034510605816e-11,8.539766116477665e-11,-29.28221772416233,9.130474154517287e-13,-9.130474154517287e-13,-3.118095166331452e-14,-29.282217724031593,1.298232632507279e-10,1.298232632507279e-10,4.433518815878751e-12
low_energy_small_angles,dop853_strict,DOP853,1e-09,1e-11,0.3254067584480601,0.0615836335882331,0.08758765574193844,0.0615836336053955,0.08758765579819028,1.7162403442849694e-11,5.62518365221365e-11,5.62518365221365e-11,0.14902042368161675,-1.994270980148291,0.14902042375478283,-1.9942709801423142,7.316608430230076e-11,5.976774630767068e-12,7.340979312815398e-11,7.316608430230076e-11,-29.28221772416195,5.329070518200751e-13,-5.329070518200751e-13,-1.8198999025280847e-14,-29.282217724047342,1.1407408351260528e-10,1.1407408351260528e-10,3.895677731351618e-12
low_energy_small_angles,dop853_strict,DOP853,1e-09,1e-11,0.3304130162703379,0.06083520917666369,0.08656320442630111,0.06083520919978488,0.08656320445481355,2.312118552172393e-11,2.8512442407091498e-11,2.8512442407091498e-11,0.14725283090820818,-1.9944058540231298,0.14725283095969227,-1.9944058540192589,5.148409476518623e-11,3.870903597658071e-12,5.1629409336666233e-11,5.148409476518623e-11,-29.282217724160493,9.237055564881302e-13,9.237055564881302e-13,3.154493164382013e-14,-29.2822177240745,8.691714015185426e-11,8.691714015185426e-11,2.968256741023306e-12
low_energy_small_angles,dop853_strict,DOP853,1e-09,1e-11,0.3354192740926158,0.060078185686174554,0.08552607879946397,0.06007818571741648,0.08552607878911517,3.1241925713132446e-11,1.0348805146165319e-11,3.1241925713132446e-11,0.14546390180414312,-1.994540722310667,0.1454639018250177,-1.9945407223096752,2.0874579842455887e-11,9.918732502001149e-13,2.089813140315488e-11,3.118556107795101e-11,-29.282217724157874,3.5420555377640994e-12,3.5420555377640994e-12,1.2096268018803336e-13,-29.28221772411211,4.930456043439335e-11,4.930456043439335e-11,1.6837713898189839e-12
low_energy_small_angles,dop853_strict,DOP853,1e-09,1e-11,0.3404255319148936,0.059312681209155754,0.08447641474439,0.05931268125025936,0.08447641468620769,4.110360662945567e-11,5.818230619514253e-11,5.818230619514253e-11,0.14365388662847467,-1.9946755076411984,0.14365388661153117,-1.994675507643671,1.6943502156863133e-11,2.4726887204451486e-12,1.7122980314414963e-11,4.103132417165867e-11,-29.28221772415435,7.066347507134196e-12,7.066347507134196e-12,2.4131872707522404e-13,-29.282217724158023,3.3928415632544784e-12,3.3928415632544784e-12,1.1586696046095473e-13
low_energy_small_angles,dop853_strict,DOP853,1e-09,1e-11,0.3454317897371715,0.05853881489496249,0.08341435019052215,0.058538814946850266,0.08341435007924462,5.188777879583384e-11,1.1127752885808917e-10,1.1127752885808917e-10,0.14182303886270997,-1.9948101326440826,0.14182303880361824,-1.994810132650318,5.909173150797642e-11,6.235456595504729e-12,5.941980857900163e-11,5.909173150797642e-11,-29.282217724150446,1.0970779840135947e-11,1.0970779840135947e-11,3.7465672660044834e-13,-29.282217724208905,4.7489123744526296e-11,-4.7489123744526296e-11,-1.6217734664728605e-12
low_energy_small_angles,dop853_strict,DOP853,1e-09,1e-11,0.3504380475594493,0.05775670692393896,0.08234002510681812,0.057756706986397933,0.08234002494220577,6.245897549161938e-11,1.6461235152753773e-10,1.6461235152753773e-10,0.13997161518220091,-1.9949445199918003,0.1399716150805011,-1.994944520001734,1.0169981523588945e-10,9.933609490531126e-12,1.0218380016677997e-10,1.0169981523588945e-10,-29.28221772414687,1.454480980100925e-11,1.454480980100925e-11,4.967113467299986e-13,-29.28221772426043,9.901413022816996e-11,-9.901413022816996e-11,-3.381374018897181e-12
low_energy_small_angles,dop853_strict,DOP853,1e-09,1e-11,0.35544430538172717,0.0569664784814399,0.08125358149428547,0.05696647855293192,0.08125358128200376,7.149202063683191e-11,2.122817061023241e-10,2.122817061023241e-10,0.13809987542687804,-1.9950785924440808,0.13809987528667275,-1.9950785924572398,1.4020529182090513e-10,1.315902942167213e-11,1.4082146111266422e-10,1.4020529182090513e-10,-29.282217724144413,1.7003287666739197e-11,1.7003287666739197e-11,5.806693955666275e-13,-29.282217724307507,1.460911391859554e-10,-1.460911391859554e-10,-4.989073592790491e-12
low_energy_small_angles,dop853_strict,DOP853,1e-09,1e-11,0.36045056320400504,0.0561682517318759,0.08015516337797801,0.05616825180951239,0.08015516312988179,7.76364875165747e-11,2.4809622412025334e-10,2.4809622412025334e-10,0.13620808257130895,-1.9952122728920696,0.13620808240152335,-1.995212272907576,1.6978560224423234e-10,1.550648498493956e-11,1.7049223385839258e-10,1.6978560224423234e-10,-29.28221772414379,1.7625012560529285e-11,1.7625012560529285e-11,6.019015610961218e-13,-29.282217724344775,1.8335910567657265e-10,-1.8335910567657265e-10,-6.261790257958465e-12
low_energy_small_angles,dop853_strict,DOP853,1e-09,1e-11,0.36545682102628285,0.055362149792808145,0.07904491679841355,0.055362149872516433,0.07904491653207224,7.970828858061552e-11,2.663413101178236e-10,2.663413101178236e-10,0.1342965026940615,-1.9953454844025211,0.134296502508138,-1.9953454844191416,1.8592349881885184e-10,1.6620482767848443e-11,1.8666490795133388e-10,1.8592349881885184e-10,-29.282217724145546,1.5869972003201838e-11,1.5869972003201838e-11,5.419661909728636e-13,-29.282217724367133,2.057163328572642e-10,-2.057163328572642e-10,-7.025298930399081e-12
low_energy_small_angles,dop853_strict,DOP853,1e-09,1e-11,0.3704630788485607,0.05454829670911881,0.07792298980237315,0.05454829678601731,0.0779229895396856,7.689850145542465e-11,2.626875522659944e-10,2.626875522659944e-10,0.13236540494635302,-1.9954781502619827,0.1323654047612467,-1.9954781502782388,1.851063191615765e-10,1.6256107571166467e-11,1.858187569297372e-10,1.851063191615765e-10,-29.28221772414988,1.1535661315065227e-11,1.1535661315065227e-11,3.9394766556724606e-13,-29.28221772437055,2.091340434162703e-10,-2.091340434162703e-10,-7.1420151774812154e-12
low_energy_small_angles,dop853_strict,DOP853,1e-09,1e-11,0.37546933667083854,0.05372681742728297,0.07678953243304285,0.05372681749627242,0.07678953219779966,6.898945303923654e-11,2.352431860419557e-10,2.352431860419557e-10,0.13041506151996707,-1.9956101940209579,0.13041506135430703,-1.9956101940352995,1.6566004124030087e-10,1.4341638987502847e-11,1.6627967967429468e-10,1.6566004124030087e-10,-29.282217724156606,4.810374321095878e-12,4.810374321095878e-12,1.6427629786820177e-13,-29.282217724352954,1.915374525651714e-10,-1.915374525651714e-10,-6.5410842296664415e-12
low_energy_small_angles,dop853_strict,DOP853,1e-09,1e-11,0.3804755944931164,0.052897837769767767,0.07564469671945746,0.05289783782633601,0.07564469653371853,5.6568243145260766e-11,1.8573893811879572e-10,1.8573893811879572e-10,0.12844574761441832,-1.9957415395380145,0.12844574748569965,-1.9957415395490603,1.2871867460795272e-10,1.1045830916600607e-11,1.2919174731176192e-10,1.2871867460795272e-10,-29.282217724165083,3.666400516522117e-12,-3.666400516522117e-12,-1.2520911329393223e-13,-29.2822177243154,1.539852689802501e-10,-1.539852689802501e-10,-5.258661431684985e-12
low_energy_small_angles,dop853_strict,DOP853,1e-09,1e-11,0.3854818523153943,0.05206148440958511,0.07448863666520752,0.052061484450812774,0.07448863654437118,4.1227667113563626e-11,1.2083634093329465e-10,1.2083634093329465e-10,0.12645774140334798,-1.9958721110238207,0.12645774132401855,-1.9958721110306676,7.932943191235609e-11,6.8469674374682654e-12,7.962436643783667e-11,7.932943191235609e-11,-29.282217724174227,1.2811085525754606e-11,-1.2811085525754606e-11,-4.3750393656775155e-13,-29.282217724263383,1.0196643529525318e-10,-1.0196643529525318e-10,-3.4821964734972372e-12
low_energy_small_angles,dop853_strict,DOP853,1e-09,1e-11,0.3904881101376721,0.05121788484502353,0.07332150823636918,0.05121788487076817,0.07332150818281932,2.5744642528913175e-11,5.354985899153064e-11,5.354985899153064e-11,0.12445132400013101,-1.9960018330850797,0.12445132397243593,-1.9960018330876845,2.769508233857465e-11,2.6048052603755423e-12,2.7817307493445686e-11,2.769508233857465e-11,-29.282217724182633,2.121680608979659e-11,-2.121680608979659e-11,-7.245628145265148e-13,-29.282217724208355,4.693845312431222e-11,-4.693845312431222e-11,-1.602967834146737e-12
low_energy_small_angles,dop853_strict,DOP853,1e-09,1e-11,0.39549436795994997,0.0503671673745853,0.07214346934861764,0.050367167388811626,0.07214346934384383,1.4226328448607717e-11,4.773806350222287e-12,1.4226328448607717e-11,0.12242677942267718,-1.9961306307683406,0.12242677943212407,-1.9961306307679685,9.446887716535457e-12,3.7214675785435247e-13,9.454214972075154e-12,1.4208287324457558e-11,-29.28221772418872,2.730260462158185e-11,-2.730260462158185e-11,-9.32395383395222e-13,-29.282217724169453,8.036238341446733e-12,-8.036238341446733e-12,-2.7444090530123515e-13
low_energy_small_angles,dop853_strict,DOP853,1e-09,1e-11,0.4005006257822278,0.04950946107215479,0.07095467985348461,0.049509461081456804,0.07095467986119006,9.302017489609682e-12,7.705447391259668e-12,9.302017489609682e-12,0.12038439455740836,-1.9962584296036587,0.12038439457438505,-1.9962584296026522,1.6976683947511617e-11,1.006528194125167e-12,1.700649572543584e-11,1.6976683947511617e-11,-29.28221772419102,2.9604763085444574e-11,-2.9604763085444574e-11,-1.0110150591844354e-12,-29.282217724163807,2.390976305832737e-12,-2.390976305832737e-12,-8.165284229342673e-14
low_energy_small_angles,dop853_strict,DOP853,1e-09,1e-11,0.40550688360450565,0.048644895762423764,0.06975530152371986,0.04864489576836849,0.06975530153577937,5.94472387982492e-12,1.2059506171446799e-11,1.2059506171446799e-11,0.11832445912239431,-1.9963851556480803,0.11832445914036217,-1.996385155646951,1.796786330832134e-11,1.1293188606487092e-12,1.8003318387328965e-11,1.796786330832134e-11,-29.282217724188612,2.7196023211217835e-11,-2.7196023211217835e-11,-9.287555835901659e-13,-29.282217724161555,1.3855583347321954e-13,-1.3855583347321954e-13,-4.73173974657302e-15
low_energy_small_angles,dop853_strict,DOP853,1e-09,1e-11,0.41051314142678347,0.04777360199659997,0.06854549803771758,0.04777360200561922,0.06854549804167123,9.019250624131558e-12,3.953656846356068e-12,9.019250624131558e-12,0.11624726562962984,-1.9965107355289256,0.11624726564258317,-1.996510735528224,1.2953332850784705e-11,7.016609515630989e-13,1.2972322846513135e-11,1.2953332850784705e-11,-29.2822177241816,2.0182966409265646e-11,-2.0182966409265646e-11,-6.892567564174699e-13,-29.28221772416038,1.0373923942097463e-12,1.0373923942097463e-12,3.542738476921338e-14
low_energy_small_angles,dop853_strict,DOP853,1e-09,1e-11,0.41551939924906134,0.0468957110284244,0.06732543496296729,0.04689571104711914,0.06732543494684766,1.869474020033124e-11,1.611963340586442e-11,1.869474020033124e-11,0.11415310934643572,-1.9966350964868431,0.11415310934902681,-1.9966350964870512,2.5910940060214216e-12,2.0805579481475434e-13,2.599433661741753e-12,1.8674187196587866e-11,-29.28221772417178,1.0363265801061061e-11,-1.0363265801061061e-11,-3.539098677116282e-13,-29.282217724161118,2.984279490192421e-13,2.984279490192421e-13,1.0191439454157273e-14
low_energy_small_angles,dop853_strict,DOP853,1e-09,1e-11,0.4205256570713392,0.046011354790523755,0.06609527973849064,0.04601135482021714,0.06609527970078483,2.969338663838528e-11,3.77058106959538e-11,3.77058106959538e-11,0.11204228825596729,-1.9967581664186114,0.11204228824800576,-1.996758166419736,7.961534209677268e-12,1.1246559239452836e-12,8.040576964318336e-12,2.966196038789448e-11,-29.282217724163495,2.078337502098293e-12,-2.078337502098293e-12,-7.09760961985953e-14,-29.282217724163125,1.708855279503041e-12,-1.708855279503041e-12,-5.835812354106724e-14
low_energy_small_angles,dop853_strict,DOP853,1e-09,1e-11,0.425531914893617,0.0451206658684481,0.06485520166157771,0.04512066590298194,0.06485520161534544,3.4533841064554593e-11,4.623226801392377e-11,4.623226801392377e-11,0.10991510301948375,-1.9968798739194304,0.10991510300784738,-1.9968798739208693,1.1636372421186536e-11,1.4388490399142029e-12,1.1724992523844637e-11,3.4498695566931303e-11,-29.282217724161974,5.577760475716786e-13,-5.577760475716786e-13,-1.904828564646062e-14,-29.282217724165026,3.609557097661309e-12,-3.609557097661309e-12,-1.232678867312356e-13
low_energy_small_angles,dop853_strict,DOP853,1e-09,1e-11,0.4305381727158949,0.04422377746529283,0.06360537189421532,0.044223777501308376,0.06360537184557757,3.601554471321933e-11,4.8637746608015675e-11,4.8637746608015675e-11,0.10777185694864465,-1.9970001483240454,0.10777185693608558,-1.9970001483255446,1.2559064899164696e-11,1.4992451724538114e-12,1.264823494518333e-11,3.5980329826657e-11,-29.282217724161296,1.2079226507921703e-13,1.2079226507921703e-13,4.1251064457303254e-15,-29.2822177241653,3.8831160509289475e-12,-3.8831160509289475e-12,-1.326100395642131e-13
low_energy_small_angles,dop853_strict,DOP853,1e-09,1e-11,0.4355444305381727,0.043320823395280095,0.06234596341016687,0.0433208234258929,0.06234596337035755,3.061280395844079e-11,3.980932250513547e-11,3.980932250513547e-11,0.1056128559472922,-1.997118919750052,0.1056128559381443,-1.9971189197512067,9.147890778216095e-12,1.1546319456101628e-12,9.220470737440392e-12,3.058408387657252e-11,-29.282217724161136,2.8066438062523957e-13,2.8066438062523957e-13,9.584806153314579e-15,-29.282217724162688,1.2718714970105793e-12,-1.2718714970105793e-12,-4.343494434033695e-14
low_energy_small_angles,dop853_strict,DOP853,1e-09,1e-11,0.4405506883604506,0.042411938052626844,0.061077150989597075,0.042411938069122156,0.06107715097281431,1.649531206071586e-11,1.6782762679579122e-11,1.6782762679579122e-11,0.10343840847576252,-1.9972361191387824,0.10343840847549153,-1.9972361191391073,2.709915625231929e-13,3.248512570053208e-13,4.2304227464486167e-13,1.6480476705549307e-11,-29.28221772416163,2.1316282072803006e-13,-2.1316282072803006e-13,-7.279599610112338e-15,-29.282217724156457,4.959588295605499e-12,4.959588295605499e-12,1.6937201759528042e-13
low_energy_small_angles,dop853_strict,DOP853,1e-09,1e-11,0.4455569461827284,0.0414972563874568,0.059799111201313336,0.041497256381918785,0.05979911122047331,5.538014491435206e-12,1.9159972219906507e-11,1.9159972219906507e-11,0.10124882550965245,-1.9973516782962675,0.10124882552324493,-1.997351678295352,1.3592488246061407e-11,9.15489906105904e-13,1.362328368960653e-11,1.3592488246061407e-11,-29.282217724162294,8.775202786637237e-13,-8.775202786637237e-13,-2.9967685061629125e-14,-29.28221772414656,1.4857448604743695e-11,1.4857448604743695e-11,5.0738809282483e-13
low_energy_small_angles,dop853_strict,DOP853,1e-09,1e-11,0.45056320400500627,0.04057691388344639,0.05851202238129041,0.04057691385058815,0.058512022445057,3.285824390353298e-11,6.376658923112899e-11,6.376658923112899e-11,0.09904442049638248,-1.9974655299339075,0.09904442052720874,-1.9974655299315112,3.082625821271279e-11,2.396305376350938e-12,3.0919257346410683e-11,3.283119609509555e-11,-29.282217724162475,1.0587086762825493e-12,-1.0587086762825493e-12,-3.6155344730224615e-14,-29.282217724133602,2.7814195391329122e-11,2.7814195391329122e-11,9.498664224594917e-13
low_energy_small_angles,dop853_strict,DOP853,1e-09,1e-11,0.45556946182728414,0.03965104653544461,0.0572160646108978,0.03965104647371042,0.057216064721880275,6.173418720667456e-11,1.1098247321150723e-10,1.1098247321150723e-10,0.09682550931120845,-1.9975776077086738,0.09682550936032365,-1.9975776077047747,4.9115198019755724e-11,3.89910326248355e-12,4.9269723794347846e-11,6.168566352160454e-11,-29.282217724161594,1.7763568394002505e-13,-1.7763568394002505e-13,-6.0663330084269486e-15,-29.282217724118862,4.25544044446724e-11,4.25544044446724e-11,1.4532507354987598e-12
low_energy_small_angles,dop853_strict,DOP853,1e-09,1e-11,0.46057571964956195,0.03871979082710479,0.05591141969477764,0.038719790739121525,0.055911419848777906,8.798326650572008e-11,1.5400026392997646e-10,1.5400026392997646e-10,0.09459241021266729,-1.9976878462628282,0.09459241027850959,-1.997687846257628,6.58423038313316e-11,5.200284647344233e-12,6.604734615585087e-11,8.791732619695125e-11,-29.282217724159345,2.071232074740692e-12,2.071232074740692e-12,7.073344287825822e-14,-29.28221772410406,5.735500963055529e-11,5.735500963055529e-11,1.9586976017608934e-12
low_energy_small_angles,dop853_strict,DOP853,1e-09,1e-11,0.4655819774718398,0.03778328370856657,0.05459827113832146,0.03778328360102722,0.05459827132450185,1.0753934548413113e-10,1.861803905489623e-10,1.861803905489623e-10,0.092345443797443,-1.9977961812631269,0.09234544387588337,-1.997796181257029,7.844036531423626e-11,6.09778894045121e-12,7.867702295202284e-11,1.0746259437866001e-10,-29.28221772415576,5.6559201766503975e-12,5.6559201766503975e-12,1.9315204298831406e-13,-29.282217724091225,7.01909641520615e-11,7.01909641520615e-11,2.3970508249498246e-12
low_energy_small_angles,dop853_strict,DOP853,1e-09,1e-11,0.47058823529411764,0.03684166257422627,0.053276804124693954,0.03684166245729434,0.0532768043265263,1.169319294169746e-10,2.0183234944459727e-10,2.0183234944459727e-10,0.09008493295463926,-1.9979025494394977,0.09008493303933265,-1.997902549433057,8.469339118910568e-11,6.440847855060383e-12,8.493794812804769e-11,1.1685258316518343e-10,-29.28221772415123,1.0185630117121036e-11,1.0185630117121036e-11,3.4784353470320126e-13,-29.28221772408243,7.898748322077154e-11,7.898748322077154e-11,2.697455635527127e-12
low_energy_small_angles,dop853_strict,DOP853,1e-09,1e-11,0.4755944931163955,0.0358950652406338,0.05194720549135165,0.03589506512696287,0.05194720568819765,1.1367093377678827e-10,1.968459978352044e-10,1.968459978352044e-10,0.08781120281944507,-1.9980068886231592,0.08781120290242782,-1.9980068886170175,8.298274567497543e-11,6.141753772226366e-12,8.320971829754208e-11,1.1359770762942034e-10,-29.282217724146435,1.4981793583501712e-11,1.4981793583501712e-11,5.116345259307288e-13,-29.282217724079548,8.186873401427874e-11,8.186873401427874e-11,2.795851556923812e-12
low_energy_small_angles,dop853_strict,DOP853,1e-09,1e-11,0.4806007509386734,0.034943629924554444,0.050609663706005066,0.034943629828023216,0.05060966387516751,9.653122745589826e-11,1.6916244099940414e-10,1.6916244099940414e-10,0.08552458072618035,-1.9981091377841613,0.08552458079865391,-1.9981091377789764,7.24735549351152e-11,5.184963569604406e-12,7.265879170583066e-11,9.647229542997238e-11,-29.282217724142242,1.9173995724486304e-11,1.9173995724486304e-11,6.547999849296049e-13,-29.28221772408404,7.737810392427491e-11,7.737810392427491e-11,2.642494658470779e-12
low_energy_small_angles,dop853_strict,DOP853,1e-09,1e-11,0.4856070087609512,0.03398749522123351,0.049264368841972044,0.03398749515550242,0.04926436896104608,6.573108723983978e-11,1.190740353540498e-10,1.190740353540498e-10,0.08322539616070881,-1.99820923706833,0.08322539621394526,-1.9982092370646998,5.323644303167896e-11,3.630207245919337e-12,5.3360071882574565e-11,6.56931245512915e-11,-29.28221772413958,2.183497826990788e-11,2.183497826990788e-11,7.456736533958405e-13,-29.28221772409667,6.474465408246033e-11,6.474465408246033e-11,2.2110570549114543e-12
low_energy_small_angles,dop853_strict,DOP853,1e-09,1e-11,0.49061326658322907,0.03302680008290223,0.04791151255287066,0.033026800059903286,0.047911512602213616,2.2998943027818797e-11,4.934295333436367e-11,4.934295333436367e-11,0.08091398071220504,-1.998307127833582,0.08091398073850498,-1.9983071278319784,2.6299934452467255e-11,1.6036061367685761e-12,2.6348778052235286e-11,2.6299934452467255e-11,-29.28221772413928,2.213695893260592e-11,2.213695893260592e-11,7.559864195101664e-13,-29.2822177241174,4.4014569766659406e-11,4.4014569766659406e-11,1.5031159928280293e-12
low_energy_small_angles,dop853_strict,DOP853,1e-09,1e-11,0.4956195244055069,0.032061683797563016,0.04655128804659987,0.03206168382604062,0.04655128801172785,2.847760222079998e-11,3.487202193674932e-11,3.487202193674932e-11,0.07859066802426418,-1.9984027526855999,0.0785906680178929,-1.9984027526863097,6.371278504779809e-12,7.098766019453251e-13,6.4107031264486646e-12,2.846296809355664e-11,-29.282217724141898,1.9518608951329952e-11,1.9518608951329952e-11,6.665686709659531e-13,-29.282217724145212,1.6203927089009085e-11,1.6203927089009085e-11,5.533708970287063e-13
low_energy_small_angles,dop853_strict,DOP853,1e-09,1e-11,0.5006257822277848,0.03109228596809229,0.04518389005855584,0.031092286052318334,0.04518388993226461,8.422604280688972e-11,1.2629122747576105e-10,1.2629122747576105e-10,0.07625579374534164,-1.9984960555128324,0.07625579370336465,-1.9984960555159184,4.1976991327352664e-11,3.085975919248085e-12,4.209027260865413e-11,8.41853323163555e-11,-29.282217724147653,1.376321279167314e-11,1.376321279167314e-11,4.7001948149292e-13,-29.282217724178118,1.6701307004041155e-11,-1.6701307004041155e-11,-5.703566294523017e-13
low_energy_small_angles,dop853_strict,DOP853,1e-09,1e-11,0.5056320400500626,0.030118746491699093,0.04380951482403235,0.030118746630491536,0.043809514608029704,1.3879244281644887e-10,2.1600264632493094e-10,2.1600264632493094e-10,0.07390969547851163,-1.9985869815208066,0.07390969540144574,-1.998586981526087,7.706589533196251e-11,5.2804427497221695e-12,7.724658762010199e-11,1.3872949664039957e-10,-29.28221772415625,5.165645688975928e-12,5.165645688975928e-12,1.7640896388505568e-13,-29.282217724213197,5.17808018685173e-11,-5.17808018685173e-11,-1.7683360719564557e-12
low_energy_small_angles,dop853_strict,DOP853,1e-09,1e-11,0.5106382978723404,0.029141205539777632,0.04242836004975319,0.02914120572595747,0.042428359755579376,1.8617983890689693e-10,2.941738172501651e-10,2.941738172501651e-10,0.07155271273053254,-1.998675477265722,0.07155271262272427,-1.9986754772727746,1.0780827619516486e-10,7.0525807416288444e-12,1.0803871209566571e-10,1.8610079102754362e-10,-29.282217724166898,5.481837206389173e-12,-5.481837206389173e-12,-1.8720703664005563e-13,-29.282217724246784,8.536815698789724e-11,-8.536815698789724e-11,-2.915358317189823e-12
low_energy_small_angles,dop853_strict,DOP853,1e-09,1e-11,0.5156445556946183,0.028159803538192026,0.04104062488448483,0.02815980375861948,0.04104062453348724,2.204274540673623e-10,3.5099759210233117e-10,3.5099759210233117e-10,0.06918518686020864,-1.9987614906873077,0.06918518672984666,-1.9987614906955025,1.3036197121785165e-10,8.194778189363205e-12,1.3061928620757673e-10,2.2034006216808955e-10,-29.2822177241783,1.688249540165998e-11,-1.688249540165998e-11,-5.765442891208972e-13,-29.282217724274773,1.1335643534948758e-10,-1.1335643534948758e-10,-3.871169745997573e-12
low_energy_small_angles,dop853_strict,DOP853,1e-09,1e-11,0.5206508135168961,0.02717468114803147,0.03964650988867759,0.027174681384367842,0.039646509510795264,2.363363706125998e-10,3.778823295941258e-10,3.778823295941258e-10,0.0668074610260371,-1.9988449711409173,0.06680746088470084,-1.9988449711494736,1.4133626213830297e-10,8.556266806181156e-12,1.4159501649735294e-10,2.362491140217582e-10,-29.282217724188758,2.7341684472048655e-11,-2.7341684472048655e-11,-9.33729976657076e-13,-29.282217724293076,1.3166001622266776e-10,-1.3166001622266776e-10,-4.4962446991858856e-12
low_energy_small_angles,dop853_strict,DOP853,1e-09,1e-11,0.5256570713391739,0.026185979246873815,0.03824621700308305,0.026185979477221375,0.03824621663418622,2.3034756047035643e-10,3.6889682974994287e-10,3.6889682974994287e-10,0.06441988013312941,-1.9989258694288408,0.06441987999477095,-1.9989258694369152,1.383584635750168e-10,8.074430013493838e-12,1.3859387022116838e-10,2.30268592388283e-10,-29.28221772419641,3.4994229736184934e-11,-3.4994229736184934e-11,-1.195067602660109e-12,-29.282217724298235,1.368185564842861e-10,-1.368185564842861e-10,-4.672411009750605e-12
low_energy_small_angles,dop853_strict,DOP853,1e-09,1e-11,0.5306633291614519,0.025193838910596022,0.03683994951629635,0.025193839112173988,0.03683994919381564,2.0157796612463308e-10,3.2248070880314117e-10,3.2248070880314117e-10,0.06202279077939758,-1.999004137830807,0.06202279065864968,-1.9990041378376067,1.2074790473048935e-10,6.799671936619234e-12,1.209392080148079e-10,2.0151399646173296e-10,-29.28221772419949,3.807443249570497e-11,-3.807443249570497e-11,-1.3002578170262323e-12,-29.282217724288223,1.2680700933742628e-10,-1.2680700933742628e-10,-4.330512481395662e-12
low_energy_small_angles,dop853_strict,DOP853,1e-09,1e-11,0.5356695869837297,0.024198401395769654,0.03542791203117142,0.024198401548790226,0.03542791178774086,1.5302057190802465e-10,2.4343056043152345e-10,2.4343056043152345e-10,0.05961654120099523,-1.999079730133657,0.0596165411106932,-1.9990797301385768,9.030202974269486e-11,4.919842311323919e-12,9.043595205458303e-11,1.5297577440898102e-10,-29.282217724196855,3.5438318946035e-11,-3.5438318946035e-11,-1.2102334351811762e-12,-29.282217724263422,1.0200551514571998e-10,-1.0200551514571998e-10,-3.483531066759091e-12
low_energy_small_angles,dop853_strict,DOP853,1e-09,1e-11,0.5406758448060075,0.02319980812267929,0.034010310430056756,0.023199808215593316,0.034010310284884215,9.29140271666018e-11,1.4517254065538054e-10,1.4517254065538054e-10,0.05720148121700298,-1.9991526016601624,0.05720148116480341,-1.9991526016629435,5.21995641156181e-11,2.781108676686017e-12,5.227359810967735e-11,9.288902286241907e-11,-29.2822177241885,2.708233637349622e-11,-2.708233637349622e-11,-9.248731304647726e-13,-29.282217724227785,6.636824423367216e-11,-6.636824423367216e-11,-2.2665033386084765e-12
low_energy_small_angles,dop853_strict,DOP853,1e-09,1e-11,0.5456821026282854,0.022198200659002486,0.032587351838800634,0.0221982006952903,0.032587351786469,3.628781303222084e-11,5.233163208329117e-11,5.233163208329117e-11,0.054777962173350035,-1.9992227092969697,0.054777962157325055,-1.9992227092978694,1.602497995412122e-11,8.997247391562269e-13,1.6050217666319566e-11,3.6278872267425655e-11,-29.282217724176338,1.4921397450962104e-11,-1.4921397450962104e-11,-5.095719727078637e-13,-29.28221772419023,2.8812507935072063e-11,-2.8812507935072063e-11,-9.83959213966851e-13
low_energy_small_angles,dop853_strict,DOP853,1e-09,1e-11,0.5506883604505632,0.02119372070418933,0.031159244589473563,0.021193720710877967,0.031159244585865185,6.68863575636891e-12,3.6083774856976447e-12,6.68863575636891e-12,0.05234633688596248,-1.999290011521643,0.052346336889042985,-1.9992900115216137,3.0805080708518062e-12,2.930988785010413e-14,3.0806475040336735e-12,6.687133485838714e-12,-29.28221772416513,3.7125857943465235e-12,-3.7125857943465235e-12,-1.2678635987612322e-13,-29.282217724166212,4.796163466380676e-12,-4.796163466380676e-12,-1.637909912275276e-13
low_energy_small_angles,dop853_strict,DOP853,1e-09,1e-11,0.5556946182728411,0.02018651007159889,0.02972619818649854,0.02018651007970168,0.02972619818043663,8.102789272879107e-12,6.0619113895210575e-12,8.102789272879107e-12,0.04990695958488947,-1.999354468428705,0.04990695958693138,-1.9993544684287217,2.04190830910278e-12,1.6653345369377348e-14,2.041976218445006e-12,8.10114128557693e-12,-29.28221772416216,7.425171588693047e-13,-7.425171588693047e-13,-2.5357271975224647e-14,-29.28221772416456,3.1441516057384433e-12,-3.1441516057384433e-12,-1.0737409424915699e-13
low_energy_small_angles,dop853_strict,DOP853,1e-09,1e-11,0.5607008760951189,0.019176710637080818,0.02828842332621755,0.01917671064365519,0.028288423322377736,6.57437299045327e-12,3.8398138835216145e-12,6.57437299045327e-12,0.04746018587811607,-1.999416041753864,0.04746018588085095,-1.9994160417538467,2.734881765498187e-12,1.7319479184152442e-14,2.734936605410387e-12,6.57316562291399e-12,-29.28221772416157,1.5276668818842154e-13,-1.5276668818842154e-13,-5.217046387247176e-15,-29.282217724163957,2.540190280342358e-12,-2.540190280342358e-12,-8.674856202050536e-14
low_energy_small_angles,dop853_strict,DOP853,1e-09,1e-11,0.5657071339173968,0.018164464358683883,0.026846131803053258,0.018164464364134422,0.026846131800823222,5.450539325435599e-12,2.230035600625513e-12,5.450539325435599e-12,0.04500637267296221,-1.9994746948992903,0.04500637267618262,-1.9994746948992512,3.2204100497423838e-12,3.907985046680551e-14,3.2206471590651236e-12,5.449640738675043e-12,-29.282217724161356,6.039613253960852e-14,6.039613253960852e-14,2.0625532228651627e-15,-29.28221772416397,2.55440113505756e-12,-2.55440113505756e-12,-8.723386866117952e-14
low_energy_small_angles,dop853_strict,DOP853,1e-09,1e-11,0.5707133917396746,0.017149913257287843,0.02539953647724335,0.017149913261509664,0.025399536476764732,4.221820809613419e-12,4.78617145915905e-13,4.221820809613419e-12,0.042545878119784865,-1.9995303929567352,0.0425458781235276,-1.999530392956675,3.742735288359e-12,6.017408793468348e-14,3.743218983653842e-12,4.2211997786090194e-12,-29.28221772416174,3.232969447708456e-13,-3.232969447708456e-13,-1.1040726075337046e-14,-29.282217724164557,3.140598892059643e-12,-3.140598892059643e-12,-1.0725276758898845e-13
low_energy_small_angles,dop853_strict,DOP853,1e-09,1e-11,0.5757196495619524,0.01613319939422671,0.02394885124766987,0.016133199396849603,0.023948851249488163,2.6228914873360765e-12,1.8182920447085138e-12,2.6228914873360765e-12,0.040079061557603726,-1.9995831027295936,0.04007906156204405,-1.999583102729508,4.440323109200506e-12,8.570921750106208e-14,4.441150232098065e-12,4.440323109200506e-12,-29.282217724162333,9.166001291305292e-13,-9.166001291305292e-13,-3.130227832348306e-14,-29.282217724165154,3.737454790098127e-12,-3.737454790098127e-12,-1.27635646497303e-13
low_energy_small_angles,dop853_strict,DOP853,1e-09,1e-11,0.5807259073842304,0.015114464856098415,0.022494291013165826,0.015114464856675884,0.022494291017953395,5.774686284709674e-13,4.787569646280687e-12,4.787569646280687e-12,0.037606283455238046,-1.9996327927541468,0.037606283460601804,-1.9996327927540305,5.363758048826384e-12,1.163513729807164e-13,5.365019855354154e-12,5.363758048826384e-12,-29.282217724162546,1.1297629498585593e-12,-1.1297629498585593e-12,-3.8581877933595394e-14,-29.282217724165115,3.6983749396313215e-12,-3.6983749396313215e-12,-1.2630105323544906e-13
low_energy_small_angles,dop853_strict,DOP853,1e-09,1e-11,0.5857321652065082,0.014093851739635913,0.021036071633595443,0.014093851737782982,0.021036071641944702,1.8529310030768187e-12,8.349258784345892e-12,8.349258784345892e-12,0.0351279053521287,-1.9996794333197694,0.03512790535862337,-1.9996794333196197,6.494665916179088e-12,1.496580637194711e-13,6.49638998974158e-12,6.494665916179088e-12,-29.28221772416183,4.121147867408581e-13,-4.121147867408581e-13,-1.4073892579550521e-14,-29.282217724163914,2.497557716196752e-12,-2.497557716196752e-12,-8.52926420984829e-14
low_energy_small_angles,dop853_strict,DOP853,1e-09,1e-11,0.590738423028786,0.013071502136663107,0.019574409890681703,0.013071502132147082,0.019574409902964565,4.516024706968658e-12,1.2282862227319669e-11,1.2282862227319669e-11,0.032644289798849334,-1.999722996488087,0.0326442898066142,-1.9997229964879055,7.764865139758825e-12,1.8141044222375058e-13,7.766983995553851e-12,7.764865139758825e-12,-29.2822177241599,1.5170087408478139e-12,1.5170087408478139e-12,5.180648389196614e-14,-29.282217724161338,7.815970093361102e-14,7.815970093361102e-14,2.6691865237078574e-15
low_energy_small_angles,dop853_strict,DOP853,1e-09,1e-11,0.5957446808510638,0.012047558119159547,0.018109523448555744,0.01204755811194845,0.018109523464844332,7.211096303416653e-12,1.6288588533530657e-11,1.6288588533530657e-11,0.03015580029731224,-1.9997634561110733,0.030155800306387585,-1.9997634561108653,9.075344642450744e-12,2.0805579481475434e-13,9.077729209059688e-12,9.075344642450744e-12,-29.28221772415676,4.657607632907457e-12,4.657607632907457e-12,1.590592514809546e-13,-29.282217724157505,3.9115377603593515e-12,3.9115377603593515e-12,1.335806528455614e-13
low_energy_small_angles,dop853_strict,DOP853,1e-09,1e-11,0.6007509386733417,0.011022161724457033,0.016641630814001423,0.011022161714730886,0.016641630834044137,9.726146971145155e-12,2.004271401623292e-11,2.004271401623292e-11,0.027662801240672597,-1.9998007878480721,0.02766280125098698,-1.9998007878478459,1.0314381293508035e-11,2.262634524186069e-13,1.031686273136213e-11,1.0314381293508035e-11,-29.282217724152776,8.640199666842818e-12,8.640199666842818e-12,2.950664375298868e-13,-29.282217724152908,8.5087492607272e-12,8.5087492607272e-12,2.9057735110365083e-13
low_energy_small_angles,dop853_strict,DOP853,1e-09,1e-11,0.6057571964956195,0.009995454940591994,0.015170951296369457,0.009995454928722482,0.015170951319615333,1.1869512317463915e-11,2.3245875710453667e-11,2.3245875710453667e-11,0.025165657852936833,-1.9998349691817296,0.025165657864311113,-1.9998349691814958,1.1374279990095104e-11,2.3381296898605797e-13,1.1376682899577713e-11,1.1868919042035131e-11,-29.282217724148577,1.283950723518501e-11,1.283950723518501e-11,4.3847454984909987e-13,-29.282217724148282,1.3134382470525452e-11,1.3134382470525452e-11,4.485446626430886e-13
low_energy_small_angles,dop853_strict,DOP853,1e-09,1e-11,0.6107634543178974,0.008967579691836742,0.013697704967134437,0.008967579678341364,0.013697704992797797,1.3495378425876225e-11,2.5663360325722806e-11,2.5663360325722806e-11,0.022664736128279142,-1.9998659794328297,0.02266473614044526,-1.9998659794325993,1.2166118806833381e-11,2.304822999121825e-13,1.2168301808903235e-11,1.3494835457428245e-11,-29.282217724144942,1.6473933328597923e-11,1.6473933328597923e-11,5.625917232015152e-13,-29.28221772414453,1.688604811533878e-11,1.688604811533878e-11,5.766656157810657e-13
low_energy_small_angles,dop853_strict,DOP853,1e-09,1e-11,0.6157697121401753,0.007938677824433645,0.012222112619069306,0.007938677809910796,0.012222112646225691,1.4522848201803384e-11,2.7156384779791765e-11,2.7156384779791765e-11,0.020160402770072576,-1.9998937997740185,0.02016040278270454,-1.999893799773802,1.2631964918519145e-11,2.1649348980190553e-13,1.2633819973936031e-11,1.4522390234805727e-11,-29.28221772414273,1.8687273950490635e-11,1.8687273950490635e-11,6.381782324865151e-13,-29.28221772414257,1.8847146066036657e-11,1.8847146066036657e-11,6.436379321940992e-13
low_energy_small_angles,dop853_strict,DOP853,1e-09,1e-11,0.6207759699624531,0.0069088910925554445,0.010744395725010937,0.0069088910776074,0.010744395752714183,1.4948044538276584e-11,2.7703245947252597e-11,2.7703245947252597e-11,0.017653025129639555,-1.9999184132424057,0.017653025142393516,-1.9999184132422112,1.275396108169069e-11,1.9451107391432743e-13,1.2755444242799075e-11,1.494768805260227e-11,-29.28221772414268,1.8737011941993842e-11,1.8737011941993842e-11,6.398768057288746e-13,-29.28221772414316,1.8257395595355774e-11,1.8257395595355774e-11,6.234977066061218e-13
low_energy_small_angles,dop853_strict,DOP853,1e-09,1e-11,0.6257822277847309,0.005878361144515159,0.009264776396190312,0.005878361129666327,0.009264776423599814,1.4848832233238518e-11,2.7409501751618492e-11,2.7409501751618492e-11,0.015142971144726899,-1.999939804751036,0.015142971157286647,-1.9999398047508694,1.255974838021423e-11,1.6653345369377348e-13,1.2560852390084567e-11,1.4848575494164074e-11,-29.282217724145283,1.6132872815433075e-11,1.6132872815433075e-11,5.509443638253355e-13,-29.28221772414677,1.4647838497694465e-11,1.4647838497694465e-11,5.002298198748862e-13
low_energy_small_angles,dop853_strict,DOP853,1e-09,1e-11,0.6307884856070087,0.004847229509249457,0.007783477340102048,0.004847229494867742,0.007783477366607939,1.4381714569244863e-11,2.6505891231876078e-11,2.6505891231876078e-11,0.012630609277712227,-1.9999579610992186,0.01263060928983577,-1.999957961099082,1.2123541753839007e-11,1.3655743202889425e-13,1.2124310808838583e-11,1.4381546301067694e-11,-29.282217724150687,1.0729195309977513e-11,1.0729195309977513e-11,3.664065137089877e-13,-29.28221772415345,7.965184067870723e-12,7.965184067870723e-12,2.720143720978644e-13
low_energy_small_angles,dop853_strict,DOP853,1e-09,1e-11,0.6357947434292867,0.0038156375830986737,0.006300721817886438,0.0038156375693282722,0.0063007218432197185,1.3770401485757588e-11,2.533328061216089e-11,2.533328061216089e-11,0.010116308453546548,-1.9999728709817033,0.010116308465109027,-1.9999728709815963,1.1562478405280352e-11,1.0702549957386509e-13,1.1562973723490576e-11,1.3770300871795982e-11,-29.282217724158574,2.8421709430404007e-12,2.8421709430404007e-12,9.706132813483118e-14,-29.28221772416276,1.3429257705865894e-12,-1.3429257705865894e-12,-4.586147754370773e-14
low_energy_small_angles,dop853_strict,DOP853,1e-09,1e-11,0.6408010012515645,0.0027837266169073553,0.004816733601198463,0.0027837266036216494,0.0048167336255118265,1.328570586878186e-11,2.4313363822248135e-11,2.4313363822248135e-11,0.0076004379974398805,-1.999984524996699,0.007600438008467306,-1.999984524996619,1.1027425500520494e-11,7.993605777301127e-14,1.1027715218614505e-11,1.328565469443932e-11,-29.28221772416814,6.725286993969348e-12,-6.725286993969348e-12,-2.2967136769904426e-13,-29.282217724173712,1.2295942042328534e-11,-1.2295942042328534e-11,-4.199115708433134e-13
low_energy_small_angles,dop853_strict,DOP853,1e-09,1e-11,0.6458072590738423,0.001751637703468388,0.0033317369285370824,0.0017516376902521787,0.0033317369524413117,1.3216209376887278e-11,2.3904229290439005e-11,2.3904229290439005e-11,0.005083367572294944,-1.9999929156527239,0.005083367582982851,-1.9999929156526672,1.0687907156525789e-11,5.6621374255882984e-14,1.068805713712917e-11,1.3216188993886435e-11,-29.282217724178135,1.6719070572435157e-11,-1.6719070572435157e-11,-5.709632627531444e-13,-29.282217724184864,2.3447910280083306e-11,-2.3447910280083306e-11,-8.007559571123572e-13
low_energy_small_angles,dop853_strict,DOP853,1e-09,1e-11,0.6508135168961202,0.0007195117653347599,0.0018459564610094556,0.0007195117515054472,0.0018459564855491696,1.3829312695001761e-11,2.453971401084054e-11,2.453971401084054e-11,0.00256546711589642,-1.9999980373742767,0.0025654671266067833,-1.9999980373742414,1.0710363151922309e-11,3.530509218307998e-14,1.0710421340712476e-11,1.3829309008714374e-11,-29.282217724186964,2.5547564064254402e-11,-2.5547564064254402e-11,-8.724600132719638e-13,-29.282217724194414,3.299760464869905e-11,-3.299760464869905e-11,-1.12688201964539e-12
low_energy_small_angles,dop853_strict,DOP853,1e-09,1e-11,0.655819774718398,-0.00031251045697776314,0.000359617237503506,-0.000312510472299965,0.0003596172640551176,1.5322201840639593e-11,2.6551611603808922e-11,2.6551611603808922e-11,4.7106777861293165e-05,-1.9999998865063295,4.710678909070201e-05,-1.999999886506315,1.1229408841597482e-11,1.4432899320127035e-14,1.1229418116729401e-11,1.5322201081698072e-11,-29.282217724192893,3.147704319417244e-11,-3.147704319417244e-11,-1.0749542090932554e-12,-29.282217724200475,3.905853418473271e-11,-3.905853418473271e-11,-1.3338653018929176e-12
low_energy_small_angles,dop853_strict,DOP853,1e-09,1e-11,0.6608260325406758,-0.0013442884163736742,-0.0011270553707573225,-0.0013442884341359623,-0.0011270553406837608,1.7762288168077234e-11,3.007356169648645e-11,3.007356169648645e-11,-0.0024713431436435103,-1.9999984613176256,-0.00247134313133224,-1.9999984613176358,1.2311270058962265e-11,1.021405182655144e-14,1.2311274296008331e-11,1.776227212188508e-11,-29.282217724194417,3.300115736237785e-11,-3.300115736237785e-11,-1.1270033463055586e-12,-29.28221772420146,4.0042635873760446e-11,-4.0042635873760446e-11,-1.3674727867596029e-12
low_energy_small_angles,dop853_strict,DOP853,1e-09,1e-11,0.6658322903629537,-0.002375681770122578,-0.0026138357063027404,-0.0023756817911392315,-0.0026138356713769975,2.1016653695138388e-11,3.492574285335337e-11,3.492574285335337e-11,-0.004989512265408896,-1.9999937620027861,-0.004989512251499867,-1.9999937620028274,1.3909029310255061e-11,4.1300296516055823e-14,1.3909090626925497e-11,2.1016594280859335e-11,-29.282217724190684,2.9267255285958527e-11,-2.9267255285958527e-11,-9.994890264684242e-13,-29.282217724196542,3.512568014230055e-11,-3.512568014230055e-11,-1.199556689086345e-12
low_energy_small_angles,dop853_strict,DOP853,1e-09,1e-11,0.6708385481852316,-0.003406550390342586,-0.00410049787217423,-0.003406550415012713,-0.004100497831694971,2.4670127052317525e-11,4.0479258833769904e-11,4.0479258833769904e-11,-0.00750703018291093,-1.9999857906832101,-0.007507030167101995,-1.9999857906832919,1.5808934890337856e-11,8.171241461241152e-14,1.5809146064403458e-11,2.4669983937630757e-11,-29.282217724182082,2.0666135469582514e-11,-2.0666135469582514e-11,-7.057571822003912e-13,-29.282217724186385,2.496847173460992e-11,-2.496847173460992e-11,-8.52683767664492e-13
low_energy_small_angles,dop853_strict,DOP853,1e-09,1e-11,0.6758448060075094,-0.004436754373998594,-0.005586815779379389,-0.004436754401929994,-0.005586815733880132,2.793140024826002e-11,4.549925713970282e-11,4.549925713970282e-11,-0.010023526534250694,-1.999974551406774,-0.010023526516683274,-1.9999745514069043,1.7567419741126855e-11,1.3034018309099338e-13,1.756790325919009e-11,2.7931125294589076e-11,-29.282217724171044,9.627854069549358e-12,-9.627854069549358e-12,-3.287952490567406e-13,-29.28221772417392,1.2501999435698963e-11,-1.2501999435698963e-11,-4.2694851713308866e-13
low_energy_small_angles,dop853_strict,DOP853,1e-09,1e-11,0.6808510638297872,-0.005466154052392116,-0.007072563195068528,-0.005466154081918979,-0.00707256314710282,2.952686359303236e-11,4.7965707794528356e-11,4.7965707794528356e-11,-0.012538631064300688,-1.999960050146316,-0.012538631045862603,-1.9999600501464938,1.843808439261352e-11,1.7785772854495008e-13,1.843894219961496e-11,2.9526422105907724e-11,-29.282217724162916,1.4992451724538114e-12,-1.4992451724538114e-12,-5.119985059112345e-14,-29.28221772416536,3.943512183468556e-12,-3.943512183468556e-12,-1.3467259278707826e-13
low_energy_small_angles,dop853_strict,DOP853,1e-09,1e-11,0.6858573216520651,-0.006494610009235011,-0.008557513777936926,-0.00649461003966712,-0.008557513728709295,3.043210908965088e-11,4.922763065240421e-11,4.922763065240421e-11,-0.015051973684644589,-1.999942294796964,-0.015051973665850229,-1.9999422947971879,1.879436016538616e-11,2.2382096176443156e-13,1.8795692853661427e-11,3.043146724196477e-11,-29.282217724162045,6.288303211476887e-13,-6.288303211476887e-13,-2.14748188498314e-14,-29.2822177241646,3.183231456205249e-12,-3.183231456205249e-12,-1.0870868751101092e-13
low_energy_small_angles,dop853_strict,DOP853,1e-09,1e-11,0.690863579474343,-0.007521983112053442,-0.010041441093621106,-0.007521983143748099,-0.010041441042608776,3.169465644797809e-11,5.101232977700043e-11,5.101232977700043e-11,-0.017563184526816916,-1.999921295172416,-0.01756318450750092,-1.99992129517269,1.9315996718782813e-11,2.7400304247748863e-13,1.93179400275318e-11,3.1693760463302745e-11,-29.2822177241615,8.526512829121202e-14,-8.526512829121202e-14,-2.9118398440449356e-15,-29.282217724164017,2.6005864128819667e-12,-2.6005864128819667e-12,-8.881111524337053e-14
low_energy_small_angles,dop853_strict,DOP853,1e-09,1e-11,0.6958698372966208,-0.00854813448916496,-0.011524118711028545,-0.008548134522074565,-0.011524118658289926,3.29096055962097e-11,5.273861902743704e-11,5.273861902743704e-11,-0.020071894022013384,-1.9998970629996977,-0.020071894002186667,-1.9998970630000241,1.9826716657345145e-11,3.26405569239796e-13,1.982940326904161e-11,3.290840343284085e-11,-29.282217724161505,8.881784197001252e-14,-8.881784197001252e-14,-3.0331665042134743e-15,-29.282217724164052,2.6361135496699717e-12,-2.6361135496699717e-12,-9.002438184505591e-14
low_energy_small_angles,dop853_strict,DOP853,1e-09,1e-11,0.7008760951188986,-0.00957292555161021,-0.013005320232011517,-0.00957292558569885,-0.013005320177589144,3.408863989695643e-11,5.4422372858242696e-11,5.4422372858242696e-11,-0.022577732959057198,-1.9998696119129251,-0.022577732938726502,-1.9998696119133066,2.033069546047983e-11,3.814726312612038e-13,2.033427400413343e-11,3.4087076911104575e-11,-29.28221772416202,6.039613253960852e-13,-6.039613253960852e-13,-2.0625532228651626e-14,-29.282217724164653,3.2365221613872563e-12,-3.2365221613872563e-12,-1.10528587413539e-13
low_energy_small_angles,dop853_strict,DOP853,1e-09,1e-11,0.7058823529411765,-0.010596218004726212,-0.014484819336090603,-0.010596218039973446,-0.014484819280011082,3.5247233950985724e-11,5.6079521235097296e-11,5.6079521235097296e-11,-0.025080332547003984,-1.9998389574458417,-0.0250803325261756,-1.9998389574462805,2.0828384156290625e-11,4.3876013933186186e-13,2.083300499260452e-11,3.5245254631499634e-11,-29.282217724162546,1.1297629498585593e-12,-1.1297629498585593e-12,-3.8581877933595394e-14,-29.282217724165246,3.82982534574694e-12,-3.82982534574694e-12,-1.3079013966168501e-13
low_energy_small_angles,dop853_strict,DOP853,1e-09,1e-11,0.7108886107634543,-0.011617873858509759,-0.01596238982689762,-0.011617873894909751,-0.01596238976917451,3.639999239524183e-11,5.772311101326366e-11,5.772311101326366e-11,-0.027579324478194764,-1.99980511702316,-0.02757932445687654,-1.9998051170236586,2.13182249630961e-11,4.984901380566953e-13,2.1324052335213247e-11,3.639753602679985e-11,-29.282217724162486,1.0693668173189508e-12,-1.0693668173189508e-12,-3.6519324710730235e-14,-29.28221772416518,3.7623237858497305e-12,-3.7623237858497305e-12,-1.2848493311848278e-13
low_energy_small_angles,dop853_strict,DOP853,1e-09,1e-11,0.7158948685857321,-0.012637755437917123,-0.01743780567863499,-0.012637755475474504,-0.017437805619273737,3.755738081645532e-11,5.936125202499198e-11,5.936125202499198e-11,-0.030074340991191245,-1.999768109950719,-0.030074340969393397,-1.9997681099512794,2.179784824862807e-11,5.60440582830779e-13,2.18050517522225e-11,3.755438147956536e-11,-29.28221772416138,3.552713678800501e-14,3.552713678800501e-14,1.2132666016853898e-15,-29.282217724163928,2.511768570911954e-12,-2.511768570911954e-12,-8.577794873915706e-14
low_energy_small_angles,dop853_strict,DOP853,1e-09,1e-11,0.7209011264080101,-0.013655725393103453,-0.018910841082534734,-0.013655725431827102,-0.01891084102153877,3.8723649287142337e-11,6.099596522313178e-11,6.099596522313178e-11,-0.03256501493357134,-1.999727957404462,-0.03256501491130632,-1.9997279574050866,2.2265023158496433e-11,6.246114736541131e-13,2.2273782699429453e-11,3.872003932758883e-11,-29.282217724159032,2.383870878475136e-12,2.383870878475136e-12,8.141018897308966e-14,-29.282217724161296,1.2079226507921703e-13,1.2079226507921703e-13,4.1251064457303254e-15
low_energy_small_angles,dop853_strict,DOP853,1e-09,1e-11,0.7259073842302879,-0.014671646709605933,-0.020381270493301053,-0.014671646749501784,-0.020381270430678437,3.989585051211719e-11,6.262261542655523e-11,6.262261542655523e-11,-0.035050979824564156,-1.9996846824182428,-0.035050979801846106,-1.9996846824189338,2.2718049663694728e-11,6.910028105266974e-13,2.2728556166335247e-11,3.9891555336790674e-11,-29.282217724155583,5.8335558605904225e-12,5.8335558605904225e-12,1.99218375996741e-13,-29.282217724157416,4.000355602329364e-12,4.000355602329364e-12,1.3661381934977488e-13
low_energy_small_angles,dop853_strict,DOP853,1e-09,1e-11,0.7309136420525657,-0.015685382718474767,-0.021848868675520668,-0.015685382759538593,-0.021848868611290477,4.106382595070457e-11,6.423019061063684e-11,6.423019061063684e-11,-0.037531869917504165,-1.999638309870466,-0.03753186989434808,-1.9996383098712252,2.3156088158060584e-11,7.59170504238682e-13,2.316852948804433e-11,4.1058774435942524e-11,-29.282217724151476,9.940492873283802e-12,9.940492873283802e-12,3.3947199515157203e-13,-29.282217724152773,8.643752380521619e-12,8.643752380521619e-12,2.9518776419005535e-13
low_energy_small_angles,dop853_strict,DOP853,1e-09,1e-11,0.7359198998748435,-0.016696797106355393,-0.023313410750023987,-0.01669679714856641,-0.023313410684221967,4.221101593260279e-11,6.580202008277247e-11,6.580202008277247e-11,-0.04000732026208256,-1.9995888664695696,-0.04000732023850356,-1.9995888664703987,2.357899986371592e-11,8.291145547900669e-13,2.3593572546735692e-11,4.220513175057228e-11,-29.282217724147408,1.4008350035510375e-11,1.4008350035510375e-11,4.783910210445492e-13,-29.28221772414813,1.3287149158713873e-11,1.3287149158713873e-11,4.5376170903033574e-13
low_energy_small_angles,dop853_strict,DOP853,1e-09,1e-11,0.7409261576971214,-0.017705753925526174,-0.02477467224018141,-0.0177057539688421,-0.024774672172864304,4.3315927233944507e-11,6.73171067500089e-11,6.73171067500089e-11,-0.04247696676637622,-1.9995363807383622,-0.042476966742388905,-1.999536380739263,2.398731213659744e-11,9.00834962180852e-13,2.4004221444730136e-11,4.3309137526259534e-11,-29.282217724144203,1.7212897773788427e-11,1.7212897773788427e-11,5.878276685165714e-13,-29.282217724144388,1.70281566624908e-11,1.70281566624908e-11,5.815186821878073e-13
low_energy_small_angles,dop853_strict,DOP853,1e-09,1e-11,0.7459324155193993,-0.01871211760389513,-0.026232429118118156,-0.018712117648249316,-0.02623242904936631,4.435418698989224e-11,6.875184449528504e-11,6.875184449528504e-11,-0.04494044625863275,-1.9994808829972202,-0.04494044623425098,-1.9994808829981936,2.4381767438352853e-11,9.734435479913373e-13,2.440119209708922e-11,4.434642236761377e-11,-29.282217724142672,1.8744117369351443e-11,1.8744117369351443e-11,6.401194590492116e-13,-29.28221772414247,1.894662204904307e-11,1.894662204904307e-11,6.470350786788183e-13
low_energy_small_angles,dop853_strict,DOP853,1e-09,1e-11,0.7509386733416771,-0.019715752954959878,-0.02768645785083186,-0.019715753000260905,-0.027686457780749765,4.5301026818656e-11,7.008209637615614e-11,7.008209637615614e-11,-0.04739739654879252,-1.999422405346159,-0.04739739652402951,-1.999422405347206,2.4763011086115227e-11,1.0471623568264476e-12,2.478514206238528e-11,4.529222483173889e-11,-29.28221772414347,1.794475679162133e-11,1.794475679162133e-11,6.128209605112904e-13,-29.282217724143138,1.8278711877428577e-11,1.8278711877428577e-11,6.24225666567133e-13
low_energy_small_angles,dop853_strict,DOP853,1e-09,1e-11,0.755944931163955,-0.02071652518773434,-0.029136535446196144,-0.020716525233868327,-0.02913653537491056,4.613398552066883e-11,7.128558507374372e-11,7.128558507374372e-11,-0.04984745648972627,-1.9993609816457887,-0.04984745646459503,-1.9993609816469098,2.5131244307807776e-11,1.121103210266483e-12,2.515623805076567e-11,4.6124087188514906e-11,-29.282217724147,1.4416912108572433e-11,1.4416912108572433e-11,4.923435869639312e-13,-29.28221772414685,1.4566126083082054e-11,1.4566126083082054e-11,4.974393066910098e-13
low_energy_small_angles,dop853_strict,DOP853,1e-09,1e-11,0.7609511889862328,-0.021714299916646113,-0.03058243949883418,-0.021714299963481957,-0.030582439426489694,4.683584423070819e-11,7.234448456960862e-11,7.234448456960862e-11,-0.052290266038168796,-1.9992966474971672,-0.05229026601268294,-1.9992966474983627,2.5485856480766955e-11,1.1954881529163686e-12,2.5513879996621728e-11,4.6824804450507074e-11,-29.282217724153234,8.181899602277554e-12,8.181899602277554e-12,2.7941529836814526e-13,-29.28221772415366,7.755573960821494e-12,7.755573960821494e-12,2.648560991479206e-13
low_energy_small_angles,dop853_strict,DOP853,1e-09,1e-11,0.7659574468085106,-0.022708943171408664,-0.03202394823584627,-0.022708943218806208,-0.032023948162598175,4.739754422278253e-11,7.324809508935104e-11,7.324809508935104e-11,-0.05472546631532959,-1.9992294402205633,-0.05472546628950437,-1.9992294402218325,2.5825216964925346e-11,1.269206961751479e-12,2.5856386398668055e-11,4.738532483061775e-11,-29.282217724161693,2.7711166694643907e-13,-2.7711166694643907e-13,-9.46347949314604e-15,-29.282217724163093,1.6768808563938364e-12,-1.6768808563938364e-12,-5.72661835995504e-14
low_energy_small_angles,dop853_strict,DOP853,1e-09,1e-11,0.7709637046307886,-0.02370032140687176,-0.033460840562374736,-0.023700321454692738,-0.03346084048837908,4.782097981492761e-11,7.399565682408848e-11,7.399565682408848e-11,-0.05715269966715977,-1.9991593988331435,-0.05715269964101308,-1.999159398834486,2.6146695919493368e-11,1.3424816813767393e-12,2.6181137572139285e-11,4.78075495857766e-11,-29.28221772417143,1.0015099860538612e-11,-1.0015099860538612e-11,-3.420198550151114e-13,-29.282217724174156,1.2740031252178596e-11,-1.2740031252178596e-11,-4.3507740336438075e-13
low_energy_small_angles,dop853_strict,DOP853,1e-09,1e-11,0.7759699624530664,-0.024688301512854203,-0.034892896106990035,-0.02468830156097577,-0.034892896032390985,4.812156575995097e-11,7.459904916018445e-11,7.459904916018445e-11,-0.05957160972425653,-1.9990865640256001,-0.05957160969780979,-1.9990865640270148,2.644674063079222e-11,1.4146461779773745e-12,2.6484548585944638e-11,4.810690040768506e-11,-29.28221772418108,1.9664270212160773e-11,-1.9664270212160773e-11,-6.715430640328633e-13,-29.28221772418537,2.3952395622472977e-11,-2.3952395622472977e-11,-8.179843428562898e-13
low_energy_small_angles,dop853_strict,DOP853,1e-09,1e-11,0.7809762202753442,-0.025672750823962934,-0.03631989526688224,-0.025672750872293322,-0.03631989519179677,4.8330388302542104e-11,7.508547256174225e-11,7.508547256174225e-11,-0.06198184146138651,-1.9990109781377312,-0.06198184143466502,-1.999010978139217,2.6721486134917427e-11,1.4857004515533845e-12,2.6762756343290395e-11,4.831446354103264e-11,-29.282217724188982,2.7565505433813087e-11,-2.7565505433813087e-11,-9.413735562476938e-13,-29.28221772419492,3.3502089991088724e-11,-3.3502089991088724e-11,-1.1441104053893225e-12
low_energy_small_angles,dop853_strict,DOP853,1e-09,1e-11,0.785982478097622,-0.026653537129401873,-0.0377416192528411,-0.026653537177897754,-0.03774161917734116,4.849588092215029e-11,7.549993963351653e-11,7.549993963351653e-11,-0.06438304125660829,-1.9989326851329943,-0.06438304122964078,-1.9989326851345508,2.6967511557174362e-11,1.5565326805244695e-12,2.7012394813712343e-11,4.847865511803384e-11,-29.28221772419349,3.207389909221092e-11,-3.207389909221092e-11,-1.09533708800157e-12,-29.28221772420091,3.949196525354637e-11,-3.949196525354637e-11,-1.3486671544334792e-12
low_energy_small_angles,dop853_strict,DOP853,1e-09,1e-11,0.7909887359198999,-0.027630528682774786,-0.039157850134008715,-0.027630528731459623,-0.03915785005810129,4.868483741149454e-11,7.590742617802348e-11,7.590742617802348e-11,-0.06677485694997609,-1.9988517305720475,-0.06677485692279311,-1.9988517305736742,2.718297809067849e-11,1.6266987756807794e-12,2.7231607495429058e-11,4.866625505361988e-11,-29.282217724193263,3.184652541676769e-11,-3.184652541676769e-11,-1.0875721817507834e-12,-29.282217724201743,4.0326852968064486e-11,-4.0326852968064486e-11,-1.3771789195730859e-12
low_energy_small_angles,dop853_strict,DOP853,1e-09,1e-11,0.7959949937421777,-0.028603594211885762,-0.04056837088238852,-0.028603594260868337,-0.040568370805993695,4.8982574940570345e-11,7.639482796362174e-11,7.639482796362174e-11,-0.06915693790180603,-1.998768161585296,-0.06915693787443661,-1.9987681615869932,2.7369426169876476e-11,1.6973089600469393e-12,2.7422004787655022e-11,4.896253888442281e-11,-29.282217724187813,2.6396662633487722e-11,-2.6396662633487722e-11,-9.014570850522445e-13,-29.282217724196634,3.5218050697949366e-11,-3.5218050697949366e-11,-1.2027111822507269e-12
low_energy_small_angles,dop853_strict,DOP853,1e-09,1e-11,0.8010012515644556,-0.029572602928541393,-0.04197296541709467,-0.02957260297803371,-0.04197296534002222,4.9492316495092226e-11,7.70724525867017e-11,7.70724525867017e-11,-0.07152893505048757,-1.9986820268444638,-0.07152893502295368,-1.9986820268462344,2.7533891833186885e-11,1.7705836796721997e-12,2.7590762331772514e-11,4.947067755445289e-11,-29.28221772417815,1.673328142715036e-11,-1.673328142715036e-11,-5.714485693938186e-13,-29.28221772418629,2.4872548465282307e-11,-2.4872548465282307e-11,-8.494079478399414e-13
low_energy_small_angles,dop853_strict,DOP853,1e-09,1e-11,0.8060075093867335,-0.030537424538358268,-0.04337141864832496,-0.030537424588691624,-0.04337141857024995,5.033335553905616e-11,7.807500479461993e-11,7.807500479461993e-11,-0.0738905009698214,-1.9985933765332113,-0.0738905009421297,-1.9985933765350596,2.7691696158349544e-11,1.8482992913959606e-12,2.7753310548417924e-11,5.030988819987314e-11,-29.282217724167516,6.10000938650046e-12,-6.10000938650046e-12,-2.0831787550938142e-13,-29.282217724173744,1.2327916465437738e-11,-1.2327916465437738e-11,-4.2100351078483023e-13
low_energy_small_angles,dop853_strict,DOP853,1e-09,1e-11,0.8110137672090113,-0.03149792925058309,-0.04476351652104062,-0.031497929302217856,-0.044763516441479384,5.163476590741567e-11,7.956123260211001e-11,7.956123260211001e-11,-0.0762412899258695,-1.9985022623168125,-0.07624128989799711,-1.9985022623187467,2.7872384955607288e-11,1.9342305535019477e-12,2.79394182285112e-11,5.160915445001635e-11,-29.282217724162393,9.769962616701378e-13,-9.769962616701378e-13,-3.3364831546348217e-14,-29.28221772416539,3.97193389289896e-12,-3.97193389289896e-12,-1.3564320606842658e-13
low_energy_small_angles,dop853_strict,DOP853,1e-09,1e-11,0.8160200250312891,-0.03245398779071078,-0.046149046055952346,-0.032453987841229506,-0.046149045978482114,5.051872808969904e-11,7.747023161863709e-11,7.747023161863709e-11,-0.07858095793369826,-1.9984087373109412,-0.07858095790680264,-1.998408737312876,2.6895624616329883e-11,1.934896687316723e-12,2.6965133945395472e-11,5.049213130936536e-11,-29.282217724161725,3.090860900556436e-13,-3.090860900556436e-13,-1.0555419434662891e-14,-29.282217724163374,1.957545237019076e-12,-1.957545237019076e-12,-6.685098975286497e-14
low_energy_small_angles,dop853_strict,DOP853,1e-09,1e-11,0.8210262828535669,-0.033405471412851565,-0.0475277953881735,-0.03340547145942863,-0.04752779531756963,4.6577068590902826e-11,7.06038699727074e-11,7.06038699727074e-11,-0.08090916281132404,-1.9983128560496675,-0.080909162787351,-1.998312856051466,2.3973045770731005e-11,1.7985612998927536e-12,2.404041901205209e-11,4.6551082433232693e-11,-29.28221772416114,2.7711166694643907e-13,2.7711166694643907e-13,9.46347949314604e-15,-29.28221772415994,1.4779288903810084e-12,1.4779288903810084e-12,5.0471890630112214e-14
low_energy_small_angles,dop853_strict,DOP853,1e-09,1e-11,0.8260325406758449,-0.03435225190497091,-0.04889955381604686,-0.03435225194895273,-0.048899553749994044,4.3981818187432964e-11,6.605281599458834e-11,6.605281599458834e-11,-0.0832255642364773,-1.9982146744523375,-0.0832255642144593,-1.9982146744540557,2.2017998535517336e-11,1.7181811529098923e-12,2.2084936177953025e-11,4.395586672423235e-11,-29.282217724161338,7.815970093361102e-14,7.815970093361102e-14,2.6691865237078574e-15,-29.282217724158425,2.9913849175500218e-12,2.9913849175500218e-12,1.0215704786190981e-13
low_energy_small_angles,dop853_strict,DOP853,1e-09,1e-11,0.8310387984981227,-0.03529420159979437,-0.05026411184322125,-0.035294201644105044,-0.050264111776702786,4.431067318622084e-11,6.651846434779785e-11,6.651846434779785e-11,-0.08552982380205994,-1.9981142497897015,-0.08552982377990856,-1.9981142497914801,2.215137795413824e-11,1.7785772854495008e-12,2.222266596129723e-11,4.4283077205165e-11,-29.282217724162095,6.785683126508957e-13,-6.785683126508957e-13,-2.3173392092190945e-14,-29.282217724159704,1.7124079931818414e-12,1.7124079931818414e-12,5.847945020123578e-14
low_energy_small_angles,dop853_strict,DOP853,1e-09,1e-11,0.8360450563204005,-0.03623119338599297,-0.051621261218924866,-0.03623119343326048,-0.05162126114743422,4.726750935102331e-11,7.149064673583894e-11,7.149064673583894e-11,-0.08782160506985374,-1.998011640649275,-0.0878216050456948,-1.9980116406512516,2.415893873841668e-11,1.9766410730426287e-12,2.423966647662895e-11,4.723648555637894e-11,-29.282217724162752,1.3358203432289883e-12,-1.3358203432289883e-12,-4.5618824223370657e-14,-29.282217724162827,1.4104273304837989e-12,-1.4104273304837989e-12,-4.8166684086909975e-14
low_energy_small_angles,dop853_strict,DOP853,1e-09,1e-11,0.8410513141426784,-0.0371631007193039,-0.05297079497807003,-0.037163100770700674,-0.05297079489959547,5.139677572429946e-11,7.847456018339471e-11,7.847456018339471e-11,-0.09010057362376436,-1.9979069068998971,-0.09010057359676114,-1.9979069069021425,2.7003219105203868e-11,2.2453150450019166e-12,2.7096407173183663e-11,5.1361283281980974e-11,-29.28221772416256,1.1439738045737613e-12,-1.1439738045737613e-12,-3.9067184574269553e-14,-29.28221772416591,4.494182803682634e-12,-4.494182803682634e-12,-1.534782251132018e-13
low_energy_small_angles,dop853_strict,DOP853,1e-09,1e-11,0.8460575719649562,-0.03808979763361026,-0.05431250748114296,-0.03808979768829302,-0.05431250739712391,5.4682758321433766e-11,8.401904866284227e-11,8.401904866284227e-11,-0.09236639712257562,-1.9978001096555085,-0.09236639709332356,-1.997800109657987,2.925205910830897e-11,2.4784618801731995e-12,2.935686862333027e-11,5.464309560387903e-11,-29.28221772416098,4.369837824924616e-13,4.369837824924616e-13,1.4923179200730293e-14,-29.28221772416686,5.4427573559223674e-12,-5.4427573559223674e-12,-1.8587244337820172e-13
low_energy_small_angles,dop853_strict,DOP853,1e-09,1e-11,0.851063829787234,-0.03901115875200363,-0.055646194453831954,-0.03901115880704246,-0.05564619436927689,5.5038827662112766e-11,8.455506433913129e-11,8.455506433913129e-11,-0.09461874535218892,-1.9976913112381713,-0.09461874532276168,-1.9976913112407275,2.942723842380701e-11,2.5561774918969604e-12,2.953805011543017e-11,5.4996951437402686e-11,-29.2822177241578,3.61666252501891e-12,3.61666252501891e-12,1.2351054005157267e-13,-29.282217724163836,2.419398015263141e-12,-2.419398015263141e-12,-8.262345557477504e-14
low_energy_small_angles,dop853_strict,DOP853,1e-09,1e-11,0.8560700876095119,-0.039927059297852625,-0.05697165302634674,-0.039927059348544555,-0.05697165294929302,5.069192982043447e-11,7.705372451205506e-11,7.705372451205506e-11,-0.0968572902773211,-1.9975805751403617,-0.09685729025104392,-1.9975805751427256,2.627717488046244e-11,2.3638868640318833e-12,2.6383287907392224e-11,5.065153158012592e-11,-29.282217724153185,8.23163759378076e-12,8.23163759378076e-12,2.811138716105048e-13,-29.282217724155654,5.7625015870144125e-12,5.7625015870144125e-12,1.967918427933702e-13
low_energy_small_angles,dop853_strict,DOP853,1e-09,1e-11,0.8610763454317898,-0.04083737510590136,-0.0582886817723827,-0.04083737514636879,-0.05828868171286987,4.046742801966374e-11,5.951283216232284e-11,5.951283216232284e-11,-0.09908170609263717,-1.9974679659865524,-0.0990817060736591,-1.9974679659883674,1.897806911621558e-11,1.814992600657206e-12,1.9064661169826648e-11,4.0433691117502946e-11,-29.28221772414767,1.3745449223279138e-11,1.3745449223279138e-11,4.694128481920773e-13,-29.282217724141965,1.9451107391432743e-11,1.9451107391432743e-11,6.642634644227509e-13
low_energy_small_angles,dop853_strict,DOP853,1e-09,1e-11,0.8660826032540676,-0.04174198263342116,-0.05959708074768283,-0.04174198265740062,-0.05959708071640171,2.3979457308698215e-11,3.1281116585901714e-11,3.1281116585901714e-11,-0.10129166927329206,-1.997353549494121,-0.10129166926602504,-1.9973535494949834,7.267020318835193e-12,8.624212455288216e-13,7.318015763791647e-12,2.3958571238047455e-11,-29.282217724142104,1.9312551557959523e-11,1.9312551557959523e-11,6.595317246761779e-13,-29.282217724123313,3.810285420513537e-11,3.810285420513537e-11,1.3012284303075806e-12
low_energy_small_angles,dop853_strict,DOP853,1e-09,1e-11,0.8710888610763454,-0.04264075897143933,-0.06089665152815115,-0.04264075897317133,-0.060896651534922006,1.7319964906725716e-12,6.770854710236307e-12,6.770854710236307e-12,-0.10348685862485847,-1.9972373924336029,-0.1034868586333472,-1.997237392433117,8.488723612920523e-12,4.858335955759685e-13,8.502615060035632e-12,8.488723612920523e-12,-29.282217724137467,2.3948842908794177e-11,2.3948842908794177e-11,8.178630161961212e-13,-29.282217724101102,6.03144201249961e-11,6.03144201249961e-11,2.0597627096812864e-12
low_energy_small_angles,dop853_strict,DOP853,1e-09,1e-11,0.8760951188986233,-0.043533581856068294,-0.06218719724747032,-0.04353358183120409,-0.0621871972996941,2.4864200975915907e-11,5.222378085534274e-11,5.222378085534274e-11,-0.10566695533261569,-1.9971195625883231,-0.10566695535989788,-1.9971195625861595,2.7282190395716555e-11,2.163602630389505e-12,2.736784772557676e-11,2.7282190395716555e-11,-29.282217724134792,2.6624036308930954e-11,2.6624036308930954e-11,9.092219913030311e-13,-29.282217724077448,8.396838779844984e-11,8.396838779844984e-11,2.8675556130834186e-12
low_energy_small_angles,dop853_strict,DOP853,1e-09,1e-11,0.8811013767209012,-0.04442032967995873,-0.06346852263417685,-0.04442032962640507,-0.06346852273539472,5.355366150538998e-11,1.0121786742089967e-10,1.0121786742089967e-10,-0.10783164301017636,-1.9970001287134311,-0.10783164305768961,-1.9970001287093893,4.751324333973628e-11,4.041877943450345e-12,4.7684851577526633e-11,5.3500835706099537e-11,-29.28221772413495,2.6467716907063732e-11,2.6467716907063732e-11,9.038836182556153e-13,-29.282217724054984,1.0643219638950541e-10,1.0643219638950541e-10,3.6347040853290905e-12
low_energy_small_angles,dop853_strict,DOP853,1e-09,1e-11,0.886107634543179,-0.04530088150390055,-0.0647404340481475,-0.04530088142252856,-0.06474043419683438,8.137198553859193e-11,1.4868688225089244e-10,1.4868688225089244e-10,-0.10998060774742852,-1.9968791604943694,-0.1099806078145154,-1.996879160488435,6.708687771972421e-11,5.934364111226387e-12,6.734883695793002e-11,8.128850370603402e-11,-29.282217724138523,2.2893686946190428e-11,2.2893686946190428e-11,7.818289981260652e-13,-29.2822177240366,1.24817489677298e-10,1.24817489677298e-10,4.26256955170128e-12
low_energy_small_angles,dop853_strict,DOP853,1e-09,1e-11,0.8911138923654568,-0.04617511706859484,-0.06600273951644953,-0.04617511696374446,-0.06600273970515871,1.048503783795951e-10,1.8870918716551444e-10,1.8870918716551444e-10,-0.11211353815776914,-1.996756728504805,-0.1121135382413288,-1.9967567284971985,8.355965919193409e-11,7.606359986311872e-12,8.390514499429424e-11,1.0473862055437877e-10,-29.28221772414567,1.574562702444382e-11,1.574562702444382e-11,5.377197578669647e-13,-29.28221772402513,1.3628564943246602e-10,1.3628564943246602e-10,4.654212010725324e-12
low_energy_small_angles,dop853_strict,DOP853,1e-09,1e-11,0.8961201501877347,-0.047042916806620746,-0.06725524876850852,-0.0470429166863372,-0.0672552489834748,1.2028354701154598e-10,2.1496628088701897e-10,2.1496628088701897e-10,-0.1142301254246077,-1.9966329041640538,-0.11423012551893752,-1.9966329041552637,9.432982173152027e-11,8.790079775167214e-12,9.473848621523461e-11,1.2015047290425684e-10,-29.282217724156,5.417888360170764e-12,5.417888360170764e-12,1.8502315675702194e-13,-29.28221772402305,1.383675396482431e-10,1.383675396482431e-10,4.725309433584087e-12
low_energy_small_angles,dop853_strict,DOP853,1e-09,1e-11,0.9011264080100125,-0.047904161854620486,-0.06849777327054662,-0.047904161730564505,-0.06849777349184677,1.240559807658137e-10,2.213001448758689e-10,2.213001448758689e-10,-0.11633006334711687,-1.9965077596940288,-0.11633006344398439,-1.9965077596848229,9.686751401005722e-11,9.205969320191798e-12,9.730398317444638e-11,1.2391366405184456e-10,-29.282217724168582,7.16582349014061e-12,-7.16582349014061e-12,-2.447158735599431e-13,-29.28221772403219,1.2922640735268942e-10,1.2922640735268942e-10,4.413135936970437e-12
low_energy_small_angles,dop853_strict,DOP853,1e-09,1e-11,0.9061326658322904,-0.04875873406572652,-0.06973012625924499,-0.04875873395270525,-0.06973012646160492,1.1302127289614106e-10,2.0235993436479305e-10,2.0235993436479305e-10,-0.11841304838520958,-1.9963813680757414,-0.11841304847419079,-1.996381368067151,8.898121128808612e-11,8.590461675339611e-12,8.939492152292826e-11,1.1288694978794922e-10,-29.282217724181937,2.0520474208751693e-11,-2.0520474208751693e-11,-7.007827891334811e-13,-29.282217724053485,1.0793144156195922e-10,1.0793144156195922e-10,3.6859039359202144e-12
low_energy_small_angles,dop853_strict,DOP853,1e-09,1e-11,0.9111389236545683,-0.04960651602225403,-0.07095212277458302,-0.04960651593732448,-0.0709521229289122,8.492954950423126e-11,1.5432918831770337e-10,1.5432918831770337e-10,-0.12047877970372017,-1.9962538030053896,-0.120478779772836,-1.99625380299866,6.91158241750145e-11,6.729505841462924e-12,6.944266268124949e-11,8.482507057872013e-11,-29.282217724194165,3.274891469118302e-11,-3.274891469118302e-11,-1.1183891534335923e-12,-29.282217724086735,7.468159424206533e-11,7.468159424206533e-11,2.5504077234028578e-12
low_energy_small_angles,dop853_strict,DOP853,1e-09,1e-11,0.9161451814768461,-0.05044739104868237,-0.07216357969180807,-0.05044739100978487,-0.07216357976753231,3.889750327390473e-11,7.572423244006643e-11,7.572423244006643e-11,-0.12252695921576931,-1.9961251388500623,-0.12252695925244846,-1.9961251388465637,3.6679145831719495e-11,3.4985347951987933e-12,3.6845616898862776e-11,3.8848015082582066e-11,-29.28221772420319,4.177280743533629e-11,-4.177280743533629e-11,-1.4265588702616813e-12,-29.282217724130483,3.093347800131596e-11,3.093347800131596e-11,1.056391230087469e-12
low_energy_small_angles,dop853_strict,DOP853,1e-09,1e-11,0.9211514392991239,-0.051281243224949404,-0.07336431575248888,-0.05128124324903316,-0.0733643157207438,2.4083755822967845e-11,3.1745078787892567e-11,3.1745078787892567e-11,-0.12455729162529193,-1.995995450603095,-0.12455729161768436,-1.9959954506041875,7.607567353851152e-12,1.092459456231154e-12,7.685606593294422e-12,2.405210058897822e-11,-29.28221772420705,4.5634607204192434e-11,-4.5634607204192434e-11,-1.5584409498648831e-12,-29.28221772418199,2.05737649139337e-11,-2.05737649139337e-11,-7.026026890360092e-13
low_energy_small_angles,dop853_strict,DOP853,1e-09,1e-11,0.9261576971214017,-0.05210795740008177,-0.0745541515946056,-0.05210795750069022,-0.07455415143234388,1.0060845212489511e-10,1.622617179508623e-10,1.622617179508623e-10,-0.1265694844687077,-1.9958648138391064,-0.12656948440736862,-1.9958648138459525,6.133907270999828e-11,6.846079259048565e-12,6.171993715278419e-11,1.0047189469286621e-10,-29.282217724204433,4.3016257222916465e-11,-4.3016257222916465e-11,-1.46902320132067e-12,-29.28221772423727,7.58539897560695e-11,-7.58539897560695e-11,-2.590445521258476e-12
low_energy_small_angles,dop853_strict,DOP853,1e-09,1e-11,0.9311639549436797,-0.052927419206185,-0.07573290978163019,-0.05292741939047367,-0.0757329094766864,1.8428866765951568e-10,3.049437924396159e-10,3.049437924396159e-10,-0.1285632481557144,-1.9957333046687484,-0.1285632480356753,-1.995733304682071,1.2003911753488694e-10,1.3322676295501878e-11,1.2077617083774898e-10,1.8403059631744156e-10,-29.282217724195217,3.3800517940107966e-11,-3.3800517940107966e-11,-1.1543018448434798e-12,-29.28221772429133,1.2991208109269792e-10,-1.2991208109269792e-10,-4.436551982382965e-12
low_energy_small_angles,dop853_strict,DOP853,1e-09,1e-11,0.9361702127659575,-0.05373951507281689,-0.07690041483054977,-0.053739515337981505,-0.07690041438769793,2.65164612489599e-10,4.4285183853354226e-10,4.4285183853354226e-10,-0.1305382960091842,-1.9956009996932056,-0.130538295832423,-1.9956009997129844,1.7676121677467904e-10,1.977884522830209e-11,1.7786435976392291e-10,2.6478181452960214e-10,-29.282217724181315,1.9898749314961606e-11,-1.9898749314961606e-11,-6.795506236039868e-13,-29.282217724338498,1.7708146060613217e-10,-1.7708146060613217e-10,-6.047406049440657e-12
low_energy_small_angles,dop853_strict,DOP853,1e-09,1e-11,0.9411764705882353,-0.054544132241767976,-0.07805649323878702,-0.054544132570865954,-0.07805649268681646,3.290979780357084e-10,5.519705664758234e-10,5.519705664758234e-10,-0.13249434430414458,-1.9954679759584748,-0.13249434408246324,-1.9954679759835745,2.2168133995137396e-10,2.5099700096120614e-11,2.2309776204066195e-10,3.286085500930902e-10,-29.282217724167563,6.146194664324867e-12,-6.146194664324867e-12,-2.0989512209157244e-13,-29.282217724372963,2.1154633600417583e-10,-2.1154633600417583e-10,-7.224395979735653e-12
low_energy_small_angles,dop853_strict,DOP853,1e-09,1e-11,0.9461827284105132,-0.05534115878168423,-0.07920097351097084,-0.055341159139425763,-0.07920097290979618,3.577415308431142e-10,6.01174665604276e-10,6.01174665604276e-10,-0.13443111230623406,-1.9953343109094135,-0.1344311120641378,-1.9953343109371897,2.420962597060594e-10,2.777622576388694e-11,2.4368446335650986e-10,3.571938508861727e-10,-29.282217724162447,1.0302869668521453e-12,-1.0302869668521453e-12,-3.51847314488763e-14,-29.282217724389497,2.2808066546531336e-10,-2.2808066546531336e-10,-7.789050256160034e-12
low_energy_small_angles,dop853_strict,DOP853,1e-09,1e-11,0.951188986232791,-0.056130483579745295,-0.08033368622420799,-0.05613048393164587,-0.08033368563232314,3.5190057812162223e-10,5.918848466901494e-10,5.918848466901494e-10,-0.1363483223254126,-1.9952000823417573,-0.13634832208678294,-1.9952000823695124,2.386296715783942e-10,2.7755131526419063e-11,2.4023835556309716e-10,3.5134636866551716e-10,-29.282217724161484,6.750155989720952e-14,-6.750155989720952e-14,-2.3052065432022405e-15,-29.28221772438433,2.2291501977633743e-10,-2.2291501977633743e-10,-7.612641292274978e-12
low_energy_small_angles,dop853_strict,DOP853,1e-09,1e-11,0.9561952440550688,-0.0569119963743912,-0.08145446402297714,-0.056911996688713405,-0.08145446349438569,3.143222071511076e-10,5.285914483899035e-10,5.285914483899035e-10,-0.13824569974028453,-1.9950653683571762,-0.138245699527259,-1.9950653683823059,2.1302554165103516e-10,2.5129676117785493e-11,2.1450263871920484e-10,3.1381330173330113e-10,-29.282217724160773,6.430411758628907e-13,6.430411758628907e-13,2.1960125490505555e-14,-29.2822177243563,1.9488410885060148e-10,-1.9488410885060148e-10,-6.6553739435452055e-12
low_energy_small_angles,dop853_strict,DOP853,1e-09,1e-11,0.9612015018773468,-0.057685587773789924,-0.08256314163835676,-0.057685588021038424,-0.08256314122334366,2.47248499452013e-10,4.150131072133689e-10,4.150131072133689e-10,-0.14012297303224416,-1.9949302473171024,-0.14012297286548198,-1.9949302473370736,1.6676218739242188e-10,1.9971135856167166e-11,1.6795378355753322e-10,2.468372381492223e-10,-29.282217724161065,3.517186542012496e-13,3.517186542012496e-13,1.2011339356685359e-14,-29.282217724308204,1.467874710670003e-10,-1.467874710670003e-10,-5.0128536181835245e-12
low_energy_small_angles,dop853_strict,DOP853,1e-09,1e-11,0.9662077596996246,-0.05845114926244525,-0.08365955592667365,-0.05845114942480821,-0.08365955565564054,1.6236296335181422e-10,2.710331126198895e-10,2.710331126198895e-10,-0.14197987382693666,-1.9947947977955047,-0.14197987371893717,-1.9947947978086678,1.0799949823336874e-10,1.3163026224560781e-11,1.0879869888030781e-10,1.6208568515141408e-10,-29.28221772416205,6.323830348264892e-13,-6.323830348264892e-13,-2.159614550999994e-14,-29.282217724248387,8.697043085703626e-11,-8.697043085703626e-11,-2.9700766409258342e-12
low_energy_small_angles,dop853_strict,DOP853,1e-09,1e-11,0.9712140175219024,-0.05920857321654746,-0.08474354589275761,-0.05920857329910413,-0.08474354575710313,8.255666983369991e-11,1.356544737651788e-10,1.356544737651788e-10,-0.14381613692890785,-1.9946590985322827,-0.1438161368761522,-1.9946590985388797,5.2755660950865035e-11,6.59694521232268e-12,5.316652563876083e-11,8.241200083469735e-11,-29.282217724162926,1.5099033134902129e-12,-1.5099033134902129e-12,-5.156383057162907e-14,-29.282217724192588,3.1171509817795595e-11,-3.1171509817795595e-11,-1.064520116318761e-12
low_energy_small_angles,dop853_strict,DOP853,1e-09,1e-11,0.9762202753441802,-0.0599577529192233,-0.08581495271291566,-0.059957752963609334,-0.08581495264177222,4.4386036512911176e-11,7.114343836267523e-11,7.114343836267523e-11,-0.14563150035568476,-1.994523228386607,-0.1456315003291094,-1.9945232283900447,2.657535302930114e-11,3.4376945734493347e-12,2.6796774668088477e-11,4.4306280866379666e-11,-29.282217724162813,1.3962164757685969e-12,-1.3962164757685969e-12,-4.7681377446235816e-14,-29.28221772416601,4.593658786689048e-12,-4.593658786689048e-12,-1.568753715979209e-13
low_energy_small_angles,dop853_strict,DOP853,1e-09,1e-11,0.9812265331664581,-0.06069858257570779,-0.08687361975757944,-0.06069858261724923,-0.0868736196913344,4.154144389589831e-11,6.624503723351438e-11,6.624503723351438e-11,-0.14742570537126962,-1.9943872662902353,-0.14742570534673932,-1.994387266293463,2.4530294462365987e-11,3.227640377190255e-12,2.4741726067816132e-11,4.1464942590607734e-11,-29.282217724161022,3.943512183468556e-13,3.943512183468556e-13,1.3467259278707826e-14,-29.282217724163242,1.8260948309034575e-12,-1.8260948309034575e-12,-6.236190332662903e-14
low_energy_small_angles,dop853_strict,DOP853,1e-09,1e-11,0.986232790988736,-0.061430957328460295,-0.0879193926135789,-0.06143095736894648,-0.08791939254939347,4.0486183849886004e-11,6.418542086716883e-11,6.418542086716883e-11,-0.14919849651902828,-1.9942512912008385,-0.1491984964955006,-1.994251291203989,2.3527679804402624e-11,3.150368854676344e-12,2.3737660813547106e-11,4.04098143835796e-11,-29.28221772415724,4.177991286269389e-12,4.177991286269389e-12,1.4268015235820185e-13,-29.282217724159278,2.1387336346379016e-12,2.1387336346379016e-12,7.303864942146047e-14
low_energy_small_angles,dop853_strict,DOP853,1e-09,1e-11,0.9912390488110138,-0.062154773272247554,-0.08895211910599575,-0.06215477331912378,-0.08895211903066193,4.687622512378198e-11,7.5333822513457e-11,7.5333822513457e-11,-0.15094962165395617,-1.9941153820553605,-0.1509496216257059,-1.994115382059141,2.8250263239826268e-11,3.780531443453583e-12,2.850210152101807e-11,4.678570725280551e-11,-29.28221772415159,9.826806035562186e-12,9.826806035562186e-12,3.355895420261788e-13,-29.282217724157825,3.5917935292673064e-12,3.5917935292673064e-12,1.2266125343039292e-13
low_energy_small_angles,dop853_strict,DOP853,1e-09,1e-11,0.9962453066332917,-0.06286992746921581,-0.08997164931954985,-0.0628699275299557,-0.08997164921965181,6.073988534360808e-11,9.989803428922528e-11,9.989803428922528e-11,-0.152678831974303,-1.9939796177234452,-0.15267883193542886,-1.993979617728605,3.887412614034247e-11,5.1598725292478775e-12,3.9215073220553145e-11,6.061988411243391e-11,-29.28221772414462,1.679723027336877e-11,1.679723027336877e-11,5.736324492768522e-13,-29.282217724159594,1.822542117224657e-12,1.822542117224657e-12,6.22405766664605e-14
low_energy_small_angles,dop853_strict,DOP853,1e-09,1e-11,1.0012515644555695,-0.06357631796397481,-0.09097783561947177,-0.06357631804244085,-0.09097783548795862,7.846603922168072e-11,1.3151314759429766e-10,1.3151314759429766e-10,-0.1543858820525396,-1.993844076960963,-0.15438588199987788,-1.993844076967926,5.266173608298175e-11,6.962874721239132e-12,5.3120053385301606e-11,7.830751325155205e-11,-29.282217724137258,2.4158453015843406e-11,2.4158453015843406e-11,8.250212891460651e-13,-29.282217724163427,2.0108359422010835e-12,-2.0108359422010835e-12,-6.867088965539306e-14
low_energy_small_angles,dop853_strict,DOP853,1e-09,1e-11,1.0062578222778473,-0.06427384379871605,-0.09197053267181521,-0.06427384389323672,-0.09197053251148088,9.452066906945333e-11,1.603343291467496e-10,1.603343291467496e-10,-0.15607052986565007,-1.9937088383636605,-0.15607052980031888,-1.9937088383723145,6.53311849063698e-11,8.65396643234817e-12,6.590185776047963e-11,9.432550573951204e-11,-29.282217724130657,3.075939503105474e-11,3.075939503105474e-11,1.0504462237392104e-12,-29.2822177241672,5.7838178690872155e-12,-5.7838178690872155e-12,-1.9751980275438145e-13
low_energy_small_angles,dop853_strict,DOP853,1e-09,1e-11,1.0112640801001251,-0.0649624050283878,-0.09294959746316199,-0.06496240513127471,-0.0929495972875343,1.0288690732718209e-10,1.7562769294432456e-10,1.7562769294432456e-10,-0.15773253682473073,-1.993573980320971,-0.15773253675253107,-1.993573980330593,7.219966291494018e-11,9.621858865216382e-12,7.283798111598873e-11,1.0266988648144348e-10,-29.28221772412606,3.5356606531422585e-11,3.5356606531422585e-11,1.2074429219972999e-12,-29.282217724168543,7.126743639673805e-12,-7.126743639673805e-12,-2.433812802980892e-13
low_energy_small_angles,dop853_strict,DOP853,1e-09,1e-11,1.016270337922403,-0.06564190273594933,-0.09391488931967341,-0.06564190283417987,-0.09391488915181026,9.823053481738953e-11,1.6786315393257922e-10,1.6786315393257922e-10,-0.15937166780388085,-1.993439580970012,-0.1593716677347764,-1.9934395809793104,6.910444438901209e-11,9.298339875840611e-12,6.972720673281493e-11,9.80189818200472e-11,-29.2822177241246,3.681677185340959e-11,3.681677185340959e-11,1.2573081793265694e-12,-29.282217724165385,3.9683811792201595e-12,-3.9683811792201595e-12,-1.3552187940825804e-13
low_energy_small_angles,dop853_strict,DOP853,1e-09,1e-11,1.0212765957446808,-0.06631223904772676,-0.09486626992544114,-0.066312239124519,-0.09486626979512669,7.679223923418022e-11,1.303144536723977e-10,1.303144536723977e-10,-0.16098769116836759,-1.9933057181497997,-0.16098769111526257,-1.993305718157055,5.3105020381138957e-11,7.255307465925398e-12,5.3598345833675656e-11,7.662347145664938e-11,-29.282217724127147,3.426947614570963e-11,3.426947614570963e-11,1.170316963985727e-12,-29.282217724156332,5.083933274363517e-12,5.083933274363517e-12,1.7361845070117927e-13
low_energy_small_angles,dop853_strict,DOP853,1e-09,1e-11,1.0262828535669588,-0.06697331714889339,-0.09580360334009078,-0.06697331718590191,-0.09580360327992064,3.7008521247550163e-11,6.017013276515826e-11,6.017013276515826e-11,-0.16258037880204912,-1.9931724693557133,-0.1625803787790805,-1.9931724693589923,2.2968627000352626e-11,3.2789326809279373e-12,2.32014918875357e-11,3.692555983203505e-11,-29.282217724134135,2.7281288339509047e-11,2.7281288339509047e-11,9.316674234342109e-13,-29.28221772414086,2.0556001345539698e-11,2.0556001345539698e-11,7.019960557351665e-13
low_energy_small_angles,dop853_strict,DOP853,1e-09,1e-11,1.0312891113892366,-0.06762504129909631,-0.09672675601559147,-0.06762504127895938,-0.09672675605643098,2.0136933787107125e-11,4.083951232747296e-11,4.083951232747296e-11,-0.16414950613403922,-1.9930399116942374,-0.16414950615459692,-1.9930399116916542,2.0557694435652252e-11,2.5832669336978142e-12,2.071936457906912e-11,2.0557694435652252e-11,-29.28221772414543,1.5987211554602254e-11,1.5987211554602254e-11,5.459699707584254e-13,-29.282217724119423,4.199307568342192e-11,4.199307568342192e-11,1.4340811231921307e-12
low_energy_small_angles,dop853_strict,DOP853,1e-09,1e-11,1.0362953692115144,-0.0682673168482527,-0.09763559681222528,-0.06826731675722254,-0.09763559697852056,9.103015563560746e-11,1.6629528309941577e-10,1.6629528309941577e-10,-0.16569485216459812,-1.9929081218380142,-0.1656948522392833,-1.9929081218280131,7.468517471131975e-11,1.0001111050428335e-11,7.535182508674461e-11,9.081813079347967e-11,-29.282217724160272,1.1439738045737613e-12,1.1439738045737613e-12,3.9067184574269553e-14,-29.282217724093403,6.801315066695679e-11,6.801315066695679e-11,2.32267758226651e-12
low_energy_small_angles,dop853_strict,DOP853,1e-09,1e-11,1.0413016270337923,-0.06890005025253731,-0.09852999701366885,-0.06890005008292735,-0.09852999731908602,1.6960996496173664e-10,3.0541716378174044e-10,3.0541716378174044e-10,-0.16721619949023298,-1.992777175981232,-0.16721619962496131,-1.9927771759628647,1.347283395958243e-10,1.8367307674793665e-11,1.359745692453861e-10,1.6920753687088563e-10,-29.28221772417725,1.5834444866413833e-11,-1.5834444866413833e-11,-5.407529243711782e-13,-29.282217724065017,9.639933296057279e-11,9.639933296057279e-11,3.2920775970131365e-12
low_energy_small_angles,dop853_strict,DOP853,1e-09,1e-11,1.04630788485607,-0.06952314909058445,-0.09940983034114131,-0.06952314884276874,-0.09940983078500444,2.47815712395294e-10,4.438631268088855e-10,4.438631268088855e-10,-0.1687133343279923,-1.9926471497953857,-0.16871333452244697,-1.992647149768549,1.9445467458467647e-10,2.6836755040449134e-11,1.9629781427446789e-10,2.472170523848405e-10,-29.28221772419438,3.296207751191105e-11,-3.296207751191105e-11,-1.1256687530437046e-12,-29.28221772403707,1.2434497875801753e-10,1.2434497875801753e-10,4.246433105898864e-12
low_energy_small_angles,dop853_strict,DOP853,1e-09,1e-11,1.0513141426783479,-0.07013652207992638,-0.10027497296657142,-0.07013652176362822,-0.10027497353156566,3.1629815433475983e-10,5.649942319552181e-10,5.649942319552181e-10,-0.17018604653893865,-1.9925181183854335,-0.17018604678557425,-1.9925181183510394,2.466356008312687e-10,3.4394043169072575e-11,2.4902222752781915e-10,3.1552051249494895e-10,-29.282217724209275,4.785860596712155e-11,-4.785860596712155e-11,-1.6343914391303886e-12,-29.28221772401274,1.4867751474412216e-10,1.4867751474412216e-10,5.077399401393188e-12
low_energy_small_angles,dop853_strict,DOP853,1e-09,1e-11,1.0563204005006257,-0.07074007909369098,-0.10112530352473738,-0.07074007872829954,-0.10112530417633887,3.65391439327567e-10,6.516014949831117e-10,6.516014949831117e-10,-0.1716341296507846,-1.992390156246381,-0.1716341299345796,-1.9923901562064263,2.837950152656532e-10,3.9954706210210134e-11,2.8659377041027345e-10,3.6447758700042243e-10,-29.282217724219432,5.801581437481218e-11,-5.801581437481218e-11,-1.9812643605522414e-12,-29.28221772399524,1.6617462961221463e-10,1.6617462961221463e-10,5.674933202723242e-12
low_energy_small_angles,dop853_strict,DOP853,1e-09,1e-11,1.0613266583229037,-0.07133373117758103,-0.10196070312433256,-0.0713337307912361,-0.1019607038124225,3.8634492827149813e-10,6.88089946132564e-10,6.88089946132564e-10,-0.17305738087967532,-1.9922633372203244,-0.1730573811788293,-1.992263337177824,2.991539793661957e-10,4.250044760567562e-11,3.021578915357218e-10,3.8536238089470487e-10,-29.282217724222654,6.123812568148423e-11,-6.123812568148423e-11,-2.0913076413251063e-12,-29.282217723987547,1.7386980744049652e-10,1.7386980744049652e-10,5.937726748648298e-12
low_energy_small_angles,dop853_strict,DOP853,1e-09,1e-11,1.0663329161451816,-0.07191739056715736,-0.10278105535791032,-0.0719173901943446,-0.10278105602102589,3.728127667690373e-10,6.63115562460348e-10,6.63115562460348e-10,-0.1744556011511034,-1.9921377344539772,-0.1744556014388704,-1.9921377344127298,2.877670046697034e-10,4.1247449900083666e-11,2.9070810291395907e-10,3.7184906542808704e-10,-29.282217724217606,5.618971954390872e-11,-5.618971954390872e-11,-1.9189024572256125e-12,-29.282217723992026,1.6938983549152908e-10,1.6938983549152908e-10,5.78473383017577e-12
low_energy_small_angles,dop853_strict,DOP853,1e-09,1e-11,1.0713391739674594,-0.07249097070544902,-0.10358624631066171,-0.07249097038284905,-0.10358624688333223,3.2259997451156153e-10,5.726705221142936e-10,5.726705221142936e-10,-0.17582859511994037,-1.9920134203567117,-0.1758285953677885,-1.9920134203208621,2.4784813090761304e-10,3.5849545554356155e-11,2.504274064691226e-10,3.2175272168810665e-10,-29.28221772420453,4.311218049224408e-11,-4.311218049224408e-11,-1.4722990211452205e-12,-29.282217724010227,1.5118928331503412e-10,1.5118928331503412e-10,5.163177350132344e-12
low_energy_small_angles,dop853_strict,DOP853,1e-09,1e-11,1.0763454317897372,-0.0730543862609121,-0.10437616456797859,-0.07305438602124925,-0.10437616499159069,2.396628451251104e-10,4.2361210372821034e-10,4.2361210372821034e-10,-0.17717617118956902,-1.9918904665591457,-0.17717617137185213,-1.9918904665325035,1.8228310527668157e-10,2.6642243966534807e-11,1.8421981335589865e-10,2.3902360646310683e-10,-29.282217724186133,2.4716229063415085e-11,-2.4716229063415085e-11,-8.440695747925256e-13,-29.28221772404255,1.1886669426530716e-10,1.1886669426530716e-10,4.059347395918977e-12
low_energy_small_angles,dop853_strict,DOP853,1e-09,1e-11,1.081351689612015,-0.07360755314576031,-0.10515070122175613,-0.07360755300939778,-0.10515070145938718,1.363625323769213e-10,2.376310537233195e-10,2.376310537233195e-10,-0.1784981415301018,-1.9917689438722954,-0.17849814163042704,-1.9917689438573827,1.0032524810910104e-10,1.4912737711370028e-11,1.0142753646915022e-10,1.359932860767188e-10,-29.282217724168657,7.240430477395421e-12,-7.240430477395421e-12,-2.472637334234824e-13,-29.282217724088138,7.327827233893913e-11,7.327827233893913e-11,2.502483692636285e-12
low_energy_small_angles,dop853_strict,DOP853,1e-09,1e-11,1.0863579474342928,-0.07415038853361595,-0.10590974987728859,-0.07415038849871987,-0.1059097499310424,3.489608602080807e-11,5.375380696115428e-11,5.375380696115428e-11,-0.17979432209648943,-1.9916489222472098,-0.17979432211514187,-1.9916489222441127,1.865244070309302e-11,3.0970781494943367e-12,1.8907814184788165e-11,3.480019050705607e-11,-29.282217724162525,1.1084466677857563e-12,-1.1084466677857563e-12,-3.785391797258416e-14,-29.282217724144726,1.6690648863004753e-11,1.6690648863004753e-11,5.699926494717961e-13
low_energy_small_angles,dop853_strict,DOP853,1e-09,1e-11,1.0913642052565709,-0.07468281084010117,-0.1066532067246896,-0.07468281090860038,-0.10665320659008595,6.849920630713768e-11,1.346036476723711e-10,1.346036476723711e-10,-0.18106453267381742,-1.991530470731004,-0.18106453260828687,-1.991530470740222,6.553055320601686e-11,9.21795972885775e-12,6.617570691008484e-11,6.830827570247777e-11,-29.28221772416184,4.227729277772596e-13,-4.227729277772596e-13,-1.443787256005614e-14,-29.282217724208692,4.7275960923798266e-11,-4.7275960923798266e-11,-1.6144938668627482e-12
low_energy_small_angles,dop853_strict,DOP853,1e-09,1e-11,1.0963704630788487,-0.0752047397670728,-0.1073809704969186,-0.07520473994296156,-0.10738097016675516,1.7588876188856517e-10,3.3016343825575944e-10,3.3016343825575944e-10,-0.18230859687329737,-1.9914136574306278,-0.1823085967204272,-1.9914136574527976,1.528701609743166e-10,2.2169821534134826e-11,1.544693727027104e-10,1.7539160401813803e-10,-29.282217724161413,3.552713678800501e-15,3.552713678800501e-15,1.2132666016853897e-16,-29.282217724275146,1.1372947028576164e-10,-1.1372947028576164e-10,-3.88390904531527e-12
low_energy_small_angles,dop853_strict,DOP853,1e-09,1e-11,1.1013767209011265,-0.07571609632979184,-0.10809294245907539,-0.07571609660705655,-0.10809294194446792,2.7726471119038365e-10,5.146074677497836e-10,5.146074677497836e-10,-0.1835263421423478,-1.9912985494752293,-0.18352634190721406,-1.9912985495097733,2.351337458073033e-10,3.454392327739697e-11,2.3765765515288627e-10,2.7647031886068874e-10,-29.28221772416173,3.126388037344441e-13,-3.126388037344441e-13,-1.067674609483143e-14,-29.28221772433821,1.7679369079814933e-10,-1.7679369079814933e-10,-6.037578589967005e-12
low_energy_small_angles,dop853_strict,DOP853,1e-09,1e-11,1.1063829787234043,-0.0762168028622825,-0.10878902643445038,-0.07621680322450197,-0.10878902576521782,3.622194766350617e-10,6.692325582591252e-10,6.692325582591252e-10,-0.18471759978948216,-1.9911852129767982,-0.1847175994853738,-1.9911852130218795,3.0410834961358546e-10,4.5081272048719256e-11,3.074316336915077e-10,3.611679150195002e-10,-29.282217724162468,1.0516032489249483e-12,-1.0516032489249483e-12,-3.5912691409887535e-14,-29.282217724391444,2.3002755256129603e-10,-2.3002755256129603e-10,-7.855537265932394e-12
low_energy_small_angles,dop853_strict,DOP853,1e-09,1e-11,1.1113892365456821,-0.07670678303400716,-0.10946912880972014,-0.07670678345457434,-0.10946912803384054,4.2056717830529777e-10,7.758795966816834e-10,7.758795966816834e-10,-0.18588220499976268,-1.991073712992756,-0.18588220464785782,-1.9910737130452927,3.5190486635805485e-10,5.253664170368211e-11,3.558049095894849e-10,4.193305008781678e-10,-29.28221772416298,1.5631940186722204e-12,-1.5631940186722204e-12,-5.3383730474157146e-14,-29.282217724428452,2.6703617095336085e-10,-2.6703617095336085e-10,-9.119397084908063e-12
low_energy_small_angles,dop853_strict,DOP853,1e-09,1e-11,1.11639549436796,-0.07718596186639906,-0.11013315853979372,-0.0771859623097942,-0.1101331577211006,4.433951400484304e-10,8.186931133025155e-10,8.186931133025155e-10,-0.1870199968497929,-1.9909641134892038,-0.18701999647813483,-1.990964113544997,3.716580654344881e-10,5.579314787951262e-11,3.758225551411349e-10,4.4207498772763643e-10,-29.2822177241626,1.1830536550405668e-12,-1.1830536550405668e-12,-4.040177783612348e-14,-29.28221772444364,2.82224021930233e-10,-2.82224021930233e-10,-9.638068557128568e-12
low_energy_small_angles,dop853_strict,DOP853,1e-09,1e-11,1.1214017521902377,-0.0776542657492553,-0.11078102715229217,-0.07765426617382223,-0.11078102636554688,4.245669371627514e-10,7.867452939125386e-10,7.867452939125386e-10,-0.18813081832224254,-1.9908564773048496,-0.18813081796360742,-1.9908564773588915,3.586351216000594e-10,5.4041882080468895e-11,3.6268398843054636e-10,4.2328747451580995e-10,-29.28221772416087,5.471179065352771e-13,5.471179065352771e-13,1.8684305665955004e-14,-29.282217724433266,2.7185009798813553e-10,-2.7185009798813553e-10,-9.283794709436433e-12
low_energy_small_angles,dop853_strict,DOP853,1e-09,1e-11,1.1264080100125158,-0.07811162245699295,-0.11141264875164336,-0.07811162281969153,-0.11141264807408595,3.626985795035509e-10,6.77557412953611e-10,6.77557412953611e-10,-0.18921451631989783,-1.9907508661156341,-0.18921451600813388,-1.9907508661626645,3.1176394799103946e-10,4.703037959075118e-11,3.152913190549491e-10,3.6159264471535835e-10,-29.28221772415766,3.7552183584921295e-12,3.7552183584921295e-12,1.282422797981457e-13,-29.28221772439658,2.3516477654084156e-10,-2.3516477654084156e-10,-8.030975616536101e-12
low_energy_small_angles,dop853_strict,DOP853,1e-09,1e-11,1.1314142678347936,-0.07855796116477111,-0.11202794002277439,-0.07855796142839995,-0.11202793952122195,2.63628840979635e-10,5.015524384699432e-10,5.015524384699432e-10,-0.19027094167923025,-1.9906473404000722,-0.19027094144363763,-1.9906473404354537,2.355926287389565e-10,3.538147552717419e-11,2.382346228544705e-10,2.628157830253386e-10,-29.28221772415319,8.22808488010196e-12,8.22808488010196e-12,2.8099254495033626e-13,-29.282217724337325,1.75909065092128e-10,-1.75909065092128e-10,-6.007368251585039e-12
low_energy_small_angles,dop853_strict,DOP853,1e-09,1e-11,1.1364205256570714,-0.07899321246448165,-0.11262682023438418,-0.07899321260788729,-0.11262681994691198,1.4340563458947742e-10,2.87472198823302e-10,2.87472198823302e-10,-0.19129994918347767,-1.990545959405334,-0.19129994904078526,-1.9905459594263264,1.426924134406704e-10,2.0992318994217385e-11,1.4422829926986657e-10,1.429584367551584e-10,-29.282217724148012,1.340438871011429e-11,1.340438871011429e-11,4.577654888158975e-13,-29.282217724265394,1.0397727123745426e-10,-1.0397727123745426e-10,-3.55086736315263e-12
low_energy_small_angles,dop853_strict,DOP853,1e-09,1e-11,1.1414267834793492,-0.07941730838061131,-0.11320921124177795,-0.07941730841242069,-0.1132092111529855,3.180937457880617e-11,8.879244561832422e-11,8.879244561832422e-11,-0.19230139757522952,-1.990446781114082,-0.19230139751871456,-1.9904467811215891,5.651495937897266e-11,7.507106047910383e-12,5.7011378467999726e-11,5.651495937897266e-11,-29.28221772414295,1.8467005702405004e-11,1.8467005702405004e-11,6.306559795560656e-13,-29.282217724198784,3.736744247362367e-11,-3.736744247362367e-11,-1.2761138116526929e-12
low_energy_small_angles,dop853_strict,DOP853,1e-09,1e-11,1.146433041301627,-0.07983018238597792,-0.11377503748924632,-0.07983018236241304,-0.11377503749807681,2.3564872275727566e-11,8.83049189326357e-12,2.3564872275727566e-11,-0.19327514956851027,-1.9903498622120828,-0.19327514955379388,-1.9903498622129594,1.471639476946507e-11,8.766321002440236e-13,1.4742481434613276e-11,2.3489821199262906e-11,-29.282217724138942,2.247446673209197e-11,2.247446673209197e-11,7.675124522261775e-13,-29.282217724165786,4.369837824924616e-12,-4.369837824924616e-12,-1.4923179200730295e-13
low_energy_small_angles,dop853_strict,DOP853,1e-09,1e-11,1.1514392991239049,-0.08023176941734357,-0.11432422601197109,-0.08023176939314174,-0.11432422602188512,2.4201834980530634e-11,9.9140279319343e-12,2.4201834980530634e-11,-0.19422107186035334,-1.9902552580566106,-0.19422107184607867,-1.9902552580574193,1.4274664783542335e-11,8.08686451136964e-13,1.4297553233289822e-11,2.4123994468716603e-11,-29.282217724136917,2.4499513529008254e-11,2.4499513529008254e-11,8.366686485222448e-13,-29.28221772416385,2.433608869978343e-12,-2.433608869978343e-12,-8.31087622154492e-14
low_energy_small_angles,dop853_strict,DOP853,1e-09,1e-11,1.1564455569461827,-0.08062200589090761,-0.11485670643744009,-0.08062200586442574,-0.1148567064533902,2.6481872250627703e-11,1.5950116227791966e-11,2.6481872250627703e-11,-0.19513903514185796,-1.9901630226456652,-0.19513903513130712,-1.9901630226459701,1.0550837981071481e-11,3.04867242562068e-13,1.0555241642824097e-11,2.639585772179487e-11,-29.282217724137645,2.3771207224854152e-11,2.3771207224854152e-11,8.117966831876943e-13,-29.282217724161193,2.2382096176443156e-13,2.2382096176443156e-13,7.643579590617956e-15
low_energy_small_angles,dop853_strict,DOP853,1e-09,1e-11,1.1614518147684607,-0.08100082971768174,-0.11537241098635316,-0.08100082968672467,-0.1153724110122739,3.0957070240589246e-11,2.5920737778406533e-11,3.0957070240589246e-11,-0.19602891410872214,-1.9900732085880155,-0.196028914103615,-1.9900732085875363,5.107136935578183e-12,4.791722574282176e-13,5.12956662214614e-12,3.085556810056289e-11,-29.282217724141596,1.9820589614027995e-11,1.9820589614027995e-11,6.768814370802789e-13,-29.282217724160493,9.237055564881302e-13,9.237055564881302e-13,3.154493164382013e-14
low_energy_small_angles,dop853_strict,DOP853,1e-09,1e-11,1.1664580725907385,-0.08136818031875061,-0.11587127447300177,-0.08136818028087868,-0.11587127451288937,3.787192781601334e-11,3.988759322837154e-11,3.988759322837154e-11,-0.19689058747124366,-1.9899858670740869,-0.19689058747311716,-1.9899858670725534,1.8735013540549517e-12,1.5334400416122662e-12,2.4210422724243305e-12,3.774662526989658e-11,-29.28221772414882,1.2597922705026576e-11,1.2597922705026576e-11,4.302243369576392e-13,-29.282217724162173,7.567280135845067e-13,-7.567280135845067e-13,-2.58425786158988e-14
low_energy_small_angles,dop853_strict,DOP853,1e-09,1e-11,1.1714643304130163,-0.08172399864042021,-0.1163532343051045,-0.08172399859326754,-0.11635323436333676,4.715267065691364e-11,5.823226623125066e-11,5.823226623125066e-11,-0.1977239379637814,-1.9899010478477146,-0.19772393797462465,-1.9899010478448034,1.0843242970182132e-11,2.9112268151720855e-12,1.1227250762309589e-11,4.6995296543173026e-11,-29.282217724158844,2.5721647034515627e-12,2.5721647034515627e-12,8.784050196202222e-14,-29.282217724165186,3.7694292132073315e-12,-3.7694292132073315e-12,-1.2872758643881986e-13
low_energy_small_angles,dop853_strict,DOP853,1e-09,1e-11,1.1764705882352942,-0.08206822716925694,-0.1168182304830804,-0.08206822711094881,-0.11681823056397606,5.830812221940818e-11,8.089565128877041e-11,8.089565128877041e-11,-0.1985288523536694,-1.9898187991787708,-0.19852885237590184,-1.989818799174122,2.2232438112723685e-11,4.6487258487104555e-12,2.271325508271673e-11,5.811187642201787e-11,-29.282217724170692,9.276135415348108e-12,-9.276135415348108e-12,-3.1678390970005525e-13,-29.282217724167808,6.391331908162101e-12,-6.391331908162101e-12,-2.1826666164320162e-13
low_energy_small_angles,dop853_strict,DOP853,1e-09,1e-11,1.181476846057572,-0.08240080994702019,-0.11726620559874293,-0.08240080987661091,-0.11726620570566308,7.040927563206623e-11,1.0692015328661597e-10,1.0692015328661597e-10,-0.19930522144957502,-1.9897391678366858,-0.1993052214855905,-1.9897391678299716,3.6015468385386384e-11,6.714184763723097e-12,3.6635969211420865e-11,7.01703695149547e-11,-29.282217724182892,2.1476154188349028e-11,-2.1476154188349028e-11,-7.334196607188181e-13,-29.282217724168188,6.771472271793755e-12,-6.771472271793755e-12,-2.312486142812353e-13
low_energy_small_angles,dop853_strict,DOP853,1e-09,1e-11,1.1864831038798498,-0.08272169258549117,-0.11769710483339631,-0.08272169250333417,-0.11769710496770251,8.215700342262267e-11,1.343062050462862e-10,1.343062050462862e-10,-0.20005294010929353,-1.989662199064878,-0.2000529401607945,-1.9896621990558951,5.150097015516053e-11,8.982814492242142e-12,5.227849350473645e-11,8.187606148624127e-11,-29.28221772419364,3.2223113066720543e-11,-3.2223113066720543e-11,-1.1004328077286485e-12,-29.28221772416483,3.4141578453272814e-12,-3.4141578453272814e-12,-1.1659492042196595e-13
low_energy_small_angles,dop853_strict,DOP853,1e-09,1e-11,1.1914893617021276,-0.08303082228120048,-0.11811087595531691,-0.083030822189154,-0.11811087611551141,9.204648154792494e-11,1.6019449655679807e-10,1.6019449655679807e-10,-0.20077190724697014,-1.9895879365561036,-0.20077190731431918,-1.9895879365448605,6.734904300920164e-11,1.1243006525774035e-11,6.828102803849609e-11,9.172937409651638e-11,-29.282217724200983,3.956657224080118e-11,-3.956657224080118e-11,-1.3512150142970185e-12,-29.282217724156805,4.61142235508305e-12,4.61142235508305e-12,1.5748200489876359e-13
low_energy_small_angles,dop853_strict,DOP853,1e-09,1e-11,1.1964956195244056,-0.08332814783005774,-0.11850746931660175,-0.08332814773141939,-0.11850746949798752,9.863834748990996e-11,1.8138576751702828e-10,1.8138576751702828e-10,-0.20146202583974113,-1.9895164224287463,-0.2014620259215586,-1.9895164224155109,8.181746946611668e-11,1.3235412765766341e-11,8.288108626773146e-11,9.829609348699364e-11,-29.28221772420321,4.179412371740909e-11,-4.179412371740909e-11,-1.4272868302226924e-12,-29.282217724143944,1.7472245872340864e-11,1.7472245872340864e-11,5.966845147088747e-13
low_energy_small_angles,dop853_strict,DOP853,1e-09,1e-11,1.2015018773466835,-0.08361361964188535,-0.11888683784936627,-0.08361361954094025,-0.11888683804457569,1.0094509950153707e-10,1.9520941807460446e-10,1.9520941807460446e-10,-0.2021232029337851,-1.9894476972040538,-0.20212320302702413,-1.9894476971893313,9.323902760982605e-11,1.4722445484949276e-11,9.439420888318949e-11,1.005924510355527e-10,-29.282217724199306,3.788969138440734e-11,-3.788969138440734e-11,-1.2939488306974683e-12,-29.282217724126888,3.452882424426207e-11,3.452882424426207e-11,1.1791738101780304e-12
low_energy_small_angles,dop853_strict,DOP853,1e-09,1e-11,1.2065081351689613,-0.08388718975485977,-0.1192489370612741,-0.08388718965591759,-0.1192489372620267,9.894218777617425e-11,2.0075260898089198e-10,2.0075260898089198e-10,-0.20275534964977526,-1.9893817997843364,-0.20275534975050793,-1.9893817997687437,1.0073267220356286e-10,1.5592638291650474e-11,1.0193233843174937e-10,1.0073267220356286e-10,-29.282217724189547,2.8130386908742366e-11,-2.8130386908742366e-11,-9.606644952144916e-13,-29.28221772410699,5.4427573559223674e-11,5.4427573559223674e-11,1.858724433782017e-12
low_energy_small_angles,dop853_strict,DOP853,1e-09,1e-11,1.211514392991239,-0.08414881184986257,-0.11959372503038054,-0.08414881175564946,-0.11959372523084212,9.421310953605655e-11,2.004615778927743e-10,2.004615778927743e-10,-0.20335838118772342,-1.9893187674321413,-0.2033583812928734,-1.989318767416143,1.051499720627902e-10,1.5998313784848506e-11,1.0636006143644348e-10,1.051499720627902e-10,-29.282217724176277,1.4861001318422495e-11,-1.4861001318422495e-11,-5.075094194849985e-13,-29.28221772408622,7.51967377254914e-11,7.51967377254914e-11,2.568000089127296e-12
low_energy_small_angles,dop853_strict,DOP853,1e-09,1e-11,1.216520650813517,-0.08439844126474434,-0.11992116239927238,-0.08439844117400684,-0.11992116260139878,9.073750084631627e-11,2.0212639895156315e-10,2.0212639895156315e-10,-0.20393221683120594,-1.9892586357504136,-0.20393221694146615,-1.9892586357338815,1.1026021762283733e-10,1.653210901508828e-11,1.1149271823182988e-10,1.1026021762283733e-10,-29.282217724164838,3.4212632726848824e-12,-3.4212632726848824e-12,-1.1683757374230303e-13,-29.282217724066957,9.445955129194772e-11,9.445955129194772e-11,3.2258332405611144e-12
low_energy_small_angles,dop853_strict,DOP853,1e-09,1e-11,1.2215269086357947,-0.08463603500680393,-0.1202312123725434,-0.08463603491267258,-0.12023121258974714,9.413135548808071e-11,2.1720374110412166e-10,2.1720374110412166e-10,-0.20447677995329644,-1.9892014386633101,-0.20447678007513775,-1.9892014386452157,1.2184131481518534e-10,1.80944148553408e-11,1.2317757038052944e-10,1.2184131481518534e-10,-29.2822177241625,1.0835776720341528e-12,-1.0835776720341528e-12,-3.700463135140439e-14,-29.282217724051737,1.0967937669192906e-10,1.0967937669192906e-10,3.745596652723135e-12
low_energy_small_angles,dop853_strict,DOP853,1e-09,1e-11,1.2265331664580725,-0.08486155175271333,-0.12052384074275115,-0.08486155165413715,-0.12052384097307718,9.857617500053095e-11,2.303260360214665e-10,2.303260360214665e-10,-0.2049919980384402,-1.989147208395559,-0.20499199816887398,-1.9891472083762218,1.3043377489196928e-10,1.93371985091062e-11,1.3185938297576512e-10,1.3043377489196928e-10,-29.282217724162315,8.988365607365267e-13,-8.988365607365267e-13,-3.069564502264036e-14,-29.282217724043015,1.184012887733843e-10,1.184012887733843e-10,4.043453603436898e-12
low_energy_small_angles,dop853_strict,DOP853,1e-09,1e-11,1.2315394242803506,-0.08507495187620852,-0.1207990158497223,-0.08507495177444496,-0.12079901608484543,1.0176355591529074e-10,2.351231292996303e-10,2.351231292996303e-10,-0.2054778026660064,-1.9890959754583797,-0.20547780279802058,-1.9890959754386932,1.320141773675232e-10,1.9686474672653276e-11,1.3347396866453358e-10,1.320141773675232e-10,-29.282217724162333,9.166001291305292e-13,-9.166001291305292e-13,-3.130227832348306e-14,-29.28221772404288,1.1853629189317871e-10,1.1853629189317871e-10,4.048064016523303e-12
low_energy_small_angles,dop853_strict,DOP853,1e-09,1e-11,1.2365456821026284,-0.08527619745919712,-0.1210567085794099,-0.08527619735568426,-0.12105670880955728,1.0351286494625356e-10,2.301473872590165e-10,2.301473872590165e-10,-0.20593412951677115,-1.9890477686330001,-0.2059341296420975,-1.9890477686140238,1.2532636040063494e-10,1.8976376026103026e-11,1.267548794262134e-10,1.2532636040063494e-10,-29.282217724162532,1.1155520951433573e-12,-1.1155520951433573e-12,-3.809657129292124e-14,-29.282217724052806,1.0861000987461011e-10,1.0861000987461011e-10,3.709077328012405e-12
low_energy_small_angles,dop853_strict,DOP853,1e-09,1e-11,1.2415519399249062,-0.085465252302083,-0.12129689236245109,-0.08546525219821476,-0.12129689257719833,1.0386824733643607e-10,2.1474724776204823e-10,2.1474724776204823e-10,-0.20636091837851317,-1.9890026149552087,-0.20636091848819343,-1.9890026149380908,1.0968026487034876e-10,1.7117862682880514e-11,1.1100802549752795e-10,1.0968026487034876e-10,-29.282217724162667,1.2505552149377763e-12,-1.2505552149377763e-12,-4.270698437932572e-14,-29.282217724073423,8.799361239653081e-11,8.799361239653081e-11,3.0050187190543733e-12
low_energy_small_angles,dop853_strict,DOP853,1e-09,1e-11,1.246558197747184,-0.08564208193564156,-0.12151954316806209,-0.08564208183262627,-0.12151954335730844,1.0301529074219218e-10,1.892463546981915e-10,1.892463546981915e-10,-0.20675811314871909,-1.9889605397012677,-0.20675811323393212,-1.988960539687139,8.521303107578149e-11,1.4128698211379742e-11,8.637639016693362e-11,1.0263773164709278e-10,-29.282217724162482,1.0658141036401503e-12,-1.0658141036401503e-12,-3.6397998050561695e-14,-29.282217724104353,5.7063687108893646e-11,5.7063687108893646e-11,1.948748815627073e-12
low_energy_small_angles,dop853_strict,DOP853,1e-09,1e-11,1.2515644555694618,-0.085806653632647,-0.1217246394976431,-0.08580665353142188,-0.1217246396526924,1.0122512550392315e-10,1.5504929284926305e-10,1.5504929284926305e-10,-0.20712566183695175,-1.9889215663748308,-0.2071256618900011,-1.988921566364679,5.3049342696454005e-11,1.0151657292567506e-11,5.4011932999213765e-11,1.0085271506810045e-10,-29.282217724161832,4.156675004196586e-13,-4.156675004196586e-13,-1.419521923971906e-14,-29.2822177241441,1.731592647047364e-11,1.731592647047364e-11,5.91346141661459e-13
low_energy_small_angles,dop853_strict,DOP853,1e-09,1e-11,1.2565707133917396,-0.08595893641923849,-0.12191216237810147,-0.08595893632041936,-0.12191216249276118,9.881913343168236e-11,1.1465971228030725e-10,1.1465971228030725e-10,-0.20746351656687956,-1.9888857166948637,-0.20746351658223397,-1.988885716689404,1.535441218614153e-11,5.45963274589667e-12,1.629618247633472e-11,9.845427251242711e-11,-29.282217724160727,6.892264536872972e-13,6.892264536872972e-13,2.353737207269656e-14,-29.28221772419002,2.8602897828022833e-11,-2.8602897828022833e-11,-9.768009410169074e-13
low_energy_small_angles,dop853_strict,DOP853,1e-09,1e-11,1.2615769712140175,-0.08609890108601226,-0.12208209535490071,-0.08609890098986428,-0.12208209542649742,9.614797846779766e-11,7.159671466805406e-11,9.614797846779766e-11,-0.20777163357796458,-1.9888530105845788,-0.20777163355323658,-1.9888530105841276,2.4727997427476112e-11,4.511946372076636e-13,2.473211340290009e-11,9.579183279928571e-11,-29.282217724159334,2.0818902157770935e-12,2.0818902157770935e-12,7.109742285876384e-14,-29.282217724238418,7.700151627432206e-11,-7.700151627432206e-11,-2.6296340324929137e-12
low_energy_small_angles,dop853_strict,DOP853,1e-09,1e-11,1.2665832290362955,-0.08622652019882665,-0.12223442448484362,-0.08622652010524845,-0.12223442451503892,9.357820074384904e-11,3.01953045900305e-11,9.357820074384904e-11,-0.2080499732268077,-1.9888234661613802,-0.20804997316354717,-1.9888234661657576,6.326053569871704e-11,4.377387341492067e-12,6.341180408114965e-11,9.323053440368767e-11,-29.282217724157952,3.4638958368304884e-12,3.4638958368304884e-12,1.182934936643255e-13,-29.28221772428476,1.233431135005958e-10,-1.233431135005958e-10,-4.212218987731336e-12
low_energy_small_angles,dop853_strict,DOP853,1e-09,1e-11,1.2715894868585733,-0.08634176810930737,-0.12236913832859728,-0.08634176801782721,-0.12236913832387428,9.148015678306365e-11,4.7229997690578784e-12,9.148015678306365e-11,-0.20829849998814798,-1.9887970997278337,-0.20829849989232094,-1.9887970997362991,9.582704074695414e-11,8.465450562766819e-12,9.620023696202135e-11,9.582704074695414e-11,-29.28221772415696,4.455102953215828e-12,4.455102953215828e-12,1.5214363185134788e-13,-29.282217724323985,1.6256862522823212e-10,-1.6256862522823212e-10,-5.551786642652175e-12
low_energy_small_angles,dop853_strict,DOP853,1e-09,1e-11,1.2765957446808511,-0.08644462096503971,-0.12248622794296789,-0.08644462087482914,-0.12248622791464406,9.021057512104136e-11,2.8323829392995492e-11,9.021057512104136e-11,-0.20851718245551326,-1.988773925763652,-0.2085171823375279,-1.9887739257749013,1.179853714727841e-10,1.1249223774711936e-11,1.1852043248783898e-10,1.179853714727841e-10,-29.282217724156702,4.714451051768265e-12,4.714451051768265e-12,1.6100047804365122e-13,-29.28221772435104,1.8962253989229794e-10,-1.8962253989229794e-10,-6.475689159835599e-12
low_energy_small_angles,dop853_strict,DOP853,1e-09,1e-11,1.281602002503129,-0.08653505671943496,-0.12258568687293354,-0.08653505662935179,-0.12258568683654181,9.008316315117781e-11,3.639173684621966e-11,9.008316315117781e-11,-0.20870599334151926,-1.988753956918711,-0.20870599321565453,-1.9887539569309467,1.258647353008513e-10,1.223576795439385e-11,1.2645807846787461e-10,1.258647353008513e-10,-29.282217724157444,3.97193389289896e-12,3.97193389289896e-12,1.3564320606842658e-13,-29.282217724361505,2.000888343900442e-10,-2.000888343900442e-10,-6.833117500692115e-12
low_energy_small_angles,dop853_strict,DOP853,1e-09,1e-11,1.2866082603254068,-0.08661305514125799,-0.12266751114344257,-0.08661305504993691,-0.1226675111173083,9.132107570142267e-11,2.6134275299405374e-11,9.132107570142267e-11,-0.20886490947781391,-1.9887372040070888,-0.20886490936089727,-1.9887372040181863,1.169166430337043e-10,1.109756730954814e-11,1.174421449840754e-10,1.169166430337043e-10,-29.282217724159256,2.1600499167107046e-12,2.1600499167107046e-12,7.37666093824717e-14,-29.282217724352485,1.9106849435956974e-10,-1.9106849435956974e-10,-6.525069110524195e-12
low_energy_small_angles,dop853_strict,DOP853,1e-09,1e-11,1.2916145181476846,-0.08667859782380312,-0.12273169925098584,-0.08667859772981891,-0.12273169925381303,9.398420930395446e-11,2.827182932207961e-12,9.398420930395446e-11,-0.20899391181466284,-1.9887236760021358,-0.20899391172383738,-1.988723676009926,9.08254582654422e-11,7.790212919189798e-12,9.115893421082704e-11,9.363136654894078e-11,-29.282217724162003,5.861977570020827e-13,-5.861977570020827e-13,-2.001889892780893e-14,-29.282217724323605,1.6218848486460047e-10,-1.6218848486460047e-10,-5.538804690014142e-12
low_energy_small_angles,dop853_strict,DOP853,1e-09,1e-11,1.2966207759699624,-0.0867316681937053,-0.1227782521549506,-0.0867316680958398,-0.12277825220221694,9.786549348689277e-11,4.726634361684745e-11,9.786549348689277e-11,-0.20909298542017263,-1.9887133800325758,-0.2090929853695855,-1.9887133800352643,5.058711782801595e-11,2.688516076432279e-12,5.065850973764234e-11,9.749763496547104e-11,-29.2822177241653,3.8831160509289475e-12,-3.8831160509289475e-12,-1.326100395642131e-13,-29.28221772427829,1.1687362189150008e-10,-1.1687362189150008e-10,-3.9912831395644264e-12
low_energy_small_angles,dop853_strict,DOP853,1e-09,1e-11,1.3016270337922404,-0.08677225151937351,-0.12280717326876389,-0.08677225141702467,-0.1228071733677099,1.023488377382975e-10,9.89460041678214e-11,1.023488377382975e-10,-0.2091621194791472,-1.9887063213796345,-0.20916211947538424,-1.9887063213763838,3.76296216408889e-12,3.2507330161024584e-12,4.972640082525894e-12,1.0196377075999408e-10,-29.282217724168532,7.116085498637403e-12,-7.116085498637403e-12,-2.4301730031758355e-13,-29.28221772422522,6.38031849575782e-11,-6.38031849575782e-11,-2.1789054899667914e-12
low_energy_small_angles,dop853_strict,DOP853,1e-09,1e-11,1.3066332916145182,-0.08680033491903368,-0.12281846845083372,-0.08680033481281062,-0.1228184685938169,1.0622305812724164e-10,1.4298318085081974e-10,1.4298318085081974e-10,-0.20920130729157366,-1.9887025034752037,-0.20920130732765663,-1.9887025034668957,3.6082969945283594e-11,8.308020937874971e-12,3.70270702591551e-11,1.0582315579377166e-10,-29.28221772417096,9.542588941258145e-12,-9.542588941258145e-12,-3.258834092126957e-13,-29.282217724180036,1.8619772390593425e-11,-1.8619772390593425e-11,-6.358730259433128e-13
low_energy_small_angles,dop853_strict,DOP853,1e-09,1e-11,1.311639549436796,-0.08681590736836793,-0.12281214599529557,-0.08681590726095872,-0.12281214615262251,1.0740920652896335e-10,1.5732694313985718e-10,1.5732694313985718e-10,-0.2092105462707317,-1.9887019279010327,-0.20921054631986902,-1.9887019278910727,4.913730533573357e-11,9.960032798517204e-12,5.013658373886926e-11,1.0700468289215337e-10,-29.282217724171872,1.0455636356709874e-11,-1.0455636356709874e-11,-3.570643608760102e-13,-29.282217724165527,4.1104897263721796e-12,-4.1104897263721796e-12,-1.403749458149996e-13
low_energy_small_angles,dop853_strict,DOP853,1e-09,1e-11,1.3166458072590739,-0.08681895970773743,-0.1227882166225725,-0.08681895960279516,-0.12278821677763774,1.0494226321267064e-10,1.5506523842745423e-10,1.5506523842745423e-10,-0.20918983794092305,-1.9887045943889516,-0.2091898379902738,-1.9887045943790589,4.935074571221776e-11,9.89275328322492e-12,5.0332520996615465e-11,1.0454699606032847e-10,-29.282217724170795,9.379164112033322e-12,-9.379164112033322e-12,-3.203023828449429e-13,-29.2822177241632,1.7834622667578515e-12,-1.7834622667578515e-12,-6.090598340460657e-14
low_energy_small_angles,dop853_strict,DOP853,1e-09,1e-11,1.3216520650813517,-0.08680948464897559,-0.12274669346975665,-0.08680948454548536,-0.1227466936222456,1.0349023027433901e-10,1.5248895202102375e-10,1.5248895202102375e-10,-0.209139187934814,-1.9887105008221226,-0.20913918798305509,-1.9887105008124248,4.8241077799104914e-11,9.697798120100742e-12,4.920618737107685e-11,1.0310052811490777e-10,-29.282217724167865,6.448175327022909e-12,-6.448175327022909e-12,-2.2020788820589823e-13,-29.282217724161146,2.7000623958883807e-13,2.7000623958883807e-13,9.220826172808962e-15
low_energy_small_angles,dop853_strict,DOP853,1e-09,1e-11,1.3266583229036295,-0.08678747678173906,-0.12268759208082003,-0.08678747667668688,-0.1226875922326674,1.0505218916989634e-10,1.5184736801288068e-10,1.5184736801288068e-10,-0.20905860599038728,-1.9887196432373186,-0.20905860603643645,-1.9887196432278413,4.604916448158747e-11,9.477307827410186e-12,4.701430540918144e-11,1.046568109952517e-10,-29.28221772416422,2.8030910925735952e-12,-2.8030910925735952e-12,-9.572673487297725e-14,-29.28221772416122,1.9539925233402755e-13,1.9539925233402755e-13,6.672966309269643e-15
low_energy_small_angles,dop853_strict,DOP853,1e-09,1e-11,1.3316645807259073,-0.08675293257943714,-0.12261093039666142,-0.0867529324712253,-0.12261093055008844,1.0821184226461611e-10,1.5342702108789297e-10,1.5342702108789297e-10,-0.20894810594752858,-1.9887320158282236,-0.20894810599199887,-1.9887320158188349,4.447028856269242e-11,9.388712030045099e-12,4.5450571816339624e-11,1.0780490389272757e-10,-29.28221772416254,1.1226575225009583e-12,-1.1226575225009583e-12,-3.8339224613258314e-14,-29.2822177241633,1.8829382497642655e-12,-1.8829382497642655e-12,-6.430312988932566e-14
low_energy_small_angles,dop853_strict,DOP853,1e-09,1e-11,1.3366708385481854,-0.08670585040758863,-0.12251672874522285,-0.08670585029577893,-0.12251672890146782,1.1180970038715543e-10,1.5624497529120873e-10,1.5624497529120873e-10,-0.20880770574731716,-1.9887476109494755,-0.20880770579100127,-1.988747610940063,4.368411188337973e-11,9.412470802772077e-12,4.468664495856312e-11,1.1138967526136412e-10,-29.282217724162365,9.485745522397337e-13,-9.485745522397337e-13,-3.2394218264999904e-14,-29.282217724166134,4.718003765447065e-12,-4.718003765447065e-12,-1.6112180470381976e-13
low_energy_small_angles,dop853_strict,DOP853,1e-09,1e-11,1.3416770963704632,-0.08664623052756441,-0.12240500983183732,-0.08664623041340251,-0.12240500999002012,1.1416190215385313e-10,1.581828001917529e-10,1.581828001917529e-10,-0.20863742742716485,-1.9887664191220418,-0.20863742747043046,-1.9887664191126069,4.3265613314247275e-11,9.434897307869505e-12,4.428239585510267e-11,1.1373363362210398e-10,-29.282217724162305,8.881784197001252e-13,-8.881784197001252e-13,-3.0331665042134745e-14,-29.282217724168,6.583178446817328e-12,-6.583178446817328e-12,-2.2481830129230272e-13
low_energy_small_angles,dop853_strict,DOP853,1e-09,1e-11,1.346683354192741,-0.08657407510086162,-0.12227579872793867,-0.08657407498786468,-0.1222757988853912,1.1299694513411396e-10,1.574525232417301e-10,1.574525232417301e-10,-0.20843729711507225,-1.9887884290397024,-0.20843729715877543,-1.9887884290302678,4.3703179963827665e-11,9.43467526326458e-12,4.4709965737785626e-11,1.1257375587270246e-10,-29.282217724162464,1.0480505352461478e-12,-1.0480505352461478e-12,-3.5791364749718995e-14,-29.282217724167264,5.8477667153056245e-12,-5.8477667153056245e-12,-1.9970368263741516e-13
low_energy_small_angles,dop853_strict,DOP853,1e-09,1e-11,1.3516896120150188,-0.08648938819471241,-0.12212912286059258,-0.08648938808777504,-0.12212912301354997,1.0693737562128547e-10,1.5295739674847653e-10,1.5295739674847653e-10,-0.20820734502624216,-1.9888136275762682,-0.2082073450715226,-1.9888136275668715,4.528044605933701e-11,9.3967056358224e-12,4.62451821505638e-11,1.0653765369905699e-10,-29.282217724162642,1.2256862191861728e-12,-1.2256862191861728e-12,-4.1857697758145945e-14,-29.28221772416269,1.2754242106893798e-12,-1.2754242106893798e-12,-4.355627100050549e-14
low_energy_small_angles,dop853_strict,DOP853,1e-09,1e-11,1.3566958698372966,-0.08639217578598063,-0.12196501200211904,-0.08639217569047547,-0.12196501214641806,9.550515933653969e-11,1.4429901717960547e-10,1.4429901717960547e-10,-0.20794760545828747,-1.988841999793883,-0.2079476055063656,-1.9888419997845679,4.807812481466556e-11,9.315215265814913e-12,4.897223010179372e-11,9.514897203466433e-11,-29.28221772416259,1.1723955140041653e-12,-1.1723955140041653e-12,-4.003779785561786e-14,-29.28221772415367,7.744915819785092e-12,7.744915819785092e-12,2.64492119167415e-13
low_energy_small_angles,dop853_strict,DOP853,1e-09,1e-11,1.3617021276595744,-0.086282445764746,-0.12178349825951601,-0.08628244568567134,-0.12178349839125935,7.907466348378023e-11,1.3174333846066588e-10,1.3174333846066588e-10,-0.20765811678613794,-1.988873528952316,-0.20765811683812502,-1.9888735289431259,5.1987081306492655e-11,9.190204153242121e-12,5.279314799428186e-11,7.878049601561798e-11,-29.28221772416211,6.927791673660977e-13,-6.927791673660977e-13,-2.36586987328651e-14,-29.282217724140352,2.106403940160817e-11,2.106403940160817e-11,7.193457681392676e-13
low_energy_small_angles,dop853_strict,DOP853,1e-09,1e-11,1.3667083854818523,-0.08616020793755752,-0.12158461606370063,-0.08616020787877764,-0.12158461617985142,5.877988373814702e-11,1.1615078343574226e-10,1.1615078343574226e-10,-0.20733892145664154,-1.9889081965192417,-0.20733892151337302,-1.9889081965102124,5.6731480624350183e-11,9.029221814671473e-12,5.744551975924284e-11,5.856184981389845e-11,-29.28221772416115,2.6645352591003757e-13,2.6645352591003757e-13,9.099499512640424e-15,-29.28221772412361,3.780797896979493e-11,3.780797896979493e-11,1.2911583175135917e-12
low_energy_small_angles,dop853_strict,DOP853,1e-09,1e-11,1.3717146433041303,-0.0860254740303383,-0.12136840215858503,-0.08602547399395531,-0.12136840225746061,3.6382993839900735e-11,9.887557439469674e-11,9.887557439469674e-11,-0.2069900659828562,-1.9889459821814972,-0.20699006604475598,-1.988945982172652,6.189979084858521e-11,8.845146837188622e-12,6.252855931228563e-11,6.189979084858521e-11,-29.28221772415984,1.5774048733874224e-12,1.5774048733874224e-12,5.3869037114831306e-14,-29.282217724104964,5.645262035613996e-11,5.645262035613996e-11,1.9278806300780844e-12
low_energy_small_angles,dop853_strict,DOP853,1e-09,1e-11,1.376720901126408,-0.0858782576909238,-0.12113489559000333,-0.08587825767681305,-0.121134895671643,1.4110754231744238e-11,8.163966724872296e-11,8.163966724872296e-11,-0.20661160093802744,-1.988986863857313,-0.20661160100501014,-1.988986863848658,6.698269716665095e-11,8.65485461076787e-12,6.753953085455066e-11,6.698269716665095e-11,-29.282217724158436,2.9807267765136203e-12,2.9807267765136203e-12,1.017930678814042e-13,-29.28221772408644,7.497646947740577e-11,7.497646947740577e-11,2.5604778361968464e-12
low_energy_small_angles,dop853_strict,DOP853,1e-09,1e-11,1.381727158948686,-0.08571857449121545,-0.12088413769450637,-0.08571857449674977,-0.12088413776089287,5.534322999878327e-12,6.638649352463943e-11,6.638649352463943e-11,-0.2062035809492475,-1.9890308177095068,-0.20620358102066355,-1.9890308177010274,7.141603974858413e-11,8.479439372877096e-12,7.191767255306338e-11,7.141603974858413e-11,-29.28221772415729,4.1247005810873816e-12,4.1247005810873816e-12,1.4086025245567375e-13,-29.282217724070346,9.107026244237204e-11,9.107026244237204e-11,3.110087606760328e-12
low_energy_small_angles,dop853_strict,DOP853,1e-09,1e-11,1.3867334167709637,-0.08554644192893175,-0.12061617208804132,-0.08554644194891296,-0.12061617214316094,1.998121113011564e-11,5.511961720383596e-11,5.511961720383596e-11,-0.20576606469079062,-1.9890778181596342,-0.20576606476541792,-1.9890778181512947,7.462730433616116e-11,8.339551271774326e-12,7.509182823647705e-11,7.462730433616116e-11,-29.28221772415677,4.646949491871055e-12,4.646949491871055e-12,1.5869527150044899e-13,-29.282217724059024,1.0239276093670924e-10,1.0239276093670924e-10,3.496755672717462e-12
low_energy_small_angles,dop853_strict,DOP853,1e-09,1e-11,1.3917396745932415,-0.08536187942893879,-0.12033104465453247,-0.08536187945574818,-0.12033104470426409,2.6809388042892124e-11,4.9731621598603226e-11,4.9731621598603226e-11,-0.2052991148771198,-1.989127837903085,-0.20529911495320358,-1.9891278378948296,7.608377816659129e-11,8.255396366507739e-12,7.653033953453507e-11,7.608377816659129e-11,-29.28221772415716,4.256150987203e-12,4.256150987203e-12,1.453493388819097e-13,-29.282217724054618,1.0679812589842186e-10,1.0679812589842186e-10,3.64720073132645e-12
low_energy_small_angles,dop853_strict,DOP853,1e-09,1e-11,1.3967459324155194,-0.08516490834414223,-0.12002880353438013,-0.08516490836811492,-0.12002880358620867,2.397269882603581e-11,5.182854145857618e-11,5.182854145857618e-11,-0.2048027982555596,-1.9891808479251212,-0.20480279833090106,-1.989180847916876,7.534145529675129e-11,8.245182314681188e-12,7.57912786383414e-11,7.534145529675129e-11,-29.28221772415861,2.8066438062523957e-12,2.8066438062523957e-12,9.584806153314579e-14,-29.282217724058814,1.0260237104375847e-10,1.0260237104375847e-10,3.5039139456674057e-12
low_energy_small_angles,dop853_strict,DOP853,1e-09,1e-11,1.4017521902377972,-0.08495555195592287,-0.11970949911289439,-0.0849555519659441,-0.11970949917544924,1.0021233842749666e-11,6.255485018868967e-11,6.255485018868967e-11,-0.20427718559862906,-1.9892368175178403,-0.20427718567072134,-1.9892368175095196,7.209227659288331e-11,8.320677480355698e-12,7.257086204584378e-11,7.209227659288331e-11,-29.28221772416105,3.659295089164516e-13,3.659295089164516e-13,1.2496645997359515e-14,-29.282217724072602,8.881428925633372e-11,8.881428925633372e-11,3.0330451775533057e-12
low_energy_small_angles,dop853_strict,DOP853,1e-09,1e-11,1.4067584480600752,-0.08473383547409766,-0.11937318400868029,-0.08473383545841238,-0.11937318409110471,1.5685272525267635e-11,8.242442839367925e-11,8.242442839367925e-11,-0.2037223516960293,-1.9892957142980616,-0.20372235176223819,-1.989295714289573,6.620887171848722e-11,8.488543201679022e-12,6.675080568743622e-11,6.620887171848722e-11,-29.282217724164177,2.7604585284279892e-12,-2.7604585284279892e-12,-9.427081495095479e-14,-29.2822177240961,6.531664098474721e-11,6.531664098474721e-11,2.230590647198589e-12
low_energy_small_angles,dop853_strict,DOP853,1e-09,1e-11,1.411764705882353,-0.08449978603638823,-0.1190199130619914,-0.08449978598360848,-0.11901991317315405,5.27797527904994e-11,1.1116264853061608e-10,1.1116264853061608e-10,-0.20313837534627996,-1.989357504226118,-0.20313837540406476,-1.9893575042173732,5.77848047189633e-11,8.744782675762508e-12,5.84427487414396e-11,5.77848047189633e-11,-29.28221772416746,6.043165967639652e-12,-6.043165967639652e-12,-2.063766489466848e-13,-29.28221772412843,3.298694650766265e-11,3.298694650766265e-11,1.1265180396648843e-12
low_energy_small_angles,dop853_strict,DOP853,1e-09,1e-11,1.4167709637046308,-0.08425343270737909,-0.11864974332306817,-0.0842534326076669,-0.11864974347063298,9.971218295490303e-11,1.475648075954794e-10,1.475648075954794e-10,-0.2025253393479975,-1.9894221516255488,-0.20252533939516637,-1.9894221516164725,4.716887991307317e-11,9.07629527091558e-12,4.80341791654522e-11,9.935847977704526e-11,-29.282217724170188,8.771650072958437e-12,-8.771650072958437e-12,-2.9955552395612273e-13,-29.282217724167626,6.210143510543276e-12,-6.210143510543276e-12,-2.1207900197460613e-13
low_energy_small_angles,dop853_strict,DOP853,1e-09,1e-11,1.4217772215269087,-0.08399480647694725,-0.11826273404047809,-0.08399480632334412,-0.11826273422985423,1.5360313021517413e-10,1.893761397697702e-10,1.893761397697702e-10,-0.20188333049081014,-1.9894896192036773,-0.20188333052580187,-1.9894896191942202,3.499173173437953e-11,9.457101768362008e-12,3.6247180078289386e-11,1.530616050571254e-10,-29.28221772417163,1.021405182655144e-11,-1.021405182655144e-11,-3.488141479845496e-13,-29.282217724210714,4.929745500703575e-11,-4.929745500703575e-11,-1.6835287364986469e-12
low_energy_small_angles,dop853_strict,DOP853,1e-09,1e-11,1.4267834793491865,-0.08372394025814558,-0.11785894664947422,-0.0837239400480125,-0.11785894688267295,2.1013309148276704e-10,2.331987380976841e-10,2.331987380976841e-10,-0.2012124395459017,-1.9895598680730662,-0.20121243956808565,-1.9895598680632178,2.218394912212318e-11,9.848344362239914e-12,2.4271742527684586e-11,2.0939702749522837e-10,-29.28221772417123,9.812595180846984e-12,-9.812595180846984e-12,-3.3510423538550464e-13,-29.282217724253826,9.240963549927983e-11,-9.240963549927983e-11,-3.155827757643867e-12
low_energy_small_angles,dop853_strict,DOP853,1e-09,1e-11,1.4317897371714643,-0.08344086888452179,-0.11743844476038891,-0.0834408686210473,-0.11743844503481926,2.634744922236365e-10,2.7443035344187905e-10,2.7443035344187905e-10,-0.20051276125617878,-1.9896328577738345,-0.20051276126616105,-1.9896328577636389,9.982265014585323e-12,1.0195622124342663e-11,1.4268718419108274e-11,2.6255782270556693e-10,-29.282217724168873,7.457146011802251e-12,-7.457146011802251e-12,-2.5466465969376333e-13,-29.28221772429247,1.3105250218359288e-10,-1.3105250218359288e-10,-4.475497840297066e-12
low_energy_small_angles,dop853_strict,DOP853,1e-09,1e-11,1.436795994993742,-0.08314562910685486,-0.11700129414707928,-0.08314562880058188,-0.11700129445431989,3.0627297920027274e-10,3.072406079551726e-10,3.072406079551726e-10,-0.19978439432605288,-1.9897085462968271,-0.199784394325978,-1.9897085462863977,7.488454301096681e-14,1.042943509332872e-11,1.04297039296779e-11,3.0521492278001716e-10,-29.28221772416532,3.9044323330017505e-12,-3.9044323330017505e-12,-1.3333799952522433e-13,-29.282217724321946,1.6052936757660063e-10,-1.6052936757660063e-10,-5.482145139715433e-12
low_energy_small_angles,dop853_strict,DOP853,1e-09,1e-11,1.4418022528160201,-0.08283825958929139,-0.11654756273544137,-0.08283825925960624,-0.11654756306003103,3.2968515417675093e-10,3.245896607051435e-10,3.2968515417675093e-10,-0.1990274414108319,-1.989786890107623,-0.19902744140466494,-1.9897868900971578,6.166955834885357e-12,1.046518427472165e-11,1.2147074799033218e-11,3.2855462794856294e-10,-29.282217724162667,1.2505552149377763e-12,-1.2505552149377763e-12,-4.270698437932572e-14,-29.28221772433789,1.7647394656705728e-10,-1.7647394656705728e-10,-6.026659190551837e-12
low_energy_small_angles,dop853_strict,DOP853,1e-09,1e-11,1.446808510638298,-0.0825188009086729,-0.11607732058889564,-0.08251880058138449,-0.11607732091030411,3.2728841858897795e-10,3.21408469283746e-10,3.2728841858897795e-10,-0.19824200910641637,-1.9898678441714144,-0.1982420090994872,-1.9898678441611666,6.929179452441758e-12,1.0247802606500045e-11,1.2370569354153842e-11,3.2617473999518865e-10,-29.282217724162237,8.206768598029157e-13,-8.206768598029157e-13,-2.8026458498932502e-14,-29.282217724336995,1.7557866271999956e-10,-1.7557866271999956e-10,-5.996084872189365e-12
low_energy_small_angles,dop853_strict,DOP853,1e-09,1e-11,1.4518147684605758,-0.08218729555422007,-0.11559063989333945,-0.08218729525416602,-0.11559064019180655,3.000540510500471e-10,2.984670982586479e-10,3.000540510500471e-10,-0.19742820793894805,-1.9899513619786888,-0.19742820793638222,-1.9899513619688984,2.5658364322111993e-12,9.79039072035448e-12,1.0121030928421542e-11,2.990412223402572e-10,-29.282217724161747,3.304023721284466e-13,-3.304023721284466e-13,-1.1283379395674124e-14,-29.282217724317917,1.5650059026484087e-10,-1.5650059026484087e-10,-5.34456070708431e-12
low_energy_small_angles,dop853_strict,DOP853,1e-09,1e-11,1.4568210262828536,-0.08184378791424095,-0.1150875949520087,-0.08184378766516591,-0.11508759520851948,2.490750383721263e-10,2.565107848351289e-10,2.565107848351289e-10,-0.19658615235149002,-1.9900373955715915,-0.1965861523580626,-1.990037395562498,6.572575816932158e-12,9.093614750099732e-12,1.1220186366213033e-11,2.482412886362084e-10,-29.282217724161807,3.907985046680551e-13,-3.907985046680551e-13,-1.3345932618539287e-14,-29.282217724282315,1.2089884648958105e-10,-1.2089884648958105e-10,-4.128746245535381e-12
low_energy_small_angles,dop853_strict,DOP853,1e-09,1e-11,1.4618272841051314,-0.08148832427624941,-0.11456826216893824,-0.08148832409378981,-0.11456826237093437,1.8245960298202135e-10,2.019961281574112e-10,2.019961281574112e-10,-0.19571596069286062,-1.9901258955712469,-0.19571596071167838,-1.9901258955630072,1.8817752911459706e-11,8.239631199558062e-12,2.054262268897233e-11,1.8185414285554202e-10,-29.282217724162336,9.201528428093297e-13,-9.201528428093297e-13,-3.14236049836516e-14,-29.282217724236176,7.475975394299894e-11,-7.475975394299894e-11,-2.5530769099265657e-12
low_energy_small_angles,dop853_strict,DOP853,1e-09,1e-11,1.4668335419274092,-0.08112095282113288,-0.11403272003706434,-0.08112095270407829,-0.11403272018547035,1.1705458824451398e-10,1.4840600970345008e-10,1.4840600970345008e-10,-0.19481775520525552,-1.9902168112057592,-0.194817755236028,-1.9902168111983576,3.0772495662745314e-11,7.401634860570994e-12,3.165012935080833e-11,1.1666964616630082e-10,-29.28221772416284,1.4246381851990009e-12,-1.4246381851990009e-12,-4.865199072758413e-14,-29.282217724191277,2.986055847031821e-11,-2.986055847031821e-11,-1.01975057871657e-12
low_energy_small_angles,dop853_strict,DOP853,1e-09,1e-11,1.471839799749687,-0.08074172361686321,-0.11348104912627525,-0.08074172353634612,-0.11348104924413452,8.051709299294885e-11,1.1785926401497449e-10,1.1785926401497449e-10,-0.19389166201146324,-1.9903100903389743,-0.19389166204830965,-1.9903100903321223,3.684641480816708e-11,6.852074463381541e-12,3.747811639700213e-11,8.025477504780554e-11,-29.282217724162752,1.3358203432289883e-12,-1.3358203432289883e-12,-4.5618824223370657e-14,-29.282217724166838,5.4214410738495644e-12,-5.4214410738495644e-12,-1.8514448341719048e-13
low_energy_small_angles,dop853_strict,DOP853,1e-09,1e-11,1.476846057571965,-0.08035068861192998,-0.11291333207126422,-0.08035068853656382,-0.11291333218342525,7.53661577590492e-11,1.1216103046329806e-10,1.1216103046329806e-10,-0.19293781110170238,-1.9904056794999867,-0.19293781113802616,-1.9904056794933984,3.632377731932479e-11,6.588285472730604e-12,3.6916423231592836e-11,7.512300503886848e-11,-29.28221772416164,2.2382096176443156e-13,-2.2382096176443156e-13,-7.643579590617956e-15,-29.282217724163896,2.4797941478027496e-12,-2.4797941478027496e-12,-8.468600879764021e-14
low_energy_small_angles,dop853_strict,DOP853,1e-09,1e-11,1.481852315394243,-0.07994790162847759,-0.11232965355920292,-0.07994790155869376,-0.11232965366536549,6.978383149114364e-11,1.0616256485018738e-10,1.0616256485018738e-10,-0.19195633632007175,-1.9905035239133748,-0.1919563363560043,-1.9905035239070479,3.5932534725446885e-11,6.326938972733842e-12,3.648530126722465e-11,6.956094034116234e-11,-29.282217724159352,2.064126647383091e-12,2.064126647383091e-12,7.049078955792114e-14,-29.28221772415923,2.184918912462308e-12,2.184918912462308e-12,7.461589600365148e-14
low_energy_small_angles,dop853_strict,DOP853,1e-09,1e-11,1.4868585732165207,-0.07953341835512746,-0.11173010031725339,-0.07953341828562725,-0.1117301004222187,6.950021114171534e-11,1.0496531421821942e-10,1.0496531421821942e-10,-0.19094737535060707,-1.9906035675301503,-0.19094737538563739,-1.9906035675239688,3.503031198448525e-11,6.1814997565079466e-12,3.557152930322337e-11,6.928051188292983e-11,-29.282217724156016,5.4001247917767614e-12,5.4001247917767614e-12,1.8441652345617924e-13,-29.28221772415704,4.376943252282217e-12,4.376943252282217e-12,1.4947444532764003e-13
low_energy_small_angles,dop853_strict,DOP853,1e-09,1e-11,1.4918648310387985,-0.07910729633946732,-0.1111147610999368,-0.07910729626405215,-0.11111476120924284,7.54151741055864e-11,1.0930603644432324e-10,1.0930603644432324e-10,-0.18991106970293603,-1.990705753059403,-0.18991106973638866,-1.9907057530532422,3.345262955534167e-11,6.160849608249919e-12,3.4015209716572266e-11,7.51793211017926e-11,-29.28221772415206,9.35784782996052e-12,9.35784782996052e-12,3.1957442288393164e-13,-29.282217724158503,2.9132252166164108e-12,2.9132252166164108e-12,9.948786133820196e-14
low_energy_small_angles,dop853_strict,DOP853,1e-09,1e-11,1.4968710888610763,-0.0786695949801885,-0.11048372667637707,-0.07866959489522857,-0.11048372679320068,8.495992798174257e-11,1.1682360634424072e-10,1.1682360634424072e-10,-0.18884756469752412,-1.9908100220006246,-0.18884756472893827,-1.9908100219944207,3.141414905982742e-11,6.203926261605375e-12,3.202089102777268e-11,8.469716594738941e-11,-29.282217724148133,1.3283596445035073e-11,1.3283596445035073e-11,4.5364038237016723e-13,-29.282217724162603,1.1866063687193673e-12,-1.1866063687193673e-12,-4.052310449629202e-14
low_energy_small_angles,dop853_strict,DOP853,1e-09,1e-11,1.5018773466833542,-0.07822037551885319,-0.10983708981743756,-0.07822037542514877,-0.1098370899409386,9.370441922396111e-11,1.2350104272584872e-10,1.2350104272584872e-10,-0.18775700945050425,-1.9909163146766968,-0.18775700947984314,-1.9909163146704811,2.9338892426622465e-11,6.2156946256664014e-12,2.999008950470911e-11,9.341791229466878e-11,-29.28221772414502,1.6395773627664312e-11,1.6395773627664312e-11,5.599225366778074e-13,-29.282217724167168,5.751843445978011e-12,-5.751843445978011e-12,-1.9642786281286461e-13
low_energy_small_angles,dop853_strict,DOP853,1e-09,1e-11,1.5068836045056322,-0.07775970103127287,-0.10917494528276896,-0.07775970093458341,-0.10917494540762981,9.668946199248296e-11,1.2486085776419742e-10,1.2486085776419742e-10,-0.1866395568580812,-1.991024570267519,-0.18663955688580142,-1.9910245702614255,2.7720215012294602e-11,6.093348048352709e-12,2.838202266869306e-11,9.639729292576504e-11,-29.282217724143468,1.794830950530013e-11,1.794830950530013e-11,6.129422871714589e-13,-29.28221772416962,8.203215884350357e-12,-8.203215884350357e-12,-2.801432583291565e-13
low_energy_small_angles,dop853_strict,DOP853,1e-09,1e-11,1.51188986232791,-0.07728763641847954,-0.10849738980778656,-0.07728763632899106,-0.10849738992470438,8.948847218803735e-11,1.1691782264566797e-10,1.1691782264566797e-10,-0.1854953635805045,-1.9911347268442656,-0.1854953636075135,-1.9911347268385147,2.7009006142719727e-11,5.750955267558311e-12,2.7614487127356334e-11,8.922133865052473e-11,-29.2822177241441,1.731592647047364e-11,1.731592647047364e-11,5.91346141661459e-13,-29.282217724167605,6.188827228470473e-12,-6.188827228470473e-12,-2.113510420135949e-13
low_energy_small_angles,dop853_strict,DOP853,1e-09,1e-11,1.5168961201501878,-0.07680424839727108,-0.10780452209059488,-0.0768042483282674,-0.10780452218748814,6.900367777173955e-11,9.689325730644072e-11,9.689325730644072e-11,-0.18432459002560014,-1.9912467214042486,-0.18432459005313068,-1.9912467213991178,2.7530533408537394e-11,5.1307846860026984e-12,2.8004557151519346e-11,6.88002571580526e-11,-29.282217724147298,1.411848415955319e-11,1.411848415955319e-11,4.821521475097739e-13,-29.282217724159413,2.0037305148434825e-12,2.0037305148434825e-12,6.842823633505598e-14
low_energy_small_angles,dop853_strict,DOP853,1e-09,1e-11,1.5219023779724656,-0.07630960549031256,-0.10709644277887818,-0.07630960545631095,-0.10709644284257308,3.40016070854432e-11,6.369489657931382e-11,6.369489657931382e-11,-0.18312740033185532,-1.99136048990637,-0.18312740036128264,-1.9913604899021538,2.942732169053386e-11,4.2161829583164945e-12,2.9727823004992527e-11,3.390265845837348e-11,-29.28221772415305,8.36664071357518e-12,8.36664071357518e-12,2.857242846969093e-13,-29.282217724144214,1.7202239632752025e-11,1.7202239632752025e-11,5.874636885360657e-13
low_energy_small_angles,dop853_strict,DOP853,1e-09,1e-11,1.5269086357947435,-0.0758037780157746,-0.10637325445677463,-0.07580377803038199,-0.10637325447494123,1.4607384746234686e-11,1.8166593229729244e-11,1.8166593229729244e-11,-0.18190396235104628,-1.9914759673071443,-0.18190396238367562,-1.9914759673041091,3.262934367143089e-11,3.035127704720253e-12,3.2770200924197996e-11,3.262934367143089e-11,-29.282217724160944,4.725109192804666e-13,4.725109192804666e-13,1.6136445802415685e-14,-29.282217724122198,3.921840630027873e-11,3.921840630027873e-11,1.3393250016005018e-12
low_energy_small_angles,dop853_strict,DOP853,1e-09,1e-11,1.5319148936170213,-0.07528683807649061,-0.10563506163175249,-0.07528683815023127,-0.10563506159486426,7.37406524731199e-11,3.688822858283203e-11,7.37406524731199e-11,-0.1806544476304027,-1.9915930875972698,-0.18065444766725186,-1.9915930875956127,3.684916261015303e-11,1.6571188865555087e-12,3.688640437984813e-11,7.353176401103667e-11,-29.282217724170113,8.697043085703626e-12,-8.697043085703626e-12,-2.970076640925834e-13,-29.28221772409458,6.683720243927382e-11,6.683720243927382e-11,2.2825184577507237e-12
low_energy_small_angles,dop853_strict,DOP853,1e-09,1e-11,1.536921151439299,-0.07475885954861405,-0.10488197072150637,-0.07475885968697525,-0.10488197062460146,1.3836119749921494e-10,9.690491464819928e-11,1.3836119749921494e-10,-0.1793790313942999,-1.9917117838387342,-0.17937903143590223,-1.9917117838385452,4.16023326899051e-11,1.8895995879120164e-13,4.1602761820672105e-11,1.3797472886434292e-10,-29.28221772417931,1.7895018800118123e-11,-1.7895018800118123e-11,-6.111223872689308e-13,-29.28221772406346,9.795542155188741e-11,9.795542155188741e-11,3.3452186741669566e-12
low_energy_small_angles,dop853_strict,DOP853,1e-09,1e-11,1.5419274092615771,-0.07421991806975758,-0.10411409004089184,-0.07421991827169454,-0.1041140898849178,2.0193695327019867e-10,1.5597403923983677e-10,2.0193695327019867e-10,-0.1780778925254713,-1.9918319882024287,-0.17807789257172285,-1.9918319882036646,4.6251558138976634e-11,1.2359002710127243e-12,4.6268067603510575e-11,2.0138100909061762e-10,-29.282217724187035,2.5618618337830412e-11,-2.5618618337830412e-11,-8.748865464753346e-13,-29.282217724031668,1.297486562634731e-10,1.297486562634731e-10,4.4309709560152116e-12
low_energy_small_angles,dop853_strict,DOP853,1e-09,1e-11,1.546933667083855,-0.07367009102659547,-0.10333152978891644,-0.07367009128373214,-0.10333152958144498,2.5713667306526133e-10,2.074714566813185e-10,2.5713667306526133e-10,-0.17675121354573314,-1.991953632006255,-0.17675121359580753,-1.991953632008729,5.0074389079668435e-11,2.474020988074699e-12,5.013546869783359e-11,2.56439217083404e-10,-29.282217724191735,3.0318858534883475e-11,-3.0318858534883475e-11,-1.0354017178783116e-12,-29.282217724002493,1.589235409937828e-10,1.589235409937828e-10,5.427305489319254e-12
low_energy_small_angles,dop853_strict,DOP853,1e-09,1e-11,1.5519399249061328,-0.07310945754191032,-0.10253440203580513,-0.0731094578386683,-0.10253440179090699,2.9675797930117653e-10,2.4489814343109373e-10,2.9675797930117653e-10,-0.17539918059621307,-1.9920766457537027,-0.1753991806485664,-1.9920766457570926,5.2353343882316494e-11,3.389954983390453e-12,5.246298133397967e-11,2.9596525230601856e-10,-29.282217724192133,3.071676246690913e-11,-3.071676246690913e-11,-1.048990303817188e-12,-29.282217723979382,1.8203394347438007e-10,1.8203394347438007e-10,6.2165354137156e-12
low_energy_small_angles,dop853_strict,DOP853,1e-09,1e-11,1.5569461827284106,-0.07253809846106651,-0.10172282071015862,-0.07253809877594844,-0.1017228204472333,3.1488192608897236e-10,2.6292532040450567e-10,3.1488192608897236e-10,-0.17402198341707548,-1.9922009591728784,-0.17402198346956316,-1.992200959176757,5.248768086829614e-11,3.878675158830447e-12,5.2630796725109805e-11,3.140538801238435e-10,-29.282217724187674,2.6258106800014502e-11,-2.6258106800014502e-11,-8.967253453056716e-13,-29.282217723965644,1.957722872703016e-10,1.957722872703016e-10,6.68570560858734e-12
low_energy_small_angles,dop853_strict,DOP853,1e-09,1e-11,1.5619524405506884,-0.07195609633789089,-0.10089690158622258,-0.07195609664614118,-0.10089690132758124,3.0825028640713015e-10,2.58641344452748e-10,3.0825028640713015e-10,-0.17261981532673495,-1.992326501255964,-0.1726198153768616,-1.9923265012598546,5.0126652828552665e-11,3.8904435228914735e-12,5.027739924259264e-11,3.074526189195126e-10,-29.282217724179056,1.7639223415244487e-11,-1.7639223415244487e-11,-6.02386867736796e-13,-29.2822177239641,1.9731771772057982e-10,1.9731771772057982e-10,6.738482705760654e-12
low_energy_small_angles,dop853_strict,DOP853,1e-09,1e-11,1.5669586983729662,-0.0713635354199429,-0.10005676227128575,-0.07136353569780268,-0.10005676203829028,2.7785977685379493e-10,2.3299547013966304e-10,2.7785977685379493e-10,-0.1711928732005506,-1.9924532002990842,-0.17119287324587298,-1.9924532003025457,4.5322384734092225e-11,3.461453346176313e-12,4.545437511673471e-11,2.771525509093209e-10,-29.28221772416894,7.524647571699461e-12,-7.524647571699461e-12,-2.5696986623696556e-13,-29.28221772397679,1.8462742445990443e-10,1.8462742445990443e-10,6.305103875638633e-12
low_energy_small_angles,dop853_strict,DOP853,1e-09,1e-11,1.571964956195244,-0.07076050163315523,-0.09920252219322538,-0.07076050186392444,-0.09920252200079019,2.3076920929732125e-10,1.9243519278067112e-10,2.3076920929732125e-10,-0.16974135744899294,-1.992580983942562,-0.16974135748769556,-1.9925809839453048,3.87026244386135e-11,2.7429170046389117e-12,3.879970015516486e-11,2.3019171291327467e-10,-29.282217724162763,1.3464784842653899e-12,-1.3464784842653899e-12,-4.598280420387627e-14,-29.28221772400473,1.566853313761385e-10,1.566853313761385e-10,5.350869693413074e-12
low_energy_small_angles,dop853_strict,DOP853,1e-09,1e-11,1.576971214017522,-0.07014708257983339,-0.0983343025760536,-0.07014708274794075,-0.0983343024374856,1.6810736136463333e-10,1.38568004293127e-10,1.6810736136463333e-10,-0.16826547199714292,-1.9927097792117536,-0.16826547202693826,-1.992709779213575,2.979533286762148e-11,1.821431894200032e-12,2.9850954337132575e-11,1.6769394206583854e-10,-29.282217724159747,1.6697754290362354e-12,1.6697754290362354e-12,5.702353027921332e-14,-29.282217724047648,1.1376855013622844e-10,1.1376855013622844e-10,3.8852436385771234e-12
low_energy_small_angles,dop853_strict,DOP853,1e-09,1e-11,1.5819774718397999,-0.0695233675259275,-0.09745222642311768,-0.0695233676092731,-0.09745222635763928,8.334560819278636e-11,6.54784004794351e-11,8.334560819278636e-11,-0.16676542426104332,-1.9928395125581908,-0.16676542427901986,-1.992839512558772,1.7976536925701225e-11,5.810907310888069e-13,1.798592633919246e-11,8.314426924727059e-11,-29.282217724154457,6.959766096770181e-12,6.959766096770181e-12,2.3767892727016785e-13,-29.282217724103905,5.751132903242251e-11,5.751132903242251e-11,1.964035974808309e-12
low_energy_small_angles,dop853_strict,DOP853,1e-09,1e-11,1.5869837296620777,-0.06888944736291648,-0.09655641852369345,-0.06888944734838738,-0.09655641854327572,1.4529100145210805e-11,1.9582266364004397e-11,1.9582266364004397e-11,-0.16524142512193804,-1.9929701099004964,-0.16524142512693446,-1.9929701098996087,4.996419944447439e-12,8.877343304902752e-13,5.074670876303523e-12,1.4494641598084002e-11,-29.28221772415181,9.606537787476555e-12,9.606537787476555e-12,3.280672890957294e-13,-29.282217724170426,9.00968188943807e-12,-9.00968188943807e-12,-3.0768441018741483e-13
low_energy_small_angles,dop853_strict,DOP853,1e-09,1e-11,1.5919899874843555,-0.06824541460916803,-0.09564700542511945,-0.06824541449134136,-0.09564700553512848,1.1782666509141393e-10,1.1000902966351589e-10,1.1782666509141393e-10,-0.163693688905523,-1.993101496666198,-0.16369368889747682,-1.9931014966637268,8.046174837517128e-12,2.4711344082106734e-12,8.417091824337935e-12,1.175523983709681e-10,-29.282217724153192,8.22453216642316e-12,8.22453216642316e-12,2.8087121829016774e-13,-29.28221772424276,8.134293238981627e-11,-8.134293238981627e-11,-2.7778952112188683e-12
low_energy_small_angles,dop853_strict,DOP853,1e-09,1e-11,1.5969962453066333,-0.06759136339310079,-0.09472411541940673,-0.06759136317379866,-0.09472411561865242,2.1930213200960225e-10,1.9924568939178045e-10,2.1930213200960225e-10,-0.16212243335736676,-1.9932335978336402,-0.16212243333691784,-1.9932335978296067,2.0448920334814602e-11,4.033440248463194e-12,2.0842912058959444e-11,2.1880136591434507e-10,-29.282217724157594,3.822719918389339e-12,3.822719918389339e-12,1.3054748634134793e-13,-29.282217724315295,1.538786875698861e-10,-1.538786875698861e-10,-5.255021631879929e-12
low_energy_small_angles,dop853_strict,DOP853,1e-09,1e-11,1.6020025031289111,-0.06692738943605088,-0.09378787852972183,-0.06692738912448598,-0.09378787881012396,3.11564898880512e-10,2.804021320690353e-10,3.11564898880512e-10,-0.16052787961782033,-1.993366337974157,-0.1605278795861228,-1.9933663379687339,3.1697533486862994e-11,5.423217430688965e-12,3.215812364630949e-11,3.108673596319278e-10,-29.282217724162688,1.2718714970105793e-12,-1.2718714970105793e-12,-4.343494434033695e-14,-29.28221772438159,2.2017232481630344e-10,-2.2017232481630344e-10,-7.518977110624866e-12
low_energy_small_angles,dop853_strict,DOP853,1e-09,1e-11,1.607008760951189,-0.06625359003503166,-0.09283842649658328,-0.0662535896480704,-0.0928384268428509,3.86961254705831e-10,3.4626762568379377e-10,3.86961254705831e-10,-0.15891025219644012,-1.9934996412944854,-0.1589102521551043,-1.9934996412880035,4.133582365284383e-11,6.481926106971514e-12,4.184095700525075e-11,3.8611228103668793e-10,-29.282217724165683,4.266809128239402e-12,-4.266809128239402e-12,-1.4571331886241532e-13,-29.282217724434858,2.7344171371623816e-10,-2.7344171371623816e-10,-9.33814905319194e-12
low_energy_small_angles,dop853_strict,DOP853,1e-09,1e-11,1.612015018773467,-0.06557006404537373,-0.09187589276378293,-0.06557006360743305,-0.09187589315351476,4.3794068371738604e-10,3.8973183014157087e-10,4.3794068371738604e-10,-0.15726977894591382,-1.9936334316793958,-0.15726977889700233,-1.9936334316723345,4.8911485972524815e-11,7.061240481220921e-12,4.941856510638613e-11,4.369995754149869e-10,-29.282217724163967,2.5508484213787597e-12,-2.5508484213787597e-12,-8.711254200101098e-14,-29.28221772446866,3.072422316563461e-10,-3.072422316563461e-10,-1.0492450898035419e-11
low_energy_small_angles,dop853_strict,DOP853,1e-09,1e-11,1.6170212765957448,-0.06487691186323201,-0.09090041246404362,-0.06487691140531648,-0.09090041286866747,4.579155249428979e-10,4.0462384831574383e-10,4.579155249428979e-10,-0.15560669103548236,-1.9937676327345186,-0.1556066909814835,-1.9937676327274763,5.399886093826467e-11,7.042366689802293e-12,5.4456146679908255e-11,4.5695217054664283e-10,-29.282217724155593,5.822897719554021e-12,5.822897719554021e-12,1.9885439601623539e-13,-29.2822177244777,3.162838879688934e-10,-3.162838879688934e-10,-1.080122724816435e-11
low_energy_small_angles,dop853_strict,DOP853,1e-09,1e-11,1.6220275344180226,-0.06417423540794637,-0.08991212240442399,-0.0641742349653216,-0.0899121227914047,4.426247701694308e-10,3.8698071136433754e-10,4.426247701694308e-10,-0.1539212229238479,-1.9939021678293405,-0.15392122286755183,-1.9939021678229785,5.629607890966781e-11,6.362022020311997e-12,5.665442458264385e-11,4.4171363788869655e-10,-29.282217724139546,2.1870505406695884e-11,2.1870505406695884e-11,7.468869199975259e-13,-29.282217724458928,2.9751134889011155e-10,-2.9751134889011155e-10,-1.0160137175833791e-11
low_energy_small_angles,dop853_strict,DOP853,1e-09,1e-11,1.6270337922403004,-0.0634621381042432,-0.08891116105148249,-0.06346213771223158,-0.0889111613882383,3.920116176114874e-10,3.3675581767589335e-10,3.920116176114874e-10,-0.1522136123315608,-1.9940369601403487,-0.15221361227576397,-1.994036960135308,5.5796839371069495e-11,5.040634576403136e-12,5.602405983801747e-11,3.9122248496337164e-10,-29.282217724115903,4.551381493911322e-11,4.551381493911322e-11,1.5543158434191528e-12,-29.282217724412728,2.5131186021098983e-10,-2.5131186021098983e-10,-8.58240528700211e-12
low_energy_small_angles,dop853_strict,DOP853,1e-09,1e-11,1.6320400500625782,-0.06274072486426437,-0.08789766851621138,-0.0627407245516389,-0.08789766877619018,3.1262546718036077e-10,2.599788023749383e-10,3.1262546718036077e-10,-0.15048410021287706,-1.9941719326943044,-0.15048410015984182,-1.9941719326910836,5.3035242864041265e-11,3.220756994437579e-12,5.313294892310287e-11,3.12010361991355e-10,-29.282217724085832,7.558398351648066e-11,7.558398351648066e-11,2.5812246950856667e-12,-29.28221772434437,1.829540963171894e-10,-1.829540963171894e-10,-6.247959018699252e-12
low_energy_small_angles,dop853_strict,DOP853,1e-09,1e-11,1.637046307884856,-0.06201010206941036,-0.08687178653875224,-0.06201010184885251,-0.08687178671012938,2.2055784976160453e-10,1.7137713470560811e-10,2.2055784976160453e-10,-0.14873293072707777,-1.9943070084116115,-0.14873293067767474,-1.9943070084104104,4.9403037216677603e-11,1.2010392680394943e-12,4.94176343176786e-11,2.2013393191633313e-10,-29.282217724051506,1.099103030810511e-10,1.099103030810511e-10,3.75348288563409e-12,-29.282217724265692,1.042756991864735e-10,-1.042756991864735e-10,-3.5610588026067873e-12
low_energy_small_angles,dop853_strict,DOP853,1e-09,1e-11,1.6420525657071339,-0.06127037755198471,-0.08583365847290429,-0.06127037740706165,-0.08583365857037542,1.4492305966395946e-10,9.747112839075811e-11,1.4492305966395946e-10,-0.1469603512092439,-1.9944421101497682,-0.14696035116170508,-1.994442110150286,4.753880622487827e-11,5.17808018685173e-13,4.754162620725904e-11,1.4465111747297144e-10,-29.28221772401591,1.4550494142895332e-10,1.4550494142895332e-10,4.969054693862682e-12,-29.28221772419697,3.555200578375661e-11,-3.555200578375661e-11,-1.2141158883065695e-12
low_energy_small_angles,dop853_strict,DOP853,1e-09,1e-11,1.647058823529412,-0.06052166057662626,-0.0847834292704368,-0.0605216604450694,-0.08478342935029533,1.3155685568699838e-10,7.985852257252901e-11,1.3155685568699838e-10,-0.14516661214047719,-1.9945771607468703,-0.14516661208873285,-1.994577160748065,5.1744331042158365e-11,1.1945999744966684e-12,5.1758118823036266e-11,1.3131599280180595e-10,-29.282217723982573,1.7884360659081722e-10,1.7884360659081722e-10,6.107584072884252e-12,-29.28221772416876,7.343459174080635e-12,-7.343459174080635e-12,-2.5078220656837005e-13
low_energy_small_angles,dop853_strict,DOP853,1e-09,1e-11,1.6520650813516897,-0.0597640618215164,-0.08372124546521728,-0.059764061665773714,-0.08372124556326456,1.557426826392927e-10,9.804727862938734e-11,1.557426826392927e-10,-0.1433519671175618,-1.9947120830651455,-0.14335196705980102,-1.9947120830662488,5.7760768390480166e-11,1.1033396418724806e-12,5.777130536368397e-11,1.5546463422166923e-10,-29.282217723955252,2.0616397478079307e-10,2.0616397478079307e-10,7.0405860895803166e-12,-29.28221772416481,3.3928415632544784e-12,-3.3928415632544784e-12,-1.1586696046095473e-13
low_energy_small_angles,dop853_strict,DOP853,1e-09,1e-11,1.6570713391739675,-0.05899769335934753,-0.0826472551571658,-0.058997693189318794,-0.0826472552663711,1.7002873414773134e-10,1.0920529758262632e-10,1.7002873414773134e-10,-0.1415166728220569,-1.9948468000344954,-0.14151667276115654,-1.9948468000355057,6.090036808181765e-11,1.0103029524088925e-12,6.090874768501253e-11,1.6973290828392606e-10,-29.282217723937627,2.2378898734132235e-10,2.2378898734132235e-10,7.642487650676439e-12,-29.282217724159675,1.7408297026122455e-12,1.7408297026122455e-12,5.94500634825841e-14
low_energy_small_angles,dop853_strict,DOP853,1e-09,1e-11,1.6620775969962454,-0.05822266863804037,-0.08156160799604811,-0.05822266846488133,-0.08156160810737566,1.7315903572123759e-10,1.1132754440534853e-10,1.7315903572123759e-10,-0.1396609889888156,-1.9949812346960192,-0.13966098892690745,-1.9949812346970255,6.190814527684552e-11,1.0063061495202419e-12,6.191632340252102e-11,1.7286562459251087e-10,-29.282217723932916,2.2849988567941182e-10,2.2849988567941182e-10,7.803366802059922e-12,-29.28221772415769,3.7267966490617255e-12,3.7267966490617255e-12,1.2727166651679738e-13
low_energy_small_angles,dop853_strict,DOP853,1e-09,1e-11,1.6670838548185232,-0.05743910246119631,-0.08046445516511794,-0.057439102298418386,-0.08046445526741551,1.6277792308505568e-10,1.0229757319013544e-10,1.6277792308505568e-10,-0.13778517837392185,-1.9951153102454977,-0.13778517831337894,-1.9951153102466197,6.054290402346396e-11,1.1219913886861832e-12,6.055329959854091e-11,1.6250947809659522e-10,-29.28221772394357,2.1784529735668912e-10,2.1784529735668912e-10,7.439508148214474e-12,-29.28221772415972,1.694644424787839e-12,1.694644424787839e-12,5.78728169003931e-14
low_energy_small_angles,dop853_strict,DOP853,1e-09,1e-11,1.672090112640801,-0.05664711096827184,-0.0793559493646199,-0.056647110831823555,-0.07935594944503471,1.364482832277858e-10,8.041481369680525e-11,1.364482832277858e-10,-0.13588950672203867,-1.9952489500768098,-0.135889506665971,-1.9952489500781603,5.60676782779268e-11,1.3504752871540404e-12,5.608394004506387e-11,1.3622942357516266e-10,-29.282217723970973,1.9044321675210085e-10,1.9044321675210085e-10,6.503715618334532e-12,-29.282217724164425,3.0091484859440243e-12,-3.0091484859440243e-12,-1.0276368116275251e-13
low_energy_small_angles,dop853_strict,DOP853,1e-09,1e-11,1.6770963704630788,-0.05584681161446202,-0.07823624479516485,-0.055846811521980524,-0.07823624483998513,9.248149468454869e-11,4.48202863712055e-11,9.248149468454869e-11,-0.1339742427331625,-1.9953820778252647,-0.1339742426855084,-1.9953820778269238,4.7654102885985594e-11,1.659117287999834e-12,4.768297591429713e-11,9.23373114081194e-11,-29.28221772401519,1.4622614230574982e-10,1.4622614230574982e-10,4.993684005876895e-12,-29.28221772416932,7.904787935331115e-12,-7.904787935331115e-12,-2.699518188749992e-13
low_energy_small_angles,dop853_strict,DOP853,1e-09,1e-11,1.6821026282853568,-0.055038323150279476,-0.07710549714098833,-0.05503832311970941,-0.0771054971368005,3.057006731088663e-11,4.1878306378251295e-12,3.057006731088663e-11,-0.13203965802877557,-1.9955146174108167,-0.13203965799407638,-1.9955146174128209,3.46991879673908e-11,2.0041746040533326e-12,3.475701888021829e-11,3.46991879673908e-11,-29.282217724074794,8.662226491651381e-11,8.662226491651381e-11,2.958186628229317e-12,-29.28221772417158,1.0164313835048233e-11,-1.0164313835048233e-11,-3.4711557474219e-13
low_energy_small_angles,dop853_strict,DOP853,1e-09,1e-11,1.6871088861076347,-0.054221765600816305,-0.07596386355310417,-0.054221765648601886,-0.07596386348814554,4.778558104767683e-11,6.495862181488121e-11,6.495862181488121e-11,-0.13008602711739212,-1.995646493081146,-0.13008602710033618,-1.995646493083486,1.7055939993682045e-11,2.340128091304905e-12,1.7215727941385373e-11,4.7715352502475383e-11,-29.28221772414683,1.4587442365154857e-11,1.4587442365154857e-11,4.98167266652021e-13,-29.282217724168678,7.261746759468224e-12,-7.261746759468224e-12,-2.4799169338449366e-13
low_energy_small_angles,dop853_strict,DOP853,1e-09,1e-11,1.6921151439299125,-0.05339726024467489,-0.07481150263236357,-0.0533972603837402,-0.0748115024979415,1.3906530788032612e-10,1.3442207069669365e-10,1.3906530788032612e-10,-0.12811362735949108,-1.9957776294545795,-0.1281136273643121,-1.995777629457204,4.821004706556664e-12,2.62456723021387e-12,5.489120104948881e-12,1.38867098375961e-10,-29.28221772422682,6.540190611303842e-11,-6.540190611303842e-11,-2.233502487042634e-12,-29.282217724158812,2.604139126560767e-12,2.604139126560767e-12,8.893244190353907e-14
low_energy_small_angles,dop853_strict,DOP853,1e-09,1e-11,1.6971214017521903,-0.05256492959255535,-0.07364857441243225,-0.05256492983029631,-0.07364857420427084,2.377409588638635e-10,2.081614047799718e-10,2.377409588638635e-10,-0.12612273893183096,-1.9959079515628235,-0.12612273896164644,-1.9959079515656495,2.981548341551843e-11,2.8259616868808735e-12,2.994910868050622e-11,2.37412582648755e-10,-29.282217724308925,1.475086719437968e-10,-1.475086719437968e-10,-5.0374829301977385e-12,-29.282217724141166,2.0250467969162855e-11,2.0250467969162855e-11,6.915619629606722e-13
low_energy_small_angles,dop853_strict,DOP853,1e-09,1e-11,1.702127659574468,-0.05172489736548584,-0.07247524034269591,-0.05172489770200644,-0.07247524006206277,3.365205961114448e-10,2.806331417248842e-10,3.365205961114448e-10,-0.1241136447911409,-1.996037384893494,-0.12411364484731499,-1.9960373848964164,5.6174093154837124e-11,2.922329045418337e-12,5.6250055545021595e-11,3.3607051863615567e-10,-29.2822177243863,2.248832231543929e-10,-2.248832231543929e-10,-7.679856262008348e-12,-29.28221772411604,4.537525910564e-11,4.537525910564e-11,1.5495841036725798e-12
low_energy_small_angles,dop853_strict,DOP853,1e-09,1e-11,1.707133917396746,-0.05087728847268276,-0.07129166327110592,-0.050877288899516745,-0.0712916629255612,4.2683398482346036e-10,3.455447178390969e-10,4.2683398482346036e-10,-0.12208663063718284,-1.9961658554324084,-0.12208663071879754,-1.9961658554353154,8.16147011084567e-11,2.90700796767851e-12,8.166645659232969e-11,4.2628167662428496e-10,-29.282217724451538,2.901217044382065e-10,-2.901217044382065e-10,-9.90777772268323e-12,-29.282217724084823,7.659295420126e-11,7.659295420126e-11,2.6156814665735318e-12
low_energy_small_angles,dop853_strict,DOP853,1e-09,1e-11,1.7121401752190237,-0.05002222898902761,-0.07009800742697636,-0.05002222948859583,-0.07009800703057786,4.995682201247575e-10,3.9639849735984e-10,4.995682201247575e-10,-0.12004198487518039,-1.9962932897056274,-0.12004198497869874,-1.9962932897084122,1.0351834667243764e-10,2.7848834349697427e-12,1.035557998063911e-10,4.989433380342412e-10,-29.282217724497336,3.3591973647162376e-10,-3.3591973647162376e-10,-1.1471799698915865e-11,-29.282217724049886,1.1153034051858413e-10,1.1153034051858413e-10,3.808807842670944e-12
low_energy_small_angles,dop853_strict,DOP853,1e-09,1e-11,1.7171464330413018,-0.04915984613214744,-0.06889443840374372,-0.04915984667820957,-0.06889443797653168,5.460621330111159e-10,4.2721204351892084e-10,5.460621330111159e-10,-0.1179799985776093,-1.996419614821213,-0.11797999869681317,-1.9964196148237887,1.1920386899788582e-10,2.575717417130363e-12,1.192316933716788e-10,5.454024384898837e-10,-29.282217724517338,3.559215144832706e-10,-3.559215144832706e-10,-1.215486879566474e-11,-29.282217724014377,1.4703971373819513e-10,1.4703971373819513e-10,5.021467811055491e-12
low_energy_small_angles,dop853_strict,DOP853,1e-09,1e-11,1.7221526908635796,-0.04829026823908568,-0.06768112314170091,-0.048290268798454286,-0.06768112270827722,5.593686069893522e-10,4.3342368583054736e-10,5.593686069893522e-10,-0.11590096544534584,-1.9965447585106868,-0.11590096557163101,-1.9965447585129976,1.2628517676027684e-10,2.310818203454801e-12,1.2630631714266623e-10,5.587165244347325e-10,-29.282217724507195,3.4577851693029515e-10,-3.4577851693029515e-10,-1.1808481180883562e-11,-29.282217723981923,1.794937531940377e-10,1.794937531940377e-10,6.129786851695095e-12
low_energy_small_angles,dop853_strict,DOP853,1e-09,1e-11,1.7271589486858574,-0.047413624742549926,-0.06645822991071618,-0.04741362527834322,-0.06645822949772341,5.357932916782993e-10,4.129927649865195e-10,5.357932916782993e-10,-0.11380518176816815,-1.996668649170161,-0.11380518189127822,-1.9966686491721932,1.2311007768772697e-10,2.0321522242738865e-12,1.231268487006014e-10,5.351911552819999e-10,-29.2822177244658,3.043822971449117e-10,-3.043822971449117e-10,-1.0394782936599746e-11,-29.282217723956325,2.0509105524979532e-10,2.0509105524979532e-10,7.003945438209418e-12
low_energy_small_angles,dop853_strict,DOP853,1e-09,1e-11,1.7321652065081352,-0.046530046146723944,-0.06522592829294913,-0.04653004662344273,-0.06522592792524502,4.767187894438862e-10,3.6770410327680025e-10,4.767187894438862e-10,-0.11169294638460753,-1.9967912159011183,-0.11169294649388814,-1.9967912159029115,1.0928061233705932e-10,1.7932322293745528e-12,1.0929532430342623e-10,4.762028202320856e-10,-29.28221772439681,2.353921502162848e-10,-2.353921502162848e-10,-8.038740522786888e-12,-29.282217723941233,2.2018298295733985e-10,2.2018298295733985e-10,7.519341090605372e-12
low_energy_small_angles,dop853_strict,DOP853,1e-09,1e-11,1.737171464330413,-0.04563966400263049,-0.06398438916557461,-0.04563966439335341,-0.06398438886088875,3.9072291929675984e-10,3.0468585987541985e-10,3.9072291929675984e-10,-0.109564560641146,-1.9969123885508213,-0.10956456072739967,-1.9969123885524769,8.625367087233826e-11,1.6555645743210334e-12,8.626955797390758e-11,3.9031605725270424e-10,-29.282217724310314,1.488977829922078e-10,-1.488977829922078e-10,-5.084921654323637e-12,-29.282217723939755,2.2166091184772085e-10,2.2166091184772085e-10,7.569812981235483e-12
low_energy_small_angles,dop853_strict,DOP853,1e-09,1e-11,1.7421777221526908,-0.04474261088303161,-0.06273378468352597,-0.04474261117903174,-0.06273378444537578,2.960001341256735e-10,2.381501940096342e-10,2.960001341256735e-10,-0.10742032835075646,-1.9970320977523262,-0.10742032840877865,-1.997032097754017,5.802218427941597e-11,1.6908696665041134e-12,5.804681652583205e-11,2.957038988671279e-10,-29.28221772422483,6.341238645291014e-11,-6.341238645291014e-11,-2.165559557348252e-12,-29.282217723954158,2.0725821059386362e-10,2.0725821059386362e-10,7.077954700912227e-12
low_energy_small_angles,dop853_strict,DOP853,1e-09,1e-11,1.7471839799749687,-0.04383902035685362,-0.06147428826226905,-0.04383902057994818,-0.061474288070902806,2.2309455671720713e-10,1.913662422969864e-10,2.2309455671720713e-10,-0.10526055575078277,-1.9971502749640746,-0.10526055578265822,-1.9971502749660544,3.1875446726559176e-11,1.979749697511579e-12,3.1936867612251976e-11,2.2288021428451543e-10,-29.282217724169428,8.01136934569513e-12,-8.01136934569513e-12,-2.735916186800554e-13,-29.28221772398557,1.758451162459096e-10,1.758451162459096e-10,6.005184371702005e-12
low_energy_small_angles,dop853_strict,DOP853,1e-09,1e-11,1.7521902377972467,-0.042929026986563194,-0.06020607454340378,-0.042929027181077044,-0.06020607436174351,1.94513849471889e-10,1.8166027015986685e-10,1.94513849471889e-10,-0.10308555146639213,-1.9972668525090786,-0.10308555147939565,-1.9972668525116615,1.3003514931497762e-11,2.582822844487964e-12,1.325754028542603e-11,1.9433464559792668e-10,-29.282217724163417,2.000177801164682e-12,-2.000177801164682e-12,-6.830690967488744e-14,-29.282217724033742,1.276738714750536e-10,1.276738714750536e-10,4.360116186476785e-12
low_energy_small_angles,dop853_strict,DOP853,1e-09,1e-11,1.7571964956195245,-0.042012766367125864,-0.05892931932785113,-0.04201276652971431,-0.05892931915465274,1.6258844270922168e-10,1.7319838618856664e-10,1.7319838618856664e-10,-0.10089562648299508,-1.9973817636137798,-0.10089562647254231,-1.9973817636171516,1.0452763654633657e-11,3.3717473257866004e-12,1.098312105225921e-11,1.624449741388645e-10,-29.282217724160347,1.0693668173189508e-12,1.0693668173189508e-12,3.6519324710730235e-14,-29.28221772409691,6.45066222659807e-11,6.45066222659807e-11,2.2029281686801623e-12
low_energy_small_angles,dop853_strict,DOP853,1e-09,1e-11,1.7622027534418023,-0.04109037498835805,-0.05764419964042087,-0.04109037511211808,-0.05764419947907455,1.2376003000191815e-10,1.6134631825037715e-10,1.6134631825037715e-10,-0.09869109407314597,-1.9974949424460728,-0.09869109403572321,-1.9974949424502844,3.742275933582562e-11,4.211520021613069e-12,3.765899384210326e-11,1.2365556495419483e-10,-29.282217724158734,2.682298827494378e-12,2.682298827494378e-12,9.160162842724692e-14,-29.282217724171737,1.0320633236915455e-11,-1.0320633236915455e-11,-3.524539477896057e-13
low_energy_small_angles,dop853_strict,DOP853,1e-09,1e-11,1.7672090112640801,-0.04016199024933373,-0.056350893683844994,-0.040161990329968464,-0.056350893537157096,8.063473500019569e-11,1.4668789793947923e-10,1.4668789793947923e-10,-0.09647226976481046,-1.997606324152939,-0.09647226969892513,-1.997606324157963,6.588533885132364e-11,5.023981231033758e-12,6.607660904558826e-11,8.056971756431608e-11,-29.282217724159633,1.7834622667578515e-12,1.7834622667578515e-12,6.090598340460657e-14,-29.28221772425336,9.194423000735696e-11,-9.194423000735696e-11,-3.1399339651617886e-12
low_energy_small_angles,dop853_strict,DOP853,1e-09,1e-11,1.772215269086358,-0.03922775044004492,-0.05504958081436222,-0.0392277504766417,-0.05504958068357567,3.659677422218621e-11,1.3078654825804392e-10,1.3078654825804392e-10,-0.09423947129820975,-1.9977158448976426,-0.09423947120418996,-1.9977158449034036,9.40197919518937e-11,5.760947274779937e-12,9.419612408257661e-11,9.40197919518937e-11,-29.282217724162315,8.988365607365267e-13,-8.988365607365267e-13,-3.069564502264036e-14,-29.28221772433563,1.7421442066734016e-10,-1.7421442066734016e-10,-5.949495434684646e-12
low_energy_small_angles,dop853_strict,DOP853,1e-09,1e-11,1.7772215269086358,-0.03828779471767002,-0.05374044152095682,-0.03828779471329453,-0.05374044140516604,4.3754930234563005e-12,1.1579077974221974e-10,1.1579077974221974e-10,-0.09199301858070762,-1.9978234418963652,-0.09199301846071171,-1.9978234419027525,1.199959021036534e-10,6.387335105273451e-12,1.2016577953567576e-10,1.199959021036534e-10,-29.282217724165147,3.730349362740526e-12,-3.730349362740526e-12,-1.2739299317696592e-13,-29.282217724411435,2.5001867243190645e-10,-2.5001867243190645e-10,-8.538242382700762e-12
low_energy_small_angles,dop853_strict,DOP853,1e-09,1e-11,1.7822277847309136,-0.03734226308274969,-0.05242365740443977,-0.0373422630447543,-0.052423657300370075,3.799539155524556e-11,1.040696973042543e-10,1.040696973042543e-10,-0.08973323364123108,-1.9979290534542602,-0.08973323349933544,-1.9979290534611318,1.4189563413147255e-10,6.871614388614944e-12,1.4206192336399835e-10,1.4189563413147255e-10,-29.2822177241662,4.781952611665474e-12,-4.781952611665474e-12,-1.6330568458685345e-13,-29.28221772447323,3.1181457416096237e-10,-3.1181457416096237e-10,-1.0648598309672328e-11
low_energy_small_angles,dop853_strict,DOP853,1e-09,1e-11,1.7872340425531916,-0.03639129635527576,-0.05109941115636592,-0.03639129629521058,-0.05109941105849555,6.006517505596776e-11,9.787036459041332e-11,9.787036459041332e-11,-0.0874604405842247,-1.9980326190009068,-0.08746044042645668,-1.9980326190080913,1.5776802086975295e-10,7.184475236954313e-12,1.5793152026618756e-10,1.5776802086975295e-10,-29.282217724163797,2.3803181647963356e-12,-2.3803181647963356e-12,-8.128886231292112e-14,-29.282217724513767,3.523510372360761e-10,-3.523510372360761e-10,-1.203293550219536e-11
low_energy_small_angles,dop853_strict,DOP853,1e-09,1e-11,1.7922403003754694,-0.035435036150698936,-0.049767886537780914,-0.03543503608370401,-0.04976788643879246,6.699492349770964e-11,9.89884563207255e-11,9.89884563207255e-11,-0.08517496554313941,-1.9981340791251454,-0.08517496537732067,-1.9981340791324436,1.6581874762167104e-10,7.298162074675929e-12,1.6597927651513508e-10,1.6581874762167104e-10,-29.282217724156833,4.583000645652646e-12,4.583000645652646e-12,1.5651139161741527e-13,-29.282217724526962,3.6554581583914114e-10,-3.6554581583914114e-10,-1.2483542718061312e-11
low_energy_small_angles,dop853_strict,DOP853,1e-09,1e-11,1.7972465581977473,-0.034473624855860314,-0.04842926835779081,-0.03447362479940749,-0.04842926824934683,5.645282158406317e-11,1.0844397602127742e-10,1.0844397602127742e-10,-0.08287713663345539,-1.9982333756092707,-0.08287713646871928,-1.9982333756164663,1.6473611363920782e-10,7.1955774672005646e-12,1.6489318807044902e-10,1.6473611363920782e-10,-29.282217724144946,1.6470380614919122e-11,1.6470380614919122e-11,5.624703965413467e-13,-29.282217724509053,3.476365861843078e-10,-3.476365861843078e-10,-1.1871935024151707e-11
low_energy_small_angles,dop853_strict,DOP853,1e-09,1e-11,1.802252816020025,-0.033507205604853034,-0.04708374245194896,-0.03350720557669617,-0.0470837423257954,2.8156865727879676e-11,1.2615355982070753e-10,1.2615355982070753e-10,-0.08056728390524164,-1.9983304514625657,-0.08056728375108682,-1.9983304514694464,1.5415481391389818e-10,6.88071821741687e-12,1.5430829833815182e-10,1.5415481391389818e-10,-29.282217724128618,3.2798652682686225e-11,3.2798652682686225e-11,1.1200877266759518e-12,-29.28221772445991,2.984918978654605e-10,-2.984918978654605e-10,-1.0193623334040308e-11
low_energy_small_angles,dop853_strict,DOP853,1e-09,1e-11,1.8072590738423029,-0.03253592225481906,-0.04573149566045297,-0.03253592227000127,-0.04573149550986201,1.518221659502217e-11,1.50590956371488e-10,1.50590956371488e-10,-0.07824573929525228,-1.9984252509541593,-0.07824573915999294,-1.9984252509605496,1.352593315129269e-10,6.390221685137476e-12,1.354101978970161e-10,1.352593315129269e-10,-29.282217724109096,5.232081434769498e-11,5.232081434769498e-11,1.7867777243020735e-12,-29.282217724384623,2.2320634229799907e-10,-2.2320634229799907e-10,-7.622590078408799e-12
low_energy_small_angles,dop853_strict,DOP853,1e-09,1e-11,1.8122653316645807,-0.03155991936168691,-0.044372715806145616,-0.03155991942844362,-0.04437271562771814,6.67567112699885e-11,1.78427474184506e-10,1.78427474184506e-10,-0.07591283657856171,-1.9985177196451818,-0.07591283646703333,-1.9985177196509902,1.1152838375050322e-10,5.808464820233894e-12,1.1167953548241238e-10,1.1152838375050322e-10,-29.282217724088294,7.312195293707191e-11,7.312195293707191e-11,2.497145319588869e-12,-29.282217724295304,1.3388756769927568e-10,-1.3388756769927568e-10,-4.5723165151115595e-12
low_energy_small_angles,dop853_strict,DOP853,1e-09,1e-11,1.8172715894868585,-0.030579342155855824,-0.04300759167231341,-0.030579342270242473,-0.043007591468169494,1.1438664945795374e-10,2.041439170485937e-10,2.041439170485937e-10,-0.07356891131973996,-1.998607804420209,-0.073568911230118,-1.9986078044254887,8.962196262896072e-11,5.2797766159073944e-12,8.977734807055015e-11,1.1433317140263632e-10,-29.282217724068598,9.281819757234189e-11,9.281819757234189e-11,3.169780323563249e-12,-29.282217724213123,5.170619488126249e-11,-5.170619488126249e-11,-1.7657882120929163e-12
low_energy_small_angles,dop853_strict,DOP853,1e-09,1e-11,1.8222778473091366,-0.02959433651783194,-0.041636312980276105,-0.02959433665689529,-0.041636312760670556,1.3906335111224521e-10,2.196055490233384e-10,2.196055490233384e-10,-0.07121430082357072,-1.9986954535179653,-0.07121430074315796,-1.9986954535229913,8.04127597842097e-11,5.025979632478084e-12,8.056967424148554e-11,1.3900245884879148e-10,-29.28221772405261,1.0880540912694414e-10,1.0880540912694414e-10,3.7157502943216745e-12,-29.28221772417066,9.244160992238903e-12,-9.244160992238903e-12,-3.156919697585384e-13
low_energy_small_angles,dop853_strict,DOP853,1e-09,1e-11,1.8272841051314144,-0.028605048953822196,-0.04025907036676124,-0.02860504909205704,-0.04025907014544285,1.3823484371067174e-10,2.2131838722794228e-10,2.2131838722794228e-10,-0.06884934408531432,-1.9987806165612803,-0.06884934400235355,-1.9987806165662345,8.296076325908786e-11,4.9542592250872985e-12,8.31085610812736e-11,1.381782917253549e-10,-29.28221772404289,1.185256337521423e-10,1.185256337521423e-10,4.0477000365427976e-12,-29.282217724167136,5.7198690228688065e-12,-5.7198690228688065e-12,-1.9533592287134775e-13
low_energy_small_angles,dop853_strict,DOP853,1e-09,1e-11,1.8322903629536922,-0.027611626571291067,-0.03887605536105648,-0.027611626707641605,-0.0388760551429281,1.363505384988084e-10,2.1812838341128682e-10,2.1812838341128682e-10,-0.06647438174051717,-1.99886324458627,-0.06647438165885217,-1.9988632445909835,8.166500808926003e-11,4.713562873348565e-12,8.180092432961816e-11,1.362985627140212e-10,-29.28221772404164,1.197761889670801e-10,1.197761889670801e-10,4.090407020922123e-12,-29.28221772416171,2.948752353404416e-13,-2.948752353404416e-13,-1.0070112793988735e-14
low_energy_small_angles,dop853_strict,DOP853,1e-09,1e-11,1.83729662077597,-0.026614217054486383,-0.0374874603619343,-0.026614217189701982,-0.03748746014909047,1.3521559913409753e-10,2.1284383283637354e-10,2.1284383283637354e-10,-0.06408975601437236,-1.9989432900707316,-0.06408975593684578,-1.9989432900751105,7.752658237603072e-11,4.3789416537265424e-12,7.765015199543538e-11,1.3516771382726667e-10,-29.28221772405048,1.1093703733422444e-10,1.1093703733422444e-10,3.788546290422798e-12,-29.28221772415912,2.2950530365051236e-12,2.2950530365051236e-12,7.837702246887617e-14
low_energy_small_angles,dop853_strict,DOP853,1e-09,1e-11,1.8423028785982478,-0.02561296863993924,-0.03609347861434202,-0.02561296877522697,-0.03609347840826453,1.3528772893622865e-10,2.0607748840717477e-10,2.0607748840717477e-10,-0.06169581067063265,-1.9990207069617334,-0.06169581059993273,-1.999020706965705,7.069991814212528e-11,3.971711848294035e-12,7.08113897639998e-11,1.3524335470971316e-10,-29.28221772407019,9.122658184423926e-11,9.122658184423926e-11,3.1154259798077436e-12,-29.28221772416073,6.856737400084967e-13,6.856737400084967e-13,2.341604541252802e-14
low_energy_small_angles,dop853_strict,DOP853,1e-09,1e-11,1.8473091364205256,-0.024608030091943817,-0.03469430418585087,-0.02460803022823696,-0.034694303988607685,1.3629314343788224e-10,1.9724318706115795e-10,1.9724318706115795e-10,-0.05929289096008017,-1.9990954507023824,-0.05929289089920756,-1.9990954507058707,6.087260556730811e-11,3.488320743372242e-12,6.09724732167042e-11,1.3625188130528265e-10,-29.282217724100487,6.092903959142859e-11,6.092903959142859e-11,2.0807522218904436e-12,-29.282217724165427,4.0110137433657655e-12,-4.0110137433657655e-12,-1.369777993302805e-13
low_energy_small_angles,dop853_strict,DOP853,1e-09,1e-11,1.8523153942428034,-0.0235995506780226,-0.03329013194285774,-0.02359955081557331,-0.03329013175754156,1.375507104051099e-10,1.8531617906880626e-10,1.8531617906880626e-10,-0.05688134356855581,-1.9991674782577538,-0.05688134352085472,-1.9991674782606759,4.770108613660895e-11,2.922107000813412e-12,4.7790504579219385e-11,1.3751240771076034e-10,-29.28221772413997,2.1447732478918624e-11,2.1447732478918624e-11,7.324490474374698e-13,-29.282217724170753,9.336531547887716e-12,-9.336531547887716e-12,-3.1884646292292045e-13
low_energy_small_angles,dop853_strict,DOP853,1e-09,1e-11,1.8573216520650815,-0.022587680144382585,-0.03188115752653324,-0.022587680282613726,-0.0318811573571169,1.38231141810774e-10,1.69416342066242e-10,1.69416342066242e-10,-0.05446151656455237,-1.9992367481399655,-0.054461516533418,-1.999236748142244,3.1134372857621884e-11,2.2783996911357463e-12,3.1217627686773214e-11,1.3819587835195435e-10,-29.282217724186015,2.459898951201467e-11,-2.459898951201467e-11,-8.400657950069639e-13,-29.282217724173773,1.2356338174868142e-11,-1.2356338174868142e-11,-4.2197412406617855e-13
low_energy_small_angles,dop853_strict,DOP853,1e-09,1e-11,1.8623279098873593,-0.021572568691368206,-0.03046757732850976,-0.021572568828924152,-0.030467577179292674,1.375559458005604e-10,1.4921708660353694e-10,1.4921708660353694e-10,-0.05203375934637553,-1.9993032204323855,-0.052033759334751635,-1.9993032204339638,1.1623896289947311e-11,1.5782930518071225e-12,1.1730557272219998e-11,1.3752394015242864e-10,-29.282217724234922,7.350564601438236e-11,-7.350564601438236e-11,-2.5102485988870714e-12,-29.282217724171748,1.0331291377951857e-11,-1.0331291377951857e-11,-3.5281792777011137e-13
low_energy_small_angles,dop853_strict,DOP853,1e-09,1e-11,1.8673341677096371,-0.020554366948916,-0.029049588466302505,-0.020554367083856634,-0.029049588341118527,1.3494063505481435e-10,1.2518397776717372e-10,1.3494063505481435e-10,-0.049598422588875785,-1.9993668568129492,-0.04959842259865676,-1.999366856813812,9.780974641326878e-12,8.628653347386717e-13,9.818961325933265e-12,1.349121300786571e-10,-29.282217724282066,1.20650156532065e-10,-1.20650156532065e-10,-4.120253379323584e-12,-29.282217724162656,1.2398970739013748e-12,-1.2398970739013748e-12,-4.2343004398820105e-14
low_energy_small_angles,dop853_strict,DOP853,1e-09,1e-11,1.872340425531915,-0.019533225952017362,-0.02762738875845807,-0.019533226082104213,-0.027627388659812308,1.3008685101345563e-10,9.864576169804629e-11,1.3008685101345563e-10,-0.047155858189757434,-1.9994276205765837,-0.04715585822121135,-1.999427620576768,3.1453915860790715e-11,1.8429702208777599e-13,3.1454455779270006e-11,1.300620340594083e-10,-29.282217724322287,1.6087042808976548e-10,-1.6087042808976548e-10,-5.493792499091613e-12,-29.282217724145454,1.596234255885065e-11,1.596234255885065e-11,5.451206841372456e-13
low_energy_small_angles,dop853_strict,DOP853,1e-09,1e-11,1.8773466833541927,-0.018509297116194333,-0.026201176699423456,-0.018509297239222414,-0.026201176627721777,1.230280807784645e-10,7.170167931613847e-11,1.230280807784645e-10,-0.044706419215467856,-1.9994854766567112,-0.04470641926679779,-1.9994854766563126,5.132993335932312e-11,3.985700658404312e-13,5.1331480757620236e-11,1.2300700388823138e-10,-29.282217724350357,1.8894041886596824e-10,-1.8894041886596824e-10,-6.45239444108324e-12,-29.282217724120255,4.1161740682582604e-11,4.1161740682582604e-11,1.4056906847126926e-12
low_energy_small_angles,dop853_strict,DOP853,1e-09,1e-11,1.8823529411764706,-0.01748273221299434,-0.02477115143412928,-0.017482732327127645,-0.02477115138716128,1.1413330697207513e-10,4.6967998934555055e-11,1.1413330697207513e-10,-0.04225045984667254,-1.999540391645829,-0.04225045991383482,-1.999540391644997,6.716227574088407e-11,8.320011346540923e-13,6.716742892639714e-11,1.1411586606224766e-10,-29.282217724361683,2.0026647007398424e-10,-2.0026647007398424e-10,-6.839183833700542e-12,-29.282217724088348,7.30686622318899e-11,7.30686622318899e-11,2.495325419686341e-12
low_energy_small_angles,dop853_strict,DOP853,1e-09,1e-11,1.8873591989987484,-0.01645368334550915,-0.023337512732280824,-0.0164536834495828,-0.023337512705113434,1.0407364900433258e-10,2.716738986552336e-11,1.0407364900433258e-10,-0.039788335323320545,-1.9995923338151456,-0.03978833540022011,-1.9995923338140673,7.689956310619195e-11,1.078248601515952e-12,7.690712207572111e-11,1.040595595802607e-10,-29.28221772435321,1.9179324795004504e-10,-1.9179324795004504e-10,-6.549819749198577e-12,-29.28221772405207,1.0934542160612182e-10,1.0934542160612182e-10,3.734191946667293e-12
low_energy_small_angles,dop853_strict,DOP853,1e-09,1e-11,1.8923654568210264,-0.015422302923923947,-0.02190046096235048,-0.015422303017680022,-0.021900460947786145,9.375607581962875e-11,1.4564335848454846e-11,9.375607581962875e-11,-0.03732040188930576,-1.9996412731332627,-0.03732040196848985,-1.9996412731321356,7.918408984064484e-11,1.127098414599459e-12,7.919211093743812e-11,9.374492675184865e-11,-29.282217724324436,1.6301981986543979e-10,-1.6301981986543979e-10,-5.567195128493579e-12,-29.282217724014618,1.467981292080367e-10,1.467981292080367e-10,5.013217598164031e-12
low_energy_small_angles,dop853_strict,DOP853,1e-09,1e-11,1.8973717146433042,-0.014388743641101969,-0.020460197065265404,-0.0143887437253312,-0.02046019705501548,8.422923122863857e-11,1.0249922438587689e-11,8.422923122863857e-11,-0.03484701673672976,-1.999687181283889,-0.0348470168107025,-1.9996871812828867,7.397273765752388e-11,1.0023093466315913e-12,7.397952784774444e-11,8.422051077372483e-11,-29.28221772427878,1.1736389637917455e-10,-1.1736389637917455e-10,-4.008026218667685e-12,-29.282217723979777,1.816395922560332e-10,1.816395922560332e-10,6.2030681544368925e-12
low_energy_small_angles,dop853_strict,DOP853,1e-09,1e-11,1.902377972465582,-0.013353158448209942,-0.019016922527783232,-0.013353158524775623,-0.019016922514503765,7.656568087877069e-11,1.3279467803162248e-11,7.656568087877069e-11,-0.032368537949770404,-1.9997300316825761,-0.032368538013052194,-1.999730031681806,6.32817895307447e-11,7.700506898800086e-13,6.328647457615611e-11,7.655885474189272e-11,-29.282217724225077,6.366107641042618e-11,-6.366107641042618e-11,-2.17405242356005e-12,-29.28221772395157,2.098445861520304e-10,2.098445861520304e-10,7.166280509514923e-12
low_energy_small_angles,dop853_strict,DOP853,1e-09,1e-11,1.9073842302878599,-0.012315700530390484,-0.01757083935555058,-0.012315700602115866,-0.017570839335884356,7.172538257771421e-11,1.9666223510794723e-11,7.172538257771421e-11,-0.029885324448163816,-1.9997697994924595,-0.02988532450022057,-1.999769799491922,5.205675474018179e-11,5.375699885235008e-13,5.205953030494993e-11,7.171994421961703e-11,-29.282217724179326,1.7909229654833325e-11,-1.7909229654833325e-11,-6.11607693909605e-13,-29.282217723933922,2.2749446770831128e-10,2.2749446770831128e-10,7.769031357232225e-12
low_energy_small_angles,dop853_strict,DOP853,1e-09,1e-11,1.9123904881101377,-0.011276523282382609,-0.01612215004667991,-0.011276523352891463,-0.016122150024602475,7.050885396375772e-11,2.2077437100698205e-11,7.050885396375772e-11,-0.02739773593104311,-1.99980646163899,-0.027397735979472912,-1.9998064616385507,4.8429801835503383e-11,4.3920422854171193e-13,4.843179334053712e-11,7.05043714382958e-11,-29.282217724164813,3.396394276933279e-12,-3.396394276933279e-12,-1.1598828712112325e-13,-29.282217723930266,2.31150210083797e-10,2.31150210083797e-10,7.893876490545652e-12
low_energy_small_angles,dop853_strict,DOP853,1e-09,1e-11,1.9173967459324155,-0.010235780282704884,-0.014671057586309984,-0.010235780357700727,-0.014671057555602638,7.499584286918548e-11,3.070734638788153e-11,7.499584286918548e-11,-0.024906132840218385,-1.9998399968233542,-0.024906132884506257,-1.9998399968230371,4.42878719808526e-11,3.170796958329447e-13,4.428900703476991e-11,7.499191372051239e-11,-29.28221772416193,5.151434834260726e-13,-5.151434834260726e-13,-1.759236572443815e-14,-29.282217723943198,2.1821833229296317e-10,2.1821833229296317e-10,7.452247447532169e-12
low_energy_small_angles,dop853_strict,DOP853,1e-09,1e-11,1.9224030037546935,-0.009193625273458458,-0.01321776539715659,-0.009193625357880847,-0.01321776534681287,8.442238921824163e-11,5.034372051182512e-11,8.442238921824163e-11,-0.022410876284977305,-1.999870385535587,-0.022410876319056805,-1.9998703855354762,3.407949963896151e-11,1.1080025785759062e-13,3.407967975699183e-11,8.441882089205155e-11,-29.282217724159285,2.1316282072803006e-12,2.1316282072803006e-12,7.279599610112339e-14,-29.28221772397415,1.872670907232532e-10,1.872670907232532e-10,6.395249584143858e-12
low_energy_small_angles,dop853_strict,DOP853,1e-09,1e-11,1.9274092615769713,-0.008150212133458174,-0.011762477311988434,-0.008150212231256702,-0.011762477232416326,9.779852795654964e-11,7.957210758358091e-11,9.779852795654964e-11,-0.019912327982046157,-1.9998976100662764,-0.019912328000274832,-1.9998976100664152,1.8228675513487502e-11,1.3877787807814457e-13,1.8229203775136825e-11,9.779527881947914e-11,-29.282217724159114,2.3021584638627246e-12,2.3021584638627246e-12,7.861967578921325e-14,-29.28221772402313,1.382858272336307e-10,1.382858272336307e-10,4.722518920400211e-12
low_energy_small_angles,dop853_strict,DOP853,1e-09,1e-11,1.9324155193992492,-0.007105694853227429,-0.01030539755345012,-0.007105694967967875,-0.010305397435899567,1.1474044631087921e-10,1.1755055262518965e-10,1.1755055262518965e-10,-0.017410850204679872,-1.9999216545171252,-0.017410850201873114,-1.9999216545175211,2.8067582980018102e-12,3.959055305813308e-13,2.8345428789395484e-12,1.1473755019003606e-10,-29.282217724161363,5.3290705182007514e-14,5.3290705182007514e-14,1.8198999025280845e-15,-29.28221772408853,7.288747383427108e-11,7.288747383427108e-11,2.4891377600177456e-12
low_energy_small_angles,dop853_strict,DOP853,1e-09,1e-11,1.937421777221527,-0.006060227511403315,-0.008846730706128935,-0.00606022764638494,-0.008846730542869101,1.349816248358282e-10,1.6325983447085246e-10,1.6325983447085246e-10,-0.014906805725333115,-1.9999425048105852,-0.014906805697058816,-1.9999425048112114,2.8274299568309402e-11,6.261657858885883e-13,2.828123228697644e-11,1.3497914678334277e-10,-29.282217724164607,3.19033688356285e-12,-3.19033688356285e-12,-1.08951340831348e-13,-29.282217724167058,5.6417093219351955e-12,-5.6417093219351955e-12,-1.926667363476399e-13
low_energy_small_angles,dop853_strict,DOP853,1e-09,1e-11,1.9424280350438048,-0.005013964251108836,-0.007386681688600728,-0.005013964409124522,-0.007386681473625346,1.5801568560569468e-10,2.1497538124637394e-10,2.1497538124637394e-10,-0.012400557758210933,-1.9999601486984404,-0.012400557701255116,-1.9999601486992362,5.695581679898698e-11,7.958078640513122e-13,5.696137618945186e-11,1.5801369934731468e-10,-29.282217724166873,5.4569682106375694e-12,-5.4569682106375694e-12,-1.8635775001887588e-13,-29.282217724253776,9.235989750777662e-11,-9.235989750777662e-11,-3.1541291844015078e-12
low_energy_small_angles,dop853_strict,DOP853,1e-09,1e-11,1.9474342928660826,-0.003967059256304058,-0.005925455725447733,-0.003967059439173557,-0.00592545545548484,1.8286949905743644e-10,2.6996289231862036e-10,2.6996289231862036e-10,-0.009892469901711342,-1.999974575769337,-0.009892469814621248,-1.999974575770211,8.709009381713262e-11,8.739675649849232e-13,8.709447893168434e-11,1.828680601043131e-10,-29.282217724166223,4.806821607417078e-12,-4.806821607417078e-12,-1.6415497120803323e-13,-29.282217724342257,1.808402316783031e-10,-1.808402316783031e-10,-6.175769655898971e-12
low_energy_small_angles,dop853_strict,DOP853,1e-09,1e-11,1.9524405506883604,-0.0029196667281277226,-0.004463258319240821,-0.0029196669361329225,-0.004463257994840673,2.08005199869854e-10,3.2440014736956346e-10,3.2440014736956346e-10,-0.0073829060807714415,-1.9999857774552487,-0.007382905964378838,-1.9999857774560892,1.1639260388829342e-10,8.404388296412435e-13,1.163956381370176e-10,2.080043129924769e-10,-29.282217724161153,2.6290081223123707e-13,2.6290081223123707e-13,8.978172852471884e-15,-29.28221772442499,2.6357227511653036e-10,-2.6357227511653036e-10,-9.001103591243738e-12
low_energy_small_angles,dop853_strict,DOP853,1e-09,1e-11,1.9574468085106385,-0.0018719408612408207,-0.0030002952224785617,-0.0018719410925905032,-0.003000294848951514,2.3134968246685261e-10,3.7352704783388813e-10,3.7352704783388813e-10,-0.004872230489128779,-1.999993747036883,-0.00487223034695269,-1.9999937470375706,1.4217608947791893e-10,6.87672141452822e-13,1.4217775252200092e-10,2.3134927719208054e-10,-29.28221772415089,1.0526690630285884e-11,1.0526690630285884e-11,3.59490894079381e-13,-29.28221772449386,3.324451824937569e-10,-3.324451824937569e-10,-1.1353142225271034e-11
low_energy_small_angles,dop853_strict,DOP853,1e-09,1e-11,1.9624530663329163,-0.0008240358201840065,-0.001536772409475964,-0.0008240360706341689,-0.0015367719974496985,2.504501623451505e-10,4.120262655366025e-10,4.120262655366025e-10,-0.002360807531510441,-1.999998479648016,-0.0023608073699347394,-1.9999984796484427,1.615757016029673e-10,4.2676973066591017e-13,1.6157626521520462e-10,2.5045007734370017e-10,-29.28221772413551,2.5906388145813253e-11,2.5906388145813253e-11,8.847140059489862e-13,-29.282217724540907,3.794902170284331e-10,-3.794902170284331e-10,-1.2959749859222827e-11
low_energy_small_angles,dop853_strict,DOP853,1e-09,1e-11,1.967459324155194,0.00022389428424030196,-7.289604819446169e-05,0.00022389402148582926,-7.28956135578121e-05,2.6275447269352714e-10,4.346366495877607e-10,4.346366495877607e-10,0.00015099823423981345,-1.9999999722787578,0.0001509984061219958,-1.9999999722788484,1.718821823423495e-10,9.059419880941277e-14,1.7188220621715773e-10,2.6275446610699894e-10,-29.282217724115938,4.547828780232521e-11,4.547828780232521e-11,1.5531025768174675e-12,-29.282217724559267,3.978506413204741e-10,-3.978506413204741e-10,-1.3586766038973837e-11
low_energy_small_angles,dop853_strict,DOP853,1e-09,1e-11,1.972465581977472,0.0012716954185486174,0.001391127527993103,0.0012716951525340164,0.0013911279649948191,2.660146009719755e-10,4.3700171606375626e-10,4.3700171606375626e-10,0.0026628221550822296,-1.9999982237777467,0.002662822326069137,-1.9999982237774772,1.7098690735864452e-10,2.69562150378988e-13,1.7098711984189512e-10,2.6601438586626447e-10,-29.282217724093886,6.752998160663992e-11,6.752998160663992e-11,2.306177156483589e-12,-29.282217724544363,3.82947007437906e-10,-3.82947007437906e-10,-1.3077800699566816e-11
low_energy_small_angles,dop853_strict,DOP853,1e-09,1e-11,1.9774718397997497,0.002319213650109035,0.002855091848610977,0.002319213391296853,0.002855092265366295,2.5881218175538567e-10,4.1675531775586805e-10,4.1675531775586805e-10,0.005174299540739256,-1.9999932348532647,0.005174299698681389,-1.999993234852675,1.5794213333031326e-10,5.897504706808832e-13,1.5794323438041948e-10,2.5881148569759094e-10,-29.282217724071668,8.974865295385825e-11,8.974865295385825e-11,3.0649540891776315e-12,-29.282217724495343,3.339266640978167e-10,-3.339266640978167e-10,-1.1403735442561315e-11
low_energy_small_angles,dop853_strict,DOP853,1e-09,1e-11,1.9824780976220275,0.0033662951706139345,0.004318790334469587,0.003366294929409496,0.004318790709316567,2.4120443836705974e-10,3.7484697984480064e-10,3.7484697984480064e-10,0.007685065721678517,-1.9999850080732817,0.00768506585531893,-1.9999850080724748,1.3364041297203588e-10,8.069100942975638e-13,1.336428489790478e-10,2.4120307183864154e-10,-29.282217724051964,1.0945200301648583e-10,1.0945200301648583e-10,3.737831746472349e-12,-29.28221772441676,2.553441902364284e-10,-2.553441902364284e-10,-8.720111046293402e-12
low_energy_small_angles,dop853_strict,DOP853,1e-09,1e-11,1.9874843554443054,0.00441278631948128,0.005782016326142798,0.004412786103992036,0.005782016643251647,2.1548924450387474e-10,3.17108849595682e-10,3.17108849595682e-10,0.010194756107108745,-1.9999735478644207,0.010194756208725146,-1.999973547863538,1.016164010575471e-10,8.826273045769994e-13,1.0162023418024112e-10,2.1548714635583055e-10,-29.282217724037565,1.2385115155666426e-10,1.2385115155666426e-10,4.229568700135437e-12,-29.282217724320557,1.5914025652818964e-10,-1.5914025652818964e-10,-5.434706415589535e-12
low_energy_small_angles,dop853_strict,DOP853,1e-09,1e-11,1.9924906132665834,0.005458533607172945,0.007244563112540937,0.005458533420085048,0.0072445633686076885,1.8708789725763175e-10,2.5606675113643007e-10,2.5606675113643007e-10,0.012703006242976687,-1.9999588605098468,0.01270300631195161,-1.9999588605090128,6.897492299540176e-11,8.339995360984176e-13,6.897996489885896e-11,1.8708510955700586e-10,-29.282217724031067,1.3034906487519038e-10,1.3034906487519038e-10,4.451475161583695e-12,-29.282217724228325,6.690825671284983e-11,-6.690825671284983e-11,-2.2849449909540944e-12
low_energy_small_angles,dop853_strict,DOP853,1e-09,1e-11,1.9974968710888612,0.006503383738418234,0.008706223959586673,0.006503383572874031,0.008706224172584064,1.6554420334546904e-10,2.12997390558467e-10,2.12997390558467e-10,0.015209451869952362,-1.9999409541460813,0.015209451917400979,-1.9999409541453035,4.744861621663876e-11,7.778222510523847e-13,4.745499118457517e-11,1.6554070267349452e-10,-29.282217724034584,1.2683187833317788e-10,1.2683187833317788e-10,4.3313617680168416e-12,-29.282217724173844,1.2427392448444152e-11,-1.2427392448444152e-11,-4.2440065726954934e-13
low_energy_small_angles,dop853_strict,DOP853,1e-09,1e-11,2.002503128911139,0.007547183635331731,0.010166792139002213,0.007547183481385515,0.01016679233500486,1.5394621601799718e-10,1.96002646404847e-10,1.96002646404847e-10,0.01771372898139227,-1.9999198387587402,0.017713729023442953,-1.9999198387579094,4.205068238061216e-11,8.308909116294672e-13,4.20588904796852e-11,1.5394183150441165e-10,-29.28221772404946,1.1195666616004019e-10,1.1195666616004019e-10,3.823367041891169e-12,-29.282217724169488,8.071765478234738e-12,-8.071765478234738e-12,-2.7565417190292055e-13
low_energy_small_angles,dop853_strict,DOP853,1e-09,1e-11,2.0075093867334166,0.0085897804604129,0.011626060957214038,0.008589780323825364,0.011626061128693764,1.3658753642009636e-10,1.7147972625197738e-10,1.7147972625197738e-10,0.020215473881266308,-1.999895526177201,0.020215473916151944,-1.9998955261763807,3.4885636046588786e-11,8.202327705930657e-13,3.489527739068726e-11,1.3658249704839864e-10,-29.282217724076062,8.535394613318203e-11,8.535394613318203e-11,2.914873010549149e-12,-29.28221772416516,3.744560217455728e-12,-3.744560217455728e-12,-1.2787829981764008e-13
low_energy_small_angles,dop853_strict,DOP853,1e-09,1e-11,2.0125156445556946,0.009631021639416981,0.013083823784384087,0.009631021524221586,0.013083823924951356,1.1519539488968888e-10,1.405672696297433e-10,1.405672696297433e-10,0.022714323242038988,-1.9998680300681961,0.022714323267404177,-1.9998680300674665,2.536518911577801e-11,7.296385717836529e-13,2.5375681100703832e-11,1.1519005194138288e-10,-29.28221772411358,4.7837289685048745e-11,4.7837289685048745e-11,1.6336634791693773e-12,-29.282217724162965,1.5489831639570184e-12,-1.5489831639570184e-12,-5.2898423833482993e-14
low_energy_small_angles,dop853_strict,DOP853,1e-09,1e-11,2.0175219023779727,0.010670754884084255,0.014539874083573111,0.010670754792823443,0.014539874188756453,9.126081140786724e-11,1.0518334120357409e-10,1.0518334120357409e-10,0.025209914162489952,-1.9998373659283435,0.025209914176406556,-1.999837365927788,1.3916603980312914e-11,5.555556015224283e-13,1.3927688550913399e-11,9.125561591105669e-11,-29.28221772415995,1.4672707493446069e-12,1.4672707493446069e-12,5.0107910649606595e-14,-29.28221772416419,2.7746693831431912e-12,-2.7746693831431912e-12,-9.475612159162894e-14
low_energy_small_angles,dop853_strict,DOP853,1e-09,1e-11,2.0225281602002503,0.01170882821471762,0.015994005440045797,0.011708828148924986,0.0159940055070149,6.579263349404396e-11,6.69691038734932e-11,6.69691038734932e-11,0.027701884225465438,-1.9998035510756065,0.02770188422663785,-1.9998035510753056,1.172412861238925e-12,3.008704396734174e-13,1.2104028001734458e-12,6.578812321300642e-11,-29.282217724211872,5.0455639666324714e-11,-5.0455639666324714e-11,-1.7230812277135905e-12,-29.282217724167957,6.540545882671722e-12,-6.540545882671722e-12,-2.2336238137028027e-13
low_energy_small_angles,dop853_strict,DOP853,1e-09,1e-11,2.0275344180225283,0.012745089982596165,0.017446011590724064,0.012745089942831793,0.0174460116184818,3.976437235042596e-11,2.775773708107998e-11,3.976437235042596e-11,0.030189871555547296,-1.999766604639699,0.030189871543539665,-1.9997666046397216,1.2007631000621188e-11,2.2648549702353193e-14,1.2007652360219404e-11,3.976114229531369e-11,-29.282217724264928,1.035118657455314e-10,-1.035118657455314e-10,-3.5349735706705515e-12,-29.282217724172153,1.0736300737335114e-11,-1.0736300737335114e-11,-3.6664916702932476e-13
low_energy_small_angles,dop853_strict,DOP853,1e-09,1e-11,2.032540675844806,0.013779388892212308,0.01889568645379497,0.013779388877826631,0.01889568644361768,1.4385676677663994e-11,1.017728956664854e-11,1.4385676677663994e-11,0.0326735148766257,-1.9997265475514319,0.03267351485206592,-1.9997265475518224,2.4559784761457593e-11,3.9057646006313007e-13,2.456289025135845e-11,2.4559784761457593e-11,-29.282217724313874,1.524576020983659e-10,-1.524576020983659e-10,-5.206490967812513e-12,-29.28221772417428,1.2864376230936614e-11,-1.2864376230936614e-11,-4.393238364702796e-13
low_energy_small_angles,dop853_strict,DOP853,1e-09,1e-11,2.037546933667084,0.014811574023323174,0.02034282415848368,0.014811574032124733,0.02034282411438609,8.801558440407753e-12,4.4097590162772704e-11,4.4097590162772704e-11,0.03515245356936935,-1.9996834025310104,0.03515245353408148,-1.999683402531777,3.528786984841048e-11,7.664979762012081e-13,3.5296193528281176e-11,3.528786984841048e-11,-29.282217724353057,1.9164048126185662e-10,-1.9164048126185662e-10,-6.544602702811329e-12,-29.282217724172053,1.06368247543287e-11,-1.06368247543287e-11,-3.632520205446057e-13
low_energy_small_angles,dop853_strict,DOP853,1e-09,1e-11,2.0425531914893615,0.015841494852801806,0.021787219074995277,0.01584149488080419,0.021787219003992934,2.800238513289699e-11,7.100234289403318e-11,7.100234289403318e-11,0.03762632772857492,-1.9996371940752853,0.037626327685588296,-1.9996371940763886,4.298662120705288e-11,1.1033396418724806e-12,4.300077861113651e-11,4.298662120705288e-11,-29.28221772437704,2.156248513074388e-10,-2.156248513074388e-10,-7.363678985609137e-12,-29.28221772416384,2.4229507289419416e-12,-2.4229507289419416e-12,-8.274478223494358e-14
low_energy_small_angles,dop853_strict,DOP853,1e-09,1e-11,2.0475594493116396,0.01686900127627961,0.023228665844636856,0.016869001317702803,0.023228665756575805,4.1423194735434876e-11,8.806105150638288e-11,8.806105150638288e-11,0.04009477822039137,-1.9995879484439674,0.04009477817377137,-1.9995879484453138,4.66199995274863e-11,1.3464784842653899e-12,4.6639439965027585e-11,4.66199995274863e-11,-29.282217724381383,2.1996626742293302e-10,-2.1996626742293302e-10,-7.51194016433509e-12,-29.282217724148886,1.2530421145129367e-11,1.2530421145129367e-11,4.27919130414437e-13
low_energy_small_angles,dop853_strict,DOP853,1e-09,1e-11,2.0525657071339176,0.01789394362956554,0.02466695941012341,0.017893943677266873,0.024666959316843727,4.770133246734254e-11,9.327968258920905e-11,9.327968258920905e-11,0.042557446739400887,-1.9995356936448085,0.04255744669384327,-1.9995356936462558,4.555761323743468e-11,1.447286734901354e-12,4.558059634081925e-11,4.769369621460129e-11,-29.28221772436368,2.0226309516147012e-10,-2.0226309516147012e-10,-6.907369416715261e-12,-29.28221772412748,3.3935521059902385e-11,3.3935521059902385e-11,1.1589122579298843e-12
low_energy_small_angles,dop853_strict,DOP853,1e-09,1e-11,2.057571964956195,0.01891617270983288,0.026101895046078516,0.018916172756342626,0.026101894959674653,4.650974744224712e-11,8.640386323088833e-11,8.640386323088833e-11,0.04501397586555115,-1.9994804594177609,0.04501397582567815,-1.999480459419136,3.9873000734491626e-11,1.3751222383007189e-12,3.989670598862817e-11,4.650142770845633e-11,-29.282217724324774,1.6335732766492583e-10,-1.6335732766492583e-10,-5.578721161209591e-12,-29.28221772410092,6.049560852261493e-11,6.049560852261493e-11,2.0659503693498817e-12
low_energy_small_angles,dop853_strict,DOP853,1e-09,1e-11,2.0625782227784732,0.019935539796560972,0.027533268389735598,0.019935539835897707,0.027533268319673752,3.933673525802206e-11,7.006184521429759e-11,7.006184521429759e-11,0.047464009120925146,-1.9994222772181165,0.04746400909021877,-1.999422277219261,3.070637494273498e-11,1.1444178937836114e-12,3.0727693607549445e-11,3.932891859403931e-11,-29.282217724270247,1.0883027812269574e-10,-1.0883027812269574e-10,-3.716599580942854e-12,-29.2822177240714,9.001510647976829e-11,9.001510647976829e-11,3.074053588690272e-12
low_energy_small_angles,dop853_strict,DOP853,1e-09,1e-11,2.067584480600751,0.020951896672219555,0.028960875471846392,0.020951896702660226,0.02896087542069545,3.0440670817366566e-11,5.115094112162488e-11,5.115094112162488e-11,0.04990719102633594,-1.9993611801986444,0.049907191005640436,-1.9993611801994877,2.069550086858385e-11,8.433254095052689e-13,2.0712676165765546e-11,3.0433992131984056e-11,-29.282217724212135,5.071854047855595e-11,-5.071854047855595e-11,-1.7320594005660624e-12,-29.282217724041818,1.1959855328314006e-10,1.1959855328314006e-10,4.084340687913696e-12
low_energy_small_angles,dop853_strict,DOP853,1e-09,1e-11,2.072590738423029,0.021965095642686366,0.030384512747807103,0.021965095670665957,0.03038451270533668,2.7979590866422654e-11,4.247042301175341e-11,4.247042301175341e-11,0.0523431671577409,-1.9992972031907232,0.052343167143262925,-1.999297203191399,1.4477974374926816e-11,6.756817327868703e-13,1.4493732707796823e-11,2.7972839322654153e-11,-29.282217724170916,9.49995637711254e-12,-9.49995637711254e-12,-3.2442748929067323e-13,-29.282217724015496,1.4592060892937297e-10,1.4592060892937297e-10,4.983249913102402e-12
low_energy_small_angles,dop853_strict,DOP853,1e-09,1e-11,2.0775969962453065,0.02297498956361268,0.03180397712006003,0.022974989602699294,0.03180397706440162,3.908661588836182e-11,5.5658408437686546e-11,5.5658408437686546e-11,0.054771584199744136,-1.9992303826846323,0.05477158418319017,-1.999230382685504,1.655396653088559e-11,8.717471189356729e-13,1.6576904142361834e-11,3.907630122257366e-11,-29.282217724164735,3.318234575999668e-12,-3.318234575999668e-12,-1.1331910059741541e-13,-29.28221772399587,1.6554579929106694e-10,1.6554579929106694e-10,5.65345838387341e-12
low_energy_small_angles,dop853_strict,DOP853,1e-09,1e-11,2.0826032540675845,0.023981431884760034,0.033219065933003125,0.023981431931619203,0.03321906586634625,4.6859169322566174e-11,6.665687446449908e-11,6.665687446449908e-11,0.057192089989445256,-1.9991607568093794,0.05719208996967085,-1.9991607568104697,1.9774404336203588e-11,1.0902390101819037e-12,1.9804436067482196e-11,4.6845693990604786e-11,-29.282217724161242,1.7408297026122455e-13,1.7408297026122455e-13,5.9450063482584095e-15,-29.282217723986182,1.752340494931559e-10,1.752340494931559e-10,5.984316186153016e-12
low_energy_small_angles,dop853_strict,DOP853,1e-09,1e-11,2.0876095118898625,0.02498427663228067,0.03462957705827389,0.024984276681555742,0.03462957698670309,4.92750736047487e-11,7.157079789932297e-11,7.157079789932297e-11,0.059604333588427906,-1.9990883653101514,0.05960433356615971,-1.9990883653113982,2.226819423301052e-11,1.2467804566540508e-12,2.2303070100463242e-11,4.925969701585764e-11,-29.282217724159093,2.3234747459355276e-12,2.3234747459355276e-12,7.934763575022449e-14,-29.282217723989096,1.723208242765395e-10,1.723208242765395e-10,5.8848283248148145e-12
low_energy_small_angles,dop853_strict,DOP853,1e-09,1e-11,2.09261576971214,0.02598337844291427,0.03603530890727159,0.025983378488967784,0.036035308837493514,4.605351516806522e-11,6.97780791480973e-11,6.97780791480973e-11,0.062007965333766665,-1.999013249525846,0.062007965310071855,-1.9990132495271635,2.3694810002972133e-11,1.3176126856251358e-12,2.373141639823187e-11,4.6037968576273514e-11,-29.28221772415975,1.666222715357435e-12,1.666222715357435e-12,5.690220361904478e-14,-29.28221772400641,1.5500489780606586e-10,1.5500489780606586e-10,5.293482183153355e-12
low_energy_small_angles,dop853_strict,DOP853,1e-09,1e-11,2.097622027534418,0.02697859258705726,0.037436060457169136,0.026978592623549392,0.03743606039663051,3.649213223266834e-11,6.053862272592525e-11,6.053862272592525e-11,0.06440263689123182,-1.9989354523655352,0.06440263686721447,-1.9989354523668168,2.4017357547201357e-11,1.2816414596272807e-12,2.4051529439541793e-11,3.647885118973626e-11,-29.28221772416263,1.2150280781497713e-12,-1.2150280781497713e-12,-4.149371777764033e-14,-29.282217724038798,1.226183599101205e-10,1.226183599101205e-10,4.187468349056954e-12
low_energy_small_angles,dop853_strict,DOP853,1e-09,1e-11,2.1026282853566958,0.027969774988946698,0.03883163128077932,0.027969775008972346,0.038831631237315214,2.002564780667626e-11,4.3464107313262446e-11,4.3464107313262446e-11,0.06678800130929499,-1.9988550182839524,0.06678800128588147,-1.9988550182850795,2.3413521121895542e-11,1.127098414599459e-12,2.344063399658041e-11,2.3413521121895542e-11,-29.28221772416601,4.593658786689048e-12,-4.593658786689048e-12,-1.568753715979209e-13,-29.28221772408555,7.58646478971059e-11,7.58646478971059e-11,2.5908095012389813e-12
low_energy_small_angles,dop853_strict,DOP853,1e-09,1e-11,2.107634543178974,0.028956782246812935,0.04022182157629442,0.028956782243455405,0.04022182155743417,3.3575295321774945e-12,1.8860246697727234e-11,1.8860246697727234e-11,0.06916371307280432,-1.9987719932560775,0.06916371305060322,-1.9987719932569332,2.220110206785364e-11,8.557599073810707e-13,2.2217588934138105e-11,2.220110206785364e-11,-29.28221772416779,6.373568339768099e-12,-6.373568339768099e-12,-2.1766002834235892e-13,-29.282217724144502,1.6914469824769185e-11,1.6914469824769185e-11,5.77636229062414e-13
low_energy_small_angles,dop853_strict,DOP853,1e-09,1e-11,2.1126408010012514,0.02993947165298745,0.0416064321968965,0.029939471620145926,0.04160643220895805,3.2841524638671515e-11,1.2061553145148451e-11,3.2841524638671515e-11,0.07152942815630825,-1.9986864247508411,0.07152942813553255,-1.9986864247513225,2.077570060432521e-11,4.813927034774679e-13,2.078127701888217e-11,3.282680724470133e-11,-29.282217724166017,4.600764214046649e-12,-4.600764214046649e-12,-1.5711802491825797e-13,-29.282217724211986,5.056932650404633e-11,-5.056932650404633e-11,-1.7269636808389838e-12
low_energy_small_angles,dop853_strict,DOP853,1e-09,1e-11,2.1176470588235294,0.03091770121395787,0.042985264680243655,0.030917701147305028,0.042985264727349926,6.665284296714091e-11,4.7106270273378215e-11,6.665284296714091e-11,0.07388480407702001,-1.998598361703953,0.07388480405746178,-1.9985983617039893,1.9558230035521262e-11,3.6193270602780103e-14,1.9558263524024903e-11,6.662098650522807e-11,-29.282217724159317,2.099653784171096e-12,2.099653784171096e-12,7.170405615960653e-14,-29.28221772428296,1.2154544037912274e-10,-1.2154544037912274e-10,-4.1508276976860554e-12
low_energy_small_angles,dop853_strict,DOP853,1e-09,1e-11,2.1226533166458075,0.03189132967035656,0.04435812127782976,0.03189132956828199,0.04435812136098346,1.0207457101785167e-10,8.3153699204086e-11,1.0207457101785167e-10,0.07622949994740252,-1.9985078544898807,0.07622949992845177,-1.998507854489448,1.89507576298098e-11,4.32764934998886e-13,1.8955698357822613e-11,1.0202266809145044e-10,-29.28221772414706,1.4356515976032824e-11,1.4356515976032824e-11,4.90281033741066e-13,-29.28221772435126,1.8984280814038357e-10,-1.8984280814038357e-10,-6.483211412766049e-12
low_energy_small_angles,dop853_strict,DOP853,1e-09,1e-11,2.127659574468085,0.0328602165168741,0.04572480498422196,0.03286021638126832,0.04572480510057852,1.3560577660776119e-10,1.1635655633446262e-10,1.3560577660776119e-10,0.07856317652736454,-1.9984149548929868,0.0785631765080669,-1.9984149548921235,1.9297632936066123e-11,8.633094239485217e-13,1.9316934024234342e-11,1.3553257127707496e-10,-29.28221772412955,3.1867841698840493e-11,3.1867841698840493e-11,1.0883001417117947e-12,-29.28221772441002,2.4860469238774385e-10,-2.4860469238774385e-10,-8.489954371953683e-12
low_energy_small_angles,dop853_strict,DOP853,1e-09,1e-11,2.132665832290363,0.03382422202208605,0.04708511956617607,0.0338242218588192,0.04708511970865702,1.6326685142731279e-10,1.4248094371005493e-10,1.6326685142731279e-10,0.08088549627605279,-1.998319716077851,0.08088549625520236,-1.998319716076666,2.085043249167029e-11,1.185052056484892e-12,2.0884082059460483e-11,1.63173467793154e-10,-29.282217724107923,5.349320986169914e-11,5.349320986169914e-11,1.8268155221576914e-12,-29.282217724452313,2.90896196020185e-10,-2.90896196020185e-10,-9.934226934599972e-12
low_energy_small_angles,dop853_strict,DOP853,1e-09,1e-11,2.1376720901126407,0.03478320724818108,0.048438869591629935,0.03478320706712957,0.04843886974902224,1.8105151405878317e-10,1.5739230752043198e-10,1.8105151405878317e-10,0.08319612340322427,-1.9982221925587826,0.08319612337948998,-1.9982221925574581,2.3734292309285365e-11,1.3244960683778118e-12,2.377122044106593e-11,1.809419974962978e-10,-29.28221772408411,7.73070496506989e-11,7.73070496506989e-11,2.640068125267408e-12,-29.282217724471938,3.10521386381879e-10,-3.10521386381879e-10,-1.0604435405370981e-11
low_energy_small_angles,dop853_strict,DOP853,1e-09,1e-11,2.1426783479349187,0.03573703407058198,0.04978586045857905,0.03573703388505557,0.0497858606162688,1.8552640673741294e-10,1.5768975014651687e-10,1.8552640673741294e-10,0.08549472392019092,-1.998122440168554,0.08549472389227733,-1.9981224401673352,2.791358810760869e-11,1.2188028364334969e-12,2.7940183990004998e-11,1.8540795287957934e-10,-29.28221772406061,1.0080469792228541e-10,1.0080469792228541e-10,3.442522655622125e-12,-29.282217724464484,3.0306779308375553e-10,-3.0306779308375553e-10,-1.0349892072337386e-11
low_energy_small_angles,dop853_strict,DOP853,1e-09,1e-11,2.1476846057571968,0.036685565197445945,0.051125898423832104,0.03668556502286705,0.05112589856532386,1.745788930085368e-10,1.4149175581179563e-10,1.745788930085368e-10,0.08778096569031743,-1.9980205160263633,0.08778096565716288,-1.9980205160255358,3.3154548551017626e-11,8.275602425555917e-13,3.316487517806819e-11,1.7446143141253145e-10,-29.282217724040258,1.2115819458813348e-10,1.2115819458813348e-10,4.137603091727685e-12,-29.282217724428605,2.6718893764154927e-10,-2.6718893764154927e-10,-9.124614131295312e-12
low_energy_small_angles,dop853_strict,DOP853,1e-09,1e-11,2.1526908635794744,0.0376286641890356,0.052458790631650785,0.0376286640407216,0.05245879074102696,1.4831399997028427e-10,1.0937617478390393e-10,1.4831399997028427e-10,0.09005451847906493,-1.9979164785050538,0.09005451844008164,-1.997916478504898,3.898328881923874e-11,1.5587531265737198e-13,3.898360045297612e-11,1.4820901450551816e-10,-29.282217724025937,1.354791834273783e-10,1.354791834273783e-10,4.626670858867065e-12,-29.282217724367538,2.0612134221664746e-10,-2.0612134221664746e-10,-7.039130169658294e-12
low_energy_small_angles,dop853_strict,DOP853,1e-09,1e-11,2.1576971214017524,0.038566195476948895,0.05378434514227394,0.03856619536684777,0.053784345207751515,1.1010112266340855e-10,6.547757475106053e-11,1.1010112266340855e-10,0.09231505400356593,-1.9978103871975994,0.09231505395892955,-1.9978103871983246,4.463637792717634e-11,7.251976796851523e-13,4.4642268604231305e-11,1.1001925759313025e-10,-29.282217724020285,1.411315508903499e-10,1.411315508903499e-10,4.8197015751952104e-12,-29.282217724290913,1.2949641359227826e-10,-1.2949641359227826e-10,-4.422356763143246e-12
low_energy_small_angles,dop853_strict,DOP853,1e-09,1e-11,2.16270337922403,0.039498024383196245,0.055102370960326136,0.03949802431542487,0.05510237097907087,6.777137184776905e-11,1.874473493090889e-11,6.777137184776905e-11,0.09456224598171643,-1.9977023028828889,0.0945622459327142,-1.9977023028845327,4.9002232827000114e-11,1.6437962102600068e-12,4.902979592056643e-11,6.771851135400908e-11,-29.282217724025404,1.3601209047919838e-10,1.3601209047919838e-10,4.644869857892346e-12,-29.282217724216796,5.537970082514221e-11,-5.537970082514221e-11,-1.8912399787071855e-12
low_energy_small_angles,dop853_strict,DOP853,1e-09,1e-11,2.167709637046308,0.04042401713911622,0.056412678063114924,0.04042401710414986,0.05641267804747638,3.496635619937294e-11,1.5638546013718724e-11,3.496635619937294e-11,0.09679577018077873,-1.9975922874908156,0.09679577013022728,-1.9975922874931102,5.0551451913349865e-11,2.2946089472952735e-12,5.0603503048393114e-11,5.0551451913349865e-11,-29.28221772404256,1.1885603612427076e-10,1.1885603612427076e-10,4.058983415938471e-12,-29.28221772417408,1.2665424264923786e-11,-1.2665424264923786e-11,-4.3252954350084144e-13
low_energy_small_angles,dop853_strict,DOP853,1e-09,1e-11,2.1727158948685856,0.041344040904116246,0.05771507742881445,0.041344040888685596,0.0577150773962334,1.543064981346376e-11,3.25810559087536e-11,3.25810559087536e-11,0.09901530446547674,-1.9974804040667031,0.09901530441753248,-1.9974804040692202,4.794425967347138e-11,2.517097641430155e-12,4.801028864914006e-11,4.794425967347138e-11,-29.282217724072005,8.941114515437221e-11,8.941114515437221e-11,3.0534280564616202e-12,-29.282217724170167,8.750333790885634e-12,-8.750333790885634e-12,-2.988275639951115e-13
low_energy_small_angles,dop853_strict,DOP853,1e-09,1e-11,2.1777221526908637,0.042257963784230204,0.059009381064540414,0.042257963794349214,0.05900938101133288,1.0119009796749623e-11,5.320753559967528e-11,5.320753559967528e-11,0.10122052884557922,-1.9973667167350844,0.10122052880257429,-1.9973667167377949,4.300493294806529e-11,2.710498492319857e-12,4.309026641765469e-11,4.300493294806529e-11,-29.28221772411275,4.866507197220926e-11,4.866507197220926e-11,1.6619325909886468e-12,-29.282217724164724,3.3075764349632664e-12,-3.3075764349632664e-12,-1.1295512061690979e-13
low_energy_small_angles,dop853_strict,DOP853,1e-09,1e-11,2.1827284105131417,0.043165654850479414,0.060295402034314105,0.04316565488925088,0.06029540195777287,3.877146520503416e-11,7.654123168610028e-11,7.654123168610028e-11,0.10341112552295395,-1.9972512906628537,0.10341112548528716,-1.9972512906657929,3.7666786356638227e-11,2.9392044353926394e-12,3.7781287923384236e-11,3.8735348262264324e-11,-29.282217724162553,1.1368683772161603e-12,-1.1368683772161603e-12,-3.8824531253932474e-14,-29.282217724161743,3.268496584496461e-13,-3.268496584496461e-13,-1.1162052735505586e-14
low_energy_small_angles,dop853_strict,DOP853,1e-09,1e-11,2.1877346683354193,0.04406698415702835,0.06157295448691966,0.04406698422516819,0.061572954385787464,6.813984099185433e-11,1.0113219289786812e-10,1.0113219289786812e-10,0.1055867789380867,-1.9971341920218166,0.10558677890521984,-1.997134192025038,3.286686200976163e-11,3.2214231282523542e-12,3.302435745536848e-11,6.807369251626838e-11,-29.282217724217865,5.644906764246116e-11,-5.644906764246116e-11,-1.927759303417916e-12,-29.282217724162845,1.4281908988778014e-12,-1.4281908988778014e-12,-4.877331738775267e-14
low_energy_small_angles,dop853_strict,DOP853,1e-09,1e-11,2.1927409261576973,0.04496182275912332,0.06284185368365469,0.04496182285563188,0.0628418535580746,9.65085650284081e-11,1.255800879951252e-10,1.255800879951252e-10,0.10774717581605303,-1.99701548795066,0.10774717578713186,-1.9970154879542088,2.892117101360725e-11,3.5487168759118504e-12,2.913807687998125e-11,9.641103193569478e-11,-29.282217724274062,1.1264589261372748e-10,-1.1264589261372748e-10,-3.846904413963865e-12,-29.28221772416715,5.7340798775840085e-12,-5.7340798775840085e-12,-1.9582122951202191e-13
low_energy_small_angles,dop853_strict,DOP853,1e-09,1e-11,2.197747183979975,0.0458500427308024,0.06410191602597445,0.04585004285322616,0.06410191587755891,1.224237586305854e-10,1.4841554374367405e-10,1.4841554374367405e-10,0.10989200521193068,-1.9968952465163592,0.10989200518611507,-1.9968952465202552,2.581561353576234e-11,3.895994638014599e-12,2.6107942784663715e-11,1.2229509765981916e-10,-29.282217724325665,1.6424905879830476e-10,-1.6424905879830476e-10,-5.609174152911894e-12,-29.28221772417235,1.0935252703347942e-11,-1.0935252703347942e-11,-3.7344345999876295e-13
low_energy_small_angles,dop853_strict,DOP853,1e-09,1e-11,2.202753441802253,0.04673151718236798,0.06535295908303379,0.04673151732684189,0.06535295891494342,1.4447390506155955e-10,1.6809037495235657e-10,1.6809037495235657e-10,0.11202095855564786,-1.996773536675052,0.11202095853223248,-1.9967735366792807,2.341538074546179e-11,4.228617456192296e-12,2.379414341903816e-11,1.4431617706422983e-10,-29.282217724366824,2.0540724676720856e-10,-2.0540724676720856e-10,-7.014743510964418e-12,-29.282217724175624,1.4207302001523203e-11,-1.4207302001523203e-11,-4.851853140139874e-13
low_energy_small_angles,dop853_strict,DOP853,1e-09,1e-11,2.2077596996245306,0.047606120277608355,0.06659480161912426,0.047606120438868284,0.06659480143604714,1.612599290212735e-10,1.8307712290610567e-10,1.8307712290610567e-10,0.11413372969625124,-1.9966504282324014,0.11413372967465715,-1.9966504282369102,2.1594087629139835e-11,4.508837747607686e-12,2.2059787813331796e-11,1.6107722794478363e-10,-29.282217724391927,2.305107216216129e-10,-2.305107216216129e-10,-7.872037691715314e-12,-29.282217724174245,1.2828849094148609e-11,-1.2828849094148609e-11,-4.3811056986859423e-13
low_energy_small_angles,dop853_strict,DOP853,1e-09,1e-11,2.2127659574468086,0.048473727250760226,0.06782726362101185,0.04847372742231368,0.06782726342893246,1.715534519997064e-10,1.9207939405685437e-10,1.9207939405685437e-10,0.11623001494559165,-1.9965259918034612,0.11623001492530585,-1.9965259918081666,2.028580081692155e-11,4.7053472229663384e-12,2.0824360909100957e-11,1.7135193958184303e-10,-29.282217724396435,2.3501911528001074e-10,-2.3501911528001074e-10,-8.02600122346919e-12,-29.282217724166166,4.74997818855627e-12,-4.74997818855627e-12,-1.6221374464533662e-13
low_energy_small_angles,dop853_strict,DOP853,1e-09,1e-11,2.2177722152690866,0.049334214423198706,0.06905016632517277,0.049334214597841125,0.0690501661308191,1.7464241858222707e-10,1.943536720450112e-10,1.943536720450112e-10,0.11830951312141168,-1.9964002987720841,0.11830951310195108,-1.9964002987768814,1.9460599798293288e-11,4.7972736894053014e-12,2.004317288655649e-11,1.7442992883420771e-10,-29.282217724377883,2.1646684444931452e-10,-2.1646684444931452e-10,-7.39243340406908e-12,-29.282217724150247,1.1169731806148775e-11,1.1169731806148775e-11,3.8145101956988653e-13
low_energy_small_angles,dop853_strict,DOP853,1e-09,1e-11,2.2227784730913642,0.05018745921984605,0.07026333224493153,0.050187459390708886,0.07026333205478807,1.7086283776723832e-10,1.9014345653545206e-10,1.9014345653545206e-10,0.1203719255898318,-1.9962734212498825,0.12037192557080521,-1.99627342125466,1.9026585862391698e-11,4.777511719566974e-12,1.9617226812410654e-11,1.7064770430064158e-10,-29.28221772433714,1.7572432398083038e-10,-1.7572432398083038e-10,-6.001059265256275e-12,-29.282217724126458,3.495870259939693e-11,3.495870259939693e-11,1.1938543360584236e-12
low_energy_small_angles,dop853_strict,DOP853,1e-09,1e-11,2.2277847309136423,0.051033340185287324,0.07146658519750129,0.05103334034760303,0.07146658501627455,1.623157094843286e-10,1.8122674194653854e-10,1.8122674194653854e-10,0.12241695630722454,-1.996145432034771,0.12241695628856479,-1.9961454320394316,1.865975429726774e-11,4.660716257376407e-12,1.9233010852858545e-11,1.621043854704851e-10,-29.28221772427991,1.184936593290331e-10,-1.184936593290331e-10,-4.0466080966012804e-12,-29.282217724095915,6.550138209604484e-11,6.550138209604484e-11,2.236899633527353e-12
low_energy_small_angles,dop853_strict,DOP853,1e-09,1e-11,2.23279098873592,0.0518717369995816,0.07265975033092709,0.05187173715334978,0.0726597501593491,1.5376817874557247e-10,1.715779879285506e-10,1.715779879285506e-10,0.124444311861467,-1.9960164045691176,0.12444431184390309,-1.9960164045736009,1.7563908660811478e-11,4.483302618041307e-12,1.8127076151720235e-11,1.535613511349787e-10,-29.282217724218413,5.6996185548996436e-11,-5.6996185548996436e-11,-1.946443609083871e-12,-29.28221772406077,1.0064482580673939e-10,1.0064482580673939e-10,3.4370629559145405e-12
low_energy_small_angles,dop853_strict,DOP853,1e-09,1e-11,2.237797246558198,0.05270253049375944,0.07384265415093542,0.05270253064749719,0.0738426539827905,1.5373775169580384e-10,1.681449285362291e-10,1.681449285362291e-10,0.12645370151256813,-1.995886412897523,0.1264537014984057,-1.9958864129018297,1.4162421235752731e-11,4.306555112520982e-12,1.4802722458928985e-11,1.5352429050263794e-10,-29.282217724173414,1.1997514093309292e-11,-1.1997514093309292e-11,-4.0972013138915614e-13,-29.28221772402403,1.3738699067289417e-10,1.3738699067289417e-10,4.69182327537757e-12
low_energy_small_angles,dop853_strict,DOP853,1e-09,1e-11,2.2428035043804755,0.05352560267048713,0.07501512454384487,0.053525602840752445,0.07501512436594675,1.7026531573538506e-10,1.7789812678525863e-10,1.7789812678525863e-10,0.12844483723431074,-1.9957555316242521,0.1284448372269344,-1.9957555316284754,7.376349531185156e-12,4.2232883856740955e-12,8.499805715119916e-12,1.7002146912581395e-10,-29.282217724165207,3.7907454952801345e-12,-3.7907454952801345e-12,-1.2945554639983108e-13,-29.282217723989287,1.7212897773788427e-10,1.7212897773788427e-10,5.878276685165713e-12
low_energy_small_angles,dop853_strict,DOP853,1e-09,1e-11,2.2478097622027535,0.05434083674635931,0.07617699078268501,0.05434083693126477,0.07617699059438851,1.849054589997401e-10,1.8829650338947346e-10,1.8829650338947346e-10,0.13041743376053305,-1.9956238358704206,0.13041743375741513,-1.9956238358747078,3.117922586781674e-12,4.2872372318925045e-12,5.301117272772659e-12,1.846325176080299e-10,-29.282217724159583,1.8332002582610585e-12,1.8332002582610585e-12,6.260455664696611e-14,-29.28221772396044,2.0097701280974434e-10,2.0097701280974434e-10,6.86344916573425e-12
low_energy_small_angles,dop853_strict,DOP853,1e-09,1e-11,2.2528160200250316,0.055148117125190535,0.07732808358233163,0.055148117320740195,0.07732808338535176,1.9554965979828864e-10,1.9697987685418639e-10,1.9697987685418639e-10,0.13237120861117568,-1.99549140123089,0.13237120861003682,-1.9954914012353282,1.1388667786604856e-12,4.438227563241526e-12,4.582017180527952e-12,1.9525236982786964e-10,-29.282217724155252,6.163958232718869e-12,6.163958232718869e-12,2.1050175539241511e-13,-29.282217723941315,2.2010127054272743e-10,2.2010127054272743e-10,7.516550577421496e-12
low_energy_small_angles,dop853_strict,DOP853,1e-09,1e-11,2.257822277847309,0.05594732942830591,0.07846823511667739,0.05594732963037788,0.07846823491297267,2.020719702677809e-10,2.0370471975894588e-10,2.0370471975894588e-10,0.13430588213717778,-1.9953583037306548,0.13430588213585568,-1.9953583037353235,1.3221090888748677e-12,4.668709863153708e-12,4.8523009211295056e-12,2.0175579956704937e-10,-29.282217724155046,6.370015626089298e-12,6.370015626089298e-12,2.1753870168219038e-13,-29.28221772393532,2.2609469851886388e-10,2.2609469851886388e-10,7.72122865312582e-12
low_energy_small_angles,dop853_strict,DOP853,1e-09,1e-11,2.262828535669587,0.0567383605135395,0.07959727904119042,0.05673836071661548,0.07959727883331426,2.0307597964341895e-10,2.0787616072936999e-10,2.0787616072936999e-10,0.1362211775592647,-1.9952246197811574,0.1362211775547959,-1.9952246197861703,4.468786451994333e-12,5.012879000787507e-12,6.7155795155790135e-12,2.0274919243501444e-10,-29.282217724158766,2.6503244043851737e-12,2.6503244043851737e-12,9.050968848573007e-14,-29.282217723945106,2.163105250474473e-10,2.163105250474473e-10,7.387095031021664e-12
low_energy_small_angles,dop853_strict,DOP853,1e-09,1e-11,2.267834793491865,0.05752109848997096,0.0807150505180005,0.05752109868667089,0.0807150503091838,1.9669993411852715e-10,2.08816700042469e-10,2.08816700042469e-10,0.1381168210047983,-1.9950904261363973,0.13811682099303604,-1.9950904261419256,1.1762257834391221e-11,5.5282445288185045e-12,1.2996622520220759e-11,1.9637461101673637e-10,-29.28221772416441,2.9949376312288223e-12,-2.9949376312288223e-12,-1.0227837452207835e-13,-29.282217723972234,1.8918200339612667e-10,1.8918200339612667e-10,6.460644653974701e-12
low_energy_small_angles,dop853_strict,DOP853,1e-09,1e-11,2.272841051314143,0.0582954327326025,0.08182138624072322,0.058295432913870376,0.0818213860347442,1.812678757096009e-10,2.0597901162489052e-10,2.0597901162489052e-10,0.1399925415441084,-1.994955799848846,0.13999254151977844,-1.9949557998551195,2.4329954717572377e-11,6.2734262229469095e-12,2.5125735275487567e-11,1.8095995535372111e-10,-29.282217724169122,7.705835969318287e-12,-7.705835969318287e-12,-2.63157525905561e-13,-29.28221772401691,1.4450662888521038e-10,1.4450662888521038e-10,4.9349619023553226e-12
low_energy_small_angles,dop853_strict,DOP853,1e-09,1e-11,2.2778473091364204,0.05906125389696081,0.08291612445902033,0.05906125405274884,0.08291612425991646,1.5578802831095473e-10,1.991038722781724e-10,1.991038722781724e-10,0.14184807122629145,-1.9948208182251912,0.14184807118338802,-1.9948208182324856,4.2903430808038934e-11,7.294387316392204e-12,4.351910455675447e-11,1.5551639837019238e-10,-29.282217724169957,8.540723683836404e-12,-8.540723683836404e-12,-2.916692910451677e-13,-29.28221772407784,8.357758929378178e-11,8.357758929378178e-11,2.8542096804648794e-12
low_energy_small_angles,dop853_strict,DOP853,1e-09,1e-11,2.2828535669586985,0.059818453933613104,0.08399910500290093,0.05981845405391277,0.08399910481457666,1.2029966606208475e-10,1.883242728428769e-10,1.883242728428769e-10,0.1436831451144752,-1.9946855587819372,0.1436831450468994,-1.9946855587905459,6.757577830640571e-11,8.608669332943464e-12,6.81219127843637e-11,1.200844979010185e-10,-29.282217724164457,3.0411229090532288e-12,-3.0411229090532288e-12,-1.0385562110426936e-13,-29.28221772415207,9.347189688924118e-12,9.347189688924118e-12,3.1921044290342604e-13
low_energy_small_angles,dop853_strict,DOP853,1e-09,1e-11,2.2878598247809765,0.06056692610258201,0.08507016930676223,0.06056692617865173,0.08507016913254503,7.606971996754197e-11,1.7421719622490173e-10,1.7421719622490173e-10,0.1454975013205363,-1.9945500992008856,0.14549750122287936,-1.994550099211084,9.765693809171694e-11,1.0198508704206688e-11,9.818801931620382e-11,9.765693809171694e-11,-29.282217724151025,1.0391687510491465e-11,1.0391687510491465e-11,3.548804809929765e-13,-29.28221772423508,7.366196541624959e-11,-7.366196541624959e-11,-2.5155869719344873e-12
low_energy_small_angles,dop853_strict,DOP853,1e-09,1e-11,2.292866082603254,0.06130656498764801,0.08612916043317324,0.061306565013288225,0.08612916027536972,2.564021217565937e-11,1.5780352025096533e-10,1.5780352025096533e-10,0.1472908810392689,-1.994414517284525,0.14729088090764236,-1.9944145172965286,1.3162654299847532e-10,1.2003731342247193e-11,1.3217275206284508e-10,1.3162654299847532e-10,-29.282217724129133,3.228350919926015e-11,3.228350919926015e-11,1.1024953609515136e-12,-29.282217724320876,1.5946000075928168e-10,-1.5946000075928168e-10,-5.445625815004703e-12
low_energy_small_angles,dop853_strict,DOP853,1e-09,1e-11,2.297872340425532,0.062037266510525456,0.08717592309640251,0.06203726648325338,0.08717592295590461,2.7272073488404658e-11,1.404979049768329e-10,1.404979049768329e-10,0.14906302858199505,-1.9942788909113496,0.14906302841481106,-1.994278890925273,1.671839888750526e-10,1.3923528996429013e-11,1.6776278131900445e-10,1.671839888750526e-10,-29.28221772409944,6.197709012667474e-11,6.197709012667474e-11,2.1165435866401626e-12,-29.28221772440234,2.4092372541417717e-10,-2.4092372541417717e-10,-8.227646132669301e-12
low_energy_small_angles,dop853_strict,DOP853,1e-09,1e-11,2.3028785982478097,0.06275892794489853,0.08821030368569008,0.06275892786687594,0.08821030356168078,7.802258839006981e-11,1.2400930282652212e-10,1.2400930282652212e-10,0.15081369140960935,-1.9941432979911424,0.1508136912082132,-1.9941432980069607,2.0139614975711595e-10,1.5818235610254305e-11,2.0201639961847699e-10,2.0139614975711595e-10,-29.282217724063713,9.770317888069258e-11,9.770317888069258e-11,3.3366044812949906e-12,-29.28221772447171,3.1029401270643575e-10,-3.1029401270643575e-10,-1.0596670499120195e-11
low_energy_small_angles,dop853_strict,DOP853,1e-09,1e-11,2.3078848560700878,0.06347144793030567,0.08923215028826748,0.06347144780887426,0.08923215017807426,1.2143140659670593e-10,1.101932156633012e-10,1.2143140659670593e-10,0.1525426201650555,-1.994007816420236,0.15254261993411378,-1.9940078164377577,2.309417101997724e-10,1.7521761819239146e-11,2.3160545254213208e-10,2.309417101997724e-10,-29.282217724024704,1.3671197507392208e-10,1.3671197507392208e-10,4.668771209945548e-12,-29.28221772452125,3.5983305224362994e-10,-3.5983305224362994e-10,-1.2288449448510301e-11
low_energy_small_angles,dop853_strict,DOP853,1e-09,1e-11,2.3128911138923653,0.06417472648585736,0.0902413127121246,0.06417472633353748,0.09024131261126742,1.5231987893216115e-10,1.0085718371577457e-10,1.5231987893216115e-10,0.15424956870522372,-1.9938725240367878,0.15424956845277057,-1.9938725240556452,2.524531417247289e-10,1.885736011786321e-11,2.5315645122591846e-10,2.524531417247289e-10,-29.28221772398589,1.7552537201481755e-10,1.7552537201481755e-10,5.994264972286836e-12,-29.282217724544108,3.8269121205303236e-10,-3.8269121205303236e-10,-1.306906518003468e-11
low_energy_small_angles,dop853_strict,DOP853,1e-09,1e-11,2.3178973717146434,0.06486866502377607,0.09123764250852764,0.064868664857586,0.09123764241100743,1.6619007559004473e-10,9.752021412623435e-11,1.6619007559004473e-10,0.1559342941322684,-1.9937374985760912,0.15593429386931323,-1.9937374985957494,2.6295515764829247e-10,1.9658275007827797e-11,2.636889506788666e-10,2.6295515764829247e-10,-29.282217723951234,2.1018209395151644e-10,2.1018209395151644e-10,7.177806542230934e-12,-29.282217724535457,3.7404035424515314e-10,-3.7404035424515314e-10,-1.277363476252429e-11
low_energy_small_angles,dop853_strict,DOP853,1e-09,1e-11,2.3229036295369214,0.0655531663627435,0.09222099299428696,0.06555316620269734,0.09222099289315937,1.6004615688292034e-10,1.0112759241120983e-10,1.6004615688292034e-10,0.15759655682433527,-1.993602817625947,0.157596556563935,-1.993602817645744,2.6040025691287383e-10,1.979705288590594e-11,2.611517128093516e-10,2.6040025691287383e-10,-29.28221772392478,2.3663560000386497e-10,2.3663560000386497e-10,8.081204853845875e-12,-29.28221772449379,3.3237412822018086e-10,-3.3237412822018086e-10,-1.1350715692067664e-11
low_energy_small_angles,dop853_strict,DOP853,1e-09,1e-11,2.327909887359199,0.06622813474104347,0.09319121927377835,0.06622813460768733,0.09319121916205655,1.3335614557075104e-10,1.1172179847918073e-10,1.3335614557075104e-10,0.15923612046569705,-1.9934685585821241,0.15923612022139622,-1.9934685586013459,2.443008295660576e-10,1.9221735314545185e-11,2.4505585166481203e-10,2.443008295660576e-10,-29.28221772391035,2.510667229671526e-10,2.510667229671526e-10,8.57403374745048e-12,-29.282217724422544,2.611280081055156e-10,-2.611280081055156e-10,-8.917630849047783e-12
low_energy_small_angles,dop853_strict,DOP853,1e-09,1e-11,2.332916145181477,0.06689347582948668,0.09414817826071856,0.06689347574033365,0.09414817813264736,8.915303217893467e-11,1.2807119253999133e-10,1.2807119253999133e-10,0.1608527520762899,-1.993334798603932,0.16085275185983228,-1.9933347986219312,2.1645762959821013e-10,1.7999157719827963e-11,2.1720468477889508e-10,2.1645762959821013e-10,-29.282217723911145,2.502709151031013e-10,2.502709151031013e-10,8.546856575572728e-12,-29.282217724331918,1.7050183487299364e-10,-1.7050183487299364e-10,-5.822709074808523e-12
low_energy_small_angles,dop853_strict,DOP853,1e-09,1e-11,2.3379224030037546,0.06754909674410375,0.09509172869969555,0.06754909670882982,0.09509172855243841,3.5273936549451435e-11,1.4725713703978016e-10,1.4725713703978016e-10,0.1624462220406454,-1.9932016145699354,0.16244622185886004,-1.9932016145862983,1.817853645391665e-10,1.6362911026135407e-11,1.8252031015173865e-10,1.817853645391665e-10,-29.282217723929456,2.319602288025635e-10,2.319602288025635e-10,7.921538969064078e-12,-29.282217724241015,7.959854997352522e-11,-7.959854997352522e-11,-2.718323821076116e-12
low_energy_small_angles,dop853_strict,DOP853,1e-09,1e-11,2.3429286608260327,0.0681949060585948,0.0960217311874571,0.06819490607285868,0.0960217310232363,1.4263881742415663e-11,1.6422080362232805e-10,1.6422080362232805e-10,0.16401630413621535,-1.9930690830338311,0.16401630398698175,-1.993069083048604,1.492335977015813e-10,1.4772849610267258e-11,1.499630080005232e-10,1.492335977015813e-10,-29.282217723966312,1.951043770986871e-10,1.951043770986871e-10,6.662896196475655e-12,-29.2822177241802,1.878319721981825e-11,-1.878319721981825e-11,-6.414540523110656e-13
low_energy_small_angles,dop853_strict,DOP853,1e-09,1e-11,2.3479349186483103,0.06883081381652079,0.09693804819395674,0.06883081386519324,0.09693804801880394,4.867245495532302e-11,1.7515279504554115e-10,1.7515279504554115e-10,0.16556277556108168,-1.9929372801805167,0.16556277543530837,-1.9929372801941216,1.257733084347734e-10,1.3604894988361593e-11,1.2650698906492476e-10,1.257733084347734e-10,-29.282217724021287,1.4012968563292816e-10,1.4012968563292816e-10,4.785487457027683e-12,-29.28221772417196,1.0544454198679887e-11,-1.0544454198679887e-11,-3.6009752738022366e-13
low_energy_small_angles,dop853_strict,DOP853,1e-09,1e-11,2.3529411764705883,0.06945673154322521,0.0978405440831609,0.0694567316348234,0.0978405438945299,9.159818736836911e-11,1.886309997090052e-10,1.886309997090052e-10,0.16708541696105017,-1.9928062817823742,0.16708541686469863,-1.9928062817944434,9.635153785936268e-11,1.2069234500700077e-11,9.710450694636727e-11,9.635153785936268e-11,-29.282217724092337,6.907896477059694e-11,6.907896477059694e-11,2.3590755803170717e-12,-29.282217724166067,4.650502205549856e-12,-4.650502205549856e-12,-1.5881659816061753e-13
low_energy_small_angles,dop853_strict,DOP853,1e-09,1e-11,2.3579474342928664,0.07007257225747128,0.09872908513361658,0.07007257239767925,0.0987290849297648,1.4020797023395204e-10,2.038517826763453e-10,2.038517826763453e-10,0.16858401245612004,-1.992676163155796,0.16858401239312487,-1.9926761631660728,6.299516464025601e-11,1.0276668405140299e-11,6.382789892799363e-11,1.398638982408329e-10,-29.282217724175748,1.433164698028122e-11,-1.433164698028122e-11,-4.894317471198862e-13,-29.282217724161907,4.902744876744691e-13,-4.902744876744691e-13,-1.6743079103258378e-14
low_energy_small_angles,dop853_strict,DOP853,1e-09,1e-11,2.362953692115144,0.07067825048278313,0.0996035395587828,0.07067825067268994,0.09960353933943614,1.899068124977532e-10,2.1934666583067752e-10,2.1934666583067752e-10,0.1700583496663282,-1.992546999117978,0.17005834963750138,-1.9925469991263784,2.8826829812089727e-11,8.400391493523784e-12,3.002586708589199e-11,1.8943267787729923e-10,-29.282217724266218,1.0480150081093598e-10,-1.0480150081093598e-10,-3.579015148311731e-12,-29.28221772416207,6.536993168992922e-13,-6.536993168992922e-13,-2.2324105471011172e-14
low_energy_small_angles,dop853_strict,DOP853,1e-09,1e-11,2.367959949937422,0.07127368225847701,0.10046377752712644,0.07127368249579967,0.10046377729305091,2.3732266152265424e-10,2.340755367313818e-10,2.3732266152265424e-10,0.17150821973696256,-1.9924188639440008,0.1715082197407874,-1.9924188639505769,3.824829342136127e-12,6.576073019459727e-12,7.607499973955415e-12,2.3672011573161456e-10,-29.282217724357064,1.9564794229154359e-10,-1.9564794229154359e-10,-6.681459175481441e-12,-29.2822177241662,4.781952611665474e-12,-4.781952611665474e-12,-1.6330568458685345e-13
low_energy_small_angles,dop853_strict,DOP853,1e-09,1e-11,2.3729662077596996,0.07185878515036906,0.10130967118198346,0.07185878543007783,0.10130967093474715,2.797087700345813e-10,2.4723631475431773e-10,2.797087700345813e-10,0.1729334173631392,-1.9922918313242315,0.17293341739615747,-1.9922918313291538,3.3018282552532696e-11,4.922284801978094e-12,3.338316747090769e-11,2.789869169017578e-10,-29.28221772444061,2.7919355716221617e-10,-2.7919355716221617e-10,-9.534576916004803e-12,-29.28221772417216,1.0743406164692715e-11,-1.0743406164692715e-11,-3.6689182034966184e-13
low_energy_small_angles,dop853_strict,DOP853,1e-09,1e-11,2.3779724655819776,0.07243347826114793,0.10214109466118865,0.07243347857574177,0.10214109440304091,3.1459383709186994e-10,2.5814773929599966e-10,3.1459383709186994e-10,0.1743337408137427,-1.9921659743220625,0.17433374087070933,-1.992165974325617,5.696662586096579e-11,3.554490035639901e-12,5.707741113082057e-11,3.1376892750678564e-10,-29.282217724508723,3.4730618381217937e-10,-3.4730618381217937e-10,-1.1860651644756033e-11,-29.28221772417702,1.56035184772918e-11,-1.56035184772918e-11,-5.328666914602231e-13
low_energy_small_angles,dop853_strict,DOP853,1e-09,1e-11,2.382978723404255,0.0729976822403973,0.1029579241164731,0.0729976825800757,0.10295792385026942,3.3967841039928004e-10,2.662036840961335e-10,3.3967841039928004e-10,0.17570899195472156,-1.9920413653320208,0.17570899202870133,-1.9920413653346065,7.397976675704854e-11,2.5857094243519896e-12,7.402494027457561e-11,3.3877378680102765e-10,-29.282217724553576,3.921591940070357e-10,-3.921591940070357e-10,-1.3392400729383838e-11,-29.282217724177798,1.638156277294911e-11,-1.638156277294911e-11,-5.594372300371332e-13
low_energy_small_angles,dop853_strict,DOP853,1e-09,1e-11,2.3879849812265332,0.073551319294257,0.10376003773263344,0.07355131964723276,0.10376003746173622,3.5297575973203266e-10,2.708972213216754e-10,3.5297575973203266e-10,0.17705897627173905,-1.9919180760382602,0.17705897635432022,-1.9919180760403798,8.25811641291807e-11,2.119637798614349e-12,8.2608362369242e-11,3.520214397756405e-10,-29.282217724568582,4.07165856586289e-10,-4.07165856586289e-10,-1.3904884541935746e-11,-29.282217724171982,1.056577048075269e-11,-1.056577048075269e-11,-3.608254873412349e-13
low_energy_small_angles,dop853_strict,DOP853,1e-09,1e-11,2.3929912390488113,0.0740943131947081,0.10454731574647175,0.0740943135479039,0.10454731547455923,3.5319579205772555e-10,2.719125202776951e-10,3.5319579205772555e-10,0.17838350289217236,-1.9917961773734747,0.17838350297397124,-1.9917961773757047,8.17988732304542e-11,2.2299939672620894e-12,8.182926453821971e-11,3.522267200128937e-10,-29.282217724549593,3.8817660197310033e-10,-3.8817660197310033e-10,-1.3256393543334905e-11,-29.282217724157956,3.460343123151688e-12,3.460343123151688e-12,1.1817216700415697e-13
low_energy_small_angles,dop853_strict,DOP853,1e-09,1e-11,2.397997496871089,0.0746265892884699,0.1053196404655096,0.07462658962884022,0.1053196401962268,3.4037032914380205e-10,2.692827905104167e-10,3.4037032914380205e-10,0.1796823846064585,-1.9916757394782443,0.17968238467809078,-1.9916757394811753,7.163228343820549e-11,2.9309887850104133e-12,7.169222221293789e-11,3.394229897146772e-10,-29.2822177244963,3.34882344077414e-10,-3.34882344077414e-10,-1.1436372314146652e-11,-29.2822177241352,2.6215474235868896e-11,2.6215474235868896e-11,8.952694253836491e-13
low_energy_small_angles,dop853_strict,DOP853,1e-09,1e-11,2.403003754693367,0.07514807450549542,0.10607689628647715,0.07514807482221347,0.10607689602286437,3.1671805456046087e-10,2.6361278437914137e-10,3.1671805456046087e-10,0.18095543788878338,-1.9915568316608436,0.1809554379424765,-1.991556831664976,5.369313327285852e-11,4.132472142259758e-12,5.385192556133438e-11,3.1582418624775954e-10,-29.282217724413883,2.524664921566e-10,-2.524664921566e-10,-8.621836451556885e-12,-29.282217724104353,5.7063687108893646e-11,5.7063687108893646e-11,1.948748815627073e-12
low_energy_small_angles,dop853_strict,DOP853,1e-09,1e-11,2.4080100125156445,0.07565869736705166,0.10681896971357763,0.07565869765479952,0.106818969457214,2.877478533225286e-10,2.5636362477321484e-10,2.877478533225286e-10,0.18220248291710794,-1.991439522357537,0.18220248294913022,-1.9914395223631196,3.202227372156585e-11,5.582645457025137e-12,3.250526026042139e-11,2.869246784609203e-10,-29.28221772431498,1.5356249605247285e-10,-1.5356249605247285e-10,-5.244223559124929e-12,-29.282217724067202,9.421441404811048e-11,9.421441404811048e-11,3.217461701009485e-12
low_energy_small_angles,dop853_strict,DOP853,1e-09,1e-11,2.4130162703379225,0.07615838799337293,0.10754574937653098,0.07615838825697127,0.1075457491263323,2.6359833760203344e-10,2.501986812175616e-10,2.6359833760203344e-10,0.18342334359253243,-1.9913238790933772,0.18342334360661353,-1.9913238791001773,1.4081097399198939e-11,6.800116025829084e-12,1.5637099537013398e-11,2.628342543609108e-10,-29.282217724221812,6.039613253960852e-11,-6.039613253960852e-11,-2.0625532228651625e-12,-29.282217724026523,1.3489298567037622e-10,1.3489298567037622e-10,4.606651959939256e-12
low_energy_small_angles,dop853_strict,DOP853,1e-09,1e-11,2.4180225281602,0.07664707811087232,0.10825712604839552,0.07664707837148502,0.10825712579900733,2.6061269808863585e-10,2.4938819065400963e-10,2.6061269808863585e-10,0.18461784755798982,-1.9912099684435376,0.18461784756990912,-1.9912099684505273,1.191929888122445e-11,6.9897421184350605e-12,1.3817604014523772e-11,2.59847546257852e-10,-29.282217724168706,7.290168468898628e-12,-7.290168468898628e-12,-2.48962306665842e-13,-29.28221772398584,1.7557511000632076e-10,1.7557511000632076e-10,5.995963545529196e-12
low_energy_small_angles,dop853_strict,DOP853,1e-09,1e-11,2.423028785982478,0.07712470108141925,0.10895299265713565,0.07712470136204669,0.10895299240290024,2.8062743795409517e-10,2.5423541050173526e-10,2.8062743795409517e-10,0.1857858262327224,-1.9910978559941168,0.18578582625978773,-1.99109785600014,2.7065322205643838e-11,6.023181953196399e-12,2.7727430225980703e-11,2.7979323025117964e-10,-29.282217724164237,2.8208546609675977e-12,-2.8208546609675977e-12,-9.633336817381995e-14,-29.282217723949174,2.1224266788522073e-10,2.1224266788522073e-10,7.248176005128687e-12
low_energy_small_angles,dop853_strict,DOP853,1e-09,1e-11,2.428035043804756,0.07759119192779315,0.10963324429809784,0.07759119222164228,0.10963324404141282,2.938491255877196e-10,2.56685020461056e-10,2.938491255877196e-10,0.18692711484385338,-1.9909876063036176,0.18692711488167446,-1.9909876063089251,3.782107960148551e-11,5.307532191523023e-12,3.819167396417649e-11,2.9296502723763496e-10,-29.28221772415848,2.9380942123680143e-12,2.9380942123680143e-12,1.0033714795938173e-13,-29.28221772392066,2.4075674787127355e-10,2.4075674787127355e-10,8.22194377964138e-12
low_energy_small_angles,dop853_strict,DOP853,1e-09,1e-11,2.433041301627034,0.07804648727988425,0.11029777826722878,0.07804648758061838,0.11029777801028569,3.0073413204156907e-10,2.5694309180313013e-10,3.0073413204156907e-10,0.1880415523995766,-1.990879282868824,0.18804155244401352,-1.9908792828736595,4.443692636080243e-11,4.835465361452407e-12,4.4699241041176346e-11,2.998186698910388e-10,-29.282217724155263,6.153300091682468e-12,6.153300091682468e-12,2.101377754119095e-13,-29.282217723904225,2.5719160134940466e-10,2.5719160134940466e-10,8.783200909581041e-12
low_energy_small_angles,dop853_strict,DOP853,1e-09,1e-11,2.438047559449312,0.078490525414019,0.11094649406881261,0.07849052571449816,0.11094649381392988,3.004791554461761e-10,2.5488273991403076e-10,3.004791554461761e-10,0.1891289817298887,-1.9907729480868577,0.18912898177612708,-1.9907729480915175,4.623837424055921e-11,4.659828078956707e-12,4.647258600654199e-11,2.9955403435533157e-10,-29.282217724156443,4.973799150320701e-12,4.973799150320701e-12,1.6985732423595455e-13,-29.28221772390322,2.581970193205052e-10,2.581970193205052e-10,8.817536354408738e-12
low_energy_small_angles,dop853_strict,DOP853,1e-09,1e-11,2.4430538172715894,0.07892324626048385,0.1115792934315311,0.07892324655151729,0.11157929318149437,2.910334473416043e-10,2.500367274338444e-10,2.910334473416043e-10,0.19018924950391825,-1.9906686632193313,0.19018924954556388,-1.9906686632242268,4.164563138786548e-11,4.895417404782165e-12,4.1932370851896875e-11,2.90127519231298e-10,-29.282217724161203,2.1316282072803006e-13,2.1316282072803006e-13,7.279599610112338e-15,-29.282217723920073,2.4134294562827563e-10,2.4134294562827563e-10,8.241962678569189e-12
low_energy_small_angles,dop853_strict,DOP853,1e-09,1e-11,2.4480600750938675,0.07934459140980882,0.11219608032452448,0.0793445916798663,0.11219608008267458,2.700574763814245e-10,2.418499012168951e-10,2.700574763814245e-10,0.19122220624605799,-1.9905664883571947,0.19122220627493652,-1.9905664883628673,2.8878538449461644e-11,5.672573522019775e-12,2.94303937000468e-11,2.692078365784667e-10,-29.28221772416719,5.773159728050814e-12,-5.773159728050814e-12,-1.9715582277387583e-13,-29.282217723956013,2.0540369405352976e-10,2.0540369405352976e-10,7.01462218430425e-12
low_energy_small_angles,dop853_strict,DOP853,1e-09,1e-11,2.453066332916145,0.07975450411892779,0.11279676097314799,0.07975450435462336,0.11279676074326275,2.3569557416891485e-10,2.298852358473269e-10,2.3569557416891485e-10,0.19222770635171912,-1.990466482386237,0.19222770635824113,-1.9904664823933345,6.522005158160482e-12,7.097433751823701e-12,9.638989425484302e-12,2.3494636791632217e-10,-29.282217724171442,1.0025758001575014e-11,-1.0025758001575014e-11,-3.42383834995617e-13,-29.282217724010792,1.5062440184010484e-10,1.5062440184010484e-10,5.143886411165547e-12
low_energy_small_angles,dop853_strict,DOP853,1e-09,1e-11,2.458072590738423,0.08015292931720243,0.11338124387442813,0.08015292950436419,0.11338124366044594,1.871617583137919e-10,2.1398219307577904e-10,2.1398219307577904e-10,0.19320560810270637,-1.9903687029532633,0.19320560807665899,-1.9903687029624875,2.6047386469940648e-11,9.22417697779565e-12,2.7632440768635375e-11,1.8656087785728914e-10,-29.282217724171065,9.64917035162216e-12,-9.64917035162216e-12,-3.2952320901775186e-13,-29.28221772408256,7.885603281465592e-11,7.885603281465592e-11,2.692966549100891e-12
low_energy_small_angles,dop853_strict,DOP853,1e-09,1e-11,2.463078848560701,0.08053981361229538,0.11394943981221893,0.08053981373743278,0.11394943961785262,1.2513740044184374e-10,1.9436631470970411e-10,1.9436631470970411e-10,0.19415577368220713,-1.9902732064329678,0.19415577361383307,-1.990273206445,6.837405641668681e-11,1.2032153051677597e-11,6.942466635088184e-11,1.2473175270422132e-10,-29.28221772416375,2.334132886971929e-12,-2.334132886971929e-12,-7.971161573073011e-14,-29.28221772416777,6.352252057695296e-12,-6.352252057695296e-12,-2.1693206838134768e-13
low_energy_small_angles,dop853_strict,DOP853,1e-09,1e-11,2.4680851063829787,0.08091510529587986,0.11450126187206171,0.08091510534785977,0.11450126170035287,5.1979906490196015e-11,1.717088415897905e-10,1.717088415897905e-10,0.1950780691893939,-1.99018004789552,0.1950780690706193,-1.9901800479109368,1.187746012654145e-10,1.541677896454985e-11,1.1977096050128342e-10,1.187746012654145e-10,-29.282217724148108,1.3308465440786676e-11,1.3308465440786676e-11,4.54489668991347e-13,-29.282217724261255,9.983835980165168e-11,-9.983835980165168e-11,-3.409521804056282e-12
low_energy_small_angles,dop853_strict,DOP853,1e-09,1e-11,2.4730913642052568,0.08127875434917146,0.11503662545575,0.08127875432091276,0.11503662530861464,2.825870093481342e-11,1.471353594517666e-10,1.471353594517666e-10,0.19597236465363457,-1.9900892810748845,0.19597236447930627,-1.9900892810940676,1.743283017940911e-10,1.918309955328823e-11,1.7538058078043609e-10,1.743283017940911e-10,-29.282217724123875,3.7541525443884893e-11,3.7541525443884893e-11,1.2820588180009514e-12,-29.28221772435642,1.950049011156807e-10,-1.950049011156807e-10,-6.659499049990936e-12
low_energy_small_angles,dop853_strict,DOP853,1e-09,1e-11,2.4780976220275344,0.08163071244826828,0.11555544829560126,0.08163071233826402,0.11555544817341903,1.1000425570451e-10,1.221822226726843e-10,1.221822226726843e-10,0.1968385340483056,-1.9900009583378875,0.19683853381730027,-1.9900009583609446,2.310053259790834e-10,2.305711177541525e-11,2.3215316287771437e-10,2.310053259790834e-10,-29.282217724091957,6.94591051342286e-11,6.94591051342286e-11,2.3720575329551055e-12,-29.28221772444556,2.8414248731678526e-10,-2.8414248731678526e-10,-9.703584953619579e-12
low_energy_small_angles,dop853_strict,DOP853,1e-09,1e-11,2.4831038798498124,0.08197093296928655,0.11605765046843848,0.08197093278276137,0.11605765036973897,1.8652518418704744e-10,9.8699506900779e-11,1.8652518418704744e-10,0.197676455304207,-1.9899151306540543,0.1976764550202726,-1.9899151306807559,2.839344037663949e-10,2.670152987604979e-11,2.851871619479035e-10,2.839344037663949e-10,-29.28221772405435,1.070645794243319e-10,1.070645794243319e-10,3.656300230839091e-12,-29.28221772452041,3.58994611815433e-10,-3.58994611815433e-10,-1.2259816356710526e-11
low_energy_small_angles,dop853_strict,DOP853,1e-09,1e-11,2.48811013767209,0.0822993709932771,0.11654315440928278,0.08229937074278676,0.11654315433058302,2.5049033680613064e-10,7.869976892393993e-11,2.5049033680613064e-10,0.19848601032257163,-1.9898318475662315,0.19848600999476318,-1.9898318475959749,3.2780844705371237e-10,2.9743318918917794e-11,3.291550439839545e-10,3.2780844705371237e-10,-29.282217724013986,1.474305122428632e-10,1.474305122428632e-10,5.034813743674031e-12,-29.282217724572853,4.114362184282072e-10,-4.114362184282072e-10,-1.405071918745833e-11
low_energy_small_angles,dop853_strict,DOP853,1e-09,1e-11,2.493116395494368,0.08261598331090975,0.11701188492476011,0.0826159830161887,0.11701188486060925,2.9472105311789676e-10,6.415086517552737e-11,2.9472105311789676e-10,0.199267084987667,-1.9897511571620108,0.19926708463023896,-1.9897511571938211,3.574280316165357e-10,3.181033214616491e-11,3.5884076554444115e-10,3.574280316165357e-10,-29.2822177239745,1.8691537206905195e-10,1.8691537206905195e-10,6.383238244787172e-12,-29.282217724595792,4.3437609065222205e-10,-4.3437609065222205e-10,-1.4834125432166588e-11
low_energy_small_angles,dop853_strict,DOP853,1e-09,1e-11,2.498122653316646,0.08292072842691135,0.11746376920622315,0.08292072811377282,0.11746376914951084,3.1313852899561567e-10,5.6712301521599784e-11,3.1313852899561567e-10,0.20001956917898334,-1.9896731060459696,0.20001956881059924,-1.9896731060785517,3.6838410100159535e-10,3.258215919288432e-11,3.698221774967316e-10,3.6838410100159535e-10,-29.282217723939908,2.2150814515953243e-10,2.2150814515953243e-10,7.564595934848237e-12,-29.28221772458432,4.2290437818337523e-10,-4.2290437818337523e-10,-1.4442361646482374e-11
low_energy_small_angles,dop853_strict,DOP853,1e-09,1e-11,2.5031289111389237,0.08321356656424436,0.11789873684259132,0.08321356626233699,0.11789873678517787,3.019073741006295e-10,5.7413448995013994e-11,3.019073741006295e-10,0.20074335678300465,-1.98959773931275,0.20074335642512706,-1.989597739344597,3.5787758867478203e-10,3.184696950597754e-11,3.592918005499028e-10,3.5787758867478203e-10,-29.282217723914286,2.4713031621104165e-10,2.4713031621104165e-10,8.43960380798374e-12,-29.282217724537063,3.7564618082797097e-10,-3.7564618082797097e-10,-1.2828474412920468e-11
low_energy_small_angles,dop853_strict,DOP853,1e-09,1e-11,2.5081351689612017,0.08349445966801186,0.11831671983291103,0.08349445940723528,0.11831671976663816,2.6077658088485833e-10,6.627287607585686e-11,2.6077658088485833e-10,0.20143834570455743,-1.989525100520985,0.20143834537887975,-1.989525100550556,3.2567767926927615e-10,2.957101230549597e-11,3.2701742391345647e-10,3.2567767926927615e-10,-29.28221772390142,2.5999469244197826e-10,2.5999469244197826e-10,8.87892764445402e-12,-29.282217724457798,2.96381585940253e-10,-2.96381585940253e-10,-1.0121555297900195e-11
low_energy_small_angles,dop853_strict,DOP853,1e-09,1e-11,2.5131414267834793,0.08376337140907546,0.11871765259863727,0.08376337121445662,0.11871765251677979,1.946188349366551e-10,8.18574791283666e-11,1.946188349366551e-10,0.20210443787773175,-1.9894552316680931,0.20210443760251395,-1.989455231694071,2.7521779299988225e-10,2.5977886508599113e-11,2.764411043444511e-10,2.7521779299988225e-10,-29.282217723904424,2.5699264938339184e-10,2.5699264938339184e-10,8.776406616611604e-12,-29.28221772435731,1.9589307953538082e-10,-1.9589307953538082e-10,-6.6898307150330706e-12
low_energy_small_angles,dop853_strict,DOP853,1e-09,1e-11,2.5181476846057573,0.08402026718737254,0.11910147199564024,0.08402026707220339,0.11910147189485996,1.1516915199294431e-10,1.0078027301574366e-10,1.1516915199294431e-10,0.20274153927637065,-1.9893881731659486,0.20274153906154146,-1.9893881731875886,2.1482918222126557e-10,2.16400231067837e-11,2.1591634522175447e-10,2.1482918222126557e-10,-29.282217723925445,2.3597124254592927e-10,2.3597124254592927e-10,8.058516768394359e-12,-29.28221772425551,9.409362178303127e-11,-9.409362178303127e-11,-3.2133365945637546e-12
low_energy_small_angles,dop853_strict,DOP853,1e-09,1e-11,2.523153942428035,0.08426511413491894,0.1194681173259376,0.0842651140919549,0.11946811720880185,4.296403510739566e-11,1.1713574554761408e-10,1.1713574554761408e-10,0.20334955992412146,-1.9893239638174545,0.20334955976500904,-1.9893239638350315,1.5911241768584716e-10,1.7577050925865478e-11,1.6008033664721586e-10,1.5911241768584716e-10,-29.28221772396536,1.9605650436460564e-10,1.9605650436460564e-10,6.695411741400824e-12,-29.282217724183877,2.2460255877376767e-11,-2.2460255877376767e-11,-7.670271455855034e-13
low_energy_small_angles,dop853_strict,DOP853,1e-09,1e-11,2.528160200250313,0.08449788111848364,0.11981753034915575,0.08449788111980679,0.11981753022445585,1.3231499229604538e-12,1.246999031812024e-10,1.246999031812024e-10,0.20392841390404473,-1.989262640794015,0.2039284137815573,-1.9892626408088088,1.2248743685994157e-10,1.479372180313021e-11,1.2337757654171434e-10,1.2248743685994157e-10,-29.282217724023557,1.3785950159217464e-10,1.3785950159217464e-10,4.707959721179986e-12,-29.282217724171886,1.0469847211425076e-11,-1.0469847211425076e-11,-3.5754966751668435e-13
low_energy_small_angles,dop853_strict,DOP853,1e-09,1e-11,2.533166458072591,0.08471853874192145,0.1201496552937212,0.08471853879316339,0.12014965516118217,5.1241941245727674e-11,1.3253902142462692e-10,1.3253902142462692e-10,0.20447801936777388,-1.989204239613938,0.20447801928724854,-1.9892042396254883,8.052533639890669e-11,1.1550316258990279e-11,8.134949051985379e-11,8.052533639890669e-11,-29.282217724097798,6.361844384628057e-11,6.361844384628057e-11,2.1725965036380274e-12,-29.282217724166912,5.496048061104375e-12,-5.496048061104375e-12,-1.876923432807298e-13
low_energy_small_angles,dop853_strict,DOP853,1e-09,1e-11,2.5381727158948686,0.0849270593481505,0.12046443886778488,0.08492705945715118,0.12046443872498033,1.090006834791879e-10,1.4280454596615755e-10,1.4280454596615755e-10,0.20499829854422102,-1.9891487941217676,0.20499829851105922,-1.989148794129683,3.3161806634041113e-11,7.915446076367516e-12,3.409339680673393e-11,1.0860783106192429e-10,-29.282217724184186,2.276934196743241e-11,-2.276934196743241e-11,-7.775825650201663e-13,-29.282217724163267,1.850963826655061e-12,-1.850963826655061e-12,-6.32111899478088e-14
low_energy_small_angles,dop853_strict,DOP853,1e-09,1e-11,2.5431789737171466,0.0851234170207604,0.12076183026988135,0.08512341719041887,0.12076183011503995,1.6965846783012495e-10,1.54841403587902e-10,1.6965846783012495e-10,0.20548917774782202,-1.9890963364685676,0.20548917776315248,-1.9890963364727967,1.5330459124385243e-11,4.229061545402146e-12,1.5903079529425925e-11,1.6904416755281204e-10,-29.28221772427726,1.1584333492464793e-10,-1.1584333492464793e-10,-3.9560984081155505e-12,-29.28221772416351,2.092548356813495e-12,-2.092548356813495e-12,-7.146140283926945e-14
low_energy_small_angles,dop853_strict,DOP853,1e-09,1e-11,2.5481852315394242,0.08530758758523754,0.12104178119932453,0.08530758781392875,0.12104178103195418,2.2869120486213035e-10,1.6737035368752373e-10,2.2869120486213035e-10,0.20595058738631467,-1.989046897093162,0.2059505874480285,-1.9890468970938862,6.17138284919605e-11,7.240874566605271e-13,6.171807619960305e-11,2.2785957842774707e-10,-29.28221772437019,2.0877521933471144e-10,-2.0877521933471144e-10,-7.129761184804193e-12,-29.28221772416736,5.943689984633238e-12,-5.943689984633238e-12,-2.0297950246196572e-13
low_energy_small_angles,dop853_strict,DOP853,1e-09,1e-11,2.5531914893617023,0.08547954860979406,0.12130424586634303,0.08547954889148873,0.12130424568762828,2.816946675920917e-10,1.7871475133102166e-10,2.816946675920917e-10,0.2063824619680441,-1.9890005047043489,0.20638246207130878,-1.9890005047019248,1.032646745890986e-10,2.4240609519665668e-12,1.0329312217902641e-10,2.8066615698207897e-10,-29.28221772445521,2.937952103820862e-10,-2.937952103820862e-10,-1.0033229489297499e-11,-29.282217724172906,1.148947603724082e-11,-1.148947603724082e-11,-3.9237041898505507e-13
low_energy_small_angles,dop853_strict,DOP853,1e-09,1e-11,2.55819774718398,0.08563927940578649,0.12154918100195615,0.08563927973009863,0.12154918081493456,3.2431214658235064e-10,1.8702159265693297e-10,3.2431214658235064e-10,0.20678474010878764,-1.9889571862640933,0.20678474024626953,-1.9889571862590298,1.37481886985924e-10,5.063505170710414e-12,1.3757510070439415e-10,3.23123611201126e-10,-29.282217724524134,3.6271785575081594e-10,-3.6271785575081594e-10,-1.2386966696567156e-11,-29.282217724177443,1.602629140506906e-11,-1.602629140506906e-11,-5.473045640202793e-13
low_energy_small_angles,dop853_strict,DOP853,1e-09,1e-11,2.563204005006258,0.08578676102771056,0.12177654586759352,0.08578676138010398,0.12177654567710813,3.5239342000004115e-10,1.904853913492488e-10,3.5239342000004115e-10,0.2071573645380933,-1.9889169669717175,0.2071573647001161,-1.9889169669646631,1.6202278407817516e-10,7.054357098468245e-12,1.6217628221942839e-10,3.5109752605233524e-10,-29.28221772456911,4.076952109244303e-10,-4.076952109244303e-10,-1.3922962214300859e-11,-29.282217724178228,1.681144112808397e-11,-1.681144112808397e-11,-5.741177559175264e-13
low_energy_small_angles,dop853_strict,DOP853,1e-09,1e-11,2.568210262828536,0.08592197627275859,0.12198630226445996,0.08592197663514996,0.1219863020768773,3.623913669148493e-10,1.875826577402151e-10,3.623913669148493e-10,0.20750028210512378,-1.988879870249088,0.2075002822799896,-1.9888798702408148,1.7486581627146336e-10,8.273159934901742e-12,1.7506141458240775e-10,3.610545057375347e-10,-29.2822177245836,4.2218317730657873e-10,-4.2218317730657873e-10,-1.441773233446816e-11,-29.28221772417297,1.1553424883459229e-11,-1.1553424883459229e-11,-3.9455429886808873e-13
low_energy_small_angles,dop853_strict,DOP853,1e-09,1e-11,2.5732165206508135,0.08604490967992548,0.12217841454264791,0.0860449100319286,0.12217841436532274,3.5200312109573417e-10,1.773251684378252e-10,3.5200312109573417e-10,0.2078134437839993,-1.9888459177268192,0.20781344395869683,-1.98884591771818,1.746975342165058e-10,8.639089443818193e-12,1.7491101259710752e-10,3.507008572434245e-10,-29.282217724563502,4.020854760256043e-10,-4.020854760256043e-10,-1.3731387417894736e-11,-29.28221772416021,1.2079226507921703e-12,1.2079226507921703e-12,4.125106445730325e-14
low_energy_small_angles,dop853_strict,DOP853,1e-09,1e-11,2.5782227784730916,0.08615554752865007,0.12235284960999968,0.08615554784971213,0.12235284945045978,3.2106206582227514e-10,1.5953989518369127e-10,3.2106206582227514e-10,0.2080968046786308,-1.9888151292314946,0.2080968048401548,-1.9888151292233391,1.615240163843623e-10,8.155476294291475e-12,1.6172977358087932e-10,3.198712267282744e-10,-29.282217724508588,3.4717118069238495e-10,-3.4717118069238495e-10,-1.1856041231669628e-11,-29.282217724139493,2.192379611187789e-11,2.192379611187789e-11,7.48706819900054e-13
low_energy_small_angles,dop853_strict,DOP853,1e-09,1e-11,2.583229036295369,0.08625387783697763,0.12250957694072112,0.08625387810966494,0.12250957680553724,2.7268730329321755e-10,1.3518387798061582e-10,2.7268730329321755e-10,0.20835032402703615,-1.9887875227739187,0.20835032416453902,-1.9887875227669474,1.3750287020108942e-10,6.971312416226283e-12,1.3767947744795618e-10,2.7167357252722013e-10,-29.28221772442412,2.6270541297890304e-10,-2.6270541297890304e-10,-8.971499886162615e-12,-29.28221772411148,4.993694346921984e-11,4.993694346921984e-11,1.705367535328984e-12
low_energy_small_angles,dop853_strict,DOP853,1e-09,1e-11,2.588235294117647,0.08633989035923043,0.12264856858374962,0.0863398905739278,0.12264856847704778,2.1469737099266695e-10,1.0670184180661124e-10,2.1469737099266695e-10,0.20857396520513105,-1.9887631145384042,0.20857396531312838,-1.988763114532944,1.0799733329847072e-10,5.46007683510652e-12,1.0813526917073004e-10,2.1389763571466602e-10,-29.28221772432276,1.6134293900904595e-10,-1.6134293900904595e-10,-5.509928944894029e-12,-29.28221772407787,8.354561487067258e-11,8.354561487067258e-11,2.8531177405233627e-12
low_energy_small_angles,dop853_strict,DOP853,1e-09,1e-11,2.593241551939925,0.08641357658317213,0.1227697991708777,0.08641357674446644,0.12276979909244297,1.6129431124056737e-10,7.843473093238629e-11,1.6129431124056737e-10,0.20876769572998566,-1.988741918873104,0.20876769581283372,-1.9887419188687887,8.28480617443006e-11,4.3152148521130584e-12,8.296036652527121e-11,1.6069245933891807e-10,-29.282217724226683,6.5266902993244e-11,-6.5266902993244e-11,-2.2288920739562295e-12,-29.28221772404128,1.2013501304863894e-10,1.2013501304863894e-10,4.102661013599145e-12
low_energy_small_angles,dop853_strict,DOP853,1e-09,1e-11,2.598247809762203,0.0864749297266528,0.12287324592463511,0.08647492986167803,0.12287324586754793,1.3502522711039688e-10,5.7087182203652276e-11,1.3502522711039688e-10,0.20893148726253863,-1.9887239482813945,0.20893148734040257,-1.9887239482767298,7.786393751985088e-11,4.664713060265058e-12,7.800354039420165e-11,1.3452068625685598e-10,-29.28221772417004,8.622436098448816e-12,-8.622436098448816e-12,-2.944598042290441e-13,-29.282217724005008,1.5640821970919205e-10,1.5640821970919205e-10,5.341406213919928e-12
low_energy_small_angles,dop853_strict,DOP853,1e-09,1e-11,2.603254067584481,0.08652394475810003,0.12295888866001439,0.08652394490274797,0.12295888861366888,1.4464793252066954e-10,4.634551076243554e-11,1.4464793252066954e-10,0.20906531562817626,-1.9887092134129316,0.2090653157262875,-1.988709213406116,9.811124135339355e-11,6.815659148173836e-12,9.834769386990184e-11,1.4410682369625505e-10,-29.282217724166763,5.346834086594754e-12,-5.346834086594754e-12,-1.8259662355365117e-13,-29.28221772397276,1.886562017716642e-10,1.886562017716642e-10,6.442688308269757e-12
low_energy_small_angles,dop853_strict,DOP853,1e-09,1e-11,2.6082603254067585,0.08656061842746857,0.12302670978185432,0.08656061857975024,0.12302670974438842,1.5228167338232623e-10,3.7465891500332305e-11,1.5228167338232623e-10,0.20916916084364023,-1.9886977230553198,0.20916916095816904,-1.9886977230467524,1.1452880310791613e-10,8.567369036427408e-12,1.148487986595339e-10,1.517115322258178e-10,-29.282217724165587,4.170885858911788e-12,-4.170885858911788e-12,-1.4243749903786477e-13,-29.282217723948342,2.1307400288606004e-10,2.1307400288606004e-10,7.276566443608125e-12
low_energy_small_angles,dop853_strict,DOP853,1e-09,1e-11,2.6132665832290365,0.08658494918287055,0.12307669431167377,0.08658494933748392,0.12307669428204195,1.546133776564318e-10,2.963182477166981e-11,1.546133776564318e-10,0.2092430070594941,-1.9886894841330416,0.20924300718412062,-1.988689484123309,1.2462650356148686e-10,9.732659123073972e-12,1.2500596003218106e-10,1.5403417430448485e-10,-29.28221772416537,3.9541703245049575e-12,-3.9541703245049575e-12,-1.3503657276758388e-13,-29.28221772393531,2.2610535665990028e-10,2.2610535665990028e-10,7.721592633106326e-12
low_energy_small_angles,dop853_strict,DOP853,1e-09,1e-11,2.618272841051314,0.08659693720083009,0.1231088298870625,0.08659693735103899,0.12310882986386978,1.5020890087313887e-10,2.3192711640085406e-11,1.5020890087313887e-10,0.2092868425887765,-1.9886845017009303,0.20928684271540532,-1.9886845016907868,1.2662881854197394e-10,1.014344164218528e-11,1.2703443270894936e-10,1.4964603167744173e-10,-29.282217724166255,4.838796030526282e-12,-4.838796030526282e-12,-1.652469111495501e-13,-29.282217723936647,2.247695363166713e-10,2.247695363166713e-10,7.675973808882956e-12
low_energy_small_angles,dop853_strict,DOP853,1e-09,1e-11,2.623279098873592,0.08659658438519029,0.12312310676666072,0.08659658452308415,0.12312310674783884,1.3789386299478679e-10,1.8821874614438627e-11,1.3789386299478679e-10,0.20930065991019473,-1.9886827789406616,0.20930066002889247,-1.988682778931047,1.1869774607653483e-10,9.614531393253856e-12,1.1908649855278054e-10,1.3737715132133843e-10,-29.282217724167563,6.146194664324867e-12,-6.146194664324867e-12,-2.0989512209157244e-13,-29.28221772395443,2.0698465164059598e-10,2.0698465164059598e-10,7.0686125480792494e-12
low_energy_small_angles,dop853_strict,DOP853,1e-09,1e-11,2.6282853566958697,0.08658389436388333,0.12311951783532633,0.08658389448086966,0.12311951781812794,1.1698632340628734e-10,1.719839548552926e-11,1.1698632340628734e-10,0.20928445566960185,-1.9886843171584068,0.20928445576908172,-1.9886843171504023,9.947986878700021e-11,8.004485962942454e-12,9.980138320389013e-11,1.1654809062289218e-10,-29.282217724168305,6.888711823194171e-12,-6.888711823194171e-12,-2.352523940667971e-13,-29.28221772398958,1.7183765521622263e-10,1.7183765521622263e-10,5.868327899031893e-12
low_energy_small_angles,dop853_strict,DOP853,1e-09,1e-11,2.6332916145181477,0.08655887248545871,0.12309805860904777,0.086558872572938,0.12309805859027095,8.74792877025854e-11,1.8776813437426654e-11,8.74792877025854e-11,0.20923823068120645,-1.9886891157835385,0.20923823074972348,-1.9886891157782811,6.851702538668292e-11,5.257350110809966e-12,6.871842910040206e-11,8.715178578810878e-11,-29.282217724167545,6.128431095930864e-12,-6.128431095930864e-12,-2.0928848879072974e-13,-29.282217724041622,1.197939525354741e-10,1.197939525354741e-10,4.0910136542229655e-12
low_energy_small_angles,dop853_strict,DOP853,1e-09,1e-11,2.638297872340426,0.08652152581537002,0.12305872723958934,0.08652152586553535,0.12305872721595174,5.0165330223173044e-11,2.3637605761628322e-11,5.0165330223173044e-11,0.2091619899285032,-1.988697172368396,0.20916198995502205,-1.9886971723669624,2.651884267734772e-11,1.4335199693960021e-12,2.6557560062034614e-11,4.9977688654223584e-11,-29.282217724164646,3.2294167340296553e-12,-3.2294167340296553e-12,-1.1028593409320192e-13,-29.282217724108577,5.283951054479985e-11,5.283951054479985e-11,1.8044914166866803e-12
low_energy_small_angles,dop853_strict,DOP853,1e-09,1e-11,2.6433041301627034,0.08647186313202092,0.12300152451885599,0.08647186313871665,0.12300152448744497,6.6957273059387035e-12,3.141101267978286e-11,3.141101267978286e-11,0.20905574256491244,-1.9887084825891073,0.20905574254040943,-1.9887084825923829,2.4503010731535824e-11,3.275602011854062e-12,2.4720985082512836e-11,2.4503010731535824e-11,-29.282217724159416,2.000177801164682e-12,2.000177801164682e-12,6.830690967488744e-14,-29.282217724186886,2.546940436332079e-11,-2.546940436332079e-11,-8.69790826748256e-13
low_energy_small_angles,dop853_strict,DOP853,1e-09,1e-11,2.6483103879849814,0.0864098949225706,0.12292645388296408,0.08640989488213716,0.12292645384169704,4.043344825621631e-11,4.12670453364683e-11,4.12670453364683e-11,0.20891950191411496,-1.988723040247474,0.20891950183287675,-1.9887230402560236,8.12382106030185e-11,8.549605468033405e-12,8.168685705570642e-11,8.12382106030185e-11,-29.282217724152133,9.283240842705709e-12,9.283240842705709e-12,3.1702656302039233e-13,-29.282217724271515,1.1009859690602752e-10,-1.1009859690602752e-10,-3.759913198623023e-12
low_energy_small_angles,dop853_strict,DOP853,1e-09,1e-11,2.653316645807259,0.08633563337849959,0.12283352141600545,0.08633563329052368,0.12283352136404094,8.797590433928804e-11,5.196451602351715e-11,8.797590433928804e-11,0.20875328547007038,-1.9887408372739175,0.2087532853308492,-1.9887408372878705,1.392211901318774e-10,1.3953060928884042e-11,1.3991864668807194e-10,1.392211901318774e-10,-29.282217724143546,1.787014980436652e-11,1.787014980436652e-11,6.10273100647751e-13,-29.282217724356162,1.9474555301712826e-10,-1.9474555301712826e-10,-6.650642203798632e-12
low_energy_small_angles,dop853_strict,DOP853,1e-09,1e-11,2.658322903629537,0.08624909239093574,0.12272273585349096,0.0862490922588178,0.12272273579153943,1.3211794158696222e-10,6.195152724153274e-11,1.3211794158696222e-10,0.20855711489670414,-1.9887618637314883,0.2085571147035917,-1.9887618637504532,1.9311244270348027e-10,1.8964829706646924e-11,1.9404143962748543e-10,1.9311244270348027e-10,-29.282217724134757,2.665956344571896e-11,2.665956344571896e-11,9.104352579047164e-13,-29.282217724433593,2.721769476465852e-10,-2.721769476465852e-10,-9.29495676217194e-12
low_energy_small_angles,dop853_strict,DOP853,1e-09,1e-11,2.6633291614518146,0.08615028754574182,0.12259410858546116,0.08615028737698453,0.12259410851595029,1.687572859232489e-10,6.951086928275174e-11,1.687572859232489e-10,0.20833101602725157,-1.9887861078209412,0.20833101579013097,-1.988786107843962,2.3712060093217247e-10,2.3020696460207546e-11,2.382354546492768e-10,2.3712060093217247e-10,-29.282217724127076,3.434053041928564e-11,3.434053041928564e-11,1.1727434971890978e-12,-29.282217724496224,3.348077370901592e-10,-3.348077370901592e-10,-1.1433824454283113e-11
low_energy_small_angles,dop853_strict,DOP853,1e-09,1e-11,2.6683354192740927,0.08603923611836416,0.1224476536592501,0.08603923592447904,0.12244765358630794,1.9388511629525595e-10,7.294216619602167e-11,1.9388511629525595e-10,0.20807501886324314,-1.9888135558868707,0.2080750185976792,-1.9888135559124411,2.6556393195598105e-10,2.557043465856168e-11,2.667921458449418e-10,2.6556393195598105e-10,-29.282217724121892,3.952393967665557e-11,3.952393967665557e-11,1.3497590943749961e-12,-29.282217724536757,3.753406474515941e-10,-3.753406474515941e-10,-1.2818040320145974e-11
low_energy_small_angles,dop853_strict,DOP853,1e-09,1e-11,2.6733416770963707,0.08591595706844381,0.1222833877818898,0.08591595686436433,0.12228338771111558,2.040794755409081e-10,7.077421981804832e-11,2.040794755409081e-10,0.20778915757311842,-1.98884419242491,0.20778915729954595,-1.9888441924510551,2.735724702329634e-10,2.614508609610766e-11,2.748189622212021e-10,2.735724702329634e-10,-29.282217724120432,4.098410499864258e-11,4.098410499864258e-11,1.3996243517042656e-12,-29.282217724549135,3.8771830190853507e-10,-3.8771830190853507e-10,-1.3240742404173165e-11
low_energy_small_angles,dop853_strict,DOP853,1e-09,1e-11,2.6783479349186483,0.08578047103419001,0.12210133032214178,0.08578047083707288,0.12210133026014157,1.9711712817560567e-10,6.200021052116256e-11,1.9711712817560567e-10,0.20747347049045306,-1.9888780000899924,0.2074734702325221,-1.9888780001144322,2.579309543726538e-10,2.443978353028342e-11,2.5908624093647876e-10,2.579309543726538e-10,-29.282217724123623,3.779376811507973e-11,3.779376811507973e-11,1.2906730108729177e-12,-29.28221772452964,3.682245619529567e-10,-3.682245619529567e-10,-1.2575023019828391e-11
low_energy_small_angles,dop853_strict,DOP853,1e-09,1e-11,2.6833541927409263,0.08563280032651671,0.12190150331214261,0.08563280015380494,0.12190150326581449,1.7271177543687344e-10,4.6328121894312346e-11,1.7271177543687344e-10,0.20712800011178456,-1.9889149597056681,0.20712799989372133,-1.9889149597260731,2.1806323413642303e-10,2.0405011014190677e-11,2.190158408803475e-10,2.1806323413642303e-10,-29.282217724131932,2.948397082036536e-11,2.948397082036536e-11,1.0068899527387049e-12,-29.28221772447821,3.1679192602496187e-10,-3.1679192602496187e-10,-1.0818576960568452e-11
low_energy_small_angles,dop853_strict,DOP853,1e-09,1e-11,2.688360450563204,0.08547296892294289,0.1216839314486506,0.08547296878955674,0.12168393142421095,1.3338614934799153e-10,2.4439644752405343e-11,1.3338614934799153e-10,0.20675279309402245,-1.9889550502744804,0.2067527929368643,-1.9889550502888342,1.5715814760675073e-10,1.4353851440773724e-11,1.5781228219111797e-10,1.5715814760675073e-10,-29.2822177241452,1.6214585230045486e-11,1.6214585230045486e-11,5.537348770092119e-13,-29.282217724400017,2.3860025066824164e-10,-2.3860025066824164e-10,-8.148298496919078e-12
low_energy_small_angles,dop853_strict,DOP853,1e-09,1e-11,2.693366708385482,0.08530100246125655,0.12144864209387975,0.08530100237577093,0.12144864209562976,8.548561858390258e-11,1.7500167981410186e-12,8.548561858390258e-11,0.2063479002514257,-1.988998248989394,0.20634790016798799,-1.9889982489964653,8.343770119267901e-11,7.071232488442547e-12,8.373680379154912e-11,8.517479777037096e-11,-29.2822177241626,1.1830536550405668e-12,-1.1830536550405668e-12,-4.040177783612348e-14,-29.282217724307273,1.4585666008315457e-10,-1.4585666008315457e-10,-4.9810660332193674e-12
low_energy_small_angles,dop853_strict,DOP853,1e-09,1e-11,2.6983729662077596,0.08511692823294366,0.12119566527590883,0.08511692819260286,0.12119566530474737,4.034080014481134e-11,2.8838542664999522e-11,4.034080014481134e-11,0.20591337655213415,-1.9890445312462712,0.2059133765405664,-1.9890445312462144,1.1567746760476894e-11,5.684341886080802e-14,1.156788642271316e-11,4.01947503059219e-11,-29.282217724182615,2.119904252140259e-11,-2.119904252140259e-11,-7.239561812256721e-13,-29.282217724221265,5.984901463307324e-11,-5.984901463307324e-11,-2.0438689171992074e-12
low_energy_small_angles,dop853_strict,DOP853,1e-09,1e-11,2.7033792240300376,0.08492077517638173,0.12092503368865135,0.08492077516079484,0.12092503374034762,1.5586892887498038e-11,5.16962722629799e-11,5.16962722629799e-11,0.20544928111423588,-1.9890938706573942,0.20544928115002395,-1.9890938706524803,3.5788066954367537e-11,4.913847106990943e-12,3.6123837416879964e-11,3.5788066954367537e-11,-29.282217724203118,4.170175316176028e-11,-4.170175316176028e-11,-1.4241323370583104e-12,-29.28221772417466,1.3244516594568267e-11,-1.3244516594568267e-11,-4.523057891083133e-13
low_energy_small_angles,dop853_strict,DOP853,1e-09,1e-11,2.7083854818523156,0.08471257386979926,0.12063678269137412,0.08471257385341985,0.12063678276265055,1.63794117158389e-11,7.127642920323751e-11,7.127642920323751e-11,0.20495567720135607,-1.9891462390660268,0.20495567725579378,-1.9891462390588353,5.443770434432338e-11,7.191580664311914e-12,5.491067734722701e-11,5.443770434432338e-11,-29.282217724221525,6.010836273162568e-11,-6.010836273162568e-11,-2.052725763391511e-12,-29.282217724171648,1.0231815394945443e-11,-1.0231815394945443e-11,-3.4942078128539225e-13
low_energy_small_angles,dop853_strict,DOP853,1e-09,1e-11,2.7133917396745932,0.08449235652400097,0.1203309503077508,0.08449235650426627,0.12033095039878368,1.973469998528543e-11,9.103287568201779e-11,9.103287568201779e-11,0.20443263221774938,-1.98920160656201,0.20443263228845968,-1.9892016065527478,7.071029872740553e-11,9.262146605237831e-12,7.131433029802528e-11,7.071029872740553e-11,-29.282217724235075,7.365841270257079e-11,-7.365841270257079e-11,-2.5154656452743187e-12,-29.282217724167793,6.377121053446899e-12,-6.377121053446899e-12,-2.1778135500252746e-13
low_energy_small_angles,dop853_strict,DOP853,1e-09,1e-11,2.7183979974968713,0.08426015697485963,0.12000757722443715,0.08426015695111502,0.12000757732818783,2.374460350562657e-11,1.0375067471812827e-10,1.0375067471812827e-10,0.20388021770288028,-1.9892599414983847,0.20388021778222443,-1.989259941487962,7.934414236743237e-11,1.042277375518097e-11,8.002579047266616e-11,7.934414236743237e-11,-29.282217724241235,7.981881822161085e-11,-7.981881822161085e-11,-2.7258460740065653e-12,-29.28221772416613,4.714451051768265e-12,-4.714451051768265e-12,-1.6100047804365122e-13
low_energy_small_angles,dop853_strict,DOP853,1e-09,1e-11,2.723404255319149,0.08401601067557495,0.11966670678915545,0.08401601064734979,0.11966670689600167,2.822515832168193e-11,1.0684622631096374e-10,1.0684622631096374e-10,0.2032985093254742,-1.9893212105090354,0.2032985094034307,-1.9893212104986486,7.7956502364529e-11,1.0386802529183115e-11,7.864541898731966e-11,7.7956502364529e-11,-29.282217724238237,7.682032787670323e-11,-7.682032787670323e-11,-2.6234463728243183e-12,-29.282217724167626,6.210143510543276e-12,-6.210143510543276e-12,-2.1207900197460613e-13
low_energy_small_angles,dop853_strict,DOP853,1e-09,1e-11,2.728410513141427,0.08375995468869982,0.11930838500827404,0.08375995465509806,0.11930838510961964,3.360176026312445e-11,1.0134559857988279e-10,1.0134559857988279e-10,0.20268758687702093,-1.989385378527349,0.20268758694416214,-1.9893853785180973,6.714120925899181e-11,9.251710508806354e-12,6.777563078347914e-11,6.714120925899181e-11,-29.282217724225752,6.433609200939827e-11,-6.433609200939827e-11,-2.1971044889920724e-12,-29.2822177241713,9.883649454422994e-12,-9.883649454422994e-12,-3.3753076858887544e-13
low_energy_small_angles,dop853_strict,DOP853,1e-09,1e-11,2.7334167709637045,0.08349202767793476,0.11893266054386983,0.083492027637641,0.11893266063489355,4.029375444414285e-11,9.102371634206463e-11,9.102371634206463e-11,0.2020475342647151,-1.9894524088058732,0.2020475343149424,-1.9894524087984333,5.0227294545734935e-11,7.439826532618099e-12,5.0775310301557615e-11,5.0227294545734935e-11,-29.28221772420573,4.431299771567865e-11,-4.431299771567865e-11,-1.5133074322821866e-12,-29.28221772417519,1.3773870932709542e-11,-1.3773870932709542e-11,-4.703834614734256e-13
low_energy_small_angles,dop853_strict,DOP853,1e-09,1e-11,2.7384230287859825,0.0832122698996906,0.1185395847102595,0.08321226985154408,0.1185395847921918,4.8146528430770275e-11,8.193230816022634e-11,8.193230816022634e-11,0.20137843950381312,-1.9895222629369775,0.20137843953719053,-1.9895222629312899,3.337741194542332e-11,5.687672555154677e-12,3.385854762492253e-11,4.797992558813746e-11,-29.28221772418341,2.19948503854539e-11,-2.19948503854539e-11,-7.511333531034248e-13,-29.282217724177006,1.5589307622576598e-11,-1.5589307622576598e-11,-5.32381384819549e-13
low_energy_small_angles,dop853_strict,DOP853,1e-09,1e-11,2.7434292866082606,0.08292072319442041,0.1181292114699873,0.08292072313852253,0.11812921155228566,5.589788354409819e-11,8.229836256923306e-11,8.229836256923306e-11,0.20068039470939142,-1.9895949008744966,0.2006803947354104,-1.9895949008694274,2.601899251608586e-11,5.069278330438465e-12,2.6508216732620564e-11,5.570582883862585e-11,-29.28221772416852,7.105427357601002e-12,-7.105427357601002e-12,-2.4265332033707796e-13,-29.28221772417471,1.3294254586071474e-11,-1.3294254586071474e-11,-4.540043623506728e-13
low_energy_small_angles,dop853_strict,DOP853,1e-09,1e-11,2.748435544430538,0.08261743097944947,0.11770159743498924,0.0826174309170544,0.11770159753203098,6.23950752176583e-11,9.704173575819652e-11,9.704173575819652e-11,0.19995349609490226,-1.9896702809555342,0.1999534961290903,-1.9896702809492874,3.4188041286853377e-11,6.246780870355906e-12,3.475405642905351e-11,6.218225934162547e-11,-29.28221772416714,5.723421736547607e-12,-5.723421736547607e-12,-1.954572495315163e-13,-29.28221772416687,5.453415496958769e-12,-5.453415496958769e-12,-1.8623642335870734e-13
low_energy_small_angles,dop853_strict,DOP853,1e-09,1e-11,2.753441802252816,0.08230243824465394,0.1172568018698254,0.08230243817375459,0.11725680198981446,7.089935583071139e-11,1.1998906035426415e-10,1.1998906035426415e-10,0.19919784397578325,-1.989748359922689,0.19919784402428903,-1.98974835991448,4.850578272375117e-11,8.208989044078407e-12,4.919551258773057e-11,7.065936724615085e-11,-29.282217724166166,4.74997818855627e-12,-4.74997818855627e-12,-1.6221374464533662e-13,-29.282217724152904,8.512301974406e-12,8.512301974406e-12,2.906986777638194e-13
low_energy_small_angles,dop853_strict,DOP853,1e-09,1e-11,2.758448060075094,0.08197579153687329,0.1167948866682836,0.08197579145452358,0.11679488682073379,8.234971038412198e-11,1.5245019135967652e-10,1.5245019135967652e-10,0.1984135427355478,-1.9898290929512101,0.1984135428048862,-1.9898290929401883,6.933842389145184e-11,1.1021850099268704e-11,7.02089610189569e-11,8.207316770647566e-11,-29.28221772416601,4.593658786689048e-12,-4.593658786689048e-12,-1.568753715979209e-13,-29.282217724133115,2.830091716532479e-11,2.830091716532479e-11,9.664881749025815e-13
low_energy_small_angles,dop853_strict,DOP853,1e-09,1e-11,2.763454317897372,0.08163753895182187,0.11631591635853662,0.08163753885548342,0.11631591655147966,9.633845110545991e-11,1.9294303654771028e-10,1.9294303654771028e-10,0.19760070082784958,-1.9899124336730196,0.1976007009234713,-1.9899124336584841,9.562170499854972e-11,1.45354839276024e-11,9.672016728603841e-11,9.601759665134324e-11,-29.282217724166742,5.325517804521951e-12,-5.325517804521951e-12,-1.8186866359263993e-13,-29.282217724108765,5.2651216719823424e-11,5.2651216719823424e-11,1.7980611036977477e-12
low_energy_small_angles,dop853_strict,DOP853,1e-09,1e-11,2.7684605757196494,0.08128773012537535,0.11581995809721941,0.08128773001371509,0.11581995833488971,1.1166026436804088e-10,2.3767030010724e-10,2.3767030010724e-10,0.19675943076706193,-1.9899983342029421,0.19675943089184836,-1.9899983341845435,1.247864311881841e-10,1.8398615964088094e-11,1.2613549253908436e-10,1.247864311881841e-10,-29.282217724167772,6.355804771374096e-12,-6.355804771374096e-12,-2.1705339504151622e-13,-29.28221772408186,7.955591740937962e-11,7.955591740937962e-11,2.7168679011540934e-12
low_energy_small_angles,dop853_strict,DOP853,1e-09,1e-11,2.7734668335419275,0.08092641622448053,0.11530708166261525,0.08092641609780978,0.11530708194414223,1.2667075721672916e-10,2.815269822820099e-10,2.815269822820099e-10,0.19588984911773047,-1.9900867451659028,0.1958898492711318,-1.9900867451437525,1.534013194248729e-10,2.2150281608901423e-11,1.5499225715062517e-10,1.534013194248729e-10,-29.282217724168223,6.80699940858176e-12,-6.80699940858176e-12,-2.3246188088292066e-13,-29.282217724055037,1.063789056843234e-10,1.063789056843234e-10,3.6328841854265625e-12
low_energy_small_angles,dop853_strict,DOP853,1e-09,1e-11,2.7784730913642055,0.08055364993783923,0.11477735944758309,0.08055364979824801,0.11477735976655946,1.3959121358819715e-10,3.189763730926387e-10,3.189763730926387e-10,0.19499207648366979,-1.9901776157249875,0.19499207666140883,-1.990177615699689,1.7773904570361765e-10,2.5298430017528517e-11,1.795304401180604e-10,1.7773904570361765e-10,-29.28221772416733,5.915268275202834e-12,-5.915268275202834e-12,-2.020088891806174e-13,-29.28221772403128,1.3013590205446235e-10,1.3013590205446235e-10,4.444195561973583e-12
low_energy_small_angles,dop853_strict,DOP853,1e-09,1e-11,2.783479349186483,0.08016948546637977,0.11423086645219627,0.08016948531761957,0.1142308667969888,1.4876019860388112e-10,3.4479252786212555e-10,3.4479252786212555e-10,0.19406623749668103,-1.990270893610357,0.19406623769094405,-1.99027089358297,1.9426302233505055e-10,2.738698157145336e-11,1.961840172041124e-10,1.9426302233505055e-10,-29.2822177241646,3.183231456205249e-12,-3.183231456205249e-12,-1.0870868751101092e-13,-29.28221772401364,1.4777512546970684e-10,1.4777512546970684e-10,5.046582429710379e-12
low_energy_small_angles,dop853_strict,DOP853,1e-09,1e-11,2.788485607008761,0.07977397851353105,0.11366768027606278,0.07977397836069736,0.11366768063073078,1.5283369014795767e-10,3.5466800329952974e-10,3.5466800329952974e-10,0.19311246080486913,-1.9903665251490017,0.19311246100490076,-1.9903665251209532,2.000316301487004e-10,2.804845244952503e-11,2.0198853617163457e-10,2.000316301487004e-10,-29.282217724159946,1.4708234630234074e-12,1.4708234630234074e-12,5.0229237309775135e-14,-29.28221772400496,1.5645795770069526e-10,1.5645795770069526e-10,5.343104787162288e-12
low_energy_small_angles,dop853_strict,DOP853,1e-09,1e-11,2.7934918648310387,0.07936718627531333,0.11308788111029905,0.07936718612437918,0.11308788145598374,1.5093415406397526e-10,3.456846892069265e-10,3.456846892069265e-10,0.19213087906053747,-1.99046445529532,0.19213087925355504,-1.990464455268277,1.9301757414602605e-10,2.7042812433819563e-11,1.9490279021488484e-10,1.9301757414602605e-10,-29.28221772415372,7.695177828281885e-12,7.695177828281885e-12,2.6279354592505543e-13,-29.282217724007566,1.538502658604557e-10,1.538502658604557e-10,5.2540510185985805e-12
low_energy_small_angles,dop853_strict,DOP853,1e-09,1e-11,2.7984981226533168,0.07894916743025983,0.11249155172912616,0.07894916728750984,0.1124915520457724,1.4274999238228503e-10,3.1664623700855543e-10,3.1664623700855543e-10,0.19112162890763668,-1.9905646276625126,0.1911216290799762,-1.990564627638226,1.7233953153450443e-10,2.428657275288515e-11,1.740423849113015e-10,1.7233953153450443e-10,-29.282217724146662,1.475441990805848e-11,1.475441990805848e-11,5.038696196799424e-13,-29.28221772402299,1.3842793578078272e-10,1.3842793578078272e-10,4.7273719868069525e-12
low_energy_small_angles,dop853_strict,DOP853,1e-09,1e-11,2.8035043804755944,0.07851998212918396,0.11187877748106084,0.07851998200059772,0.11187877774933108,1.2858623887890275e-10,2.6827023935638294e-10,2.6827023935638294e-10,0.19008485096874664,-1.9906669845547742,0.19008485110714962,-1.9906669845349092,1.3840298351830427e-10,1.9864998535013e-11,1.398213288935707e-10,1.3840298351830427e-10,-29.282217724139787,2.162892087653745e-11,2.162892087653745e-11,7.386367071060653e-13,-29.28221772405174,1.0967582397825026e-10,1.0967582397825026e-10,3.745475326062967e-12
low_energy_small_angles,dop853_strict,DOP853,1e-09,1e-11,2.8085106382978724,0.07807969198480585,0.1112496462796703,0.07807969187543826,0.1112496464829089,1.093675983110387e-10,2.0323860649984482e-10,2.0323860649984482e-10,0.18902068983156686,-1.9907714670002656,0.18902068992451468,-1.9907714669862329,9.294781611046687e-11,1.4032774942052129e-11,9.400114516472367e-11,1.0903439262577308e-10,-29.282217724134266,2.7149837933393428e-11,2.7149837933393428e-11,9.27178337007975e-13,-29.282217724093147,6.826894605183043e-11,6.826894605183043e-11,2.331413101798645e-12
low_energy_small_angles,dop853_strict,DOP853,1e-09,1e-11,2.8135168961201504,0.0776283600612535,0.11060424859386293,0.07762835997465864,0.11060424871996725,8.659485628559338e-11,1.261043214295654e-10,1.261043214295654e-10,0.18792929403489486,-1.9908780147848573,0.18792929407389458,-1.9908780147776535,3.899972012000319e-11,7.203793117582791e-12,3.96594604693447e-11,8.633406489710893e-11,-29.28221772413125,3.0166091846695053e-11,3.0166091846695053e-11,1.0301846714910645e-12,-29.282217724145237,1.617905809325748e-11,1.617905809325748e-11,5.525216104075265e-13
low_energy_small_angles,dop853_strict,DOP853,1e-09,1e-11,2.818523153942428,0.07716605086345167,0.10994267743768461,0.07716605080119611,0.10994267748073736,6.225556181682634e-11,4.305274192706321e-11,6.225556181682634e-11,0.1868108160540674,-1.990986566486622,0.18681081603478994,-1.9909865664866975,1.9277468510381368e-11,7.549516567451064e-14,1.927761633835432e-11,6.207029334959202e-11,-29.282217724131705,2.971134449580859e-11,2.971134449580859e-11,1.0146548589894914e-12,-29.282217724204752,4.333600145400851e-11,-4.333600145400851e-11,-1.4799426007358385e-12
low_energy_small_angles,dop853_strict,DOP853,1e-09,1e-11,2.823529411764706,0.07669283032641384,0.1092650283595913,0.07669283028772343,0.10926502832110718,3.869041198534262e-11,3.848411866957946e-11,3.869041198534262e-11,0.18566541228584266,-1.991097059511063,0.18566541220901137,-1.991097059518224,7.68312913290714e-11,7.16093850883226e-12,7.716428168278325e-11,7.68312913290714e-11,-29.28221772413626,2.5156765559586347e-11,2.5156765559586347e-11,8.591140806534245e-13,-29.282217724267266,1.0584955134618212e-10,-1.0584955134618212e-10,-3.61480651306145e-12
low_energy_small_angles,dop853_strict,DOP853,1e-09,1e-11,2.8285356695869837,0.07620876580445134,0.10857139943116946,0.07620876578603547,0.10857139932080744,1.8415866054333208e-11,1.1036202507419546e-10,1.1036202507419546e-10,0.1844932430327006,-1.9912094301270593,0.184493242904626,-1.99120943014042,1.2807460647579205e-10,1.3360645922944059e-11,1.2876960698630434e-10,1.2807460647579205e-10,-29.282217724145053,1.6363799204555107e-11,1.6363799204555107e-11,5.588305967362905e-13,-29.282217724327403,1.659863357872382e-10,-1.659863357872382e-10,-5.66850288973431e-12
low_energy_small_angles,dop853_strict,DOP853,1e-09,1e-11,2.8335419274092617,0.07571392606031331,0.10786189123527341,0.07571392605640893,0.1078618910708639,3.904376821850519e-12,1.644095137809387e-10,1.644095137809387e-10,0.18329447248653646,-1.9913236135035102,0.18329447231918922,-1.9913236135215047,1.6734724717082372e-10,1.7994494783124537e-11,1.683119216756575e-10,1.6734724717082372e-10,-29.282217724157658,3.75877107217093e-12,3.75877107217093e-12,1.2836360645831424e-13,-29.282217724379215,2.177991120788647e-10,-2.177991120788647e-10,-7.437930901632283e-12
low_energy_small_angles,dop853_strict,DOP853,1e-09,1e-11,2.8385481852315393,0.07520838125427318,0.10713660685355209,0.07520838125694998,0.10713660666028693,2.6768032235224837e-12,1.9326515388051746e-10,1.9326515388051746e-10,0.1820692687117269,-1.9914395437466625,0.18206926852223912,-1.9914395437671275,1.8948778657268406e-10,2.0464963057520436e-11,1.9058970584257888e-10,1.8948778657268406e-10,-29.282217724173034,1.1617373729677638e-11,-1.1617373729677638e-11,-3.9673817875112245e-13,-29.282217724416725,2.553086630996404e-10,-2.553086630996404e-10,-8.718897779691716e-12
low_energy_small_angles,dop853_strict,DOP853,1e-09,1e-11,2.8435544430538173,0.07469220293317431,0.10639565185333386,0.07469220293294167,0.1063956516619651,2.3264723481020155e-13,1.9136875417657961e-10,1.9136875417657961e-10,0.18081780362754166,-1.9915571539380967,0.18081780343702303,-1.9915571539584365,1.9051862865104852e-10,2.0339729900342718e-11,1.9160128516138669e-10,1.9051862865104852e-10,-29.282217724189564,2.814815047713637e-11,-2.814815047713637e-11,-9.612711285153343e-13,-29.28221772443463,2.732143400407949e-10,-2.732143400407949e-10,-9.330384146941153e-12
low_energy_small_angles,dop853_strict,DOP853,1e-09,1e-11,2.8485607008760954,0.07416546401945096,0.10563913427384204,0.07416546400620566,0.10563913411773389,1.3245293750685505e-11,1.561081541812115e-10,1.561081541812115e-10,0.1795402529898812,-1.991676376173359,0.17954025282143443,-1.9916763761908007,1.6844675654326124e-10,1.7441825761466134e-11,1.693473562705898e-10,1.6844675654326124e-10,-29.28221772420515,4.3733905386034166e-11,-4.3733905386034166e-11,-1.4935311866747148e-12,-29.28221772442917,2.6775381911647855e-10,-2.6775381911647855e-10,-9.143905070262108e-12
low_energy_small_angles,dop853_strict,DOP853,1e-09,1e-11,2.853566958698373,0.07362823880013727,0.1048671646117102,0.07362823876449086,0.10486716452258668,3.5646416374213175e-11,8.912351412426744e-11,8.912351412426744e-11,0.17823679637231388,-1.9917971416012121,0.1782367962481301,-1.9917971416131635,1.2418377437484196e-10,1.1951328815484885e-11,1.247575411686103e-10,1.2418377437484196e-10,-29.282217724217457,5.60405055693991e-11,-5.60405055693991e-11,-1.913806737498534e-12,-29.282217724399167,2.377511520990083e-10,-2.377511520990083e-10,-8.119301425138797e-12
low_energy_small_angles,dop853_strict,DOP853,1e-09,1e-11,2.858573216520651,0.07308060291587952,0.10407985580576828,0.07308060285090202,0.10407985580799763,6.497749560629984e-11,2.229341711235122e-12,6.497749560629984e-11,0.17690761714638953,-1.9919193804634903,0.17690761708380276,-1.991919380468003,6.258676910064764e-11,4.512834550496336e-12,6.274925770188788e-11,6.480405101427777e-11,-29.28221772422422,6.280487241383526e-11,-6.280487241383526e-11,-2.144812698459432e-12,-29.28221772434734,1.8592416495266662e-10,-1.8592416495266662e-10,-6.34938810660015e-12
low_energy_small_angles,dop853_strict,DOP853,1e-09,1e-11,2.8635794743429286,0.07252263334996616,0.10327732322107128,0.07252263325338287,0.10327732332432595,9.658328303796537e-11,1.0325466870408917e-10,1.0325466870408917e-10,0.1755529024612082,-1.9920430221355314,0.1755529024675833,-1.992043022131885,6.375094896426958e-12,3.646416502078864e-12,7.344262266904832e-12,9.632940278780922e-11,-29.282217724223692,6.227551807569398e-11,-6.227551807569398e-11,-2.12673502609432e-12,-29.2822177242817,1.2028422702314856e-10,-1.2028422702314856e-10,-4.107756733326224e-12
low_energy_small_angles,dop853_strict,DOP853,1e-09,1e-11,2.8685857321652066,0.07195440841738893,0.10245968463213898,0.07195440829426522,0.10245968482226904,1.2312370567535424e-10,1.9013006447021752e-10,1.9013006447021752e-10,0.17417284322221638,-1.9921679951671698,0.1741728432885442,-1.9921679951565747,6.63278321155758e-11,1.0595080368602794e-11,6.71687207051702e-11,1.2280511330065025e-10,-29.282217724215247,5.383071766118519e-11,-5.383071766118519e-11,-1.8383415548737026e-12,-29.282217724217276,5.5859317171780276e-11,-5.5859317171780276e-11,-1.907619077829938e-12
low_energy_small_angles,dop853_strict,DOP853,1e-09,1e-11,2.873591989987484,0.07137600775395084,0.1016270602053799,0.07137600761989923,0.10162706043333532,1.3405160315116404e-10,2.2795541843034783e-10,2.2795541843034783e-10,0.1727676340692112,-1.9922942273242605,0.1727676341622802,-1.9922942273106938,9.306899695360471e-11,1.3566703316314488e-11,9.405261098354995e-11,1.3371027896003085e-10,-29.282217724200095,3.8678393821101054e-11,-3.8678393821101054e-11,-1.3208833492548838e-12,-29.28221772417794,1.652367132010113e-11,-1.652367132010113e-11,-5.642902964438748e-13
low_energy_small_angles,dop853_strict,DOP853,1e-09,1e-11,2.8785982478097623,0.07078751230543372,0.10077957248066752,0.070787512176431,0.10077957269089075,1.2900271129101526e-10,2.102232277145788e-10,2.102232277145788e-10,0.17133747335352528,-1.9924216456307193,0.17133747343400219,-1.992421645618693,8.047690291945742e-11,1.2026379891949546e-11,8.137054575713046e-11,1.2867963639084934e-10,-29.282217724182146,2.0730084315800923e-11,-2.0730084315800923e-11,-7.079410620834249e-13,-29.282217724172984,1.1567635738174431e-11,-1.1567635738174431e-11,-3.950396055087629e-13
low_energy_small_angles,dop853_strict,DOP853,1e-09,1e-11,2.8836045056320403,0.07018900431684144,0.0999173463520419,0.0701890041859692,0.09991734655921514,1.3087224359775718e-10,2.0717323689911638e-10,2.0717323689911638e-10,0.1698825631143721,-1.9925501764110483,0.16988256318996203,-1.9925501763995608,7.55899232096624e-11,1.1487477635796495e-11,7.645782257738958e-11,1.3055001524264753e-10,-29.282217724169108,7.691625114603085e-12,-7.691625114603085e-12,-2.6267221926488686e-13,-29.28221772416583,4.412470389070222e-12,-4.412470389070222e-12,-1.506877119293254e-13
low_energy_small_angles,dop853_strict,DOP853,1e-09,1e-11,2.888610763454318,0.06958056731736413,0.0990405090589084,0.06958056718063743,0.09904050927632084,1.3672669940678617e-10,2.1741243527717558e-10,2.1741243527717558e-10,0.16840310906131553,-1.9926797453325027,0.1684031091412667,-1.992679745320511,7.995115680614617e-11,1.1991740933581241e-11,8.084546570624169e-11,1.3639585294544787e-10,-29.282217724167225,5.808686864838819e-12,-5.808686864838819e-12,-1.9836908937556123e-13,-29.282217724161143,2.7355895326763857e-13,2.7355895326763857e-13,9.342152832977502e-15
low_energy_small_angles,dop853_strict,DOP853,1e-09,1e-11,2.893617021276596,0.068962286099203,0.09814919019452192,0.06896228596268364,0.09814919041063185,1.3651936525693742e-10,2.1610992162468534e-10,2.1610992162468534e-10,0.1668993205677601,-1.992810277446385,0.16689932064663507,-1.9928102774346153,7.887496211722578e-11,1.176969632865621e-11,7.974826268115554e-11,1.361948609446273e-10,-29.28221772416551,4.092726157978177e-12,-4.092726157978177e-12,-1.397683125141569e-13,-29.282217724161473,5.684341886080802e-14,-5.684341886080802e-14,-1.9412265626966236e-15
low_energy_small_angles,dop853_strict,DOP853,1e-09,1e-11,2.8986232790988735,0.06833424672538302,0.09724352163592946,0.06833424659307284,0.09724352184284857,1.3231017670367606e-10,2.0691910684877968e-10,2.0691910684877968e-10,0.16537141061513388,-1.9929416972354357,0.16537141068907404,-1.99294169722438,7.394015955064503e-11,1.1055600879217309e-11,7.4762112765594e-11,1.3200138204716438e-10,-29.282217724164838,3.4212632726848824e-12,-3.4212632726848824e-12,-1.1683757374230303e-13,-29.28221772416622,4.803268893738277e-12,-4.803268893738277e-12,-1.640336445478647e-13
low_energy_small_angles,dop853_strict,DOP853,1e-09,1e-11,2.9036295369211516,0.06769653650855431,0.09632363754727218,0.06769653638128506,0.09632363774352957,1.2726925069372896e-10,1.9625739922091157e-10,1.9625739922091157e-10,0.16381959578104693,-1.9930739286562442,0.16381959584941683,-1.9930739286459784,6.836989308034447e-11,1.0265788219498972e-11,6.913630513402736e-11,1.2697774776082582e-10,-29.282217724165662,4.245492846166599e-12,-4.245492846166599e-12,-1.4498535890140408e-13,-29.282217724172906,1.148947603724082e-11,-1.148947603724082e-11,-3.9237041898505507e-13
low_energy_small_angles,dop853_strict,DOP853,1e-09,1e-11,2.908635794743429,0.06704924399911745,0.09538967436068035,0.06704924387481709,0.09538967455066819,1.243003616702154e-10,1.8998783102297523e-10,1.8998783102297523e-10,0.1622440962143715,-1.993206895183548,0.16224409627947456,-1.9932068951737807,6.510306183038495e-11,9.767298081442277e-12,6.583166997352164e-11,1.2402105731279534e-10,-29.282217724167324,5.908162847845233e-12,-5.908162847845233e-12,-2.0176623586028032e-13,-29.282217724178242,1.6825651982799172e-11,-1.6825651982799172e-11,-5.746030625582006e-13
low_energy_small_angles,dop853_strict,DOP853,1e-09,1e-11,2.913642052565707,0.06639245897422721,0.09444177075424773,0.06639245884841041,0.09444177094721935,1.258168014217631e-10,1.9297162479059438e-10,1.9297162479059438e-10,0.16064513560819865,-1.9933405198550136,0.16064513567477073,-1.9933405198451633,6.657208118099334e-11,9.850342763684239e-12,6.729688882356178e-11,1.2553960648808982e-10,-29.282217724168643,7.226219622680219e-12,-7.226219622680219e-12,-2.4677842678280826e-13,-29.282217724178913,1.7497114868092467e-11,-1.7497114868092467e-11,-5.975338013300545e-13
low_energy_small_angles,dop853_strict,DOP853,1e-09,1e-11,2.9186483103879852,0.06572627242661093,0.0934800676297912,0.06572627229303112,0.0934800678385376,1.3357981387684958e-10,2.087463951694346e-10,2.087463951694346e-10,0.15902294117229407,-1.9934747253162899,0.15902294124683766,-1.9934747253055778,7.454359352010442e-11,1.0712097875398285e-11,7.530933790561876e-11,1.3329139181283978e-10,-29.282217724168394,6.977529665164184e-12,-6.977529665164184e-12,-2.3828556057101057e-13,-29.282217724172174,1.0757617019407917e-11,-1.0757617019407917e-11,-3.67377126990336e-13
low_energy_small_angles,dop853_strict,DOP853,1e-09,1e-11,2.923654568210263,0.06505077655321918,0.09250470809036122,0.06505077640462417,0.0925047083296817,1.485950112956047e-10,2.393204800998916e-10,2.393204800998916e-10,0.15737774360502882,-1.9936094338662982,0.15737774369504537,-1.9936094338538508,9.00165497697003e-11,1.2447376462887405e-11,9.087307859454183e-11,1.4828072103512113e-10,-29.282217724165633,4.217071136736195e-12,-4.217071136736195e-12,-1.4401474562005576e-13,-29.282217724156272,5.144329406903125e-12,5.144329406903125e-12,1.7568100392404444e-13
low_energy_small_angles,dop853_strict,DOP853,1e-09,1e-11,2.928660826032541,0.06436606474372898,0.09151583741747109,0.06436606457266685,0.0915158377025451,1.7106213667794634e-10,2.850740060678092e-10,2.850740060678092e-10,0.15570977706476596,-1.993744567502745,0.15570977717793916,-1.9937445674876955,1.131731930392732e-10,1.5049517188003847e-11,1.1416943369526109e-10,1.7070790614415188e-10,-29.282217724159917,1.4992451724538114e-12,1.4992451724538114e-12,5.119985059112345e-14,-29.28221772413066,3.0755842317375937e-11,3.0755842317375937e-11,1.050324897079042e-12
low_energy_small_angles,dop853_strict,DOP853,1e-09,1e-11,2.9336670838548184,0.06367223156891905,0.09051360304801333,0.06367223136854575,0.09051360339277102,2.003733012845288e-10,3.4475769461472794e-10,3.4475769461472794e-10,0.15401927914068336,-1.9938800479678287,0.1540192792840625,-1.9938800479494159,1.433791418925523e-10,1.8412826818803296e-11,1.4455659971548822e-10,1.9996726496884776e-10,-29.28221772415135,1.0064837852041819e-11,1.0064837852041819e-11,3.437184282574709e-13,-29.282217724096085,6.533085183946241e-11,6.533085183946241e-11,2.2310759538392634e-12
low_energy_small_angles,dop853_strict,DOP853,1e-09,1e-11,2.9386733416770965,0.06296937276893541,0.08949815455082841,0.06296937253377995,0.08949815496640807,2.351554645452225e-10,4.1557966790062295e-10,4.1557966790062295e-10,0.15230649082300868,-1.9940157967941143,0.15230649100223564,-1.9940157967717682,1.7922696660122028e-10,2.23461249504453e-11,1.806146584786956e-10,2.346894067972727e-10,-29.28221772414064,2.077626959362533e-11,2.077626959362533e-11,7.095183086656159e-13,-29.28221772405451,1.0690470730878587e-10,1.0690470730878587e-10,3.650840531131507e-12
low_energy_small_angles,dop853_strict,DOP853,1e-09,1e-11,2.943679599499374,0.06225758524146814,0.08846964360289594,0.062257584968116196,0.08846964409626705,2.733519452458033e-10,4.933711078569658e-10,4.933711078569658e-10,0.15057165647265108,-1.9941517353505558,0.1505716566912703,-1.9941517353239715,2.186192060715797e-10,2.6584290324649373e-11,2.2022961144095286e-10,2.728223619241632e-10,-29.282217724128948,3.246825031055778e-11,3.246825031055778e-11,1.1088043472802778e-12,-29.282217724008994,1.524220749615779e-10,1.524220749615779e-10,5.205277701210828e-12
low_energy_small_angles,dop853_strict,DOP853,1e-09,1e-11,2.948685857321652,0.06153696702985695,0.08742822396511277,0.06153696671751819,0.0874282245379341,3.1233875902314523e-10,5.728213320344011e-10,5.728213320344011e-10,0.14881502379020417,-1.994287784888637,0.14881502404909008,-1.9942877848578284,2.588859127072851e-10,3.080846688874317e-11,2.607126338141649e-10,3.1174756526253233e-10,-29.2822177241178,4.361666583463375e-11,4.361666583463375e-11,1.489527406889153e-12,-29.282217723963406,1.9801049688794592e-10,1.9801049688794592e-10,6.7621414044935194e-12
low_energy_small_angles,dop853_strict,DOP853,1e-09,1e-11,2.95369211514393,0.060807617311146644,0.08637405145762816,0.06080761696207576,0.08637405210540135,3.4907088330982106e-10,6.477731823162358e-10,6.477731823162358e-10,0.14703684378430526,-1.9944238665886087,0.14703684408123788,-1.9944238665539407,2.9693261738295007e-10,3.466804621155006e-11,2.98949582194081e-10,3.4842572577131747e-10,-29.282217724108893,5.2523319027386606e-11,5.2523319027386606e-11,1.7936933439316802e-12,-29.282217723922113,2.3930368797664414e-10,2.3930368797664414e-10,8.172321175632448e-12
low_energy_small_angles,dop853_strict,DOP853,1e-09,1e-11,2.9586983729662077,0.06006963638411035,0.08530728393470131,0.06006963600385652,0.0853072846462703,3.802538284247703e-10,7.115689842907003e-10,7.115689842907003e-10,0.1452373707393269,-1.9945599016057938,0.14523737106874032,-1.9945599015679933,3.294134132136861e-10,3.780042945322748e-11,3.3157513367552026e-10,3.795679881513081e-10,-29.282217724103862,5.7553961596568115e-11,5.7553961596568115e-11,1.9654918947303314e-12,-29.282217723889644,2.717719382872019e-10,2.717719382872019e-10,9.281125522912726e-12
low_energy_small_angles,dop853_strict,DOP853,1e-09,1e-11,2.963704630788486,0.059323125657260445,0.08422808125904926,0.05932312525472454,0.08422808201648732,4.0253590738448253e-10,7.574380567199057e-10,7.574380567199057e-10,0.14341686218238298,-1.9946958111169346,0.14341686253530805,-1.994695811077078,3.529250780509585e-10,3.985656249483327e-11,3.5516849000323735e-10,4.018278071393766e-10,-29.282217724104132,5.728395535697928e-11,5.728395535697928e-11,1.9562710685575223e-12,-29.28221772387028,2.9113778055034345e-10,2.9113778055034345e-10,9.942477147491431e-12
low_energy_small_angles,dop853_strict,DOP853,1e-09,1e-11,2.9687108886107634,0.058568187636867115,0.08313660527565368,0.05856818722415064,0.08313660605457007,4.127164721090537e-10,7.789163897209406e-10,7.789163897209406e-10,0.14157557884963112,-1.9948315163665593,0.14157557921384842,-1.9948315163260357,3.6421729521229906e-10,4.0523584488028064e-11,3.664647309517266e-10,4.1200881595315764e-10,-29.282217724110634,5.078248932477436e-11,5.078248932477436e-11,1.734243280449096e-12,-29.282217723867678,2.937383669632254e-10,2.937383669632254e-10,1.0031288262734803e-11
low_energy_small_angles,dop853_strict,DOP853,1e-09,1e-11,2.9737171464330414,0.057804925915002386,0.08203301978499147,0.05780492550703688,0.08203302055528035,4.079655085975631e-10,7.702888743521541e-10,7.702888743521541e-10,0.13971378465184844,-1.9949669387133355,0.13971378501226286,-1.9949669386737865,3.604144205304749e-10,3.95490307170121e-11,3.6257782662067624e-10,4.072841092161994e-10,-29.282217724123683,3.773337198254012e-11,3.773337198254012e-11,1.2886104576500524e-12,-29.28221772388454,2.7687718784363824e-10,2.7687718784363824e-10,9.455471933574916e-12
low_energy_small_angles,dop853_strict,DOP853,1e-09,1e-11,2.978723404255319,0.057033445157630806,0.08091749051565957,0.05703344477158095,0.08091749124270475,3.860498587471284e-10,7.270451879426432e-10,7.270451879426432e-10,0.13783174663926653,-1.99510199967639,0.13783174697851064,-1.9951019996396293,3.392441050298345e-10,3.676059456836356e-11,3.412299871208757e-10,3.8542215252679313e-10,-29.282217724142853,1.8562928971732617e-11,1.8562928971732617e-11,6.339317993806161e-13,-29.282217723922255,2.391615794294921e-10,2.391615794294921e-10,8.167468109225707e-12
low_energy_small_angles,dop853_strict,DOP853,1e-09,1e-11,2.983729662077597,0.0562538510927642,0.07979018509635814,0.05625385074720267,0.07979018574269772,3.4556153077902607e-10,6.46339579080113e-10,6.46339579080113e-10,0.13592973496564154,-1.9952366209815615,0.13592973526490984,-1.9952366209494734,2.992683045821565e-10,3.2088109946926124e-11,3.0098366222678003e-10,3.450149124728519e-10,-29.282217724166888,5.4711790653527714e-12,-5.4711790653527714e-12,-1.8684305665955e-13,-29.28221772398069,1.8072654484058148e-10,1.8072654484058148e-10,6.171887202773578e-12
low_energy_small_angles,dop853_strict,DOP853,1e-09,1e-11,2.988735919899875,0.055466250498701714,0.0786512730272027,0.05546625021255848,0.07865127355464814,2.8614323410725007e-10,5.27445434550522e-10,5.27445434550522e-10,0.134008022851546,-1.9953707246075645,0.13400802309165769,-1.9953707245819863,2.401116805383907e-10,2.5578206219734057e-11,2.414702129961156e-10,2.857031833336521e-10,-29.28221772419373,3.2311930908690556e-11,-3.2311930908690556e-11,-1.103465974232862e-12,-29.28221772405798,1.0343725875827658e-10,1.0343725875827658e-10,3.532425710807012e-12
low_energy_small_angles,dop853_strict,DOP853,1e-09,1e-11,2.9937421777221527,0.054670751192372975,0.07750092565032994,0.054670750983666194,0.07750092602252524,2.087067810241372e-10,3.721953023561042e-10,3.721953023561042e-10,0.13206688654686005,-1.9955042328320336,0.1320668867095432,-1.9955042328146213,1.626831447332222e-10,1.7412293829011105e-11,1.636123270315484e-10,2.0839495407098951e-10,-29.282217724220605,5.918820988881635e-11,-5.918820988881635e-11,-2.0213021584078595e-12,-29.28221772415049,1.092459456231154e-11,1.092459456231154e-11,3.7307948001825735e-13
low_energy_small_angles,dop853_strict,DOP853,1e-09,1e-11,2.9987484355444307,0.053867462017804214,0.07633931611976573,0.05386746190216496,0.07633931630516246,1.1563925511604012e-10,1.8539672574924282e-10,1.8539672574924282e-10,0.13010660529244536,-1.9956370682774196,0.1301066053618306,-1.9956370682695064,6.93852475475154e-11,7.913225630318266e-12,6.98350321622774e-11,1.1547152123370097e-10,-29.28221772424428,8.286349384434288e-11,-8.286349384434288e-11,-2.829823021771003e-12,-29.282217724252877,9.14610609470401e-11,-9.14610609470401e-11,-3.1234335393788674e-12
low_energy_small_angles,dop853_strict,DOP853,1e-09,1e-11,3.0037546933667083,0.05305649283472751,0.07516661937052357,0.05305649282373469,0.0751666193457387,1.099282470606866e-11,2.4784868601912535e-11,2.4784868601912535e-11,0.12812746128098576,-1.995769153956712,0.1281274612452935,-1.9957691539591562,3.5692254707342386e-11,2.4442670110147446e-12,3.577585061623189e-11,3.5692254707342386e-11,-29.282217724261365,9.994849392569449e-11,-9.994849392569449e-11,-3.413282930521507e-12,-29.28221772435825,1.9683454866026295e-10,-1.9683454866026295e-10,-6.721982279977733e-12
low_energy_small_angles,dop853_strict,DOP853,1e-09,1e-11,3.0087609511889863,0.0522379545073507,0.07398301208689849,0.05223795460669769,0.07398301184041219,9.934698896874039e-11,2.464863035900322e-10,2.464863035900322e-10,0.12612973961697285,-1.9959004133189584,0.1261297394703723,-1.9959004133319902,1.4660056502080465e-10,1.3031797863050087e-11,1.471786445784937e-10,1.4660056502080465e-10,-29.282217724268808,1.0739142908278154e-10,-1.0739142908278154e-10,-3.667462283574596e-12,-29.282217724458548,2.971312085264799e-10,-2.971312085264799e-10,-1.0147155223195758e-11
low_energy_small_angles,dop853_strict,DOP853,1e-09,1e-11,3.0137672090112644,0.05141195889330934,0.07278867266992664,0.05141195910082821,0.07278867220606815,2.075188701433639e-10,4.638584932825651e-10,4.638584932825651e-10,0.12411372827582455,-1.9960307702945501,0.12411372802043899,-1.9960307703176197,2.553855599218835e-10,2.3069546273291053e-11,2.564254047123051e-10,2.553855599218835e-10,-29.28221772426452,1.0310330367246934e-10,-1.0310330367246934e-10,-3.5210210047511696e-12,-29.282217724545042,3.836255757505569e-10,-3.836255757505569e-10,-1.3100974091659007e-11
low_energy_small_angles,dop853_strict,DOP853,1e-09,1e-11,3.018773466833542,0.05057861883281838,0.07158378120397554,0.05057861913639235,0.0715837805471358,3.0357396457736385e-10,6.568397492578981e-10,6.568397492578981e-10,0.12207971806211476,-1.99616014934025,0.12207971771014295,-1.9961601493718812,3.5197181280643974e-10,3.163114214999041e-11,3.5339027457467525e-10,3.5197181280643974e-10,-29.28221772424816,8.674305718159303e-11,-8.674305718159303e-11,-2.9623117346750477e-12,-29.282217724609023,4.476063963920751e-10,-4.476063963920751e-10,-1.5285945914634226e-11
low_energy_small_angles,dop853_strict,DOP853,1e-09,1e-11,3.02377972465582,0.049738048138043625,0.07036851942243333,0.04973804851344299,0.07036851862143356,3.75399364371809e-10,8.009997665148205e-10,8.009997665148205e-10,0.1200280025669,-1.9962884754839274,0.1200280021428177,-1.996288475521582,4.240822970569269e-10,3.7654546147791734e-11,4.2575070114173126e-10,4.240822970569269e-10,-29.282217724222104,6.068745506127016e-11,-6.068745506127016e-11,-2.072502008998983e-12,-29.28221772464273,4.813145437765343e-10,-4.813145437765343e-10,-1.6437093266313324e-11
low_energy_small_angles,dop853_strict,DOP853,1e-09,1e-11,3.0287859824780976,0.04889036158271279,0.0691430706724654,0.04889036199139443,0.0691430698050018,4.0868164408180974e-10,8.674636009509129e-10,8.674636009509129e-10,0.11795887812412752,-1.9964156743689767,0.11795887766692997,-1.9964156744089352,4.571975437128728e-10,3.995848096849386e-11,4.5894038194344343e-10,4.571975437128728e-10,-29.28221772419256,3.114308810836519e-11,-3.114308810836519e-11,-1.0635495030374126e-12,-29.282217724640415,4.789981744579563e-10,-4.789981744579563e-10,-1.6357988283883437e-11
low_energy_small_angles,dop853_strict,DOP853,1e-09,1e-11,3.0337922403003756,0.04803567489198405,0.06790761987880325,0.048035675278898946,0.06790761905587825,3.86914895955659e-10,8.229250059166304e-10,8.229250059166304e-10,0.1158726437661051,-1.9965416722983877,0.11587264333154537,-1.996541672335649,4.3455972154049505e-10,3.7261305152469504e-11,4.361542805556516e-10,4.3455972154049505e-10,-29.282217724170934,9.517719945506542e-12,-9.517719945506542e-12,-3.250341225915159e-13,-29.282217724599658,4.38241443134757e-10,-4.38241443134757e-10,-1.4966128838429957e-11
low_energy_small_angles,dop853_strict,DOP853,1e-09,1e-11,3.0387984981226532,0.047174104724328446,0.06666235352334852,0.04717410502405152,0.06666235287677762,2.9972307274972465e-10,6.465709079250814e-10,6.465709079250814e-10,0.11376960118654102,-1.9966663962777067,0.11376960084079585,-1.9966663963066429,3.45745168606193e-10,2.8936186780015305e-11,3.469539227619321e-10,3.45745168606193e-10,-29.282217724167694,6.277645070440485e-12,-6.277645070440485e-12,-2.1438420851780836e-13,-29.282217724522912,3.6149572224530857e-10,-3.6149572224530857e-10,-1.2345230325469178e-11
low_energy_small_angles,dop853_strict,DOP853,1e-09,1e-11,3.0438047559449313,0.046305768628797636,0.06540745967379775,0.0463057688049444,0.06540745927662998,1.7614676384170025e-10,3.971677708936028e-10,3.971677708936028e-10,0.11165005472768347,-1.9967897740555585,0.1116500545073229,-1.9967897740733638,2.2036056313012864e-10,1.780531277972841e-11,2.2107873472184377e-10,2.2036056313012864e-10,-29.28221772416576,4.344968829173013e-12,-4.344968829173013e-12,-1.4838250538612317e-13,-29.28221772441925,2.5783464252526755e-10,-2.5783464252526755e-10,-8.805161035071548e-12
low_energy_small_angles,dop853_strict,DOP853,1e-09,1e-11,3.0488110137672093,0.04543078508101957,0.06414312785230036,0.045430785120597825,0.06414312773093916,3.957825733813536e-11,1.213611988681862e-10,1.213611988681862e-10,0.10951431128625676,-1.996911734170686,0.10951431120468255,-1.9969117341766676,8.15742057236335e-11,5.9816596120754184e-12,8.179322277032746e-11,8.15742057236335e-11,-29.282217724164862,3.446132268436486e-12,-3.446132268436486e-12,-1.176868603634828e-13,-29.282217724306363,1.4494716538138164e-10,-1.4494716538138164e-10,-4.950006408216222e-12
low_energy_small_angles,dop853_strict,DOP853,1e-09,1e-11,3.053817271589487,0.0445492734573384,0.06286954903026848,0.04454927338228887,0.06286954914091657,7.504952909132001e-11,1.1064808791427794e-10,1.1064808791427794e-10,0.10736268028323306,-1.9970322059928474,0.10736268031868748,-1.997032205989238,3.545441717989206e-11,3.609335053056384e-12,3.5637662621039656e-11,7.497506782083718e-11,-29.282217724165637,4.220623850414995e-12,-4.220623850414995e-12,-1.441360722802243e-13,-29.282217724212764,5.134737079970364e-11,-5.134737079970364e-11,-1.7535342194158938e-12
low_energy_small_angles,dop853_strict,DOP853,1e-09,1e-11,3.058823529411765,0.04366135402014659,0.061586915599093205,0.043661353903930986,0.06158691579414759,1.1621560658259256e-10,1.9505438236810946e-10,1.9505438236810946e-10,0.10519547362051139,-1.9971511197643332,0.10519547369909113,-1.9971511197574006,7.857973993719014e-11,6.9326766549693275e-12,7.888496392975528e-11,1.1610484795809839e-10,-29.28221772416745,6.0325078266032506e-12,-6.0325078266032506e-12,-2.060126689661792e-13,-29.28221772417905,1.7632117987886886e-11,-1.7632117987886886e-11,-6.021442144164589e-13
low_energy_small_angles,dop853_strict,DOP853,1e-09,1e-11,3.0638297872340425,0.0427671479062971,0.06029542133417538,0.042767147790880054,0.06029542153066063,1.1541704397766139e-10,1.9648525168003417e-10,1.9648525168003417e-10,0.10301300563376434,-1.9972684066412412,0.10301300571458101,-1.9972684066343356,8.081667279835614e-11,6.905587213168474e-12,8.11111690025192e-11,1.1531151034027687e-10,-29.282217724169037,7.620570841027074e-12,-7.620570841027074e-12,-2.602456860615161e-13,-29.282217724174828,1.3411494137471891e-11,-1.3411494137471891e-11,-4.580081421362347e-13
low_energy_small_angles,dop853_strict,DOP853,1e-09,1e-11,3.0688360450563206,0.04186677711543671,0.058995261358738636,0.041866777001782915,0.05899526155487241,1.1365379470884562e-10,1.9613377588711955e-10,1.9613377588711955e-10,0.10081559304475005,-1.997383998734191,0.1008155931269884,-1.9973839987273838,8.223835501475207e-11,6.807221453186685e-12,8.251960554586481e-11,1.1355420076464284e-10,-29.282217724169058,7.641887123099877e-12,-7.641887123099877e-12,-2.6097364602252735e-13,-29.282217724169936,8.519407401763601e-12,-8.519407401763601e-12,-2.909413310841565e-13
low_energy_small_angles,dop853_strict,DOP853,1e-09,1e-11,3.073842302878598,0.04096036449826512,0.05768663210742635,0.04096036438791223,0.057686632298673685,1.1035289348981792e-10,1.9124733741104905e-10,1.9124733741104905e-10,0.0986035549130954,-1.997497829148462,0.09860355499376428,-1.9974978291419547,8.066887435820291e-11,6.5072391919329675e-12,8.093090542012091e-11,1.102603355840337e-10,-29.28221772416643,5.012879000787507e-12,-5.012879000787507e-12,-1.711919174978085e-13,-29.282217724168387,6.970424237806583e-12,-6.970424237806583e-12,-2.380429072506735e-13
low_energy_small_angles,dop853_strict,DOP853,1e-09,1e-11,3.078848560700876,0.040048033744719054,0.05636973128967661,0.040048033639306965,0.056369731470890846,1.0541208878001029e-10,1.812142380597237e-10,1.812142380597237e-10,0.09637721258754425,-1.99760983202352,0.09637721266314309,-1.997609832017531,7.559883274943502e-11,5.9889870840379444e-12,7.583568737322701e-11,1.053275661133668e-10,-29.282217724160557,8.597567102697212e-13,8.597567102697212e-13,2.936105176078643e-14,-29.282217724170795,9.379164112033322e-12,-9.379164112033322e-12,-3.203023828449429e-13
low_energy_small_angles,dop853_strict,DOP853,1e-09,1e-11,3.0838548185231542,0.039129909372085915,0.05504475785287693,0.03912990927296653,0.055044758019893336,9.911938630979833e-11,1.6701640764837933e-10,1.6701640764837933e-10,0.09413688965667755,-1.9977199425719194,0.09413688972439747,-1.9977199425666083,6.771992688836548e-11,5.311084905201824e-12,6.792787440098378e-11,9.90435095049591e-11,-29.282217724151494,9.922729304889799e-12,9.922729304889799e-12,3.3886536185072935e-13,-29.28221772417567,1.425348727934761e-11,-1.425348727934761e-11,-4.867625605961784e-13
low_energy_small_angles,dop853_strict,DOP853,1e-09,1e-11,3.088861076345432,0.038206116713046995,0.05371191194529349,0.03820611662098791,0.05371191209600677,9.205908257925444e-11,1.5071328213211999e-10,1.5071328213211999e-10,0.09188291189910117,-1.9978280971175477,0.0918829119576052,-1.997828097112973,5.850403494989109e-11,4.57478499527042e-12,5.868262743922626e-11,9.199190020847681e-11,-29.282217724139873,2.1543655748246238e-11,2.1543655748246238e-11,7.357248672620203e-13,-29.282217724180416,1.899991275422508e-11,-1.899991275422508e-11,-6.488549785813465e-13
low_energy_small_angles,dop853_strict,DOP853,1e-09,1e-11,3.09386733416771,0.03727678190365287,0.05237139487877429,0.0372767818186439,0.05237139501373762,8.500897208385538e-11,1.3496333217677403e-10,1.3496333217677403e-10,0.08961560723310476,-1.9979342331331984,0.08961560728293312,-1.9979342331293015,4.98283636574115e-11,3.8968828164342995e-12,4.9980511406549935e-11,8.494992209673313e-11,-29.28221772412691,3.4507507962189266e-11,3.4507507962189266e-11,1.1784458502170191e-12,-29.2822177241822,2.078337502098293e-11,-2.078337502098293e-11,-7.09760961985953e-13
low_energy_small_angles,dop853_strict,DOP853,1e-09,1e-11,3.0988735919899875,0.03634203187123386,0.05102340909122516,0.03634203179240035,0.05102340921381507,7.883350916504384e-11,1.2258991044511447e-10,1.2258991044511447e-10,0.08733530566579495,-1.9980382892774398,0.08733530570944387,-1.998038289274052,4.364891781349911e-11,3.3877345373412027e-12,4.378018697521853e-11,7.878146052187063e-11,-29.282217724114204,4.721201207757986e-11,4.721201207757986e-11,1.6123099869797145e-12,-29.282217724178533,1.7116974504460813e-11,-1.7116974504460813e-11,-5.845518486920208e-13
low_energy_small_angles,dop853_strict,DOP853,1e-09,1e-11,3.1038798498122655,0.035401994322245486,0.049668158108853694,0.035401994247867885,0.04966815822505147,7.437760130013515e-11,1.1619777362525952e-10,1.1619777362525952e-10,0.08504233924169996,-1.9981402054307664,0.08504233928342343,-1.9981402054276298,4.172347189967951e-11,3.1366020891709923e-12,4.184120433291969e-11,7.433099968867651e-11,-29.282217724103603,5.781330969512055e-11,5.781330969512055e-11,1.9743487409226347e-12,-29.282217724167705,6.288303211476887e-12,-6.288303211476887e-12,-2.1474818849831398e-13
low_energy_small_angles,dop853_strict,DOP853,1e-09,1e-11,3.108886107634543,0.034456797730053355,0.048305846508182704,0.03445679765768764,0.048305846626029825,7.236571758495458e-11,1.1784712095064265e-10,1.1784712095064265e-10,0.08273704199085377,-1.998239922731003,0.08273704203624066,-1.9982399227278056,4.5386888691822946e-11,3.197442310920451e-12,4.5499376945795533e-11,7.232275889279549e-11,-29.28221772409693,6.448530598390789e-11,6.448530598390789e-11,2.202200208719151e-12,-29.282217724149035,1.2381207170619746e-11,1.2381207170619746e-11,4.2282341068735835e-13
low_energy_small_angles,dop853_strict,DOP853,1e-09,1e-11,3.113892365456821,0.033506571322656914,0.046936679877827396,0.03350657124934577,0.046936680006618735,7.331114187936194e-11,1.2879133870491444e-10,1.2879133870491444e-10,0.0804197498763562,-1.9983373836079457,0.0804197499317357,-1.9983373836043588,5.53795065361129e-11,3.5869085479589558e-12,5.549554628179447e-11,7.326998729961787e-11,-29.28221772409581,6.560796350640885e-11,6.560796350640885e-11,2.2405394333324094e-12,-29.28221772412299,3.842615114990622e-11,3.842615114990622e-11,1.3122691563829175e-12
low_energy_small_angles,dop853_strict,DOP853,1e-09,1e-11,3.118898623279099,0.03255144507035646,0.04556086478003782,0.032551444992916574,0.04556086492932315,7.74398878355953e-11,1.4928533409452882e-10,1.4928533409452882e-10,0.07809080074141739,-1.9984325318172131,0.07809080081314895,-1.9984325318129343,7.17315651321826e-11,4.278799536905353e-12,7.18590673595864e-11,7.73988581559415e-11,-29.282217724101404,6.001243946229806e-11,6.001243946229806e-11,2.0494499435669605e-12,-29.282217724091122,7.029399284874671e-11,7.029399284874671e-11,2.400569298094712e-12
low_energy_small_angles,dop853_strict,DOP853,1e-09,1e-11,3.1239048811013768,0.03159154967336345,0.04417860871200161,0.03159154958872928,0.044178608890472405,8.463417466852974e-11,1.784707936991481e-10,1.784707936991481e-10,0.07575053425588543,-1.9985253124732931,0.07575053434959014,-1.9985253124680844,9.370471065750507e-11,5.2087223423313844e-12,9.38493664754656e-11,9.370471065750507e-11,-29.282217724114243,4.717293222711305e-11,4.717293222711305e-11,1.6109753937178606e-12,-29.282217724055982,1.0543388384576247e-10,1.0543388384576247e-10,3.6006112938217313e-12
low_energy_small_angles,dop853_strict,DOP853,1e-09,1e-11,3.128911138923655,0.030627016549356807,0.04279012006690622,0.03062701645495667,0.04279012028125119,9.440013701289551e-11,2.1434497232686311e-10,2.1434497232686311e-10,0.07339929186226184,-1.9986156720817565,0.07339929198205475,-1.9986156720754782,1.197929117013885e-10,6.27831120425526e-12,1.1995732109994013e-10,1.197929117013885e-10,-29.282217724134078,2.7338131758369855e-11,2.7338131758369855e-11,9.336086499969075e-13,-29.282217724020846,1.4057022212909942e-10,1.4057022212909942e-10,4.800531962888581e-12
low_energy_small_angles,dop853_strict,DOP853,1e-09,1e-11,3.1339173967459324,0.029657977820988016,0.04139560809475963,0.029657977715123712,0.04139560834857924,1.0586430343462183e-10,2.5381961116233143e-10,2.5381961116233143e-10,0.07103741672121106,-1.9987035585706265,0.07103741686899548,-1.9987035585632618,1.4778442358753807e-10,7.364775456153438e-12,1.4796782005767485e-10,1.4778442358753807e-10,-29.282217724159764,1.652011860642233e-12,1.652011860642233e-12,5.6416896978370625e-14,-29.28221772398946,1.7195489476762305e-10,1.7195489476762305e-10,5.872331678817455e-12
low_energy_small_angles,dop853_strict,DOP853,1e-09,1e-11,3.1389236545682104,0.028684566303335,0.03999528286296469,0.028684566185531116,0.03999528315584114,1.178038847027274e-10,2.928764453180577e-10,2.928764453180577e-10,0.06866525365656265,-1.998788921320876,0.06866525383144945,-1.9987889213125443,1.7488679948662877e-10,8.33177971060195e-12,1.7508515410457364e-10,1.7488679948662877e-10,-29.282217724189273,2.7856827955474728e-11,-2.7856827955474728e-11,-9.51322342381514e-13,-29.28221772396569,1.957261019924772e-10,1.957261019924772e-10,6.684128362005149e-12
low_energy_small_angles,dop853_strict,DOP853,1e-09,1e-11,3.143929912390488,0.027706915491309193,0.03858935521664857,0.027706915362593936,0.03858935554347454,1.2871525720270505e-10,3.2682596906585815e-10,3.2682596906585815e-10,0.06628314909981678,-1.9988717111960406,0.06628314929773359,-1.9988717111869976,1.9791680794245536e-10,9.042988580176825e-12,1.981232911815064e-10,1.9791680794245536e-10,-29.282217724219773,5.835687488797703e-11,-5.835687488797703e-11,-1.992911719928421e-12,-29.282217723953167,2.0824941771024896e-10,2.0824941771024896e-10,7.111804839099249e-12
low_energy_small_angles,dop853_strict,DOP853,1e-09,1e-11,3.148936170212766,0.026725159547015178,0.03717803673874159,0.026725159410089593,0.037178037089417415,1.369255854533069e-10,3.506758217142192e-10,3.506758217142192e-10,0.06389145103415114,-1.998951880570921,0.06389145124770795,-1.9989518805615458,2.135568111238939e-10,9.375167309144672e-12,2.137624975047797e-10,2.135568111238939e-10,-29.28221772424784,8.642331295050099e-11,-8.642331295050099e-11,-2.951392335259879e-12,-29.28221772395492,2.0649792986660032e-10,2.0649792986660032e-10,7.051990795636159e-12
low_energy_small_angles,dop853_strict,DOP853,1e-09,1e-11,3.153942428035044,0.02573943328706744,0.03576153970980697,0.025739433146315303,0.035761540069422566,1.407521356411312e-10,3.596155942475754e-10,3.596155942475754e-10,0.06149050893794008,-1.9990293833593662,0.06149050915662023,-1.9990293833501311,2.1868015037673771e-10,9.235057163436977e-12,2.1887506584717358e-10,2.1868015037673771e-10,-29.282217724269728,1.0831158192559087e-10,-1.0831158192559087e-10,-3.698885888558248e-12,-29.28221772397305,1.8836487925000256e-10,1.8836487925000256e-10,6.432739522135937e-12
low_energy_small_angles,dop853_strict,DOP853,1e-09,1e-11,3.1589486858573217,0.02474987216986413,0.03434007706761652,0.024749872031149964,0.0343400774172409,1.387141651543189e-10,3.49624378059854e-10,3.49624378059854e-10,0.05908067372778637,-1.999104175041109,0.059080673938532946,-1.9991041750325378,2.107465729705993e-10,8.571143794711134e-12,2.1092079680487116e-10,2.107465729705993e-10,-29.28221772428191,1.204938371301978e-10,-1.204938371301978e-10,-4.114915006276168e-12,-29.282217724008472,1.5294432387236157e-10,1.5294432387236157e-10,5.2231127202556025e-12
low_energy_small_angles,dop853_strict,DOP853,1e-09,1e-11,3.1639549436795997,0.023756612282820538,0.03291386236647142,0.023756612153018667,0.03291386268467912,1.2980187064082216e-10,3.182077032426456e-10,3.182077032426456e-10,0.05666229770107264,-1.9991762126876444,0.05666229788934275,-1.9991762126802564,1.882701147759569e-10,7.388090139670567e-12,1.8841502061583064e-10,1.882701147759569e-10,-29.282217724281658,1.2024159445900295e-10,-1.2024159445900295e-10,-4.106300813404201e-12,-29.2822177240606,1.0081535606332181e-10,1.0081535606332181e-10,3.4428866356026304e-12
low_energy_small_angles,dop853_strict,DOP853,1e-09,1e-11,3.1689612015018773,0.022759790329565252,0.031483109736267216,0.02275979021575787,0.031483110001537654,1.1380738365596166e-10,2.652704375605275e-10,2.652704375605275e-10,0.05423573447804023,-1.999245454987133,0.0542357346294013,-1.999245454981373,1.5136106951141315e-10,5.760059096360237e-12,1.5147062964295225e-10,1.5136106951141315e-10,-29.28221772426782,1.06403774680075e-10,-1.06403774680075e-10,-3.6337334720477424e-12,-29.282217724127307,3.410960403016361e-11,3.410960403016361e-11,1.1648572642781426e-12
low_energy_small_angles,dop853_strict,DOP853,1e-09,1e-11,3.1739674593241554,0.021759543617098698,0.03004803384129795,0.021759543525376436,0.030048034035430105,9.172226173026488e-11,1.9413215479602286e-10,1.9413215479602286e-10,0.051801338943396176,-1.9993118622683081,0.05180133904574015,-1.9993118622644714,1.0234397357367087e-10,3.836708728499616e-12,1.0241586430195073e-10,1.0234397357367087e-10,-29.282217724241836,8.041922683332814e-11,-8.041922683332814e-11,-2.7463502795750484e-12,-29.282217724204823,4.340705572758452e-11,-4.340705572758452e-11,-1.4823691339392092e-12
low_energy_small_angles,dop853_strict,DOP853,1e-09,1e-11,3.178973717146433,0.02075601004291877,0.02860884983880118,0.020756009976712366,0.028608849951492696,6.620640494170438e-11,1.1269151584114567e-10,1.1269151584114567e-10,0.04935946718746077,-1.9993753965233774,0.04935946723391403,-1.9993753965215277,4.645325790697541e-11,1.8496315590255108e-12,4.649006675706238e-11,6.619214551473185e-11,-29.28221772420885,4.743228032566549e-11,-4.743228032566549e-11,-1.6198322399101638e-12,-29.282217724287865,1.2644818525586743e-10,-1.2644818525586743e-10,-4.318258488718639e-12
low_energy_small_angles,dop853_strict,DOP853,1e-09,1e-11,3.183979974968711,0.019749328082112685,0.0271657733372379,0.0197493280399798,0.027165773371984177,4.2132883987244796e-11,3.4746275301422713e-11,4.2132883987244796e-11,0.04691047644685532,-1.999436021429899,0.04691047643946411,-1.999436021429787,7.391212641927325e-12,1.1191048088221578e-13,7.392059812658282e-12,4.212466833686257e-11,-29.282217724179098,1.7681855979390093e-11,-1.7681855979390093e-11,-6.038427876588184e-13,-29.282217724369872,2.084554751036194e-10,-2.084554751036194e-10,-7.118841785389025e-12
low_energy_small_angles,dop853_strict,DOP853,1e-09,1e-11,3.188986232790989,0.018739636774210585,0.025719020354949423,0.01873963674720611,0.025719020335784465,2.7004475045000476e-11,1.9164957815176464e-11,2.7004475045000476e-11,0.04445472504517402,-1.9994937023716095,0.04445472499901566,-1.9994937023726085,4.615835491605935e-11,9.989786775577159e-13,4.616916381043862e-11,4.615835491605935e-11,-29.282217724168618,7.201350626928615e-12,-7.201350626928615e-12,-2.459291401616285e-13,-29.282217724443402,2.8198599011375336e-10,-2.8198599011375336e-10,-9.629939670897276e-12
low_energy_small_angles,dop853_strict,DOP853,1e-09,1e-11,3.1939924906132666,0.017727075698773985,0.024268807308732442,0.01772707567855432,0.024268807257793568,2.021966621912341e-11,5.093887464613367e-11,5.093887464613367e-11,0.04199257235215441,-1.9995484064576692,0.041992572281014044,-1.999548406459264,7.11403644326758e-11,1.5947243525715749e-12,7.115823632844344e-11,7.11403644326758e-11,-29.282217724166863,5.446310069601168e-12,-5.446310069601168e-12,-1.8599377003837026e-13,-29.28221772450073,3.3931257803487824e-10,-3.3931257803487824e-10,-1.158766665937682e-11
low_energy_small_angles,dop853_strict,DOP853,1e-09,1e-11,3.1989987484355447,0.01671178496479674,0.022815350958091264,0.01671178494852883,0.022815350888236365,1.6267910629697013e-11,6.985489964250746e-11,6.985489964250746e-11,0.039524378712211566,-1.9996001025418135,0.039524378626109205,-1.999600102543679,8.610236135186966e-11,1.865396725975188e-12,8.612256577293326e-11,8.610236135186966e-11,-29.28221772416533,3.915090474038152e-12,-3.915090474038152e-12,-1.3370197950572995e-13,-29.28221772453461,3.731948083895986e-10,-3.731948083895986e-10,-1.2744759017404177e-11
low_energy_small_angles,dop853_strict,DOP853,1e-09,1e-11,3.2040050062578223,0.01569390520612803,0.02135886834685677,0.015693905192062662,0.021358868271879175,1.4065366926718781e-11,7.49775935782182e-11,7.49775935782182e-11,0.03705050537622445,-1.9996487612402845,0.037050505287200323,-1.9996487612421063,8.902412834688178e-11,1.821875983409882e-12,8.904276871268663e-11,8.902412834688178e-11,-29.28221772416548,4.064304448547773e-12,-4.064304448547773e-12,-1.387976992328086e-13,-29.282217724539322,3.779057067276881e-10,-3.779057067276881e-10,-1.290563816878766e-11
low_energy_small_angles,dop853_strict,DOP853,1e-09,1e-11,3.2090112640801003,0.01467357756459501,0.019899576771501833,0.014673577550481275,0.019899576707159264,1.4113734486675966e-11,6.434256946685757e-11,6.434256946685757e-11,0.03457131444758599,-1.999694354948229,0.03457131436914394,-1.9996943549497164,7.8442044526561e-11,1.4874768083927847e-12,7.845614658369659e-11,7.8442044526561e-11,-29.28221772416707,5.652367462971597e-12,-5.652367462971597e-12,-1.9303071632814552e-13,-29.282217724511845,3.50429019135845e-10,-3.50429019135845e-10,-1.196729777904418e-11
low_energy_small_angles,dop853_strict,DOP853,1e-09,1e-11,3.214017521902378,0.01365094367476481,0.01843769374220937,0.013650943657342866,0.01843769370523588,1.7421944095707964e-11,3.6973486772229336e-11,3.6973486772229336e-11,0.03208716882252931,-1.999736857855177,0.032087168768141786,-1.9997368578560966,5.438752226361032e-11,9.194867089945546e-13,5.439529422461768e-11,5.438752226361032e-11,-29.282217724168984,7.567280135845067e-12,-7.567280135845067e-12,-2.5842578615898804e-13,-29.28221772445336,2.9194424655543116e-10,-2.9194424655543116e-10,-9.97001829934969e-12
low_energy_small_angles,dop853_strict,DOP853,1e-09,1e-11,3.219023779724656,0.01262614564874396,0.01697343694376252,0.012626145624149734,0.016973436948963166,2.4594225961349636e-11,5.2006454698272364e-12,2.4594225961349636e-11,0.029598432130203075,-1.9997762459594308,0.029598432110810705,-1.999776245959653,1.9392369654536168e-11,2.2226664952995634e-13,1.9393643373066043e-11,2.4592265723821782e-11,-29.28221772416981,8.395062423005584e-12,-8.395062423005584e-12,-2.866948979782576e-13,-29.282217724370945,2.0952839463461714e-10,-2.0952839463461714e-10,-7.155482436759923e-12
low_energy_small_angles,dop853_strict,DOP853,1e-09,1e-11,3.224030037546934,0.011599326060993544,0.015507024196302921,0.011599326025930466,0.015507024251793407,3.50630774414995e-11,5.5490485470488515e-11,5.5490485470488515e-11,0.02710546867252791,-1.9998124970813533,0.027105468692951003,-1.9998124970808995,2.042309377170426e-11,4.53859172466764e-13,2.0428136169417353e-11,3.506071995229565e-11,-29.282217724168287,6.870948254800169e-12,-6.870948254800169e-12,-2.3464576076595437e-13,-29.28221772427954,1.1812417710643786e-10,-1.1812417710643786e-10,-4.0339901239437525e-12
low_energy_small_angles,dop853_strict,DOP853,1e-09,1e-11,3.2290362953692116,0.01057062793313331,0.014038673415995627,0.010570627886688264,0.01403867351661188,4.6445045726040135e-11,1.0061625317636658e-10,1.0061625317636658e-10,0.02460864336385354,-1.999845590875549,0.02460864341801743,-1.9998455908746275,5.4163888651981296e-11,9.2148511043888e-13,5.417172665434423e-11,5.4163888651981296e-11,-29.282217724163576,2.1600499167107046e-12,-2.1600499167107046e-12,-7.37666093824717e-14,-29.282217724204212,4.2795988974830834e-11,-4.2795988974830834e-11,-1.4615009483902204e-12
low_energy_small_angles,dop853_strict,DOP853,1e-09,1e-11,3.2340425531914896,0.009540194718711047,0.012568602575643796,0.009540194664718355,0.012568602695412691,5.3992692261584097e-11,1.197688944548636e-10,1.197688944548636e-10,0.022108321670444256,-1.9998755088419324,0.02210832173621346,-1.9998755088409421,6.576920258405394e-11,9.903189379656396e-13,6.577665801894484e-11,6.576920258405394e-11,-29.282217724155455,5.9614535530272406e-12,5.9614535530272406e-12,2.035861357628084e-13,-29.28221772418014,1.872280108727864e-11,-1.872280108727864e-11,-6.393914990882004e-13
low_energy_small_angles,dop853_strict,DOP853,1e-09,1e-11,3.239048811013767,0.00850817028791371,0.011097029665296384,0.008508170232253783,0.011097029786038411,5.5659926320728026e-11,1.2074202748735274e-10,1.2074202748735274e-10,0.019604869549820353,-1.9999022343356692,0.01960486961489704,-1.999902234334803,6.50766870946562e-11,8.661960038125471e-13,6.508245154212318e-11,6.50766870946562e-11,-29.282217724144353,1.7063683799278806e-11,1.7063683799278806e-11,5.827319487894927e-13,-29.282217724176366,1.4949819160392508e-11,-1.4949819160392508e-11,-5.10542585989212e-13
low_energy_small_angles,dop853_strict,DOP853,1e-09,1e-11,3.244055068836045,0.007474698912193356,0.009624172652887297,0.007474698853083564,0.009624172776769838,5.910979171408481e-11,1.2388254137796206e-10,1.2388254137796206e-10,0.017098653389975495,-1.9999257525759966,0.017098653454744157,-1.9999257525752463,6.476866265536785e-11,7.502887200416808e-13,6.477300823127071e-11,6.476866265536785e-11,-29.28221772413129,3.012701199622825e-11,3.012701199622825e-11,1.0288500782292106e-12,-29.28221772417261,1.1194600801900378e-11,-1.1194600801900378e-11,-3.8230030619106633e-13
low_energy_small_angles,dop853_strict,DOP853,1e-09,1e-11,3.249061326658323,0.006439925248786312,0.00815024944495205,0.00643992518117918,0.008150249578981823,6.760713169851051e-11,1.3402977339094235e-10,1.3402977339094235e-10,0.01459003994850264,-1.9999460506539066,0.014590040014922232,-1.9999460506532496,6.641959204856107e-11,6.570299859731676e-13,6.642284167588545e-11,6.760573004194192e-11,-29.282217724117803,4.361311312095495e-11,4.361311312095495e-11,1.4894060802289844e-12,-29.28221772417197,1.0555112339716288e-11,-1.0555112339716288e-11,-3.604615073607293e-13
low_energy_small_angles,dop853_strict,DOP853,1e-09,1e-11,3.254067584480601,0.005403994325098039,0.006675477847459449,0.005403994245489134,0.006675477996741091,7.960890540531507e-11,1.492816417356102e-10,1.492816417356102e-10,0.012079396291647043,-1.9999631175386958,0.012079396361317614,-1.9999631175381296,6.967057139539712e-11,5.662137425588298e-13,6.96728721710494e-11,7.960774314058616e-11,-29.28221772410573,5.568523420151905e-11,5.568523420151905e-11,1.90167407148168e-12,-29.2822177241746,1.3184120462028659e-11,-1.3184120462028659e-11,-4.5024323588544816e-13
low_energy_small_angles,dop853_strict,DOP853,1e-09,1e-11,3.259073842302879,0.004367051522932021,0.0052000755268043,0.004367051432173179,0.005200075690581051,9.075884228187947e-11,1.6377675084167098e-10,1.6377675084167098e-10,0.009567089733319,-1.999976944083377,0.00956708980633556,-1.9999769440829218,7.301655981228894e-11,4.551914400963142e-13,7.301797864956757e-11,9.075797665486496e-11,-29.282217724097002,6.441425171033188e-11,6.441425171033188e-11,2.1997736755157804e-12,-29.282217724178928,1.751132572280767e-11,-1.751132572280767e-11,-5.980191079707286e-13
low_energy_small_angles,dop853_strict,DOP853,1e-09,1e-11,3.2640801001251565,0.0033292425625358803,0.003724259970999698,0.0033292424669805823,0.0037242601410141865,9.555529804916585e-11,1.7001448859854662e-10,1.7001448859854662e-10,0.007053487774086718,-1.9999875230289488,0.007053487848545259,-1.9999875230286337,7.445854089543902e-11,3.1508129438861943e-13,7.445920754681611e-11,9.555476852482481e-11,-29.282217724093424,6.799183438488399e-11,6.799183438488399e-11,2.3219496223054987e-12,-29.282217724182523,2.1106671965753776e-11,-2.1106671965753776e-11,-7.208016880612901e-13
low_energy_small_angles,dop853_strict,DOP853,1e-09,1e-11,3.2690863579474345,0.002290713486441061,0.0022482484511120032,0.0022907133977404046,0.002248248611839211,8.870065619503986e-11,1.6072720758486536e-10,1.6072720758486536e-10,0.004538958040177179,-1.9999948490075243,0.004538958112203556,-1.9999948490073662,7.202637705011616e-11,1.580957587066223e-13,7.202655055765493e-11,8.870042374209408e-11,-29.282217724096423,6.499334403997636e-11,6.499334403997636e-11,2.219549921123252e-12,-29.2822177241829,2.148325961570663e-11,-2.148325961570663e-11,-7.336623140391552e-13
low_energy_small_angles,dop853_strict,DOP853,1e-09,1e-11,3.274092615769712,0.0012516106430725225,0.0007722579829817187,0.0012516105769318012,0.0007722581133000721,6.614072137200999e-11,1.3031835333077169e-10,1.3031835333077169e-10,0.002023868222513322,-1.9999989185443199,0.002023868286690967,-1.9999989185443021,6.417764496918776e-11,1.7763568394002505e-14,6.417764742755435e-11,6.614066954714615e-11,-29.28221772410684,5.4576787533733295e-11,5.4576787533733295e-11,1.8638201535090958e-12,-29.282217724177993,1.6576962025283137e-11,-1.6576962025283137e-11,-5.661101963464028e-13
low_energy_small_angles,dop853_strict,DOP853,1e-09,1e-11,3.27909887359199,0.00021208067010153667,-0.0007034947107311951,0.00021208064429908968,-0.0007034946348506432,2.5802446984579674e-11,7.588055184193365e-11,7.588055184193365e-11,-0.0004914139841923422,-1.999999730058501,-0.0004914139341142556,-1.9999997300585597,5.007808664275748e-11,5.861977570020827e-14,5.007812095194495e-11,5.007808664275748e-11,-29.28221772412475,3.666755787889997e-11,3.666755787889997e-11,1.2522124595994908e-12,-29.282217724166546,5.130118552187923e-12,-5.130118552187923e-12,-1.7519569728337028e-13
low_energy_small_angles,dop853_strict,DOP853,1e-09,1e-11,3.2841051314142677,-0.0008277295224799613,-0.0021787932381315996,-0.0008277294905184741,-0.002178793240324014,3.196148727624415e-11,2.192414652602004e-12,3.196148727624415e-11,-0.0030065209422546557,-1.99999728386289,-0.0030065209124855888,-1.9999972838629119,2.976906698579085e-11,2.1760371282653068e-14,2.9769074938907006e-11,3.196147632580221e-11,-29.28221772414934,1.2075673794242903e-11,1.2075673794242903e-11,4.1238931791286397e-13,-29.2822177241483,1.311661890213145e-11,1.311661890213145e-11,4.479380293422459e-13
low_energy_small_angles,dop853_strict,DOP853,1e-09,1e-11,3.289111389236546,-0.0018676727695911381,-0.003653421575265551,-0.0018676726653780694,-0.0036534216752511853,1.0421306873009684e-10,9.998563435531516e-11,1.0421306873009684e-10,-0.005521085131724946,-1.9999915821625396,-0.005521085127497026,-1.999991582162369,4.2279200973549536e-12,1.7053025658242404e-13,4.2313578102103336e-12,1.0421288701781273e-10,-29.282217724178864,1.744737687658926e-11,-1.744737687658926e-11,-5.958352280876949e-13,-29.282217724124035,3.738165332833887e-11,3.738165332833887e-11,1.2765991182933671e-12
low_energy_small_angles,dop853_strict,DOP853,1e-09,1e-11,3.294117647058824,-0.0029076016686216087,-0.00512716410284262,-0.002907601483075964,-0.005127164313064005,1.8554564482076152e-10,2.102213854382473e-10,2.102213854382473e-10,-0.00803473921095916,-1.9999826290521714,-0.008034739235632922,-1.999982629051633,2.4673761297999697e-11,5.384581669432009e-13,2.467963601409501e-11,1.8554486029206951e-10,-29.282217724210685,4.926903329760535e-11,-4.926903329760535e-11,-1.6825581232172985e-12,-29.28221772409554,6.587796974599769e-11,6.587796974599769e-11,2.249760259505218e-12
low_energy_small_angles,dop853_strict,DOP853,1e-09,1e-11,3.2991239048811014,-0.003947368597345322,-0.00659980564246581,-0.003947368328876611,-0.00659980596524732,2.6846871080399293e-10,3.2278150985387555e-10,3.2278150985387555e-10,-0.01054711607702517,-1.9999704305124875,-0.010547116131333032,-1.999970430511417,5.430786202686999e-11,1.070477040343576e-12,5.431841123434531e-11,2.684666187274809e-10,-29.282217724241434,8.001777018762368e-11,-8.001777018762368e-11,-2.7326403669760033e-12,-29.282217724065415,9.600142902854714e-11,9.600142902854714e-11,3.27848901107426e-12
low_energy_small_angles,dop853_strict,DOP853,1e-09,1e-11,3.3041301627033794,-0.004986825732212631,-0.008071131492325828,-0.0049868253881602525,-0.008071131917905813,3.4405237860080096e-10,4.255799844476993e-10,4.255799844476993e-10,-0.013057848925921246,-1.999954994405361,-0.013057849007439268,-1.9999549944036419,8.151802149969356e-11,1.7190693313295924e-12,8.15361455342992e-11,3.440481007727092e-10,-29.282217724267287,1.0587086762825493e-10,-1.0587086762825493e-10,-3.6155344730224614e-12,-29.28221772403685,1.2456524700610316e-10,1.2456524700610316e-10,4.253955358829313e-12
low_energy_small_angles,dop853_strict,DOP853,1e-09,1e-11,3.309136420525657,-0.006025825067044001,-0.009540927462316495,-0.006025824664221028,-0.009540927968088309,4.028229728947341e-10,5.057718133194555e-10,5.057718133194555e-10,-0.015566571312577632,-1.9999363304679085,-0.015566571415510766,-1.9999363304655104,1.0293313423836992e-10,2.398081733190338e-12,1.0296106506895381e-10,4.028156593005594e-10,-29.282217724284397,1.2298073670535814e-10,-1.2298073670535814e-10,-4.1998436683941454e-12,-29.282217724013314,1.4810197512815648e-10,1.4810197512815648e-10,5.057744482445884e-12
low_energy_small_angles,dop853_strict,DOP853,1e-09,1e-11,3.314142678347935,-0.007064218432152356,-0.011008979908532814,-0.007064217996250753,-0.011008980459816912,4.359016030075491e-10,5.512840982324629e-10,5.512840982324629e-10,-0.018072917210621493,-1.9999144503054553,-0.018072917325981458,-1.9999144503024657,1.1535996463640785e-10,2.9896085607106215e-12,1.153986967008707e-10,4.358907262913547e-10,-29.28221772428949,1.2807532812075806e-10,-1.2807532812075806e-10,-4.37382609907583e-12,-29.282217723998233,1.631832446946646e-10,1.631832446946646e-10,5.572776154861332e-12
low_energy_small_angles,dop853_strict,DOP853,1e-09,1e-11,3.3191489361702127,-0.00810185751391563,-0.012475075767105777,-0.00810185707753858,-0.012475076319761198,4.363770490789509e-10,5.526554214263513e-10,5.526554214263513e-10,-0.020576521071872786,-1.9998893673833984,-0.020576521188122476,-1.9998893673800395,1.1624969042944855e-10,3.3588687387009486e-12,1.1629820516304817e-10,4.3636272720193325e-10,-29.282217724280592,1.191757803553628e-10,-1.191757803553628e-10,-4.06990281535364e-12,-29.282217723994627,1.6678924907864712e-10,1.6678924907864712e-10,5.695922714932399e-12
low_energy_small_angles,dop853_strict,DOP853,1e-09,1e-11,3.3241551939924907,-0.009138593874827065,-0.013939002587336179,-0.00913859347392227,-0.013939003092505745,4.0090479547227886e-10,5.051695659008537e-10,5.051695659008537e-10,-0.02307701788555279,-1.999861097017979,-0.023077017989785224,-1.9998610970146014,1.0423243518298264e-10,3.3777425301195763e-12,1.0428715016134277e-10,4.008880553907357e-10,-29.282217724257986,9.656986321715522e-11,-9.656986321715522e-11,-3.2979012767012264e-12,-29.282217724004795,1.5662138252992008e-10,1.5662138252992008e-10,5.348685813530041e-12
low_energy_small_angles,dop853_strict,DOP853,1e-09,1e-11,3.3291614518147687,-0.010174278974044885,-0.015400548564081656,-0.010174278642521246,-0.015400548975351203,3.315236384027198e-10,4.1126954619663536e-10,4.1126954619663536e-10,-0.02557404323717328,-1.9998296563659732,-0.025574043316887576,-1.9998296563630125,7.97142976627363e-11,2.9607427620703675e-12,7.976926256125524e-11,3.315064802528189e-10,-29.282217724225355,6.393818807737262e-11,-6.393818807737262e-11,-2.183515903053196e-12,-29.282217724029998,1.3141843169250933e-10,1.3141843169250933e-10,4.487994486294425e-12
low_energy_small_angles,dop853_strict,DOP853,1e-09,1e-11,3.3341677096370463,-0.011208764188468202,-0.01685950256935826,-0.011208763950786627,-0.016859502852596336,2.3768157580983384e-10,2.8323807535479695e-10,2.8323807535479695e-10,-0.028067233367086785,-1.9997950644133096,-0.02806723341261796,-1.9997950644111988,4.5531176051660793e-11,2.1107560144173476e-12,4.558007551112359e-11,2.376666467795996e-10,-29.282217724191103,2.9686475500056986e-11,-2.9686475500056986e-11,-1.0138055723683117e-12,-29.282217724070218,9.119816013480886e-11,9.119816013480886e-11,3.1144553665263955e-12
low_energy_small_angles,dop853_strict,DOP853,1e-09,1e-11,3.3391739674593244,-0.01224190083436277,-0.01831565418311344,-0.012241900695900237,-0.018315654329243834,1.384625331057876e-10,1.461303925087698e-10,1.461303925087698e-10,-0.030556225228670714,-1.9997573419626298,-0.03055622523632444,-1.9997573419616486,7.653724876099943e-12,9.812151091637134e-13,7.716364919408766e-12,1.3845215772467778e-10,-29.282217724169953,8.537170970157604e-12,-8.537170970157604e-12,-2.9154796438499915e-13,-29.28221772412398,3.743494403352088e-11,3.743494403352088e-11,1.2784190181958952e-12
low_energy_small_angles,dop853_strict,DOP853,1e-09,1e-11,3.344180225281602,-0.013273540170163231,-0.019768793748660893,-0.013273540124554659,-0.019768793764072964,4.5608572474264975e-11,1.5412070925036048e-11,4.5608572474264975e-11,-0.03304065655225181,-1.9997165116195514,-0.03304065652205631,-1.9997165116198523,3.019549887905981e-11,3.008704396734174e-13,3.019699779078661e-11,4.560455485469461e-11,-29.282217724168493,7.077005648170598e-12,-7.077005648170598e-12,-2.4168270705572964e-13,-29.282217724188307,2.689048983484099e-11,-2.689048983484099e-11,-9.183214908156714e-13
low_energy_small_angles,dop853_strict,DOP853,1e-09,1e-11,3.34918648310388,-0.014303533396349977,-0.02121871243097745,-0.014303533453149456,-0.021218712302026245,5.679947831516152e-11,1.2895120388156656e-10,1.2895120388156656e-10,-0.035520165908861784,-1.9996725977777676,-0.03552016583673327,-1.9996725977796914,7.212851149684951e-11,1.9237944570704713e-12,7.215416242923347e-11,7.212851149684951e-11,-29.28221772416738,5.965006266706041e-12,-5.965006266706041e-12,-2.0370746242297693e-13,-29.282217724258736,9.731948580338212e-11,-9.731948580338212e-11,-3.323501201996788e-12
low_energy_small_angles,dop853_strict,DOP853,1e-09,1e-11,3.3541927409261576,-0.015331731729697004,-0.022665202178320177,-0.01533173188843378,-0.02266520190585055,1.5873677546018872e-10,2.7246962672200503e-10,2.7246962672200503e-10,-0.037994392751586926,-1.99962562660405,-0.037994392637905404,-1.9996256266077914,1.1368152252888564e-10,3.7414515929867775e-12,1.137430746221861e-10,1.5871812024392806e-10,-29.282217724167225,5.808686864838819e-12,-5.808686864838819e-12,-1.9836908937556123e-13,-29.282217724329538,1.681215167081973e-10,-1.681215167081973e-10,-5.741420212495601e-12
low_energy_small_angles,dop853_strict,DOP853,1e-09,1e-11,3.3591989987484356,-0.016357986398379664,-0.024108055788076146,-0.016357986648631057,-0.024108055386940795,2.5025139252510264e-10,4.0113535063057704e-10,4.0113535063057704e-10,-0.04046297748188181,-1.9995756260212794,-0.04046297733108094,-1.9995756260268556,1.50800871789869e-10,5.576206163482311e-12,1.5090393304272148e-10,2.5021790889256934e-10,-29.28221772416809,6.671996288787341e-12,-6.671996288787341e-12,-2.278514677965162e-13,-29.28221772439405,2.326352444015356e-10,-2.326352444015356e-10,-7.9445910344961e-12
low_energy_small_angles,dop853_strict,DOP853,1e-09,1e-11,3.3642052565707137,-0.017382148662976965,-0.02554706693742193,-0.017382148985076052,-0.025547066435326428,3.2209908698566103e-10,5.020955005929917e-10,5.020955005929917e-10,-0.042925561506466654,-1.9995226256907639,-0.04292556132658542,-1.999522625697991,1.798812349074197e-10,7.227107801099919e-12,1.8002635851171078e-10,3.220504279921599e-10,-29.282217724169257,7.840839089112706e-12,-7.840839089112706e-12,-2.6776793899196554e-13,-29.28221772444522,2.838049795172992e-10,-2.838049795172992e-10,-9.692058920903567e-12
low_energy_small_angles,dop853_strict,DOP853,1e-09,1e-11,3.3692115143929913,-0.01840406983851173,-0.026982030212498453,-0.018404070204399343,-0.026982029648748247,3.658876118750598e-10,5.637502062394439e-10,5.637502062394439e-10,-0.04538178729364763,-1.9994666569935695,-0.04538178709592827,-1.9994666570020454,1.9771935477752578e-10,8.475886659198295e-12,1.979009446877419e-10,3.658256475524979e-10,-29.282217724169755,8.338219004144776e-12,-8.338219004144776e-12,-2.8475367141556097e-13,-29.282217724476343,3.149267513435916e-10,-3.149267513435916e-10,-1.075488046397997e-11
low_energy_small_angles,dop853_strict,DOP853,1e-09,1e-11,3.3742177722152693,-0.019423601316472375,-0.028412741137488248,-0.019423601691291304,-0.02841274056076823,3.748189293661941e-10,5.767200189632504e-10,5.767200189632504e-10,-0.04783129842938408,-1.999407753010864,-0.04783129822764505,-1.9994077530199679,2.0173902826048362e-10,9.103828801926284e-12,2.0194433694050198e-10,3.7474822550676024e-10,-29.282217724168692,7.275957614183426e-12,-7.275957614183426e-12,-2.484770000251678e-13,-29.282217724481992,3.205755660928844e-10,-3.205755660928844e-10,-1.0947789853647946e-11
low_energy_small_angles,dop853_strict,DOP853,1e-09,1e-11,3.379224030037547,-0.020440594586842373,-0.02983899620354326,-0.020440594931877634,-0.029838995667855465,3.450352607792251e-10,5.356877962048312e-10,5.356877962048312e-10,-0.05027373967307065,-1.9993459485032887,-0.0502737394825845,-1.9993459485122185,1.9048615462757823e-10,8.929745831665059e-12,1.9069534725687404e-10,3.4496318301879825e-10,-29.282217724165502,4.085620730620576e-12,-4.085620730620576e-12,-1.395256591938198e-13,-29.282217724459198,2.977813551297004e-10,-2.977813551297004e-10,-1.01693580020066e-11
low_energy_small_angles,dop853_strict,DOP853,1e-09,1e-11,3.384230287859825,-0.02145490126016674,-0.031260592897516086,-0.021454901537741565,-0.031260592455395475,2.7757482423673707e-10,4.421206109550546e-10,4.421206109550546e-10,-0.0527087570130104,-1.999281279889371,-0.05270875684861674,-1.999281279897235,1.6439365840836828e-10,7.863931728024909e-12,1.6458164037069965e-10,2.7751094131001075e-10,-29.2822177241601,1.3180567748349858e-12,1.3180567748349858e-12,4.501219092252796e-14,-29.282217724408873,2.474571658694913e-10,-2.474571658694913e-10,-8.450765860719245e-12
low_energy_small_angles,dop853_strict,DOP853,1e-09,1e-11,3.3892365456821025,-0.02246637308967971,-0.032677329730440005,-0.02246637327062296,-0.032677329422563184,1.8094324996664746e-10,3.0787682125943405e-10,3.0787682125943405e-10,-0.055135997721542374,-1.99921378522299,-0.0551359975947275,-1.9992137852289842,1.268148711042194e-10,5.99409410995122e-12,1.2695645197223627e-10,1.8089758510586584e-10,-29.282217724152876,8.540723683836404e-12,8.540723683836404e-12,2.916692910451677e-13,-29.28221772433747,1.7605472635295882e-10,-1.7605472635295882e-10,-6.012342644651949e-12
low_energy_small_angles,dop853_strict,DOP853,1e-09,1e-11,3.3942428035043806,-0.023474861993523485,-0.0340890062657116,-0.023474862067830005,-0.03408900610600775,7.430651927098353e-11,1.597038473688528e-10,1.597038473688528e-10,-0.05755511040980191,-1.9991435041699162,-0.05755511032447688,-1.999143504173615,8.532502482339055e-11,3.6988190288411715e-12,8.540515864583551e-11,8.532502482339055e-11,-29.28221772414468,1.673683414082916e-11,1.673683414082916e-11,5.715698960539871e-13,-29.282217724258953,9.753620133778895e-11,-9.753620133778895e-11,-3.330902128267069e-12
low_energy_small_angles,dop853_strict,DOP853,1e-09,1e-11,3.3992490613266586,-0.024480220077082337,-0.03549542314692139,-0.024480220068393788,-0.035495423102289606,8.688549879565244e-12,4.4631784379411954e-11,4.4631784379411954e-11,-0.05996574508207762,-1.9990704779834347,-0.059965745028788014,-1.9990704779852315,5.3289608836770697e-11,1.7967849430533533e-12,5.331989165506259e-11,5.3289608836770697e-11,-29.28221772413667,2.474465077284549e-11,2.474465077284549e-11,8.450401880738739e-13,-29.282217724196975,3.5559111211114214e-11,-3.5559111211114214e-11,-1.2143585416269065e-12
low_energy_small_angles,dop853_strict,DOP853,1e-09,1e-11,3.404255319148936,-0.02548229965546125,-0.0368963821252853,-0.025482299631214313,-0.03689638210147665,2.424693779090603e-11,2.3808649496359635e-11,2.424693779090603e-11,-0.062367553189742145,-1.9989947494790787,-0.062367553141710635,-1.9989947494805749,4.803150932541911e-11,1.496136547984861e-12,4.8054805302363245e-11,4.803150932541911e-11,-29.282217724130202,3.12141423819412e-11,3.12141423819412e-11,1.0659760362407835e-12,-29.282217724181642,2.0225598973411252e-11,-2.0225598973411252e-11,-6.907126763394924e-13
low_energy_small_angles,dop853_strict,DOP853,1e-09,1e-11,3.4092615769712142,-0.02648095327613527,-0.03829168608662511,-0.02648095325055911,-0.0382916860651066,2.5576159246032404e-11,2.1518509196738478e-11,2.5576159246032404e-11,-0.06476018768472576,-1.998916363008479,-0.06476018763765583,-1.9989163630099798,4.706993128600345e-11,1.5007994846882866e-12,4.709385130101728e-11,4.706993128600345e-11,-29.282217724126614,3.480238319752971e-11,3.480238319752971e-11,1.1885159630110077e-12,-29.2822177241791,1.7685408693068894e-11,-1.7685408693068894e-11,-6.039641143189871e-13
low_energy_small_angles,dop853_strict,DOP853,1e-09,1e-11,3.414267834793492,-0.027476033741795622,-0.03968113907784615,-0.02747603370884948,-0.039681139067758525,3.2946142342060725e-11,1.008762517962225e-11,3.2946142342060725e-11,-0.06714330307250278,-1.99883536443236,-0.0671433030294894,-1.9988353644336652,4.301338452084025e-11,1.305178187749334e-12,4.30331818256498e-11,4.301338452084025e-11,-29.282217724127044,3.4372504842394846e-11,3.4372504842394846e-11,1.1738354371306145e-12,-29.282217724177187,1.5770496020195424e-11,-1.5770496020195424e-11,-5.385690444881445e-13
low_energy_small_angles,dop853_strict,DOP853,1e-09,1e-11,3.41927409261577,-0.02846739413342195,-0.041064546332865104,-0.028467394088099892,-0.04106454634146124,4.532205860607874e-11,8.596137690553007e-12,4.532205860607874e-11,-0.06951655546456828,-1.9987518010926948,-0.06951655542785348,-1.9987518010936318,3.671479786859777e-11,9.370282327836321e-13,3.672675325210527e-11,4.530369482336205e-11,-29.282217724132252,2.916422658927331e-11,2.916422658927331e-11,9.959705533235365e-13,-29.282217724177457,1.6040502259784262e-11,-1.6040502259784262e-11,-5.477898706609535e-13
low_energy_small_angles,dop853_strict,DOP853,1e-09,1e-11,3.4242803504380475,-0.029454887833604747,-0.04244171429793324,-0.02945488776988211,-0.042441714334026874,6.372263827714164e-11,3.60936350252139e-11,6.372263827714164e-11,-0.07187960263037049,-1.9986657217840413,-0.07187960260273663,-1.9986657217843866,2.763386741655438e-11,3.452793606584237e-13,2.763602442886101e-11,6.369499719327543e-11,-29.28221772414244,1.8975043758473475e-11,1.8975043758473475e-11,6.480056919601667e-13,-29.28221772417955,1.8133050616597757e-11,-1.8133050616597757e-11,-6.192512735002229e-13
low_energy_small_angles,dop853_strict,DOP853,1e-09,1e-11,3.4292866082603255,-0.03043836855014801,-0.0438124506563088,-0.030438368460532456,-0.043812450731142594,8.961555456044046e-11,7.483379194095363e-11,8.961555456044046e-11,-0.07423210404867887,-1.9985771767240808,-0.0742321040338668,-1.9985771767235305,1.481206823861214e-11,5.502265310042276e-13,1.48222843968372e-11,8.957404262766033e-11,-29.282217724157157,4.259703700881801e-12,4.259703700881801e-12,1.4547066554207824e-13,-29.28221772418208,2.0662582755903713e-11,-2.0662582755903713e-11,-7.056358555402227e-13
low_energy_small_angles,dop853_strict,DOP853,1e-09,1e-11,3.4342928660826035,-0.03141769033997629,-0.045176564352224266,-0.03141769021624471,-0.045176564478424025,1.2373158053691213e-10,1.2619975897631974e-10,1.2619975897631974e-10,-0.07657372095835387,-1.9984862175233795,-0.07657372096075435,-1.9984862175215667,2.40048259048109e-12,1.8127721546079556e-12,3.0080657492356735e-12,1.2367051827055775e-10,-29.282217724175236,1.3820056210533949e-11,-1.3820056210533949e-11,-4.719607080556166e-13,-29.28221772418332,2.1902479829805088e-11,-2.1902479829805088e-11,-7.479788599390428e-13
low_energy_small_angles,dop853_strict,DOP853,1e-09,1e-11,3.439299123904881,-0.03239270763337535,-0.046533865614100826,-0.03239270746807357,-0.04653386580338689,1.6530177920914824e-10,1.8928606598800357e-10,1.8928606598800357e-10,-0.07890411640849702,-1.9983928971543978,-0.07890411643236311,-1.9983928971509464,2.386608966009618e-11,3.4514613389546867e-12,2.411436959652996e-11,1.652150638520311e-10,-29.282217724194826,3.340971943543991e-11,-3.340971943543991e-11,-1.1409559122249405e-12,-29.282217724181663,2.0246915255484055e-11,-2.0246915255484055e-11,-6.914406363005036e-13
low_energy_small_angles,dop853_strict,DOP853,1e-09,1e-11,3.444305381727159,-0.033363275258592624,-0.0478841659769587,-0.03336327504687053,-0.04788416623728879,2.117220912478679e-10,2.603300908177175e-10,2.603300908177175e-10,-0.08122295530795284,-1.9982972699197665,-0.08122295535638027,-1.998297269914368,4.842742873378825e-11,5.398570479542286e-12,4.8727409298963604e-11,2.1160426882937955e-10,-29.282217724213517,5.2100546099609346e-11,-5.2100546099609346e-11,-1.779255471371624e-12,-29.282217724176025,1.460875864722766e-11,-1.460875864722766e-11,-4.988952266130323e-13
low_energy_small_angles,dop853_strict,DOP853,1e-09,1e-11,3.4493116395494368,-0.03432924846682352,-0.04922727830397136,-0.034329248208173985,-0.049227278636793284,2.586495323475546e-10,3.328219227993756e-10,3.328219227993756e-10,-0.08352990447413419,-1.9981993914198555,-0.08352990454805581,-1.998199391412356,7.39216188261338e-11,7.499556531342932e-12,7.430107050401782e-11,2.584971334207431e-10,-29.282217724228566,6.714984124300827e-11,-6.714984124300827e-11,-2.293195203845555e-12,-29.282217724165996,4.579447931973846e-12,-4.579447931973846e-12,-1.5639006495724673e-13
low_energy_small_angles,dop853_strict,DOP853,1e-09,1e-11,3.454317897371715,-0.03529048295761286,-0.050563016807116265,-0.03529048265707849,-0.05056301720541262,3.005343751638634e-10,3.9829635423149767e-10,3.9829635423149767e-10,-0.08582463268115054,-1.9980993185196612,-0.08582463277859062,-1.9980993185101346,9.744008377943203e-11,9.526601729703543e-12,9.790467847584774e-11,3.003472470730628e-10,-29.28221772423727,7.58539897560695e-11,-7.58539897560695e-11,-2.590445521258476e-12,-29.28221772415195,9.467981954003335e-12,9.467981954003335e-12,3.2333554934915635e-13
low_energy_small_angles,dop853_strict,DOP853,1e-09,1e-11,3.4593241551939924,-0.03624683490469571,-0.051891197066868,-0.03624683457310325,-0.05189119751467861,3.315924618219057e-10,4.47810614978561e-10,4.47810614978561e-10,-0.08810681070720702,-1.9979971093150315,-0.0881068108230402,-1.9979971093038211,1.1583317638397261e-10,1.1210365968850056e-11,1.1637438316208625e-10,3.3137465688115597e-10,-29.282217724237483,7.606715257679753e-11,-7.606715257679753e-11,-2.597725120868588e-12,-29.282217724135,2.6417978915560525e-11,2.6417978915560525e-11,9.021850450132558e-13
low_energy_small_angles,dop853_strict,DOP853,1e-09,1e-11,3.4643304130162704,-0.037198160982307396,-0.05321163605088704,-0.03719816063508523,-0.05321163652499883,3.4722216768479086e-10,4.741117914930371e-10,4.741117914930371e-10,-0.09037611138125588,-1.9978928230982609,-0.09037611150771466,-1.9978928230859574,1.264587740079648e-10,1.2303491558895985e-11,1.270558830914072e-10,3.469819639945193e-10,-29.282217724228282,6.686562414870423e-11,-6.686562414870423e-11,-2.2834890710320722e-12,-29.282217724116894,4.452260782272788e-11,4.452260782272788e-11,1.5204657052321305e-12
low_energy_small_angles,dop853_strict,DOP853,1e-09,1e-11,3.4693366708385485,-0.03814431839198701,-0.054524152131649996,-0.03814431804611699,-0.05452415260614768,3.45870020124206e-10,4.744976841997151e-10,4.744976841997151e-10,-0.0926322096288687,-1.9977865203230736,-0.09263220975704281,-1.9977865203104046,1.2817411021437408e-10,1.2668976978602586e-11,1.287987014955154e-10,3.45618436647932e-10,-29.28221772421079,4.937206199429056e-11,-4.937206199429056e-11,-1.6860765963621862e-12,-29.282217724099812,6.160405519040069e-11,6.160405519040069e-11,2.103804287322466e-12
low_energy_small_angles,dop853_strict,DOP853,1e-09,1e-11,3.474342928660826,-0.03908516488990364,-0.05582856510297394,-0.039085164558554195,-0.05582856555734874,3.313494478796031e-10,4.5437480167276334e-10,4.5437480167276334e-10,-0.09487478251731013,-1.997678262569029,-0.09487478263988061,-1.9976782625566227,1.2257048154218353e-10,1.2406298210976274e-11,1.2319674987913611e-10,3.310963864189276e-10,-29.28221772418922,2.780353725029272e-11,-2.780353725029272e-11,-9.49502442478986e-13,-29.28221772408615,7.526779199906741e-11,7.526779199906741e-11,2.570426622330667e-12
low_energy_small_angles,dop853_strict,DOP853,1e-09,1e-11,3.479349186483104,-0.04002055881473148,-0.05712469619538296,-0.040020558499114456,-0.05712469662690028,3.156170255702584e-10,4.315173149360696e-10,4.315173149360696e-10,-0.09710350929978676,-1.9975681125053684,-0.09710350941523588,-1.9975681124933593,1.1544912248417916e-10,1.2009060412765393e-11,1.1607203545369768e-10,3.153643110542781e-10,-29.282217724172103,1.0686562745831907e-11,-1.0686562745831907e-11,-3.6495059378696525e-13,-29.282217724078215,8.320100164382893e-11,8.320100164382893e-11,2.8413490544870142e-12
low_energy_small_angles,dop853_strict,DOP853,1e-09,1e-11,3.4843554443053817,-0.04095035910767246,-0.058412368103264105,-0.04095035879408965,-0.05841236853129626,3.1358281249449504e-10,4.2803215832831754e-10,4.2803215832831754e-10,-0.09931807146340114,-1.9974561338539218,-0.09931807157738336,-1.9974561338417716,1.1398221255731755e-10,1.2150280781497713e-11,1.1462798132450363e-10,3.133199255600516e-10,-29.282217724168877,7.460698725481052e-12,-7.460698725481052e-12,-2.5478598635393184e-13,-29.28221772407802,8.339640089616296e-11,8.339640089616296e-11,2.848022020796284e-12
low_energy_small_angles,dop853_strict,DOP853,1e-09,1e-11,3.4893617021276597,-0.04187442529536461,-0.059691405067852615,-0.041874424994696256,-0.059691405473798975,3.0066835132736003e-10,4.059463598604651e-10,4.059463598604651e-10,-0.10151815279553147,-1.9973423913496353,-0.10151815290035004,-1.9973423913380048,1.0481857048993959e-10,1.1630474361368215e-11,1.0546184453832048e-10,3.00404784381314e-10,-29.28221772416684,5.424993787528365e-12,-5.424993787528365e-12,-1.8526581007735902e-13,-29.282217724086962,7.44542205666221e-11,7.44542205666221e-11,2.5426428171520712e-12
low_energy_small_angles,dop853_strict,DOP853,1e-09,1e-11,3.4943679599499373,-0.0427926175756277,-0.060961632802129864,-0.04279261730258415,-0.060961633162412966,2.7304355304513805e-10,3.6028310196334346e-10,3.6028310196334346e-10,-0.10370343939492052,-1.997226950705524,-0.10370343948174078,-1.997226950695255,8.68202593151679e-11,1.0269118888572848e-11,8.742546671480022e-11,2.727935932700376e-10,-29.282217724165758,4.341416115494212e-12,-4.341416115494212e-12,-1.4826117872595463e-13,-29.282217724105635,5.5781157470846665e-11,5.5781157470846665e-11,1.9049498913062306e-12
low_energy_small_angles,dop853_strict,DOP853,1e-09,1e-11,3.4993742177722154,-0.043704796827451195,-0.06222287853393947,-0.04370479659552892,-0.06222287882721728,2.3192227305290913e-10,2.932778117581414e-10,2.932778117581414e-10,-0.10587361972487674,-1.9971098785734411,-0.10587361978588619,-1.9971098785653374,6.100944749398707e-11,8.103739901343943e-12,6.15452945716421e-11,2.3170081131507203e-10,-29.282217724166426,5.009326287108706e-12,-5.009326287108706e-12,-1.7107059083763995e-13,-29.28221772413362,2.779643182293512e-11,2.779643182293512e-11,9.49259789158649e-13
low_energy_small_angles,dop853_strict,DOP853,1e-09,1e-11,3.5043804755944934,-0.04461082463232439,-0.06347497102946524,-0.044610824453328146,-0.06347497123700586,1.7899624144002146e-10,2.0754062357575265e-10,2.0754062357575265e-10,-0.1080283846579792,-1.9969912425049745,-0.10802838468628372,-1.9969912424997922,2.8304511512367014e-11,5.182299034345306e-12,2.877501685898886e-11,1.7881815472797769e-10,-29.28221772416828,6.863842827442568e-12,-6.863842827442568e-12,-2.344031074456173e-13,-29.282217724169406,7.990053063622327e-12,-7.990053063622327e-12,-2.7286365871904416e-13
low_energy_small_angles,dop853_strict,DOP853,1e-09,1e-11,3.509386733416771,-0.04551056330106626,-0.06471774060779598,-0.0455105631839262,-0.06471774071519203,1.171400615396223e-10,1.0739605038612154e-10,1.171400615396223e-10,-0.11016742751716047,-1.9968711109121648,-0.11016742750731291,-1.9968711109105484,9.847553328334868e-12,1.616484723854228e-12,9.97934513967992e-12,1.17018769674182e-10,-29.282217724170025,8.608225243733614e-12,-8.608225243733614e-12,-2.9397449758836995e-13,-29.28221772421039,4.8974158062264905e-11,-4.8974158062264905e-11,-1.6724880104233097e-12
low_energy_small_angles,dop853_strict,DOP853,1e-09,1e-11,3.514392991239049,-0.04640387590056842,-0.06595101915529931,-0.0464038758497896,-0.06595101915492943,5.07788255887931e-11,3.698846784416787e-13,5.07788255887931e-11,-0.11229044411629363,-1.9967495530277966,-0.11229044406520036,-1.9967495530301764,5.109326850494256e-11,2.3798740755864856e-12,5.1148664568430365e-11,5.109326850494256e-11,-29.28221772417024,8.824940778140444e-12,-8.824940778140444e-12,-3.013754238586508e-13,-29.28221772425295,9.15321152206161e-11,-9.15321152206161e-11,-3.125860072582238e-12
low_energy_small_angles,dop853_strict,DOP853,1e-09,1e-11,3.5193992490613266,-0.0472906262804564,-0.06717464013977946,-0.047290626294554834,-0.06717464003340146,1.4098430756170899e-11,1.0637800362811589e-10,1.0637800362811589e-10,-0.11439713280026492,-1.9966266388652802,-0.1143971327082095,-1.9966266388717542,9.205541884327317e-11,6.473932501194213e-12,9.228278247019035e-11,9.205541884327317e-11,-29.282217724167744,6.327383061943692e-12,-6.327383061943692e-12,-2.1608278176016792e-13,-29.28221772429266,1.312443487222481e-10,-1.312443487222481e-10,-4.482049479946167e-12
low_energy_small_angles,dop853_strict,DOP853,1e-09,1e-11,3.5244055068836047,-0.04817067909967715,-0.06838843862439829,-0.04817067916997333,-0.06838843842523543,7.029617860032644e-11,1.991628667541434e-10,1.991628667541434e-10,-0.11648719448452047,-1.996502439178153,-0.1164871943560378,-1.996502439188378,1.2848266894849303e-10,1.0225154056797692e-11,1.2888890563432254e-10,1.2848266894849303e-10,-29.282217724161868,4.511946372076636e-13,-4.511946372076636e-13,-1.540848584140445e-14,-29.282217724324738,1.6332180052813783e-10,-1.6332180052813783e-10,-5.577507894607905e-12
low_energy_small_angles,dop853_strict,DOP853,1e-09,1e-11,3.5294117647058822,-0.04904389985301627,-0.06959225128133248,-0.04904389996317375,-0.0695922510149911,1.1015748035969608e-10,2.663413795067626e-10,2.663413795067626e-10,-0.1185603326940648,-1.9963770254192195,-0.11856033253839313,-1.9963770254323392,1.556716699990801e-10,1.31197275266004e-11,1.562235452506271e-10,1.556716699990801e-10,-29.28221772415257,8.846257060213247e-12,8.846257060213247e-12,3.0210338381966205e-13,-29.282217724344505,1.8308909943698382e-10,-1.8308909943698382e-10,-6.252569431785656e-12
low_energy_small_angles,dop853_strict,DOP853,1e-09,1e-11,3.5344180225281603,-0.0499101548975534,-0.07078591640514648,-0.049910155024267114,-0.07078591610868062,1.2671371590888825e-10,2.9646585186782204e-10,2.9646585186782204e-10,-0.12061625360190142,-1.9962504696993575,-0.12061625343273394,-1.996250469714004,1.6916748557527228e-10,1.4646506230064915e-11,1.6980034841132478e-10,1.6916748557527228e-10,-29.282217724140473,2.0943247136528953e-11,2.0943247136528953e-11,7.152206616935373e-13,-29.28221772434815,1.8673418367143313e-10,-1.8673418367143313e-10,-6.3770505851185774e-12
low_energy_small_angles,dop853_strict,DOP853,1e-09,1e-11,3.5394242803504383,-0.05076931147905926,-0.07196927392585441,-0.05076931159431475,-0.07196927364426971,1.1525548571089672e-10,2.815847000015026e-10,2.815847000015026e-10,-0.12265466606689433,-1.996122844746016,-0.12265466590114554,-1.9961228447604151,1.6574878969333184e-10,1.439914854017843e-11,1.6637306501800847e-10,1.6574878969333184e-10,-29.282217724126777,3.4638958368304884e-11,3.4638958368304884e-11,1.182934936643255e-12,-29.282217724333645,1.7222845372089068e-10,-1.7222845372089068e-10,-5.881673831650433e-12
low_energy_small_angles,dop853_strict,DOP853,1e-09,1e-11,3.544430538172716,-0.05162123775834226,-0.07314216542164989,-0.05162123783368394,-0.07314216520111594,7.534168428025012e-11,2.2053395221099947e-10,2.2053395221099947e-10,-0.12467528167103908,-1.9959942238614237,-0.12467528152633611,-1.995994223873652,1.4470297182711533e-10,1.2228440482431324e-11,1.4521874814303867e-10,1.4470297182711533e-10,-29.282217724113135,4.828137889489881e-11,4.828137889489881e-11,1.6488293116904446e-12,-29.282217724301812,1.403961391588382e-10,-1.403961391588382e-10,-4.7945869565403236e-12
low_energy_small_angles,dop853_strict,DOP853,1e-09,1e-11,3.549436795994994,-0.05246580283754975,-0.0743044341312788,-0.05246580285081314,-0.07430443400829664,1.3263390385986895e-11,1.2298215223971454e-10,1.2298215223971454e-10,-0.12667781475612724,-1.99586468088054,-0.12667781464672956,-1.9958646808889742,1.0939768535500605e-10,8.43414227347239e-12,1.0972232369450657e-10,1.0939768535500605e-10,-29.282217724101464,5.995204332975845e-11,5.995204332975845e-11,2.0473873903440953e-12,-29.282217724257748,9.633183140067558e-11,-9.633183140067558e-11,-3.2897723904699344e-12
low_energy_small_angles,dop853_strict,DOP853,1e-09,1e-11,3.5544430538172715,-0.05330287678642923,-0.0754559249660306,-0.05330287673140868,-0.07545592495177847,5.5020550615569874e-11,1.4252127256142444e-11,5.5020550615569874e-11,-0.12866198245978694,-1.995734290128771,-0.12866198239063298,-1.9957342901327766,6.915396033591037e-11,4.005684672847565e-12,6.926987613558256e-11,6.915396033591037e-11,-29.28221772409373,6.768630100850714e-11,6.768630100850714e-11,2.3115155295310047e-12,-29.282217724212316,5.089972887617478e-11,-5.089972887617478e-11,-1.738247060234658e-12
low_energy_small_angles,dop853_strict,DOP853,1e-09,1e-11,3.5594493116395496,-0.05413233066855716,-0.07659648452132686,-0.054132330568097714,-0.07659648458038443,1.004594463172026e-10,5.905756439439358e-11,1.004594463172026e-10,-0.13062750475089008,-1.9956031263794718,-0.13062750470946216,-1.995603126380388,4.1427916652736485e-11,9.161560399206792e-13,4.143804556293122e-11,1.0031229319418244e-10,-29.282217724091677,6.973976951485383e-11,6.973976951485383e-11,2.38164233910842e-12,-29.282217724184,2.2584600856134784e-11,-2.2584600856134784e-11,-7.712735786914023e-13
low_energy_small_angles,dop853_strict,DOP853,1e-09,1e-11,3.564455569461827,-0.054954036567539125,-0.07772596108788027,-0.05495403646019507,-0.07772596116052471,1.0734405725409957e-10,7.264444601418063e-11,1.0734405725409957e-10,-0.13257410446430565,-1.995471264811271,-0.13257410442954876,-1.9954712648115263,3.475689180909569e-11,2.55351295663786e-13,3.475782980154803e-11,1.0718200632586772e-10,-29.28221772409662,6.479794478764234e-11,6.479794478764234e-11,2.2128769548139824e-12,-29.28221772418138,1.9962698161180015e-11,-1.9962698161180015e-11,-6.817345034870205e-13
low_energy_small_angles,dop853_strict,DOP853,1e-09,1e-11,3.569461827284105,-0.055767867613189616,-0.0788442046624036,-0.05576786749457868,-0.07884420475882636,1.1861093357490304e-10,9.642275866639238e-11,1.1861093357490304e-10,-0.13450150733499167,-1.9953387809652305,-0.13450150731268834,-1.9953387809642473,2.2303325852846e-11,9.832135106080386e-13,2.2324987187133413e-11,1.184265394083006e-10,-29.28221772410923,5.218581122790056e-11,5.218581122790056e-11,1.782167311215669e-12,-29.282217724178675,1.7259083051612834e-11,-1.7259083051612834e-11,-5.894049150987624e-13
low_energy_small_angles,dop853_strict,DOP853,1e-09,1e-11,3.5744680851063833,-0.056573698007695,-0.07995106695784195,-0.05657369787082778,-0.07995106709053126,1.368672258861281e-10,1.3268931786658555e-10,1.368672258861281e-10,-0.13640944203140537,-1.9952057507018774,-0.13640944202702257,-1.995205750699019,4.382799678737115e-12,2.858380199199928e-12,5.232520462178469e-12,1.366482552112025e-10,-29.28221772412937,3.204547738278052e-11,3.204547738278052e-11,1.0943664747202216e-12,-29.28221772417754,1.6122214674396673e-11,-1.6122214674396673e-11,-5.505803838448299e-13
low_energy_small_angles,dop853_strict,DOP853,1e-09,1e-11,3.579474342928661,-0.05737140305176762,-0.08104640141310686,-0.05737140289038487,-0.08104640159261904,1.6138274744337266e-10,1.7951218289624649e-10,1.7951218289624649e-10,-0.13829764018822346,-1.9950722501581262,-0.1382976402060292,-1.995072250152847,1.7805729113362645e-11,5.279110482092619e-12,1.857183342431733e-11,1.6111722372924575e-10,-29.282217724155977,5.439204642243567e-12,5.439204642243567e-12,1.8575111671803318e-13,-29.282217724178665,1.7248424910576432e-11,-1.7248424910576432e-11,-5.890409351182567e-13
low_energy_small_angles,dop853_strict,DOP853,1e-09,1e-11,3.584480600750939,-0.05816085917079596,-0.08213006320228794,-0.058160858980434424,-0.08213006343620975,1.9036153903195796e-10,2.3392181247583466e-10,2.3392181247583466e-10,-0.14016583643835667,-1.9949383557041231,-0.14016583648145034,-1.9949383556959983,4.3093667523308454e-11,8.12483413881182e-12,4.385290310107932e-11,1.900396576215435e-10,-29.282217724187028,2.561151291047281e-11,-2.561151291047281e-11,-8.746438931549975e-13,-29.282217724181198,1.978150976356119e-11,-1.978150976356119e-11,-6.75546843818425e-13
low_energy_small_angles,dop853_strict,DOP853,1e-09,1e-11,3.5894868585732165,-0.05894194394099643,-0.08320190924331707,-0.05894194371993707,-0.08320190953495754,2.2105935831850942e-10,2.916404756581059e-10,2.916404756581059e-10,-0.1420137684442442,-1.9948041439000352,-0.14201376851420036,-1.9948041438888204,6.995615198235328e-11,1.1214806860948556e-11,7.084938315261812e-11,2.2067547789106357e-10,-29.28221772421965,5.823252990921901e-11,-5.823252990921901e-11,-1.9886652868225225e-12,-29.282217724183536,2.211919536421192e-11,-2.211919536421192e-11,-7.553797862093236e-13
low_energy_small_angles,dop853_strict,DOP853,1e-09,1e-11,3.5944931163954945,-0.059714536115574125,-0.08426179820606398,-0.05971453586557443,-0.08426179855317704,2.4999969455707927e-10,3.471130605170458e-10,3.471130605170458e-10,-0.14384117692841894,-1.9946696914528124,-0.14384117702474636,-1.9946696914385182,9.63274182641527e-11,1.429412144204889e-11,9.738220277461925e-11,2.4955409960725206e-10,-29.282217724250263,8.884626367944293e-11,-8.884626367944293e-11,-3.034137117494823e-12,-29.282217724183944,2.2527757437273976e-11,-2.2527757437273976e-11,-7.693323521287056e-13
low_energy_small_angles,dop853_strict,DOP853,1e-09,1e-11,3.599499374217772,-0.06047851565089658,-0.08530959051983679,-0.06047851537758911,-0.08530959091370176,2.7330747387477317e-10,3.938649684176454e-10,3.938649684176454e-10,-0.14564780570332608,-1.9945350751729463,-0.1456478058229509,-1.9945350751559057,1.1962481005767245e-10,1.7040591160366603e-11,1.2083243326371018e-10,2.728077971858589e-10,-29.28221772427493,1.135127547513548e-10,-1.135127547513548e-10,-3.876508119044989e-12,-29.282217724180967,1.9550583374439157e-11,-1.9550583374439157e-11,-6.6766061090747e-13
low_energy_small_angles,dop853_strict,DOP853,1e-09,1e-11,3.60450563204005,-0.06123376373268857,-0.08634514838026636,-0.061233763445509126,-0.08634514880547979,2.8717944688949615e-10,4.2521343390777844e-10,4.2521343390777844e-10,-0.14743340170038763,-1.994400371931257,-0.14743340183737574,-1.994400371912162,1.3698811529572197e-10,1.9095169889737917e-11,1.3831257804477496e-10,2.866412177060518e-10,-29.282217724289808,1.283915196381713e-10,-1.283915196381713e-10,-4.38462417183083e-12,-29.2822177241737,1.2285283901292132e-11,-1.2285283901292132e-11,-4.195475908628078e-13
low_energy_small_angles,dop853_strict,DOP853,1e-09,1e-11,3.609511889862328,-0.0619801628022517,-0.08736833575554846,-0.06198016251374149,-0.08736833619090663,2.885102087790692e-10,4.3535816618422984e-10,4.3535816618422984e-10,-0.14919771499829546,-1.99426565861573,-0.14919771514403685,-1.9942656585956122,1.4574139117762286e-10,2.0117685295417687e-11,1.4712333045453515e-10,2.8795622136756904e-10,-29.282217724291797,1.3038103929829958e-10,-1.3038103929829958e-10,-4.452567101525212e-12,-29.282217724162013,5.968558980384842e-13,-5.968558980384842e-13,-2.0382878908314546e-14
low_energy_small_angles,dop853_strict,DOP853,1e-09,1e-11,3.6145181476846058,-0.06271759658271657,-0.088379018392022,-0.06271759630702349,-0.08837901881289956,2.756930794767243e-10,4.2087755502961954e-10,4.2087755502961954e-10,-0.150940498850525,-1.994131012088427,-0.15094049899460887,-1.9941310120685583,1.4408388371300873e-10,1.9868773293296726e-11,1.454473571365401e-10,2.7515104084052666e-10,-29.282217724279338,1.1792167242674623e-10,-1.1792167242674623e-10,-4.027074504314146e-12,-29.282217724146502,1.4914292023604503e-11,1.4914292023604503e-11,5.093293193875267e-13
low_energy_small_angles,dop853_strict,DOP853,1e-09,1e-11,3.619524405506884,-0.0634459501053326,-0.08937706381905867,-0.06344594985571794,-0.08937706420171514,2.4961466227324536e-10,3.826564620723616e-10,3.826564620723616e-10,-0.1526615097120559,-1.9939965091425085,-0.15266150984407253,-1.9939965091241798,1.3201664761375298e-10,1.832867191353671e-11,1.3328291511400815e-10,2.4911242513248055e-10,-29.282217724253417,9.200107342621777e-11,-9.200107342621777e-11,-3.1418751917244853e-12,-29.2822177241285,3.291589223408664e-11,3.291589223408664e-11,1.1240915064615136e-12
low_energy_small_angles,dop853_strict,DOP853,1e-09,1e-11,3.6245306633291614,-0.06416510973580093,-0.09036234135323984,-0.0641651095209387,-0.0903623416815114,2.1486222523403598e-10,3.2827156271064695e-10,3.2827156271064695e-10,-0.15436050726528633,-1.9938622264593786,-0.15436050737779852,-1.9938622264435328,1.12512194005987e-10,1.584576914126501e-11,1.1362254265646023e-10,2.14420078914479e-10,-29.282217724218768,5.7351456916876487e-11,-5.7351456916876487e-11,-1.9585762751007248e-12,-29.282217724109902,5.1514348342607263e-11,5.1514348342607263e-11,1.7592365724438151e-12
low_energy_small_angles,dop853_strict,DOP853,1e-09,1e-11,3.6295369211514394,-0.06487496320065783,-0.09133472210179877,-0.06487496301949482,-0.09133472237665931,1.8116301514492505e-10,2.748605371083457e-10,2.748605371083457e-10,-0.15603725444513375,-1.9937282405659915,-0.15603725453806672,-1.9937282405526666,9.293296687751251e-11,1.3324896741551129e-11,9.38833808819742e-11,1.8078190333614685e-10,-29.28221772418532,2.390265763096977e-11,-2.390265763096977e-11,-8.162857696139302e-13,-29.28221772409298,6.843592359473405e-11,6.843592359473405e-11,2.3371154548265664e-12
low_energy_small_angles,dop853_strict,DOP853,1e-09,1e-11,3.634543178973717,-0.06557539961369957,-0.09229407896532756,-0.06557539944863834,-0.09229407921780299,1.6506122857418148e-10,2.5247542945194823e-10,2.5247542945194823e-10,-0.15769151746331708,-1.9935946277923362,-0.15769151755001148,-1.9935946277798835,8.669440165753883e-11,1.2452705533405606e-11,8.758418324024254e-11,1.6470647068445032e-10,-29.282217724169776,8.359535286217579e-12,-8.359535286217579e-12,-2.854816313765722e-13,-29.282217724080134,8.128253625727666e-11,8.128253625727666e-11,2.7758326579960034e-12
low_energy_small_angles,dop853_strict,DOP853,1e-09,1e-11,3.639549436795995,-0.06626630947548193,-0.09324028669162361,-0.06626630931060476,-0.0932402869476743,1.6487716747448644e-10,2.5605069453593643e-10,2.5605069453593643e-10,-0.15932306585657027,-1.9934614642260826,-0.15932306594699344,-1.9934614642131607,9.042316895246927e-11,1.2921885783612197e-11,9.134180103113537e-11,1.6451530415739768e-10,-29.282217724169328,7.911893362688716e-12,-7.911893362688716e-12,-2.701944721953363e-13,-29.28221772407363,8.778755500316038e-11,8.778755500316038e-11,2.997981772764598e-12
low_energy_small_angles,dop853_strict,DOP853,1e-09,1e-11,3.644555694618273,-0.06694758470180254,-0.09417322187158284,-0.06694758453693078,-0.09417322212666111,1.648717551372414e-10,2.5507827794424287e-10,2.5507827794424287e-10,-0.16093167250594284,-1.9933288256707233,-0.16093167259538846,-1.9933288256577666,8.944561757928682e-11,1.2956746786585427e-11,9.037917786432733e-11,1.6450241169252422e-10,-29.282217724168955,7.538858426414663e-12,-7.538858426414663e-12,-2.574551728776397e-13,-29.28221772407535,8.606804158262094e-11,8.606804158262094e-11,2.9392596692430252e-12
low_energy_small_angles,dop853_strict,DOP853,1e-09,1e-11,3.6495619524405507,-0.0676191186771175,-0.0950927628896559,-0.06761911851253831,-0.09509276313813396,1.6457919749246486e-10,2.4847805757399755e-10,2.4847805757399755e-10,-0.16251711363564125,-1.9931967876065548,-0.1625171137187936,-1.9931967875940821,8.315234611977473e-11,1.2472689547848859e-11,8.408258232107191e-11,1.6420309556508528e-10,-29.28221772416914,7.723599537712289e-12,-7.723599537712289e-12,-2.6376415920640375e-13,-29.28221772408653,7.488765163543576e-11,7.488765163543576e-11,2.557444669692633e-12
low_energy_small_angles,dop853_strict,DOP853,1e-09,1e-11,3.6545682102628287,-0.06828080626378163,-0.09599878995738041,-0.06828080609957034,-0.09599879019353266,1.642112973376797e-10,2.361522505323066e-10,2.361522505323066e-10,-0.16407916885040796,-1.9930654251470912,-0.16407916892164426,-1.9930654251356592,7.123629464089731e-11,1.1431966484565237e-11,7.214776179389738e-11,1.6382864509445483e-10,-29.282217724169676,8.260059303211165e-12,-8.260059303211165e-12,-2.8208448489185314e-13,-29.282217724107543,5.3873350225330796e-11,5.3873350225330796e-11,1.8397974747957252e-12
low_energy_small_angles,dop853_strict,DOP853,1e-09,1e-11,3.6595744680851063,-0.06893254382521545,-0.09689118511843625,-0.06893254366096571,-0.09689118533721441,1.6424973880990734e-10,2.187781622531304e-10,2.187781622531304e-10,-0.16561762115834455,-1.9929348129973867,-0.16561762121223694,-1.9929348129875355,5.389239055020312e-11,9.851230942103939e-12,5.4785367665922334e-11,1.638596619502053e-10,-29.282217724170035,8.618883384770015e-12,-8.618883384770015e-12,-2.9433847756887554e-13,-29.282217724137762,2.3653967673453735e-11,2.3653967673453735e-11,8.077929034021325e-13
low_energy_small_angles,dop853_strict,DOP853,1e-09,1e-11,3.6645807259073844,-0.06957422924891335,-0.09776983225342466,-0.06957422908376054,-0.09776983245106781,1.6515280809592525e-10,1.9764315184467307e-10,1.9764315184467307e-10,-0.1671322569932116,-1.9928050254126382,-0.16713225702515763,-1.9928050254048264,3.194602915534972e-11,7.811751245867526e-12,3.28872655646797e-11,1.6475325270715047e-10,-29.282217724169694,8.277822871605167e-12,-8.277822871605167e-12,-2.826911181926958e-13,-29.28221772417546,1.404387717229838e-11,-1.404387717229838e-11,-4.796042876462346e-13
low_energy_small_angles,dop853_strict,DOP853,1e-09,1e-11,3.669586983729662,-0.0702057619692656,-0.0986346170843901,-0.07020576180210172,-0.09863461725889275,1.6716387996051907e-10,1.7450264844232066e-10,1.7450264844232066e-10,-0.16862286623620493,-1.9926761361570793,-0.16862286624310732,-1.9926761361516214,6.902395321972676e-12,5.4578563890572696e-12,8.799503255545936e-12,1.667520843628978e-10,-29.28221772416829,6.874500968478969e-12,-6.874500968478969e-12,-2.3476708742612294e-13,-29.282217724217833,5.6417093219351955e-11,-5.6417093219351955e-11,-1.926667363476399e-12
low_energy_small_angles,dop853_strict,DOP853,1e-09,1e-11,3.67459324155194,-0.07082704299017145,-0.09948542717910912,-0.07082704281996122,-0.0994854273305511,1.7021023479557584e-10,1.514419839532266e-10,1.7021023479557584e-10,-0.1700892422372158,-1.9925482184631966,-0.1700892422181255,-1.9925482184602008,1.9090312664005182e-11,2.9958258096485224e-12,1.9323949127733514e-11,1.6978349282048555e-10,-29.282217724165758,4.341416115494212e-12,-4.341416115494212e-12,-1.4826117872595463e-13,-29.282217724261088,9.967138225874805e-11,-9.967138225874805e-11,-3.403819451028361e-12
low_energy_small_angles,dop853_strict,DOP853,1e-09,1e-11,3.679599499374218,-0.0714379749074164,-0.10032215195516525,-0.0714379747335361,-0.10032215208588804,1.7388029904807922e-10,1.3072279370085482e-10,1.7388029904807922e-10,-0.17153118183557478,-1.9924213449912795,-0.1715311817922035,-1.992421344990598,4.3371278790615975e-11,6.814548925149211e-13,4.3376632011993134e-11,1.734368065831049e-10,-29.282217724162333,9.166001291305292e-13,-9.166001291305292e-13,-3.130227832348306e-14,-29.282217724300757,1.3934098319623445e-10,-1.3934098319623445e-10,-4.758552938470267e-12
low_energy_small_angles,dop853_strict,DOP853,1e-09,1e-11,3.6846057571964956,-0.07203846193079011,-0.10114468268383384,-0.07203846175332285,-0.10114468279842864,1.774672631071894e-10,1.145948058667301e-10,1.774672631071894e-10,-0.1729484853802859,-1.9922955877893296,-0.17294848531728807,-1.992295587790532,6.299782917551511e-11,1.2023715356690445e-12,6.300930231431839e-11,1.7700697851896763e-10,-29.282217724158503,2.9132252166164108e-12,2.9132252166164108e-12,9.948786133820196e-14,-29.28221772433202,1.7060486356967886e-10,-1.7060486356967886e-10,-5.82622754795341e-12
low_energy_small_angles,dop853_strict,DOP853,1e-09,1e-11,3.6896120150187737,-0.07262840990591961,-0.1019529124937972,-0.07262840972585213,-0.101952912598851,1.8006747481980057e-10,1.0505379899328204e-10,1.8006747481980057e-10,-0.17434095674975397,-1.9921710182533476,-0.1743409566746695,-1.9921710182557222,7.508446642212618e-11,2.374545005068285e-12,7.51220045118372e-11,1.7959277121004646e-10,-29.282217724154968,6.448175327022909e-12,6.448175327022909e-12,2.2020788820589823e-13,-29.282217724350293,1.8887647001974983e-10,-1.8887647001974983e-10,-6.450210561200206e-12
low_energy_small_angles,dop853_strict,DOP853,1e-09,1e-11,3.6946182728410513,-0.07320772633579191,-0.1027467363747114,-0.07320772615507044,-0.1027467364782379,1.8072146557024382e-10,1.0352649293388083e-10,1.8072146557024382e-10,-0.17570840337100718,-1.9920477070880183,-0.17570840329375026,-1.9920477070906184,7.725692308113707e-11,2.6001423236721166e-12,7.730066561206366e-11,1.8023740833150725e-10,-29.28221772415249,8.927969474825659e-12,8.927969474825659e-12,3.0489389700353844e-13,-29.282217724351945,1.9052848188039206e-10,-1.9052848188039206e-10,-6.5066274581785765e-12
low_energy_small_angles,dop853_strict,DOP853,1e-09,1e-11,3.6996245306633293,-0.07377632040194289,-0.10352605118064792,-0.07377632022335685,-0.10352605129111087,1.7858603484910418e-10,1.1046294434713388e-10,1.7858603484910418e-10,-0.1770506362384221,-1.9919257242678114,-0.1770506361701934,-1.9919257242695596,6.822870046718776e-11,1.7481571745747715e-12,6.825109245241606e-11,1.7810024288689164e-10,-29.28221772415179,9.627854069549358e-12,9.627854069549358e-12,3.287952490567406e-13,-29.282217724335222,1.738058585942781e-10,-1.738058585942781e-10,-5.9355428687652635e-12
low_energy_small_angles,dop853_strict,DOP853,1e-09,1e-11,3.704630788485607,-0.07433410298528541,-0.10429075563342953,-0.07433410281216002,-0.10429075575824726,1.7312538902469754e-10,1.2481772559969073e-10,1.7312538902469754e-10,-0.17836746993195135,-1.9918051389985174,-0.1783674698834436,-1.991805138998381,4.850775336961988e-11,1.3633538742396922e-13,4.850794496065292e-11,1.7264729923471833e-10,-29.282217724153373,8.043343768804334e-12,8.043343768804334e-12,2.7468355862157223e-13,-29.282217724301358,1.3994139180795173e-10,-1.3994139180795173e-10,-4.7790571440387505e-12
low_energy_small_angles,dop853_strict,DOP853,1e-09,1e-11,3.709637046307885,-0.0748809866865537,-0.10504075032588442,-0.07488098652224431,-0.10504075046928454,1.6430938554190533e-10,1.4340012510771771e-10,1.6430938554190533e-10,-0.17965872263486096,-1.9916860196792412,-0.17965872261362176,-1.9916860196764983,2.1239204839318404e-11,2.7429170046389117e-12,2.141558815211162e-11,1.6384894829801766e-10,-29.28221772415749,3.9257486150745535e-12,3.9257486150745535e-12,1.3406595948623557e-13,-29.2822177242559,9.448442028769932e-11,-9.448442028769932e-11,-3.226682527182294e-12
low_energy_small_angles,dop853_strict,DOP853,1e-09,1e-11,3.714643304130163,-0.0754168858463372,-0.10577593772503799,-0.07541688569352993,-0.10577593788511244,1.528072668399716e-10,1.6007445369226048e-10,1.6007445369226048e-10,-0.1809242161509784,-1.9915684338648647,-0.18092421615778526,-1.9915684338594777,6.806860630703682e-12,5.3870241600861846e-12,8.68063251999392e-12,1.523729198371626e-10,-29.282217724163967,2.5508484213787597e-12,-2.5508484213787597e-12,-8.711254200101098e-14,-29.282217724210266,4.884981308350689e-11,-4.884981308350689e-11,-1.668241577317411e-12
low_energy_small_angles,dop853_strict,DOP853,1e-09,1e-11,3.7196495619524406,-0.07594171656468031,-0.10649622217526564,-0.07594171642451558,-0.10649622234005669,1.401647270471429e-10,1.6479105580113895e-10,1.6479105580113895e-10,-0.18216377592145772,-1.9914524482290048,-0.18216377594555444,-1.9914524482221223,2.4096724615674248e-11,6.8824945742562704e-12,2.5060344546081328e-11,1.3976075852184522e-10,-29.282217724172195,1.077893330148072e-11,-1.077893330148072e-11,-3.6810508695134724e-13,-29.282217724183536,2.211919536421192e-11,-2.211919536421192e-11,-7.553797862093236e-13
low_energy_small_angles,dop853_strict,DOP853,1e-09,1e-11,3.7246558197747186,-0.07645539672022261,-0.10720150990142734,-0.07645539659722918,-0.10720151005055409,1.229934348812023e-10,1.4912675261324893e-10,1.4912675261324893e-10,-0.18337723104106446,-1.9913381285274785,-0.183377231066701,-1.9913381285209169,2.563654843967811e-11,6.5616401201396e-12,2.6462950269502977e-11,1.2263413895485797e-10,-29.282217724181148,1.9731771772057982e-11,-1.9731771772057982e-11,-6.738482705760654e-13,-29.28221772418068,1.9262813566456316e-11,-1.9262813566456316e-11,-6.578331514338184e-13
low_energy_small_angles,dop853_strict,DOP853,1e-09,1e-11,3.729662077596996,-0.07695784598885397,-0.10789170901200536,-0.07695784588763013,-0.10789170913963333,1.0122383486965703e-10,1.2762797763077316e-10,1.2762797763077316e-10,-0.18456441427398318,-1.9912255395622949,-0.1845644142999448,-1.9912255395563339,2.5961621741288354e-11,5.9610094638173905e-12,2.6637181481257673e-11,1.0092424118646193e-10,-29.282217724189454,2.8038016353093553e-11,-2.8038016353093553e-11,-9.575100020501096e-13,-29.282217724176537,1.5120349416974932e-11,-1.5120349416974932e-11,-5.163662656773019e-13
low_energy_small_angles,dop853_strict,DOP853,1e-09,1e-11,3.7346683354192742,-0.0774489858618608,-0.10856672950226788,-0.07744898577594181,-0.108566729614417,8.591899414156501e-11,1.1214912332135896e-10,1.1214912332135896e-10,-0.18572516206915402,-1.9911147451461932,-0.1857251620949814,-1.9911147451406892,2.5827395777611173e-11,5.504041666881676e-12,2.6407363505737127e-11,8.566143627763978e-11,-29.28221772419557,3.4152236594309215e-11,-3.4152236594309215e-11,-1.1663131842001652e-12,-29.28221772417462,1.3205436744101462e-11,-1.3205436744101462e-11,-4.5097119584645935e-13
low_energy_small_angles,dop853_strict,DOP853,1e-09,1e-11,3.739674593241552,-0.07792873966353724,-0.10922648325747858,-0.07792873958223429,-0.10922648336428699,8.130295048314196e-11,1.0680840933918745e-10,1.0680840933918745e-10,-0.18685931457513935,-1.9910058080677397,-0.18685931460025507,-1.991005808062426,2.5115715063250832e-11,5.313749440460924e-12,2.5671678485334837e-11,8.105620341591901e-11,-29.282217724198052,3.6635583455790766e-11,-3.6635583455790766e-11,-1.2511205196579738e-12,-29.282217724176064,1.4647838497694465e-11,-1.4647838497694465e-11,-5.002298198748862e-13
low_energy_small_angles,dop853_strict,DOP853,1e-09,1e-11,3.74468085106383,-0.07839703256823749,-0.10987088405617552,-0.07839703248164893,-0.10987088416669522,8.658855576992863e-11,1.1051969062148004e-10,1.1051969062148004e-10,-0.1879667156545269,-1.9908987900570045,-0.1879667156780576,-1.9908987900516673,2.353067740656911e-11,5.3372861685829776e-12,2.412839412098056e-11,8.632260184437968e-11,-29.28221772419594,3.452527153058327e-11,-3.452527153058327e-11,-1.1790524835178618e-12,-29.282217724179926,1.850963826655061e-11,-1.850963826655061e-11,-6.32111899478088e-13
low_energy_small_angles,dop853_strict,DOP853,1e-09,1e-11,3.749687108886108,-0.07885379161684307,-0.11049984757353926,-0.07885379151928967,-0.11049984769238616,9.755339591688283e-11,1.1884690453989322e-10,1.1884690453989322e-10,-0.1890472128978702,-1.9907937517518315,-0.189047212918742,-1.99079375174641,2.0871804284894324e-11,5.4214410738495644e-12,2.1564420637340484e-11,9.725026339779674e-11,-29.28221772418927,2.7853275241795927e-11,-2.7853275241795927e-11,-9.512010157213456e-13,-29.28221772418415,2.2733814830644405e-11,-2.2733814830644405e-11,-7.763692984184809e-13
low_energy_small_angles,dop853_strict,DOP853,1e-09,1e-11,3.7546933667083855,-0.07929894573262126,-0.11111329138487314,-0.0792989456250951,-0.11111329151015414,1.0752616852460761e-10,1.25281007790079e-10,1.25281007790079e-10,-0.19010065763717282,-1.9906907526647188,-0.19010065765449297,-1.990690752659345,1.7320145317967217e-11,5.373923528395608e-12,1.8134676394260405e-11,1.0718827214706295e-10,-29.2822177241797,1.8282264591107378e-11,-1.8282264591107378e-11,-6.243469932273016e-13,-29.282217724186314,2.489741746103391e-11,-2.489741746103391e-11,-8.502572344611212e-13
low_energy_small_angles,dop853_strict,DOP853,1e-09,1e-11,3.7596996245306635,-0.07973242573644908,-0.11171113496921692,-0.07973242562864433,-0.1117111350911848,1.0780475123706168e-10,1.219678802399926e-10,1.219678802399926e-10,-0.19112690495891868,-1.990589851150325,-0.19112690497266405,-1.9905898511453146,1.3745365956552291e-11,5.0104365101333315e-12,1.463009088494066e-11,1.0746226131175263e-10,-29.282217724171336,9.919176591210999e-12,-9.919176591210999e-12,-3.3874403519056084e-13,-29.282217724184218,2.2801316390541615e-11,-2.2801316390541615e-11,-7.786745049616832e-13
low_energy_small_angles,dop853_strict,DOP853,1e-09,1e-11,3.764705882352941,-0.0801541643635531,-0.11229329971143405,-0.08015416427384942,-0.11229329981302942,8.970368892136094e-11,1.0159537100484783e-10,1.0159537100484783e-10,-0.19212581371714965,-1.9904911043736304,-0.19212581372868948,-1.9904911043694284,1.1539824651407571e-11,4.2019721036012925e-12,1.2281047290222335e-11,8.941568319098536e-11,-29.282217724169634,8.217426739065559e-12,-8.217426739065559e-12,-2.8062856496983066e-13,-29.28221772417626,1.4843237750028493e-11,-1.4843237750028493e-11,-5.069027861841559e-13
low_energy_small_angles,dop853_strict,DOP853,1e-09,1e-11,3.769712140175219,-0.08056409629080837,-0.11285970889654155,-0.08056409623348859,-0.11285970896326379,5.7319773927311246e-11,6.672223884507389e-11,6.672223884507389e-11,-0.19309724654941984,-1.9903945682787447,-0.19309724655858373,-1.9903945682758435,9.163891867558505e-12,2.901234807950459e-12,9.612183808644538e-12,5.7133853204049956e-11,-29.282217724169136,7.720046824033489e-12,-7.720046824033489e-12,-2.636428325462352e-13,-29.28221772416171,2.948752353404416e-13,-2.948752353404416e-13,-1.0070112793988735e-14
low_energy_small_angles,dop853_strict,DOP853,1e-09,1e-11,3.7747183979974968,-0.080962158134261,-0.11341028772607868,-0.08096215812353252,-0.11341028774287908,1.0728473665011506e-11,1.680039440898895e-11,1.680039440898895e-11,-0.19404106988503617,-1.9903002975582624,-0.1940410698910353,-1.9903002975572288,5.999145624713265e-12,1.0336176359260207e-12,6.0875375681644544e-12,1.069333510628212e-11,-29.28221772416904,7.624123554705875e-12,-7.624123554705875e-12,-2.6036701272168463e-13,-29.28221772414084,2.05773176276125e-11,2.05773176276125e-11,7.027240156961778e-13
low_energy_small_angles,dop853_strict,DOP853,1e-09,1e-11,3.779724655819775,-0.0813482884693215,-0.11394496331537585,-0.08134828851721783,-0.11394496326945633,4.789632579438319e-11,4.5919518187886865e-11,4.789632579438319e-11,-0.19495715395699048,-1.9902083456235962,-0.19495715395910668,-1.990208345624925,2.116196107238011e-12,1.3289369604763124e-12,2.4988716271968297e-12,4.77379386021326e-11,-29.282217724169453,8.036238341446733e-12,-8.036238341446733e-12,-2.7444090530123515e-13,-29.282217724114847,4.6568970901716966e-11,4.6568970901716966e-11,1.5903498614892088e-12
low_energy_small_angles,dop853_strict,DOP853,1e-09,1e-11,3.784730913642053,-0.08172242784541615,-0.11446366469616305,-0.0817224279588202,-0.11446366458017285,1.134040500394562e-10,1.1599020355301803e-10,1.1599020355301803e-10,-0.19584537281375394,-1.9901187645758225,-0.19584537281154835,-1.9901187645798128,2.2055968162959516e-12,3.990363595107738e-12,4.559348521139395e-12,1.1302557501036148e-10,-29.28221772416997,8.554934538551606e-12,-8.554934538551606e-12,-2.921545976858419e-13,-29.282217724085815,7.560174708487466e-11,7.560174708487466e-11,2.5818313283865094e-12
low_energy_small_angles,dop853_strict,DOP853,1e-09,1e-11,3.7897371714643304,-0.08208451879824057,-0.11496632282072071,-0.08208451897708131,-0.11496632263469111,1.788407477665288e-10,1.8602959450664258e-10,1.8602959450664258e-10,-0.1967056043303006,-1.9900316051772236,-0.19670560432373763,-1.9900316051839,6.56297238776915e-12,6.676437180885841e-12,9.362020080780386e-12,1.7823857667575993e-10,-29.282217724170064,8.64730509420042e-12,-8.64730509420042e-12,-2.9530909085022386e-13,-29.28221772405649,1.04925845789694e-10,1.04925845789694e-10,3.5832615814176302e-12
low_energy_small_angles,dop853_strict,DOP853,1e-09,1e-11,3.7947434292866085,-0.0824345058617334,-0.11545287056583745,-0.0824345060982422,-0.11545287031797963,2.3650879865666496e-10,2.478578176035029e-10,2.478578176035029e-10,-0.19753773021875287,-1.9899469168235657,-0.19753773020825077,-1.9899469168326438,1.0502099190290437e-11,9.07807162775498e-12,1.388183964326591e-11,2.3570566332065113e-10,-29.282217724169282,7.865708084864309e-12,-7.865708084864309e-12,-2.686172256131453e-13,-29.282217724030055,1.3136158827364852e-10,1.3136158827364852e-10,4.486053259731728e-12
low_energy_small_angles,dop853_strict,DOP853,1e-09,1e-11,3.799749687108886,-0.08277233557973276,-0.11592324273661458,-0.08277233585863626,-0.11592324244311483,2.7890349751924504e-10,2.9349975227965786e-10,2.9349975227965786e-10,-0.198341636038658,-1.9898647475171276,-0.1983416360250767,-1.9898647475280158,1.3581302749088309e-11,1.0888179247103835e-11,1.7407016736921243e-11,2.7794862245134055e-10,-29.282217724167406,5.9898752624576446e-12,-5.9898752624576446e-12,-2.045567490441567e-13,-29.282217724009797,1.5161916167016898e-10,1.5161916167016898e-10,5.1778578760127376e-12
low_energy_small_angles,dop853_strict,DOP853,1e-09,1e-11,3.804755944931164,-0.08309795651727893,-0.11637737607015855,-0.08309795681679605,-0.11637737575411507,2.995171194397628e-10,3.1604348305069863e-10,3.1604348305069863e-10,-0.19911721120690606,-1.989785143840486,-0.19911721119148396,-1.9897851438523229,1.542210803506805e-11,1.1836753799343569e-11,1.9440940222931217e-11,2.984835989483514e-10,-29.282217724164493,3.076650045841234e-12,-3.076650045841234e-12,-1.0506888770595475e-13,-29.282217723998837,1.6257928336926852e-10,1.6257928336926852e-10,5.5521506226326805e-12
low_energy_small_angles,dop853_strict,DOP853,1e-09,1e-11,3.8097622027534417,-0.0834113192715248,-0.11681520923920012,-0.08341131956502576,-0.11681520892885472,2.9350095964719713e-10,3.103454021546881e-10,3.103454021546881e-10,-0.199864349007296,-1.9897081509310746,-0.1998643489915462,-1.9897081509427923,1.5749790360786164e-11,1.1717737891103752e-11,1.963062091970912e-11,2.9248055366526415e-10,-29.282217724160912,5.044853423896711e-13,5.044853423896711e-13,1.7228385743932535e-14,-29.28221772399979,1.6162715610335e-10,1.6162715610335e-10,5.5196350777075125e-12
low_energy_small_angles,dop853_strict,DOP853,1e-09,1e-11,3.8147684605757197,-0.08371237648221849,-0.11723668285568167,-0.08371237674039418,-0.11723668258210977,2.581756891606446e-10,2.7357190124366326e-10,2.7357190124366326e-10,-0.20058294659976084,-1.9896338124565238,-0.2005829465853384,-1.989633812466936,1.4422435468119943e-11,1.0412115614144568e-11,1.7788164503241958e-11,2.572715929183289e-10,-29.28221772415724,4.177991286269389e-12,4.177991286269389e-12,1.4268015235820185e-13,-29.28221772401446,1.4695800132358272e-10,1.4695800132358272e-10,5.018677297871615e-12
low_energy_small_angles,dop853_strict,DOP853,1e-09,1e-11,3.8197747183979978,-0.08400108284171916,-0.11764173947435184,-0.08400108303510004,-0.11764173926878306,1.9338088075304682e-10,2.0556878421729152e-10,2.0556878421729152e-10,-0.20127290502925843,-1.9895621705907935,-0.20127290501780948,-1.9895621705986961,1.1448952896842002e-11,7.902567489281864e-12,1.3911473514935847e-11,1.9269900952689767e-10,-29.282217724154204,7.212008767965017e-12,7.212008767965017e-12,2.462931201421341e-13,-29.282217724043605,1.178115383027034e-10,1.178115383027034e-10,4.023313377848921e-12
low_energy_small_angles,dop853_strict,DOP853,1e-09,1e-11,3.8247809762202754,-0.08427739510451013,-0.1180303235964081,-0.08427739520616394,-0.11803032348736006,1.0165381036930654e-10,1.0904803449118816e-10,1.0904803449118816e-10,-0.201934129234338,-1.9894932659911073,-0.20193412922734172,-1.9894932659953914,6.996292434280349e-12,4.284128607423554e-12,8.203771434585031e-12,1.0129301564187898e-10,-29.282217724152524,8.892442338037654e-12,8.892442338037654e-12,3.0368063040185304e-13,-29.282217724086742,7.467448881470773e-11,7.467448881470773e-11,2.550165070082521e-12
low_energy_small_angles,dop853_strict,DOP853,1e-09,1e-11,3.8297872340425534,-0.08454127209617147,-0.11840238167322753,-0.08454127208439985,-0.11840238168364436,1.1771625341161496e-11,1.0416834061999225e-11,1.1771625341161496e-11,-0.20256652805538988,-1.9894271377756994,-0.2025665280540042,-1.989427137775463,1.3856693570346579e-12,2.362554596402333e-13,1.4056657530276036e-12,1.1729575644103818e-11,-29.28221772415283,8.58690896166081e-12,8.58690896166081e-12,2.932465376273587e-13,-29.282217724141983,1.943334382303874e-11,1.943334382303874e-11,6.636568311219082e-13
low_energy_small_angles,dop853_strict,DOP853,1e-09,1e-11,3.834793491864831,-0.0847926747217747,-0.11875786211022538,-0.0847926745826192,-0.11875786225482234,1.391554926843952e-10,1.4459695940605144e-10,1.4459695940605144e-10,-0.2031700142425858,-1.989363823502381,-0.20317001424750875,-1.9893638234970346,4.922950935792869e-12,5.346389997384904e-12,7.26769096208426e-12,1.3865554537861868e-10,-29.282217724155505,5.9117155615240335e-12,5.9117155615240335e-12,2.0188756252044886e-13,-29.282217724206056,4.4639847374128294e-11,-4.4639847374128294e-11,-1.5244694850176921e-12
low_energy_small_angles,dop853_strict,DOP853,1e-09,1e-11,3.839799749687109,-0.08503156597366279,-0.11909671527088217,-0.08503156570302133,-0.11909671555390736,2.7064146757016516e-10,2.830251866203781e-10,2.830251866203781e-10,-0.20374450446351922,-1.9893033591479368,-0.2037445044748759,-1.9893033591372942,1.1356693363495651e-11,1.064259791405675e-11,1.5564041072701885e-11,2.6966363864122656e-10,-29.282217724160603,8.135714324453147e-13,8.135714324453147e-13,2.7783805178595426e-14,-29.282217724274375,1.1295853141746193e-10,-1.1295853141746193e-10,-3.857581160058697e-12
low_energy_small_angles,dop853_strict,DOP853,1e-09,1e-11,3.844806007509387,-0.08525791093857787,-0.11941889348097907,-0.08525791054372302,-0.11941889389461252,3.94854857144189e-10,4.1363344693845505e-10,4.1363344693845505e-10,-0.20428991931055235,-1.9892457790883602,-0.20428991932781926,-1.9892457790727056,1.726691012393644e-11,1.5654588736424557e-11,2.3306916006513803e-11,3.934206432854026e-10,-29.28221772416776,6.345146630337695e-12,-6.345146630337695e-12,-2.1668941506101062e-13,-29.28221772434126,1.7984191913456016e-10,-1.7984191913456016e-10,-6.141676864391612e-12
low_energy_small_angles,dop853_strict,DOP853,1e-09,1e-11,3.8498122653316647,-0.08547167680409953,-0.11972435103308186,-0.08547167630438095,-0.11972435155670219,4.997185859556552e-10,5.236203276526297e-10,5.236203276526297e-10,-0.20480618330787748,-1.9891911160799318,-0.20480618332985512,-1.9891911160600513,2.197764192857221e-11,1.9880541657357753e-11,2.9635328264260416e-11,4.978943646261058e-10,-29.282217724176203,1.4786394331167685e-11,-1.4786394331167685e-11,-5.049615596214592e-13,-29.28221772440031,2.388951259035821e-10,-2.388951259035821e-10,-8.158368609713066e-12
low_energy_small_angles,dop853_strict,DOP853,1e-09,1e-11,3.8548185231539427,-0.08567283286435665,-0.12001304419131376,-0.08567283229085991,-0.12001304479187169,5.734967362114318e-10,6.005579367140967e-10,6.005579367140967e-10,-0.20529322491830054,-1.9891394012411527,-0.2052932249431454,-1.9891394012183237,2.484484840081791e-11,2.2829071966157244e-11,3.3740673065242945e-11,5.713933354245526e-10,-29.282217724184758,2.334132886971929e-11,-2.334132886971929e-11,-7.97116157307301e-13,-29.28221772444496,2.83542078705068e-10,-2.83542078705068e-10,-9.683080748051095e-12
low_energy_small_angles,dop853_strict,DOP853,1e-09,1e-11,3.8598247809762203,-0.08586135052497504,-0.12028493119645667,-0.08586134991890014,-0.12028493183020486,6.060748986014275e-10,6.337481928131439e-10,6.337481928131439e-10,-0.20575097654975338,-1.989090664035536,-0.20575097657508018,-1.9890906640114636,2.532679621580769e-11,2.4072299709132494e-11,3.494169743792295e-11,6.038422262211185e-10,-29.28221772419199,3.057465391975711e-11,-3.057465391975711e-11,-1.0441372374104464e-12,-29.282217724469184,3.077680332808086e-10,-3.077680332808086e-10,-1.0510407243740363e-11
low_energy_small_angles,dop853_strict,DOP853,1e-09,1e-11,3.8648310387984983,-0.08603720330722432,-0.120539972271422,-0.08603720271673734,-0.12053997288725951,5.904869787576317e-10,6.158375059905907e-10,6.158375059905907e-10,-0.20617937456154228,-1.9890449322552661,-0.20617937458460833,-1.9890449322319539,2.3066049070763484e-11,2.3312241026474112e-11,3.279486547329157e-11,5.883028231234988e-10,-29.282217724196432,3.501554601825774e-11,-3.501554601825774e-11,-1.1957955626211202e-12,-29.28221772446839,3.069722254167573e-10,-3.069722254167573e-10,-1.048323007186261e-11
low_energy_small_angles,dop853_strict,DOP853,1e-09,1e-11,3.869837296620776,-0.0862003668513261,-0.12077812962713007,-0.08620036632662821,-0.12077813017182985,5.246978823647552e-10,5.446997852764923e-10,5.446997852764923e-10,-0.2065783592703391,-1.9890022320057312,-0.20657835928832113,-1.9890022319852765,1.798203252967312e-11,2.0454749005693884e-11,2.7235092266855957e-11,5.227497046345064e-10,-29.282217724196833,3.5417002663962194e-11,-3.5417002663962194e-11,-1.2095054752201651e-12,-29.282217724440578,2.7916158273910696e-10,-2.7916158273910696e-10,-9.533484976063287e-12
low_energy_small_angles,dop853_strict,DOP853,1e-09,1e-11,3.874843554443054,-0.08635081891888682,-0.12099936746883913,-0.0863508185052351,-0.12099936789443647,4.1365172398499794e-10,4.25597335151906e-10,4.25597335151906e-10,-0.20694787495592226,-1.9889625876909323,-0.20694787496629735,-1.9889625876752355,1.0375089676273319e-11,1.5696777211360313e-11,1.881571950826738e-11,4.121104985044255e-10,-29.282217724192645,3.12283532366564e-11,-3.12283532366564e-11,-1.0664613428814576e-12,-29.282217724387667,2.262510179207311e-10,-2.262510179207311e-10,-7.726567026173236e-12
low_energy_small_angles,dop853_strict,DOP853,1e-09,1e-11,3.879849812265332,-0.08648853939441764,-0.12120365200296364,-0.08648853912282291,-0.12120365227659247,2.7159473281468394e-10,2.736288279292509e-10,2.736288279292509e-10,-0.2072878698666731,-1.9889260219997777,-0.20728786986771497,-1.9889260219901548,1.0418610418838625e-12,9.622969088241007e-12,9.679204952052481e-12,2.705795587587545e-10,-29.28221772418456,2.3142376903706463e-11,-2.3142376903706463e-11,-7.903218643378629e-13,-29.282217724317054,1.5563728084089234e-10,-1.5563728084089234e-10,-5.315078328663356e-12
low_energy_small_angles,dop853_strict,DOP853,1e-09,1e-11,3.8848560700876096,-0.08661351028590421,-0.12139095144442213,-0.08661351016122161,-0.12139095156089652,1.2468259757980604e-10,1.1647438569184487e-10,1.2468259757980604e-10,-0.2075982962248344,-1.9888925558932673,-0.20759829621623643,-1.988892555889949,8.597955680755831e-12,3.318234575999668e-12,9.21604701537493e-12,1.2421522144201447e-10,-29.282217724175155,1.3738343795921537e-11,-1.3738343795921537e-11,-4.691701948717402e-13,-29.282217724243406,8.198952627935796e-11,-8.198952627935796e-11,-2.7999766633695426e-12
low_energy_small_angles,dop853_strict,DOP853,1e-09,1e-11,3.8898623279098876,-0.0867257157243893,-0.12156123602455483,-0.08672571571050752,-0.12156123602200193,1.38817707329153e-11,2.5529023339743162e-12,1.38817707329153e-11,-0.207879110231537,-1.9888622085925687,-0.20787911021517336,-1.9888622085940808,1.6363632671101414e-11,1.5121237595394632e-12,1.643335000719273e-11,1.6363632671101414e-11,-29.28221772416979,8.37374614093278e-12,-8.37374614093278e-12,-2.8596693801724637e-13,-29.282217724190744,2.9327651418498135e-11,-2.9327651418498135e-11,-1.0015515796912892e-12
low_energy_small_angles,dop853_strict,DOP853,1e-09,1e-11,3.894868585732165,-0.08682514198160979,-0.12171447797892038,-0.0868251419911894,-0.12171447794995426,9.579614879129394e-12,2.896612116831676e-11,2.896612116831676e-11,-0.20813027207003035,-1.9888349975688548,-0.20813027205082207,-1.9888349975715411,1.9208273860371605e-11,2.6862956303830288e-12,1.9395204791619242e-11,1.9208273860371605e-11,-29.282217724169637,8.220979452744359e-12,-8.220979452744359e-12,-2.807498916299992e-13,-29.282217724182832,2.141575805580942e-11,-2.141575805580942e-11,-7.31357107495953e-13
low_energy_small_angles,dop853_strict,DOP853,1e-09,1e-11,3.8998748435544432,-0.08691177747579325,-0.12185065154744806,-0.08691177749154433,-0.12185065151045901,1.575108099505229e-11,3.69890507112558e-11,3.69890507112558e-11,-0.20835174590957375,-1.9888109385335657,-0.2083517458885506,-1.9888109385366946,2.102315543872635e-11,3.128830527998616e-12,2.125470877414662e-11,2.102315543872635e-11,-29.282217724169556,8.139267038131948e-12,-8.139267038131948e-12,-2.779593784461228e-13,-29.2822177241827,2.12843076496938e-11,-2.12843076496938e-11,-7.26868021069717e-13
low_energy_small_angles,dop853_strict,DOP853,1e-09,1e-11,3.904881101376721,-0.08698561274368613,-0.12196973301076196,-0.08698561276567787,-0.12196973296568044,2.199174176098495e-11,4.50815218488998e-11,4.50815218488998e-11,-0.2085434999117853,-1.988790045428094,-0.20854349988894727,-1.9887900454316683,2.2838037017081092e-11,3.574252005478229e-12,2.3116037986476648e-11,2.2838037017081092e-11,-29.282217724169676,8.260059303211165e-12,-8.260059303211165e-12,-2.8208448489185314e-13,-29.28221772418274,2.1323387500160607e-11,-2.1323387500160607e-11,-7.282026143315709e-13
low_energy_small_angles,dop853_strict,DOP853,1e-09,1e-11,3.909887359198999,-0.08704664045323159,-0.12207170068183805,-0.08704664048128931,-0.12207170062886265,2.805772281178065e-11,5.297540184301397e-11,5.297540184301397e-11,-0.20870550623334716,-1.988772330416269,-0.20870550620871747,-1.9887723304202805,2.4629687178645554e-11,4.011457832575616e-12,2.4954223779962972e-11,2.795148834611183e-11,-29.282217724169854,8.43769498715119e-12,-8.43769498715119e-12,-2.881508179002801e-13,-29.282217724182903,2.148681232938543e-11,-2.148681232938543e-11,-7.337836406993237e-13
low_energy_small_angles,dop853_strict,DOP853,1e-09,1e-11,3.914893617021277,-0.08709485540176551,-0.12215653491289091,-0.08709485543562197,-0.1221565348523234,3.3856459302761266e-11,6.056750934124722e-11,6.056750934124722e-11,-0.20883774102959995,-1.9887578038771516,-0.20883774100321192,-1.9887578038815872,2.638803064947126e-11,4.4355630279824254e-12,2.675822081029752e-11,3.3728131398902406e-11,-29.282217724169836,8.419931418757187e-12,-8.419931418757187e-12,-2.8754418459943736e-13,-29.282217724182974,2.155786660296144e-11,-2.155786660296144e-11,-7.362101739026945e-13
low_energy_small_angles,dop853_strict,DOP853,1e-09,1e-11,3.9198998748435545,-0.08713025451376892,-0.12222421810223208,-0.08713025455317429,-0.12222421803435736,3.9405367857625606e-11,6.787471973357384e-11,6.787471973357384e-11,-0.208940184457868,-1.9887464743987786,-0.20894018442975554,-1.9887464744036247,2.811245680689467e-11,4.846123502488808e-12,2.8527094852453743e-11,3.9255890205147637e-11,-29.28221772416944,8.022027486731531e-12,-8.022027486731531e-12,-2.73955598660561e-13,-29.28221772418274,2.1323387500160607e-11,-2.1323387500160607e-11,-7.282026143315709e-13
low_energy_small_angles,dop853_strict,DOP853,1e-09,1e-11,3.9249061326658325,-0.08715283683819654,-0.12227473470107755,-0.08715283688298975,-0.12227473462608554,4.479321080719245e-11,7.499201259975052e-11,7.499201259975052e-11,-0.20901282068051466,-1.9887383487728596,-0.20901282065070576,-1.9887383487781074,2.9808905344097525e-11,5.24780219279819e-12,3.026731348613721e-11,4.4623207906546725e-11,-29.282217724168603,7.187139772213413e-12,-7.187139772213413e-12,-2.4544383352095435e-13,-29.282217724182125,2.070876803372812e-11,-2.070876803372812e-11,-7.072131021224137e-13
low_energy_small_angles,dop853_strict,DOP853,1e-09,1e-11,3.92991239048811,-0.08716260354535585,-0.12230807122033098,-0.08716260359550064,-0.12230807113827691,5.014479109721748e-11,8.20540718704521e-11,8.20540718704521e-11,-0.20905563786772993,-1.9887334319904326,-0.20905563783624326,-1.9887334319960783,3.148667437891106e-11,5.645706124823846e-12,3.198882087685396e-11,4.995442948185769e-11,-29.28221772416743,6.014744258209248e-12,-6.014744258209248e-12,-2.054060356653365e-13,-29.282217724181173,1.9756640767809586e-11,-1.9756640767809586e-11,-6.746975571972452e-13
low_energy_small_angles,dop853_strict,DOP853,1e-09,1e-11,3.934918648310388,-0.08715955792331069,-0.12232421623736942,-0.08715955797890079,-0.12232421614816792,5.5590101966096483e-11,8.920149341395955e-11,8.920149341395955e-11,-0.20906862820005212,-1.9887317272384768,-0.20906862816689625,-1.988731727244522,3.315586694085937e-11,6.045164369083977e-12,3.370245576881919e-11,5.5379090202478665e-11,-29.282217724166163,4.746425474877469e-12,-4.746425474877469e-12,-1.6209241798516808e-13,-29.282217724180065,1.864819410002383e-11,-1.864819410002383e-11,-6.368436392246611e-13
low_energy_small_angles,dop853_strict,DOP853,1e-09,1e-11,3.9399249061326658,-0.08714370537378392,-0.12232316040285833,-0.08714370543502216,-0.12232316030630598,6.12382367037867e-11,9.655234944894175e-11,9.655234944894175e-11,-0.20905178787062617,-1.9887332358974832,-0.20905178783580114,-1.9887332359039345,3.482503174723206e-11,6.45128395149186e-12,3.541753662832153e-11,6.100585314694484e-11,-29.28221772416513,3.7125857943465235e-12,-3.7125857943465235e-12,-1.2678635987612322e-13,-29.282217724179088,1.7671197838353692e-11,-1.7671197838353692e-11,-6.034788076783129e-13
low_energy_small_angles,dop853_strict,DOP853,1e-09,1e-11,3.944931163954944,-0.08711505340753309,-0.12230489644762256,-0.0871150534746902,-0.12230489634344277,6.715711320381956e-11,1.041797897949337e-10,1.041797897949337e-10,-0.20900511708719915,-1.9887379575399864,-0.20900511705070002,-1.9887379575468533,3.6499137046064334e-11,6.866951451911518e-12,3.7139494171976755e-11,6.690244191975836e-11,-29.282217724164664,3.247180302423658e-12,-3.247180302423658e-12,-1.1089256739404462e-13,-29.282217724178544,1.7127632645497215e-11,-1.7127632645497215e-11,-5.849158286725264e-13
low_energy_small_angles,dop853_strict,DOP853,1e-09,1e-11,3.949937421777222,-0.08707361163917353,-0.12226941918960019,-0.0870736117125331,-0.12226941907750329,7.335956841991731e-11,1.1209690120583815e-10,1.1209690120583815e-10,-0.20892862007385565,-1.988745889930058,-0.20892862003567725,-1.9887458899373502,3.8178404881961114e-11,7.292166870342953e-12,3.886857724429696e-11,7.308163796349021e-11,-29.282217724165033,3.61666252501891e-12,-3.61666252501891e-12,-1.2351054005157267e-13,-29.282217724178704,1.7287504761043238e-11,-1.7287504761043238e-11,-5.903755283801107e-13
low_energy_small_angles,dop853_strict,DOP853,1e-09,1e-11,3.9549436795994994,-0.0870193917814232,-0.12221672554090575,-0.08701939186121982,-0.12221672542065662,7.979661376111835e-11,1.202491300977826e-10,1.202491300977826e-10,-0.20882230507249303,-1.9887570290237582,-0.20882230503263555,-1.988757029031483,3.9857478428828585e-11,7.72493180534184e-12,4.0599176815567556e-11,7.949467473178373e-11,-29.282217724166372,4.956035581926699e-12,-4.956035581926699e-12,-1.6925069093511188e-13,-29.282217724179713,1.829647544582258e-11,-1.829647544582258e-11,-6.248322998679757e-13
low_energy_small_angles,dop853_strict,DOP853,1e-09,1e-11,3.9599499374217775,-0.0869524076387432,-0.12214681451502975,-0.08695240772510189,-0.12214681438651426,8.635868409268e-11,1.285154899166585e-10,1.285154899166585e-10,-0.20868618434403796,-1.9887713689705486,-0.2086861843025124,-1.9887713689787079,4.152556076775227e-11,8.1592510525752e-12,4.231956491760325e-11,8.603243117910608e-11,-29.282217724168618,7.201350626928615e-12,-7.201350626928615e-12,-2.459291401616285e-13,-29.282217724181546,2.0129675704083638e-11,-2.0129675704083638e-11,-6.874368565149418e-13
low_energy_small_angles,dop853_strict,DOP853,1e-09,1e-11,3.964956195244055,-0.08687267510034856,-0.12205968723420124,-0.08687267519323397,-0.122059687097482,9.288540769869513e-11,1.3671924703473337e-10,1.3671924703473337e-10,-0.20852027416940488,-1.988788902115665,-0.20852027412623797,-1.9887889021242524,4.31669144873581e-11,8.587353050870661e-12,4.401278381083369e-11,9.25351323344259e-11,-29.282217724171456,1.0039968856290216e-11,-1.0039968856290216e-11,-3.4286914163629115e-13,-29.282217724183973,2.255617914670438e-11,-2.255617914670438e-11,-7.70302965410054e-13
low_energy_small_angles,dop853_strict,DOP853,1e-09,1e-11,3.969962453066333,-0.08678021213256323,-0.12195534693694003,-0.08678021223174814,-0.1219553467922911,9.918491028493293e-11,1.446489317213917e-10,1.446489317213917e-10,-0.20832459485019664,-1.9888096190034465,-0.20832459480543375,-1.9888096190124473,4.476288784083238e-11,9.000800105241069e-12,4.5658849420298e-11,9.881166718184176e-11,-29.282217724174387,1.2970957641300629e-11,-1.2970957641300629e-11,-4.429636362753358e-13,-29.282217724186552,2.5135449277513544e-11,-2.5135449277513544e-11,-8.583861206924133e-13
low_energy_small_angles,dop853_strict,DOP853,1e-09,1e-11,3.9749687108886107,-0.08667503877049389,-0.1218337989858255,-0.086675038875557,-0.12183379883373506,1.0506311098890109e-10,1.5209043746633455e-10,1.5209043746633455e-10,-0.20809917070914763,-1.988833508381623,-0.20809917066285327,-1.988833508391012,4.6294357236575934e-11,9.388934074650024e-12,4.7236845735144456e-11,1.04668704259403e-10,-29.282217724176746,1.532995952402416e-11,-1.532995952402416e-11,-5.235245386272457e-13,-29.282217724188694,2.7277735625830246e-11,-2.7277735625830246e-11,-9.315460967740422e-13
low_energy_small_angles,dop853_strict,DOP853,1e-09,1e-11,3.9799749687108887,-0.08655717710899631,-0.12169505087550855,-0.08655717721936024,-0.1216950507166374,1.1036392633112513e-10,1.588711523448083e-10,1.588711523448083e-10,-0.20784403009030913,-1.9888605572065536,-0.2078440300425637,-1.9888605572162987,4.774544648533663e-11,9.745093620949774e-12,4.872981130442863e-11,1.0995074295472307e-10,-29.28221772417787,1.645261704652512e-11,-1.645261704652512e-11,-5.61863763240504e-13,-29.28221772418979,2.83719714389008e-11,-2.83719714389008e-11,-9.689147081059522e-13
low_energy_small_angles,dop853_strict,DOP853,1e-09,1e-11,3.9849812265331668,-0.08642665129290907,-0.12153911224099363,-0.08642665140793022,-0.12153911207607677,1.1502115926376177e-10,1.649168579476168e-10,1.649168579476168e-10,-0.20755920535897698,-1.9888907506494204,-0.20755920530986852,-1.9888907506594864,4.9108467292668934e-11,1.0065948075066444e-11,5.01294810514239e-11,1.1459184989792703e-10,-29.282217724177244,1.5827339439056232e-11,-1.5827339439056232e-11,-5.405102710508412e-13,-29.28221772418936,2.794209308376594e-11,-2.794209308376594e-11,-9.54234182225559e-13
low_energy_small_angles,dop853_strict,DOP853,1e-09,1e-11,3.9899874843554444,-0.08628348750652833,-0.12136599486621741,-0.08628348762565088,-0.1213659946958952,1.1912255903911984e-10,1.703222146653971e-10,1.703222146653971e-10,-0.2072447329013603,-1.9889240721033694,-0.2072447328509704,-1.9889240721137247,5.0389914463266905e-11,1.035527219528376e-11,5.144293092207881e-11,1.186794135188407e-10,-29.282217724174895,1.34789956973691e-11,-1.34789956973691e-11,-4.603133486794368e-13,-29.28221772418737,2.595257342363766e-11,-2.595257342363766e-11,-8.862912525311772e-13
low_energy_small_angles,dop853_strict,DOP853,1e-09,1e-11,3.9949937421777224,-0.08612771396229833,-0.12117571269295097,-0.0861277140852855,-0.12117571251751509,1.2298716212111316e-10,1.7543587416124495e-10,1.7543587416124495e-10,-0.20690065312399142,-1.9889605031915971,-0.20690065307237326,-1.9889605032022242,5.1618154195409716e-11,1.0627054791711998e-11,5.270074132388597e-11,1.2253129066941426e-10,-29.282217724171666,1.0249578963339445e-11,-1.0249578963339445e-11,-3.500274145862349e-13,-29.282217724184548,2.313171876267006e-11,-2.313171876267006e-11,-7.899578843573573e-13
low_energy_small_angles,dop853_strict,DOP853,1e-09,1e-11,4.0,-0.08595936088869176,-0.12096828183005225,-0.08595936101594798,-0.1209682816490917,1.2725621945097743e-10,1.8096055209859685e-10,1.8096055209859685e-10,-0.2065270104528751,-1.989000023776378,-0.20652701040002333,-1.9890000237872898,5.285177850922196e-11,1.0911715975225889e-11,5.396643435610561e-11,1.2678635918916825e-10,-29.28221772416979,8.37374614093278e-12,-8.37374614093278e-12,-2.8596693801724637e-13,-29.28221772418289,2.1472601474670228e-11,-2.1472601474670228e-11,-7.332983340586495e-13
