case_name,solver_config,solver_method,rtol,atol,t,lagrangian_theta1_rad,lagrangian_theta2_rad,hamiltonian_theta1_rad,hamiltonian_theta2_rad,abs_theta1_diff_rad,abs_theta2_diff_rad,max_abs_theta_diff_rad,lagrangian_x2,lagrangian_y2,hamiltonian_x2,hamiltonian_y2,abs_x2_diff,abs_y2_diff,second_bob_position_diff,max_bob_position_abs_diff,lagrangian_energy,lagrangian_energy_abs_drift,lagrangian_energy_signed_drift,lagrangian_energy_relative_drift,hamiltonian_energy,hamiltonian_energy_abs_drift,hamiltonian_energy_signed_drift,hamiltonian_energy_relative_drift
low_energy_small_angles,rk45_strict,RK45,1e-08,1e-10,0.0,0.08726646259971647,0.12217304763960307,0.08726646259971647,0.12217304763960307,0.0,0.0,0.0,0.20902508615280563,-1.9887408497330674,0.20902508615280563,-1.9887408497330674,0.0,0.0,0.0,0.0,-29.282217724161416,0.0,0.0,0.0,-29.282217724161416,0.0,0.0,0.0
low_energy_small_angles,rk45_strict,RK45,1e-08,1e-10,0.0050062578222778474,0.08726001459320874,0.1221645102324005,0.08726001459322968,0.12216451023240105,2.0941581801992015e-14,5.412337245047638e-16,2.0941581801992015e-14,0.20901018890599243,-1.9887424521051928,0.20901018890601386,-1.9887424521051908,2.142730437526552e-14,1.9984014443252818e-15,2.1520292310351045e-14,2.142730437526552e-14,-29.282217724161413,3.552713678800501e-15,3.552713678800501e-15,1.2132666016853897e-16,-29.28221772416136,5.684341886080802e-14,5.684341886080802e-14,1.9412265626966236e-15
low_energy_small_angles,rk45_strict,RK45,1e-08,1e-10,0.010012515644555695,0.08724067166568907,0.12213889899855822,0.0872406716655829,0.12213889899855104,1.061650767297806e-13,7.174816296640074e-15,1.061650767297806e-13,0.20896549915878077,-1.9887472583235009,0.2089654991586679,-1.988747258323511,1.1285417045314716e-13,1.021405182655144e-14,1.1331544750555183e-13,1.1285417045314716e-13,-29.282217724159757,1.659117287999834e-12,1.659117287999834e-12,5.6659550298707704e-14,-29.28221772416009,1.3251622021925868e-12,1.3251622021925868e-12,4.525484424286504e-14
low_energy_small_angles,rk45_strict,RK45,1e-08,1e-10,0.015018773466833543,0.08720843709048878,0.12209621690146005,0.0872084370899433,0.12209621690149404,5.45480327573955e-13,3.3986702341337605e-14,5.45480327573955e-13,0.2088910228883748,-1.9887552656944663,0.20889102288786512,-1.9887552656945098,5.096756350297937e-13,4.3520742565306136e-14,5.115303588023482e-13,5.433986594027829e-13,-29.28221772415809,3.325340003357269e-12,3.325340003357269e-12,1.1356175391775248e-13,-29.28221772415957,1.8474111129762605e-12,1.8474111129762605e-12,6.308986328764026e-14
low_energy_small_angles,rk45_strict,RK45,1e-08,1e-10,0.02002503128911139,0.08716331632170356,0.12203646888067535,0.08716331632098698,0.12203646888076668,7.165795734564995e-13,9.132972156322694e-14,7.165795734564995e-13,0.20878677005626298,-1.9887664697304532,0.20878677005563978,-1.9887664697305043,6.23195939297716e-13,5.10702591327572e-14,6.252850151131478e-13,7.138595270461678e-13,-29.282217724159604,1.8118839761882555e-12,1.8118839761882555e-12,6.187659668595488e-14,-29.28221772416127,1.4566126083082054e-13,1.4566126083082054e-13,4.974393066910098e-15
low_energy_small_angles,rk45_strict,RK45,1e-08,1e-10,0.025031289111389236,0.08710531699495894,0.12195966185209675,0.08710531699516777,0.12195966185209668,2.0883295093199195e-13,6.938893903907228e-17,2.0883295093199195e-13,0.20865275460962857,-1.9887808641519058,0.2086527546098365,-1.9887808641518876,2.0794477251229182e-13,1.8207657603852567e-14,2.0874038231882188e-13,2.0804191702694652e-13,-29.282217724162777,1.3606893389805919e-12,-1.3606893389805919e-12,-4.646811084455043e-14,-29.28221772416228,8.633094239485217e-13,-8.633094239485217e-13,-2.948237842095497e-14
low_energy_small_angles,rk45_strict,RK45,1e-08,1e-10,0.030037546933667086,0.0870344489254274,0.12186580470842485,0.08703444892600679,0.1218658047084725,5.793837631884458e-13,4.764244554422703e-14,5.793837631884458e-13,0.20848899448056935,-1.9887984408906498,0.20848899448119385,-1.9887984408905937,6.245004513516506e-13,5.617728504603292e-14,6.270220897971287e-13,6.245004513516506e-13,-29.282217724161796,3.801403636316536e-13,-3.801403636316536e-13,-1.298195263803367e-14,-29.282217724158876,2.540190280342358e-12,2.540190280342358e-12,8.674856202050536e-14
low_energy_small_angles,rk45_strict,RK45,1e-08,1e-10,0.03504380475594493,0.08695072410076955,0.12175490832038441,0.08695072410205065,0.1217549083201389,1.281100225902776e-12,2.4551194410804555e-13,1.281100225902776e-12,0.2082955115811902,-1.9888191900944507,0.20829551158222276,-1.9888191900943695,1.0325629240526268e-12,8.126832540256146e-14,1.03575611648778e-12,1.2762568779578487e-12,-29.282217724157494,3.922195901395753e-12,3.922195901395753e-12,1.3394463282606703e-13,-29.28221772415553,5.88684656577243e-12,5.88684656577243e-12,2.0103827589926908e-13
low_energy_small_angles,rk45_strict,RK45,1e-08,1e-10,0.04005006257822278,0.08685415668059297,0.1216269855372969,0.08685415668121921,0.12162698553707017,6.262351748276274e-13,2.2672141941626478e-13,6.262351748276274e-13,0.20807233180475077,-1.9888431001319906,0.20807233180514959,-1.9888431001319637,3.9881986602097186e-13,2.6867397195928788e-14,3.997238328709832e-13,6.238759509002989e-13,-29.282217724156087,5.329070518200751e-12,5.329070518200751e-12,1.8198999025280847e-13,-29.282217724157263,4.1531222905177856e-12,4.1531222905177856e-12,1.4183086573702207e-13
low_energy_small_angles,rk45_strict,RK45,1e-08,1e-10,0.04505632040050063,0.08674476298947088,0.12148205118965268,0.0867447629887125,0.12148205118975168,7.583794703336366e-13,9.900413822094833e-14,7.583794703336366e-13,0.2078194850225828,-1.988870157599063,0.20781948502192554,-1.9888701575991168,6.572520305780927e-13,5.3734794391857577e-14,6.594449634559061e-13,7.555345238330347e-13,-29.282217724160418,9.983125437429408e-13,9.983125437429408e-13,3.409279150735945e-14,-29.282217724163303,1.886490963443066e-12,-1.886490963443066e-12,-6.44244565494942e-14
low_energy_small_angles,rk45_strict,RK45,1e-08,1e-10,0.05006257822277847,0.08662256151651315,0.12132012208924219,0.08662256151641996,0.12132012208933911,9.318934512947408e-14,9.692247004977617e-14,9.692247004977617e-14,0.20753700508531106,-1.9889003473254,0.20753700508531442,-1.9889003473253966,3.3584246494910985e-15,3.552713678800501e-15,4.888843483876897e-15,9.284240043427872e-14,-29.282217724166298,4.881428594671888e-12,-4.881428594671888e-12,-1.6670283107157254e-13,-29.282217724165736,4.320099833421409e-12,-4.320099833421409e-12,-1.475332187649434e-13
low_energy_small_angles,rk45_strict,RK45,1e-08,1e-10,0.05506883604505632,0.0864875729106628,0.12114121703035666,0.08648757290947783,0.12114121703093651,1.1849687897580452e-12,5.798556079739114e-13,1.1849687897580452e-12,0.2072249298210746,-1.988933652382638,0.2072249298204697,-1.9889336523826702,6.049050149670165e-13,3.219646771412954e-14,6.057612480718072e-13,1.1805278976595446e-12,-29.282217724164884,3.467448550509289e-12,-3.467448550509289e-12,-1.1841482032449405e-13,-29.28221772415978,1.637801005927031e-12,1.637801005927031e-12,5.5931590337696465e-14
low_energy_small_angles,rk45_strict,RK45,1e-08,1e-10,0.06007509386733417,0.08633981996946966,0.12094535679225805,0.08633981997051919,0.12094535679218224,1.049535458541584e-12,7.581435479409038e-14,1.049535458541584e-12,0.20688330102870459,-1.9889700540935857,0.20688330102967495,-1.9889700540935045,9.703626790980024e-13,8.126832540256146e-14,9.73759862440422e-13,1.0456219223797802e-12,-29.28221772415824,3.176126028847648e-12,3.176126028847648e-12,1.0846603419067384e-13,-29.282217724152837,8.57980353430321e-12,8.57980353430321e-12,2.9300388430702163e-13
low_energy_small_angles,rk45_strict,RK45,1e-08,1e-10,0.06508135168961202,0.08617932764005361,0.12073256413953985,0.08617932764211043,0.12073256413903036,2.0568269309961806e-12,5.094952237882922e-13,2.0568269309961806e-12,0.2065121644811453,-1.9890095320415888,0.20651216448268866,-1.9890095320414733,1.5433765376826614e-12,1.1546319456101628e-13,1.5476895316463035e-12,2.049180269914075e-12,-29.282217724154712,6.703970711896545e-12,6.703970711896545e-12,2.28943407738033e-13,-29.28221772415305,8.36664071357518e-12,8.36664071357518e-12,2.857242846969093e-13
low_energy_small_angles,rk45_strict,RK45,1e-08,1e-10,0.07008760951188986,0.08600612299975843,0.1205028638278867,0.08600612300012538,0.12050286382769014,3.6694258742642205e-13,1.9656498650988397e-13,3.6694258742642205e-13,0.20611156991419155,-1.989052064081878,0.206111569914362,-1.9890520640818703,1.7044698985557716e-13,7.771561172376096e-15,1.7062407073412357e-13,3.6558256422125623e-13,-29.28221772415934,2.0747847884194925e-12,2.0747847884194925e-12,7.085476953842676e-14,-29.282217724162116,6.998845947236987e-13,-6.998845947236987e-13,-2.3901352053202178e-14
low_energy_small_angles,rk45_strict,RK45,1e-08,1e-10,0.07509386733416772,0.08582023525512104,0.12025628260435973,0.08582023525374533,0.1202562826046261,1.375718983176455e-12,2.663702591831907e-13,1.375718983176455e-12,0.20568157102822676,-1.9890976263528812,0.2056815710271206,-1.9890976263529672,1.1061707105852747e-12,8.593126210598712e-14,1.109503412686892e-12,1.3706535906266026e-12,-29.282217724169133,7.716494110354688e-12,-7.716494110354688e-12,-2.6352150588606667e-13,-29.282217724172337,1.092104184863274e-11,-1.092104184863274e-11,-3.7295815335808884e-13
low_energy_small_angles,rk45_strict,RK45,1e-08,1e-10,0.08010012515644556,0.08562169574078214,0.11999284920767463,0.08562169573730466,0.11999284920863065,3.4774821910943388e-12,9.560269242925301e-13,3.4774821910943388e-12,0.20522222549008062,-1.989146193288421,0.20522222548756502,-1.9891461932886039,2.515598840346911e-12,1.829647544582258e-13,2.522243768339746e-12,3.464742381886765e-12,-29.282217724172792,1.1375789199519204e-11,-1.1375789199519204e-11,-3.884879658596618e-13,-29.282217724170607,9.190870287056896e-12,-9.190870287056896e-12,-3.1387206985601034e-13
low_energy_small_angles,rk45_strict,RK45,1e-08,1e-10,0.0851063829787234,0.08541053789676381,0.11971259437388648,0.08541053789289356,0.11971259437501162,3.8702513416311035e-12,1.125141646518557e-12,3.8702513416311035e-12,0.204733594918883,-1.989197737631991,0.20473359491614396,-1.9891977376321868,2.7390312240527237e-12,1.9584334154387761e-13,2.7460237910045197e-12,3.856137631430556e-12,-29.282217724165612,4.195754854663392e-12,-4.195754854663392e-12,-1.4328678565904452e-13,-29.28221772415953,1.886490963443066e-12,1.886490963443066e-12,6.44244565494942e-14
low_energy_small_angles,rk45_strict,RK45,1e-08,1e-10,0.09011264080100126,0.0851867972809937,0.11941555083339939,0.0851867972801117,0.11941555083370778,8.8198892633784e-13,3.0839220066525286e-13,8.8198892633784e-13,0.2042157448986012,-1.98925223044992,0.2042157448980286,-1.9892522304499585,5.725975249504245e-13,3.8413716652030416e-14,5.73884604434005e-13,8.787970351420427e-13,-29.282217724156805,4.61142235508305e-12,4.61142235508305e-12,1.5748200489876359e-13,-29.282217724150733,1.0683010032153106e-11,1.0683010032153106e-11,3.648292671267967e-13
low_energy_small_angles,rk45_strict,RK45,1e-08,1e-10,0.0951188986232791,0.08495051153625977,0.11910175332014127,0.08495051153696898,0.1191017533199132,7.0921046813055e-13,2.280675648336228e-13,7.0921046813055e-13,0.20366874495742748,-1.9893096411478384,0.2036687449579077,-1.989309641147805,4.802269693016115e-13,3.3306690738754696e-14,4.813805954674305e-13,7.066569551739121e-13,-29.282217724155917,5.4996007747831754e-12,5.4996007747831754e-12,1.8781366994089833e-13,-29.282217724153398,8.01847477305273e-12,8.01847477305273e-12,2.738342720003925e-13
low_energy_small_angles,rk45_strict,RK45,1e-08,1e-10,0.10012515644555695,0.08470172037781604,0.11877123857481496,0.08470172037737098,0.118771238574737,4.4506065499660963e-13,7.796541190430162e-14,4.4506065499660963e-13,0.203092668562032,-1.989369937486928,0.20309266856151112,-1.989369937486975,5.208888875785078e-13,4.707345624410664e-14,5.230116093219549e-13,5.208888875785078e-13,-29.282217724165804,4.387601393318619e-12,-4.387601393318619e-12,-1.4983842530814562e-13,-29.2822177241679,6.483702463810914e-12,-6.483702463810914e-12,-2.2142115480758363e-13
low_energy_small_angles,rk45_strict,RK45,1e-08,1e-10,0.1051314142678348,0.08444046559338256,0.11842404534489819,0.08444046559111908,0.11842404534520327,2.2634810692423457e-12,3.05089287166993e-13,2.2634810692423457e-12,0.20248759312110437,-1.9894330856003621,0.20248759311915188,-1.989433085600517,1.9524937222570315e-12,1.5476508963274682e-13,1.95861787197558e-12,2.2554180745260055e-12,-29.28221772417929,1.787370251804532e-11,-1.787370251804532e-11,-6.103944273079196e-13,-29.28221772418338,2.1962875962344697e-11,-2.1962875962344697e-11,-7.50041413161908e-13
low_energy_small_angles,rk45_strict,RK45,1e-08,1e-10,0.11013767209011265,0.08416679103823607,0.1180602143858062,0.08416679103333202,0.11806021438676241,4.904049388798626e-12,9.562073355340317e-13,4.904049388798626e-12,0.2018535999853227,-1.989499050010863,0.20185359998138558,-1.9894990500111622,3.937128401076961e-12,2.993161274389422e-13,3.948489608788641e-12,4.88668827625105e-12,-29.28221772418124,1.9824142327706795e-11,-1.9824142327706795e-11,-6.770027637404475e-13,-29.282217724182534,2.1117330106790178e-11,-2.1117330106790178e-11,-7.211656680417956e-13
low_energy_small_angles,rk45_strict,RK45,1e-08,1e-10,0.11514392991239049,0.08388074260373378,0.11767978846851485,0.0838807425962936,0.11767978847013037,7.440173477313294e-12,1.6155271564954887e-12,7.440173477313294e-12,0.2011907744274242,-1.9895677936505702,0.20119077442161454,-1.9895677936510041,5.809658309985366e-12,4.338751580235112e-13,5.8258370498609e-12,7.414013847295564e-12,-29.28221772417048,9.062972594620078e-12,-9.062972594620078e-12,-3.095043100899429e-13,-29.282217724168124,6.707523425575346e-12,-6.707523425575346e-12,-2.290647343982016e-13
low_energy_small_angles,rk45_strict,RK45,1e-08,1e-10,0.12015018773466835,0.08358236824303597,0.11728281237410823,0.08358236823601115,0.11728281237563372,7.0248251660132155e-12,1.5254880691983885e-12,7.0248251660132155e-12,0.20049920566644247,-1.9896392778784648,0.2004992056609572,-1.9896392778788727,5.485278897765511e-12,4.078959392472825e-13,5.500423954889845e-12,7.000303114956807e-12,-29.28221772415907,2.3447910280083306e-12,2.3447910280083306e-12,8.007559571123572e-14,-29.282217724154194,7.222666909001418e-12,7.222666909001418e-12,2.4665710012263975e-13
low_energy_small_angles,rk45_strict,RK45,1e-08,1e-10,0.1251564455569462,0.08327171791226479,0.11686933290793515,0.08327171790695942,0.11686933290896816,5.305367256625004e-12,1.033007013262477e-12,5.305367256625004e-12,0.19977898682730266,-1.9897134625033996,0.19977898682304163,-1.9897134625037203,4.261035968511351e-12,3.206324095117452e-13,4.2730823379589555e-12,5.286993065567458e-12,-29.282217724158155,3.26139115713886e-12,3.26139115713886e-12,1.1137787403471878e-13,-29.282217724153263,8.15347789284715e-12,8.15347789284715e-12,2.7844468508679695e-13
low_energy_small_angles,rk45_strict,RK45,1e-08,1e-10,0.13016270337922403,0.08294884355975478,0.11643939890215553,0.08294884355608545,0.11643939890262653,3.669328729749566e-12,4.709982404094148e-13,3.669328729749566e-12,0.19903021493695267,-1.9897903058052462,0.19903021493376374,-1.9897903058054955,3.1889213492064528e-12,2.4935609133081016e-13,3.1986556288085285e-12,3.6567138206322625e-12,-29.28221772417094,9.524825372864143e-12,-9.524825372864143e-12,-3.25276775911853e-13,-29.28221772416895,7.535305712735862e-12,-7.535305712735862e-12,-2.5733384621747116e-13
low_energy_small_angles,rk45_strict,RK45,1e-08,1e-10,0.13516896120150187,0.08261379912605295,0.11599306121574054,0.08261379912280847,0.11599306121589881,3.244474133801134e-12,1.5826229216031606e-13,3.244474133801134e-12,0.19825299092881837,-1.9898697645562478,0.19825299092574217,-1.9898697645564973,3.0762059566313837e-12,2.495781359357352e-13,3.086313712756946e-12,3.233413536918306e-12,-29.282217724189326,2.7910118660656735e-11,-2.7910118660656735e-11,-9.531422422840423e-13,-29.28221772419237,3.0954794283388765e-11,-3.0954794283388765e-11,-1.05711919004848e-12
low_energy_small_angles,rk45_strict,RK45,1e-08,1e-10,0.14017521902377972,0.08226664054125539,0.11553037273502156,0.08226664053823245,0.11553037273503353,3.022943007024992e-12,1.1962653090336062e-14,3.022943007024992e-12,0.19744741964528598,-1.9899517940433304,0.19744741964228513,-1.9899517940435776,3.0008495688349512e-12,2.4713564528155985e-13,3.011008827942164e-12,3.0127150774106326e-12,-29.2822177241953,3.388223035472038e-11,-3.388223035472038e-11,-1.1570923580273563e-12,-29.28221772420294,4.1524117477820255e-11,-4.1524117477820255e-11,-1.4180660040498835e-12
low_energy_small_angles,rk45_strict,RK45,1e-08,1e-10,0.1451814768460576,0.0819074256790745,0.11505138838348639,0.08190742567422324,0.11505138838389607,4.8512582839777e-12,4.096861738744906e-13,4.8512582839777e-12,0.19661360980637654,-1.9900363480936898,0.19661360980194853,-1.9900363480940397,4.428013511414974e-12,3.4994229736184934e-13,4.441819814980844e-12,4.834993516666941e-12,-29.28221772418337,2.1952217821308295e-11,-2.1952217821308295e-11,-7.496774331814023e-13,-29.28221772419071,2.929212428171013e-11,-2.929212428171013e-11,-1.0003383130896039e-12
low_energy_small_angles,rk45_strict,RK45,1e-08,1e-10,0.15018773466833543,0.08153621440062508,0.11455616511374915,0.08153621438828317,0.11455616511573587,1.2341919153335823e-11,1.986716346991102e-12,1.2341919153335823e-11,0.19575167405025287,-1.9901233790958244,0.19575167403992566,-1.9901233790966026,1.032721130833636e-11,7.782663402622347e-13,1.0356495155380296e-11,1.2300910290363731e-11,-29.28221772416703,5.6132876125047915e-12,-5.6132876125047915e-12,-1.9169612306629158e-13,-29.282217724169914,8.498091119690798e-12,-8.498091119690798e-12,-2.9021337112314524e-13
low_energy_small_angles,rk45_strict,RK45,1e-08,1e-10,0.15519399249061328,0.08115306848127958,0.11404476192260056,0.08115306846432349,0.11404476192552489,1.695608931040482e-11,2.9243274468626623e-12,1.695608931040482e-11,0.19486172888023567,-1.990212838028277,0.19486172886624073,-1.990212838029319,1.3994944092488026e-11,1.0418332863082469e-12,1.4033669397143618e-11,1.69002867256296e-11,-29.282217724160628,7.887024366937112e-13,7.887024366937112e-13,2.6934518557415653e-14,-29.2822177241574,4.014566457044566e-12,4.014566457044566e-12,1.3709912599044904e-13
low_energy_small_angles,rk45_strict,RK45,1e-08,1e-10,0.16020025031289112,0.08075805158351576,0.1135172398565493,0.0807580515682202,0.11351723985902329,1.529555648804859e-11,2.4739932324990832e-12,1.529555648804859e-11,0.19394389464832107,-1.9903046744863935,0.19394389463553346,-1.990304674487347,1.2787604308783784e-11,9.534595335480844e-13,1.2823100601654006e-11,1.5245693596455112e-11,-29.282217724171407,9.990230864787009e-12,-9.990230864787009e-12,-3.411705683939316e-13,-29.28221772416434,2.9238833576528123e-12,-2.9238833576528123e-12,-9.985184131870758e-14
low_energy_small_angles,rk45_strict,RK45,1e-08,1e-10,0.16520650813516896,0.08035122925691662,0.11297366201182188,0.08035122924781397,0.11297366201277946,9.10264918996262e-12,9.575812365270053e-13,9.10264918996262e-12,0.19299829556036133,-1.9903988367082368,0.19299829555223952,-1.9903988367088596,8.121808781069717e-12,6.228351168147128e-13,8.145655373203482e-12,9.073283790961284e-12,-29.28221772419467,3.325340003357269e-11,-3.325340003357269e-11,-1.1356175391775249e-12,-29.28221772418981,2.8393287720973603e-11,-2.8393287720973603e-11,-9.696426680669635e-13
low_energy_small_angles,rk45_strict,RK45,1e-08,1e-10,0.1702127659574468,0.07993266893817048,0.1124140935343628,0.07993266893291019,0.11241409353412997,5.260292201825223e-12,2.3282764605170314e-13,5.260292201825223e-12,0.19202505968134823,-1.9904952716012536,0.19202505967587336,-1.9904952716017,5.47487055690965e-12,4.4630965589931293e-13,5.493031942731186e-12,5.47487055690965e-12,-29.282217724213265,5.184830342841451e-11,-5.184830342841451e-11,-1.7706412784996577e-12,-29.282217724218746,5.7330140634803683e-11,-5.7330140634803683e-11,-1.9578483151397135e-12
low_energy_small_angles,rk45_strict,RK45,1e-08,1e-10,0.17521902377972465,0.07950243992238219,0.11183860162454906,0.0795024399286257,0.11183860162225458,6.2435057124332616e-12,2.2944840472050032e-12,6.2435057124332616e-12,0.1910243189168799,-1.9905939247714282,0.19102431892082355,-1.9905939247711883,3.943650961346634e-12,2.398081733190338e-13,3.9509354417556414e-12,6.223785375958357e-12,-29.2822177242079,4.6483705773425754e-11,-4.6483705773425754e-11,-1.5874380216451639e-12,-29.28221772422554,6.412292918867024e-11,-6.412292918867024e-11,-2.18982488938196e-12
low_energy_small_angles,rk45_strict,RK45,1e-08,1e-10,0.18022528160200252,0.07906061334735003,0.11124725554084135,0.07906061334828456,0.11124725553931507,9.345302309782255e-13,1.526279103103434e-12,1.526279103103434e-12,0.1899962090065817,-1.9906947405522062,0.18999620900599645,-1.9906947405523021,5.852540674311513e-13,9.592326932761353e-14,5.93062894677457e-13,9.316020177507767e-13,-29.28221772418742,2.6002311415140866e-11,-2.6002311415140866e-11,-8.879898257735368e-13,-29.28221772420694,4.552447308014962e-11,-4.552447308014962e-11,-1.5546798233996585e-12
low_energy_small_angles,rk45_strict,RK45,1e-08,1e-10,0.18523153942428036,0.07860726221526274,0.11064012659693298,0.07860726219672559,0.11064012659856007,1.8537144041985698e-11,1.6270873537393982e-12,1.8537144041985698e-11,0.18894086954845113,-1.9907976620318886,0.18894086953158834,-1.9907976620331644,1.6862788942972884e-11,1.2758682998992299e-12,1.6910987282058263e-11,1.847991204506627e-11,-29.282217724169463,8.046896482483135e-12,-8.046896482483135e-12,-2.748048852817408e-13,-29.282217724181262,1.9845458609779598e-11,-1.9845458609779598e-11,-6.777307237014587e-13
low_energy_small_angles,rk45_strict,RK45,1e-08,1e-10,0.1902377972465582,0.07814246128839861,0.1100172881783853,0.07814246125660122,0.11001728818226822,3.179738417014022e-11,3.882921761899638e-12,3.179738417014022e-11,0.18785844391703904,-1.9909026310894764,0.18785844388919815,-1.990902631091532,2.7840896255071357e-11,2.05568895239594e-12,2.791668607400687e-11,3.170035067778798e-11,-29.28221772416857,7.155165349104209e-12,-7.155165349104209e-12,-2.443518935794375e-13,-29.282217724167648,6.231459792616079e-12,-6.231459792616079e-12,-2.1280696193561737e-13
low_energy_small_angles,rk45_strict,RK45,1e-08,1e-10,0.19524405506883605,0.07766628708573564,0.10937881574317104,0.07766628705547353,0.10937881574690311,3.026211226053732e-11,3.732070208428695e-12,3.026211226053732e-11,0.18674907926629666,-1.9910095884249164,0.18674907923983552,-1.991009588426857,2.6461138835642828e-11,1.9406698470447736e-12,2.6532208123983836e-11,3.017089356127656e-11,-29.282217724188687,2.7270630198472645e-11,-2.7270630198472645e-11,-9.313034434537052e-13,-29.28221772417771,1.6292744930979097e-11,-1.6292744930979097e-11,-5.564040635329197e-13
low_energy_small_angles,rk45_strict,RK45,1e-08,1e-10,0.2002503128911139,0.07717881788295158,0.10872478682167425,0.0771788178658142,0.1087247868231132,1.713738873032611e-11,1.4389600622166654e-12,1.713738873032611e-11,0.18561292653532518,-1.9911184735898129,0.18561292651966926,-1.991118473590978,1.5655921004054107e-11,1.1650680420416393e-12,1.5699211637141827e-11,1.7086373982344583e-11,-29.28221772421977,5.835332217429823e-11,-5.835332217429823e-11,-1.9927903932682526e-12,-29.282217724209435,4.801847808266757e-11,-4.801847808266757e-11,-1.6398511388379729e-12
low_energy_small_angles,rk45_strict,RK45,1e-08,1e-10,0.20525657071339173,0.07668013371242395,0.10805528101669035,0.07668013370500452,0.10805528101573189,7.419426184540612e-12,9.584555371588976e-13,7.419426184540612e-12,0.1844501404541832,-1.99122922501881,0.18445014044583272,-1.9912292250194814,8.350486968566884e-12,6.714628852932947e-13,8.377439645770761e-12,8.350486968566884e-12,-29.282217724238915,7.749889618935413e-11,-7.749889618935413e-11,-2.6466197649165094e-12,-29.282217724245545,8.412825991399586e-11,-8.412825991399586e-11,-2.873015312791003e-12
low_energy_small_angles,rk45_strict,RK45,1e-08,1e-10,0.2102628285356696,0.07617031630940962,0.10737038000894646,0.07617031633085931,0.10737038000419352,2.1449689246999526e-11,4.752934157359334e-12,2.1449689246999526e-11,0.1832608795015685,-1.9913417800651378,0.1832608795182304,-1.991341780064015,1.6661894086666962e-11,1.1228795671058833e-12,1.6699687813774585e-11,2.13874890020449e-11,-29.282217724227642,6.622613568652014e-11,-6.622613568652014e-11,-2.261650272201735e-12,-29.282217724256903,9.548628554512106e-11,-9.548628554512106e-11,-3.260896645349822e-12
low_energy_small_angles,rk45_strict,RK45,1e-08,1e-10,0.21526908635794745,0.07564944913849897,0.1066701675556362,0.07564944915749361,0.1066701675506334,1.899463919485811e-11,5.0028037268390335e-12,1.899463919485811e-11,0.18204530593563228,-1.991456075031343,0.18204530594959825,-1.99145607503044,1.396596727154531e-11,9.030554082301023e-13,1.3995133114772735e-11,1.8940321533378324e-11,-29.282217724200578,3.916156288141792e-11,-3.916156288141792e-11,-1.3373837750378052e-12,-29.282217724236723,7.530687184953422e-11,-7.530687184953422e-11,-2.5717612155925208e-12
low_energy_small_angles,rk45_strict,RK45,1e-08,1e-10,0.2202753441802253,0.07511761737599788,0.10595472949311033,0.07511761736133736,0.10595472949148636,1.4660522795750808e-11,1.62396485148264e-12,1.4660522795750808e-11,0.18080358578502115,-1.9915720452035932,0.18080358576878708,-1.9915720452048653,1.6234069644127658e-11,1.2720935416155044e-12,1.628383367604223e-11,1.6234069644127658e-11,-29.28221772417851,1.709210550870921e-11,-1.709210550870921e-11,-5.83702562070841e-13,-29.282217724205534,4.411759846334462e-11,-4.411759846334462e-11,-1.506634465972917e-12
low_energy_small_angles,rk45_strict,RK45,1e-08,1e-10,0.22528160200250313,0.07457490780031988,0.10522415374789638,0.07457490775686251,0.10522415374975135,4.345736270838785e-11,1.8549606295437115e-12,4.345736270838785e-11,0.1795358887564936,-1.9916896248925453,0.1795358887150017,-1.9916896248955882,4.149189325453051e-11,3.042899265892629e-12,4.160332248496175e-11,4.333658432109644e-11,-29.282217724177798,1.638156277294911e-11,-1.638156277294911e-11,-5.594372300371332e-13,-29.28221772418535,2.3934632054078975e-11,-2.3934632054078975e-11,-8.17377709555447e-13
low_energy_small_angles,rk45_strict,RK45,1e-08,1e-10,0.23028785982478098,0.07402140879157004,0.1044785303367404,0.07402140874213471,0.10447853034006642,4.943533082890639e-11,3.3260200149598518e-12,4.943533082890639e-11,0.1782423882405133,-1.9918087474675796,0.1782423881945212,-1.9918087474708885,4.5992099018121735e-11,3.3089087025928166e-12,4.6110975362648844e-11,4.9299966886628965e-11,-29.2822177242027,4.128253294766182e-11,-4.128253294766182e-11,-1.4098157911584229e-12,-29.282217724191177,2.9761082487311796e-11,-2.9761082487311796e-11,-1.016353432231851e-12
low_energy_small_angles,rk45_strict,RK45,1e-08,1e-10,0.23529411764705882,0.07345721033154509,0.10371795136660691,0.07345721029881332,0.10371795136870886,3.2731775623240367e-11,2.1019436191593854e-12,3.2731775623240367e-11,0.17692326131723032,-1.9919293453915958,0.17692326128667746,-1.9919293453937805,3.055286579289884e-11,2.184696867857383e-12,3.0630875086476295e-11,3.2643512892782667e-11,-29.282217724242038,8.062173151301977e-11,-8.062173151301977e-11,-2.753265899204655e-12,-29.28221772422408,6.266276386668324e-11,-6.266276386668324e-11,-2.1399596320526904e-12
low_energy_small_angles,rk45_strict,RK45,1e-08,1e-10,0.2403003754693367,0.0728824040037333,0.10294251103467894,0.0728824039921514,0.10294251103359514,1.1581902104040864e-11,1.0837997166390778e-12,1.1581902104040864e-11,0.1755786887624709,-1.9920513502563835,0.17557868874984167,-1.9920513502573383,1.2629230994321006e-11,9.547918011776346e-13,1.2665271528534806e-11,1.2629230994321006e-11,-29.282217724270527,1.0911094250332098e-10,-1.0911094250332098e-10,-3.726184387096169e-12,-29.282217724268765,1.0734879651863594e-10,-1.0734879651863594e-10,-3.6660063636525736e-12
low_energy_small_angles,rk45_strict,RK45,1e-08,1e-10,0.24530663329161453,0.07229708294881265,0.10215230562909522,0.07229708297099581,0.10215230562428095,2.2183158088218136e-11,4.814273979469874e-12,2.2183158088218136e-11,0.17420885501007616,-1.9921746928216983,0.17420885502741218,-1.992174692820587,1.7336021507219357e-11,1.1113332476497817e-12,1.7371606237941958e-11,2.2125204446332702e-11,-29.282217724262512,1.0109602044394705e-10,-1.0109602044394705e-10,-3.452471441755945e-12,-29.282217724295684,1.3426770806290733e-10,-1.3426770806290733e-10,-4.585298467749594e-12
low_energy_small_angles,rk45_strict,RK45,1e-08,1e-10,0.2503128911138924,0.07170134185033787,0.1013474335292905,0.07170134190233461,0.10134743352215632,5.1996740246806894e-11,7.1341821339387934e-12,5.1996740246806894e-11,0.17281394814394024,-1.9922993030526128,0.17281394818870582,-1.9922993030496097,4.476558013166709e-11,3.0031532816110484e-12,4.486620213654771e-11,5.1863138783581064e-11,-29.28221772423063,6.921396789039136e-11,-6.921396789039136e-11,-2.3636859934034763e-12,-29.282217724282283,1.2086687206647184e-10,-1.2086687206647184e-10,-4.127654305593865e-12
low_energy_small_angles,rk45_strict,RK45,1e-08,1e-10,0.2553191489361702,0.07109527698780173,0.10052799520732802,0.07109527700243563,0.10052799520042843,1.463390519873542e-11,6.899592008835498e-12,1.463390519873542e-11,0.17139415995822335,-1.9924251101524695,0.17139415996595553,-1.9924251101521224,7.732176010577518e-12,3.4705571749782393e-13,7.739960822226324e-12,1.4596934772015402e-11,-29.282217724199043,3.7626790572176105e-11,-3.7626790572176105e-11,-1.2849706578449964e-12,-29.282217724247523,8.610712143308774e-11,-8.610712143308774e-11,-2.9405942625048792e-12
low_energy_small_angles,rk45_strict,RK45,1e-08,1e-10,0.26032540675844806,0.07047898607090142,0.09969409323182479,0.0704789860362368,0.09969409322699689,3.466461839796153e-11,4.827901967097148e-12,3.466461839796153e-11,0.16994968580188682,-1.9925520426117043,0.16994968576250435,-1.992552042614626,3.938246950774271e-11,2.921662911603562e-12,3.949069534329985e-11,3.938246950774271e-11,-29.282217724188918,2.7501556587594678e-11,-2.7501556587594678e-11,-9.391896763646602e-13,-29.282217724216213,5.4797055781818926e-11,-5.4797055781818926e-11,-1.871342406439545e-12
low_energy_small_angles,rk45_strict,RK45,1e-08,1e-10,0.26533166458072593,0.06985256823383466,0.09884583226806176,0.06985256817177837,0.0988458322660751,6.205629066169394e-11,1.9866608358398707e-12,6.205629066169394e-11,0.1684807245790028,-1.9926800282457962,0.16848072451512086,-1.9926800282503234,6.388192752559974e-11,4.527267449816463e-12,6.40421487377504e-11,6.388192752559974e-11,-29.28221772420973,4.831335331800801e-11,-4.831335331800801e-11,-1.6499212516319615e-12,-29.282217724209058,4.764189043271472e-11,-4.764189043271472e-11,-1.6269905128601077e-12
low_energy_small_angles,rk45_strict,RK45,1e-08,1e-10,0.27033792240300375,0.06921612403529975,0.09798331907798377,0.0692161239792345,0.09798331907819652,5.6065249665060435e-11,2.1274648709379562e-13,5.6065249665060435e-11,0.16698747875460773,-1.9928089942332925,0.16698747869888844,-1.9928089942371492,5.571929029279943e-11,3.856692742942869e-12,5.585260414382413e-11,5.593099594580764e-11,-29.28221772425467,9.325518135483435e-11,-9.325518135483435e-11,-3.1847035027639795e-12,-29.28221772423408,7.266365287250665e-11,-7.266365287250665e-11,-2.4814941804271277e-12
low_energy_small_angles,rk45_strict,RK45,1e-08,1e-10,0.2753441802252816,0.06856975545849553,0.0971066625201996,0.06856975543091319,0.09710666252021452,2.7582339190423966e-11,1.491862189340054e-14,2.7582339190423966e-11,0.1654701543605143,-1.9929388671543022,0.16547015433301163,-1.9929388671561905,2.7502666810619303e-11,1.8882673202824662e-12,2.7567412558468147e-11,2.7517516043573664e-11,-29.28221772430058,1.3916334751229442e-10,-1.3916334751229442e-10,-4.75248660546184e-12,-29.282217724282493,1.2107648217352107e-10,-1.2107648217352107e-10,-4.134812578543809e-12
low_energy_small_angles,rk45_strict,RK45,1e-08,1e-10,0.28035043804755944,0.0679135659041487,0.09621597354932361,0.06791356590125631,0.09621597354530254,2.8923807793290734e-12,4.021075139526431e-12,4.021075139526431e-12,0.16392896099346232,-1.9930695730299837,0.16392896098657417,-1.993069573030566,6.888156711681859e-12,5.824229987183571e-13,6.912736030988303e-12,6.888156711681859e-12,-29.282217724313313,1.5189627333711542e-10,-1.5189627333711542e-10,-5.187321355505884e-12,-29.282217724329076,1.6765966392995324e-10,-1.6765966392995324e-10,-5.725647746673692e-12
low_energy_small_angles,rk45_strict,RK45,1e-08,1e-10,0.2853566958698373,0.06724766008627696,0.09531136520478949,0.06724766015554978,0.09531136520167757,6.92728235884843e-11,3.1119135046608903e-12,6.92728235884843e-11,0.1623641117056871,-1.9932010373699802,0.16236411177170557,-1.9932010373656217,6.6018468469764e-11,4.3585135500734395e-12,6.61621857215993e-11,6.911625438643654e-11,-29.2822177242863,1.248849912371952e-10,-1.248849912371952e-10,-4.264874758244482e-12,-29.282217724338768,1.77351466845721e-10,-1.77351466845721e-10,-6.056626875613466e-12
low_energy_small_angles,rk45_strict,RK45,1e-08,1e-10,0.2903629536921152,0.06657214418498662,0.0943929526256881,0.06657214424971061,0.09439295261958584,6.472399005641449e-11,6.102257588125326e-12,6.472399005641449e-11,0.16077582317776423,-1.9933331852002545,0.16077582323626977,-1.9933331851965241,5.850553375097434e-11,3.730349362740526e-12,5.862433782870811e-11,6.458061863057196e-11,-29.282217724245022,8.360601100321219e-11,-8.360601100321219e-11,-2.8551802937462275e-12,-29.282217724309756,1.4834000694463612e-10,-1.4834000694463612e-10,-5.065873368677176e-12
low_energy_small_angles,rk45_strict,RK45,1e-08,1e-10,0.295369211514393,0.06588712567726472,0.09346085304038507,0.06588712568548673,0.0934608530298522,8.222006409042137e-12,1.0532866245860362e-11,1.0532866245860362e-11,0.1591643155450166,-1.9934659411155822,0.15916431554273386,-1.9934659411160238,2.2827295609317844e-12,4.4164671919588727e-13,2.325060445005314e-12,8.204173451709096e-12,-29.28221772421633,5.491429533321934e-11,-5.491429533321934e-11,-1.875346186225107e-12,-29.28221772426878,1.0736300737335114e-10,-1.0736300737335114e-10,-3.666491670293248e-12
low_energy_small_angles,rk45_strict,RK45,1e-08,1e-10,0.30037546933667086,0.06519271327031013,0.09251518576091336,0.06519271322371979,0.09251518574902881,4.6590342694941e-11,1.1884548900553682e-11,4.6590342694941e-11,0.1575298123308691,-1.9935992293245763,0.15752981227254398,-1.9935992293287095,5.832512250947275e-11,4.133138276074533e-12,5.847138400751394e-11,5.832512250947275e-11,-29.28221772421891,5.7493565464028507e-11,-5.7493565464028507e-11,-1.963429341507466e-12,-29.282217724242404,8.098766102193622e-11,-8.098766102193622e-11,-2.7657625452020144e-12
low_energy_small_angles,rk45_strict,RK45,1e-08,1e-10,0.3053817271589487,0.06448901690153365,0.09155607218297347,0.06448901683161745,0.0915560721740619,6.991619783125458e-11,8.911565929636822e-12,6.991619783125458e-11,0.1558725404522129,-1.9937329736899607,0.1558725403735678,-1.9937329736952814,7.864511819555275e-11,5.3206328232136e-12,7.882489295667911e-11,7.864511819555275e-11,-29.2822177242561,9.468337225371215e-11,-9.468337225371215e-11,-3.2334768201517323e-12,-29.28221772424811,8.669331919008982e-11,-8.669331919008982e-11,-2.9606131614326883e-12
low_energy_small_angles,rk45_strict,RK45,1e-08,1e-10,0.31038798498122655,0.06377614773855797,0.09058363578593318,0.06377614768275325,0.09058363578229167,5.5804721954544334e-11,3.641503765194898e-12,5.5804721954544334e-11,0.15419273022467878,-1.9938670977691924,0.15419273016536092,-1.9938670977730784,5.931785618251695e-11,3.886002630792973e-12,5.944500886143676e-11,5.931785618251695e-11,-29.28221772431328,1.518642989140062e-10,-1.518642989140062e-10,-5.186229415564367e-12,-29.28221772428763,1.262137061530666e-10,-1.262137061530666e-10,-4.310250929147515e-12
low_energy_small_angles,rk45_strict,RK45,1e-08,1e-10,0.31539424280350437,0.06305421817921766,0.08959800213282774,0.0630542181570667,0.08959800213145235,2.2150961620504006e-11,1.3753997940568752e-12,2.2150961620504006e-11,0.1524906153678136,-1.9940015248554168,0.1524906153443368,-1.9940015248569358,2.3476803834299176e-11,1.5190071422921392e-12,2.352589426509647e-11,2.3476803834299176e-11,-29.28221772435981,1.9839418996525637e-10,-1.9839418996525637e-10,-6.775244683791722e-12,-29.282217724344804,1.8338752738600306e-10,-1.8338752738600306e-10,-6.262760871239813e-12
low_energy_small_angles,rk45_strict,RK45,1e-08,1e-10,0.32040050062578224,0.06232334182329361,0.08859929886322104,0.062323341840863224,0.08859929885967209,1.756961243160049e-11,3.5489527983045832e-12,1.756961243160049e-11,0.1507664329748321,-1.9941361780211406,0.15076643298883258,-1.9941361780203604,1.4000467452035537e-11,7.8026474170656e-13,1.4022193193029998e-11,1.7535500829168882e-11,-29.282217724360336,1.9891999158971885e-10,-1.9891999158971885e-10,-6.793201029496666e-12,-29.282217724388108,2.2669155441690236e-10,-2.2669155441690236e-10,-7.741611532034135e-12
low_energy_small_angles,rk45_strict,RK45,1e-08,1e-10,0.3254067584480601,0.06158363340053322,0.08758765567032589,0.06158363348960556,0.08758765567521817,8.907233978172613e-11,4.892281024737599e-12,8.907233978172613e-11,0.14902042342293467,-1.9942709801661074,0.1490204235167117,-1.9942709801601974,9.377701393198379e-11,5.909939204684633e-12,9.396305509828078e-11,9.377701393198379e-11,-29.28221772432414,1.6272494463009934e-10,-1.6272494463009934e-10,-5.557125015699591e-12,-29.282217724384125,2.22708962382967e-10,-2.22708962382967e-10,-7.605604345985202e-12
low_energy_small_angles,rk45_strict,RK45,1e-08,1e-10,0.3304130162703379,0.06083520891389761,0.08656320434065445,0.06083520897811394,0.08656320433729778,6.421632670061683e-11,3.356676048227314e-12,6.421632670061683e-11,0.1472528305606022,-1.99440585404651,0.14725283062135563,-1.994405854042896,6.075343006450851e-11,3.6139979897598096e-12,6.086082685991963e-11,6.409753283698194e-11,-29.28221772428036,1.1894485396624077e-10,-1.1894485396624077e-10,-4.0620165824426845e-12,-29.282217724345784,1.84368076361352e-10,-1.84368076361352e-10,-6.29624702944633e-12
low_energy_small_angles,rk45_strict,RK45,1e-08,1e-10,0.3354192740926158,0.060078185419692176,0.08552607870950642,0.060078185419144794,0.08552607869404606,5.473815845036256e-13,1.5460355218266386e-11,1.5460355218266386e-11,0.14546390144851276,-1.9945407223343514,0.14546390143256252,-1.9945407223357048,1.5950241127882236e-11,1.3533618670180658e-12,1.600755385374932e-11,1.5950241127882236e-11,-29.282217724256125,9.470824124946375e-11,-9.470824124946375e-11,-3.234326106772912e-12,-29.28221772430294,1.4152234939501795e-10,-1.4152234939501795e-10,-4.83304750781375e-12
low_energy_small_angles,rk45_strict,RK45,1e-08,1e-10,0.3404255319148936,0.05931268100131438,0.08447641465495062,0.05931268094584113,0.08447641463370385,5.5473250992754686e-11,2.1246768233673663e-11,5.5473250992754686e-11,0.14365388633187834,-1.9946755076610652,0.14365388625533163,-1.9946755076661464,7.654671341228436e-11,5.0812687391044165e-12,7.671517859081992e-11,7.654671341228436e-11,-29.282217724267607,1.0619061185934697e-10,-1.0619061185934697e-10,-3.62645387243763e-12,-29.282217724282127,1.2071055266460462e-10,-1.2071055266460462e-10,-4.122315932546449e-12
low_energy_small_angles,rk45_strict,RK45,1e-08,1e-10,0.3454317897371715,0.058538814769253746,0.08341435009782489,0.05853881469476933,0.08341435008037336,7.44844186328919e-11,1.7451526335143797e-11,7.44844186328919e-11,0.14182303864484158,-1.9948101326591603,0.14182303855309392,-1.994810132664972,9.174766502084708e-11,5.8117954893077695e-12,9.193155608161489e-11,9.174766502084708e-11,-29.282217724314034,1.5261747421391192e-10,-1.5261747421391192e-10,-5.211950667520097e-12,-29.282217724297755,1.3633894013764802e-10,-1.3633894013764802e-10,-4.656031910627852e-12
low_energy_small_angles,rk45_strict,RK45,1e-08,1e-10,0.3504380475594493,0.05775670686109187,0.0823400250017362,0.05775670680591922,0.08234002499401821,5.517265116994352e-11,7.717992911437932e-12,5.517265116994352e-11,0.1399716150147327,-1.9949445200040707,0.13997161495196023,-1.9949445200078904,6.277248165709182e-11,3.8196112939203886e-12,6.28885830960324e-11,6.277248165709182e-11,-29.282217724376274,2.148574651528179e-10,-2.148574651528179e-10,-7.337472427012732e-12,-29.282217724346825,1.8540902146924054e-10,-1.8540902146924054e-10,-6.3317957408757125e-12
low_energy_small_angles,rk45_strict,RK45,1e-08,1e-10,0.35544430538172717,0.056966478441502384,0.08125358137306055,0.056966478422703984,0.08125358137046344,1.879840033636171e-11,2.5971030881422053e-12,1.879840033636171e-11,0.13809987526618034,-1.9950785924561938,0.1380998752448239,-1.9950785924574745,2.135644439071882e-11,1.2807532812075806e-12,2.1394813529946675e-11,2.135644439071882e-11,-29.28221772441989,2.5847413098745164e-10,-2.5847413098745164e-10,-8.826999833901884e-12,-29.282217724408333,2.469171533903136e-10,-2.469171533903136e-10,-8.432324208373628e-12
low_energy_small_angles,rk45_strict,RK45,1e-08,1e-10,0.36045056320400504,0.05616825165770793,0.08015516324009463,0.056168251691960255,0.0801551632413955,3.4252323199979173e-11,1.3008760735289115e-12,3.4252323199979173e-11,0.13620808235981727,-1.9952122729072737,0.1362080823953123,-1.9952122729052466,3.5495023587017727e-11,2.027045198360611e-12,3.555285658957859e-11,3.5495023587017727e-11,-29.282217724412696,2.5127988578788063e-10,-2.5127988578788063e-10,-8.581313347060593e-12,-29.28221772444722,2.858051573184639e-10,-2.858051573184639e-10,-9.760365830578455e-12
low_energy_small_angles,rk45_strict,RK45,1e-08,1e-10,0.36545682102628285,0.055362149614540036,0.07904491663091029,0.05536214970592403,0.07904491664567091,9.13839906524494e-11,1.4760623279208573e-11,9.13839906524494e-11,0.13429650234908627,-1.9953454844256118,0.1342965024550448,-1.9953454844193896,1.0595851973604908e-10,6.222133919209227e-12,1.0614105169614289e-10,1.0595851973604908e-10,-29.282217724373673,2.1225687873993593e-10,-2.1225687873993593e-10,-7.248661311769361e-12,-29.28221772443436,2.729443338012061e-10,-2.729443338012061e-10,-9.321163320768344e-12
low_energy_small_angles,rk45_strict,RK45,1e-08,1e-10,0.3704630788485607,0.05454829646003808,0.07792298962445915,0.0545482965118073,0.07792298962183355,5.176922085459168e-11,2.6255941865116483e-12,5.176922085459168e-11,0.13236540452026865,-1.9954781502894123,0.13236540456934323,-1.9954781502867944,4.907457773484225e-11,2.617905892066119e-12,4.914435482446371e-11,5.169221994894002e-11,-29.28221772433224,1.7082513181776449e-10,-1.7082513181776449e-10,-5.833749800883859e-12,-29.28221772439101,2.2959412149248237e-10,-2.2959412149248237e-10,-7.840735413391831e-12
low_energy_small_angles,rk45_strict,RK45,1e-08,1e-10,0.37546933667083854,0.053726817177712646,0.07678953227136524,0.05372681715961371,0.07678953224653136,1.809893901416615e-11,2.4833884948449736e-11,2.4833884948449736e-11,0.1304150611095557,-1.9956101940467628,0.13041506106672218,-1.99561019404964,4.2833514513063164e-11,2.8772539906185557e-12,4.293004258170871e-11,4.2833514513063164e-11,-29.282217724314027,1.5261036878655432e-10,-1.5261036878655432e-10,-5.21170801419976e-12,-29.28221772434851,1.8709300775299198e-10,-1.8709300775299198e-10,-6.3893045777956e-12
low_energy_small_angles,rk45_strict,RK45,1e-08,1e-10,0.3804755944931164,0.052897837576132846,0.07564469658952867,0.05289783750513726,0.07564469655419986,7.099558441137077e-11,3.532880932244353e-11,7.099558441137077e-11,0.12844574729149702,-1.9957415395580715,0.12844574718537297,-1.9957415395644953,1.061240539890207e-10,6.423750420481156e-12,1.0631829289698557e-10,1.061240539890207e-10,-29.28221772433226,1.708428953861585e-10,-1.708428953861585e-10,-5.834356434184703e-12,-29.282217724332646,1.7123014117714774e-10,-1.7123014117714774e-10,-5.847581040143073e-12
low_energy_small_angles,rk45_strict,RK45,1e-08,1e-10,0.3854818523153943,0.05206148428892645,0.0744886365641257,0.05206148420517322,0.07448863653492402,8.375323351517139e-11,2.9201682738566603e-11,8.375323351517139e-11,0.12645774118205128,-1.995872111037622,0.1264577410692908,-1.9958721110441533,1.127604676298688e-10,6.531220009264871e-12,1.1294945725817416e-10,1.127604676298688e-10,-29.282217724382686,2.212701133430528e-10,-2.212701133430528e-10,-7.556467048616945e-12,-29.282217724355235,1.9381829474696133e-10,-1.9381829474696133e-10,-6.6189759454946435e-12
low_energy_small_angles,rk45_strict,RK45,1e-08,1e-10,0.3904881101376721,0.0512178847747798,0.07332150814760868,0.051217884717518036,0.07332150813443819,5.726176477427458e-11,1.3170492474401385e-11,5.726176477427458e-11,0.12445132384145739,-1.996001833095178,0.12445132377113562,-1.9960018330990743,7.032177617993796e-11,3.896216682619524e-12,7.042962948602819e-11,7.032177617993796e-11,-29.282217724443164,2.8174795829727373e-10,-2.8174795829727373e-10,-9.621810784665984e-12,-29.28221772440994,2.4852297997313144e-10,-2.4852297997313144e-10,-8.487163858769807e-12
low_energy_small_angles,rk45_strict,RK45,1e-08,1e-10,0.39549436795994997,0.05036716731743782,0.07214346925970606,0.05036716730096936,0.07214346925412608,1.6468465480201644e-11,5.579980921766037e-12,1.6468465480201644e-11,0.12242677927692187,-1.9961306307776265,0.12242677925490883,-1.996130630778858,2.2013044165269946e-11,1.2314593789142236e-12,2.2047462566564006e-11,2.2013044165269946e-11,-29.282217724477665,3.162483608321054e-10,-3.162483608321054e-10,-1.0800013981562665e-11,-29.28221772447267,3.112532453997119e-10,-3.112532453997119e-10,-1.0629428697365699e-11
low_energy_small_angles,rk45_strict,RK45,1e-08,1e-10,0.4005006257822278,0.04950946096287068,0.0709546797396681,0.04950946101532606,0.07095467975102084,5.245538031717345e-11,1.1352738193970424e-11,5.245538031717345e-11,0.12038439433472803,-1.9962584296171362,0.12038439439844331,-1.9962584296137353,6.37152830496035e-11,3.4008351690317795e-12,6.380597913940366e-11,6.37152830496035e-11,-29.282217724462633,3.0121682925710047e-10,-3.0121682925710047e-10,-1.0286680882389578e-11,-29.282217724506662,3.452456098784751e-10,-3.452456098784751e-10,-1.179028218185828e-11
low_energy_small_angles,rk45_strict,RK45,1e-08,1e-10,0.40550688360450565,0.048644895561043164,0.06975530135845623,0.04864489565132357,0.0697553013824696,9.028040814929028e-11,2.4013374622100514e-11,9.028040814929028e-11,0.1183244587563902,-1.9963851556693912,0.11832445887051879,-1.9963851556633276,1.1412859546311438e-10,6.063594071292755e-12,1.1428955978323054e-10,1.1412859546311438e-10,-29.28221772442353,2.6211210979454336e-10,-2.6211210979454336e-10,-8.95123833391447e-12,-29.282217724487996,3.2657965221005725e-10,-3.2657965221005725e-10,-1.1152831909332776e-11
low_energy_small_angles,rk45_strict,RK45,1e-08,1e-10,0.41051314142678347,0.04777360175333452,0.06854549783828667,0.04777360178843903,0.06854549782934803,3.510450957699973e-11,8.938641493649868e-12,3.510450957699973e-11,0.11624726518767937,-1.9965107355542022,0.1162472652138262,-1.996510735553138,2.6146820819583638e-11,1.064259791405675e-12,2.6168471255979307e-11,3.506445828138638e-11,-29.282217724388204,2.2678747768622998e-10,-2.2678747768622998e-10,-7.744887351858686e-12,-29.28221772444272,2.8130386908742366e-10,-2.8130386908742366e-10,-9.606644952144916e-12
low_energy_small_angles,rk45_strict,RK45,1e-08,1e-10,0.41551939924906134,0.046895710814892626,0.06732543475578445,0.0468957107739516,0.0673254347109737,4.094102834528712e-11,4.481075233098153e-11,4.481075233098153e-11,0.11415310892642525,-1.9966350965107913,0.11415310884082,-1.9966350965157251,8.560524511480594e-11,4.933831121434196e-12,8.574730713381522e-11,8.560524511480594e-11,-29.28221772437908,2.176641089590703e-10,-2.176641089590703e-10,-7.433320488545878e-12,-29.28221772440245,2.4103385953822e-10,-2.4103385953822e-10,-8.231407259134526e-12
low_energy_small_angles,rk45_strict,RK45,1e-08,1e-10,0.4205256570713392,0.046011354653481315,0.06609527954120366,0.046011354562339575,0.06609527948193906,9.114173998847619e-11,5.926459323291056e-11,9.114173998847619e-11,0.11204228792221367,-1.996758166437945,0.1120422877720332,-1.996758166446051,1.5018046528592066e-10,8.105960347393193e-12,1.5039906497930476e-10,1.5018046528592066e-10,-29.28221772440493,2.4351365368602274e-10,-2.4351365368602274e-10,-8.316093267932168e-12,-29.282217724391586,2.3016966110844805e-10,-2.3016966110844805e-10,-7.860390332339135e-12
low_energy_small_angles,rk45_strict,RK45,1e-08,1e-10,0.425531914893617,0.045120665809480306,0.06485520147842737,0.04512066571454957,0.06485520143159672,9.493073688249254e-11,4.6830650468621116e-11,9.493073688249254e-11,0.10991510277781068,-1.9968798739339602,0.10991510263624435,-1.996879873941277,1.4156632810458092e-10,7.316813821489632e-12,1.4175528567750905e-10,1.4156632810458092e-10,-29.282217724457066,2.956497269224201e-10,-2.956497269224201e-10,-1.0096562005905477e-11,-29.28221772441942,2.5800517278185e-10,-2.5800517278185e-10,-8.810984714759637e-12
low_energy_small_angles,rk45_strict,RK45,1e-08,1e-10,0.4305381727158949,0.04422377745588523,0.06360537170496762,0.04422377739799651,0.06360537168405929,5.7888721594068215e-11,2.0908330622404492e-11,5.7888721594068215e-11,0.10777185675038123,-1.99700014833649,0.10777185667168306,-1.9970001483403785,7.869817297834203e-11,3.888445121447148e-12,7.879417767571122e-11,7.869817297834203e-11,-29.28221772451005,3.4863489872805076e-10,-3.4863489872805076e-10,-1.1906027815659067e-11,-29.282217724476883,3.154667638227693e-10,-3.154667638227693e-10,-1.0773322116325588e-11
low_energy_small_angles,rk45_strict,RK45,1e-08,1e-10,0.4355444305381727,0.04332082339511473,0.0623459632087012,0.0433208233865637,0.062345963198199635,8.551027941283706e-12,1.0501564895459836e-11,1.0501564895459836e-11,0.10561285574605274,-1.9971189197626116,0.10561285572702857,-1.9971189197636363,1.902417112731314e-11,1.0247358517290195e-12,1.9051749805388313e-11,1.902417112731314e-11,-29.282217724527563,3.6614622445085843e-10,-3.6614622445085843e-10,-1.2504046923629796e-11,-29.28221772453776,3.7634251270901586e-10,-3.7634251270901586e-10,-1.2852254438313502e-11
low_energy_small_angles,rk45_strict,RK45,1e-08,1e-10,0.4405506883604506,0.04241193798194742,0.06107715073558814,0.042411938060403435,0.06107715076744173,7.845601251998957e-11,3.185358921076187e-11,7.845601251998957e-11,0.10343840815161136,-1.9972361191572836,0.10343840826179101,-1.9972361191520127,1.1017965706461297e-10,5.270894831710393e-12,1.1030566242583683e-10,1.1017965706461297e-10,-29.28221772450416,3.4274449944859953e-10,-3.4274449944859953e-10,-1.170486821309963e-11,-29.28221772456468,4.0326497696696606e-10,-4.0326497696696606e-10,-1.377166786907069e-11
low_energy_small_angles,rk45_strict,RK45,1e-08,1e-10,0.4455569461827284,0.041497256239400475,0.059799110896698184,0.04149725632885453,0.05979911092735497,8.945405527427397e-11,3.065678960689766e-11,8.945405527427397e-11,0.10124882505765291,-1.9973516783206144,0.10124882517763195,-1.9973516783150713,1.199790405914669e-10,5.5431215173484816e-12,1.201070205167248e-10,1.199790405914669e-10,-29.28221772446697,3.055546926589159e-10,-3.055546926589159e-10,-1.0434820734455362e-11,-29.282217724541358,3.7994141166564077e-10,-3.7994141166564077e-10,-1.2975158345064233e-11
low_energy_small_angles,rk45_strict,RK45,1e-08,1e-10,0.45056320400500627,0.040576913713540566,0.0585120220660678,0.040576913731261356,0.05851202203955219,1.7720790113084917e-11,2.65156091527885e-11,2.65156091527885e-11,0.09904442001193334,-1.9974655299592334,0.09904442000316932,-1.9974655299600652,8.764017289664139e-12,8.317790900491673e-13,8.803400224241482e-12,1.7706204558098904e-11,-29.282217724441526,2.801101572913467e-10,-2.801101572913467e-10,-9.565879194328287e-12,-29.282217724496718,3.353015642915125e-10,-3.353015642915125e-10,-1.145068886004654e-11
low_energy_small_angles,rk45_strict,RK45,1e-08,1e-10,0.45556946182728414,0.03965104640565248,0.05721606431882473,0.039651046343202524,0.05721606424084741,6.24499549295443e-11,7.797731904624072e-11,7.797731904624072e-11,0.09682550888992321,-1.9975776077305212,0.09682550874967262,-1.9975776077374559,1.4025058892030984e-10,6.934675056413653e-12,1.404219263884091e-10,1.4025058892030984e-10,-29.28221772444508,2.836628709701472e-10,-2.836628709701472e-10,-9.687205854496826e-12,-29.282217724461372,2.999556159011263e-10,-2.999556159011263e-10,-1.0243609918029745e-11
low_energy_small_angles,rk45_strict,RK45,1e-08,1e-10,0.46057571964956195,0.03871979077223907,0.05591141943118788,0.03871979066631039,0.055911419339332386,1.0592867555336838e-10,9.18554954321138e-11,1.0592867555336838e-10,0.09459240989466483,-1.9976878462796819,0.09459240969710359,-1.9976878462889156,1.9756124514103135e-10,9.233724895807427e-12,1.9777691285164235e-10,1.9756124514103135e-10,-29.282217724479953,3.185363084412529e-10,-3.185363084412529e-10,-1.0878148350711205e-11,-29.282217724457112,2.956959122002445e-10,-2.956959122002445e-10,-1.0098139252487668e-11
low_energy_small_angles,rk45_strict,RK45,1e-08,1e-10,0.4655819774718398,0.037783283725021224,0.054598270880467335,0.037783283628271006,0.054598270814376536,9.675021894750557e-11,6.609079949981833e-11,9.675021894750557e-11,0.09234544355641601,-1.9977961812765768,0.09234544339374254,-1.997796181283838,1.6267347191512016e-10,7.261302670258374e-12,1.6283545369909002e-10,1.6267347191512016e-10,-29.282217724531385,3.6996894436924777e-10,-3.6996894436924777e-10,-1.2634594409971144e-11,-29.28221772448999,3.2857272458386433e-10,-3.2857272458386433e-10,-1.1220896165687327e-11
low_energy_small_angles,rk45_strict,RK45,1e-08,1e-10,0.47058823529411764,0.036841662630937966,0.053276803845064426,0.036841662582824196,0.05327680381662703,4.811376991264993e-11,2.8437398269520742e-11,4.811376991264993e-11,0.09008493273207971,-1.9979025494522995,0.09008493265560155,-1.9979025494555862,7.647815714051376e-11,3.2867042421003134e-12,7.654874881005017e-11,7.647815714051376e-11,-29.282217724569854,4.084377280832996e-10,-4.084377280832996e-10,-1.3948319486276083e-11,-29.282217724547895,3.864784048346337e-10,-3.864784048346337e-10,-1.3198399399774343e-11
low_energy_small_angles,rk45_strict,RK45,1e-08,1e-10,0.4755944931163955,0.03589506528717483,0.051947205166306805,0.035895065309763476,0.0519472051680087,2.2588646231280762e-11,1.701895568917422e-12,2.2588646231280762e-11,0.08781120254134975,-1.9980068886383664,0.08781120256562344,-1.9980068886374673,2.4273694165799498e-11,8.990586053414518e-13,2.42903383021029e-11,2.4273694165799498e-11,-29.282217724566056,4.0463987716066185e-10,-4.0463987716066185e-10,-1.3818621286555915e-11,-29.28221772460271,4.412932241848466e-10,-4.412932241848466e-10,-1.507034843951473e-11
low_energy_small_angles,rk45_strict,RK45,1e-08,1e-10,0.4806007509386734,0.03494362990642586,0.050609663293336306,0.03494363001044118,0.05060966335486943,1.0401531719272938e-10,6.153312581691495e-11,1.0401531719272938e-10,0.08552458029592247,-1.998109137805671,0.08552458046132863,-1.9981091377989242,1.654061609901447e-10,6.746825320647076e-12,1.6554370343025733e-10,1.654061609901447e-10,-29.282217724536185,3.7476866054930724e-10,-3.7476866054930724e-10,-1.279850672785884e-11,-29.28221772461789,4.5647396973436116e-10,-4.5647396973436116e-10,-1.55887772584149e-11
low_energy_small_angles,rk45_strict,RK45,1e-08,1e-10,0.4856070087609512,0.033987495162483054,0.049264368379693155,0.03398749524191232,0.04926436840455436,7.94292687178455e-11,2.486120337374942e-11,7.94292687178455e-11,0.08322539564027426,-1.998209237093091,0.0832253957444887,-1.9982092370891678,1.0421444263108981e-10,3.923306124420378e-12,1.0428826580135765e-10,1.0421444263108981e-10,-29.28221772450521,3.437925499838457e-10,-3.437925499838457e-10,-1.1740659577849348e-11,-29.28221772458995,4.28535429364274e-10,-4.28535429364274e-10,-1.4634664402849508e-11
low_energy_small_angles,rk45_strict,RK45,1e-08,1e-10,0.49061326658322907,0.033026800034129174,0.04791151210225662,0.03302680002950232,0.047911512041411,4.62685445512534e-12,6.084562020891582e-11,6.084562020891582e-11,0.08091398021336164,-1.998307127856774,0.08091398014796151,-1.9983071278598408,6.540012975619902e-11,3.0668800832245324e-12,6.547199955379817e-11,6.540012975619902e-11,-29.282217724494313,3.3289637713096454e-10,-3.3289637713096454e-10,-1.1368550711112439e-11,-29.28221772454893,3.8751224451516464e-10,-3.8751224451516464e-10,-1.3233705457883389e-11
low_energy_small_angles,rk45_strict,RK45,1e-08,1e-10,0.4956195244055069,0.03206168379586431,0.04655128764900733,0.03206168371694891,0.046551287529342456,7.891540199089775e-11,1.196648752310736e-10,1.196648752310736e-10,0.07859066762540452,-1.9984027527041561,0.07859066742699444,-1.9984027527122543,1.9841008003229632e-10,8.098188786220817e-12,1.9857527670895868e-10,1.9841008003229632e-10,-29.2822177245132,3.51782603047468e-10,-3.51782603047468e-10,-1.2013523236568392e-11,-29.282217724522532,3.611155818816769e-10,-3.611155818816769e-10,-1.2332248372831145e-11
low_energy_small_angles,rk45_strict,RK45,1e-08,1e-10,0.5006257822277848,0.03109228601790583,0.04518388971902714,0.031092285912224696,0.045183889599322256,1.0568113398279344e-10,1.1970488489332354e-10,1.1970488489332354e-10,0.07625579345594893,-1.99849605552662,0.07625579323073617,-1.9984960555353122,2.2521276510367727e-10,8.692158104395276e-12,2.253804409840302e-10,2.2521276510367727e-10,-29.28221772455563,3.942126625133824e-10,-3.942126625133824e-10,-1.3462527538961254e-11,-29.282217724528035,3.666187353701389e-10,-3.666187353701389e-10,-1.2520183369432211e-11
low_energy_small_angles,rk45_strict,RK45,1e-08,1e-10,0.5056320400500626,0.030118746566188438,0.043809514522499274,0.030118746487537276,0.04380951444939446,7.865116197214306e-11,7.310481386912926e-11,7.865116197214306e-11,0.07390969525172343,-1.9985869815317692,0.07390969510007327,-1.9985869815373394,1.5165016464813164e-10,5.570210959149335e-12,1.5175242893586535e-10,1.5165016464813164e-10,-29.28221772459948,4.3806380745081697e-10,-4.3806380745081697e-10,-1.496006250542153e-11,-29.28221772456655,4.051337043620151e-10,-4.051337043620151e-10,-1.3835485692319343e-11
low_energy_small_angles,rk45_strict,RK45,1e-08,1e-10,0.5106382978723404,0.02914120559881555,0.04242835977380878,0.02914120557932914,0.04242835974467358,1.948640901416887e-11,2.913520119607327e-11,2.913520119607327e-11,0.07155271251384931,-1.998675477275706,0.07155271246526221,-1.9986754772775097,4.858710656030496e-11,1.8036683258060293e-12,4.862057325178247e-11,4.858710656030496e-11,-29.282217724612234,4.5081804955771076e-10,-4.5081804955771076e-10,-1.5395625215426584e-11,-29.28221772462181,4.603926129220781e-10,-4.603926129220781e-10,-1.57226005645808e-11
low_energy_small_angles,rk45_strict,RK45,1e-08,1e-10,0.5156445556946183,0.0281598035186417,0.04104062457388427,0.0281598035882777,0.04104062461734457,6.963600182596785e-11,4.34602978605092e-11,6.963600182596785e-11,0.06918518653032704,-1.9987614907006017,0.06918518664335914,-1.9987614906968578,1.1303209757063115e-10,3.743894083640953e-12,1.1309408394839317e-10,1.1303209757063115e-10,-29.282217724592044,4.306279777210875e-10,-4.306279777210875e-10,-1.470612580568878e-11,-29.282217724663525,5.021085769385536e-10,-5.021085769385536e-10,-1.714721820827978e-11
low_energy_small_angles,rk45_strict,RK45,1e-08,1e-10,0.5206508135168961,0.02717468105317219,0.039646509549918545,0.02717468116121238,0.039646509626029926,1.0804018790722125e-10,7.611138108654103e-11,1.0804018790722125e-10,0.06680746059272,-1.9988449711569218,0.06680746077677188,-1.9988449711509695,1.8405188484393875e-10,5.952349724225314e-12,1.841481109917937e-10,1.8405188484393875e-10,-29.282217724562383,4.0096637121678214e-10,-4.0096637121678214e-10,-1.3693169519941645e-11,-29.282217724661287,4.998703673209093e-10,-4.998703673209093e-10,-1.7070782412373602e-11
low_energy_small_angles,rk45_strict,RK45,1e-08,1e-10,0.5256570713391739,0.026185979126777562,0.038246216686169086,0.026185979175659704,0.038246216673533874,4.888214139020519e-11,1.2635212320866174e-11,4.888214139020519e-11,0.06441987969639212,-1.9989258694441032,0.06441987973263152,-1.9989258694433065,3.623940036945328e-11,7.966960424710123e-13,3.624815669412197e-11,4.8865380491980304e-11,-29.28221772454482,3.8340530750247126e-10,-3.8340530750247126e-10,-1.3093451838728558e-11,-29.28221772463006,4.686420140842529e-10,-4.686420140842529e-10,-1.6004321069492144e-11
low_energy_small_angles,rk45_strict,RK45,1e-08,1e-10,0.5306633291614519,0.02519383881910191,0.03683994925413478,0.025193838786058482,0.03683994914172955,3.3043429104040456e-11,1.1240523095645827e-10,1.1240523095645827e-10,0.06202279042594881,-1.9990041378427679,0.06202279028058691,-1.9990041378477403,1.4536190307001817e-10,4.972466882691151e-12,1.4544692602814546e-10,1.4536190307001817e-10,-29.282217724552897,3.914806256943848e-10,-3.914806256943848e-10,-1.3369227337291647e-11,-29.282217724597324,4.3590731024778506e-10,-4.3590731024778506e-10,-1.4886417222699228e-11
low_energy_small_angles,rk45_strict,RK45,1e-08,1e-10,0.5356695869837297,0.024198401365062957,0.035427911812555994,0.024198401281035942,0.03542791166087724,8.402701451304395e-11,1.5167875289101573e-10,1.5167875289101573e-10,0.05961654095181928,-1.9990797301421435,0.05961654071623329,-1.999079730149549,2.3558598821749044e-10,7.405631663459644e-12,2.357023572744795e-10,2.3558598821749044e-10,-29.28221772458597,4.2455283733033866e-10,-4.2455283733033866e-10,-1.4498657216800577e-11,-29.282217724585337,4.2392045429551217e-10,-4.2392045429551217e-10,-1.4477061071290577e-11
low_energy_small_angles,rk45_strict,RK45,1e-08,1e-10,0.5406758448060075,0.0231998081548519,0.034010310207414435,0.023199808072589177,0.034010310089196076,8.22627244101426e-11,1.182183587133956e-10,1.182183587133956e-10,0.05720148102665336,-1.9991526016669867,0.05720148082626278,-1.9991526016729149,2.0039057913034952e-10,5.928146862288486e-12,2.0047824602539232e-10,2.0039057913034952e-10,-29.282217724627575,4.661586672227713e-10,-4.661586672227713e-10,-1.5919513734034335e-11,-29.282217724604006,4.425899646776088e-10,-4.425899646776088e-10,-1.511463267047625e-11
low_energy_small_angles,rk45_strict,RK45,1e-08,1e-10,0.5456821026282854,0.022198200733898898,0.03258735157184808,0.02219820069608521,0.03258735151286409,3.7813686210030895e-11,5.898399130233045e-11,5.898399130233045e-11,0.05477796198141717,-1.999222709304005,0.05477796188466013,-1.999222709306766,9.675703988021311e-11,2.7611246622427643e-12,9.679642852802781e-11,9.675703988021311e-11,-29.282217724648266,4.868496716881054e-10,-4.868496716881054e-10,-1.6626120202855907e-11,-29.282217724647044,4.856275381825981e-10,-4.856275381825981e-10,-1.658438383175793e-11
low_energy_small_angles,rk45_strict,RK45,1e-08,1e-10,0.5506883604505632,0.0211937207686501,0.031159244221583435,0.021193720810261066,0.03115924424601832,4.161096467392156e-11,2.4434884671187262e-11,4.161096467392156e-11,0.05234633658269722,-1.999290011531738,0.05234633664872186,-1.999290011530095,6.602464408533848e-11,1.6431300764452317e-12,6.604508689557263e-11,6.602464408533848e-11,-29.28221772463535,4.739320047519868e-10,-4.739320047519868e-10,-1.61849764664831e-11,-29.282217724692572,5.311555639764265e-10,-5.311555639764265e-10,-1.8139184981817755e-11
low_energy_small_angles,rk45_strict,RK45,1e-08,1e-10,0.5556946182728411,0.020186510095076042,0.029726197733473392,0.020186510195878492,0.02972619782702632,1.0080244972066055e-10,9.355292582280406e-11,1.0080244972066055e-10,0.049906959155536834,-1.999354468441696,0.04990695934983034,-1.9993544684368807,1.9429350489597041e-10,4.815259302404229e-12,1.943531650550355e-10,1.9429350489597041e-10,-29.282217724609893,4.4847681124338123e-10,-4.4847681124338123e-10,-1.5315670946375516e-11,-29.282217724708644,5.4722804065932e-10,-5.4722804065932e-10,-1.8688066792420228e-11
low_energy_small_angles,rk45_strict,RK45,1e-08,1e-10,0.5607008760951189,0.019176710647471007,0.028288422856488367,0.019176710719517393,0.028288422886736102,7.204638621804982e-11,3.0247734872368426e-11,7.204638621804982e-11,0.0474601854189631,-1.9994160417669509,0.047460185521231865,-1.999416041764714,1.0226876290264642e-10,2.2368773500147654e-12,1.0229322306935449e-10,1.0226876290264642e-10,-29.28221772459174,4.303224443447107e-10,-4.303224443447107e-10,-1.4695691712914282e-11,-29.282217724690277,5.288605109399214e-10,-5.288605109399214e-10,-1.806080795934888e-11
low_energy_small_angles,rk45_strict,RK45,1e-08,1e-10,0.5657071339173968,0.018164464394001812,0.026846131375159298,0.018164464394961395,0.026846131287464322,9.595831074182826e-13,8.769497628069445e-11,8.769497628069445e-11,0.04500637228053454,-1.9994746949101347,0.045006372193830586,-1.9994746949124713,8.670395651444451e-11,2.3365753776261045e-12,8.673543485654531e-11,8.670395651444451e-11,-29.282217724595135,4.3371883862164395e-10,-4.3371883862164395e-10,-1.4811680000035406e-11,-29.28221772466185,5.004352487958386e-10,-5.004352487958386e-10,-1.70900733513404e-11
low_energy_small_angles,rk45_strict,RK45,1e-08,1e-10,0.5707133917396746,0.01714991333670792,0.025399536109577774,0.0171499132827122,0.025399535954969823,5.399572108877315e-11,1.5460795144139894e-10,1.5460795144139894e-10,0.042545877831646275,-1.9995303929647106,0.042545877623100414,-1.9995303929695631,2.085458611356117e-10,4.852562796031634e-12,2.086023095808943e-10,2.085458611356117e-10,-29.282217724621773,4.603570857852901e-10,-4.603570857852901e-10,-1.5721387297979112e-11,-29.28221772464497,4.835527533941786e-10,-4.835527533941786e-10,-1.6513529062219503e-11
low_energy_small_angles,rk45_strict,RK45,1e-08,1e-10,0.5757196495619524,0.016133199511501287,0.02394885091539585,0.01613319944691985,0.02394885077812274,6.458143742005262e-11,1.3727310954614325e-10,1.3727310954614325e-10,0.0400790613426843,-1.9995831027356585,0.040079061140877524,-1.9995831027399877,2.0180677268166747e-10,4.3292036622233354e-12,2.0185320285925416e-10,2.0180677268166747e-10,-29.282217724658214,4.967972699887468e-10,-4.967972699887468e-10,-1.6965834851327817e-11,-29.282217724652664,4.912479312224605e-10,-4.912479312224605e-10,-1.677632260814456e-11
low_energy_small_angles,rk45_strict,RK45,1e-08,1e-10,0.5807259073842304,0.015114464988166442,0.022494290683826156,0.015114464955382784,0.022494290608904597,3.278365773295988e-11,7.49215585404972e-11,7.49215585404972e-11,0.03760628325803463,-1.9996327927595585,0.03760628315035212,-1.9996327927617392,1.0768251568205045e-10,2.1807000649687325e-12,1.0770459431420925e-10,1.0768251568205045e-10,-29.28221772467783,5.164153549230832e-10,-5.164153549230832e-10,-1.7635800668778487e-11,-29.28221772468396,5.225437860190141e-10,-5.225437860190141e-10,-1.784508915756922e-11
low_energy_small_angles,rk45_strict,RK45,1e-08,1e-10,0.5857321652065082,0.014093851846622683,0.02103607124518594,0.014093851879547923,0.021036071262408407,3.292524065889868e-11,1.7222466508481915e-11,3.292524065889868e-11,0.03512790507078127,-1.9996794333264316,0.0351279051209219,-1.9996794333256052,5.0140627760875134e-11,8.264500195309665e-13,5.0147438338258364e-11,5.0140627760875134e-11,-29.28221772466769,5.062723573701078e-10,-5.062723573701078e-10,-1.728941305399731e-11,-29.282217724722766,5.61350077532552e-10,-5.61350077532552e-10,-1.9170340266590168e-11
low_energy_small_angles,rk45_strict,RK45,1e-08,1e-10,0.590738423028786,0.013071502210591047,0.019574409426354234,0.013071502294439177,0.01957440951659098,8.384812982820122e-11,9.023674515939994e-11,9.023674515939994e-11,0.03264428940853244,-1.9997229964962089,0.03264428958259286,-1.9997229964933467,1.7406042579493075e-10,2.8621549574836536e-12,1.7408395606405905e-10,1.7406042579493075e-10,-29.282217724646877,4.854605606396944e-10,-4.854605606396944e-10,-1.6578681478730008e-11,-29.282217724741297,5.798810320811754e-10,-5.798810320811754e-10,-1.980318012602927e-11
low_energy_small_angles,rk45_strict,RK45,1e-08,1e-10,0.5957446808510638,0.012047558189526552,0.0181095229656751,0.01204755825506539,0.018109523003478734,6.553883824533813e-11,3.7803635222211085e-11,6.553883824533813e-11,0.030155799884872672,-1.9997634561189699,0.03015579998820419,-1.999763456117496,1.0333151695407494e-10,1.4739320874923578e-12,1.0334202858386716e-10,1.0333151695407494e-10,-29.282217724632634,4.712177315013832e-10,-4.712177315013832e-10,-1.6092282898114334e-11,-29.282217724729463,5.680469428170909e-10,-5.680469428170909e-10,-1.9399041021007865e-11
low_energy_small_angles,rk45_strict,RK45,1e-08,1e-10,0.6007509386733417,0.011022161823425358,0.016641630366230165,0.011022161832852779,0.016641630288005665,9.427420649688045e-12,7.822449979433266e-11,7.822449979433266e-11,0.027662800891925653,-1.9998007878544328,0.027662800823138836,-1.9998007878556305,6.878681652056073e-11,1.1977085989656189e-12,6.879724291656842e-11,6.878681652056073e-11,-29.28221772463723,4.758149430017511e-10,-4.758149430017511e-10,-1.6249279596372425e-11,-29.282217724707948,5.465317087782751e-10,-5.465317087782751e-10,-1.8664286767027194e-11
low_energy_small_angles,rk45_strict,RK45,1e-08,1e-10,0.6057571964956195,0.009995455082824518,0.015170950895837683,0.00999545504916139,0.015170950752560093,3.36631278408106e-11,1.4327758944554514e-10,1.4327758944554514e-10,0.02516565759467657,-1.9998349691863844,0.02516565741775402,-1.9998349691888944,1.7692254952739184e-10,2.509992214072554e-12,1.7694035320465234e-10,1.7692254952739184e-10,-29.282217724661134,4.997176006327209e-10,-4.997176006327209e-10,-1.7065565365986354e-11,-29.282217724694767,5.333511410299252e-10,-5.333511410299252e-10,-1.8214164857801912e-11
low_energy_small_angles,rk45_strict,RK45,1e-08,1e-10,0.6107634543178974,0.008967579868801845,0.013697704587052335,0.008967579828814538,0.01369770446330309,3.9987306868494166e-11,1.23749245226068e-10,1.23749245226068e-10,0.022664735925190686,-1.999865979436449,0.02266473576146735,-1.9998659794385025,1.6372333697112218e-10,2.0534685063466895e-12,1.6373621408187676e-10,1.6372333697112218e-10,-29.282217724690682,5.292655202993046e-10,-5.292655202993046e-10,-1.8074639198608096e-11,-29.28221772470129,5.398739233442029e-10,-5.398739233442029e-10,-1.843692060587135e-11
low_energy_small_angles,rk45_strict,RK45,1e-08,1e-10,0.6157697121401753,0.007938678011763067,0.012222112232098997,0.007938678000098865,0.012222112170168576,1.1664202589911632e-11,6.193042086100053e-11,6.193042086100053e-11,0.020160402570454684,-1.999893799777261,0.020160402496865057,-1.9998937997781103,7.358962744730135e-11,8.493206138382448e-13,7.359452841983362e-11,7.358962744730135e-11,-29.28221772470088,5.394653612711409e-10,-5.394653612711409e-10,-1.842296803995197e-11,-29.28221772472649,5.650733214679349e-10,-5.650733214679349e-10,-1.92974906064468e-11
low_energy_small_angles,rk45_strict,RK45,1e-08,1e-10,0.6207759699624531,0.006908891254138147,0.010744395274249549,0.006908891294764419,0.010744395306863396,4.062627231155025e-11,3.261384738661999e-11,4.062627231155025e-11,0.01765302484048303,-1.9999184132461325,0.017653024913720297,-1.9999184132455012,7.323726694541399e-11,6.31272811801864e-13,7.323998754093798e-11,7.323726694541399e-11,-29.28221772468996,5.285443194225081e-10,-5.285443194225081e-10,-1.805000988659388e-11,-29.28221772475557,5.94152282928917e-10,-5.94152282928917e-10,-2.029054931992629e-11
low_energy_small_angles,rk45_strict,RK45,1e-08,1e-10,0.6257822277847309,0.005878361279124284,0.009264775905747022,0.005878361346435753,0.009264775983563229,6.731146889871198e-11,7.781620660340938e-11,7.781620660340938e-11,0.015142970788911456,-1.9999398047547885,0.01514297093403463,-1.999939804753672,1.451231738947012e-10,1.1164402735630574e-12,1.4512746824828207e-10,1.451231738947012e-10,-29.282217724674364,5.129479063725739e-10,-5.129479063725739e-10,-1.7517385848453996e-11,-29.282217724764106,6.026894538990746e-10,-6.026894538990746e-10,-2.058209728431129e-11
low_energy_small_angles,rk45_strict,RK45,1e-08,1e-10,0.6307884856070087,0.004847229635667161,0.007783476878974796,0.004847229676360015,0.007783476879996515,4.069285360064345e-11,1.0217191676042958e-12,4.069285360064345e-11,0.012630608943015162,-1.999957961102195,0.012630608984729227,-1.9999579611019898,4.171406449426929e-11,2.0516921495072893e-13,4.171456905013908e-11,4.171406449426929e-11,-29.28221772466806,5.066453923063818e-10,-5.066453923063818e-10,-1.7302152353315005e-11,-29.28221772475283,5.914131406825618e-10,-5.914131406825618e-10,-2.0197006464936346e-11
low_energy_small_angles,rk45_strict,RK45,1e-08,1e-10,0.6357947434292867,0.003815637716236612,0.006300721432012299,0.0038156377163418237,0.0063007213392019664,1.0521184617973134e-13,9.281033233610181e-11,9.281033233610181e-11,0.01011630820081704,-1.9999728709836266,0.01011630810811376,-1.999972870984211,9.270327908095233e-11,5.844214001626824e-13,9.270512122172054e-11,9.270327908095233e-11,-29.282217724678343,5.169269456928305e-10,-5.169269456928305e-10,-1.7653271707842758e-11,-29.282217724738324,5.769074107320193e-10,-5.769074107320193e-10,-1.97016297114682e-11
low_energy_small_angles,rk45_strict,RK45,1e-08,1e-10,0.6408010012515645,0.002783726756826717,0.004816733288635147,0.002783726735750932,0.004816733168794117,2.107578521426401e-11,1.198410303285269e-10,1.198410303285269e-10,0.00760043782479901,-1.9999845249978152,0.0076004376838836665,-1.9999845249984511,1.4091534362992153e-10,6.359357485052897e-13,1.409167785773401e-10,1.4091534362992153e-10,-29.28221772470068,5.392628565914492e-10,-5.392628565914492e-10,-1.8416052420322363e-11,-29.282217724733925,5.725091511976643e-10,-5.725091511976643e-10,-1.955142730617955e-11
low_energy_small_angles,rk45_strict,RK45,1e-08,1e-10,0.6458072590738423,0.0017516378369556562,0.0033317366583149374,0.0017516378241138096,0.0033317365783355896,1.2841846509792365e-11,7.997934779735427e-11,7.997934779735427e-11,0.005083367435561362,-1.9999929156533902,0.005083367342740631,-1.9999929156536793,9.282073113597855e-11,2.8910207561239076e-13,9.282118135763916e-11,9.282073113597855e-11,-29.28221772471786,5.564437799421285e-10,-5.564437799421285e-10,-1.9002788148897418e-11,-29.282217724745443,5.840270489443355e-10,-5.840270489443355e-10,-1.9944768338445953e-11
low_energy_small_angles,rk45_strict,RK45,1e-08,1e-10,0.6508135168961202,0.0007195118719493537,0.001845956187563989,0.0007195118911137105,0.0018459561793371833,1.9164356841912256e-11,8.226805738378862e-12,1.9164356841912256e-11,0.0025654669490659857,-1.9999980373747048,0.002565466960003546,-1.9999980373747062,1.093756031925186e-11,1.3322676295501878e-15,1.0937560400391391e-11,1.9164351854582262e-11,-29.282217724714588,5.531717306439532e-10,-5.531717306439532e-10,-1.8891046294882193e-11,-29.28221772476689,6.054747814232542e-10,-6.054747814232542e-10,-2.0677217385883422e-11
low_energy_small_angles,rk45_strict,RK45,1e-08,1e-10,0.655819774718398,-0.00031251038023321015,0.000359616934502093,-0.0003125103334092544,0.00035961698525798814,4.682395573704645e-11,5.07558951465259e-11,5.07558951465259e-11,4.710655160444901e-05,-1.9999998865064623,4.710664918429431e-05,-1.9999998865064588,9.757984529993116e-11,3.552713678800501e-15,9.757984536460525e-11,9.757984529993116e-11,-29.282217724703944,5.425278004622669e-10,-5.425278004622669e-10,-1.852755162101725e-11,-29.282217724780548,6.191314128045633e-10,-6.191314128045633e-10,-2.114359706757129e-11
low_energy_small_angles,rk45_strict,RK45,1e-08,1e-10,0.6608260325406758,-0.0013442883461175234,-0.001127055667487071,-0.0013442883080473876,-0.0011270556503303315,3.807013580249541e-11,1.7156739353860195e-11,3.807013580249541e-11,-0.002471343370116983,-1.9999984613173858,-0.0024713433148901534,-1.9999984613174564,5.522682961986436e-11,7.061018436615996e-14,5.522687475912124e-11,5.522682961986436e-11,-29.282217724697286,5.358700150281948e-10,-5.358700150281948e-10,-1.8300185459861408e-11,-29.282217724775922,6.14505779594765e-10,-6.14505779594765e-10,-2.098562975603185e-11
low_energy_small_angles,rk45_strict,RK45,1e-08,1e-10,0.6658322903629537,-0.0023756816808884907,-0.002613835971175268,-0.002375681669986896,-0.0026138360311044177,1.0901594731105302e-11,5.992914975036512e-11,5.992914975036512e-11,-0.004989512441046683,-1.9999937620023056,-0.004989512490074064,-1.9999937620021748,4.902738111323135e-11,1.3078427230084344e-13,4.902755555142348e-11,4.902738111323135e-11,-29.282217724702303,5.408864467426611e-10,-5.408864467426611e-10,-1.8471498704019385e-11,-29.282217724766443,6.050271394997253e-10,-6.050271394997253e-10,-2.0661930226702187e-11
low_energy_small_angles,rk45_strict,RK45,1e-08,1e-10,0.6708385481852316,-0.003406550269070297,-0.004100498118527877,-0.0034065502743489844,-0.004100498208180045,5.27868764324535e-12,8.965216850148616e-11,8.965216850148616e-11,-0.007507030307990921,-1.9999857906826128,-0.007507030402920991,-1.9999857906822274,9.493007074867776e-11,3.8546943414985435e-13,9.493085335671238e-11,9.493007074867776e-11,-29.282217724717245,5.55829160475696e-10,-5.55829160475696e-10,-1.898179863668826e-11,-29.282217724762365,6.009486241964623e-10,-6.009486241964623e-10,-2.0522647220828705e-11
low_energy_small_angles,rk45_strict,RK45,1e-08,1e-10,0.6758448060075094,-0.004436754224526319,-0.005586816040703754,-0.004436754225273087,-0.005586816102617897,7.467680987471859e-13,6.19141430832637e-11,6.19141430832637e-11,-0.010023526646100178,-1.9999745514059772,-0.010023526708760114,-1.999974551405628,6.265993626741739e-11,3.4927616354707425e-13,6.266090971949922e-11,6.265993626741739e-11,-29.28221772472916,5.677449621543929e-10,-5.677449621543929e-10,-1.938872825489354e-11,-29.28221772476929,6.078728631564445e-10,-6.078728631564445e-10,-2.0759112881497187e-11
low_energy_small_angles,rk45_strict,RK45,1e-08,1e-10,0.6808510638297872,-0.0054661538965843645,-0.007072563501249829,-0.005466153875956022,-0.007072563505615347,2.0628342783934883e-11,4.365517496107696e-12,2.0628342783934883e-11,-0.012538631214668909,-1.999960050145002,-0.012538631198406282,-1.999960050145084,1.6262626661989188e-11,8.193445921733655e-14,1.626283306201133e-11,2.062803400315616e-11,-29.28221772472637,5.649525292028557e-10,-5.649525292028557e-10,-1.929336550000107e-11,-29.282217724783173,6.217568682131969e-10,-6.217568682131969e-10,-2.123325746943584e-11
low_energy_small_angles,rk45_strict,RK45,1e-08,1e-10,0.6858573216520651,-0.006494609864937695,-0.008557514115311023,-0.006494609828969719,-0.008557514080112308,3.596797599342283e-11,3.519871547008613e-11,3.596797599342283e-11,-0.015051973877712062,-1.9999422947950143,-0.015051973806547417,-1.9999422947955492,7.116464535716904e-11,5.349054532644004e-13,7.116665562365267e-11,7.116464535716904e-11,-29.282217724718986,5.575699901783082e-10,-5.575699901783082e-10,-1.9041248700170845e-11,-29.282217724789813,6.28396890078875e-10,-6.28396890078875e-10,-2.1460016997290838e-11
low_energy_small_angles,rk45_strict,RK45,1e-08,1e-10,0.690863579474343,-0.007521982968343586,-0.010041441418316808,-0.0075219829463172025,-0.010041441433692816,2.202638332143847e-11,1.5376007758693966e-11,2.202638332143847e-11,-0.01756318470779046,-1.9999212951702368,-0.01756318470113993,-1.9999212951702479,6.650530820495604e-12,1.1102230246251565e-14,6.650540087382255e-12,2.2025760555710594e-11,-29.282217724715785,5.54368995153709e-10,-5.54368995153709e-10,-1.893193337935899e-11,-29.282217724784235,6.228191296031582e-10,-6.228191296031582e-10,-2.126953414082623e-11
low_energy_small_angles,rk45_strict,RK45,1e-08,1e-10,0.6958698372966208,-0.008548134336631725,-0.011524118996212529,-0.008548134335229577,-0.011524119073619426,1.4021474953329616e-12,7.740689686452917e-11,7.740689686452917e-11,-0.020071894154650768,-1.999897062997715,-0.02007189423065043,-1.9998970629968351,7.599966142524117e-11,8.799627693178991e-13,7.600475558296781e-11,7.599966142524117e-11,-29.28221772472167,5.602522890058026e-10,-5.602522890058026e-10,-1.913285032859809e-11,-29.282217724775993,6.145768338683411e-10,-6.145768338683411e-10,-2.098805628923522e-11
low_energy_small_angles,rk45_strict,RK45,1e-08,1e-10,0.7008760951188986,-0.009572925390993385,-0.013005320486886206,-0.009572925395926435,-0.013005320569933119,4.933050495870006e-12,8.304691309635182e-11,8.304691309635182e-11,-0.022577733053300866,-1.999869611911148,-0.02257773314127358,-1.9998696119100208,8.797271244809224e-11,1.127320459204384e-12,8.797993513803283e-11,8.797271244809224e-11,-29.282217724732682,5.712657014100841e-10,-5.712657014100841e-10,-1.950896297512056e-11,-29.282217724774267,6.12850215020444e-10,-6.12850215020444e-10,-2.0929091532393312e-11
low_energy_small_angles,rk45_strict,RK45,1e-08,1e-10,0.7058823529411765,-0.010596217845570573,-0.014484819587896219,-0.01059621783889493,-0.014484819628139387,6.675642677533844e-12,4.024316817285989e-11,4.024316817285989e-11,-0.025080332639636483,-1.999838957443881,-0.02508033267320016,-1.9998389574433688,3.356367614393285e-11,5.122569035620472e-13,3.356758501039439e-11,3.356367614393285e-11,-29.28221772473593,5.745128817125078e-10,-5.745128817125078e-10,-1.9619855542514605e-11,-29.282217724782807,6.213909387042804e-10,-6.213909387042804e-10,-2.1220760823438478e-11
low_energy_small_angles,rk45_strict,RK45,1e-08,1e-10,0.7108886107634543,-0.01161787371791934,-0.015962390131674224,-0.011617873684889694,-0.015962390089208092,3.3029644991300344e-11,4.2466131305873844e-11,4.2466131305873844e-11,-0.027579324642351605,-1.9998051170199287,-0.02757932456686347,-1.99980511702099,7.548813310553903e-11,1.0613732115416497e-12,7.549559426121339e-11,7.548813310553903e-11,-29.282217724727673,5.662563751229754e-10,-5.662563751229754e-10,-1.933789238428292e-11,-29.282217724795352,6.33935570704125e-10,-6.33935570704125e-10,-2.164916526049359e-11
low_energy_small_angles,rk45_strict,RK45,1e-08,1e-10,0.7158948685857321,-0.012637755309457373,-0.01743780600985965,-0.01263775526813625,-0.01743780594591569,4.13211236061084e-11,6.394396123710067e-11,6.394396123710067e-11,-0.030074341193916054,-1.9997681099465667,-0.030074341088663994,-1.9997681099482039,1.0525206053935143e-10,1.6371348721122558e-12,1.0526479211193449e-10,1.0525206053935143e-10,-29.28221772471741,5.559925853049208e-10,-5.559925853049208e-10,-1.8987379663056014e-11,-29.282217724797075,6.356586368383432e-10,-6.356586368383432e-10,-2.170800869067533e-11
low_energy_small_angles,rk45_strict,RK45,1e-08,1e-10,0.7209011264080101,-0.013655725260861805,-0.01891084138540139,-0.013655725243230617,-0.01891084140992076,1.7631188176103763e-11,2.4519372643361237e-11,2.4519372643361237e-11,-0.03256501510415452,-1.9997279574005407,-0.03256501511103997,-1.9997279574003177,6.885450543059335e-12,2.2293278334473143e-13,6.889058586396687e-12,1.7629543658248537e-11,-29.282217724715686,5.542695191707026e-10,-5.542695191707026e-10,-1.8928536232874272e-11,-29.28221772478734,6.259242013584299e-10,-6.259242013584299e-10,-2.1375573641813533e-11
low_energy_small_angles,rk45_strict,RK45,1e-08,1e-10,0.7259073842302879,-0.014671646563963574,-0.020381270743108533,-0.014671646570660364,-0.02038127084431157,6.696790691429477e-12,1.0120303553518006e-10,1.0120303553518006e-10,-0.03505097992869307,-1.9996846824152885,-0.03505098003657116,-1.9996846824131278,1.0787808840673208e-10,2.1607160505254797e-12,1.078997249864044e-10,1.0787808840673208e-10,-29.282217724726472,5.650555578995409e-10,-5.650555578995409e-10,-1.9296883973145955e-11,-29.28221772477627,6.148539455352875e-10,-6.148539455352875e-10,-2.0997519768728367e-11
low_energy_small_angles,rk45_strict,RK45,1e-08,1e-10,0.7309136420525657,-0.015685382561747577,-0.021848868889650614,-0.01568538257408921,-0.021848868991946394,1.2341634658685763e-11,1.0229577948606128e-10,1.0229577948606128e-10,-0.03753186997487509,-1.9996383098682462,-0.037531870089486566,-1.9996383098658175,1.1461147308988728e-10,2.4287238886699924e-12,1.1463720366251679e-10,1.1461147308988728e-10,-29.282217724742665,5.812488268475136e-10,-5.812488268475136e-10,-1.9849890890194155e-11,-29.28221772477491,6.134932561963069e-10,-6.134932561963069e-10,-2.0951051657883817e-11
low_energy_small_angles,rk45_strict,RK45,1e-08,1e-10,0.7359198998748435,-0.016696796950382075,-0.023313410963883754,-0.016696796947695283,-0.023313411007708486,2.686791761297158e-12,4.382473203778936e-11,4.382473203778936e-11,-0.04000732031993264,-1.9995888664671884,-0.04000732036105904,-1.9995888664662116,4.1126400895930004e-11,9.767742170652127e-13,4.1137998718020735e-11,4.1126400895930004e-11,-29.28221772474693,5.855120832620742e-10,-5.855120832620742e-10,-1.9995482882396403e-11,-29.282217724787294,6.258780160806054e-10,-6.258780160806054e-10,-2.1373996395231342e-11
low_energy_small_angles,rk45_strict,RK45,1e-08,1e-10,0.7409261576971214,-0.017705753791090927,-0.024774672524435517,-0.01770575375617114,-0.024774672458506133,3.4919785812936865e-11,6.592938348037869e-11,6.592938348037869e-11,-0.042476966916128914,-1.9995363807337008,-0.04247696681530545,-1.9995363807359523,1.0082346069140158e-10,2.2515322939398175e-12,1.0084859752847956e-10,1.0082346069140158e-10,-29.2822177247362,5.747828879520966e-10,-5.747828879520966e-10,-1.9629076368687415e-11,-29.282217724805466,6.4405014654767e-10,-6.4405014654767e-10,-2.199458226199342e-11
low_energy_small_angles,rk45_strict,RK45,1e-08,1e-10,0.7459324155193993,-0.0187121174857343,-0.026232429444204668,-0.018712117436971806,-0.026232429334720034,4.876249404262012e-11,1.0948463316506896e-10,1.0948463316506896e-10,-0.04494044646646693,-1.999480882990878,-0.044940446308266005,-1.999480882994662,1.582009245826299e-10,3.7840841571323836e-12,1.582461747774878e-10,1.582009245826299e-10,-29.282217724721953,5.605365061001066e-10,-5.605365061001066e-10,-1.9142556461411572e-11,-29.282217724810245,6.488285464456567e-10,-6.488285464456567e-10,-2.2157766619920106e-11
low_energy_small_angles,rk45_strict,RK45,1e-08,1e-10,0.7509386733416771,-0.01971575283626115,-0.027686458149655695,-0.01971575281269634,-0.02768645814058841,2.356480982568243e-11,9.067285117181356e-12,2.356480982568243e-11,-0.047397396728826174,-1.9994224053402267,-0.04739739669620213,-1.9994224053409422,3.26240423564883e-11,7.154277170684509e-13,3.2631885886296746e-11,3.26240423564883e-11,-29.282217724717178,5.557616589157988e-10,-5.557616589157988e-10,-1.8979493430145056e-11,-29.282217724799366,6.379501371611696e-10,-6.379501371611696e-10,-2.178626438648404e-11
low_energy_small_angles,rk45_strict,RK45,1e-08,1e-10,0.755944931163955,-0.020716525057104945,-0.02913653567633556,-0.020716525065153826,-0.029136535779781796,8.048881006139652e-12,1.0344623768698824e-10,1.0344623768698824e-10,-0.04984745658916664,-1.9993609816417903,-0.04984745670061612,-1.9993609816386098,1.114494815879219e-10,3.1805669209461485e-12,1.1149485616904108e-10,1.114494815879219e-10,-29.282217724728447,5.67030866704954e-10,-5.67030866704954e-10,-1.9364341596199664e-11,-29.282217724783834,6.224176729574538e-10,-6.224176729574538e-10,-2.1255824228227186e-11
low_energy_small_angles,rk45_strict,RK45,1e-08,1e-10,0.7609511889862328,-0.021714299775183615,-0.030582439668873584,-0.021714299796357858,-0.03058243980322261,2.1174242914590025e-11,1.3434902496056722e-10,1.3434902496056722e-10,-0.05229026606669954,-1.9992966474950393,-0.05229026622215499,-1.9992966474904716,1.5545545406503436e-10,4.567679567912819e-12,1.5552254465253949e-10,1.5545545406503436e-10,-29.282217724750254,5.888374232654314e-10,-5.888374232654314e-10,-2.0109044636314156e-11,-29.282217724777233,6.158167309422424e-10,-6.158167309422424e-10,-2.103039929363404e-11
low_energy_small_angles,rk45_strict,RK45,1e-08,1e-10,0.7659574468085106,-0.022708943029899675,-0.03202394838098167,-0.022708943040936465,-0.03202394846500587,1.1036789537843816e-11,8.402419732211897e-11,8.402419732211897e-11,-0.05472546631891808,-1.9992294402191295,-0.05472546641393314,-1.9992294402161885,9.501505832121282e-11,2.9409807922320397e-12,9.506056319948747e-11,9.501505832121282e-11,-29.28221772476379,6.023732623816613e-10,-6.023732623816613e-10,-2.057129921155629e-11,-29.282217724787795,6.263789487093163e-10,-6.263789487093163e-10,-2.1391103454315106e-11
low_energy_small_angles,rk45_strict,RK45,1e-08,1e-10,0.7709637046307886,-0.02370032128912561,-0.03346084076340663,-0.023700321266132012,-0.03346084072239912,2.2993596610065836e-11,4.100750988778046e-11,4.100750988778046e-11,-0.05715269975036605,-1.9991593988292085,-0.05715269968639435,-1.9991593988311256,6.397169599603458e-11,1.9171331189227203e-12,6.400041631118299e-11,6.397169599603458e-11,-29.282217724755583,5.941664937836322e-10,-5.941664937836322e-10,-2.0291034626566965e-11,-29.282217724811314,6.498979132629756e-10,-6.498979132629756e-10,-2.2194285944630836e-11
low_energy_small_angles,rk45_strict,RK45,1e-08,1e-10,0.7759699624530664,-0.024688301424596465,-0.03489289638276091,-0.024688301371801162,-0.034892896235842324,5.279530285173806e-11,1.4691858840620853e-10,1.4691858840620853e-10,-0.0595716099116287,-1.9990865640181585,-0.05957160971202033,-1.9990865640245872,1.9960837149834987e-10,6.4286354017895064e-12,1.9971186576003039e-10,1.9960837149834987e-10,-29.282217724737166,5.757492260727304e-10,-5.757492260727304e-10,-1.966207722025326e-11,-29.28221772482862,6.672031815924129e-10,-6.672031815924129e-10,-2.2785268106311787e-11
low_energy_small_angles,rk45_strict,RK45,1e-08,1e-10,0.7809762202753442,-0.025672750747274577,-0.036319895546832306,-0.025672750704622365,-0.0363198954431735,4.2652211623694924e-11,1.0365880376284053e-10,1.0365880376284053e-10,-0.06198184166448886,-1.9990109781295344,-0.061981841518260264,-1.9990109781343932,1.462285986741918e-10,4.858780044969535e-12,1.4630929845277518e-10,1.462285986741918e-10,-29.282217724723534,5.621174636871729e-10,-5.621174636871729e-10,-1.9196546825186573e-11,-29.282217724822605,6.611884373342036e-10,-6.611884373342036e-10,-2.257986207064645e-11
low_energy_small_angles,rk45_strict,RK45,1e-08,1e-10,0.785982478097622,-0.026653537044817967,-0.03774161946841816,-0.026653537040707016,-0.03774161951430122,4.1109511628167894e-12,4.588305430042183e-11,4.588305430042183e-11,-0.06438304138747797,-1.9989326851271143,-0.06438304142921886,-1.9989326851254927,4.1740888523378317e-11,1.6215917497675036e-12,4.177237525595127e-11,4.1740888523378317e-11,-29.28221772472706,5.656453083702218e-10,-5.656453083702218e-10,-1.9317024198733934e-11,-29.282217724804262,6.428457766105566e-10,-6.428457766105566e-10,-2.1953452524196285e-11
low_energy_small_angles,rk45_strict,RK45,1e-08,1e-10,0.7909887359198999,-0.02763052858158186,-0.03915785026533245,-0.027630528606567225,-0.03915785041400537,2.4985364471818983e-11,1.4867292119635778e-10,1.4867292119635778e-10,-0.06677485698004486,-1.9988517305697022,-0.06677485715357964,-1.9988517305631914,1.7353478376502807e-10,6.510791905611768e-12,1.7365687889517428e-10,1.7353478376502807e-10,-29.282217724749252,5.878355580080097e-10,-5.878355580080097e-10,-2.0074830518146628e-11,-29.282217724787444,6.260272300551151e-10,-6.260272300551151e-10,-2.137909211495842e-11
low_energy_small_angles,rk45_strict,RK45,1e-08,1e-10,0.7959949937421777,-0.02860359409861861,-0.04056837096040563,-0.028603594126599314,-0.04056837110579351,2.798070455889423e-11,1.453878822887944e-10,1.453878822887944e-10,-0.06915693786653812,-1.998768161585371,-0.06915693803977566,-1.998768161578674,1.732375354279725e-10,6.696865284538944e-12,1.7336692788936788e-10,1.732375354279725e-10,-29.282217724776874,6.154579068606836e-10,-6.154579068606836e-10,-2.1018145300957017e-11,-29.282217724786683,6.252669493278518e-10,-6.252669493278518e-10,-2.1353128209682355e-11
low_energy_small_angles,rk45_strict,RK45,1e-08,1e-10,0.8010012515644556,-0.029572602816325726,-0.04197296549329859,-0.029572602823386293,-0.04197296555328984,7.060567408512242e-12,5.999124808031553e-11,5.999124808031553e-11,-0.07152893501445777,-1.9986820268445844,-0.07152893508145367,-1.9986820268418581,6.699589494285618e-11,2.7262636592695344e-12,6.705134191598313e-11,6.699589494285618e-11,-29.282217724784182,6.227658388979762e-10,-6.227658388979762e-10,-2.1267714240923704e-11,-29.282217724806944,6.45528075438051e-10,-6.45528075438051e-10,-2.2045054152623533e-11
low_energy_small_angles,rk45_strict,RK45,1e-08,1e-10,0.8060075093867335,-0.030537424454013397,-0.043371418824185236,-0.03053742441769781,-0.04337141872023516,3.631558595507123e-11,1.0395007771224485e-10,1.0395007771224485e-10,-0.07389050106121076,-1.9985933765281616,-0.07389050092105978,-1.9985933765337776,1.4015097415942535e-10,5.615952147763892e-12,1.4026344668644744e-10,1.4015097415942535e-10,-29.282217724768735,6.073186398225516e-10,-6.073186398225516e-10,-2.0740185922510895e-11,-29.28221772483777,6.76354972029003e-10,-6.76354972029003e-10,-2.3097805582905944e-11
low_energy_small_angles,rk45_strict,RK45,1e-08,1e-10,0.8110137672090113,-0.03149792919132652,-0.04476351677459235,-0.03149792912897796,-0.04476351657253712,6.234855687292651e-11,2.0205523365568467e-10,2.0205523365568467e-10,-0.07624129011994006,-1.9985022623073325,-0.0762412898557696,-1.998502262318338,2.641704632821984e-10,1.1005418798504252e-11,2.643996083840931e-10,2.641704632821984e-10,-29.28221772474558,5.8416205206413e-10,-5.8416205206413e-10,-1.9949378751532357e-11,-29.282217724852167,6.907505678555026e-10,-6.907505678555026e-10,-2.3589421209908866e-11
low_energy_small_angles,rk45_strict,RK45,1e-08,1e-10,0.8160200250312891,-0.032453987737233334,-0.0461490462975311,-0.03245398769959735,-0.046149046189533305,3.763598460659878e-11,1.0799779820436228e-10,1.0799779820436228e-10,-0.07858095812157054,-1.9984087373015318,-0.07858095797607155,-1.9984087373077353,1.4549898785798376e-10,6.203482172395525e-12,1.4563117337562359e-10,1.4549898785798376e-10,-29.282217724732245,5.708287176275917e-10,-5.708287176275917e-10,-1.9494039795919833e-11,-29.28221772484088,6.794635964979534e-10,-6.794635964979534e-10,-2.3203966410553416e-11
low_energy_small_angles,rk45_strict,RK45,1e-08,1e-10,0.8210262828535669,-0.033405471346610274,-0.047527795546787564,-0.033405471354648275,-0.047527795612373455,8.038000820498326e-12,6.558589088490052e-11,6.558589088490052e-11,-0.08090916290355467,-1.9983128560443442,-0.08090916297710002,-1.9983128560409595,7.354535036530052e-11,3.3846259128722522e-12,7.362319099933726e-11,7.354535036530052e-11,-29.282217724740907,5.794902335765073e-10,-5.794902335765073e-10,-1.978983419341073e-11,-29.282217724817418,6.560014753631549e-10,-6.560014753631549e-10,-2.2402725146800384e-11
low_energy_small_angles,rk45_strict,RK45,1e-08,1e-10,0.8260325406758449,-0.03435225182024203,-0.04889955387692276,-0.03435225185744724,-0.048899554050501455,3.720521113415032e-11,1.73578693085652e-10,1.73578693085652e-10,-0.08322556421260154,-1.9982146744522717,-0.08322556442315601,-1.9982146744425098,2.1055447663176352e-10,9.761969010924076e-12,2.1078065297518673e-10,2.1055447663176352e-10,-29.282217724770618,6.092015780723159e-10,-6.092015780723159e-10,-2.080448905240022e-11,-29.282217724798453,6.370370897457178e-10,-6.370370897457178e-10,-2.1755083434820723e-11
low_energy_small_angles,rk45_strict,RK45,1e-08,1e-10,0.8310387984981227,-0.03529420150482141,-0.05026411184327259,-0.035294201540803836,-0.05026411200718302,3.598242537261598e-11,1.6391042689800628e-10,1.6391042689800628e-10,-0.0855298237071974,-1.9981142497930504,-0.08552982390686084,-1.9981142497835451,1.9966343856037128e-10,9.50528544763074e-12,1.9988956738457385e-10,1.9966343856037128e-10,-29.282217724804088,6.426716936402954e-10,-6.426716936402954e-10,-2.1947507517848026e-11,-29.282217724799718,6.383018558153708e-10,-6.383018558153708e-10,-2.1798275725840723e-11
low_energy_small_angles,rk45_strict,RK45,1e-08,1e-10,0.8360450563204005,-0.036231193297065444,-0.0516212612174899,-0.03623119330702086,-0.05162126127950587,9.955418434071106e-12,6.201596874921833e-11,6.201596874921833e-11,-0.08782160497955152,-1.9980116406525703,-0.08782160505143377,-1.9980116406490098,7.188225015219984e-11,3.560485239972877e-12,7.197037544773195e-11,7.188225015219984e-11,-29.282217724811343,6.49926334972406e-10,-6.49926334972406e-10,-2.2195256557912185e-11,-29.28221772482564,6.642224548158993e-10,-6.642224548158993e-10,-2.2683475038430384e-11
low_energy_small_angles,rk45_strict,RK45,1e-08,1e-10,0.8410513141426784,-0.03716310066772576,-0.05297079508472774,-0.03716310062789427,-0.05297079495837963,3.983149227115845e-11,1.2634811252798528e-10,1.2634811252798528e-10,-0.09010057367872994,-1.9979069068961663,-0.09010057351275505,-1.997906906904336,1.6597488661229676e-10,8.169687149006677e-12,1.6617583089630517e-10,1.6597488661229676e-10,-29.282217724792535,6.311182687568362e-10,-6.311182687568362e-10,-2.1552953218979938e-11,-29.282217724863465,7.020481973540882e-10,-7.020481973540882e-10,-2.397523998924482e-11
low_energy_small_angles,rk45_strict,RK45,1e-08,1e-10,0.8460575719649562,-0.03808979761509807,-0.05431250767301491,-0.038089797545004495,-0.054312507429561174,7.009357677612016e-11,2.434537363371625e-10,2.434537363371625e-10,-0.09236639729566588,-1.9978001096457974,-0.0923663969825284,-1.9978001096616826,3.131374881615301e-10,1.5885293080941665e-11,3.1354015536830336e-10,3.131374881615301e-10,-29.28221772476461,6.031939392414642e-10,-6.031939392414642e-10,-2.0599325670055222e-11,-29.282217724882123,7.207070495951484e-10,-7.207070495951484e-10,-2.4612447608449986e-11
low_energy_small_angles,rk45_strict,RK45,1e-08,1e-10,0.851063829787234,-0.03901115874341633,-0.0556461946362251,-0.03901115870012941,-0.05564619448227023,4.3286922657426175e-11,1.53954876624951e-10,1.53954876624951e-10,-0.09461874552571897,-1.997691311228362,-0.09461874532874842,-1.9976913112386128,1.9697055098077954e-10,1.025068918636407e-11,1.9723710244897461e-10,1.9697055098077954e-10,-29.28221772474726,5.858424856342026e-10,-5.858424856342026e-10,-2.0006766261792077e-11,-29.28221772486988,7.084643982580019e-10,-7.084643982580019e-10,-2.41943559375092e-11
low_energy_small_angles,rk45_strict,RK45,1e-08,1e-10,0.8560700876095119,-0.03992705927944588,-0.05697165311526914,-0.039927059290046744,-0.05697165315439066,1.0600867406118653e-11,3.912151852469847e-11,3.912151852469847e-11,-0.09685729034770715,-1.9975805751360332,-0.09685729039735762,-1.9975805751333824,4.965046429550313e-11,2.6507684935950238e-12,4.9721174346204525e-11,4.965046429550313e-11,-29.282217724754826,5.934097657700477e-10,-5.934097657700477e-10,-2.0265192047951064e-11,-29.28221772484237,6.809521835293708e-10,-6.809521835293708e-10,-2.3254802281164035e-11
low_energy_small_angles,rk45_strict,RK45,1e-08,1e-10,0.8610763454317898,-0.04083737507248349,-0.05828868173809503,-0.04083737511990199,-0.05828868191691891,4.741850662126623e-11,1.788238793154484e-10,1.788238793154484e-10,-0.09908170602501772,-1.9974679659899142,-0.09908170625091686,-1.997467965977561,2.2589914661086397e-10,1.2353229550399192e-11,2.2623666086609718e-10,2.2589914661086397e-10,-29.282217724787998,6.265814533890079e-10,-6.265814533890079e-10,-2.1398019073944714e-11,-29.28221772481763,6.562146381838829e-10,-6.562146381838829e-10,-2.2410004746410496e-11
low_energy_small_angles,rk45_strict,RK45,1e-08,1e-10,0.8660826032540676,-0.041741982594357296,-0.05959708061968785,-0.04174198264384941,-0.05959708081599066,4.949211179772206e-11,1.9630280734261873e-10,1.9630280734261873e-10,-0.10129166910649448,-1.9973535495033747,-0.10129166935189778,-1.9973535494896173,2.454032949072982e-10,1.375743963194509e-11,2.4578861710133155e-10,2.454032949072982e-10,-29.282217724829902,6.684857112304599e-10,-6.684857112304599e-10,-2.2829067030632632e-11,-29.282217724814206,6.527898221975192e-10,-6.527898221975192e-10,-2.2293045846008027e-11
low_energy_small_angles,rk45_strict,RK45,1e-08,1e-10,0.8710888610763454,-0.0426407589403477,-0.060896651364849445,-0.04264075896505211,-0.06089665147288101,2.4704405188202827e-11,1.080315628620987e-10,1.080315628620987e-10,-0.10348685843079611,-1.9972373924448665,-0.10348685856330936,-1.9972373924372389,1.325132503726678e-10,7.627676268384675e-12,1.327325994983321e-10,1.325132503726678e-10,-29.28221772484721,6.857945322735759e-10,-6.857945322735759e-10,-2.3420170518973752e-11,-29.2822177248398,6.78383571539598e-10,-6.78383571539598e-10,-2.316708310586218e-11
low_energy_small_angles,rk45_strict,RK45,1e-08,1e-10,0.8760951188986233,-0.043533581865731856,-0.062187197174733935,-0.043533581835682025,-0.06218719708400433,3.004983067933509e-11,9.072960438505362e-11,9.072960438505362e-11,-0.10566695526967432,-1.997119562592423,-0.10566695514909874,-1.9971195625993692,1.2057557730038582e-10,6.9462213758697544e-12,1.20775493510579e-10,1.2057557730038582e-10,-29.282217724830623,6.692069121072564e-10,-6.692069121072564e-10,-2.2853696342646843e-11,-29.282217724884376,7.229594700675079e-10,-7.229594700675079e-10,-2.4689368710996838e-11
low_energy_small_angles,rk45_strict,RK45,1e-08,1e-10,0.8811013767209012,-0.04442032973033862,-0.0634685226747332,-0.04442032965691984,-0.06346852242091428,7.341877800159935e-11,2.5381892421183494e-10,2.5381892421183494e-10,-0.10783164310098126,-1.9970001287086216,-0.10783164277432702,-1.9970001287279806,3.2665423144173644e-10,1.9358958880388855e-11,3.272273769227204e-10,3.2665423144173644e-10,-29.282217724798773,6.373568339768099e-10,-6.373568339768099e-10,-2.1766002834235893e-11,-29.282217724917924,7.565077453364211e-10,-7.565077453364211e-10,-2.5835056362968353e-11
low_energy_small_angles,rk45_strict,RK45,1e-08,1e-10,0.886107634543179,-0.045300881564564494,-0.06474043412674962,-0.045300881501275224,-0.06474043389064325,6.328926965837312e-11,2.3610637056581396e-10,2.3610637056581396e-10,-0.10998060788646769,-1.996879160486537,-0.1099806075876316,-1.996879160504678,2.988360808808821e-10,1.8141044222375058e-11,2.993862066323752e-10,2.988360808808821e-10,-29.282217724772686,6.112692574333778e-10,-6.112692574333778e-10,-2.087510116861831e-11,-29.282217724911824,7.504077359499206e-10,-7.504077359499206e-10,-2.562673848745897e-11
low_energy_small_angles,rk45_strict,RK45,1e-08,1e-10,0.8911138923654568,-0.04617511710750792,-0.06600273954674454,-0.0461751171054227,-0.06600273950181049,2.085220884850969e-12,4.493405647565396e-11,4.493405647565396e-11,-0.11211353822686979,-1.9967567285010106,-0.11211353817995058,-1.9967567285040706,4.691920463262278e-11,3.0599967004718565e-12,4.70188828362056e-11,4.691920463262278e-11,-29.282217724771048,6.096314564274508e-10,-6.096314564274508e-10,-2.0819169578280613e-11,-29.282217724883424,7.220073428015894e-10,-7.220073428015894e-10,-2.465685316607167e-11
low_energy_small_angles,rk45_strict,RK45,1e-08,1e-10,0.8961201501877347,-0.047042916806969294,-0.06725524870473815,-0.04704291685882321,-0.0672552488468049,5.185391699358277e-11,1.420667472551429e-10,1.420667472551429e-10,-0.11423012536132966,-1.9966329041683233,-0.11423012555487178,-1.9966329041563373,1.93542112891798e-10,1.198596777385319e-11,1.9391290025704152e-10,1.93542112891798e-10,-29.28221772480019,6.387743667346513e-10,-6.387743667346513e-10,-2.1814412171643138e-11,-29.282217724850163,6.887468373406591e-10,-6.887468373406591e-10,-2.3520992973573807e-11
low_energy_small_angles,rk45_strict,RK45,1e-08,1e-10,0.9011264080100125,-0.04790416181945086,-0.06849777312480948,-0.04790416188785657,-0.06849777334730624,6.840570471178253e-11,2.224967571295977e-10,2.224967571295977e-10,-0.11633006316659222,-1.996507759705688,-0.11633006345689442,-1.9965077596871836,2.9030219894643494e-10,1.850430919603241e-11,2.908913477089992e-10,2.9030219894643494e-10,-29.28221772484866,6.872440394545265e-10,-6.872440394545265e-10,-2.3469671796322515e-11,-29.282217724834144,6.727276513629477e-10,-6.727276513629477e-10,-2.2973931062873866e-11
low_energy_small_angles,rk45_strict,RK45,1e-08,1e-10,0.9061326658322904,-0.048758734010156894,-0.0697301260850966,-0.04875873405785342,-0.06973012626003795,4.769652728331408e-11,1.749413530705013e-10,1.749413530705013e-10,-0.1184130481559808,-1.9963813680905835,-0.11841304837813688,-1.99638136807607,2.2215607131670367e-10,1.4513501511714821e-11,2.2262965154939015e-10,2.2215607131670367e-10,-29.28221772488623,7.248139866078418e-10,-7.248139866078418e-10,-2.4752701227604817e-11,-29.282217724849726,6.883098535581667e-10,-6.883098535581667e-10,-2.350606979437308e-11
low_energy_small_angles,rk45_strict,RK45,1e-08,1e-10,0.9111389236545683,-0.049606515973587686,-0.07095212266269613,-0.049606515973095205,-0.0709521226767671,4.924810559359116e-13,1.4070966614099234e-11,1.4070966614099234e-11,-0.12047877954350833,-1.9962538030157346,-0.12047877955705201,-1.9962538030147614,1.3543680066341324e-11,9.732215033864122e-13,1.3578601910140272e-11,1.3543680066341324e-11,-29.282217724881512,7.200959828423947e-10,-7.200959828423947e-10,-2.4591579422900996e-11,-29.282217724894778,7.333618157190358e-10,-7.333618157190358e-10,-2.504461317197032e-11
low_energy_small_angles,rk45_strict,RK45,1e-08,1e-10,0.9161451814768461,-0.05044739103934042,-0.07216357972253708,-0.05044739097681409,-0.0721635795243042,6.252633133474461e-11,1.9823287455977834e-10,1.9823287455977834e-10,-0.12252695923708828,-1.9961251388483177,-0.12252695897692456,-1.9961251388657635,2.6016372389747744e-10,1.7445822564354785e-11,2.607480008689421e-10,2.6016372389747744e-10,-29.28221772485155,6.901323956753913e-10,-6.901323956753913e-10,-2.3568310371039537e-11,-29.282217724946545,7.851284067328379e-10,-7.851284067328379e-10,-2.6812463937286103e-11
low_energy_small_angles,rk45_strict,RK45,1e-08,1e-10,0.9211514392991239,-0.05128124324246572,-0.0733643158690647,-0.051281243154179326,-0.07336431557072474,8.828639208591227e-11,2.9833994996675273e-10,2.9833994996675273e-10,-0.12455729175904745,-1.9959954505936524,-0.1245572913733397,-1.995995450620046,3.8570774352209014e-10,2.639355400901877e-11,3.8660972970959933e-10,3.8570774352209014e-10,-29.28221772481662,6.552021147854248e-10,-6.552021147854248e-10,-2.2375426648262465e-11,-29.282217724963708,8.022915665151231e-10,-8.022915665151231e-10,-2.7398593032560313e-11
low_energy_small_angles,rk45_strict,RK45,1e-08,1e-10,0.9261576971214017,-0.05210795741945027,-0.07455415168904424,-0.05210795738208549,-0.07455415151335046,3.736477793836457e-11,1.7569377896986538e-10,1.7569377896986538e-10,-0.12656948458222622,-1.9958648138310635,-0.12656948436970644,-1.9958648138460964,2.1251977955216717e-10,1.503286384263447e-11,2.1305080074060487e-10,2.1251977955216717e-10,-29.282217724799423,6.380069805800304e-10,-6.380069805800304e-10,-2.1788205613046737e-11,-29.28221772494311,7.816929326054378e-10,-7.816929326054378e-10,-2.6695141056903126e-11
low_energy_small_angles,rk45_strict,RK45,1e-08,1e-10,0.9311639549436797,-0.052927419212360056,-0.07573290976142487,-0.052927419250417634,-0.07573290979870276,3.805757792241238e-11,3.727788910889984e-11,3.805757792241238e-11,-0.1285632481417334,-1.9957333046699506,-0.12856324821690873,-1.9957333046651167,7.517533817669175e-11,4.8339110492179316e-12,7.533059249741581e-11,7.517533817669175e-11,-29.282217724814238,6.528217966206284e-10,-6.528217966206284e-10,-2.229413778594954e-11,-29.282217724904662,7.432454651734588e-10,-7.432454651734588e-10,-2.5382143940559196e-11
low_energy_small_angles,rk45_strict,RK45,1e-08,1e-10,0.9361702127659575,-0.05373951506884028,-0.07690041465733945,-0.05373951515275248,-0.07690041485454464,8.3912196635616e-11,1.9720519661703406e-10,1.9720519661703406e-10,-0.13053829583251492,-1.9956009997067259,-0.13053829611292836,-1.9956009996870683,2.8041344246609867e-10,1.9657608874013022e-11,2.8110161917415505e-10,2.8041344246609867e-10,-29.282217724859105,6.976890176702e-10,-6.976890176702e-10,-2.382637217721802e-11,-29.282217724871412,7.099956178535649e-10,-7.099956178535649e-10,-2.424664772804184e-11
low_energy_small_angles,rk45_strict,RK45,1e-08,1e-10,0.9411764705882353,-0.05454413224211545,-0.07805649294010482,-0.05454413232340077,-0.07805649317365342,8.128531875373213e-11,2.335485971283191e-10,2.335485971283191e-10,-0.13249434400671878,-1.9954679759817462,-0.1324943443207207,-1.9954679759591034,3.1400190780850323e-10,2.2642776542625143e-11,3.1481723815086593e-10,3.1400190780850323e-10,-29.282217724912528,7.511111732583231e-10,-7.511111732583231e-10,-2.5650761166172342e-11,-29.28221772486543,7.040128480184649e-10,-7.040128480184649e-10,-2.404233363231802e-11
low_energy_small_angles,rk45_strict,RK45,1e-08,1e-10,0.9461827284105132,-0.05534115879184625,-0.07920097316665123,-0.0553411588374072,-0.07920097331382049,4.556095084540246e-11,1.4716926288738108e-10,1.4716926288738108e-10,-0.13443111197314028,-1.9953343109360935,-0.13443111216533937,-1.9953343109219297,1.9219908997669677e-10,1.4163781258957897e-11,1.9272027108589794e-10,1.9219908997669677e-10,-29.282217724935126,7.737099849691731e-10,-7.737099849691731e-10,-2.642252005150442e-11,-29.28221772489634,7.34925009737708e-10,-7.34925009737708e-10,-2.5097996902444477e-11
low_energy_small_angles,rk45_strict,RK45,1e-08,1e-10,0.951188986232791,-0.05613048363564613,-0.08033368595754958,-0.05613048361055037,-0.08033368589785142,2.5095758804383195e-11,5.96981630796023e-11,5.96981630796023e-11,-0.13634832211542697,-1.9952000823600198,-0.1363483220308651,-1.9952000823662184,8.456185751626322e-11,6.198597191087174e-12,8.478873954563869e-11,8.456185751626322e-11,-29.28221772491709,7.55672857621903e-10,-7.55672857621903e-10,-2.5806544597828746e-11,-29.28221772495436,7.92944376826199e-10,-7.92944376826199e-10,-2.707938258965689e-11
low_energy_small_angles,rk45_strict,RK45,1e-08,1e-10,0.9561952440550688,-0.056911996481963115,-0.08145446385980704,-0.05691199639934287,-0.08145446361356598,8.262024397964751e-11,2.462410553238925e-10,2.462410553238925e-10,-0.13824569968505318,-1.9950653683643336,-0.1382456993571421,-1.9950653683890684,3.2791108717233897e-10,2.4734880810228788e-11,3.288426605829017e-10,3.2791108717233897e-10,-29.282217724881033,7.196163664957567e-10,-7.196163664957567e-10,-2.4575200323778243e-11,-29.282217725008003,8.465868006624078e-10,-8.465868006624078e-10,-2.8911293831541658e-11
low_energy_small_angles,rk45_strict,RK45,1e-08,1e-10,0.9612015018773468,-0.05768558790003673,-0.08256314151612812,-0.05768558781410306,-0.08256314123223411,8.593366990217177e-11,2.8389400552608635e-10,2.8389400552608635e-10,-0.1401229730364687,-1.9949302473199038,-0.140122972667751,-1.9949302473482708,3.687176952649196e-10,2.836708645759245e-11,3.698072881861127e-10,3.687176952649196e-10,-29.282217724849684,6.88267220994021e-10,-6.88267220994021e-10,-2.3504613874451057e-11,-29.282217725014043,8.526264139163686e-10,-8.526264139163686e-10,-2.9117549153828173e-11
low_energy_small_angles,rk45_strict,RK45,1e-08,1e-10,0.9662077596996246,-0.058451149371841926,-0.08365955576247022,-0.05845114936304871,-0.08365955563948933,8.79321615521178e-12,1.2298088936102403e-10,1.2298088936102403e-10,-0.1419798737725174,-1.994794797802835,-0.14197987364118841,-1.9947947978136253,1.3132897547230016e-10,1.0790257576331896e-11,1.3177150472377403e-10,1.3132897547230016e-10,-29.282217724843978,6.825615628258674e-10,-6.825615628258674e-10,-2.330976325822038e-11,-29.28221772498416,8.227445391639776e-10,-8.227445391639776e-10,-2.8097070615150592e-11
low_energy_small_angles,rk45_strict,RK45,1e-08,1e-10,0.9712140175219024,-0.05920857329208915,-0.08474354562804369,-0.05920857336625081,-0.0847435457121401,7.416165598295166e-11,8.409641039097693e-11,8.409641039097693e-11,-0.1438161367405532,-1.9946590985502186,-0.14381613689837952,-1.994659098538712,1.5782630757854577e-10,1.1506573471820047e-11,1.5824520402508293e-10,1.5782630757854577e-10,-29.28221772487261,7.111928823633207e-10,-7.111928823633207e-10,-2.4287534812518638e-11,-29.282217724940033,7.786162825595966e-10,-7.786162825595966e-10,-2.659007216919717e-11
low_energy_small_angles,rk45_strict,RK45,1e-08,1e-10,0.9762202753441802,-0.05995775296822428,-0.08581495233531178,-0.05995775307976278,-0.08581495255431372,1.1153850065781512e-10,2.190019415815314e-10,2.190019415815314e-10,-0.14563150002838335,-1.994523228416035,-0.14563150035791744,-1.9945232283905807,3.2953409445646287e-10,2.545430533018589e-11,3.305157198516938e-10,3.2953409445646287e-10,-29.282217724926,7.645830635283346e-10,-7.645830635283346e-10,-2.6110831861531442e-11,-29.28221772490761,7.461942175268632e-10,-7.461942175268632e-10,-2.5482845068499085e-11
low_energy_small_angles,rk45_strict,RK45,1e-08,1e-10,0.9812265331664581,-0.06069858262042866,-0.08687361929999064,-0.06069858271399036,-0.08687361952778361,9.356170005414555e-11,2.2779296504626956e-10,2.2779296504626956e-10,-0.14742570496004498,-1.9943872663272249,-0.14742570528036827,-1.994387266301785,3.2032329566611395e-10,2.5439872430865762e-11,3.2133191695768315e-10,3.2032329566611395e-10,-29.282217724974874,8.134577456075931e-10,-8.134577456075931e-10,-2.7779922725470032e-11,-29.28221772490834,7.469225238310173e-10,-7.469225238310173e-10,-2.5507717033833634e-11
low_energy_small_angles,rk45_strict,RK45,1e-08,1e-10,0.986232790988736,-0.06143095739392578,-0.0879193921436933,-0.06143095743369155,-0.08791939225196928,3.9765767068100644e-11,1.0827597152207602e-10,1.0827597152207602e-10,-0.1491984961162996,-1.9942512912380783,-0.14919849626384812,-1.9942512912261297,1.4754852895038084e-10,1.1948664280225785e-11,1.48031547223904e-10,1.4754852895038084e-10,-29.282217724980164,8.18747736275327e-10,-8.18747736275327e-10,-2.7960578122460988e-11,-29.28221772494877,7.87352405495767e-10,-7.87352405495767e-10,-2.688841442655161e-11
low_energy_small_angles,rk45_strict,RK45,1e-08,1e-10,0.9912390488110138,-0.062154773402113714,-0.08895211870640568,-0.06215477335797669,-0.08895211860393647,4.413702042738166e-11,1.0246921366974249e-10,1.0246921366974249e-10,-0.15094962138556134,-1.9941153820827915,-0.15094962123944544,-1.9941153820946358,1.4611589715940454e-10,1.184430331591102e-11,1.4659516678164047e-10,1.4611589715940454e-10,-29.28221772495386,7.924434441974881e-10,-7.924434441974881e-10,-2.7062275530573125e-11,-29.282217725014775,8.533582729342015e-10,-8.533582729342015e-10,-2.9142542445822894e-11
low_energy_small_angles,rk45_strict,RK45,1e-08,1e-10,0.9962453066332917,-0.06286992765264843,-0.08997164897295667,-0.06286992756030846,-0.089971648718397,9.23399690044846e-11,2.5455967889165265e-10,2.5455967889165265e-10,-0.1526788318121819,-1.993979617743062,-0.1526788314664943,-1.993979617771736,3.4568758966457835e-10,2.8673952101598843e-11,3.46874768723859e-10,3.4568758966457835e-10,-29.28221772491769,7.562732662336202e-10,-7.562732662336202e-10,-2.582704880339723e-11,-29.28221772507041,9.089937691442174e-10,-9.089937691442174e-10,-3.104251794406221e-11
low_energy_small_angles,rk45_strict,RK45,1e-08,1e-10,1.0012515644555695,-0.06357631816433895,-0.09097783525868514,-0.0635763180879491,-0.09097783500461347,7.638985277669263e-11,2.5407166648339086e-10,2.5407166648339086e-10,-0.1543858818932044,-1.9938440769810115,-0.15438588156394797,-1.9938440770089478,3.292564276780041e-10,2.793631992403789e-11,3.304394545725116e-10,3.292564276780041e-10,-29.282217724894878,7.334612917020422e-10,-7.334612917020422e-10,-2.504801031845504e-11,-29.282217725072375,9.10958419808594e-10,-9.10958419808594e-10,-3.1109611587135414e-11
low_energy_small_angles,rk45_strict,RK45,1e-08,1e-10,1.0062578222778473,-0.0642738439840586,-0.09197053223142955,-0.06427384400207742,-0.09197053214088817,1.8018822545151636e-11,9.054137994901623e-11,9.054137994901623e-11,-0.15607052961208545,-1.9937088383922013,-0.15607052953990835,-1.9937088383993595,7.217709763196467e-11,7.158273973573159e-12,7.253119541862588e-11,7.217709763196467e-11,-29.282217724902274,7.408580415813049e-10,-7.408580415813049e-10,-2.5300612424925938e-11,-29.282217725038084,8.766676273808116e-10,-8.766676273808116e-10,-2.993856666318868e-11
low_energy_small_angles,rk45_strict,RK45,1e-08,1e-10,1.0112640801001251,-0.0649624051867449,-0.092949596911528,-0.06496240529173451,-0.09294959700833341,1.049896142246709e-10,9.680541090961725e-11,1.049896142246709e-10,-0.15773253643350105,-1.9935739803618913,-0.15773253663465675,-1.9935739803460908,2.0115570320555776e-10,1.5800472041860303e-11,2.0177530039345265e-10,2.0115570320555776e-10,-29.28221772494178,7.803642176895664e-10,-7.803642176895664e-10,-2.664976488600009e-11,-29.28221772499132,8.299032572267606e-10,-8.299032572267606e-10,-2.83415438353902e-11
low_energy_small_angles,rk45_strict,RK45,1e-08,1e-10,1.016270337922403,-0.06564190287539966,-0.09391488867181813,-0.06564190300963901,-0.09391488887964353,1.3423935574241597e-10,2.07825395781569e-10,2.07825395781569e-10,-0.1593716672980305,-1.9934395810216188,-0.15937166763889032,-1.993439580993324,3.408598125975715e-10,2.829469991638689e-11,3.4203216498950787e-10,3.408598125975715e-10,-29.282217724996272,8.348557400950085e-10,-8.348557400950085e-10,-2.8510673199665142e-11,-29.28221772495927,7.978542271303013e-10,-7.978542271303013e-10,-2.724705603400981e-11
low_energy_small_angles,rk45_strict,RK45,1e-08,1e-10,1.0212765957446808,-0.06631223918108888,-0.09486626923763716,-0.06631223928633738,-0.09486626943514917,1.0524850435622568e-10,1.9751200674988922e-10,1.9751200674988922e-10,-0.16098769061672527,-1.9933057182061142,-0.16098769091836637,-1.993305718180431,3.01641100985961e-10,2.5683233317863596e-11,3.0273252596588053e-10,3.01641100985961e-10,-29.28221772503008,8.686633634624741e-10,-8.686633634624741e-10,-2.966521769782896e-11,-29.282217724962894,8.014779950826778e-10,-8.014779950826778e-10,-2.7370809227381717e-11
low_energy_small_angles,rk45_strict,RK45,1e-08,1e-10,1.0262828535669588,-0.06697331730228645,-0.0958036027053997,-0.06697331733020394,-0.09580360276281738,2.7917487765982685e-11,5.741768172029538e-11,5.741768172029538e-11,-0.1625803783233177,-1.9931724694061606,-0.162580378408327,-1.9931724693987998,8.500930515076277e-11,7.360778653264788e-12,8.532738730676019e-11,8.500930515076277e-11,-29.282217725019354,8.579377208661754e-10,-8.579377208661754e-10,-2.929893251078014e-11,-29.282217725007307,8.458904687813629e-10,-8.458904687813629e-10,-2.8887513806148623e-11
low_energy_small_angles,rk45_strict,RK45,1e-08,1e-10,1.0312891113892366,-0.06762504148623157,-0.09672675548642787,-0.0676250414274407,-0.09672675535825141,5.8790861068303e-11,1.281764555605136e-10,1.281764555605136e-10,-0.16414950579405663,-1.9930399117326965,-0.16414950560782285,-1.993039911749048,1.8623377839865896e-10,1.635158675128423e-11,1.869502463382319e-10,1.8623377839865896e-10,-29.282217724988115,8.266987094884826e-10,-8.266987094884826e-10,-2.8232107187918178e-11,-29.28221772507672,9.153033886377671e-10,-9.153033886377671e-10,-3.125799409252154e-11
low_energy_small_angles,rk45_strict,RK45,1e-08,1e-10,1.0362953692115144,-0.06826731703464387,-0.09763559636711143,-0.06826731694207765,-0.09763559612469096,9.25662185791154e-11,2.424204725848256e-10,2.424204725848256e-10,-0.16569485190756117,-1.9929081218686895,-0.16569485157394465,-1.992908121898635,3.3361652329588765e-10,2.99456015540045e-11,3.349577938613561e-10,3.3361652329588765e-10,-29.28221772495729,7.958753656112094e-10,-7.958753656112094e-10,-2.7179477084295933e-11,-29.282217725133997,9.725802385673887e-10,-9.725802385673887e-10,-3.321402250775872e-11
low_energy_small_angles,rk45_strict,RK45,1e-08,1e-10,1.0413016270337923,-0.06890005039689641,-0.09852999660270387,-0.06890005033631424,-0.09852999638195556,6.058216428517227e-11,2.2074830852147898e-10,2.2074830852147898e-10,-0.16721619922527783,-1.9927771760117203,-0.16721619894516176,-1.9927771760376063,2.801160692289528e-10,2.588596004216015e-11,2.813096073147588e-10,2.801160692289528e-10,-29.282217724947692,7.862759332510905e-10,-7.862759332510905e-10,-2.685165244852054e-11,-29.28221772513575,9.743352791247162e-10,-9.743352791247162e-10,-3.3273957877881984e-11
low_energy_small_angles,rk45_strict,RK45,1e-08,1e-10,1.04630788485607,-0.0695231491706958,-0.09940982991785344,-0.06952314921314787,-0.09940982984290905,4.2452069637377576e-11,7.49443840319941e-11,7.49443840319941e-11,-0.16871333398671204,-1.9926471498318303,-0.16871333395448718,-1.9926471498363192,3.222486166798433e-11,4.488853733164433e-12,3.2536003401746655e-11,4.2349526663265635e-11,-29.282217724969545,8.081286750893923e-10,-8.081286750893923e-10,-2.7597932735217224e-11,-29.282217725100924,9.395080269314349e-10,-9.395080269314349e-10,-3.20845926282498e-11
low_energy_small_angles,rk45_strict,RK45,1e-08,1e-10,1.0513141426783479,-0.07013652210208221,-0.10027497250660329,-0.07013652222841865,-0.1002749725861868,1.263364413084389e-10,7.958350645154155e-11,1.263364413084389e-10,-0.17018604610338245,-1.9925181184299268,-0.17018604630859202,-1.9925181184131064,2.0520957155767405e-10,1.6820322912280972e-11,2.058977695890792e-10,2.0520957155767405e-10,-29.282217725016253,8.548362018245825e-10,-8.548362018245825e-10,-2.9193014336453006e-11,-29.28221772505475,8.933334072480648e-10,-8.933334072480648e-10,-3.050771002603929e-11
low_energy_small_angles,rk45_strict,RK45,1e-08,1e-10,1.0563204005006257,-0.07074007908542934,-0.10112530303239135,-0.07074007923060927,-0.10112530319314571,1.451799236384943e-10,1.6075435427254092e-10,1.6075435427254092e-10,-0.1716341291527129,-1.9923901562966688,-0.17163412945746281,-1.992390156270179,3.047499197439407e-10,2.6489921367556235e-11,3.05899051188456e-10,3.047499197439407e-10,-29.282217725062576,9.011600354824623e-10,-9.011600354824623e-10,-3.077499265839058e-11,-29.282217725024378,8.629612580079993e-10,-8.629612580079993e-10,-2.9470488408258455e-11
low_energy_small_angles,rk45_strict,RK45,1e-08,1e-10,1.0613266583229037,-0.07133373117155009,-0.10196070263045565,-0.07133373127530288,-0.10196070275816367,1.0375278414187505e-10,1.2770802471084863e-10,1.2770802471084863e-10,-0.17305738038234775,-1.9922633372710232,-0.17305738061288145,-1.9922633372506298,2.3053370323822264e-10,2.0393464694734575e-11,2.3143396840348284e-10,2.3053370323822264e-10,-29.28221772507139,9.099743181195663e-10,-9.099743181195663e-10,-3.107600410226873e-11,-29.282217725029778,8.68361382799776e-10,-8.68361382799776e-10,-2.9654904931714635e-11
low_energy_small_angles,rk45_strict,RK45,1e-08,1e-10,1.0663329161451816,-0.07191739061882894,-0.10278105489500011,-0.07191739062518306,-0.1027810548886394,6.354111681261543e-12,6.3607175082580625e-12,6.3607175082580625e-12,-0.17445560074217414,-1.9921377344977589,-0.17445560074218466,-1.992137734497955,1.0519363158323358e-14,1.9606538614880265e-13,1.9634737748932575e-13,6.3376803804970905e-12,-29.282217725049534,8.881180235675856e-10,-8.881180235675856e-10,-3.0329602488911877e-11,-29.28221772507485,9.13434661242718e-10,-9.13434661242718e-10,-3.1194176269272885e-11
low_energy_small_angles,rk45_strict,RK45,1e-08,1e-10,1.0713391739674594,-0.07249097081874964,-0.10358624585203959,-0.07249097075003397,-0.10358624570499263,6.871567204136397e-11,1.470469579434308e-10,1.470469579434308e-10,-0.17582859477677965,-1.9920134203959277,-0.17582859456198568,-1.9920134204161095,2.1479396039580934e-10,2.018185618624102e-11,2.157400119162846e-10,2.1479396039580934e-10,-29.282217725018413,8.569962517412932e-10,-8.569962517412932e-10,-2.926678094583548e-11,-29.282217725143003,9.81586367743148e-10,-9.81586367743148e-10,-3.352158559128597e-11
low_energy_small_angles,rk45_strict,RK45,1e-08,1e-10,1.0763454317897372,-0.07305438640877276,-0.10437616406079765,-0.07305438632674024,-0.10437616384066399,8.203251966598657e-11,2.2013366129947087e-10,2.2013366129947087e-10,-0.17717617083261455,-1.9918904666011947,-0.17717617053186524,-1.9918904666301174,3.007493143414308e-10,2.8922642059114878e-11,3.0213683870147387e-10,3.007493143414308e-10,-29.282217724999278,8.378613358672737e-10,-8.378613358672737e-10,-2.8613315554167725e-11,-29.28221772519734,1.0359251234604017e-09,-1.0359251234604017e-09,-3.5377276858563777e-11
low_energy_small_angles,rk45_strict,RK45,1e-08,1e-10,1.081351689612015,-0.07360755329625202,-0.10515070062726226,-0.07360755326106895,-0.10515070044377078,3.5183064794885865e-11,1.834914720166836e-10,1.834914720166836e-10,-0.17849814108897566,-1.9917689439236246,-0.17849814087140986,-1.9917689439454707,2.1756579871023973e-10,2.184608050015413e-11,2.1865984542582062e-10,2.1756579871023973e-10,-29.28221772500706,8.456453315375256e-10,-8.456453315375256e-10,-2.8879142266596997e-11,-29.28221772519718,1.0357652513448556e-09,-1.0357652513448556e-09,-3.537181715885619e-11
low_energy_small_angles,rk45_strict,RK45,1e-08,1e-10,1.0863579474342928,-0.07415038865843425,-0.10590974920418576,-0.07415038872401235,-0.10590974913798089,6.557809850704643e-11,6.620487491559857e-11,6.620487491559857e-11,-0.1797943215516335,-1.991648922309118,-0.17979432155119746,-1.9916489223112586,4.3604009292153023e-13,2.140509991477302e-12,2.1844710998887524e-12,6.539789543236196e-11,-29.282217725042504,8.810872031972394e-10,-8.810872031972394e-10,-3.008949702843834e-11,-29.282217725163314,1.0018972318448505e-09,-1.0018972318448505e-09,-3.421521010746951e-11
low_energy_small_angles,rk45_strict,RK45,1e-08,1e-10,1.0913642052565709,-0.0746828109424594,-0.10665320599108491,-0.07468281107644281,-0.1066532060352182,1.3398340770187644e-10,4.413329424135526e-11,1.3398340770187644e-10,-0.18106453204645404,-1.9915304708014596,-0.18106453222394647,-1.9915304707867647,1.7749243741427279e-10,1.4694911953938572e-11,1.7809970740176287e-10,1.7749243741427279e-10,-29.28221772508873,9.273151135857916e-10,-9.273151135857916e-10,-3.166819953055137e-11,-29.282217725121043,9.596270444944821e-10,-9.596270444944821e-10,-3.2771665504784234e-11
low_energy_small_angles,rk45_strict,RK45,1e-08,1e-10,1.0963704630788487,-0.07520473986540965,-0.10738096973424723,-0.07520474000422214,-0.1073809698191252,1.3881248928093726e-10,8.487797964473742e-11,1.3881248928093726e-10,-0.1823085962130777,-1.9914136575049783,-0.18230859643588693,-1.991413657485452,2.2280921552209065e-10,1.9526380512502328e-11,2.2366319781646796e-10,2.2280921552209065e-10,-29.282217725112336,9.50919343267742e-10,-9.50919343267742e-10,-3.247429386071114e-11,-29.28221772509611,9.346940998966602e-10,-9.346940998966602e-10,-3.192019500372142e-11
low_energy_small_angles,rk45_strict,RK45,1e-08,1e-10,1.1013767209011265,-0.07571609646083953,-0.10809294171849702,-0.0757160965299073,-0.10809294174922371,6.906776539583603e-11,3.072668508519172e-11,6.906776539583603e-11,-0.18352634153676395,-1.991298549545212,-0.18352634163618117,-1.9912985495366724,9.941722445283574e-11,8.539613460811779e-12,9.978331281314326e-11,9.941722445283574e-11,-29.282217725099315,9.378986476349382e-10,-9.378986476349382e-10,-3.2029631651193444e-11,-29.282217725105884,9.444676152270404e-10,-9.444676152270404e-10,-3.2253964645845076e-11
low_energy_small_angles,rk45_strict,RK45,1e-08,1e-10,1.1063829787234043,-0.07621680303525856,-0.10878902573097361,-0.07621680301275029,-0.10878902566091468,2.2508273023191805e-11,7.005893087885795e-11,7.005893087885795e-11,-0.18471759926263803,-1.9911852130400072,-0.18471759917055036,-1.9911852130493275,9.208767082213853e-11,9.320322291728189e-12,9.255813051843814e-11,9.208767082213853e-11,-29.282217725071558,9.101412956624699e-10,-9.101412956624699e-10,-3.108170645529665e-11,-29.282217725151483,9.900666952944448e-10,-9.900666952944448e-10,-3.381119232910827e-11
low_energy_small_angles,rk45_strict,RK45,1e-08,1e-10,1.1113892365456821,-0.07670678321869694,-0.10946912812463132,-0.07670678314869823,-0.10946912796547836,6.999870127977204e-11,1.591529547040338e-10,1.591529547040338e-10,-0.18588220450292134,-1.9910737130534493,-0.1858822042749282,-1.9910737130762008,2.2799315213539728e-10,2.2751578399038408e-11,2.291255370758179e-10,2.2799315213539728e-10,-29.282217725048902,8.874856405327591e-10,-8.874856405327591e-10,-3.030800634340188e-11,-29.28221772521439,1.0529745964049653e-09,-1.0529745964049653e-09,-3.5959523500712594e-11
low_energy_small_angles,rk45_strict,RK45,1e-08,1e-10,1.11639549436796,-0.07718596203026976,-0.11013315784167706,-0.07718596197039335,-0.11013315765007416,5.987640938620586e-11,1.9160290021247306e-10,1.9160290021247306e-10,-0.1870199963192886,-1.990964113553298,-0.18701999606914838,-1.9909641135789744,2.501402140975273e-10,2.567634993511092e-11,2.514545717515334e-10,2.501402140975273e-10,-29.282217725048184,8.867679923696414e-10,-8.867679923696414e-10,-3.0283498358047837e-11,-29.2822177252575,1.0960832241835305e-09,-1.0960832241835305e-09,-3.743170119519765e-11
low_energy_small_angles,rk45_strict,RK45,1e-08,1e-10,1.1214017521902377,-0.077654265878177,-0.11078102641357032,-0.07765426587827813,-0.1107810262692007,1.0112743975554395e-13,1.4436962736397163e-10,1.4436962736397163e-10,-0.1881308177165822,-1.9908564773765174,-0.18813081757319838,-1.9908564773924704,1.4338380482925572e-10,1.59530166854438e-11,1.4426854899346617e-10,1.4338380482925572e-10,-29.282217725074396,9.129799138918315e-10,-9.129799138918315e-10,-3.1178646456771315e-11,-29.282217725249687,1.0882708068038482e-09,-1.0882708068038482e-09,-3.716490386948703e-11
low_energy_small_angles,rk45_strict,RK45,1e-08,1e-10,1.1264080100125158,-0.07811162255970355,-0.11141264796102321,-0.07811162264453872,-0.11141264789992937,8.483516666935031e-11,6.109383832164639e-11,8.483516666935031e-11,-0.18921451563657693,-1.9907508661955222,-0.18921451566043834,-1.990750866195695,2.3861412845604946e-11,1.7275070263167436e-13,2.386203817350187e-11,8.457648470461265e-11,-29.28221772511616,9.547420631861314e-10,-9.547420631861314e-10,-3.260484134705249e-11,-29.282217725216476,1.0550600393344212e-09,-1.0550600393344212e-09,-3.6030742250231524e-11
low_energy_small_angles,rk45_strict,RK45,1e-08,1e-10,1.1314142678347936,-0.07855796126121914,-0.11202793919400032,-0.07855796138660262,-0.11202793919235056,1.253834813752519e-10,1.649763659017367e-12,1.253834813752519e-10,-0.19027094095180203,-1.990647340485155,-0.19027094107515938,-1.9906473404754996,1.233573521108866e-10,9.655387600560061e-12,1.2373464684366426e-10,1.2499679069577496e-10,-29.282217725145813,9.843965642630792e-10,-9.843965642630792e-10,-3.3617554979479284e-11,-29.282217725181496,1.0200800204529514e-09,-1.0200800204529514e-09,-3.483615995421209e-11
low_energy_small_angles,rk45_strict,RK45,1e-08,1e-10,1.1364205256570714,-0.07899321258398101,-0.11262681940277794,-0.07899321267954158,-0.11262681939816954,9.55605733432563e-11,4.608396997340947e-12,9.55605733432563e-11,-0.19129994847626697,-1.9905459594893675,-0.19129994856695035,-1.9905459594823447,9.068337747386579e-11,7.02282676456889e-12,9.09549066616682e-11,9.52625894834469e-11,-29.28221772513931,9.778950982308743e-10,-9.778950982308743e-10,-3.339552719137086e-11,-29.282217725167328,1.005911798301895e-09,-1.005911798301895e-09,-3.435230923345996e-11
low_energy_small_angles,rk45_strict,RK45,1e-08,1e-10,1.1414267834793492,-0.0794173085441359,-0.11320921042363061,-0.07941730855932952,-0.11320921037077897,1.5193624136600192e-11,5.285163973134388e-11,5.285163973134388e-11,-0.19230139692532855,-1.990446781193533,-0.192301396887961,-1.9904467811982982,3.736755349592613e-11,4.765299266296097e-12,3.767017562168065e-11,3.736755349592613e-11,-29.28221772511544,9.540244150230137e-10,-9.540244150230137e-10,-3.2580333361698446e-11,-29.282217725186065,1.0246488102438889e-09,-1.0246488102438889e-09,-3.4992186039188834e-11
low_energy_small_angles,rk45_strict,RK45,1e-08,1e-10,1.146433041301627,-0.0798301825687506,-0.11377503668000667,-0.07983018252284248,-0.11377503656525893,4.590812452409665e-11,1.1474773908837221e-10,1.1474773908837221e-10,-0.19327514894669331,-1.99034986228938,-0.19327514878692553,-1.9903498623060683,1.597677823372834e-10,1.6688206372350578e-11,1.606369836149189e-10,1.597677823372834e-10,-29.28221772509289,9.31475341303667e-10,-9.31475341303667e-10,-3.181027304960873e-11,-29.282217725233195,1.0717791099068563e-09,-1.0717791099068563e-09,-3.660170551298467e-11
low_energy_small_angles,rk45_strict,RK45,1e-08,1e-10,1.1514392991239049,-0.08023176958532312,-0.11432422519764071,-0.08023176952785867,-0.11432422503837697,5.746444986520771e-11,1.5926374108410357e-10,1.5926374108410357e-10,-0.19422107121877802,-1.9902552581360426,-0.19422107100327432,-1.9902552581588162,2.1550369821987658e-10,2.2773560814925986e-11,2.1670366637100252e-10,2.1550369821987658e-10,-29.282217725088636,9.272191903164639e-10,-9.272191903164639e-10,-3.166492371072682e-11,-29.282217725285843,1.124426773913001e-09,-1.124426773913001e-09,-3.839964529002225e-11
low_energy_small_angles,rk45_strict,RK45,1e-08,1e-10,1.1564455569461827,-0.08062200602373831,-0.1148567056044601,-0.08062200599433077,-0.11485670544814877,2.940754584290772e-11,1.563113249947179e-10,1.563113249947179e-10,-0.19513903444676553,-1.990163022730431,-0.1951390342621721,-1.9901630227507132,1.8459342387977529e-10,2.0282220347667135e-11,1.857043365188054e-10,1.8459342387977529e-10,-29.282217725109312,9.478959839270829e-10,-9.478959839270829e-10,-3.2371044872907715e-11,-29.282217725306044,1.1446275038906606e-09,-1.1446275038906606e-09,-3.908950867974056e-11
low_energy_small_angles,rk45_strict,RK45,1e-08,1e-10,1.1614518147684607,-0.08100082981626784,-0.11537241013058504,-0.08100082985371523,-0.11537241001874132,3.744739240918449e-11,1.1184371484507238e-10,1.1184371484507238e-10,-0.19602891335690606,-1.9900732086785515,-0.1960289132831305,-1.990073208688397,7.377556898724436e-11,9.845457782375888e-12,7.442961519674946e-11,7.377556898724436e-11,-29.282217725146342,9.849259186012205e-10,-9.849259186012205e-10,-3.3635632651844397e-11,-29.282217725288245,1.12682840835987e-09,-1.12682840835987e-09,-3.848166211229618e-11
low_energy_small_angles,rk45_strict,RK45,1e-08,1e-10,1.1664580725907385,-0.08136818039757016,-0.11587127360832844,-0.08136818048788755,-0.11587127354063541,9.031739245379811e-11,6.769303173559393e-11,9.031739245379811e-11,-0.1968905866909272,-1.9899858671676474,-0.19689058671370668,-1.9899858671681325,2.2779472752532115e-11,4.851674617611934e-13,2.278463882420138e-11,9.001856204893244e-11,-29.28221772517548,1.0140652761947422e-09,-1.0140652761947422e-09,-3.463075391854675e-11,-29.282217725257304,1.0958878249311965e-09,-1.0958878249311965e-09,-3.742502822888838e-11
low_energy_small_angles,rk45_strict,RK45,1e-08,1e-10,1.1714643304130163,-0.08172399872250034,-0.11635323346226936,-0.08172399880821195,-0.11635323340620166,8.571160448056503e-11,5.606770603350242e-11,8.571160448056503e-11,-0.19772393720845122,-1.9899010479388597,-0.19772393723818815,-1.9899010479383716,2.97369351365262e-11,4.880540416252188e-13,2.974093993238131e-11,8.542554164048255e-11,-29.28221772517181,1.0103953229645413e-09,-1.0103953229645413e-09,-3.450542347859265e-11,-29.28221772523488,1.0734630961906078e-09,-1.0734630961906078e-09,-3.665921434990456e-11
low_energy_small_angles,rk45_strict,RK45,1e-08,1e-10,1.1764705882352942,-0.08206822727510939,-0.1168182296759527,-0.08206822730081734,-0.11681822960550589,2.5707949657949314e-11,7.044681504808636e-11,7.044681504808636e-11,-0.19852885165753886,-1.9898187992641663,-0.1985288516131936,-1.9898187992702696,4.434524969454401e-11,6.1033400555743356e-12,4.4763287751297196e-11,4.434524969454401e-11,-29.2822177251509,9.894840502511215e-10,-9.894840502511215e-10,-3.3791294756840635e-11,-29.282217725237306,1.0758895996332285e-09,-1.0758895996332285e-09,-3.674208045879967e-11
low_energy_small_angles,rk45_strict,RK45,1e-08,1e-10,1.181476846057572,-0.08240081005636749,-0.11726620482745921,-0.08240081002659737,-0.11726620472630928,2.9770116927174683e-11,1.0114993564958041e-10,1.0114993564958041e-10,-0.19930522079256463,-1.9897391679179242,-0.19930522066244025,-1.9897391679322087,1.3012438349058186e-10,1.4284573524037114e-11,1.3090608931431584e-10,1.3012438349058186e-10,-29.282217725130575,9.691589752947039e-10,-9.691589752947039e-10,-3.309718493401642e-11,-29.282217725267778,1.1063612248563004e-09,-1.1063612248563004e-09,-3.7782699223065225e-11
low_energy_small_angles,rk45_strict,RK45,1e-08,1e-10,1.1864831038798498,-0.08272169267020939,-0.11769710408680399,-0.08272169262121039,-0.11769710395406824,4.899899930244089e-11,1.327357529445905e-10,1.327357529445905e-10,-0.2000529394522949,-1.9896621991455468,-0.20005293927164602,-1.989662199165182,1.8064888474000895e-10,1.9635182368915594e-11,1.8171285024584699e-10,1.8064888474000895e-10,-29.282217725126767,9.653504662310297e-10,-9.653504662310297e-10,-3.296712275431575e-11,-29.28221772531282,1.1514025288761331e-09,-1.1514025288761331e-09,-3.932087862068197e-11
low_energy_small_angles,rk45_strict,RK45,1e-08,1e-10,1.1914893617021276,-0.08303082232705919,-0.11811087521504052,-0.08303082229507948,-0.11811087507193448,3.1979710546359286e-11,1.4310604090628232e-10,1.4310604090628232e-10,-0.20077190655755195,-1.9895879366395315,-0.2007719063835734,-1.989587936659047,1.7397855378575855e-10,1.9515500326861002e-11,1.7506967735845004e-10,1.7397855378575855e-10,-29.282217725145596,9.841798487286724e-10,-9.841798487286724e-10,-3.3610154053209006e-11,-29.282217725343163,1.1817462564067682e-09,-1.1817462564067682e-09,-4.035712962518146e-11
low_energy_small_angles,rk45_strict,RK45,1e-08,1e-10,1.1964956195244056,-0.08332814784383022,-0.11850746856426067,-0.08332814785543607,-0.1185074684421772,1.1605855165797152e-11,1.220834683346439e-10,1.220834683346439e-10,-0.20146202510640152,-1.9895164225165496,-0.2014620249967399,-1.9895164225300177,1.0966161312353506e-10,1.3468115511727774e-11,1.1048556253327002e-10,1.0966161312353506e-10,-29.282217725178725,1.017308903783487e-09,-1.017308903783487e-09,-3.474152515928063e-11,-29.28221772533593,1.1745129313567304e-09,-1.1745129313567304e-09,-4.011010854507831e-11
low_energy_small_angles,rk45_strict,RK45,1e-08,1e-10,1.2015018773466835,-0.08361361964392507,-0.11888683707759468,-0.08361361970175193,-0.11888683697824787,5.7826868293808786e-11,9.934680855749889e-11,9.934680855749889e-11,-0.2021232021694938,-1.989447697295421,-0.20212320212847312,-1.9894476973023747,4.102068684730398e-11,6.9537708924372055e-12,4.160590918426233e-11,5.762484933669043e-11,-29.282217725203132,1.0417160467568465e-09,-1.0417160467568465e-09,-3.557503931463849e-11,-29.282217725312375,1.150958439666283e-09,-1.150958439666283e-09,-3.93057127881609e-11
low_energy_small_angles,rk45_strict,RK45,1e-08,1e-10,1.2065081351689613,-0.08388718977441544,-0.1192489362745754,-0.08388718983226687,-0.11924893618437106,5.785143197822862e-11,9.020434399431565e-11,9.020434399431565e-11,-0.2027553488881504,-1.9893817998762886,-0.20275534885623467,-1.9893817998821723,3.191572006677745e-11,5.88373794130348e-12,3.245352923093011e-11,5.7647997486753866e-11,-29.282217725197917,1.0365006630763673e-09,-1.0365006630763673e-09,-3.539693177751108e-11,-29.282217725291503,1.1300862468033301e-09,-1.1300862468033301e-09,-3.859291865967073e-11
low_energy_small_angles,rk45_strict,RK45,1e-08,1e-10,1.211514392991239,-0.08414881190500656,-0.119593724225927,-0.08414881191849233,-0.11959372413681367,1.3485768057819314e-11,8.911332782801651e-11,8.911332782801651e-11,-0.2033583804439648,-1.989318767523485,-0.203358380368926,-1.9893187675329833,7.503878074466286e-11,9.498402064878064e-12,7.563754528956942e-11,7.503878074466286e-11,-29.282217725179013,1.0175966735914699e-09,-1.0175966735914699e-09,-3.475135261875428e-11,-29.28221772528929,1.1278729061814374e-09,-1.1278729061814374e-09,-3.851733215038573e-11
low_energy_small_angles,rk45_strict,RK45,1e-08,1e-10,1.216520650813517,-0.08439844133475197,-0.11992116158335464,-0.08439844130646822,-0.11992116148326255,2.8283750341806524e-11,1.0009208739614195e-10,1.0009208739614195e-10,-0.2039322160909065,-1.9892586358421238,-0.2039322159633502,-1.9892586358564825,1.275562988567458e-10,1.4358736422082075e-11,1.2836192071510256e-10,1.275562988567458e-10,-29.282217725162802,1.0013856410751032e-09,-1.0013856410751032e-09,-3.419773906840524e-11,-29.28221772531087,1.1494520890664717e-09,-1.1494520890664717e-09,-3.9254270284249434e-11
low_energy_small_angles,rk45_strict,RK45,1e-08,1e-10,1.2215269086357947,-0.08463603505963375,-0.12023121156045322,-0.08463603501676294,-0.12023121144282445,4.287081800669057e-11,1.176287678372745e-10,1.176287678372745e-10,-0.2044767791997095,-1.9892014387562478,-0.20447677904021255,-1.9892014387739803,1.5949694343042609e-10,1.7732482149313e-11,1.6047964321627912e-10,1.5949694343042609e-10,-29.28221772516293,1.00151353876754e-09,-1.00151353876754e-09,-3.4202106828171306e-11,-29.282217725346534,1.18511778168795e-09,-1.18511778168795e-09,-4.04722686256814e-11
low_energy_small_angles,rk45_strict,RK45,1e-08,1e-10,1.2265331664580725,-0.08486155177404581,-0.12052383993194893,-0.08486155174447338,-0.12052383980602606,2.9572427839852367e-11,1.2592286935397823e-10,1.2592286935397823e-10,-0.2049919972547754,-1.9891472084912356,-0.20499199710030003,-1.9891472085088822,1.544753769344709e-10,1.7646550887207013e-11,1.5548003999633408e-10,1.544753769344709e-10,-29.282217725182786,1.021369655518356e-09,-1.021369655518356e-09,-3.488020153185327e-11,-29.282217725371947,1.2105303426324099e-09,-1.2105303426324099e-09,-4.134011822586696e-11
low_energy_small_angles,rk45_strict,RK45,1e-08,1e-10,1.2315394242803506,-0.08507495187079382,-0.12079901503369937,-0.08507495187388787,-0.12079901491745987,3.094052791752233e-12,1.1623950413319761e-10,1.1623950413319761e-10,-0.205477801850535,-1.9890959755571749,-0.20547780173822539,-1.9890959755709194,1.1230960605956852e-10,1.3744561044859438e-11,1.1314751685994412e-10,1.1230960605956852e-10,-29.28221772521187,1.050452169693017e-09,-1.050452169693017e-09,-3.587338157199293e-11,-29.282217725366635,1.2052190356826031e-09,-1.2052190356826031e-09,-4.115873486891499e-11
low_energy_small_angles,rk45_strict,RK45,1e-08,1e-10,1.2365456821026284,-0.08527619744120457,-0.12105670776259626,-0.08527619747613295,-0.12105670765275948,3.4928379633036855e-11,1.098367785612453e-10,1.098367785612453e-10,-0.20593412868800814,-1.9890477687331722,-0.20593412861377663,-1.9890477687434613,7.423150982788229e-11,1.02891029030161e-11,7.494119487889047e-11,7.423150982788229e-11,-29.28221772522651,1.0650929027633538e-09,-1.0650929027633538e-09,-3.637336873854748e-11,-29.28221772534847,1.1870540106428962e-09,-1.1870540106428962e-09,-4.053839165547325e-11
low_energy_small_angles,rk45_strict,RK45,1e-08,1e-10,1.2415519399249062,-0.08546525229592315,-0.12129689154860748,-0.08546525232070755,-0.12129689144676797,2.478439675712707e-11,1.018395090479629e-10,1.018395090479629e-10,-0.20636091756451186,-1.9890026150542095,-0.20636091748811458,-1.9890026150644164,7.639727739316982e-11,1.0206946399193839e-11,7.707610361120334e-11,7.639727739316982e-11,-29.282217725217464,1.0560476937371277e-09,-1.0560476937371277e-09,-3.6064471061758376e-11,-29.282217725333663,1.1722463000296557e-09,-1.1722463000296557e-09,-4.003270213589078e-11
low_energy_small_angles,rk45_strict,RK45,1e-08,1e-10,1.246558197747184,-0.08564208194290772,-0.12151954235955366,-0.08564208193371202,-0.12151954226498764,9.195699757214015e-12,9.456602168000927e-11,9.456602168000927e-11,-0.20675811235341246,-1.9889605397986543,-0.20675811225038182,-1.9889605398109043,1.0303063957550762e-10,1.2249978809109052e-11,1.0375632352855309e-10,1.0303063957550762e-10,-29.28221772520109,1.0396732363915362e-09,-1.0396732363915362e-09,-3.550527648504158e-11,-29.28221772533496,1.1735430405224179e-09,-1.1735430405224179e-09,-4.00769863668523e-11
low_energy_small_angles,rk45_strict,RK45,1e-08,1e-10,1.2515644555694618,-0.0858066536341054,-0.12172463869998656,-0.08580665359897306,-0.12172463860271922,3.5132341480448304e-11,9.726734695458816e-11,9.726734695458816e-11,-0.20712566104665037,-1.9889215664715607,-0.20712566091509965,-1.9889215664863822,1.3155071476589342e-10,1.482147737874584e-11,1.3238303043481865e-10,1.3155071476589342e-10,-29.282217725191792,1.0303757846941153e-09,-1.0303757846941153e-09,-3.518776461538052e-11,-29.282217725354773,1.1933565247090883e-09,-1.1933565247090883e-09,-4.0753625150612245e-11
low_energy_small_angles,rk45_strict,RK45,1e-08,1e-10,1.2565707133917396,-0.08595893639715625,-0.12191216159208584,-0.08595893635804372,-0.12191216148506184,3.9112532657092913e-11,1.0702400077278185e-10,1.0702400077278185e-10,-0.20746351576469707,-1.9888857167923473,-0.2074635156194993,-1.9888857168087206,1.4519777047361515e-10,1.6373347122566884e-11,1.4611803121622156e-10,1.4519777047361515e-10,-29.282217725198887,1.0374705539106799e-09,-1.0374705539106799e-09,-3.5430053955737087e-11,-29.282217725382036,1.2206200494802033e-09,-1.2206200494802033e-09,-4.168468594074561e-11
low_energy_small_angles,rk45_strict,RK45,1e-08,1e-10,1.2615769712140175,-0.08609890103539329,-0.12208209457565895,-0.08609890101061389,-0.12208209446637691,2.4779400753516256e-11,1.0928204174920353e-10,1.0928204174920353e-10,-0.20777163275409105,-1.988853010683827,-0.2077716326209348,-1.988853010699266,1.331562637929551e-10,1.5438983425042352e-11,1.340483226172479e-10,1.331562637929551e-10,-29.282217725220445,1.0590284205136413e-09,-1.0590284205136413e-09,-3.616626412963978e-11,-29.28221772539355,1.2321343945131957e-09,-1.2321343945131957e-09,-4.2077905646351845e-11
low_energy_small_angles,rk45_strict,RK45,1e-08,1e-10,1.2665832290362955,-0.08622652012784249,-0.12223442370814126,-0.08622652012951443,-0.12223442359973834,1.6719403639342545e-12,1.0840292552494191e-10,1.0840292552494191e-10,-0.20804997238518014,-1.9888234662621969,-0.2080499722792518,-1.9888234662752706,1.059283494253549e-10,1.3073764293380918e-11,1.0673208760620663e-10,1.059283494253549e-10,-29.282217725241544,1.0801279870520375e-09,-1.0801279870520375e-09,-3.688682316438073e-11,-29.282217725384882,1.2234657731369225e-09,-1.2234657731369225e-09,-4.178186859554061e-11
low_energy_small_angles,rk45_strict,RK45,1e-08,1e-10,1.2715894868585733,-0.08634176803374828,-0.12236913755714345,-0.08634176804441178,-0.12236913745012534,1.0663497862495319e-11,1.0701810271296353e-10,1.0701810271296353e-10,-0.2082984991471853,-1.988797099828516,-0.20829849905159123,-1.9887970998406597,9.559406044523655e-11,1.2143619443349962e-11,9.636229493734801e-11,9.559406044523655e-11,-29.28221772524198,1.08056497083453e-09,-1.08056497083453e-09,-3.6901746343581464e-11,-29.28221772537173,1.210313627098003e-09,-1.210313627098003e-09,-4.133271729959668e-11
low_energy_small_angles,rk45_strict,RK45,1e-08,1e-10,1.2765957446808511,-0.0864446208978999,-0.12248622717369001,-0.08644462088900239,-0.12248622707847585,8.897507730587506e-12,9.521415600399763e-11,9.521415600399763e-11,-0.20851718162510974,-1.9887739258634394,-0.20851718152174464,-1.9887739258758408,1.0336509426167595e-10,1.2401413229667924e-11,1.0410637714289233e-10,1.0336509426167595e-10,-29.282217725230566,1.069150101784544e-09,-1.069150101784544e-09,-3.651192378445995e-11,-29.28221772536656,1.2051444286953483e-09,-1.2051444286953483e-09,-4.1156187009051455e-11
low_energy_small_angles,rk45_strict,RK45,1e-08,1e-10,1.281602002503129,-0.08653505665113054,-0.12258568611277781,-0.0865350566201148,-0.12258568602464778,3.101573164965288e-11,8.813003105068162e-11,8.813003105068162e-11,-0.20870599251901908,-1.9887539570175656,-0.20870599240065074,-1.9887539570310224,1.1836834290512854e-10,1.3456791236876597e-11,1.191308097533924e-10,1.1836834290512854e-10,-29.282217725220434,1.059017762372605e-09,-1.059017762372605e-09,-3.6165900149659276e-11,-29.282217725375773,1.214356615264478e-09,-1.214356615264478e-09,-4.1470787038868476e-11
low_energy_small_angles,rk45_strict,RK45,1e-08,1e-10,1.2866082603254068,-0.08661305505752748,-0.12266751039861212,-0.0866130550177098,-0.12266751030741897,3.9817676933395774e-11,9.119315025341024e-11,9.119315025341024e-11,-0.20886490865516366,-1.9887372041054694,-0.20886490852498735,-1.9887372041200722,1.301763141725587e-10,1.4602763442894684e-11,1.3099279931248836e-10,1.301763141725587e-10,-29.28221772522173,1.060314502865367e-09,-1.060314502865367e-09,-3.6210184380620793e-11,-29.28221772539482,1.2334027132965275e-09,-1.2334027132965275e-09,-4.212121926403201e-11
low_energy_small_angles,rk45_strict,RK45,1e-08,1e-10,1.2916145181476846,-0.08667859771782965,-0.1227316985208954,-0.08667859768488029,-0.12273169842448724,3.294936545827909e-11,9.640815923361856e-11,9.640815923361856e-11,-0.20899391098448858,-1.9887236761006906,-0.20899391085597996,-1.9887236761153457,1.2850862041169364e-10,1.465516596965699e-11,1.293415610301459e-10,1.2850862041169364e-10,-29.282217725236045,1.0746283862772543e-09,-1.0746283862772543e-09,-3.669900949443984e-11,-29.282217725407598,1.246181824399173e-09,-1.246181824399173e-09,-4.255763126065825e-11
low_energy_small_angles,rk45_strict,RK45,1e-08,1e-10,1.2966207759699624,-0.08673166806942773,-0.12277825143482714,-0.08673166804985076,-0.12277825133822941,1.9576965049061812e-11,9.659772981507331e-11,9.659772981507331e-11,-0.20909298458165965,-1.9887133801315344,-0.20909298446628571,-1.9887133801450607,1.1537393262983642e-10,1.3526291198218132e-11,1.1616412907629026e-10,1.1537393262983642e-10,-29.282217725253425,1.0920082615939464e-09,-1.0920082615939464e-09,-3.729253951598433e-11,-29.28221772540556,1.2441425667475414e-09,-1.2441425667475414e-09,-4.248798975772151e-11
low_energy_small_angles,rk45_strict,RK45,1e-08,1e-10,1.3016270337922404,-0.08677225138774827,-0.12280717255747979,-0.08677225136991747,-0.12280717246327955,1.7830806275931366e-11,9.42002448267587e-11,9.42002448267587e-11,-0.20916211864209,-1.988706321478173,-0.2091621185308355,-1.9887063214912577,1.11254505608116e-10,1.3084644479022245e-11,1.1202130573801005e-10,1.11254505608116e-10,-29.28221772525626,1.0948433271096292e-09,-1.0948433271096292e-09,-3.738935819079882e-11,-29.28221772540207,1.2406538019149593e-09,-1.2406538019149593e-09,-4.2368846977436004e-11
low_energy_small_angles,rk45_strict,RK45,1e-08,1e-10,1.3066332916145182,-0.08680033478928242,-0.12281846774360511,-0.08680033475743122,-0.12281846766115048,3.1851202231258924e-11,8.245462645994905e-11,8.245462645994905e-11,-0.20920130646040963,-1.9887025035730947,-0.2092013063468448,-1.9887025035859573,1.1356482421120973e-10,1.2862599874097214e-11,1.142909260337149e-10,1.1356482421120973e-10,-29.282217725248977,1.0875602640680881e-09,-1.0875602640680881e-09,-3.714063853745332e-11,-29.28221772540248,1.2410623639880214e-09,-1.2410623639880214e-09,-4.238279954335538e-11
low_energy_small_angles,rk45_strict,RK45,1e-08,1e-10,1.311639549436796,-0.08681590723372182,-0.12281214529832825,-0.08681590719128263,-0.12281214522165106,4.2439191050291925e-11,7.667719237325343e-11,7.667719237325343e-11,-0.20921054544487488,-1.9887019279980886,-0.20921054532649588,-1.9887019280111615,1.1837900104616494e-10,1.3072876114961218e-11,1.190986480973023e-10,1.1837900104616494e-10,-29.282217725242468,1.0810516926085256e-09,-1.0810516926085256e-09,-3.6918368096024555e-11,-29.282217725407456,1.2460397158520209e-09,-1.2460397158520209e-09,-4.255277819425151e-11
low_energy_small_angles,rk45_strict,RK45,1e-08,1e-10,1.3166458072590739,-0.0868189595576627,-0.12278821594243144,-0.08681895951696127,-0.12278821586274188,4.0701428338785206e-11,7.968956050596887e-11,7.968956050596887e-11,-0.20918983711639327,-1.9887045944852684,-0.20918983699675558,-1.9887045944985577,1.196376886447581e-10,1.3289369604763124e-11,1.203735182203797e-10,1.196376886447581e-10,-29.282217725244415,1.0829985797045083e-09,-1.0829985797045083e-09,-3.698485510579691e-11,-29.28221772541076,1.2493437395733054e-09,-1.2493437395733054e-09,-4.266561198820825e-11
low_energy_small_angles,rk45_strict,RK45,1e-08,1e-10,1.3216520650813517,-0.08680948447836402,-0.12274669280631909,-0.08680948444955122,-0.12274669271938311,2.8812799368616027e-11,8.693597230990946e-11,8.693597230990946e-11,-0.20913918710639898,-1.9887105009181454,-0.2091391869914128,-1.9887105009312878,1.1498618723848608e-10,1.3142376076302753e-11,1.157348059339763e-10,1.1498618723848608e-10,-29.282217725255013,1.0935963246083702e-09,-1.0935963246083702e-09,-3.734677253307967e-11,-29.282217725408103,1.2466863097415626e-09,-1.2466863097415626e-09,-4.257485964640218e-11
low_energy_small_angles,rk45_strict,RK45,1e-08,1e-10,1.3266583229036295,-0.08678747659374746,-0.12268759143001769,-0.08678747657146572,-0.12268759134280743,2.2281732015017042e-11,8.72102529081431e-11,8.72102529081431e-11,-0.20905860515719274,-1.9887196433332588,-0.20905860504844015,-1.988719643345863,1.087525902665476e-10,1.2604139953964477e-11,1.0948054728426738e-10,1.087525902665476e-10,-29.282217725264765,1.1033485236566776e-09,-1.1033485236566776e-09,-3.7679814215242304e-11,-29.28221772540494,1.2435243945674301e-09,-1.2435243945674301e-09,-4.2466878918852184e-11
low_energy_small_angles,rk45_strict,RK45,1e-08,1e-10,1.3316645807259073,-0.08675293238333619,-0.12261092975470064,-0.08675293235423462,-0.12261092967624072,2.910156837732103e-11,7.845991911725747e-11,7.845991911725747e-11,-0.2089481051150237,-1.9887320159237292,-0.2089481050081607,-1.9887320159358464,1.068630184342112e-10,1.2117196135363884e-11,1.0754780867620427e-10,1.068630184342112e-10,-29.282217725263173,1.101756907928575e-09,-1.101756907928575e-09,-3.76254598714868e-11,-29.28221772540617,1.2447536335002951e-09,-1.2447536335002951e-09,-4.2508857943270497e-11
low_energy_small_angles,rk45_strict,RK45,1e-08,1e-10,1.3366708385481854,-0.08670585020575082,-0.12251672811163035,-0.08670585016637457,-0.12251672804269621,3.937625225880481e-11,6.893413617703459e-11,6.893413617703459e-11,-0.20880770491739437,-1.9887476110443858,-0.2088077048097486,-1.98874761105622,1.0764575342214755e-10,1.1834311308689394e-11,1.0829431727460478e-10,1.0764575342214755e-10,-29.282217725258246,1.0968292940560787e-09,-1.0968292940560787e-09,-3.745717979383304e-11,-29.28221772541145,1.2500329660269927e-09,-1.2500329660269927e-09,-4.268914936028094e-11
low_energy_small_angles,rk45_strict,RK45,1e-08,1e-10,1.3416770963704632,-0.08664623031480247,-0.12240500921358523,-0.08664623027361315,-0.12240500914423746,4.118931584695673e-11,6.93477636426465e-11,6.93477636426465e-11,-0.2086374266015748,-1.988766419215942,-0.20863742649171113,-1.9887664192279737,1.0986367371401684e-10,1.2031708962467746e-11,1.1052053575013777e-10,1.0986367371401684e-10,-29.282217725256956,1.095539658990674e-09,-1.095539658990674e-09,-3.741313821619186e-11,-29.282217725413695,1.2522782810719946e-09,-1.2522782810719946e-09,-4.276582780950746e-11
low_energy_small_angles,rk45_strict,RK45,1e-08,1e-10,1.346683354192741,-0.08657407487322903,-0.12227579812794657,-0.08657407484010256,-0.12227579804860675,3.312647378628242e-11,7.933982637542414e-11,7.933982637542414e-11,-0.20843729629277985,-1.9887884291325666,-0.20843729618103002,-1.988788429145108,1.1174983161055252e-10,1.2541301330770693e-11,1.1245136328233657e-10,1.1174983161055252e-10,-29.282217725262097,1.1006804356838984e-09,-1.1006804356838984e-09,-3.758869789345573e-11,-29.28221772540962,1.2482033184824104e-09,-1.2482033184824104e-09,-4.262666613029415e-11
low_energy_small_angles,rk45_strict,RK45,1e-08,1e-10,1.3516896120150188,-0.08648938795288262,-0.12212912227610521,-0.08648938792498889,-0.12212912219428425,2.7893728993255706e-11,8.182096666864425e-11,8.182096666864425e-11,-0.2082073442051825,-1.9888136276683634,-0.20820734409618152,-1.9888136276807407,1.0900097491273186e-10,1.2377210367731095e-11,1.0970144879814975e-10,1.0900097491273186e-10,-29.28221772526887,1.1074519079556921e-09,-1.1074519079556921e-09,-3.781994650773697e-11,-29.282217725405516,1.2440999341833958e-09,-1.2440999341833958e-09,-4.248653383779948e-11
low_energy_small_angles,rk45_strict,RK45,1e-08,1e-10,1.3566958698372966,-0.08639217553582643,-0.12196501142688136,-0.08639217550197006,-0.12196501135583412,3.385636215824661e-11,7.104723753759146e-11,7.104723753759146e-11,-0.2079476046381017,-1.9888419998854525,-0.20794760453385214,-1.9888419998970175,1.0424955343424358e-10,1.156497120291533e-11,1.0488907450332217e-10,1.0424955343424358e-10,-29.282217725267394,1.10597753177899e-09,-1.10597753177899e-09,-3.776959594376702e-11,-29.28221772540712,1.2457022080525348e-09,-1.2457022080525348e-09,-4.2541252161535496e-11
low_energy_small_angles,rk45_strict,RK45,1e-08,1e-10,1.3617021276595744,-0.08628244550995386,-0.12178349768840091,-0.08628244546357687,-0.12178349763408475,4.637698558518366e-11,5.431616267870254e-11,5.431616267870254e-11,-0.20765811596540845,-1.9888735290436537,-0.2076581158652901,-1.9888735290542485,1.0011835804846214e-10,1.0594858323997869e-11,1.0067738892733388e-10,1.0011835804846214e-10,-29.282217725259454,1.0980372167068708e-09,-1.0980372167068708e-09,-3.7498430858290344e-11,-29.282217725414128,1.2527117121408082e-09,-1.2527117121408082e-09,-4.278062966204802e-11
low_energy_small_angles,rk45_strict,RK45,1e-08,1e-10,1.3667083854818523,-0.08616020767327492,-0.12158461550671897,-0.08616020762120398,-0.12158461545593692,5.207094477821528e-11,5.078204523556451e-11,5.207094477821528e-11,-0.20733892064046944,-1.9889081966095379,-0.20733892053818448,-1.9889081966201778,1.0228495828101813e-10,1.063993337879765e-11,1.0283686533950202e-10,1.0228495828101813e-10,-29.28221772525433,1.0929142035820405e-09,-1.0929142035820405e-09,-3.732347781432731e-11,-29.28221772541833,1.2569145724228292e-09,-1.2569145724228292e-09,-4.29241591010274e-11
low_energy_small_angles,rk45_strict,RK45,1e-08,1e-10,1.3717146433041303,-0.08602547375011063,-0.12136840162440109,-0.08602547370514496,-0.12136840155756355,4.496567007628016e-11,6.683753550618121e-11,6.683753550618121e-11,-0.20699006517341034,-1.988945982270248,-0.20699006506226508,-1.9889459822822035,1.1114525966249289e-10,1.195554766297846e-11,1.1178642075567461e-10,1.1114525966249289e-10,-29.282217725258462,1.0970460095904855e-09,-1.0970460095904855e-09,-3.7464580720103316e-11,-29.282217725412796,1.251379444511258e-09,-1.251379444511258e-09,-4.273513216448482e-11
low_energy_small_angles,rk45_strict,RK45,1e-08,1e-10,1.376720901126408,-0.08587825739174262,-0.12113489507839688,-0.08587825735704101,-0.12113489499843702,3.4701616580257166e-11,7.995985817910167e-11,7.995985817910167e-11,-0.2066116001320914,-1.9889868639447963,-0.20661160001814372,-1.988986863957435,1.1394768462125171e-10,1.2638778912332782e-11,1.1464647209111613e-10,1.1394768462125171e-10,-29.28221772527001,1.1085923290465871e-09,-1.1085923290465871e-09,-3.785889236565107e-11,-29.28221772540438,1.2429630658061797e-09,-1.2429630658061797e-09,-4.244770930654555e-11
low_energy_small_angles,rk45_strict,RK45,1e-08,1e-10,1.381727158948686,-0.08571857417641325,-0.12088413720003542,-0.08571857414410199,-0.1208841371237323,3.231126477487578e-11,7.63031166028938e-11,7.63031166028938e-11,-0.20620358014473864,-1.9890308177960865,-0.20620358003679973,-1.9890308178080542,1.0793890781179982e-10,1.1967760116249337e-11,1.0860034577202924e-10,1.0793890781179982e-10,-29.28221772527749,1.116074344054141e-09,-1.116074344054141e-09,-3.811440631196601e-11,-29.282217725402404,1.2409877570007666e-09,-1.2409877570007666e-09,-4.2380251683491847e-11
low_energy_small_angles,rk45_strict,RK45,1e-08,1e-10,1.3867334167709637,-0.08554644160694651,-0.1206161715960147,-0.08554644156440933,-0.12061617154326121,4.25371821100029e-11,5.2753496015967016e-11,5.2753496015967016e-11,-0.20576606388153093,-1.989077818246348,-0.20576606378677909,-1.9890778182563298,9.475184525875591e-11,9.981793169799857e-12,9.52761689764229e-11,9.475184525875591e-11,-29.282217725271163,1.1097469609921973e-09,-1.1097469609921973e-09,-3.789832353020585e-11,-29.282217725410625,1.249208736453511e-09,-1.249208736453511e-09,-4.2661001575121846e-11
low_energy_small_angles,rk45_strict,RK45,1e-08,1e-10,1.3917396745932415,-0.08536187910286738,-0.12033104416326093,-0.08536187904691604,-0.12033104413147241,5.5951340782733894e-11,3.1788516263731026e-11,5.5951340782733894e-11,-0.20529911406451654,-1.989127837989858,-0.2052991139772103,-1.9891278379984443,8.730624556640976e-11,8.586242827846036e-12,8.772744200534392e-11,8.730624556640976e-11,-29.282217725259343,1.097927082582828e-09,-1.097927082582828e-09,-3.749466973182512e-11,-29.28221772542325,1.261835080867968e-09,-1.261835080867968e-09,-4.309219652536083e-11
low_energy_small_angles,rk45_strict,RK45,1e-08,1e-10,1.3967459324155194,-0.0851649080116517,-0.12002880305705027,-0.08516490795109091,-0.12002880302438478,6.056079249194823e-11,3.2665495308670245e-11,6.056079249194823e-11,-0.20480279745037858,-1.9891808480105593,-0.20480279735760681,-1.9891808480196222,9.277176249433694e-11,9.062972594620078e-12,9.321339704439752e-11,9.277176249433694e-11,-29.282217725253744,1.0923280058250384e-09,-1.0923280058250384e-09,-3.73034589153995e-11,-29.282217725425916,1.2644996161270683e-09,-1.2644996161270683e-09,-4.318319152048724e-11
low_energy_small_angles,rk45_strict,RK45,1e-08,1e-10,1.4017521902377972,-0.0849555516126541,-0.11970949865892305,-0.08495555155869709,-0.11970949859889456,5.39570055302363e-11,6.00284960627917e-11,6.00284960627917e-11,-0.20427718480587587,-1.9892368176011828,-0.20427718469251457,-1.9892368176129303,1.1336129257522032e-10,1.1747491868163706e-11,1.1396835622012486e-10,1.1336129257522032e-10,-29.2822177252611,1.0996821231401555e-09,-1.0996821231401555e-09,-3.7554605101948374e-11,-29.282217725415723,1.2543068805825897e-09,-1.2543068805825897e-09,-4.28351053324637e-11
low_energy_small_angles,rk45_strict,RK45,1e-08,1e-10,1.4067584480600752,-0.08473383511710805,-0.1193731835766838,-0.08473383507394774,-0.11937318349767313,4.316030866036158e-11,7.90106730041984e-11,7.90106730041984e-11,-0.20372235091139834,-1.989295714379721,-0.2037223507899445,-1.989295714392783,1.2145384697959116e-10,1.3061995929319892e-11,1.2215421680727815e-10,1.2145384697959116e-10,-29.282217725277956,1.1165397495460638e-09,-1.1165397495460638e-09,-3.813030010444809e-11,-29.282217725403903,1.2424870021732204e-09,-1.2424870021732204e-09,-4.2431451534082966e-11
low_energy_small_angles,rk45_strict,RK45,1e-08,1e-10,1.411764705882353,-0.08449978566812588,-0.11901991264440126,-0.08449978562995544,-0.11901991256967671,3.817043903175943e-11,7.472454599533052e-11,7.472454599533052e-11,-0.2031383745646957,-1.9893575043067835,-0.20313837445246552,-1.9893575043188776,1.1223016960215659e-10,1.209410349645168e-11,1.1287992872212366e-10,1.1223016960215659e-10,-29.28221772528972,1.1283027845365723e-09,-1.1283027845365723e-09,-3.8532012676266124e-11,-29.282217725401875,1.2404584026626253e-09,-1.2404584026626253e-09,-4.2362174011126734e-11
low_energy_small_angles,rk45_strict,RK45,1e-08,1e-10,1.4167709637046308,-0.0842534323337557,-0.11864974290303011,-0.08425343228875007,-0.11864974285814019,4.500563810516667e-11,4.488992511042511e-11,4.500563810516667e-11,-0.20252533855861451,-1.989422151706711,-0.2025253384691942,-1.9894221517158122,8.942030449432536e-11,9.101164266667183e-12,8.98822676998457e-11,8.942030449432536e-11,-29.28221772528304,1.1216236828204273e-09,-1.1216236828204273e-09,-3.830391855514927e-11,-29.282217725413794,1.252377757055001e-09,-1.252377757055001e-09,-4.276922495599218e-11
low_energy_small_angles,rk45_strict,RK45,1e-08,1e-10,1.4217772215269087,-0.0839948060988552,-0.11826273361324337,-0.08399480604127883,-0.1182627336005771,5.757636034608993e-11,1.2666270809980062e-11,5.757636034608993e-11,-0.2018833296898005,-1.989489619285806,-0.2018833296198493,-1.989489619292131,6.995118373431808e-11,6.324940571289517e-12,7.023655016487264e-11,6.995118373431808e-11,-29.2822177252676,1.1061835891723604e-09,-1.1061835891723604e-09,-3.77766328900568e-11,-29.2822177254325,1.2710827945738856e-09,-1.2710827945738856e-09,-4.340800982177954e-11
low_energy_small_angles,rk45_strict,RK45,1e-08,1e-10,1.4267834793491865,-0.08372393987308087,-0.11785894623382431,-0.0837239398070678,-0.11785894622773496,6.601307001030676e-11,6.0893512454640586e-12,6.601307001030676e-11,-0.2012124387494194,-1.9895598681541424,-0.20121243867759045,-1.989559868160379,7.182895944701784e-11,6.236566818529354e-12,7.209919681191542e-11,7.182895944701784e-11,-29.2822177252574,1.0959837482005241e-09,-1.0959837482005241e-09,-3.742830404871293e-11,-29.282217725440063,1.2786465219960519e-09,-1.2786465219960519e-09,-4.3666314281278355e-11
low_energy_small_angles,rk45_strict,RK45,1e-08,1e-10,1.4317897371714643,-0.08344086848624699,-0.11743844437466375,-0.08344086841928161,-0.11743844433569972,6.69653776874668e-11,3.896402644976149e-11,6.69653776874668e-11,-0.20051276047622135,-1.9896328578522233,-0.2005127603707933,-1.9896328578623699,1.0542805517488318e-10,1.014655026665423e-11,1.0591518918583847e-10,1.0542805517488318e-10,-29.28221772526236,1.1009433364961296e-09,-1.1009433364961296e-09,-3.759767606630821e-11,-29.282217725428957,1.2675407390361215e-09,-1.2675407390361215e-09,-4.3287047141591505e-11
low_energy_small_angles,rk45_strict,RK45,1e-08,1e-10,1.436795994993742,-0.083145628688294,-0.11700129379659839,-0.08314562862849854,-0.11700129372301443,5.979546024992288e-11,7.358395837098186e-11,7.358395837098186e-11,-0.19978439356085326,-1.989708546372502,-0.1997843934281835,-1.9897085463860578,1.3266976406356434e-10,1.3555823130673161e-11,1.3336051378662247e-10,1.3266976406356434e-10,-29.282217725281917,1.1205010252979264e-09,-1.1205010252979264e-09,-3.826557933053601e-11,-29.282217725411865,1.2504486335274123e-09,-1.2504486335274123e-09,-4.2703344579520666e-11
low_energy_small_angles,rk45_strict,RK45,1e-08,1e-10,1.4418022528160201,-0.08283825914928854,-0.11654756241141091,-0.08283825909999044,-0.11654756233106597,4.929809338527491e-11,8.034493903519291e-11,8.034493903519291e-11,-0.19902744065050565,-1.98978689018171,-0.19902744052157673,-1.9897868901951319,1.289289230932411e-10,1.3421930233903367e-11,1.2962567423618922e-10,1.289289230932411e-10,-29.28221772530289,1.1414726941438857e-09,-1.1414726941438857e-09,-3.89817706055109e-11,-29.282217725403477,1.2420606765317643e-09,-1.2420606765317643e-09,-4.241689233486274e-11
low_energy_small_angles,rk45_strict,RK45,1e-08,1e-10,1.446808510638298,-0.08251880045569908,-0.11607732027472994,-0.08251880040819937,-0.11607732021771597,4.749971249662366e-11,5.7013976872966055e-11,5.7013976872966055e-11,-0.19824200834293237,-1.9898678442451363,-0.19824200823896398,-1.9898678442556545,1.0396838945325726e-10,1.0518252935298733e-11,1.044990892319885e-10,1.0396838945325726e-10,-29.282217725304267,1.1428511470512603e-09,-1.1428511470512603e-09,-3.9028845349656294e-11,-29.282217725412483,1.2510668057075236e-09,-1.2510668057075236e-09,-4.272445541838999e-11
low_energy_small_angles,rk45_strict,RK45,1e-08,1e-10,1.4518147684605758,-0.08218729508867344,-0.11559063956599075,-0.0821872950367375,-0.11559063955730077,5.193594165842086e-11,8.689979291709449e-12,5.193594165842086e-11,-0.19742820714980863,-1.9899513620546618,-0.197428207089416,-1.9899513620599278,6.039263533708095e-11,5.2660098504020425e-12,6.062178867950177e-11,6.039263533708095e-11,-29.282217725288117,1.1267005106674333e-09,-1.1267005106674333e-09,-3.8477294352530116e-11,-29.282217725435785,1.274369054726776e-09,-1.274369054726776e-09,-4.3520236982435437e-11
low_energy_small_angles,rk45_strict,RK45,1e-08,1e-10,1.4568210262828536,-0.08184378744129266,-0.11508759462178636,-0.08184378737838718,-0.11508759464063151,6.29054724976541e-11,1.8845147664592332e-11,6.29054724976541e-11,-0.196586151552087,-1.990037395648177,-0.1965861515081126,-1.9900373956511554,4.397440744874359e-11,2.97850633046437e-12,4.4075163192309706e-11,6.269490482324613e-11,-29.282217725270154,1.108737990307418e-09,-1.108737990307418e-09,-3.786386675871798e-11,-29.28221772545723,1.295813234492016e-09,-1.295813234492016e-09,-4.425256470321274e-11
low_energy_small_angles,rk45_strict,RK45,1e-08,1e-10,1.4618272841051314,-0.08148832379920548,-0.11456826185800247,-0.08148832372738304,-0.11456826186295205,7.182243688674816e-11,4.949582410596065e-12,7.182243688674816e-11,-0.19571595990850232,-1.990125895645623,-0.19571595984183537,-1.9901258956509031,6.666694973844756e-11,5.2802207051172445e-12,6.68757274212658e-11,7.158409975893676e-11,-29.282217725265266,1.1038494562853884e-09,-1.1038494562853884e-09,-3.769692127432607e-11,-29.282217725455183,1.2937668714130268e-09,-1.2937668714130268e-09,-4.418268054695566e-11
low_energy_small_angles,rk45_strict,RK45,1e-08,1e-10,1.4668335419274092,-0.08112095233700387,-0.11403271976007247,-0.08112095225777907,-0.11403271971349366,7.922479339228516e-11,4.6578810253272707e-11,7.922479339228516e-11,-0.19481775444752564,-1.9902168112765068,-0.1948177543222851,-1.9902168112882266,1.2524054016083142e-10,1.1719736292548077e-11,1.2578769859785057e-10,1.2524054016083142e-10,-29.282217725279878,1.118461767646295e-09,-1.118461767646295e-09,-3.819593782759927e-11,-29.28221772543559,1.274173655474442e-09,-1.274173655474442e-09,-4.3513564016126166e-11
low_energy_small_angles,rk45_strict,RK45,1e-08,1e-10,1.471839799749687,-0.08074172311822303,-0.11348104888297748,-0.08074172304449259,-0.11348104880068212,7.373043842129334e-11,8.229536496706658e-11,8.229536496706658e-11,-0.1938916612727147,-1.9903100904067421,-0.19389166111745842,-1.9903100904220077,1.552562800544166e-10,1.5265566588595902e-11,1.5600496793245494e-10,1.552562800544166e-10,-29.282217725307344,1.1459277970971016e-09,-1.1459277970971016e-09,-3.9133914237362245e-11,-29.282217725415624,1.2542074045995832e-09,-1.2542074045995832e-09,-4.283170818597898e-11
low_energy_small_angles,rk45_strict,RK45,1e-08,1e-10,1.476846057571965,-0.0803506880953414,-0.11291333185124636,-0.08035068803373611,-0.11291333177043975,6.160529031351558e-11,8.080661140219547e-11,8.080661140219547e-11,-0.1929378103681637,-1.9904056795662406,-0.1929378102264651,-1.99040567958029,1.416985973001772e-10,1.4049428287421506e-11,1.423933949031386e-10,1.416985973001772e-10,-29.28221772532783,1.1664127441690653e-09,-1.1664127441690653e-09,-3.9833483759894046e-11,-29.28221772541106,1.2496421675223246e-09,-1.2496421675223246e-09,-4.26758034276624e-11
low_energy_small_angles,rk45_strict,RK45,1e-08,1e-10,1.481852315394243,-0.07994790109390527,-0.11232965333983634,-0.07994790104040315,-0.1123296533006857,5.350211940147176e-11,3.915064106241317e-11,5.350211940147176e-11,-0.19195633556922287,-1.990503523980657,-0.19195633547698776,-1.9905035239893183,9.223510843980876e-11,8.661293904310696e-12,9.264088320498747e-11,9.223510843980876e-11,-29.282217725321363,1.1599468052736484e-09,-1.1599468052736484e-09,-3.96126692383873e-11,-29.282217725428257,1.2668408544413978e-09,-1.2668408544413978e-09,-4.3263145789538305e-11
low_energy_small_angles,rk45_strict,RK45,1e-08,1e-10,1.4868585732165207,-0.0795334177985554,-0.11173010008183816,-0.07953341774806809,-0.11173010010133584,5.048730877810215e-11,1.9497681247315768e-11,5.048730877810215e-11,-0.19094737456184707,-1.9906035676006182,-0.19094737453089544,-1.9906035676024554,3.095163014776858e-11,1.837197061149709e-12,3.10061074926498e-11,5.032771421831228e-11,-29.282217725299574,1.1381580122815649e-09,-1.1381580122815649e-09,-3.886857283157365e-11,-29.282217725459702,1.298285923212461e-09,-1.298285923212461e-09,-4.433700805869004e-11
low_energy_small_angles,rk45_strict,RK45,1e-08,1e-10,1.4918648310387985,-0.07910729576921935,-0.11111476086845906,-0.07910729570898624,-0.11111476091430283,6.023311016623012e-11,4.5843773222031814e-11,6.023311016623012e-11,-0.18991106890442117,-1.9907057531301344,-0.1899110688899375,-1.9907057531298107,1.448366426792802e-11,3.2374103398069565e-13,1.4487281970167413e-11,6.004474695231465e-11,-29.282217725280468,1.1190515181169758e-09,-1.1190515181169758e-09,-3.821607805318725e-11,-29.282217725483928,1.3225118777882017e-09,-1.3225118777882017e-09,-4.5164334554379306e-11
low_energy_small_angles,rk45_strict,RK45,1e-08,1e-10,1.4968710888610763,-0.0786695944033022,-0.11048372647511225,-0.07866959432698604,-0.11048372649457898,7.631616172343314e-11,1.9466733780504342e-11,7.631616172343314e-11,-0.1888475639223844,-1.9908100220681524,-0.1888475638656523,-1.9908100220720035,5.673209124701373e-11,3.851141627819743e-12,5.686265443238662e-11,7.608012830839783e-11,-29.282217725279136,1.1177192504874256e-09,-1.1177192504874256e-09,-3.817058055562405e-11,-29.28221772547791,1.3164935808163136e-09,-1.3164935808163136e-09,-4.49588071920538e-11
low_energy_small_angles,rk45_strict,RK45,1e-08,1e-10,1.5018773466833542,-0.07822037493469676,-0.10983708965984795,-0.07822037483830131,-0.1098370896137176,9.63954471799866e-11,4.613034954026318e-11,9.63954471799866e-11,-0.18775700871149398,-1.9909163147396176,-0.18775700856954092,-1.9909163147522064,1.4195306041742128e-10,1.258881887622465e-11,1.4251017410195822e-10,1.4195306041742128e-10,-29.2822177253,1.138584337923021e-09,-1.138584337923021e-09,-3.888313203079388e-11,-29.28221772545274,1.291322604402012e-09,-1.291322604402012e-09,-4.4099207804759704e-11
low_energy_small_angles,rk45_strict,RK45,1e-08,1e-10,1.5068836045056322,-0.0777597004337835,-0.10917494516335348,-0.07775970033742233,-0.10917494507384831,9.63611690441013e-11,8.950516716677015e-11,9.63611690441013e-11,-0.1866395561436928,-1.991024570326944,-0.18663955595865053,-1.991024570344182,1.8504225929305562e-10,1.7237988814144956e-11,1.8584344482019003e-10,1.8504225929305562e-10,-29.282217725333137,1.1717204984051932e-09,-1.1717204984051932e-09,-4.001474579018584e-11,-29.282217725428442,1.2670255955526954e-09,-1.2670255955526954e-09,-4.326945477586707e-11
low_energy_small_angles,rk45_strict,RK45,1e-08,1e-10,1.51188986232791,-0.0772876358074307,-0.10849738970895324,-0.07728763572620458,-0.10849738962103621,8.12261230498379e-11,8.791703476340729e-11,8.791703476340729e-11,-0.1854953628730276,-1.991134726902147,-0.18549536270464387,-1.991134726917939,1.6838372363103815e-10,1.5791812302268227e-11,1.691226174101025e-10,1.6838372363103815e-10,-29.282217725355,1.1935838983845315e-09,-1.1935838983845315e-09,-4.076139005686303e-11,-29.282217725422786,1.261369675376045e-09,-1.261369675376045e-09,-4.307630273287875e-11
low_energy_small_angles,rk45_strict,RK45,1e-08,1e-10,1.5168961201501878,-0.07680424777241579,-0.10780452197791451,-0.07680424771183392,-0.10780452194241033,6.05818728516283e-11,3.5504182926970884e-11,6.05818728516283e-11,-0.18432458929056073,-1.991246721464317,-0.18432458919485936,-1.9912467214727854,9.570136350056657e-11,8.468337142630844e-12,9.607530228851136e-11,9.570136350056657e-11,-29.28221772534563,1.1842153924135346e-09,-1.1842153924135346e-09,-4.044145165399859e-11,-29.282217725442912,1.2814957983664499e-09,-1.2814957983664499e-09,-4.376361826273353e-11
low_energy_small_angles,rk45_strict,RK45,1e-08,1e-10,1.5219023779724656,-0.07630960485022555,-0.10709644262994726,-0.0763096048068266,-0.10709644266616364,4.3398951099504757e-11,3.6216377119480114e-11,4.3398951099504757e-11,-0.18312739954555343,-1.991360489971087,-0.18312739953828966,-1.9913604899705244,7.263772916488165e-12,5.626610288800293e-13,7.285532541669641e-12,4.327264935266584e-11,-29.282217725319914,1.1584972980926977e-09,-1.1584972980926977e-09,-3.9563167961038536e-11,-29.282217725480905,1.3194885184475424e-09,-1.3194885184475424e-09,-4.5061085566575884e-11
low_energy_small_angles,rk45_strict,RK45,1e-08,1e-10,1.5269086357947435,-0.07580377737878351,-0.10637325429088398,-0.07580377732902925,-0.10637325436155304,4.975425627051777e-11,7.06690539420407e-11,7.06690539420407e-11,-0.18190396155093147,-1.9914759673729974,-0.18190396157158972,-1.9914759673692621,2.0658252886107675e-11,3.735234344048877e-12,2.0993222427996573e-11,4.9611370567248514e-11,-29.282217725297855,1.1364384988610254e-09,-1.1364384988610254e-09,-3.880985072805208e-11,-29.28221772551381,1.3523937525405927e-09,-1.3523937525405927e-09,-4.618481309305689e-11
low_energy_small_angles,rk45_strict,RK45,1e-08,1e-10,1.5319148936170213,-0.07528683745837288,-0.10563506147742335,-0.07528683738729829,-0.10563506152560106,7.107459065736066e-11,4.8177711819974434e-11,7.107459065736066e-11,-0.18065444686056706,-1.9915930876600343,-0.18065444683760296,-1.9915930876603003,2.296410284152728e-11,2.660094367001875e-13,2.296564347752213e-11,7.08732655896327e-11,-29.282217725295922,1.134505822619758e-09,-1.134505822619758e-09,-3.874384902492039e-11,-29.282217725512886,1.3514700469841046e-09,-1.3514700469841046e-09,-4.615326816141307e-11
low_energy_small_angles,rk45_strict,RK45,1e-08,1e-10,1.536921151439299,-0.07475885895102694,-0.1048819705964123,-0.07475885884040404,-0.10488197056601344,1.1062289972940675e-10,3.0398863981595525e-11,1.1062289972940675e-10,-0.17937903067397526,-1.9917117838964635,-0.17937903053342952,-1.9917117839079084,1.4054574171140644e-10,1.1444845071650889e-11,1.4101095699243894e-10,1.4054574171140644e-10,-29.282217725319075,1.1576588576645008e-09,-1.1576588576645008e-09,-3.9534534869238764e-11,-29.282217725485157,1.3237411167210666e-09,-1.3237411167210666e-09,-4.5206313578797625e-11
low_energy_small_angles,rk45_strict,RK45,1e-08,1e-10,1.5419274092615771,-0.07421991748052902,-0.10411408994484592,-0.07421991735383877,-0.10411408985207067,1.2669024163081133e-10,9.27752458190767e-11,1.2669024163081133e-10,-0.17807789184233902,-1.9918319882561026,-0.17807789162372473,-1.991831988275139,2.1861429333469573e-10,1.9036328069432784e-11,2.1944154355225327e-10,2.1861429333469573e-10,-29.282217725357146,1.195729737446527e-09,-1.195729737446527e-09,-4.0834671359604827e-11,-29.282217725453414,1.2919976200009842e-09,-1.2919976200009842e-09,-4.412225987019173e-11
low_energy_small_angles,rk45_strict,RK45,1e-08,1e-10,1.546933667083855,-0.07367009043241265,-0.10333152970986768,-0.073670090319776,-0.10333152960627968,1.1263665000704748e-10,1.0358799928944507e-10,1.1263665000704748e-10,-0.17675121287453488,-1.9919536320581426,-0.17675121265916827,-1.9919536320771178,2.15366613431911e-10,1.89752658030784e-11,2.1620092250827159e-10,2.15366613431911e-10,-29.282217725385557,1.2241407887358946e-09,-1.2241407887358946e-09,-4.180492066097263e-11,-29.282217725439253,1.2778365032772854e-09,-1.2778365032772854e-09,-4.363865180275993e-11
low_energy_small_angles,rk45_strict,RK45,1e-08,1e-10,1.5519399249061328,-0.07310945692909174,-0.10253440194852635,-0.07310945684829527,-0.10253440189443815,8.079646673930796e-11,5.408820613617138e-11,8.079646673930796e-11,-0.17539917989821113,-1.992076645807399,-0.17539917976382635,-1.992076645818837,1.3438478108085405e-10,1.1437961688898213e-11,1.3487066528250602e-10,1.3438478108085405e-10,-29.282217725379166,1.2177494568277325e-09,-1.2177494568277325e-09,-4.158665399932943e-11,-29.282217725454313,1.2928964565617207e-09,-1.2928964565617207e-09,-4.4152955515214366e-11
low_energy_small_angles,rk45_strict,RK45,1e-08,1e-10,1.5569461827284106,-0.0725380978065983,-0.1017228205917064,-0.07253809776738232,-0.10172282062563465,3.921597768741236e-11,3.392824909909109e-11,3.921597768741236e-11,-0.17402198264648844,-1.9922009592323393,-0.17402198264112845,-1.9922009592317362,5.359990229436562e-12,6.03073146976385e-13,5.393810571410476e-12,3.911285184621249e-11,-29.28221772535101,1.1895942009232385e-09,-1.1895942009232385e-09,-4.062514021749376e-11,-29.282217725494835,1.3334187087821192e-09,-1.3334187087821192e-09,-4.553680740109672e-11
low_energy_small_angles,rk45_strict,RK45,1e-08,1e-10,1.5619524405506884,-0.07195609565351435,-0.10089690146282601,-0.07195609562292904,-0.10089690155224869,3.058531206079351e-11,8.94226775960405e-11,8.94226775960405e-11,-0.17261981452136038,-1.992326501317596,-0.17261981457982212,-1.9923265013107876,5.846173545265287e-11,6.80833167621131e-12,5.88568423579559e-11,5.846173545265287e-11,-29.282217725323278,1.1618617179465218e-09,-1.1618617179465218e-09,-3.9678064308218146e-11,-29.28221772554059,1.3791741082513909e-09,-1.3791741082513909e-09,-4.7099373457407334e-11
low_energy_small_angles,rk45_strict,RK45,1e-08,1e-10,1.5669586983729662,-0.07136353472645315,-0.10005676218019342,-0.07136353467752823,-0.10005676226890324,4.892491967112278e-11,8.87098172697165e-11,8.87098172697165e-11,-0.17119287241818926,-1.9924532003576312,-0.17119287245765497,-1.9924532003522584,3.9465708479013983e-11,5.3728133053709826e-12,3.9829753558927374e-11,4.880039428112326e-11,-29.28221772531537,1.153953377297512e-09,-1.153953377297512e-09,-3.9407991162682974e-11,-29.28221772555859,1.3971721557481942e-09,-1.3971721557481942e-09,-4.771401431782116e-11
low_energy_small_angles,rk45_strict,RK45,1e-08,1e-10,1.571964956195244,-0.07076050094652107,-0.099202522153486,-0.0707605008425497,-0.09920252216503343,1.0397137317763594e-10,1.1547429679126253e-11,1.0397137317763594e-10,-0.16974135672453305,-1.9925809839950435,-0.16974135663231255,-1.992580984001251,9.222050900703493e-11,6.207478975284175e-12,9.242918952768766e-11,1.0371119241181503e-10,-29.28221772533561,1.1741931871256384e-09,-1.1741931871256384e-09,-4.0099189145663145e-11,-29.28221772553651,1.375092040234449e-09,-1.375092040234449e-09,-4.6959969124873686e-11
low_energy_small_angles,rk45_strict,RK45,1e-08,1e-10,1.576971214017522,-0.07014708189931762,-0.09833430258375021,-0.07014708174668698,-0.09833430250479429,1.5263064423454153e-10,7.895592513129657e-11,1.5263064423454153e-10,-0.16826547132596018,-1.992709779258695,-0.1682654710951304,-1.9927097792771444,2.3082977196331456e-10,1.8449464178615926e-11,2.3156590067001192e-10,2.3082977196331456e-10,-29.282217725376736,1.215319400671433e-09,-1.215319400671433e-09,-4.150366656377415e-11,-29.282217725497773,1.3363568029944872e-09,-1.3363568029944872e-09,-4.563714454905611e-11
low_energy_small_angles,rk45_strict,RK45,1e-08,1e-10,1.5819774718397999,-0.06952336683493548,-0.09745222646340183,-0.06952336667783716,-0.09745222634314032,1.5709832046351124e-10,1.2026150908450717e-10,1.5709832046351124e-10,-0.1667654236118136,-1.9928395126022727,-0.1667654233354039,-1.992839512624887,2.764097006835442e-10,2.261435483319474e-11,2.7733325021801505e-10,2.764097006835442e-10,-29.28221772541591,1.254495174407566e-09,-1.254495174407566e-09,-4.284153564545263e-11,-29.282217725468364,1.3069474391613767e-09,-1.3069474391613767e-09,-4.463280245618094e-11
low_energy_small_angles,rk45_strict,RK45,1e-08,1e-10,1.5869837296620777,-0.06888944665797318,-0.09655641856842546,-0.0688894465301391,-0.09655641847273293,1.27834076657507e-10,9.56925372275208e-11,1.27834076657507e-10,-0.16524142446319046,-1.9929701099447086,-0.1652414242404128,-1.9929701099627333,2.2277765743261568e-10,1.802469284939434e-11,2.2350564691631144e-10,2.2277765743261568e-10,-29.282217725421575,1.260158200011574e-09,-1.260158200011574e-09,-4.303493034176128e-11,-29.282217725467536,1.3061196568742162e-09,-1.3061196568742162e-09,-4.4604533344361667e-11
low_energy_small_angles,rk45_strict,RK45,1e-08,1e-10,1.5919899874843555,-0.06824541386241025,-0.09564700542340052,-0.06824541380397345,-0.09564700542394039,5.843679706796223e-11,5.39873701299598e-13,5.843679706796223e-11,-0.16369368815879248,-1.9931014967172853,-0.1636936881010291,-1.9931014967212188,5.7763377414588035e-11,3.93352017624693e-12,5.789715322290968e-11,5.830076699187003e-11,-29.28221772539509,1.2336727195361163e-09,-1.2336727195361163e-09,-4.2130440090204824e-11,-29.28221772550021,1.3387939645781444e-09,-1.3387939645781444e-09,-4.572037463793172e-11
low_energy_small_angles,rk45_strict,RK45,1e-08,1e-10,1.5969962453066333,-0.06759136261907925,-0.09472411537663637,-0.06759136260596267,-0.094724115464838,1.3116577268768026e-11,8.820162655798214e-11,8.820162655798214e-11,-0.162122432542534,-1.993233597889963,-0.1621224326172536,-1.9932335978825064,7.471959162508313e-11,7.456479877987476e-12,7.509072156258737e-11,7.471959162508313e-11,-29.282217725360468,1.1990515247362055e-09,-1.1990515247362055e-09,-4.094811178686241e-11,-29.2822177255538,1.3923830977091711e-09,-1.3923830977091711e-09,-4.7550465979913965e-11
low_energy_small_angles,rk45_strict,RK45,1e-08,1e-10,1.6020025031289111,-0.06692738866798961,-0.09378787848327036,-0.06692738864897099,-0.09378787860120794,1.9018620012190013e-11,1.1793757637157398e-10,1.1793757637157398e-10,-0.16052787880523128,-1.9933663380298732,-0.16052787890367454,-1.9933663380201,9.84432535489077e-11,9.773071241170328e-12,9.892718074816203e-11,9.84432535489077e-11,-29.282217725341106,1.1796892351867427e-09,-1.1796892351867427e-09,-4.0286881488943875e-11,-29.282217725599708,1.4382912638666312e-09,-1.4382912638666312e-09,-4.9118249082611825e-11
low_energy_small_angles,rk45_strict,RK45,1e-08,1e-10,1.607008760951189,-0.06625358929439078,-0.09283842648344995,-0.06625358923545369,-0.09283842656414984,5.893709131843394e-11,8.069989121395338e-11,8.069989121395338e-11,-0.1589102514443474,-1.9934996413447372,-0.158910251465892,-1.9934996413411576,2.154459943781717e-11,3.5795810759964297e-12,2.183994426768584e-11,5.880777809164073e-11,-29.28221772535121,1.1897931528892514e-09,-1.1897931528892514e-09,-4.0631934510463196e-11,-29.282217725602685,1.441268437929466e-09,-1.441268437929466e-09,-4.921992082383306e-11
low_energy_small_angles,rk45_strict,RK45,1e-08,1e-10,1.612015018773467,-0.0655700633287721,-0.09187589280233266,-0.06557006318632591,-0.09187589277565664,1.4244619372938416e-10,2.6676022502059027e-11,1.4244619372938416e-10,-0.15726977826923927,-1.993633431722813,-0.15726977810053566,-1.993633431734594,1.6870360664000827e-10,1.1781020603507386e-11,1.6911445633004562e-10,1.6870360664000827e-10,-29.282217725389785,1.2283685180136672e-09,-1.2283685180136672e-09,-4.1949299386573195e-11,-29.282217725567758,1.4063417097531783e-09,-1.4063417097531783e-09,-4.8027158427716156e-11
low_energy_small_angles,rk45_strict,RK45,1e-08,1e-10,1.6170212765957448,-0.06487691114686307,-0.0909004125500863,-0.06487691095247203,-0.09090041243542545,1.9439104492757764e-10,1.1466085025890749e-10,1.9439104492757764e-10,-0.15560669040630795,-1.9937676327731513,-0.15560669009813838,-1.9937676327961624,3.081695731932399e-10,2.301114854219577e-11,3.0902750492364696e-10,3.081695731932399e-10,-29.282217725439068,1.2776517621659877e-09,-1.2776517621659877e-09,-4.3632342816431165e-11,-29.282217725523765,1.3623484562685917e-09,-1.3623484562685917e-09,-4.652477039484913e-11
low_energy_small_angles,rk45_strict,RK45,1e-08,1e-10,1.6220275344180226,-0.06417423466963303,-0.08991212252188859,-0.06417423447877309,-0.08991212238544459,1.908599389643939e-10,1.3644399499135318e-10,1.908599389643939e-10,-0.15392122230404445,-1.9939021678661413,-0.15392122197768454,-1.9939021678906323,3.263599113179083e-10,2.4491075834021103e-11,3.2727756493676855e-10,3.263599113179083e-10,-29.28221772546741,1.3059953118954581e-09,-1.3059953118954581e-09,-4.460028691125577e-11,-29.282217725498107,1.3366907580802945e-09,-1.3366907580802945e-09,-4.564854925511195e-11
low_energy_small_angles,rk45_strict,RK45,1e-08,1e-10,1.6270337922403004,-0.06346213730675639,-0.08891116115963435,-0.06346213718152444,-0.08891116109060816,1.2523194981017838e-10,6.902618754356382e-11,1.2523194981017838e-10,-0.15221361164340402,-1.9940369601813217,-0.15221361144967063,-1.994036960195393,1.9373339044115312e-10,1.4071188658704159e-11,1.9424372556685872e-10,1.9373339044115312e-10,-29.28221772545228,1.2908643043374468e-09,-1.2908643043374468e-09,-4.4083556665597965e-11,-29.282217725507607,1.346190714457407e-09,-1.346190714457407e-09,-4.597297674440262e-11
low_energy_small_angles,rk45_strict,RK45,1e-08,1e-10,1.6320400500625782,-0.06274072397958377,-0.08789766859262778,-0.06274072394843562,-0.08789766863871604,3.1148153500915043e-11,4.608825820984208e-11,4.608825820984208e-11,-0.1504840994060585,-1.9941719327430651,-0.15048409942088198,-1.9941719327409724,1.4823475780190165e-11,2.09277040141842e-12,1.4970475014472233e-11,3.1086869189955735e-11,-29.282217725414615,1.253198433914804e-09,-1.253198433914804e-09,-4.279725141449111e-11,-29.282217725552364,1.3909478013829357e-09,-1.3909478013829357e-09,-4.7501450009205875e-11
low_energy_small_angles,rk45_strict,RK45,1e-08,1e-10,1.637046307884856,-0.06201010112578144,-0.08687178661677455,-0.06201010113863048,-0.08687178674047381,1.2849041275408979e-11,1.2369925916910773e-10,1.2369925916910773e-10,-0.14873292986299064,-1.9943070084633192,-0.14873292999904777,-1.9943070084517904,1.3605713777842254e-10,1.152877793231255e-11,1.3654470865276778e-10,1.3605713777842254e-10,-29.28221772538097,1.2195542353765632e-09,-1.2195542353765632e-09,-4.164828794269505e-11,-29.28221772561423,1.4528147573855676e-09,-1.4528147573855676e-09,-4.961423246938081e-11
low_energy_small_angles,rk45_strict,RK45,1e-08,1e-10,1.6420525657071339,-0.06127037658891101,-0.08583365859779567,-0.06127037658264712,-0.08583365872949286,6.263892182722941e-12,1.316971948162049e-10,1.316971948162049e-10,-0.14696035037240895,-1.9944421101980325,-0.14696035049736916,-1.994442110187126,1.2496020884711356e-10,1.0906608949312613e-11,1.2543527380241758e-10,1.2496020884711356e-10,-29.282217725372966,1.2115499714582256e-09,-1.2115499714582256e-09,-4.137493897733533e-11,-29.282217725659756,1.4983392304657173e-09,-1.4983392304657173e-09,-5.116891229278047e-11
low_energy_small_angles,rk45_strict,RK45,1e-08,1e-10,1.647058823529412,-0.06052165961787385,-0.08478342947078821,-0.06052165954894735,-0.08478342953885194,6.892649645484639e-11,6.806373520351627e-11,6.892649645484639e-11,-0.14516661138311188,-1.994577160787894,-0.14516661138213083,-1.9945771607862992,9.810485757100196e-13,1.5947243525715749e-12,1.8723253105663786e-12,6.880030573030993e-11,-29.28221772539893,1.2375132030228997e-09,-1.2375132030228997e-09,-4.226159420984701e-11,-29.282217725654533,1.4931167413578805e-09,-1.4931167413578805e-09,-5.0990562102332715e-11
low_energy_small_angles,rk45_strict,RK45,1e-08,1e-10,1.6520650813516897,-0.059764060866911176,-0.08372124574022555,-0.059764060692854594,-0.08372124568585303,1.7405658164770799e-10,5.4372520374990074e-11,1.7405658164770799e-10,-0.1433519664387059,-1.9947120830991656,-0.14335196621077798,-1.9947120831141083,2.2792792653270055e-10,1.4942713733034907e-11,2.2841721561039038e-10,2.2792792653270055e-10,-29.28221772544998,1.288562145873584e-09,-1.288562145873584e-09,-4.400493698980875e-11,-29.282217725612504,1.4510881385376706e-09,-1.4510881385376706e-09,-4.95552677125389e-11
low_energy_small_angles,rk45_strict,RK45,1e-08,1e-10,1.6570713391739675,-0.058997692395603867,-0.08264725547995702,-0.058997692164047426,-0.08264725534143674,2.3155644068850734e-10,1.3852027858085592e-10,2.3155644068850734e-10,-0.14151667218167946,-1.9948468000646737,-0.1415166718124784,-1.9948468000897623,3.692010586142658e-10,2.5088597865874362e-11,3.70052509010235e-10,3.692010586142658e-10,-29.282217725500654,1.3392380537879944e-09,-1.3392380537879944e-09,-4.573554047045279e-11,-29.28221772556545,1.404032445861958e-09,-1.404032445861958e-09,-4.79482960986066e-11
low_energy_small_angles,rk45_strict,RK45,1e-08,1e-10,1.6620775969962454,-0.058222667663321084,-0.08156160832911194,-0.058222667440885494,-0.08156160818400164,2.2243559077983477e-10,1.451102987770625e-10,2.2243559077983477e-10,-0.13966098834770457,-1.994981234725603,-0.13966098798101798,-1.9949812347503686,3.666865977525191e-10,2.4765522965708442e-11,3.675219613833747e-10,3.666865977525191e-10,-29.28221772551489,1.353473777498948e-09,-1.353473777498948e-09,-4.6221696397748124e-11,-29.282217725541564,1.3801475517993822e-09,-1.3801475517993822e-09,-4.7132616962293516e-11
low_energy_small_angles,rk45_strict,RK45,1e-08,1e-10,1.6670838548185232,-0.057439101435920514,-0.08046445543424165,-0.057439101317692705,-0.08046445538931256,1.182278094868927e-10,4.492908822761876e-11,1.182278094868927e-10,-0.13778517761858983,-1.9951153102827246,-0.1377851774557733,-1.9951153102931232,1.6281653802963092e-10,1.0398570893244141e-11,1.631482618129169e-10,1.6281653802963092e-10,-29.282217725486795,1.3253789177269937e-09,-1.3253789177269937e-09,-4.526224516913532e-11,-29.282217725556485,1.3950689492503443e-09,-1.3950689492503443e-09,-4.764218893500138e-11
low_energy_small_angles,rk45_strict,RK45,1e-08,1e-10,1.672090112640801,-0.056647109911118196,-0.07935594955339775,-0.05664710990475721,-0.07935594963050059,6.360988125120315e-12,7.710283800310691e-11,7.710283800310691e-11,-0.1358895058547645,-1.9952489501216975,-0.1358895059252739,-1.9952489501159456,7.050940387109961e-11,5.751843445978011e-12,7.074361976379832e-11,7.050940387109961e-11,-29.282217725443836,1.282419503922938e-09,-1.282419503922938e-09,-4.379516319437734e-11,-29.282217725607957,1.446540665028806e-09,-1.446540665028806e-09,-4.939996958752317e-11
low_energy_small_angles,rk45_strict,RK45,1e-08,1e-10,1.6770963704630788,-0.05584681058995472,-0.07823624493304118,-0.05584681062833138,-0.07823624507806312,3.837665601968965e-11,1.4502193890209014e-10,1.4502193890209014e-10,-0.13397424184770704,-1.9953820778716744,-0.1339742420306022,-1.9953820778581979,1.8289517123015742e-10,1.3476553206714925e-11,1.833910061743542e-10,1.8289517123015742e-10,-29.282217725413833,1.2524168369054678e-09,-1.2524168369054678e-09,-4.277055954925403e-11,-29.2822177256751,1.5136834008444566e-09,-1.5136834008444566e-09,-5.169292213804839e-11
low_energy_small_angles,rk45_strict,RK45,1e-08,1e-10,1.6821026282853568,-0.05503832222059842,-0.07710549726231594,-0.05503832223063179,-0.07710549739986376,1.00333699681876e-11,1.3754782035579893e-10,1.3754782035579893e-10,-0.13203965722146938,-1.995514617452613,-0.13203965736862672,-1.995514617441466,1.4715734186765417e-10,1.1147083256446422e-11,1.4757893051069246e-10,1.4715734186765417e-10,-29.282217725415922,1.2545058325486025e-09,-1.2545058325486025e-09,-4.284189962543314e-11,-29.282217725722262,1.5608456749305333e-09,-1.5608456749305333e-09,-5.3303533551785746e-11
low_energy_small_angles,rk45_strict,RK45,1e-08,1e-10,1.6871088861076347,-0.05422176479834551,-0.07596386367304934,-0.0542217647296234,-0.07596386373278062,6.87221113349068e-11,5.973127548131174e-11,6.87221113349068e-11,-0.13008602643569994,-1.9956464931155333,-0.13008602642663786,-1.9956464931147249,9.062084416200378e-12,8.08464406532039e-13,9.098076096789417e-12,6.862111573413543e-11,-29.282217725453584,1.2921681502575666e-09,-1.2921681502575666e-09,-4.4128083549879814e-11,-29.282217725715096,1.5536798514403927e-09,-1.5536798514403927e-09,-5.30588176782258e-11
low_energy_small_angles,rk45_strict,RK45,1e-08,1e-10,1.6921151439299125,-0.05339725956561986,-0.07481150273975165,-0.053397259374367546,-0.07481150266929257,1.9125231259797815e-10,7.045908301250847e-11,1.9125231259797815e-10,-0.1281136267884916,-1.9957776294827956,-0.1281136265272499,-1.9957776294982692,2.6124172269881285e-10,1.5473622383410657e-11,2.616995809479026e-10,2.6124172269881285e-10,-29.282217725512258,1.3508412166629569e-09,-1.3508412166629569e-09,-4.6131793342563236e-11,-29.282217725670584,1.5091679017587012e-09,-1.5091679017587012e-09,-5.1538715952974174e-11
low_energy_small_angles,rk45_strict,RK45,1e-08,1e-10,1.6971214017521903,-0.05256492901197314,-0.07364857447961634,-0.05256492875424192,-0.07364857432700651,2.577312183116298e-10,1.5260982755282981e-10,2.577312183116298e-10,-0.12612273841905264,-1.9959079515883844,-0.1261227380094813,-1.9959079516131553,4.095713490581687e-10,2.4770852036226643e-11,4.103197351821247e-10,4.095713490581687e-10,-29.282217725561416,1.4000001158365194e-09,-1.4000001158365194e-09,-4.781059033931531e-11,-29.282217725622118,1.4607017817525048e-09,-1.4607017817525048e-09,-4.988357765495497e-11
low_energy_small_angles,rk45_strict,RK45,1e-08,1e-10,1.702127659574468,-0.051724896853912974,-0.07247524033770052,-0.05172489661440482,-0.0724752401926271,2.395081563633106e-10,1.4507341161706933e-10,2.395081563633106e-10,-0.12411364427526994,-1.996037384920305,-0.12411364389138954,-1.9960373849431932,3.83880399690284e-10,2.2888135831067302e-11,3.8456212505678917e-10,3.83880399690284e-10,-29.282217725564852,1.4034355899639195e-09,-1.4034355899639195e-09,-4.792791321969829e-11,-29.28221772559841,1.436994523373869e-09,-1.436994523373869e-09,-4.907396485165031e-11
low_energy_small_angles,rk45_strict,RK45,1e-08,1e-10,1.707133917396746,-0.050877287954675575,-0.07129166314037562,-0.050877287844008995,-0.07129166311277922,1.1066658006653185e-10,2.7596397389473282e-11,1.1066658006653185e-10,-0.12208662998944772,-1.996165855468064,-0.12208662985139804,-1.9961658554756578,1.3804968279629293e-10,7.59392548843607e-12,1.3825839079231687e-10,1.3804968279629293e-10,-29.282217725529332,1.367915558603272e-09,-1.367915558603272e-09,-4.6714889271333236e-11,-29.28221772561482,1.4534045078562485e-09,-1.4534045078562485e-09,-4.963437269496879e-11
low_energy_small_angles,rk45_strict,RK45,1e-08,1e-10,1.7121401752190237,-0.050022228461794785,-0.07009800719788283,-0.05002222847620169,-0.070098007294008,1.4406906223562999e-11,9.612517726242942e-11,9.612517726242942e-11,-0.12004198412007615,-1.9962932897480357,-0.12004198423035413,-1.9962932897405827,1.1027798119123133e-10,7.452927164308676e-12,1.1052954020952978e-10,1.1027798119123133e-10,-29.282217725484788,1.3233716344984714e-09,-1.3233716344984714e-09,-4.519369560614009e-11,-29.282217725668392,1.5069758774188813e-09,-1.5069758774188813e-09,-5.1463857403650186e-11
low_energy_small_angles,rk45_strict,RK45,1e-08,1e-10,1.7171464330413018,-0.04915984562603657,-0.06889443814719425,-0.04915984568812459,-0.0688944383027788,6.20880222235165e-11,1.5558455912501046e-10,1.5558455912501046e-10,-0.11797999781616898,-1.9964196148637443,-0.11797999803339748,-1.9964196148499829,2.172284990775708e-10,1.376143643483374e-11,2.1766395646556678e-10,2.172284990775708e-10,-29.282217725458963,1.2975469587672706e-09,-1.2975469587672706e-09,-4.4311772113374986e-11,-29.28221772573748,1.5760619476168358e-09,-1.5760619476168358e-09,-5.3823175637287595e-11
low_energy_small_angles,rk45_strict,RK45,1e-08,1e-10,1.7221526908635796,-0.0482902677723012,-0.0676811229288283,-0.04829026780091399,-0.06768112306547738,2.8612792690729805e-11,1.3664908093957706e-10,1.3664908093957706e-10,-0.1159009647667203,-1.996544758547616,-0.11590096493163594,-1.9965447585369933,1.649156505800775e-10,1.0622613899613498e-11,1.6525741052161771e-10,1.649156505800775e-10,-29.282217725468662,1.307245867110396e-09,-1.307245867110396e-09,-4.46429938956351e-11,-29.28221772578596,1.6245422784777475e-09,-1.6245422784777475e-09,-5.547879924194748e-11
low_energy_small_angles,rk45_strict,RK45,1e-08,1e-10,1.7271589486858574,-0.047413624299622995,-0.06645822978684933,-0.04741362423971069,-0.06645822983875166,5.991230428437078e-11,5.190232965635033e-11,5.991230428437078e-11,-0.11380518120214558,-1.99666864919938,-0.11380518119408836,-1.9966686491987726,8.057221556612149e-12,6.072919944699606e-13,8.080075666655777e-12,5.984497619682116e-11,-29.28221772551384,1.352422174250023e-09,-1.352422174250023e-09,-4.6185783706338236e-11,-29.28221772577955,1.6181331830011914e-09,-1.6181331830011914e-09,-5.525992594700344e-11
low_energy_small_angles,rk45_strict,RK45,1e-08,1e-10,1.7321652065081352,-0.046530045681170536,-0.0652259282688678,-0.04653004548739752,-0.06522592818850279,1.9377301846423833e-10,8.036502019415082e-11,1.9377301846423833e-10,-0.11169294589552789,-1.9967912159243424,-0.11169294562177046,-1.9967912159385934,2.7375743338886593e-10,1.4251044788693434e-11,2.7412811715186884e-10,2.7375743338886593e-10,-29.282217725576142,1.4147261140351475e-09,-1.4147261140351475e-09,-4.8313489345713904e-11,-29.28221772573604,1.5746230985769216e-09,-1.5746230985769216e-09,-5.3774038339919336e-11
low_energy_small_angles,rk45_strict,RK45,1e-08,1e-10,1.737171464330413,-0.04563966346424655,-0.06398438922604031,-0.045639663197071446,-0.06398438906705245,2.671751014871049e-10,1.5898786454027203e-10,2.671751014871049e-10,-0.10956456016366467,-1.9969123885715183,-0.10956455973810525,-1.9969123885938738,4.2555942103561506e-10,2.2355450823852152e-11,4.2614620380065053e-10,4.2555942103561506e-10,-29.28221772562201,1.4605952003421407e-09,-1.4605952003421407e-09,-4.987993785514991e-11,-29.282217725688923,1.5275070097686694e-09,-1.5275070097686694e-09,-5.216500417276418e-11
low_energy_small_angles,rk45_strict,RK45,1e-08,1e-10,1.7421777221526908,-0.0447426102346171,-0.06273378478570793,-0.04474260999590759,-0.06273378464743047,2.3870951049165257e-10,1.3827745892758259e-10,2.3870951049165257e-10,-0.10742032780497182,-1.9970320977749223,-0.10742032742849576,-1.9970320977942682,3.7647605866109046e-10,1.9345858248698278e-11,3.769727907639589e-10,3.7647605866109046e-10,-29.28221772561771,1.4562928640771133e-09,-1.4562928640771133e-09,-4.973301126968581e-11,-29.28221772566648,1.5050645174596866e-09,-1.5050645174596866e-09,-5.139858366047951e-11
low_energy_small_angles,rk45_strict,RK45,1e-08,1e-10,1.7471839799749687,-0.043839019568285405,-0.06147428832486119,-0.04383901947196979,-0.06147428831288134,9.631561520562215e-11,1.1979847669429944e-11,9.631561520562215e-11,-0.1052605550254461,-1.9971502749947883,-0.1052605549172658,-1.9971502749997452,1.0818029805292895e-10,4.956923760346399e-12,1.0829380397781966e-10,1.0818029805292895e-10,-29.28221772557905,1.4176322338244063e-09,-1.4176322338244063e-09,-4.841273455373177e-11,-29.282217725683438,1.5220216198486014e-09,-1.5220216198486014e-09,-5.197767580946395e-11
low_energy_small_angles,rk45_strict,RK45,1e-08,1e-10,1.7521902377972467,-0.04292902614043285,-0.06020607454905737,-0.042929026174210565,-0.060206074656864166,3.3777716734739727e-11,1.0780679821076333e-10,1.0780679821076333e-10,-0.10308555062668467,-1.9972668525450508,-0.10308555076804274,-1.9972668525371144,1.4135806414294905e-10,7.936318269230469e-12,1.4158067469083703e-10,1.4135806414294905e-10,-29.282217725536217,1.3748007177127874e-09,-1.3748007177127874e-09,-4.6950020338739865e-11,-29.28221772573629,1.5748753412481165e-09,-1.5748753412481165e-09,-5.3782652532791304e-11
low_energy_small_angles,rk45_strict,RK45,1e-08,1e-10,1.7571964956195245,-0.042012765531879576,-0.05892931932718823,-0.042012765612471276,-0.05892931948305291,8.059169998020366e-11,1.558646822719112e-10,1.558646822719112e-10,-0.10089562564782406,-1.9973817636488995,-0.10089562588393877,-1.997381763636335,2.3611471111628646e-10,1.2564616014287822e-11,2.364487817289696e-10,2.3611471111628646e-10,-29.28221772551565,1.3542340582262113e-09,-1.3542340582262113e-09,-4.624766030302419e-11,-29.28221772580322,1.641804914243039e-09,-1.641804914243039e-09,-5.606832548370641e-11
low_energy_small_angles,rk45_strict,RK45,1e-08,1e-10,1.7622027534418023,-0.041090374214577285,-0.05764419967969592,-0.04109037425748189,-0.057644199805336076,4.2904603481108694e-11,1.2564015799965134e-10,1.2564015799965134e-10,-0.09869109333922815,-1.9974949424755961,-0.09869109350752803,-1.997494942466595,1.6829987403710334e-10,9.001022149845994e-12,1.6854039871985254e-10,1.6829987403710334e-10,-29.282217725531584,1.3701679790756316e-09,-1.3701679790756316e-09,-4.679181037388009e-11,-29.282217725848536,1.6871197772161395e-09,-1.6871197772161395e-09,-5.7615847034156127e-11
low_energy_small_angles,rk45_strict,RK45,1e-08,1e-10,1.7672090112640801,-0.040161989551609364,-0.05635089377857316,-0.04016198949731886,-0.05635089381295857,5.429050264904589e-11,3.438540424616221e-11,5.429050264904589e-11,-0.09647226916222655,-1.9976063241756183,-0.09647226914231065,-1.9976063241758615,1.9915902260692064e-11,2.431388423929093e-13,1.9917386358508977e-11,5.424672516740614e-11,-29.2822177255809,1.4194831976510613e-09,-1.4194831976510613e-09,-4.847594574367958e-11,-29.28221772584056,1.6791439350072324e-09,-1.6791439350072324e-09,-5.734346868207776e-11
low_energy_small_angles,rk45_strict,RK45,1e-08,1e-10,1.772215269086358,-0.039227749797190875,-0.05504958094736325,-0.03922774960686536,-0.05504958085399401,1.9032551229480887e-10,9.336924289282678e-11,1.9032551229480887e-10,-0.09423947078864983,-1.9977158449155359,-0.09423947050524292,-1.9977158449281374,2.8340690905181987e-10,1.2601475418705377e-11,2.836869282872137e-10,2.8340690905181987e-10,-29.28221772564246,1.4810446202773164e-09,-1.4810446202773164e-09,-5.057829411108002e-11,-29.282217725799537,1.638120750158123e-09,-1.638120750158123e-09,-5.5942509737111633e-11
low_energy_small_angles,rk45_strict,RK45,1e-08,1e-10,1.7772215269086358,-0.03828779409666856,-0.05374044166115999,-0.0382877938365424,-0.05374044150041872,2.601261636647756e-10,1.6074126751863815e-10,2.601261636647756e-10,-0.09199301810016204,-1.9978234419126053,-0.09199301767971732,-1.9978234419311967,4.204447207056816e-10,1.859135068116302e-11,4.208555589384897e-10,4.204447207056816e-10,-29.28221772568096,1.5195453784144775e-09,-1.5195453784144775e-09,-5.189311112732648e-11,-29.282217725757395,1.5959784605001914e-09,-1.5959784605001914e-09,-5.450333289419243e-11
low_energy_small_angles,rk45_strict,RK45,1e-08,1e-10,1.7822277847309136,-0.037342262431508025,-0.05242365750107405,-0.03734226221920316,-0.052423657381412594,2.1230486813017535e-10,1.1966145435637898e-10,2.1230486813017535e-10,-0.08973323308694495,-1.9979290534735097,-0.08973323275529102,-1.9979290534877059,3.316539265441065e-10,1.4196199771276952e-11,3.319576163911134e-10,3.316539265441065e-10,-29.282217725669163,1.507746816287181e-09,-1.507746816287181e-09,-5.149018528890676e-11,-29.28221772574014,1.5787229301622574e-09,-1.5787229301622574e-09,-5.3914049305753835e-11
low_energy_small_angles,rk45_strict,RK45,1e-08,1e-10,1.7872340425531916,-0.03639129562515869,-0.05109941116498706,-0.036391295560239664,-0.05109941117510834,6.491902848626552e-11,1.01212788150562e-11,6.491902848626552e-11,-0.08746043986320093,-1.9980326190270308,-0.08746043980843293,-1.9980326190288755,5.476799569414936e-11,1.84474657771716e-12,5.479905512224059e-11,6.487604897742472e-11,-29.282217725630463,1.4690471061840071e-09,-1.4690471061840071e-09,-5.0168573979690865e-11,-29.28221772576009,1.598674970182401e-09,-1.598674970182401e-09,-5.459541982926035e-11
low_energy_small_angles,rk45_strict,RK45,1e-08,1e-10,1.7922403003754694,-0.03543503538152347,-0.04976788649258287,-0.035435035437583015,-0.04976788660859172,5.605954589427142e-11,1.1600885529983174e-10,1.1600885529983174e-10,-0.08517496472930472,-1.998134079154644,-0.08517496490119429,-1.998134079146887,1.7188957202041166e-10,7.757128273055969e-12,1.7206451699407675e-10,1.7188957202041166e-10,-29.28221772559328,1.431864404821681e-09,-1.431864404821681e-09,-4.8898769154366934e-11,-29.282217725811762,1.6503456379268755e-09,-1.6503456379268755e-09,-5.635999477475158e-11
low_energy_small_angles,rk45_strict,RK45,1e-08,1e-10,1.7972465581977473,-0.034473624111959145,-0.04842926831437407,-0.03447362420170307,-0.04842926845790123,8.97439275671097e-11,1.4352715543841654e-10,1.4352715543841654e-10,-0.0828771358466304,-1.9982333756370125,-0.08287713607967986,-1.998233375626971,2.3304946861202325e-10,1.0041523168524691e-11,2.3326570045313227e-10,2.3304946861202325e-10,-29.28221772558106,1.4196430697666074e-09,-1.4196430697666074e-09,-4.848140544338716e-11,-29.282217725872325,1.7109087480093876e-09,-1.7109087480093876e-09,-5.842825035064466e-11
low_energy_small_angles,rk45_strict,RK45,1e-08,1e-10,1.802252816020025,-0.033507204931522226,-0.04708374244850134,-0.033507204975608676,-0.04708374254802828,4.408644976860998e-11,9.952694224324432e-11,9.952694224324432e-11,-0.08056728322884496,-1.9983304514852853,-0.08056728337232333,-1.998330451479124,1.4347836807537817e-10,6.161293697459769e-12,1.436105972607873e-10,1.4347836807537817e-10,-29.282217725604045,1.4426291272684466e-09,-1.4426291272684466e-09,-4.926638893467761e-11,-29.28221772590651,1.745092959026806e-09,-1.745092959026806e-09,-5.959565547478634e-11
low_energy_small_angles,rk45_strict,RK45,1e-08,1e-10,1.8072590738423029,-0.032535921658968917,-0.045731495700733274,-0.03253592159234177,-0.045731495697840456,6.662714824301474e-11,2.8928179296450196e-12,6.662714824301474e-11,-0.07824573873995569,-1.9984252509717009,-0.07824573867047402,-1.9984252509740006,6.94816704172041e-11,2.2997159732085493e-12,6.951971819219642e-11,6.94816704172041e-11,-29.282217725655123,1.4937064918285614e-09,-1.4937064918285614e-09,-5.1010702327920695e-11,-29.282217725891684,1.7302674848451716e-09,-1.7302674848451716e-09,-5.908935932190303e-11
low_energy_small_angles,rk45_strict,RK45,1e-08,1e-10,1.8122653316645807,-0.03155991881675509,-0.04437271586446648,-0.03155991862633897,-0.04437271574936252,1.904161203714061e-10,1.151039610847171e-10,1.904161203714061e-10,-0.0759128360921647,-1.99851771965979,-0.07591283578685273,-1.9985177196709043,3.053119701501572e-10,1.1114220654917517e-11,3.055141977351244e-10,3.053119701501572e-10,-29.282217725710158,1.54874157942686e-09,-1.54874157942686e-09,-5.289017362059153e-11,-29.282217725853574,1.6921575252126786e-09,-1.6921575252126786e-09,-5.778788823827511e-11
low_energy_small_angles,rk45_strict,RK45,1e-08,1e-10,1.8172715894868585,-0.030579341630134236,-0.04300759171989869,-0.030579341391709758,-0.04300759156204446,2.384244780773148e-10,1.578542296876151e-10,2.384244780773148e-10,-0.07356891084180543,-1.9986078044342368,-0.07356891044578416,-1.998607804448313,3.96021271331648e-10,1.4076295684617435e-11,3.9627135834846244e-10,3.96021271331648e-10,-29.282217725732874,1.5714576306891104e-09,-1.5714576306891104e-09,-5.366593628570917e-11,-29.28221772582053,1.6591137352861551e-09,-1.6591137352861551e-09,-5.665942897204753e-11
low_energy_small_angles,rk45_strict,RK45,1e-08,1e-10,1.8222778473091366,-0.02959433594107038,-0.04163631295499844,-0.029594335788279698,-0.041636312874342926,1.5279068288354125e-10,8.065551698743789e-11,1.5279068288354125e-10,-0.07121430022180597,-1.998695453536084,-0.07121429998849657,-1.998695453543962,2.333093995776636e-10,7.878142582740111e-12,2.3344237203610635e-10,2.333093995776636e-10,-29.28221772571288,1.5514629581048212e-09,-1.5514629581048212e-09,-5.298310984228063e-11,-29.282217725813897,1.6524808188478346e-09,-1.6524808188478346e-09,-5.643291209751287e-11
low_energy_small_angles,rk45_strict,RK45,1e-08,1e-10,1.8272841051314144,-0.028605048311965326,-0.040259070259258144,-0.02860504830027939,-0.040259070302553754,1.1685936940342145e-11,4.3295610152593866e-11,4.3295610152593866e-11,-0.06884934333630403,-1.998780616583965,-0.06884934336788341,-1.9987806165825566,3.157937800146726e-11,1.4084289290394736e-12,3.161077011095601e-11,3.157937800146726e-11,-29.28221772567701,1.5155947608036513e-09,-1.5155947608036513e-09,-5.1758195881219064e-11,-29.282217725840802,1.6793855195373908e-09,-1.6793855195373908e-09,-5.735171889496922e-11
low_energy_small_angles,rk45_strict,RK45,1e-08,1e-10,1.8322903629536922,-0.027611625916668107,-0.03887605522254349,-0.027611625996344178,-0.03887605534081153,7.967607129621967e-11,1.1826804119374756e-10,1.1826804119374756e-10,-0.06647438094773542,-1.9988632446097263,-0.06647438114555979,-1.99886324460293,1.978243679978675e-10,6.796341267545358e-12,1.9794107918363143e-10,1.978243679978675e-10,-29.282217725650487,1.4890702004777268e-09,-1.4890702004777268e-09,-5.085237103640075e-11,-29.282217725891247,1.7298305010626791e-09,-1.7298305010626791e-09,-5.90744361427023e-11
low_energy_small_angles,rk45_strict,RK45,1e-08,1e-10,1.83729662077597,-0.02661421644632878,-0.03748746024869788,-0.026614216529514335,-0.03748746036108991,8.318555566599883e-11,1.1239202624135913e-10,1.1239202624135913e-10,-0.06408975529327327,-1.9989432900911592,-0.06408975548874242,-1.9989432900847333,1.954691547512155e-10,6.425970866530406e-12,1.955747518488318e-10,1.954691547512155e-10,-29.28221772565128,1.4898624556280993e-09,-1.4898624556280993e-09,-5.087942688161834e-11,-29.28221772593968,1.7782646466457663e-09,-1.7782646466457663e-09,-6.072848250078e-11
low_energy_small_angles,rk45_strict,RK45,1e-08,1e-10,1.8423028785982478,-0.025612968109398376,-0.036093478555542395,-0.025612968130940758,-0.03609347860708216,2.154238246121487e-11,5.1539765510977276e-11,5.1539765510977276e-11,-0.061695810081504474,-1.9990207069774426,-0.06169581015454599,-1.9990207069750308,7.304151727893782e-11,2.41184849869569e-12,7.30813263398389e-11,7.304151727893782e-11,-29.282217725683033,1.5216166104892181e-09,-1.5216166104892181e-09,-5.196384457020474e-11,-29.282217725952233,1.7908163840729685e-09,-1.7908163840729685e-09,-6.115712959115544e-11
low_energy_small_angles,rk45_strict,RK45,1e-08,1e-10,1.8473091364205256,-0.024608029631628905,-0.034694304174875755,-0.02460802952940751,-0.03469430411350387,1.0222139454341139e-10,6.137188673926985e-11,1.0222139454341139e-10,-0.059292890488936115,-1.9990954507140892,-0.05929289032541071,-1.9990954507187335,1.6352540155306627e-10,4.644284956611955e-12,1.6359133942800817e-10,1.6352540155306627e-10,-29.282217725732572,1.5711556500264123e-09,-1.5711556500264123e-09,-5.3655623519594845e-11,-29.282217725928966,1.767549662190504e-09,-1.767549662190504e-09,-6.036256129371168e-11
low_energy_small_angles,rk45_strict,RK45,1e-08,1e-10,1.8523153942428034,-0.02359955025607336,-0.03329013195247435,-0.023599550067162058,-0.03329013181540367,1.8891130326714745e-10,1.3707068119428456e-10,1.8891130326714745e-10,-0.05688134315633535,-1.9991674782673905,-0.056881342830481914,-1.9991674782764106,3.258534345129682e-10,9.020117985869547e-12,3.259782558889109e-10,3.258534345129682e-10,-29.282217725771712,1.6102958966257575e-09,-1.6102958966257575e-09,-5.499227933467164e-11,-29.282217725896494,1.7350778591662674e-09,-1.7350778591662674e-09,-5.925363561977124e-11
low_energy_small_angles,rk45_strict,RK45,1e-08,1e-10,1.8573216520650815,-0.022587679717991513,-0.03188115752261114,-0.02258767954045838,-0.031881157398049004,1.775331340270192e-10,1.2456213838163421e-10,1.775331340270192e-10,-0.05446151613434996,-1.999236748149721,-0.05446151583236328,-1.9992367481577014,3.0198668565795117e-10,7.980283101005625e-12,3.0209211051109296e-10,3.0198668565795117e-10,-29.282217725770707,1.609290478654657e-09,-1.609290478654657e-09,-5.4957943889843943e-11,-29.282217725878056,1.7166392751732928e-09,-1.7166392751732928e-09,-5.862395025349652e-11
low_energy_small_angles,rk45_strict,RK45,1e-08,1e-10,1.8623279098873593,-0.021572568206089267,-0.03046757726304946,-0.02157256814646895,-0.030467577246073824,5.962031909834131e-11,1.6975636174532127e-11,5.962031909834131e-11,-0.05203375879577958,-1.9993032204448473,-0.05203375871920538,-1.9993032204466505,7.657419837103774e-11,1.8032242365961793e-12,7.659542723827896e-11,7.657419837103774e-11,-29.282217725744715,1.5832988253805524e-09,-1.5832988253805524e-09,-5.407031804405091e-11,-29.28221772588724,1.7258230400329921e-09,-1.7258230400329921e-09,-5.893757967003219e-11
low_energy_small_angles,rk45_strict,RK45,1e-08,1e-10,1.8673341677096371,-0.02055436643312042,-0.029049588367048206,-0.020554366483284455,-0.029049588443478238,5.0164036119459965e-11,7.643003244184321e-11,7.643003244184321e-11,-0.049598421973976736,-1.9993668568264333,-0.049598422100527964,-1.9993668568231824,1.2655122783034045e-10,3.2509550607073834e-12,1.2659297758633168e-10,1.2655122783034045e-10,-29.28221772571712,1.555704898237309e-09,-1.555704898237309e-09,-5.3127973874521866e-11,-29.282217725922678,1.7612613589790271e-09,-1.7612613589790271e-09,-6.014781310521337e-11
low_energy_small_angles,rk45_strict,RK45,1e-08,1e-10,1.872340425531915,-0.0195332254624844,-0.027627388675553706,-0.019533225549913977,-0.027627388773628733,8.74295774666578e-11,9.807502726610906e-11,9.807502726610906e-11,-0.04715585761744513,-1.9994276205884354,-0.047155857802895634,-1.9994276205840187,1.854505021769981e-10,4.416689236563798e-12,1.8550308865761012e-10,1.854505021769981e-10,-29.28221772570764,1.5462227054285904e-09,-1.5462227054285904e-09,-5.280415301853204e-11,-29.282217725967197,1.8057804140880762e-09,-1.8057804140880762e-09,-6.166815748378533e-11
low_energy_small_angles,rk45_strict,RK45,1e-08,1e-10,1.8773466833541927,-0.018509296694017543,-0.0262011766631648,-0.01850929674628494,-0.02620117671925814,5.22673987424227e-11,5.609333830758345e-11,5.609333830758345e-11,-0.04470641875711717,-1.9994854766654748,-0.044706418865449696,-1.9994854766630379,1.0833252350739286e-10,2.4369395390522186e-12,1.0835992951177489e-10,1.0833252350739286e-10,-29.282217725725232,1.5638157435660105e-09,-1.5638157435660105e-09,-5.3404962639686646e-11,-29.282217725991433,1.8300170268048532e-09,-1.8300170268048532e-09,-6.24958479594551e-11
low_energy_small_angles,rk45_strict,RK45,1e-08,1e-10,1.8823529411764706,-0.017482731863993094,-0.02477115143813284,-0.01748273182007502,-0.024771151403749452,4.391807403858472e-11,3.4383388497483125e-11,4.391807403858472e-11,-0.04225045950172697,-1.999540391651831,-0.04225045942344276,-1.9995403916534502,7.828421244582273e-11,1.6191492591133283e-12,7.830095505538865e-11,7.828421244582273e-11,-29.282217725763708,1.60229163270742e-09,-1.60229163270742e-09,-5.471893036931192e-11,-29.282217725979596,1.81817938482709e-09,-1.81817938482709e-09,-6.209158752777352e-11
low_energy_small_angles,rk45_strict,RK45,1e-08,1e-10,1.8873591989987484,-0.01645368304512119,-0.02333751274236172,-0.01645368290836175,-0.02333751262557773,1.3675944057767175e-10,1.1678398872949636e-10,1.3675944057767175e-10,-0.03978833503305139,-1.9995923338198527,-0.039788334779558274,-1.999592333824828,2.534931153874709e-10,4.9753534625551765e-12,2.5354193674996446e-10,2.534931153874709e-10,-29.282217725801612,1.6401955349465425e-09,-1.6401955349465425e-09,-5.601336450665006e-11,-29.282217725953824,1.7924079998010711e-09,-1.7924079998010711e-09,-6.121148393491095e-11
low_energy_small_angles,rk45_strict,RK45,1e-08,1e-10,1.8923654568210264,-0.015422302637931928,-0.02190046094186423,-0.0154223024855402,-0.021900460813749776,1.5239172770908915e-10,1.2811445307403524e-10,1.5239172770908915e-10,-0.03732040158286641,-1.9996412731381217,-0.03732040130240908,-1.9996412731432773,2.804573309700409e-10,5.155653681754302e-12,2.805047152183457e-10,2.804573309700409e-10,-29.282217725809122,1.6477059716635267e-09,-1.6477059716635267e-09,-5.6269849066246356e-11,-29.28221772593489,1.7734720358930645e-09,-1.7734720358930645e-09,-6.056481283621263e-11
low_energy_small_angles,rk45_strict,RK45,1e-08,1e-10,1.8973717146433042,-0.014388743313249344,-0.020460196955841434,-0.01438874325158581,-0.020460196914085006,6.16635336542215e-11,4.175642817627612e-11,6.16635336542215e-11,-0.03484701629951001,-1.999687181290845,-0.03484701619610517,-1.9996871812925865,1.0340484024595753e-10,1.7414958364270205e-12,1.0341950393441409e-10,1.0340484024595753e-10,-29.282217725791142,1.6297256877351174e-09,-1.6297256877351174e-09,-5.565581483913338e-11,-29.282217725937365,1.7759482773271884e-09,-1.7759482773271884e-09,-6.064937751835011e-11
low_energy_small_angles,rk45_strict,RK45,1e-08,1e-10,1.902377972465582,-0.013353158093362839,-0.019016922342937913,-0.013353158131880039,-0.019016922389032208,3.8517199846266337e-11,4.609429504753848e-11,4.609429504753848e-11,-0.03236853741014303,-1.999730031690829,-0.03236853749474276,-1.9997300316894382,8.459972999919074e-11,1.3908874052503961e-12,8.461116287884275e-11,8.459972999919074e-11,-29.28221772576844,1.6070238473275822e-09,-1.6070238473275822e-09,-5.488053748065641e-11,-29.282217725963132,1.8017161096395284e-09,-1.8017161096395284e-09,-6.152935978455252e-11
low_energy_small_angles,rk45_strict,RK45,1e-08,1e-10,1.9073842302878599,-0.012315700197613622,-0.017570839146425585,-0.012315700277210545,-0.017570839217669835,7.959692280290476e-11,7.124425008275814e-11,7.959692280290476e-11,-0.029885323906319476,-1.9997697995002324,-0.029885324057143614,-1.9997697994980002,1.508241379011288e-10,2.2322144133113397e-12,1.508406555103952e-10,1.508241379011288e-10,-29.282217725758766,1.5973498079802084e-09,-1.5973498079802084e-09,-5.4550164985017484e-11,-29.282217725999317,1.8379004984581115e-09,-1.8379004984581115e-09,-6.276507181836908e-11
low_energy_small_angles,rk45_strict,RK45,1e-08,1e-10,1.9123904881101377,-0.011276523009748358,-0.016122149859765254,-0.011276523063771157,-0.0161221498957059,5.4022798387509674e-11,3.594064629242055e-11,5.4022798387509674e-11,-0.027397735471535824,-1.9998064616450777,-0.027397735561491166,-1.9998064616438889,8.995534178657394e-11,1.1888268147686176e-12,8.996319705932447e-11,8.995534178657394e-11,-29.282217725771336,1.6099193089758046e-09,-1.6099193089758046e-09,-5.4979418708693776e-11,-29.282217726020587,1.8591705952530901e-09,-1.8591705952530901e-09,-6.349145453279813e-11
low_energy_small_angles,rk45_strict,RK45,1e-08,1e-10,1.9173967459324155,-0.010235780077919173,-0.01467105742660664,-0.010235780051853022,-0.014671057384754283,2.606615097378029e-11,4.185235664977416e-11,4.185235664977416e-11,-0.024906132475757244,-1.9998399968277933,-0.024906132407844606,-1.999839996828674,6.791263731931174e-11,8.806289031326742e-13,6.791834667399823e-11,6.791263731931174e-11,-29.282217725801782,1.6403660652031249e-09,-1.6403660652031249e-09,-5.601918818633815e-11,-29.282217726011954,1.850537501013605e-09,-1.850537501013605e-09,-6.319663074858859e-11
low_energy_small_angles,rk45_strict,RK45,1e-08,1e-10,1.9224030037546935,-0.0091936251146836,-0.013217765240788258,-0.009193625013175562,-0.013217765130811495,1.0150803808617326e-10,1.0997676380686272e-10,1.0997676380686272e-10,-0.022410875969854485,-1.9998703855391136,-0.022410875758383582,-1.9998703855415,2.1147090328854645e-10,2.3865354137342365e-12,2.114843693726673e-10,2.1147090328854645e-10,-29.282217725831522,1.6701058314083639e-09,-1.6701058314083639e-09,-5.703481365860899e-11,-29.28221772599235,1.8309336269339838e-09,-1.8309336269339838e-09,-6.252715023777858e-11
low_energy_small_angles,rk45_strict,RK45,1e-08,1e-10,1.9274092615769713,-0.008150211986259946,-0.011762477133209784,-0.008150211880728241,-0.011762477022262567,1.055317049025728e-10,1.1094721669158147e-10,1.1094721669158147e-10,-0.019912327656086533,-1.999897610069579,-0.019912327439618793,-1.999897610071744,2.1646773956662813e-10,2.1651569426239803e-12,2.1647856747879622e-10,2.1646773956662813e-10,-29.282217725835157,1.6737402575017768e-09,-1.6737402575017768e-09,-5.715893083196141e-11,-29.282217725978843,1.8174262095271843e-09,-1.8174262095271843e-09,-6.20658662758178e-11
low_energy_small_angles,rk45_strict,RK45,1e-08,1e-10,1.9324155193992492,-0.007105694673701731,-0.010305397313980048,-0.007105694648178544,-0.01030539728109808,2.5523186862608238e-11,3.288196798179044e-11,3.288196798179044e-11,-0.01741084978570135,-1.9999216545208687,-0.01741084972729859,-1.9999216545213887,5.840276179336357e-11,5.200284647344233e-13,5.840507695993989e-11,5.840276179336357e-11,-29.28221772582049,1.6590746554356883e-09,-1.6590746554356883e-09,-5.665809437878568e-11,-29.282217725983188,1.8217711783563573e-09,-1.8217711783563573e-09,-6.221424878120392e-11
low_energy_small_angles,rk45_strict,RK45,1e-08,1e-10,1.937421777221527,-0.006060227319761894,-0.00884673042998418,-0.0060602273695482605,-0.008846730462546507,4.978636686941984e-11,3.2562326099383476e-11,4.978636686941984e-11,-0.014906805257561264,-1.9999425048141894,-0.014906805339907767,-1.9999425048135997,8.23465028804149e-11,5.897504706808832e-13,8.234861469540242e-11,8.23465028804149e-11,-29.282217725804433,1.64301638960751e-09,-1.64301638960751e-09,-5.610969787482388e-11,-29.282217726005623,1.8442065652379824e-09,-1.8442065652379824e-09,-6.298042664016825e-11
low_energy_small_angles,rk45_strict,RK45,1e-08,1e-10,1.9424280350438048,-0.005013964089676795,-0.007386681417004677,-0.005013964159213443,-0.0073866814550741615,6.95366481409665e-11,3.8069484196989745e-11,6.95366481409665e-11,-0.01240055732519228,-1.9999601487012562,-0.0124005574327965,-1.9999601487006262,1.0760421893796224e-10,6.299405441723138e-13,1.0760606283262158e-10,1.0760421893796224e-10,-29.28221772580093,1.6395134139202128e-09,-1.6395134139202128e-09,-5.59900697878977e-11,-29.282217726032894,1.871477195436455e-09,-1.871477195436455e-09,-6.391173008362196e-11
low_energy_small_angles,rk45_strict,RK45,1e-08,1e-10,1.9474342928660826,-0.003967059152287303,-0.005925455478323039,-0.003967059189010024,-0.005925455476728426,3.6722721218074295e-11,1.5946124629073744e-12,3.6722721218074295e-11,-0.009892469550575048,-1.9999745757712137,-0.009892469585702897,-1.9999745757710776,3.5127848546645524e-11,1.361133428190442e-13,3.512811225155942e-11,3.6722432386615544e-11,-29.282217725815354,1.6539374314561428e-09,-1.6539374314561428e-09,-5.648265602818197e-11,-29.28221772604164,1.880223976513662e-09,-1.880223976513662e-09,-6.421043632095689e-11
low_energy_small_angles,rk45_strict,RK45,1e-08,1e-10,1.9524405506883604,-0.0029196666800387905,-0.004463258084719755,-0.0029196666453072772,-0.004463258012686362,3.473151323832302e-11,7.203339313921475e-11,7.203339313921475e-11,-0.007382905798163984,-1.9999857774564358,-0.007382905691399943,-1.9999857774568586,1.0676404118420413e-10,4.227729277772596e-13,1.0676487824622335e-10,1.0676404118420413e-10,-29.28221772584035,1.6789343249001831e-09,-1.6789343249001831e-09,-5.733631040912781e-11,-29.282217726031426,1.8700099246871105e-09,-1.8700099246871105e-09,-6.386162217297234e-11
low_energy_small_angles,rk45_strict,RK45,1e-08,1e-10,1.9574468085106385,-0.0018719408489810989,-0.0030002949744742657,-0.0018719407754849743,-0.0030002948675219737,7.34961245509036e-11,1.0695229207477452e-10,1.0695229207477452e-10,-0.004872230228865898,-1.9999937470376499,-0.004872230048418092,-1.9999937470381086,1.8044780600301458e-10,4.587441537751147e-13,1.8044838912414875e-10,1.8044780600301458e-10,-29.282217725856135,1.6947190317750938e-09,-1.6947190317750938e-09,-5.787536476025663e-11,-29.282217726017887,1.8564705328572018e-09,-1.8564705328572018e-09,-6.339924627107005e-11
low_energy_small_angles,rk45_strict,RK45,1e-08,1e-10,1.9624530663329163,-0.0008240358090605313,-0.00153677211141071,-0.0008240357701129364,-0.001536772040395355,3.8947594932156604e-11,7.101535483798604e-11,7.101535483798604e-11,-0.002360807222322068,-1.999998479648483,-0.002360807112359215,-1.9999984796486243,1.09962852625628e-10,1.412203687323199e-13,1.0996294330708925e-10,1.09962852625628e-10,-29.28221772585062,1.6892052201455954e-09,-1.6892052201455954e-09,-5.7687065783675057e-11,-29.282217726013723,1.8523067524256476e-09,-1.8523067524256476e-09,-6.325705142535251e-11
low_energy_small_angles,rk45_strict,RK45,1e-08,1e-10,1.967459324155194,0.00022389429970652228,-7.289569162724583e-05,0.0002238942724117135,-7.289568383758195e-05,2.729480877428081e-11,7.789663879209652e-12,2.729480877428081e-11,0.0001509986062732483,-1.9999999722787805,0.00015099858676810406,-1.9999999722787871,1.9505144244549855e-11,6.661338147750939e-15,1.9505145382029897e-11,2.7294808096654452e-11,-29.282217725838624,1.677207706052286e-09,-1.677207706052286e-09,-5.72773456522859e-11,-29.28221772602463,1.863213583419565e-09,-1.863213583419565e-09,-6.362952427206993e-11
low_energy_small_angles,rk45_strict,RK45,1e-08,1e-10,1.972465581977472,0.0012716954062371405,0.001391127911021632,0.001271695345864363,0.0013911278962490331,6.037277752377057e-11,1.477259894272498e-11,6.037277752377057e-11,0.0026628225257989213,-1.9999982237772294,0.0026628224506536078,-1.9999982237773266,7.514531358276955e-11,9.725553695716371e-14,7.51453765184009e-11,7.514531358276955e-11,-29.28221772583207,1.6706529493148992e-09,-1.6706529493148992e-09,-5.705349796427495e-11,-29.282217726044788,1.883371680833079e-09,-1.883371680833079e-09,-6.431793174186622e-11
low_energy_small_angles,rk45_strict,RK45,1e-08,1e-10,1.9774718397997497,0.0023192135831969383,0.0028550922324292963,0.002319213536193057,0.002855092240591136,4.7003881255974767e-11,8.161839693682227e-12,4.7003881255974767e-11,0.005174299857644093,-1.9999932348523242,0.005174299818802144,-1.9999932348524099,3.8841948754586575e-11,8.570921750106208e-14,3.8842043318083744e-11,4.700375505484189e-11,-29.28221772583849,1.6770727029324917e-09,-1.6770727029324917e-09,-5.7272735239199497e-11,-29.282217726056796,1.895379853067425e-09,-1.895379853067425e-09,-6.472801585323587e-11
low_energy_small_angles,rk45_strict,RK45,1e-08,1e-10,1.9824780976220275,0.003366295047157293,0.004318790718434738,0.0033662950484021448,0.004318790777409192,1.2448518778296336e-12,5.897445379265953e-11,5.897445379265953e-11,0.007685065982184146,-1.9999850080720392,0.0076850660424028945,-1.9999850080717803,6.021874839057251e-11,2.589040093425865e-13,6.021930495292297e-11,6.021874839057251e-11,-29.282217725855272,1.6938557223511452e-09,-1.6938557223511452e-09,-5.7845882381835676e-11,-29.28221772605205,1.8906334275925474e-09,-1.8906334275925474e-09,-6.456592343525071e-11
low_energy_small_angles,rk45_strict,RK45,1e-08,1e-10,1.9874843554443054,0.004412786158595349,0.005782016724822555,0.004412786191914488,0.005782016814679297,3.3319139114418306e-11,8.985674183892289e-11,8.985674183892289e-11,0.010194756344897471,-1.9999735478628256,0.010194756468071525,-1.999973547862159,1.23174054289521e-10,6.66577903984944e-13,1.2317585792767976e-10,1.23174054289521e-10,-29.282217725868286,1.7068693125565915e-09,-1.7068693125565915e-09,-5.829030193803304e-11,-29.28221772604326,1.881844013951195e-09,-1.881844013951195e-09,-6.426576127799375e-11
low_energy_small_angles,rk45_strict,RK45,1e-08,1e-10,1.9924906132665834,0.005458533441659961,0.007244563546812312,0.00545853345122542,0.007244563611578445,9.565458668203686e-12,6.476613256117814e-11,6.476613256117814e-11,0.012703006511726147,-1.9999588605076042,0.012703006586055898,-1.9999588605070828,7.432975068777381e-11,5.213607323639735e-13,7.433157911897112e-11,7.432975068777381e-11,-29.282217725865063,1.7036470012499194e-09,-1.7036470012499194e-09,-5.818025865726017e-11,-29.282217726040077,1.8786607824949897e-09,-1.8786607824949897e-09,-6.415705259048273e-11
low_energy_small_angles,rk45_strict,RK45,1e-08,1e-10,1.9974968710888612,0.006503383580952729,0.008706224429029867,0.00650338354073851,0.008706224445109084,4.021421910749279e-11,1.6079216083597636e-11,4.021421910749279e-11,0.01520945218191559,-1.9999409541430184,0.015209452157780828,-1.9999409541431397,2.413476189733199e-11,1.212363542890671e-13,2.4135066399214843e-11,4.021336909298956e-11,-29.282217725856295,1.6948789038906398e-09,-1.6948789038906398e-09,-5.788082445996421e-11,-29.28221772604739,1.885972267245961e-09,-1.885972267245961e-09,-6.440674285710959e-11
low_energy_small_angles,rk45_strict,RK45,1e-08,1e-10,2.002503128911139,0.007547183465824885,0.010166792606668855,0.007547183404765853,0.010166792610099503,6.105903196246265e-11,3.430648126689917e-12,6.105903196246265e-11,0.01771372927953272,-1.999919838755265,0.0177137292219059,-1.999919838755691,5.762681998255914e-11,4.2588155224621005e-13,5.762839366491852e-11,6.105729290217798e-11,-29.282217725851744,1.6903278776680963e-09,-1.6903278776680963e-09,-5.772540500828832e-11,-29.28221772606048,1.899064017152341e-09,-1.899064017152341e-09,-6.485383159983065e-11
low_energy_small_angles,rk45_strict,RK45,1e-08,1e-10,2.0075093867334166,0.008589780263757773,0.011626061394376103,0.00858978022024446,0.011626061422810587,4.351331274465853e-11,2.84344839340811e-11,4.351331274465853e-11,0.020215474121750954,-1.9998955261738076,0.020215474106671807,-1.999895526173851,1.507914626497353e-11,4.3298697960381105e-14,1.5079208429414e-11,4.351170812544325e-11,-29.2822177258575,1.6960832738277531e-09,-1.6960832738277531e-09,-5.792195419776135e-11,-29.282217726065042,1.903625701515921e-09,-1.903625701515921e-09,-6.500961503148706e-11
low_energy_small_angles,rk45_strict,RK45,1e-08,1e-10,2.0125156445556946,0.009631021421130776,0.013083824187256433,0.00963102142980425,0.01308382427260587,8.67347339783553e-12,8.53494358521445e-11,8.53494358521445e-11,0.02271432342660077,-1.9998680300650276,0.022714323520615975,-1.9998680300638274,9.401520534302321e-11,1.2001510896197942e-12,9.402286529525004e-11,9.401520534302321e-11,-29.282217725870446,1.7090293624733022e-09,-1.7090293624733022e-09,-5.83640685474155e-11,-29.28221772605701,1.895593015888153e-09,-1.895593015888153e-09,-6.473529545284599e-11
low_energy_small_angles,rk45_strict,RK45,1e-08,1e-10,2.0175219023779727,0.010670754663851152,0.014539874461701262,0.010670754698410594,0.014539874573225111,3.455944211361306e-11,1.1152384918333702e-10,1.1152384918333702e-10,0.025209914320357567,-1.9998373659251958,0.025209914466427102,-1.9998373659232056,1.4606953493978558e-10,1.9901857939430556e-12,1.4608309237218268e-10,1.4606953493978558e-10,-29.28221772587718,1.715765307608308e-09,-1.715765307608308e-09,-5.859410389509506e-11,-29.282217726046106,1.884689737607914e-09,-1.884689737607914e-09,-6.436294393278875e-11
low_energy_small_angles,rk45_strict,RK45,1e-08,1e-10,2.0225281602002503,0.011708828033783075,0.01599400582931805,0.011708828024311752,0.015994005891670746,9.471323031418066e-12,6.235269592314019e-11,6.235269592314019e-11,0.027701884433765762,-1.999803551071499,0.027701884486639808,-1.9998035510706127,5.2874045419759597e-11,8.86402062860725e-13,5.288147490064781e-11,5.2874045419759597e-11,-29.282217725869664,1.708247765463966e-09,-1.708247765463966e-09,-5.833737668217842e-11,-29.282217726043264,1.8818475666648737e-09,-1.8818475666648737e-09,-6.426588260465392e-11
low_energy_small_angles,rk45_strict,RK45,1e-08,1e-10,2.0275344180225283,0.012745089839100419,0.017446011984391878,0.01274508976955193,0.017446011985943883,6.954848849605177e-11,1.55200505225217e-12,6.954848849605177e-11,0.03018987180567111,-1.99976660463466,0.030189871737680042,-1.9997666046355194,6.79910676371076e-11,8.593126210598712e-13,6.79964976790309e-11,6.954283850169052e-11,-29.282217725856917,1.6955006287844299e-09,-1.6955006287844299e-09,-5.7902056625493706e-11,-29.282217726053428,1.892011880499922e-09,-1.892011880499922e-09,-6.461299817939611e-11
low_energy_small_angles,rk45_strict,RK45,1e-08,1e-10,2.032540675844806,0.013779388751375974,0.018895686816102614,0.013779388659970637,0.018895686805043378,9.140533642482129e-11,1.1059236859622956e-11,9.140533642482129e-11,0.032673515098045704,-1.9997265475465267,0.03267351499559178,-1.9997265475479953,1.0245392034757828e-10,1.468603016974157e-12,1.0246444548920069e-10,1.0245392034757828e-10,-29.28221772585101,1.6895924659365846e-09,-1.6895924659365846e-09,-5.770029038963343e-11,-29.28221772607043,1.909015168166661e-09,-1.909015168166661e-09,-6.519366757496274e-11
low_energy_small_angles,rk45_strict,RK45,1e-08,1e-10,2.037546933667084,0.01481157385571051,0.02034282447076455,0.014811573787762275,0.02034282449248395,6.794823384503879e-11,2.1719397114150496e-11,6.794823384503879e-11,0.03515245371399133,-1.9996834025271406,0.035152453667765454,-1.999683402527705,4.6225877292638273e-11,5.644373857194296e-13,4.622932317303e-11,6.794078147298599e-11,-29.282217725859212,1.697795681820935e-09,-1.697795681820935e-09,-5.798043364796258e-11,-29.282217726076816,1.9153993946474657e-09,-1.9153993946474657e-09,-6.541169158328559e-11
low_energy_small_angles,rk45_strict,RK45,1e-08,1e-10,2.0425531914893615,0.01584149465073205,0.021787219351825367,0.015841494650794586,0.021787219449078046,6.25367813089639e-14,9.72526781328753e-11,9.72526781328753e-11,0.037626327803294904,-1.9996371940724553,0.03762632790058704,-1.9996371940703357,9.729213268361292e-11,2.119637798614349e-12,9.731521950097557e-11,9.729213268361292e-11,-29.282217725877896,1.7164794030577468e-09,-1.7164794030577468e-09,-5.861849055378894e-11,-29.282217726067017,1.905601010321334e-09,-1.905601010321334e-09,-6.507707265454077e-11
low_energy_small_angles,rk45_strict,RK45,1e-08,1e-10,2.0475594493116396,0.016869001048596594,0.023228666119867163,0.01686900109130195,0.023228666260491995,4.270535661210495e-11,1.4062483122412317e-10,1.4062483122412317e-10,0.0400947782678968,-1.9995879484414152,0.04009477845118298,-1.9995879484374286,1.832861779016426e-10,3.986588836824012e-12,1.8332952817357727e-10,1.832861779016426e-10,-29.282217725890863,1.7294468079853687e-09,-1.7294468079853687e-09,-5.90613328634041e-11,-29.282217726051663,1.890246181801558e-09,-1.890246181801558e-09,-6.455269882929235e-11
low_energy_small_angles,rk45_strict,RK45,1e-08,1e-10,2.0525657071339176,0.017893943408129703,0.024666959742836413,0.017893943414272605,0.02466695983915841,6.142902159167463e-12,9.632199898801375e-11,9.632199898801375e-11,0.04255744685061229,-1.9995356936405646,0.042557446953046904,-1.9995356936380788,1.024346163447376e-10,2.4857893521357255e-12,1.0246477333404284e-10,1.024346163447376e-10,-29.28221772588412,1.7227037574230053e-09,-1.7227037574230053e-09,-5.883105486240422e-11,-29.28221772604421,1.8827925885034347e-09,-1.8827925885034347e-09,-6.429815549625875e-11
low_energy_small_angles,rk45_strict,RK45,1e-08,1e-10,2.057571964956195,0.018916172498553922,0.026101895464415808,0.018916172426202672,0.026101895474068725,7.235124999116493e-11,9.65291735433027e-12,7.235124999116493e-11,0.045013976072504784,-1.9994804594108389,0.045013976009816103,-1.9994804594119553,6.268868063541433e-11,1.1164402735630574e-12,6.269862134603444e-11,7.23383054845872e-11,-29.28221772586747,1.7060521884104674e-09,-1.7060521884104674e-09,-5.826239680619427e-11,-29.282217726053254,1.8918377975296607e-09,-1.8918377975296607e-09,-6.460705317304785e-11
low_energy_small_angles,rk45_strict,RK45,1e-08,1e-10,2.0625782227784732,0.019935539553858284,0.02753326886214643,0.01993553943509643,0.027533268830773536,1.1876185451731303e-10,3.137289386612174e-11,1.1876185451731303e-10,0.04746400935050246,-1.9994222772099493,0.04746400920040321,-1.9994222772131804,1.5009925247166933e-10,3.2311930908690556e-12,1.5013402745994797e-10,1.5009925247166933e-10,-29.282217725854874,1.6934578184191196e-09,-1.6934578184191196e-09,-5.78322937958968e-11,-29.282217726075604,1.9141879192829947e-09,-1.9141879192829947e-09,-6.537031919216813e-11
low_energy_small_angles,rk45_strict,RK45,1e-08,1e-10,2.067584480600751,0.020951896360248714,0.02896087596035907,0.020951896250465667,0.028960875951381734,1.0978304723630039e-10,8.977336235505007e-12,1.0978304723630039e-10,0.0499071912027414,-1.9993611801910345,0.04990719108400887,-1.9993611801935942,1.187325238127812e-10,2.559730205575761e-12,1.187601129574993e-10,1.187325238127812e-10,-29.282217725858136,1.6967192095762584e-09,-1.6967192095762584e-09,-5.794367166993152e-11,-29.282217726093776,1.9323600497500593e-09,-1.9323600497500593e-09,-6.59909050589302e-11
low_energy_small_angles,rk45_strict,RK45,1e-08,1e-10,2.072590738423029,0.021965095256341563,0.03038451323043818,0.021965095210809304,0.030384513296845182,4.55322585191098e-11,6.640700142557243e-11,6.640700142557243e-11,0.0523431672538976,-1.9992972031845464,0.052343167274752675,-1.999297203183529,2.0855074611692004e-11,1.0174083797664935e-12,2.0879876840404483e-11,4.552127425005992e-11,-29.28221772587866,1.717243236498689e-09,-1.717243236498689e-09,-5.864457578572517e-11,-29.282217726089016,1.9275994134204666e-09,-1.9275994134204666e-09,-6.582832733430436e-11
low_energy_small_angles,rk45_strict,RK45,1e-08,1e-10,2.0775969962453065,0.02297498913316287,0.03180397759082086,0.022974989165250353,0.0318039777417973,3.208748197702782e-11,1.5097643968342567e-10,1.5097643968342567e-10,0.05477158423993069,-1.9992303826795512,0.0547715844229098,-1.9992303826740132,1.8297911102971298e-10,5.538014491435206e-12,1.8306289814632395e-10,1.8297911102971298e-10,-29.282217725903642,1.742225919088014e-09,-1.742225919088014e-09,-5.949774486003034e-11,-29.282217726070918,1.909501889940657e-09,-1.909501889940657e-09,-6.521028932740582e-11
low_energy_small_angles,rk45_strict,RK45,1e-08,1e-10,2.0826032540675845,0.023981431441488392,0.03321906641794581,0.023981431489562693,0.0332190665822772,4.8074301484124504e-11,1.6433138877447462e-10,1.6433138877447462e-10,0.05719209003097621,-1.9991607568039025,0.05719209024327741,-1.9991607567972918,2.123012043941941e-10,6.610711977828032e-12,2.1240410283249986e-10,2.123012043941941e-10,-29.28221772590882,1.7474022229180264e-09,-1.7474022229180264e-09,-5.96745178038959e-11,-29.282217726053492,1.8920758293461404e-09,-1.8920758293461404e-09,-6.461518205927914e-11
low_energy_small_angles,rk45_strict,RK45,1e-08,1e-10,2.0876095118898625,0.02498427622840997,0.03462957761483463,0.024984276199274492,0.03462957768466797,2.9135478751829424e-11,6.983334049914802e-11,6.983334049914802e-11,0.059604333740910315,-1.9990883653009712,0.0596043337815754,-1.999088365299281,4.066508241251654e-11,1.6902035326893383e-12,4.07001930658649e-11,4.066508241251654e-11,-29.282217725893656,1.7322392409369058e-09,-1.7322392409369058e-09,-5.915669561829657e-11,-29.282217726051446,1.8900294662671513e-09,-1.8900294662671513e-09,-6.454529790302206e-11
low_energy_small_angles,rk45_strict,RK45,1e-08,1e-10,2.09261576971214,0.02598337806694409,0.03603530951425658,0.025983377951736344,0.036035309488575064,1.1520774612083784e-10,2.568151941106933e-11,1.1520774612083784e-10,0.062007965564514336,-1.9990132495137458,0.06200796542368062,-1.999013249517664,1.408337196862064e-10,3.9181990985071025e-12,1.4088821414450714e-10,1.408337196862064e-10,-29.282217725872258,1.7108412464494904e-09,-1.7108412464494904e-09,-5.842594514410146e-11,-29.282217726070414,1.908997404598267e-09,-1.908997404598267e-09,-6.519306094166188e-11
low_energy_small_angles,rk45_strict,RK45,1e-08,1e-10,2.097622027534418,0.026978592196347368,0.03743606105889467,0.026978592046121526,0.037436061006826574,1.5022584218260526e-10,5.206809289282077e-11,1.5022584218260526e-10,0.06440263710196804,-1.9989354523535539,0.06440263689976526,-1.998935452359555,2.0220278229565736e-10,6.001199537308821e-12,2.0229181783747854e-10,2.0220278229565736e-10,-29.282217725861273,1.6998562557546393e-09,-1.6998562557546393e-09,-5.8050803110860336e-11,-29.282217726101077,1.9396608763599943e-09,-1.9396608763599943e-09,-6.624023134557655e-11
low_energy_small_angles,rk45_strict,RK45,1e-08,1e-10,2.1026282853566958,0.02796977454875844,0.038831631838047956,0.02796977442354773,0.038831631825653835,1.2521070985593852e-10,1.2394120452174917e-11,1.2521070985593852e-10,0.06678800142612745,-1.9988550182746283,0.06678800128858092,-1.9988550182786113,1.375465297215328e-10,3.983036123145212e-12,1.37604187491496e-10,1.375465297215328e-10,-29.282217725871586,1.7101697835641971e-09,-1.7101697835641971e-09,-5.840301440532961e-11,-29.28221772611787,1.9564545539196843e-09,-1.9564545539196843e-09,-6.681374246819324e-11
low_energy_small_angles,rk45_strict,RK45,1e-08,1e-10,2.107634543178974,0.028956781749198673,0.04022182208763262,0.028956781713033848,0.040221822180890744,3.6164824607221036e-11,9.32581234458496e-11,9.32581234458496e-11,0.06916371308632331,-1.9987719932499235,0.06916371314335634,-1.9987719932472205,5.7033031075626184e-11,2.702948975752406e-12,5.7097045167318975e-11,5.7033031075626184e-11,-29.28221772590088,1.7394619078459073e-09,-1.7394619078459073e-09,-5.940335271841921e-11,-29.282217726107646,1.9462298439520964e-09,-1.9462298439520964e-09,-6.646456434022818e-11
low_energy_small_angles,rk45_strict,RK45,1e-08,1e-10,2.1126408010012514,0.02993947111557144,0.0416064326901809,0.029939471162375095,0.04160643287536728,4.6803654701887965e-11,1.8518638011943978e-10,1.8518638011943978e-10,0.07152942811199058,-1.9986864247464107,0.07152942834379937,-1.998686424737307,2.3180879438200463e-10,9.103606757321359e-12,2.3198748416419032e-10,2.3180879438200463e-10,-29.282217725930668,1.7692514120426495e-09,-1.7692514120426495e-09,-6.04206767639324e-11,-29.2822177260841,1.9226824576890067e-09,-1.9226824576890067e-09,-6.56604112366311e-11
low_energy_small_angles,rk45_strict,RK45,1e-08,1e-10,2.1176470588235294,0.03091770067216982,0.04298526519618368,0.030917700724233582,0.04298526538139735,5.2063763023024734e-11,1.8521367078916384e-10,1.8521367078916384e-10,0.07388480405095432,-1.9985983616985301,0.07388480428803579,-1.9985983616889618,2.3708146557055443e-10,9.568346115429449e-12,2.3727447094971393e-10,2.3708146557055443e-10,-29.282217725932902,1.771486068946615e-09,-1.771486068946615e-09,-6.049699123317843e-11,-29.282217726063777,1.902360935446268e-09,-1.902360935446268e-09,-6.496642274046706e-11
low_energy_small_angles,rk45_strict,RK45,1e-08,1e-10,2.1226533166458075,0.03189132917386502,0.04435812188100946,0.03189132913371456,0.04435812194878093,4.015045934613326e-11,6.77714689922837e-11,6.77714689922837e-11,0.07622950005374982,-1.9985078544789645,0.07622950008132459,-1.9985078544772394,2.7574775796068707e-11,1.7250645356625682e-12,2.7628682702142302e-11,4.0130045120267965e-11,-29.282217725913075,1.7516583739052294e-09,-1.7516583739052294e-09,-5.981986714277781e-11,-29.282217726062967,1.9015509167275013e-09,-1.9015509167275013e-09,-6.493876026194863e-11
low_energy_small_angles,rk45_strict,RK45,1e-08,1e-10,2.127659574468085,0.03286021604440892,0.0457248056485191,0.03286021590836668,0.04572480560480433,1.3604223997321085e-10,4.371476791664719e-11,1.3604223997321085e-10,0.07856317671875723,-1.9984149548781451,0.07856317653911937,-1.998414954884613,1.7963786014263405e-10,6.467937296861237e-12,1.7975426284097043e-10,1.7963786014263405e-10,-29.28221772588719,1.725773302041489e-09,-1.725773302041489e-09,-5.893588109678982e-11,-29.282217726087236,1.9258195038673875e-09,-1.9258195038673875e-09,-6.576754267755992e-11
low_energy_small_angles,rk45_strict,RK45,1e-08,1e-10,2.132665832290363,0.03382422152386214,0.047085120230989,0.03382422134818225,0.04708512015424064,1.7567989424316366e-10,7.67483576691319e-11,1.7567989424316366e-10,0.08088549644218998,-1.9983197160634085,0.08088549618994728,-1.9983197160729622,2.522426989504112e-10,9.553691171504397e-12,2.524235571193549e-10,2.522426989504112e-10,-29.282217725874016,1.7125998397204967e-09,-1.7125998397204967e-09,-5.848600184088488e-11,-29.282217726125463,1.964046703051281e-09,-1.964046703051281e-09,-6.70730175409734e-11
low_energy_small_angles,rk45_strict,RK45,1e-08,1e-10,2.1376720901126407,0.034783206684987994,0.04843887021286704,0.03478320653559663,0.048438870179348836,1.4939136733227443e-10,3.3518202102733596e-11,1.4939136733227443e-10,0.08319612346088029,-1.9982221925482881,0.08319612327810039,-1.9982221925551062,1.827799023246257e-10,6.818101638828011e-12,1.8290702338553625e-10,1.827799023246257e-10,-29.282217725885797,1.7243806382793991e-09,-1.7243806382793991e-09,-5.888832104600376e-11,-29.28221772614829,1.986872888437574e-09,-1.986872888437574e-09,-6.785254133255626e-11
low_energy_small_angles,rk45_strict,RK45,1e-08,1e-10,2.1426783479349187,0.03573703343325316,0.04978586103077358,0.03573703337915138,0.04978586111434349,5.410177861264742e-11,8.356990793823016e-11,8.356990793823016e-11,0.08549472385475458,-1.99812244016285,0.0854947238841537,-1.998122440160624,2.939912202570838e-11,2.225997164373439e-12,2.948327388975468e-11,5.406723679879377e-11,-29.282217725920482,1.7590657819255284e-09,-1.7590657819255284e-09,-6.007283322922921e-11,-29.28221772613799,1.9765735714827315e-09,-1.9765735714827315e-09,-6.750081534472767e-11
low_energy_small_angles,rk45_strict,RK45,1e-08,1e-10,2.1476846057571968,0.036685564506827084,0.05112589897350059,0.03668556455213847,0.05112589917304831,4.531138658725453e-11,1.9954771862673581e-10,1.9954771862673581e-10,0.08778096554911352,-1.9980205160236033,0.08778096579368139,-1.998020516011744,2.4456786595905555e-10,1.1859402349045922e-11,2.448552357697158e-10,2.4456786595905555e-10,-29.282217725958393,1.7969767895920086e-09,-1.7969767895920086e-09,-6.136751001988768e-11,-29.28221772611079,1.949373995557835e-09,-1.949373995557835e-09,-6.657193843447733e-11
low_energy_small_angles,rk45_strict,RK45,1e-08,1e-10,2.1526908635794744,0.03762866348433134,0.052458791194544656,0.03762866355434293,0.052458791417875524,7.00115937446455e-11,2.233308676879986e-10,2.233308676879986e-10,0.09005451833697906,-1.9979164785020493,0.09005451862996472,-1.997916478487705,2.929856635081052e-10,1.4344303522761948e-11,2.9333659516814087e-10,2.929856635081052e-10,-29.282217725966465,1.8050485550702433e-09,-1.8050485550702433e-09,-6.164316419179061e-11,-29.282217726084124,1.9227073266847583e-09,-1.9227073266847583e-09,-6.566126052325228e-11
low_energy_small_angles,rk45_strict,RK45,1e-08,1e-10,2.1576971214017524,0.03856619482517919,0.05378434579304259,0.038566194806849405,0.05378434589691656,1.8329782136561334e-11,1.038739719239068e-10,1.038739719239068e-10,0.09231505400210847,-1.9978103871877453,0.09231505408751609,-1.9978103871828679,8.540761153863485e-11,4.877431791783238e-12,8.55467676164205e-11,8.540761153863485e-11,-29.282217725946293,1.784876246802014e-09,-1.784876246802014e-09,-6.095427141535365e-11,-29.282217726077324,1.915907432703534e-09,-1.915907432703534e-09,-6.54290412956897e-11
low_energy_small_angles,rk45_strict,RK45,1e-08,1e-10,2.16270337922403,0.0394980237815927,0.055102371679830196,0.03949802365206803,0.05510237164398188,1.2952466876825497e-10,3.584831737013516e-11,1.2952466876825497e-10,0.09456224609899413,-1.9977023028670184,0.09456224593377659,-1.9977023028741074,1.652175479760487e-10,7.0889960568365495e-12,1.6536956196444314e-10,1.652175479760487e-10,-29.282217725915366,1.7539498742280557e-09,-1.7539498742280557e-09,-5.989812283858651e-11,-29.282217726099837,1.938420979286093e-09,-1.938420979286093e-09,-6.619788834117774e-11
low_energy_small_angles,rk45_strict,RK45,1e-08,1e-10,2.167709637046308,0.04042401654558923,0.05641267878075578,0.04042401635373511,0.05641267867860189,1.9185411592737012e-10,1.0215388951406723e-10,1.9185411592737012e-10,0.09679577030423588,-1.997592287474339,0.09679577001054711,-1.9975922874878522,2.936887677496003e-10,1.3513190566527555e-11,2.93999487451196e-10,2.936887677496003e-10,-29.282217725894462,1.7330457069419936e-09,-1.7330457069419936e-09,-5.918423677015483e-11,-29.28221772614401,1.9825954211682983e-09,-1.9825954211682983e-09,-6.770646403371334e-11
low_energy_small_angles,rk45_strict,RK45,1e-08,1e-10,2.1727158948685856,0.04134404027899168,0.05771507808158171,0.041344040096912456,0.05771507800602607,1.8207922669599697e-10,7.55556381348832e-11,1.8207922669599697e-10,0.09901530449256674,-1.9974804040548872,0.09901530423521326,-1.9974804040667715,2.57353471866395e-10,1.1884271344797526e-11,2.576277263554607e-10,2.57353471866395e-10,-29.282217725899862,1.7384458317337703e-09,-1.7384458317337703e-09,-5.9368653293611e-11,-29.282217726182306,2.020890121912089e-09,-2.020890121912089e-09,-6.901424410367003e-11
low_energy_small_angles,rk45_strict,RK45,1e-08,1e-10,2.1777221526908637,0.042257963113429206,0.05900938162798533,0.042257963009226324,0.059009381653275406,1.042028824338459e-10,2.5290075589268213e-11,1.042028824338459e-10,0.10122052873784129,-1.9973667167301934,0.10122052865897749,-1.997366716733104,7.88638043758283e-11,2.9105606813573104e-12,7.891749491784935e-11,1.0410985962217012e-10,-29.282217725934128,1.7727117551658012e-09,-1.7727117551658012e-09,-6.053884893093656e-11,-29.28221772618127,2.019852729517879e-09,-2.019852729517879e-09,-6.897881671890081e-11
low_energy_small_angles,rk45_strict,RK45,1e-08,1e-10,2.1827284105131417,0.04316565415033662,0.06029540252555818,0.043165654166190504,0.06029540270092343,1.5853880708238677e-11,1.7536525009909099e-10,1.7536525009909099e-10,0.10341112531381472,-1.9972512906634645,0.10341112550470041,-1.9972512906522133,1.908856961385652e-10,1.1251222176156261e-11,1.9121699451346337e-10,1.908856961385652e-10,-29.2822177259815,1.820083639358927e-09,-1.820083639358927e-09,-6.215661861762386e-11,-29.282217726154908,1.9934915940211795e-09,-1.9934915940211795e-09,-6.807857290045026e-11
low_energy_small_angles,rk45_strict,RK45,1e-08,1e-10,2.1877346683354193,0.04406698346095465,0.061572954939806294,0.04406698354367967,0.061572955194123764,8.272501433870261e-11,2.5431746986104287e-10,2.5431746986104287e-10,0.10558677869471715,-1.9971341920246128,0.1055867790311974,-1.9971341920053194,3.364802464433936e-10,1.929345572193597e-11,3.370329267004949e-10,3.364802464433936e-10,-29.282217726007673,1.8462564810306503e-09,-1.8462564810306503e-09,-6.305043212308549e-11,-29.282217726120354,1.958937900781166e-09,-1.958937900781166e-09,-6.689854980365104e-11
low_energy_small_angles,rk45_strict,RK45,1e-08,1e-10,2.1927409261576973,0.044961822131191265,0.0628418541763914,0.04496182216485748,0.06284185435786714,3.366621564859784e-11,1.8147573721538635e-10,1.8147573721538635e-10,0.10774717568051967,-1.9970154879479396,0.10774717589526939,-1.9970154879350295,2.1474971800827802e-10,1.291011741955117e-11,2.151374270470425e-10,2.1474971800827802e-10,-29.28221772599422,1.8328023543290328e-09,-1.8328023543290328e-09,-6.259096806102723e-11,-29.2822177261,1.9385844041153177e-09,-1.9385844041153177e-09,-6.620346936754549e-11
low_energy_small_angles,rk45_strict,RK45,1e-08,1e-10,2.197747183979975,0.045850042194060525,0.06410191659166933,0.045850042109346706,0.06410191661126019,8.471381929275879e-11,1.9590856714657434e-11,8.471381929275879e-11,0.10989200524028594,-1.9968952465047227,0.10989200517521178,-1.9968952465073506,6.507416827616908e-11,2.6278978992877455e-12,6.512720801788029e-11,8.462479328397166e-11,-29.28221772596111,1.799694615556291e-09,-1.799694615556291e-09,-6.146032491491662e-11,-29.282217726110247,1.9488304303649784e-09,-1.9488304303649784e-09,-6.655337545547155e-11
low_energy_small_angles,rk45_strict,RK45,1e-08,1e-10,2.202753441802253,0.04673151669420567,0.06535295966960336,0.046731516513229876,0.06535295956752628,1.8097579684850373e-10,1.0207708289744488e-10,1.8097579684850373e-10,0.11202095865333588,-1.9967735366595498,0.11202095837069848,-1.9967735366746702,2.8263739959566436e-10,1.5120349416974932e-11,2.8304155987538416e-10,2.8263739959566436e-10,-29.28221772592908,1.7676633490282256e-09,-1.7676633490282256e-09,-6.036644374683708e-11,-29.282217726152066,1.990649423078139e-09,-1.990649423078139e-09,-6.798151157231542e-11
low_energy_small_angles,rk45_strict,RK45,1e-08,1e-10,2.2077596996245306,0.04760611977840467,0.06659480216008247,0.04760611956904862,0.06659480203400468,2.093560463878319e-10,1.2607778709927686e-10,2.093560463878319e-10,0.11413372973737224,-1.9966504282201591,0.11413372940245506,-1.9966504282385118,3.3491717732481163e-10,1.8352652730868613e-11,3.3541964094173015e-10,3.3491717732481163e-10,-29.282217725919537,1.7581207600869675e-09,-1.7581207600869675e-09,-6.004056033762437e-11,-29.28221772620608,2.044664881850622e-09,-2.044664881850622e-09,-6.982616211351789e-11
low_energy_small_angles,rk45_strict,RK45,1e-08,1e-10,2.2127659574468086,0.04847372669557146,0.06782726407892331,0.048473726526103655,0.0678272640126505,1.694678078423273e-10,6.627280668691782e-11,1.694678078423273e-10,0.11623001484791357,-1.9965259917993274,0.1162300146125244,-1.9965259918120308,2.353891664919061e-10,1.2703393892365966e-11,2.3573170325210586e-10,2.353891664919061e-10,-29.28221772594319,1.7817747277604212e-09,-1.7817747277604212e-09,-6.084835324102651e-11,-29.282217726232325,2.070908777795921e-09,-2.070908777795921e-09,-7.072240215218289e-11
low_energy_small_angles,rk45_strict,RK45,1e-08,1e-10,2.2177722152690866,0.04933421379675546,0.06905016670786943,0.049334213740651556,0.06905016679229518,5.61039062429991e-11,8.442575805123198e-11,8.442575805123198e-11,0.11830951287751529,-1.9964002987765723,0.11830951290570421,-1.9964002987735139,2.8188923417715728e-11,3.0584423882373812e-12,2.835435545541477e-11,5.6035648343666367e-11,-29.28221772599318,1.831764961934823e-09,-1.831764961934823e-09,-6.255554067625802e-11,-29.282217726216512,2.05509564921158e-09,-2.05509564921158e-09,-7.018237718777272e-11
low_energy_small_angles,rk45_strict,RK45,1e-08,1e-10,2.2227784730913642,0.05018745853514176,0.07026333259459158,0.05018745858995903,0.07026333282280332,5.481726877976101e-11,2.2821174117115817e-10,2.2821174117115817e-10,0.12037192525478693,-1.9962734212596835,0.12037192553718382,-1.996273421240912,2.8239688365516713e-10,1.8771650900362147e-11,2.8302009606329206e-10,2.8239688365516713e-10,-29.282217726042653,1.88123649991212e-09,-1.88123649991212e-09,-6.424501441910493e-11,-29.282217726179653,2.018236244794025e-09,-2.018236244794025e-09,-6.892361308852412e-11
low_energy_small_angles,rk45_strict,RK45,1e-08,1e-10,2.2277847309136423,0.05103333947483778,0.07146658556796914,0.05103333956024747,0.0714665858320897,8.540969320680603e-11,2.641205587572415e-10,2.641205587572415e-10,0.12241695596722213,-1.9961454320445582,0.12241695631596697,-1.9961454320213416,3.4874483856306426e-10,2.3216539801751424e-11,3.495167666146276e-10,3.4874483856306426e-10,-29.2822177260515,1.8900827569723333e-09,-1.8900827569723333e-09,-6.454711780292458e-11,-29.282217726143234,1.981817376872641e-09,-1.981817376872641e-09,-6.767989349513644e-11
low_energy_small_angles,rk45_strict,RK45,1e-08,1e-10,2.23279098873592,0.05187173632656897,0.07265975081463621,0.05187173632343521,0.07265975094679865,3.1337571426703903e-12,1.3216243377467407e-10,1.3216243377467407e-10,0.12444431167179243,-1.996016404568897,0.12444431180047659,-1.996016404559465,1.2868416054967469e-10,9.43201072800548e-12,1.2902936101038267e-10,1.2868416054967469e-10,-29.282217726025525,1.864108867266623e-09,-1.864108867266623e-09,-6.36600985904324e-11,-29.28221772613064,1.9692230068812933e-09,-1.9692230068812933e-09,-6.724979048483896e-11
low_energy_small_angles,rk45_strict,RK45,1e-08,1e-10,2.237797246558198,0.05270252985997385,0.0738426547300508,0.05270252973713813,0.07384265469230494,1.2283571382276648e-10,3.7745861991567153e-11,1.2283571382276648e-10,0.12645370145719975,-1.9958864128881852,0.12645370129689157,-1.9958864128974407,1.603081833945197e-10,9.25548526709008e-12,1.6057514649154234e-10,1.603081833945197e-10,-29.282217725985884,1.8244676880385668e-09,-1.8244676880385668e-09,-6.230633571627185e-11,-29.282217726154684,1.993267773059415e-09,-1.993267773059415e-09,-6.807092932085964e-11
low_energy_small_angles,rk45_strict,RK45,1e-08,1e-10,2.2428035043804755,0.05352560204619242,0.07501512513373558,0.05352560184466905,0.07501512499271294,2.015233743768441e-10,1.4102263801163417e-10,2.015233743768441e-10,0.12844483719914188,-1.9957555316134425,0.12844483685728106,-1.995755531634793,3.4186081743214913e-10,2.135047694196146e-11,3.4252687684476155e-10,3.4186081743214913e-10,-29.2822177259569,1.7954846498469124e-09,-1.7954846498469124e-09,-6.13165528226169e-11,-29.28221772620971,2.0482922025166772e-09,-2.0482922025166772e-09,-6.995003663354997e-11
low_energy_small_angles,rk45_strict,RK45,1e-08,1e-10,2.2478097622027535,0.05434083608390235,0.07617699131151513,0.05434083587503834,0.07617699117085742,2.0886400942110583e-10,1.4065770770343988e-10,2.0886400942110583e-10,0.1304174336263504,-1.9956238358661555,0.1304174332775449,-1.9956238358882046,3.488054844957844e-10,2.204902926905561e-11,3.4950168197885195e-10,3.488054844957844e-10,-29.282217725958404,1.796987447733045e-09,-1.796987447733045e-09,-6.13678739998682e-11,-29.282217726268257,2.1068409239433095e-09,-2.1068409239433095e-09,-7.194949999312749e-11
low_energy_small_angles,rk45_strict,RK45,1e-08,1e-10,2.2528160200250316,0.055148116399318436,0.07732808401551525,0.055148116247586615,0.07732808395647492,1.5173182155159282e-10,5.904032818193627e-11,1.5173182155159282e-10,0.1323712083182962,-1.9954914012374365,0.13237120810793118,-1.9954914012503608,2.1036503095039905e-10,1.2924328274266372e-11,2.1076167703855306e-10,2.1036503095039905e-10,-29.282217725995917,1.8345005514674995e-09,-1.8345005514674995e-09,-6.26489622045878e-11,-29.282217726284983,2.1235670999431022e-09,-2.1235670999431022e-09,-7.252070590920097e-11
low_energy_small_angles,rk45_strict,RK45,1e-08,1e-10,2.257822277847309,0.05594732864619285,0.07846823546416323,0.05594732861689612,0.07846823557665525,2.929672476836842e-11,1.1249201570251444e-10,1.1249201570251444e-10,0.13430588170270505,-1.9953583037471505,0.13430588178560005,-1.995358303739971,8.289499642266662e-11,7.179590255645962e-12,8.320533004653535e-11,8.289499642266662e-11,-29.282217726055386,1.893969425736941e-09,-1.893969425736941e-09,-6.467984916914897e-11,-29.28221772626077,2.099355356222077e-09,-2.099355356222077e-09,-7.169386472015238e-11
low_energy_small_angles,rk45_strict,RK45,1e-08,1e-10,2.262828535669587,0.05673835970581535,0.07959727934218819,0.05673835977482961,0.07959727959037453,6.9014259584943e-11,2.481863464742773e-10,2.481863464742773e-10,0.13622117705288508,-1.9952246198030283,0.13622117736918882,-1.9952246197793806,3.1630373320545857e-10,2.3647750424515834e-11,3.171864873222851e-10,3.1630373320545857e-10,-29.28221772610237,1.9409540641390777e-09,-1.9409540641390777e-09,-6.62843942498779e-11,-29.282217726217663,2.0562467284435115e-09,-2.0562467284435115e-09,-7.022168702566733e-11
low_energy_small_angles,rk45_strict,RK45,1e-08,1e-10,2.267834793491865,0.05752109770655778,0.08071505083662973,0.05752109778084201,0.08071505108735332,7.428423154376418e-11,2.507235807858166e-10,2.507235807858166e-10,0.13811682054027266,-1.9950904261557452,0.13811682086434135,-1.9950904261312594,3.2406868855083815e-10,2.4485746763502902e-11,3.24992410209264e-10,3.2406868855083815e-10,-29.282217726099507,1.9380905769139645e-09,-1.9380905769139645e-09,-6.618660496178205e-11,-29.282217726180583,2.0191670557778707e-09,-2.0191670557778707e-09,-6.895540067348829e-11
low_energy_small_angles,rk45_strict,RK45,1e-08,1e-10,2.272841051314143,0.058295432024590234,0.08182138665467598,0.058295432001029365,0.08182138675286882,2.3560868533945012e-11,9.81928427457035e-11,9.81928427457035e-11,0.1399925412498667,-1.994955799856264,0.13999254132421018,-1.9949557998496115,7.434347581991574e-11,6.652456363553938e-12,7.464052232303433e-11,7.434347581991574e-11,-29.282217726065536,1.904119528717274e-09,-1.904119528717274e-09,-6.502647943725049e-11,-29.282217726173016,2.0115997756420256e-09,-2.0115997756420256e-09,-6.86969748873293e-11
low_energy_small_angles,rk45_strict,RK45,1e-08,1e-10,2.2778473091364204,0.05906125324349088,0.08291612493792037,0.05906125310812825,0.08291612486775413,1.3536263082647437e-10,7.016624781197578e-11,1.3536263082647437e-10,0.1418480710512157,-1.9948208182241005,0.14184807084616388,-1.9948208182379017,2.0505180886587482e-10,1.3801182419115321e-11,2.0551573408216937e-10,2.0505180886587482e-10,-29.282217726022978,1.8615615715589229e-09,-1.8615615715589229e-09,-6.357310737509156e-11,-29.282217726205484,2.0440680259525834e-09,-2.0440680259525834e-09,-6.980577923460957e-11
low_energy_small_angles,rk45_strict,RK45,1e-08,1e-10,2.2828535669586985,0.059818453283163785,0.08399910547256811,0.05981845308151637,0.08399910530839898,2.0164741404427033e-10,1.6416913661831956e-10,2.0164741404427033e-10,0.14368314493320045,-1.9946855587814176,0.1436831445683234,-1.9946855588072463,3.6487704524468256e-10,2.5828672534089492e-11,3.6579007432045413e-10,3.6487704524468256e-10,-29.282217725997473,1.836056640058814e-09,-1.836056640058814e-09,-6.270210328174161e-11,-29.282217726268616,2.1071997480248683e-09,-2.1071997480248683e-09,-7.196175398580452e-11
low_energy_small_angles,rk45_strict,RK45,1e-08,1e-10,2.2878598247809765,0.06056692540722695,0.08507016970213063,0.060566925207212026,0.08507016954674909,2.000149212921798e-10,1.5538154096716994e-10,2.000149212921798e-10,0.14549750102039488,-1.9945500992093819,0.14549750066592707,-1.9945500992346912,3.54467816210402e-10,2.5309310203169844e-11,3.553702209132493e-10,3.54467816210402e-10,-29.28221772600709,1.845673835987327e-09,-1.845673835987327e-09,-6.303053455081785e-11,-29.282217726330778,2.1693615792628407e-09,-2.1693615792628407e-09,-7.408460655877344e-11
low_energy_small_angles,rk45_strict,RK45,1e-08,1e-10,2.292866082603254,0.06130656422301253,0.08612916072742599,0.06130656408409507,0.08612916066185256,1.3891746086791557e-10,6.557343557034301e-11,1.3891746086791557e-10,0.1472908805692319,-1.9944145173060601,0.14729088036524507,-1.9944145173202124,2.0398682742950314e-10,1.4152234939501795e-11,2.044771662522169e-10,2.0398682742950314e-10,-29.282217726053624,1.892207279752256e-09,-1.892207279752256e-09,-6.461967114570537e-11,-29.2822177263446,2.1831851881870534e-09,-2.1831851881870534e-09,-7.455668859348923e-11
low_energy_small_angles,rk45_strict,RK45,1e-08,1e-10,2.297872340425532,0.062037265681567026,0.08717592330657911,0.062037265659416446,0.08717592341567748,2.215057998133929e-11,1.090983692275671e-10,1.090983692275671e-10,0.14906302796400975,-1.9942788909444438,0.14906302805058586,-1.9942788909363185,8.657610739426502e-11,8.12527822802167e-12,8.695655534705864e-11,8.657610739426502e-11,-29.28221772611838,1.9569625919757527e-09,-1.9569625919757527e-09,-6.683109218059734e-11,-29.28221772631634,2.1549233508721954e-09,-2.1549233508721954e-09,-7.35915350118485e-11
low_energy_small_angles,rk45_strict,RK45,1e-08,1e-10,2.3028785982478097,0.06275892707765082,0.08821030385502114,0.06275892714332805,0.08821030409574826,6.567722754535765e-11,2.4072711879430386e-10,2.4072711879430386e-10,0.1508136907127417,-1.9941432980306169,0.1508136910180808,-1.9941432980052907,3.053390873475337e-10,2.5326185593144146e-11,3.063876204074231e-10,3.053390873475337e-10,-29.282217726162486,2.001069532298061e-09,-2.001069532298061e-09,-6.833736266658975e-11,-29.282217726269977,2.108560437363849e-09,-2.108560437363849e-09,-7.200822209664906e-11
low_energy_small_angles,rk45_strict,RK45,1e-08,1e-10,2.3078848560700878,0.0634714470737386,0.08923215049210982,0.06347144713444025,0.08923215072080269,6.070165203819755e-11,2.2869287019666729e-10,2.2869287019666729e-10,0.15254261951324458,-1.994007816456402,0.152542619801607,-1.994007816432172,2.8836241727780987e-10,2.4229951378629266e-11,2.8937860017995884e-10,2.8836241727780987e-10,-29.28221772615315,1.9917330007501732e-09,-1.9917330007501732e-09,-6.801851620366683e-11,-29.282217726232098,2.070681404120478e-09,-2.070681404120478e-09,-7.07146372459321e-11
low_energy_small_angles,rk45_strict,RK45,1e-08,1e-10,2.3128911138923653,0.06417472567929616,0.0902413130146128,0.06417472564801281,0.09024131309027761,3.128335090973877e-11,7.566480775267337e-11,7.566480775267337e-11,0.1542495682015802,-1.9938725240612531,0.15424956824571817,-1.9938725240564406,4.413797105584649e-11,4.8125947671451286e-12,4.439956708482072e-11,4.413797105584649e-11,-29.28221772611487,1.953452510861098e-09,-1.953452510861098e-09,-6.671122144035082e-11,-29.282217726226254,2.064837190118851e-09,-2.064837190118851e-09,-7.051505488995485e-11
low_energy_small_angles,rk45_strict,RK45,1e-08,1e-10,2.3178973717146434,0.06486866424685649,0.09123764287087287,0.0648686641159554,0.09123764278430965,1.3090108164082181e-10,8.656321492939156e-11,1.3090108164082181e-10,0.15593429371782097,-1.9937374985934397,0.15593429350099203,-1.9937374986098122,2.1682894368879602e-10,1.6372458944147184e-11,2.174461961798294e-10,2.1682894368879602e-10,-29.282217726071494,1.9100774295566225e-09,-1.9100774295566225e-09,-6.522994424635312e-11,-29.282217726262076,2.1006592021421966e-09,-2.1006592021421966e-09,-7.173839160443424e-11
low_energy_small_angles,rk45_strict,RK45,1e-08,1e-10,2.3229036295369214,0.06555316557495039,0.092220993340644,0.06555316538682712,0.09222099316373457,1.881232669642685e-10,1.769094315484665e-10,1.881232669642685e-10,0.15759655638311948,-1.9936028176456562,0.15759655601924255,-1.993602817674271,3.638769285885246e-10,2.8614888236688785e-11,3.650003164215292e-10,3.638769285885246e-10,-29.28221772604895,1.8875319085509545e-09,-1.8875319085509545e-09,-6.446000526092358e-11,-29.282217726328888,2.167471535585719e-09,-2.167471535585719e-09,-7.402006077556377e-11
low_energy_small_angles,rk45_strict,RK45,1e-08,1e-10,2.327909887359199,0.06622813391039747,0.09319121953927265,0.06622813372583672,0.09319121937008758,1.845607555672757e-10,1.6918506873242478e-10,1.845607555672757e-10,0.15923611990121433,-1.99346855861239,0.15923611954860722,-1.9934685586403478,3.5260711017670587e-10,2.7957858250715617e-11,3.5371374865155397e-10,3.5260711017670587e-10,-29.282217726063795,1.902378699014662e-09,-1.902378699014662e-09,-6.49670293737679e-11,-29.282217726393945,2.2325288284719136e-09,-2.2325288284719136e-09,-7.624179457657007e-11
low_energy_small_angles,rk45_strict,RK45,1e-08,1e-10,2.332916145181477,0.06689347494830632,0.09414817841769807,0.06689347481963094,0.09414817833504582,1.2867537590999234e-10,8.265224615833233e-11,1.2867537590999234e-10,0.16085275135336463,-1.9933347986480756,0.16085275114269085,-1.993334798664447,2.106737839735473e-10,1.6371348721122558e-11,2.1130893098182452e-10,2.106737839735473e-10,-29.28221772611534,1.9539250217803783e-09,-1.9539250217803783e-09,-6.672735788615323e-11,-29.282217726409055,2.247638519747852e-09,-2.247638519747852e-09,-7.675779686226686e-11
low_energy_small_angles,rk45_strict,RK45,1e-08,1e-10,2.3379224030037546,0.0675490958320741,0.09509172876245162,0.06754909580641695,0.09509172884664684,2.5657143076784905e-11,8.419522024016857e-11,8.419522024016857e-11,0.16244622119316826,-1.993201614625537,0.16244622125138444,-1.9932016146192746,5.82161818751814e-11,6.262323992700658e-12,5.855203270522514e-11,5.82161818751814e-11,-29.282217726182207,2.0207906459290825e-09,-2.0207906459290825e-09,-6.90108469571853e-11,-29.282217726380242,2.21882601181278e-09,-2.21882601181278e-09,-7.577383764830001e-11
low_energy_small_angles,rk45_strict,RK45,1e-08,1e-10,2.3429286608260327,0.06819490515338698,0.0960217311956575,0.06819490520424423,0.09602173140602388,5.0857248967695057e-11,2.103663770958164e-10,2.103663770958164e-10,0.1640163032412742,-1.9930690830947277,0.16401630350141055,-1.9930690830710935,2.6013635689992043e-10,2.3634205703615407e-11,2.612077714395259e-10,2.6013635689992043e-10,-29.28221772622337,2.061952386611665e-09,-2.061952386611665e-09,-7.0416537641898e-11,-29.282217726333464,2.172047430804014e-09,-2.172047430804014e-09,-7.417632951386086e-11
low_energy_small_angles,rk45_strict,RK45,1e-08,1e-10,2.3479349186483103,0.06883081297554629,0.09693804822332847,0.06883081301882095,0.09693804841724049,4.327466163189797e-11,1.939120253258153e-10,1.939120253258153e-10,0.16556277475133235,-1.9929372802355132,0.16556277498750616,-1.992937280213769,2.3617380273677213e-10,2.174416202649354e-11,2.371726663875544e-10,2.3617380273677213e-10,-29.28221772621044,2.04902406153451e-09,-2.04902406153451e-09,-6.997502992554469e-11,-29.28221772629578,2.134363796812977e-09,-2.134363796812977e-09,-7.288941762945315e-11
low_energy_small_angles,rk45_strict,RK45,1e-08,1e-10,2.3529411764705883,0.06945673080433773,0.09784054418373477,0.06945673076891727,0.09784054423503855,3.542045823312634e-11,5.1303780668199295e-11,5.1303780668199295e-11,0.16708541632403712,-1.992806281823829,0.16708541633976048,-1.9928062818212755,1.5723367052800086e-11,2.55351295663786e-12,1.592936596028846e-11,3.533505432695705e-11,-29.282217726170565,2.0091484032036533e-09,-2.0091484032036533e-09,-6.8613259491813e-11,-29.28221772629046,2.1290453844358126e-09,-2.1290453844358126e-09,-7.270779161918086e-11
low_energy_small_angles,rk45_strict,RK45,1e-08,1e-10,2.3579474342928664,0.0700725716053081,0.09872908526343578,0.07007257148636487,0.09872908516483773,1.1894323026506726e-10,9.859804639411607e-11,1.1894323026506726e-10,0.16858401193474432,-1.9926761631886614,0.1685840117179751,-1.9926761632067078,2.1676921369007118e-10,1.8046453220676995e-11,2.175191174992622e-10,2.1676921369007118e-10,-29.282217726128387,1.9669705864089337e-09,-1.9669705864089337e-09,-6.717286938229211e-11,-29.282217726326568,2.165151613553462e-09,-2.165151613553462e-09,-7.394083446647372e-11
low_energy_small_angles,rk45_strict,RK45,1e-08,1e-10,2.362953692115144,0.07067824988228942,0.0996035396460084,0.07067824971605718,0.09960353946273576,1.6623223630940487e-10,1.8327264705852997e-10,1.8327264705852997e-10,0.170058349154127,-1.9925469991517109,0.1700583488059455,-1.9925469991816747,3.4818148364479384e-10,2.996380921160835e-11,3.494684183378514e-10,3.4818148364479384e-10,-29.28221772610927,1.9478534341033082e-09,-1.9478534341033082e-09,-6.65200106239252e-11,-29.282217726393107,2.2316903880437167e-09,-2.2316903880437167e-09,-7.621316148477028e-11
low_energy_small_angles,rk45_strict,RK45,1e-08,1e-10,2.367959949937422,0.07127368167810579,0.10046377751343685,0.07127368151594954,0.10046377733550861,1.6215624676352292e-10,1.7792824158480158e-10,1.7792824158480158e-10,0.17150821914444425,-1.992418863986704,0.17150821880566863,-1.992418864016097,3.387756186690183e-10,2.9392932532346094e-11,3.4004832639997973e-10,3.387756186690183e-10,-29.282217726128067,1.9666508421778417e-09,-1.9666508421778417e-09,-6.716194998287694e-11,-29.28221772645773,2.2963142498610978e-09,-2.2963142498610978e-09,-7.842009343323601e-11
low_energy_small_angles,rk45_strict,RK45,1e-08,1e-10,2.3729662077596996,0.0718587845745729,0.10130967104611209,0.07185878446047754,0.1013096709479795,1.1409535816131466e-10,9.813258539104197e-11,1.1409535816131466e-10,0.1729334166536543,-1.9922918313793132,0.17293341644222399,-1.9922918313974298,2.114303176981025e-10,1.8116619315833304e-11,2.1220506859487447e-10,2.114303176981025e-10,-29.282217726181923,2.0205064288347785e-09,-2.0205064288347785e-09,-6.900114082437182e-11,-29.282217726473302,2.3118857939152804e-09,-2.3118857939152804e-09,-7.895186818475472e-11
low_energy_small_angles,rk45_strict,RK45,1e-08,1e-10,2.3779724655819776,0.07243347769249851,0.10214109442283248,0.0724334776633701,0.10214109447635618,2.912840801894134e-11,5.352369936151291e-11,5.352369936151291e-11,0.1743337400094705,-1.9921659743875195,0.1743337400336632,-1.9921659743841702,2.4192703396153092e-11,3.3493208206891723e-12,2.4423448724005775e-11,2.905203855263494e-11,-29.28221772624757,2.086153472191654e-09,-2.086153472191654e-09,-7.124301485096609e-11,-29.28221772644534,2.2839223845494416e-09,-2.2839223845494416e-09,-7.799690604256815e-11
low_energy_small_angles,rk45_strict,RK45,1e-08,1e-10,2.382978723404255,0.07299768169168207,0.10295792382080315,0.07299768172362002,0.10295792398677142,3.193795228284557e-11,1.6596826690751243e-10,1.6596826690751243e-10,0.1757089911133634,-1.9920413654024278,0.17570899131030568,-1.992041365383041,1.969422680492272e-10,1.9386714456004484e-11,1.9789416778109534e-10,1.969422680492272e-10,-29.282217726283104,2.1216877144070168e-09,-2.1216877144070168e-09,-7.245652410597181e-11,-29.28221772640078,2.2393642495899257e-09,-2.2393642495899257e-09,-7.647522707073433e-11
low_energy_small_angles,rk45_strict,RK45,1e-08,1e-10,2.3879849812265332,0.07355131879171341,0.1037600374630457,0.0735513188128686,0.10376003760485404,2.1155188711929895e-11,1.418083428461614e-10,1.418083428461614e-10,0.17705897550241634,-1.991918076103112,0.17705897566456003,-1.9919180760868698,1.6214368736555684e-10,1.624211876105619e-11,1.6295515264743147e-10,1.6214368736555684e-10,-29.282217726267003,2.105586816014693e-09,-2.105586816014693e-09,-7.1906671682088e-11,-29.282217726366245,2.204828319918306e-09,-2.204828319918306e-09,-7.529581060723596e-11
low_energy_small_angles,rk45_strict,RK45,1e-08,1e-10,2.3929912390488113,0.07409431273850814,0.10454731554565813,0.07409431269637572,0.10454731555907602,4.2132422550800186e-11,1.3417891797651293e-11,4.2132422550800186e-11,0.17838350223750693,-1.9917961774282018,0.17838350220883475,-1.9917961774299204,2.8672175744759443e-11,1.7186252421197423e-12,2.8723637211558406e-11,4.201682057836109e-11,-29.28221772622739,2.0659740584960673e-09,-2.0659740584960673e-09,-7.055387942120878e-11,-29.28221772636351,2.2020927303856297e-09,-2.2020927303856297e-09,-7.520238907890619e-11
low_energy_small_angles,rk45_strict,RK45,1e-08,1e-10,2.397997496871089,0.07462658883946915,0.10531964029770384,0.07462658873302008,0.10531964018075264,1.0644907177947971e-10,1.1695119872534576e-10,1.1695119872534576e-10,0.1796823839918315,-1.9916757395293612,0.17968238376937554,-1.991675739549592,2.2245597031123054e-10,2.0230928043929453e-11,2.233740118649207e-10,2.2245597031123054e-10,-29.282217726189035,2.027618961619737e-09,-2.027618961619737e-09,-6.924403679802924e-11,-29.282217726399967,2.2385506781574804e-09,-2.2385506781574804e-09,-7.644744326555573e-11
low_energy_small_angles,rk45_strict,RK45,1e-08,1e-10,2.403003754693367,0.07514807401590706,0.10607689609193886,0.07514807387529927,0.10607689590404272,1.4060778930069517e-10,1.8789614308900582e-10,1.8789614308900582e-10,0.18095543720713197,-1.991556831718198,0.180955436880081,-1.9915568317486487,3.2705096963958624e-10,3.0450753030208944e-11,3.2846550062723536e-10,3.2705096963958624e-10,-29.282217726175656,2.0142394419053744e-09,-2.0142394419053744e-09,-6.878712059583453e-11,-29.282217726463514,2.302098067730185e-09,-2.302098067730185e-09,-7.86176132359904e-11
low_energy_small_angles,rk45_strict,RK45,1e-08,1e-10,2.4080100125156445,0.07565869680307877,0.10681896944489633,0.0756586966693295,0.10681896926594815,1.33749261665983e-10,1.789481757219491e-10,1.789481757219491e-10,0.18220248208759854,-1.9914395224288115,0.18220248177630372,-1.9914395224579997,3.112948232519841e-10,2.9188207406605216e-11,3.12660228419118e-10,3.112948232519841e-10,-29.28221772619925,2.0378330134462885e-09,-2.0378330134462885e-09,-6.959285094601379e-11,-29.282217726521903,2.3604869170412712e-09,-2.3604869170412712e-09,-8.061161689586033e-11
low_energy_small_angles,rk45_strict,RK45,1e-08,1e-10,2.4130162703379225,0.07615838735018782,0.10754574901688702,0.07615838725842397,0.10754574891522373,9.176384652143099e-11,1.0166328889837928e-10,1.0166328889837928e-10,0.18342334259364557,-1.9913238791809174,0.18342334240107178,-1.9913238791988115,1.9257379024750776e-10,1.7894130621698423e-11,1.9340337277565125e-10,1.9257379024750776e-10,-29.28221772625395,2.09253414595878e-09,-2.09253414595878e-09,-7.146091753262878e-11,-29.28221772653171,2.3702924067947606e-09,-2.3702924067947606e-09,-8.094647847792549e-11
low_energy_small_angles,rk45_strict,RK45,1e-08,1e-10,2.4180225281602,0.07664707742038401,0.10825712561199885,0.07664707739420161,0.10825712564285248,2.6182403467522875e-11,3.08536252102698e-11,3.08536252102698e-11,0.1846178464356868,-1.9912099685435605,0.18461784644025428,-1.9912099685422318,4.56748527888351e-12,1.3287149158713873e-12,4.756827209440835e-12,2.610553440085539e-11,-29.28221772631421,2.152795275378594e-09,-2.152795275378594e-09,-7.351886034240755e-11,-29.28221772650355,2.342133598176588e-09,-2.342133598176588e-09,-7.998484336942966e-11
low_energy_small_angles,rk45_strict,RK45,1e-08,1e-10,2.423028785982478,0.07712470039119798,0.1089529921792191,0.0771247004056708,0.10895299229538424,1.4472825715650117e-11,1.1616514694612334e-10,1.1616514694612334e-10,0.18578582506947017,-1.9910978560992647,0.18578582519937634,-1.9910978560855181,1.299061691550918e-10,1.3746559446303763e-11,1.306314689543147e-10,1.299061691550918e-10,-29.282217726338015,2.1765984570265573e-09,-2.1765984570265573e-09,-7.433174896553675e-11,-29.28221772646344,2.30202346074293e-09,-2.30202346074293e-09,-7.861506537612685e-11
low_energy_small_angles,rk45_strict,RK45,1e-08,1e-10,2.428035043804756,0.07759119127032829,0.10963324385521356,0.077591191267617,0.10963324392855332,2.7112895262249026e-12,7.333976481671556e-11,7.333976481671556e-11,0.1869271137481413,-1.9909876064030376,0.18692711381833763,-1.9909876063952234,7.019632097815531e-11,7.814193736521702e-12,7.06299164845896e-11,7.019632097815531e-11,-29.282217726317686,2.156269829356461e-09,-2.156269829356461e-09,-7.363751781605237e-11,-29.282217726436475,2.2750583639208344e-09,-2.2750583639208344e-09,-7.769419602544764e-11
low_energy_small_angles,rk45_strict,RK45,1e-08,1e-10,2.433041301627034,0.0780464866627494,0.11029777787453503,0.07804648661172714,0.11029777783378905,5.102225586472997e-11,4.074597603764829e-11,5.102225586472997e-11,0.18804155139401285,-1.990879282960166,0.18804155130264755,-1.990879282968629,9.136530421116618e-11,8.463008072112643e-12,9.175642385810153e-11,9.136530421116618e-11,-29.282217726279924,2.1185080356644903e-09,-2.1185080356644903e-09,-7.234793674512097e-11,-29.282217726440948,2.2795312304424442e-09,-2.2795312304424442e-09,-7.784694629059983e-11
low_energy_small_angles,rk45_strict,RK45,1e-08,1e-10,2.438047559449312,0.07849052482139106,0.11094649368283191,0.07849052472658975,0.11094649353821602,9.480130569450296e-11,1.446158887086213e-10,1.446158887086213e-10,0.18912898075547774,-1.990772948176061,0.18912898051724158,-1.990772948199506,2.382361530273158e-10,2.344502370021928e-11,2.3938699577370214e-10,2.382361530273158e-10,-29.282217726249076,2.0876598227914656e-09,-2.0876598227914656e-09,-7.129445735487754e-11,-29.282217726480148,2.318731873174329e-09,-2.318731873174329e-09,-7.918566465889948e-11
low_energy_small_angles,rk45_strict,RK45,1e-08,1e-10,2.4430538172715894,0.07892324567113754,0.11157929299633187,0.07892324555769471,0.11157929280465366,1.1344282457859123e-10,1.9167821496690607e-10,1.9167821496690607e-10,0.19018924848391355,-1.9906686633142545,0.19018924818033758,-1.9906686633445414,3.035759699177021e-10,3.028688411177427e-11,3.0508304584272397e-10,3.035759699177021e-10,-29.28221772624542,2.08400408041598e-09,-2.08400408041598e-09,-7.116961222156412e-11,-29.282217726538597,2.3771811186179548e-09,-2.3771811186179548e-09,-8.11817308719923e-11
low_energy_small_angles,rk45_strict,RK45,1e-08,1e-10,2.4480600750938675,0.07934459080882789,0.1121960798018424,0.07934459070743353,0.1121960796316167,1.0139435124845164e-10,1.7022570852898156e-10,1.7022570852898156e-10,0.19122220512757204,-1.9905664884633492,0.19122220485734126,-1.9905664884904444,2.702307821955685e-10,2.709521496058187e-11,2.7158576236575607e-10,2.702307821955685e-10,-29.282217726276016,2.1146000506178098e-09,-2.1146000506178098e-09,-7.221447741893558e-11,-29.282217726582672,2.421256084517154e-09,-2.421256084517154e-09,-8.26869094180432e-11
low_energy_small_angles,rk45_strict,RK45,1e-08,1e-10,2.453066332916145,0.07975450350325564,0.11279676035675026,0.07975450343998984,0.11279676026924285,6.32657953802962e-11,8.750741797847184e-11,8.750741797847184e-11,0.1922277051255234,-1.9904664825046678,0.19222770497550737,-1.990466482519558,1.5001602737818587e-10,1.4890089161667674e-11,1.507531864524761e-10,1.5001602737818587e-10,-29.28221772633003,2.1686119566766138e-09,-2.1686119566766138e-09,-7.405900663347788e-11,-29.282217726579066,2.4176500801331713e-09,-2.4176500801331713e-09,-8.256376285797212e-11
low_energy_small_angles,rk45_strict,RK45,1e-08,1e-10,2.458072590738423,0.0801529286951691,0.11338124318902201,0.0801529286765096,0.113381243207507,1.8659504497087198e-11,1.848499131540393e-11,1.8659504497087198e-11,0.19320560680166482,-1.9903687030806134,0.1932056068014315,-1.9903687030800161,2.3331336862497665e-13,5.972999872483342e-13,6.412506551622341e-13,1.8599594087120863e-11,-29.282217726378352,2.216935968135658e-09,-2.216935968135658e-09,-7.570929186509034e-11,-29.282217726549447,2.3880311061930115e-09,-2.3880311061930115e-09,-8.155226249214701e-11
low_energy_small_angles,rk45_strict,RK45,1e-08,1e-10,2.463078848560701,0.08053981299954771,0.11394943910528187,0.08053981299724738,0.1139494391623182,2.300326595872093e-12,5.7036333989124444e-11,5.7036333989124444e-11,0.19415577236909332,-1.9902732065626458,0.19415577242346688,-1.9902732065563455,5.437356120907566e-11,6.300293620142838e-12,5.473735340932287e-11,5.437356120907566e-11,-29.282217726383642,2.222225958803392e-09,-2.222225958803392e-09,-7.588994726208129e-11,-29.28221772651693,2.3555131178909505e-09,-2.3555131178909505e-09,-8.044175957162437e-11
low_energy_small_angles,rk45_strict,RK45,1e-08,1e-10,2.4680851063829787,0.08091510470703217,0.11450126120085966,0.0809151046831672,0.11450126119293698,2.3864965559283746e-11,7.922676403815387e-12,2.3864965559283746e-11,0.1950780679356659,-1.9901800480198006,0.19507806790400822,-1.9901800480226346,3.165767648027895e-11,2.8339552926581746e-12,3.1784269422637234e-11,3.165767648027895e-11,-29.28221772635819,2.1967743180084653e-09,-2.1967743180084653e-09,-7.502076306863389e-11,-29.282217726503163,2.3417463523855986e-09,-2.3417463523855986e-09,-7.997161876347129e-11
low_energy_small_angles,rk45_strict,RK45,1e-08,1e-10,2.4730913642052568,0.08127875377474793,0.11503662481150086,0.08127875371777019,0.11503662470748463,5.697774196899985e-11,1.040162261878308e-10,1.040162261878308e-10,0.19597236344111635,-1.9900892811954707,0.19597236328099799,-1.9900892812120359,1.601183630128844e-10,1.656519366122211e-11,1.6097296609977595e-10,1.601183630128844e-10,-29.28221772632542,2.1640040870352095e-09,-2.1640040870352095e-09,-7.390164595523928e-11,-29.282217726519903,2.3584867392401065e-09,-2.3584867392401065e-09,-8.054330998618544e-11
low_energy_small_angles,rk45_strict,RK45,1e-08,1e-10,2.4780976220275344,0.08163071186783429,0.11555544763628649,0.08163071178709426,0.11555544746294291,8.074002577629358e-11,1.73343575604612e-10,1.73343575604612e-10,0.19683853281488667,-1.9900009584612341,0.196838532562228,-1.9900009584878038,2.526586717621626e-10,2.656963538072432e-11,2.54051864667207e-10,2.526586717621626e-10,-29.282217726307373,2.145956301546903e-09,-2.145956301546903e-09,-7.328530652158311e-11,-29.282217726563037,2.4016202360144234e-09,-2.4016202360144234e-09,-8.201633696729168e-11
low_energy_small_angles,rk45_strict,RK45,1e-08,1e-10,2.4831038798498124,0.08197093236411025,0.11605764975275228,0.08197093227971457,0.11605764956515434,8.439568488505245e-11,1.875979371845915e-10,1.875979371845915e-10,0.19767645399019101,-1.9899151307864802,0.1976764537197428,-1.9899151308151137,2.7044821937494135e-10,2.8633539983502487e-11,2.7195977455326595e-10,2.7044821937494135e-10,-29.28221772631803,2.1566144425833045e-09,-2.1566144425833045e-09,-7.364928650208872e-11,-29.282217726610952,2.4495356854004058e-09,-2.4495356854004058e-09,-8.365266963298476e-11
low_energy_small_angles,rk45_strict,RK45,1e-08,1e-10,2.48811013767209,0.08229937035407436,0.11654315361688826,0.08229937028697308,0.11654315347000498,6.710128286346873e-11,1.4688328331402545e-10,1.4688328331402545e-10,0.19848600889851303,-1.9898318477109176,0.19848600868575195,-1.9898318477335133,2.1276108652656944e-10,2.2595703086381036e-11,2.1395757929536935e-10,2.1276108652656944e-10,-29.282217726356482,2.1950654627289623e-09,-2.1950654627289623e-09,-7.496240494509282e-11,-29.28221772662806,2.46664200176383e-09,-2.46664200176383e-09,-8.423685750169627e-11
low_energy_small_angles,rk45_strict,RK45,1e-08,1e-10,2.493116395494368,0.08261598264090483,0.11701188406313918,0.08261598260504525,0.1170118840030093,3.5859579194941205e-11,6.01298871805156e-11,6.01298871805156e-11,0.19926708346421818,-1.989751157317891,0.1992670833687622,-1.98975115732787,9.54559764565488e-11,9.978906589935832e-12,9.597615338199309e-11,9.54559764565488e-11,-29.282217726404433,2.2430164392517327e-09,-2.2430164392517327e-09,-7.659995087738759e-11,-29.282217726610956,2.4495392381140846e-09,-2.4495392381140846e-09,-8.365279095964493e-11
low_energy_small_angles,rk45_strict,RK45,1e-08,1e-10,2.498122653316646,0.08292072774046656,0.11746376830444909,0.08292072772566561,0.11746376830579368,1.4800952130578082e-11,1.344591105123527e-12,1.4800952130578082e-11,0.20001956759933714,-1.9896731062085071,0.20001956758592238,-1.9896731062095756,1.3414769295394535e-11,1.0684786388992507e-12,1.3457253874786045e-11,1.475010391605025e-11,-29.28221772642812,2.2667023813482956e-09,-2.2667023813482956e-09,-7.740883572073123e-11,-29.282217726583074,2.4216575411628583e-09,-2.4216575411628583e-09,-8.270061933064224e-11
low_energy_small_angles,rk45_strict,RK45,1e-08,1e-10,2.5031289111389237,0.0832135658826587,0.11789873595092393,0.08321356586395244,0.11789873592976627,1.8706258764211725e-11,2.1157658958159686e-11,2.1157658958159686e-11,0.2007433552183,-1.9895977394742848,0.2007433551786477,-1.9895977394783282,3.9652309213877857e-11,4.04343225568482e-12,3.985793484865084e-11,3.9652309213877857e-11,-29.282217726414817,2.2534010213348665e-09,-2.2534010213348665e-09,-7.695458870506023e-11,-29.282217726564706,2.4032900114434597e-09,-2.4032900114434597e-09,-8.207336049757089e-11
low_energy_small_angles,rk45_strict,RK45,1e-08,1e-10,2.5081351689612017,0.08349445900297443,0.11831671896290862,0.0834944589661622,0.1183167188691049,3.6812233816796436e-11,9.380371479572602e-11,9.380371479572602e-11,0.20143834417791676,-1.9895251006791432,0.20143834404808486,-1.9895251006932861,1.2983189523474437e-10,1.4142909066094944e-11,1.3059993452179625e-10,1.2983189523474437e-10,-29.282217726387856,2.2264394772264495e-09,-2.2264394772264495e-09,-7.603384068104118e-11,-29.282217726570085,2.4086688199531636e-09,-2.4086688199531636e-09,-8.225704906106606e-11
low_energy_small_angles,rk45_strict,RK45,1e-08,1e-10,2.5131414267834793,0.08376337076376028,0.11871765172003307,0.08376337070968935,0.1187176515607567,5.407092829035065e-11,1.5927636987100868e-10,1.5927636987100868e-10,0.2021044363622591,-1.9894552318261445,0.2021044361502225,-1.9894552318495329,2.120366104918503e-10,2.3388402325963398e-11,2.1332262316086816e-10,2.120366104918503e-10,-29.282217726367147,2.2057307091927214e-09,-2.2057307091927214e-09,-7.532662757891878e-11,-29.28221772660029,2.4388739916503255e-09,-2.4388739916503255e-09,-8.328856832581898e-11
low_energy_small_angles,rk45_strict,RK45,1e-08,1e-10,2.5181476846057573,0.08402026656404611,0.11910147106954237,0.0840202665030666,0.11910147088443848,6.097951310568561e-11,1.8510389054871013e-10,1.8510389054871013e-10,0.20274153773570586,-1.9893881733282983,0.2027415374911489,-1.98938817335541,2.445569580178386e-10,2.7111646261346323e-11,2.460551708010609e-10,2.445569580178386e-10,-29.28221772636834,2.2069244209887984e-09,-2.2069244209887984e-09,-7.53673933367354e-11,-29.28221772664053,2.47911202677642e-09,-2.47911202677642e-09,-8.466271407888785e-11
low_energy_small_angles,rk45_strict,RK45,1e-08,1e-10,2.523153942428035,0.08426511353954487,0.11946811632629652,0.08426511348596474,0.11946811616264066,5.3580126446739484e-11,1.6365585275845973e-10,1.6365585275845973e-10,0.2033495583383441,-1.9893239639867057,0.20334955812246475,-1.9893239640107208,2.158793421802585e-10,2.4015012201061836e-11,2.1721098312746132e-10,2.158793421802585e-10,-29.282217726394908,2.2334916138788685e-09,-2.2334916138788685e-09,-7.627467410147573e-11,-29.282217726661628,2.500211593314816e-09,-2.500211593314816e-09,-8.53832731136288e-11
low_energy_small_angles,rk45_strict,RK45,1e-08,1e-10,2.528160200250313,0.08449788056265287,0.11981752927277063,0.08449788052722992,0.11981752917217242,3.542294235714394e-11,1.0059821031749294e-10,1.0059821031749294e-10,0.20392841228152914,-1.9892626409695873,0.2039284121463556,-1.9892626409846015,1.35173539028699e-10,1.5014212095820767e-11,1.3600482424679465e-10,1.35173539028699e-10,-29.282217726434595,2.273178978384749e-09,-2.273178978384749e-09,-7.763001422221848e-11,-29.282217726650916,2.4895001615732326e-09,-2.4895001615732326e-09,-8.501747323322066e-11
low_energy_small_angles,rk45_strict,RK45,1e-08,1e-10,2.533166458072591,0.08471853824244953,0.12014965415905475,0.08471853822116053,0.12014965411045017,2.1288998341972842e-11,4.8604578695155e-11,4.8604578695155e-11,0.20447801774360702,-1.9892042397922038,0.2044780176741402,-1.989204239799831,6.946682118424974e-11,7.627232179174825e-12,6.988428948025134e-11,6.946682118424974e-11,-29.282217726460196,2.2987798331541853e-09,-2.2987798331541853e-09,-7.850429413539297e-11,-29.282217726629344,2.467928084115556e-09,-2.467928084115556e-09,-8.428077775267729e-11
low_energy_small_angles,rk45_strict,RK45,1e-08,1e-10,2.5381727158948686,0.08492705892249071,0.12046443771127816,0.08492705890209457,0.12046443765349549,2.0396143107781484e-11,5.77826675396409e-11,5.77826675396409e-11,0.20499829697196992,-1.9891487942968555,0.20499829689428337,-1.9891487943055295,7.76865516360914e-11,8.673950446791423e-12,7.816928886372504e-11,7.76865516360914e-11,-29.28221772645261,2.2911947894499463e-09,-2.2911947894499463e-09,-7.824526171593314e-11,-29.28221772661436,2.4529427378183755e-09,-2.4529427378183755e-09,-8.376902190008638e-11
low_energy_small_angles,rk45_strict,RK45,1e-08,1e-10,2.5431789737171466,0.08512341667621519,0.12076182910646696,0.08512341664848784,0.12076182899560223,2.772734819522782e-11,1.1086473405974573e-10,1.1086473405974573e-10,0.2054891762495829,-1.989096336638016,0.20548917611189865,-1.9890963366537289,1.3768425288773756e-10,1.5712764422914915e-11,1.38577936407873e-10,1.3768425288773756e-10,-29.28221772643188,2.2704647051341453e-09,-2.2704647051341453e-09,-7.753732065384973e-11,-29.28221772661854,2.4571242818183237e-09,-2.4571242818183237e-09,-8.391182337910476e-11
low_energy_small_angles,rk45_strict,RK45,1e-08,1e-10,2.5481852315394242,0.0853075873193189,0.12104178000990086,0.08530758728291378,0.1210417798493364,3.640511503366639e-11,1.605644645019666e-10,1.605644645019666e-10,0.20595058594064192,-1.9890468972594384,0.20595058574497954,-1.9890468972819277,1.9566237519086371e-10,2.2489343720621946e-11,1.9695059189125225e-10,1.9566237519086371e-10,-29.282217726415226,2.2538095834079286e-09,-2.2538095834079286e-09,-7.696854127097961e-11,-29.282217726642795,2.4813786581034947e-09,-2.4813786581034947e-09,-8.474012048807538e-11
low_energy_small_angles,rk45_strict,RK45,1e-08,1e-10,2.5531914893617023,0.08547954841286089,0.12130424462515557,0.08547954837206363,0.12130424444553632,4.0797254463598165e-11,1.7961925002918377e-10,1.7961925002918377e-10,0.20638246053976317,-1.9890005048713544,0.20638246032081553,-1.9890005048965729,2.1894763779783943e-10,2.5218493959755506e-11,2.203951917235313e-10,2.1894763779783943e-10,-29.28221772641636,2.254942899071466e-09,-2.254942899071466e-09,-7.700724447557338e-11,-29.28221772667373,2.5123121361048106e-09,-2.5123121361048106e-09,-8.579651171816285e-11
low_energy_small_angles,rk45_strict,RK45,1e-08,1e-10,2.55819774718398,0.08563927926325438,0.12154917969445532,0.08563927922662244,0.12154917953369877,3.663193359759731e-11,1.6075654696301456e-10,1.6075654696301456e-10,0.20678473866892383,-1.9889571864348194,0.20678473847285564,-1.9889571864574445,1.9606818946193982e-10,2.262501297423114e-11,1.9736926338963537e-10,1.9606818946193982e-10,-29.28221772643812,2.276703270354119e-09,-2.276703270354119e-09,-7.775037026910567e-11,-29.282217726685833,2.524416231608484e-09,-2.524416231608484e-09,-8.620987164935705e-11
low_energy_small_angles,rk45_strict,RK45,1e-08,1e-10,2.563204005006258,0.08578676092226672,0.12177654449867294,0.0857867608946698,0.12177654438543924,2.759692474540998e-11,1.1323370019411527e-10,1.1323370019411527e-10,0.2071573630742543,-1.9889169671470426,0.20715736293436374,-1.9889169671631624,1.3989057134899952e-10,1.6119772183742498e-11,1.408162597415699e-10,1.3989057134899952e-10,-29.282217726469128,2.3077113553426898e-09,-2.3077113553426898e-09,-7.880930935905668e-11,-29.28221772667538,2.513964147965453e-09,-2.513964147965453e-09,-8.585292861514121e-11
low_energy_small_angles,rk45_strict,RK45,1e-08,1e-10,2.568210262828536,0.08592197618700483,0.12198630085736474,0.08592197616539281,0.12198630077376806,2.1612017730987532e-11,8.359668512980534e-11,8.359668512980534e-11,0.20750028062304743,-1.988879870427668,0.2075002805185397,-1.988879870439695,1.0450773579862016e-10,1.202704602576432e-11,1.0519751269806738e-10,1.0450773579862016e-10,-29.282217726484856,2.3234392187987396e-09,-2.3234392187987396e-09,-7.934642248362281e-11,-29.28221772665966,2.4982433899367607e-09,-2.4982433899367607e-09,-8.531605814389543e-11
low_energy_small_angles,rk45_strict,RK45,1e-08,1e-10,2.5732165206508135,0.08604490959327801,0.12217841313233575,0.0860449095732643,0.12217841303110993,2.001371290916154e-11,1.0122581939331354e-10,1.0122581939331354e-10,0.2078134422978734,-1.988845917906147,0.2078134421774625,-1.9888459179202038,1.204109034702583e-10,1.4056755759384032e-11,1.2122861896847146e-10,1.204109034702583e-10,-29.28221772647625,2.3148345462686848e-09,-2.3148345462686848e-09,-7.90525693126946e-11,-29.282217726652696,2.4912800711263117e-09,-2.4912800711263117e-09,-8.50782578899651e-11
low_energy_small_angles,rk45_strict,RK45,1e-08,1e-10,2.5782227784730916,0.08615554741735108,0.12235284820661685,0.0861555473962779,0.1223528480662889,2.107318486377352e-11,1.403279437095506e-10,1.403279437095506e-10,0.20809680317485318,-1.9888151294123517,0.20809680301457928,-1.9888151294312917,1.6027390525863439e-10,1.893996071089532e-11,1.613891161713948e-10,1.6027390525863439e-10,-29.282217726460672,2.2992558967871446e-09,-2.2992558967871446e-09,-7.852055190785556e-11,-29.282217726662104,2.5006876569477754e-09,-2.5006876569477754e-09,-8.539953088609138e-11
low_energy_small_angles,rk45_strict,RK45,1e-08,1e-10,2.583229036295369,0.08625387768008344,0.12250957553346596,0.08625387765594793,0.12250957536452813,2.413551303259709e-11,1.6893783594262857e-10,1.6893783594262857e-10,0.20835032247401733,-1.9887875229594059,0.20835032228229988,-1.98878752298213,1.9171744747303876e-10,2.2724044868027704e-11,1.930594775729529e-10,1.9171744747303876e-10,-29.282217726452146,2.2907293839580234e-09,-2.2907293839580234e-09,-7.822936792345107e-11,-29.282217726683978,2.52256171506815e-09,-2.52256171506815e-09,-8.614653913274908e-11
low_energy_small_angles,rk45_strict,RK45,1e-08,1e-10,2.588235294117647,0.08633989014312894,0.12264856715854601,0.08633989011730946,0.1226485669874501,2.581948543856072e-11,1.7109591521347056e-10,1.7109591521347056e-10,0.20857396357533697,-1.9887631147314004,0.208573963379803,-1.9887631147545588,1.9553397789806581e-10,2.3158364115261065e-11,1.9690060015433243e-10,1.9553397789806581e-10,-29.282217726459425,2.2980088942858856e-09,-2.2980088942858856e-09,-7.84779662501364e-11,-29.282217726702047,2.5406308168385294e-09,-2.5406308168385294e-09,-8.676360652636627e-11
low_energy_small_angles,rk45_strict,RK45,1e-08,1e-10,2.593241551939925,0.0864135763089359,0.12276979771992486,0.08641357628566268,0.12276979757166699,2.3273216687158538e-11,1.4825786431860166e-10,1.4825786431860166e-10,0.20876769401674078,-1.9887419190744584,0.20876769384641244,-1.9887419190946227,1.7032833476982034e-10,2.0164314662451943e-11,1.715177577140815e-10,1.7032833476982034e-10,-29.282217726480173,2.3187567421700805e-09,-2.3187567421700805e-09,-7.918651394552067e-11,-29.282217726701045,2.5396289515811077e-09,-2.5396289515811077e-09,-8.672939240819874e-11
low_energy_small_angles,rk45_strict,RK45,1e-08,1e-10,2.598247809762203,0.08647492942074704,0.12287324444807539,0.08647492940070296,0.12287324432040707,2.004407750888504e-11,1.2766832035993048e-10,1.2766832035993048e-10,0.20893148549234863,-1.9887239484887882,0.20893148534567368,-1.9887239485061672,1.4667494996345454e-10,1.737898713827235e-11,1.477009483406729e-10,1.4667494996345454e-10,-29.28221772649955,2.3381332425742585e-09,-2.3381332425742585e-09,-7.984822955007988e-11,-29.282217726695297,2.5338806608488085e-09,-2.5338806608488085e-09,-8.653308587204604e-11
low_energy_small_angles,rk45_strict,RK45,1e-08,1e-10,2.603254067584481,0.08652394446004971,0.12295888716466936,0.08652394444231909,0.12295888703362544,1.7730622525746753e-11,1.3104392571072765e-10,1.3104392571072765e-10,0.20906531384718563,-1.988709213622091,0.2090653136994668,-1.9887092136396955,1.4771883716235834e-10,1.7604584456876182e-11,1.4876416317950578e-10,1.4771883716235834e-10,-29.28221772650017,2.3387549674680486e-09,-2.3387549674680486e-09,-7.986946171560938e-11,-29.282217726693112,2.531695741936346e-09,-2.531695741936346e-09,-8.64584699760424e-11
low_energy_small_angles,rk45_strict,RK45,1e-08,1e-10,2.6082603254067585,0.08656061813868401,0.12302670827312905,0.08656061812339973,0.1230267081260805,1.5284287724348644e-11,1.470485400112409e-10,1.470485400112409e-10,0.20916915905861494,-1.9886977232654315,0.20916915889745075,-1.9886977232847982,1.611641931020813e-10,1.936673044156123e-11,1.6232365011371892e-10,1.611641931020813e-10,-29.282217726494785,2.333369053530987e-09,-2.333369053530987e-09,-7.968553049879387e-11,-29.28221772669819,2.536772569783352e-09,-2.536772569783352e-09,-8.663184577342323e-11
low_energy_small_angles,rk45_strict,RK45,1e-08,1e-10,2.6132665832290365,0.08658494890473113,0.1230766927842882,0.08658494888949901,0.12307669262753831,1.523212111997907e-11,1.5674989084502045e-10,1.5674989084502045e-10,0.2092430052665648,-1.9886894843446055,0.20924300509582558,-1.9886894843651661,1.7073922831123411e-10,2.0560664282243124e-11,1.7197274493373314e-10,1.7073922831123411e-10,-29.28221772649219,2.330772019831784e-09,-2.330772019831784e-09,-7.959684071021067e-11,-29.282217726706424,2.5450077600908116e-09,-2.5450077600908116e-09,-8.691308097169391e-11
low_energy_small_angles,rk45_strict,RK45,1e-08,1e-10,2.618272841051314,0.08659693693375684,0.12310882833550599,0.08659693691777848,0.12310882818335571,1.597835752598087e-11,1.5215027848736185e-10,1.5215027848736185e-10,0.20928684078289017,-1.9886845019145571,0.20928684061597294,-1.9886845019346229,1.6691723003781078e-10,2.006572685786523e-11,1.681189908303934e-10,1.6691723003781078e-10,-29.28221772649651,2.3350921196652052e-09,-2.3350921196652052e-09,-7.974437392897562e-11,-29.282217726707398,2.545981203638803e-09,-2.545981203638803e-09,-8.694632447658009e-11
low_energy_small_angles,rk45_strict,RK45,1e-08,1e-10,2.623279098873592,0.08659658412804824,0.12312310519102146,0.08659658411114915,0.12312310505085856,1.6899093235878127e-11,1.4016289517915226e-10,1.4016289517915226e-10,0.20930065809030468,-1.9886827791564092,0.20930065793436703,-1.9886827791750847,1.5593765168020468e-10,1.8675505586429608e-11,1.570519841340618e-10,1.5593765168020468e-10,-29.282217726504392,2.3429755913184636e-09,-2.3429755913184636e-09,-8.00135977878896e-11,-29.282217726702022,2.540605947842778e-09,-2.540605947842778e-09,-8.676275723974509e-11
low_energy_small_angles,rk45_strict,RK45,1e-08,1e-10,2.6282853566958697,0.08658389411570833,0.12311951624230927,0.08658389410041425,0.1231195161030833,1.5294071564753153e-11,1.3922596409088328e-10,1.3922596409088328e-10,0.20928445384139802,-1.9886843173755042,0.20928445368798917,-1.9886843173939248,1.5340884118586473e-10,1.8420598379975672e-11,1.5451081191510914e-10,1.5340884118586473e-10,-29.282217726505838,2.3444215457857354e-09,-2.3444215457857354e-09,-8.00629777385782e-11,-29.282217726698242,2.536825860488534e-09,-2.536825860488534e-09,-8.663366567332576e-11
low_energy_small_angles,rk45_strict,RK45,1e-08,1e-10,2.6332916145181477,0.08655887224422015,0.12309805700468973,0.08655887223330665,0.12309805685347339,1.0913506209853097e-11,1.5121634500125936e-10,1.5121634500125936e-10,0.2092382288486532,-1.9886891160013884,0.20923822868770847,-1.9886891160208995,1.6094472976568852e-10,1.95110594347625e-11,1.6212306276288187e-10,1.6094472976568852e-10,-29.282217726500853,2.3394370884943783e-09,-2.3394370884943783e-09,-7.989275643436174e-11,-29.282217726701358,2.539941590384842e-09,-2.539941590384842e-09,-8.674006915429357e-11
low_energy_small_angles,rk45_strict,RK45,1e-08,1e-10,2.638297872340426,0.08652152558254098,0.12305872561952891,0.08652152557295081,0.12305872545799536,9.590161997863333e-12,1.6153355042458628e-10,1.6153355042458628e-10,0.20916198808873585,-1.9886971725873752,0.20916198791886953,-1.988697172608032,1.6986631545812259e-10,2.0656809596175663e-11,1.7111770484088159e-10,1.6986631545812259e-10,-29.282217726497112,2.3356960809906013e-09,-2.3356960809906013e-09,-7.976499946120426e-11,-29.282217726709593,2.5481767806923017e-09,-2.5481767806923017e-09,-8.702130435256425e-11
low_energy_small_angles,rk45_strict,RK45,1e-08,1e-10,2.6433041301627034,0.08647186290855105,0.1230015228764548,0.08647186289763861,0.12300152271514109,1.0912437620191895e-11,1.613137123879227e-10,1.613137123879227e-10,0.20905574071228494,-1.988708482809916,0.2090557405413183,-1.9887084828306505,1.7096662974225296e-10,2.0734525207899424e-11,1.722193630838926e-10,1.7096662974225296e-10,-29.282217726499923,2.3385062775105325e-09,-2.3385062775105325e-09,-7.986096884939758e-11,-29.28221772671333,2.5519142354824e-09,-2.5519142354824e-09,-8.714893999906155e-11
low_energy_small_angles,rk45_strict,RK45,1e-08,1e-10,2.6483103879849814,0.08640989470695072,0.12292645221558968,0.08640989469385695,0.12292645206239726,1.3093776063399787e-11,1.5319241708500186e-10,1.5319241708500186e-10,0.2089195000445071,-1.9887230404705314,0.2089194998794257,-1.9887230404904455,1.6508139299986624e-10,1.9914070392701433e-11,1.662781901344303e-10,1.6508139299986624e-10,-29.282217726507717,2.346300931321821e-09,-2.346300931321821e-09,-8.012715954180735e-11,-29.28221772671029,2.5488731125733466e-09,-2.5488731125733466e-09,-8.704508437795728e-11
low_energy_small_angles,rk45_strict,RK45,1e-08,1e-10,2.653316645807259,0.08633563316896668,0.12283351972759608,0.08633563315660367,0.12283351957687452,1.2363013390803701e-11,1.5072156023254735e-10,1.5072156023254735e-10,0.20875328358562995,-1.9887408374988573,0.20875328342372707,-1.9887408375183906,1.6190287999151565e-10,1.9533263895255004e-11,1.6307694793547243e-10,1.6190287999151565e-10,-29.2822177265112,2.3497825907270453e-09,-2.3497825907270453e-09,-8.024605966877253e-11,-29.282217726707444,2.5460273889166274e-09,-2.5460273889166274e-09,-8.694790172316228e-11
low_energy_small_angles,rk45_strict,RK45,1e-08,1e-10,2.658322903629537,0.0862490921842354,0.1227227341509461,0.08624909217735022,0.12272273399252843,6.8851868650909864e-12,1.5841766787261236e-10,1.5841766787261236e-10,0.20855711300103208,-1.988761863957711,0.20855711283694628,-1.9887618639776967,1.6408580050253363e-10,1.9985790800092218e-11,1.652984626681758e-10,1.6408580050253363e-10,-29.282217726506637,2.3452209063634655e-09,-2.3452209063634655e-09,-8.009027623711611e-11,-29.2822177267093,2.5478819054569612e-09,-2.5478819054569612e-09,-8.701123423977025e-11
low_energy_small_angles,rk45_strict,RK45,1e-08,1e-10,2.6633291614518146,0.08615028734392682,0.12259410686875041,0.08615028733967071,0.12259410670263167,4.256109353839577e-12,1.6611874376071256e-10,1.6611874376071256e-10,0.2083310141223586,-1.988786108048238,0.20833101395324632,-1.9887861080689184,1.691122797353728e-10,2.0680346324297716e-11,1.7037206308954492e-10,1.691122797353728e-10,-29.282217726501543,2.3401263149480656e-09,-2.3401263149480656e-09,-7.991629380643444e-11,-29.2822177267147,2.553282030248738e-09,-2.553282030248738e-09,-8.719565076322644e-11
low_energy_small_angles,rk45_strict,RK45,1e-08,1e-10,2.6683354192740927,0.08603923592484587,0.12244765192565267,0.08603923591827324,0.12244765175991942,6.572631328083389e-12,1.657332465709871e-10,1.657332465709871e-10,0.20807501694982333,-1.9888135561152451,0.20807501677878265,-1.988813556136053,1.7104068161799546e-10,2.0807799927524684e-11,1.723017101080903e-10,1.7104068161799546e-10,-29.28221772650256,2.3411423910602025e-09,-2.3411423910602025e-09,-7.995099323124263e-11,-29.282217726715988,2.5545716653141426e-09,-2.5545716653141426e-09,-8.723969234086762e-11
low_energy_small_angles,rk45_strict,RK45,1e-08,1e-10,2.6733416770963707,0.08591595688360337,0.12228338603098328,0.08591595687087768,0.12228338587367762,1.2725695497373124e-11,1.5730565461336e-10,1.5730565461336e-10,0.20778915565112782,-1.9888441926543448,0.20778915548231802,-1.988844192674625,1.6880979947231367e-10,2.028022194622281e-11,1.700236330633798e-10,1.6880979947231367e-10,-29.2822177265102,2.3487842781833024e-09,-2.3487842781833024e-09,-8.021196687726516e-11,-29.282217726709884,2.5484681032139633e-09,-2.5484681032139633e-09,-8.703125313869807e-11
low_energy_small_angles,rk45_strict,RK45,1e-08,1e-10,2.6783479349186483,0.08578047085661604,0.12210132855875946,0.0857804708431094,0.12210132840681509,1.3506640250682267e-11,1.519443737496573e-10,1.519443737496573e-10,0.20747346856327825,-1.9888780003199829,0.20747346839900815,-1.9888780003396467,1.642700975246214e-10,1.9663826122950923e-11,1.6544283302259508e-10,1.642700975246214e-10,-29.282217726516652,2.355236006224004e-09,-2.355236006224004e-09,-8.043229609213123e-11,-29.28221772670398,2.542563493079797e-09,-2.542563493079797e-09,-8.682960822949796e-11
low_energy_small_angles,rk45_strict,RK45,1e-08,1e-10,2.6833541927409263,0.08563280015245793,0.12190150154589252,0.08563280014665173,0.12190150138885031,5.80620274082122e-12,1.5704221256740425e-10,1.5704221256740425e-10,0.20712799818522046,-1.9889149599353306,0.2071279980235587,-1.9889149599549234,1.6166176730614268e-10,1.9592771849374913e-11,1.6284472271856733e-10,1.6166176730614268e-10,-29.282217726512393,2.3509763025231223e-09,-2.3509763025231223e-09,-8.028682542658915e-11,-29.282217726705493,2.544076949106966e-09,-2.544076949106966e-09,-8.688129338672975e-11
low_energy_small_angles,rk45_strict,RK45,1e-08,1e-10,2.688360450563204,0.08547296875251253,0.12168392968472777,0.085472968754866,0.12168392951764664,2.3534646453882146e-12,1.6708112671182107e-10,1.6708112671182107e-10,0.2067527911733345,-1.9889550505031417,0.20675279100983374,-1.9889550505232219,1.635007684797074e-10,2.0080159757185356e-11,1.6472921449860972e-10,1.635007684797074e-10,-29.282217726503067,2.341650429116271e-09,-2.341650429116271e-09,-7.996834294364673e-11,-29.282217726714794,2.5533779535180656e-09,-2.5533779535180656e-09,-8.719892658305098e-11
low_energy_small_angles,rk45_strict,RK45,1e-08,1e-10,2.693366708385482,0.08530100230105724,0.12144864033225261,0.08530100230279153,0.12144864015941219,1.7342932645547648e-12,1.7284042252985188e-10,1.7284042252985188e-10,0.20634789834315753,-1.9889982492164644,0.20634789817331822,-1.9889982492372562,1.6983930928304858e-10,2.0791812715970082e-11,1.7110724839631723e-10,1.6983930928304858e-10,-29.282217726498846,2.337429805265856e-09,-2.337429805265856e-09,-7.982420687136651e-11,-29.28221772672313,2.5617126198085316e-09,-2.5617126198085316e-09,-8.748355892780637e-11
low_energy_small_angles,rk45_strict,RK45,1e-08,1e-10,2.6983729662077596,0.08511692808658551,0.12119566351429435,0.085116928079066,0.12119566334578556,7.51951279021057e-12,1.6850879025476218e-10,1.6850879025476218e-10,0.20591337465761317,-1.9890445314716916,0.20591337448284813,-1.9890445314927034,1.74765035776403e-10,2.1011858919450788e-11,1.7602362325886354e-10,1.74765035776403e-10,-29.282217726505344,2.343927718584382e-09,-2.343927718584382e-09,-8.004611333281477e-11,-29.282217726719093,2.5576767370694142e-09,-2.5576767370694142e-09,-8.734573184185491e-11
low_energy_small_angles,rk45_strict,RK45,1e-08,1e-10,2.7033792240300376,0.08492077504171355,0.12092503192552435,0.08492077502473742,0.12092503176602717,1.6976128835999305e-11,1.5949717935281882e-10,1.5949717935281882e-10,0.2054492792298013,-1.9890938708815036,0.2054492790545539,-1.9890938709021837,1.7524739992502703e-10,2.068012427969279e-11,1.7646336367843016e-10,1.7524739992502703e-10,-29.282217726518834,2.3574173724227876e-09,-2.3574173724227876e-09,-8.050679066147471e-11,-29.282217726708115,2.5466988518019207e-09,-2.5466988518019207e-09,-8.697083246193413e-11
low_energy_small_angles,rk45_strict,RK45,1e-08,1e-10,2.7083854818523156,0.08471257374301704,0.1206367809294003,0.08471257372689478,0.12063678077451441,1.6122256307760097e-11,1.5488589577561385e-10,1.5488589577561385e-10,0.20495567532586034,-1.989146239288798,0.2049556751560357,-1.9891462393088015,1.6982465433912353e-10,2.000355436848622e-11,1.7099870002071878e-10,1.6982465433912353e-10,-29.282217726525886,2.3644695090752066e-09,-2.3644695090752066e-09,-8.074762408190926e-11,-29.282217726701457,2.5400410663678485e-09,-2.5400410663678485e-09,-8.674346630077829e-11
low_energy_small_angles,rk45_strict,RK45,1e-08,1e-10,2.7133917396745932,0.08449235639531646,0.12033094854928554,0.08449235639371666,0.12033094839117657,1.599803622909235e-12,1.5810897036061533e-10,1.5810897036061533e-10,0.20443263034377418,-1.9892016067839575,0.2044326301852144,-1.9892016068030722,1.5855977641976438e-10,1.911470981497132e-11,1.5970777948990534e-10,1.5855977641976438e-10,-29.28221772651792,2.356504325007336e-09,-2.356504325007336e-09,-8.04756097098114e-11,-29.28221772670668,2.5452635554756853e-09,-2.5452635554756853e-09,-8.692181649122604e-11
low_energy_small_angles,rk45_strict,RK45,1e-08,1e-10,2.7183979974968713,0.08426015684386207,0.12000757546756798,0.0842601568541233,0.12000757530144839,1.026123630509801e-11,1.6611959030576884e-10,1.6611959030576884e-10,0.2038802158281142,-1.9892599417197414,0.2038802156734142,-1.9892599417387657,1.5470000280792817e-10,1.9024337660766832e-11,1.5586537874782794e-10,1.5470000280792817e-10,-29.282217726504978,2.3435617890754656e-09,-2.3435617890754656e-09,-8.003361668681741e-11,-29.28221772672193,2.560515355298776e-09,-2.560515355298776e-09,-8.744267184332958e-11
low_energy_small_angles,rk45_strict,RK45,1e-08,1e-10,2.723404255319149,0.08401601054906464,0.11966670502896679,0.08401601055777679,0.11966670485627023,8.712142118838528e-12,1.7269655150364827e-10,1.7269655150364827e-10,0.2032985074518095,-1.9893212107297855,0.20329850728902937,-1.9893212107496712,1.6278012271442321e-10,1.988564868327103e-11,1.6399026609673257e-10,1.6278012271442321e-10,-29.28221772649948,2.3380621883006825e-09,-2.3380621883006825e-09,-7.984580301687652e-11,-29.282217726734366,2.5729498531745776e-09,-2.5729498531745776e-09,-8.786731515391946e-11
low_energy_small_angles,rk45_strict,RK45,1e-08,1e-10,2.728410513141427,0.08375995456948308,0.11930838323713346,0.08375995456384053,0.1193083830650641,5.642555866991472e-12,1.720693587614619e-10,1.720693587614619e-10,0.20268758499967227,-1.9893853787481337,0.20268758482320334,-1.9893853787690863,1.7646892280787085e-10,2.0952573009935804e-11,1.777084438981642e-10,1.7646892280787085e-10,-29.28221772650803,2.3466135701255553e-09,-2.3466135701255553e-09,-8.013783628790219e-11,-29.28221772672933,2.5679121051780385e-09,-2.5679121051780385e-09,-8.769527394980048e-11
low_energy_small_angles,rk45_strict,RK45,1e-08,1e-10,2.7334167709637045,0.08349202756182458,0.11893265875465209,0.08349202753957288,0.1189326585876936,2.225170048220093e-11,1.6695848870096341e-10,1.6695848870096341e-10,0.20204753237243095,-1.9894524090278511,0.20204753218447769,-1.989452409049517,1.8795326406362278e-10,2.1665780280955005e-11,1.8919787395040287e-10,1.8795326406362278e-10,-29.282217726526525,2.3651089975373907e-09,-2.3651089975373907e-09,-8.07694628807396e-11,-29.282217726714325,2.552908995312464e-09,-2.552908995312464e-09,-8.718291146390873e-11
low_energy_small_angles,rk45_strict,RK45,1e-08,1e-10,2.7384230287859825,0.08321226978094444,0.11853958290303908,0.08321226975695552,0.11853958274263783,2.3988921959983145e-11,1.604012478395589e-10,1.604012478395589e-10,0.20137843759093976,-1.9895222631605731,0.2013784374077582,-1.9895222631815364,1.8318155325935948e-10,2.0963231150972206e-11,1.8437716375625438e-10,1.8318155325935948e-10,-29.28221772653953,2.3781119296018005e-09,-2.3781119296018005e-09,-8.121351845695645e-11,-29.282217726703156,2.541739263506315e-09,-2.541739263506315e-09,-8.680146044433885e-11
low_energy_small_angles,rk45_strict,RK45,1e-08,1e-10,2.7434292866082606,0.08292072306491581,0.11812920965143531,0.08292072305775446,0.1181292094950726,7.161354842466494e-12,1.5636270056518242e-10,1.5636270056518242e-10,0.20068039277445354,-1.989594901099548,0.20068039261204382,-1.9895949011185692,1.6240972455783265e-10,1.9021229036297882e-11,1.6351980242466772e-10,1.6240972455783265e-10,-29.28221772653266,2.371244534060679e-09,-2.371244534060679e-09,-8.097899402285066e-11,-29.28221772670643,2.5450148655181692e-09,-2.5450148655181692e-09,-8.691332362501424e-11
low_energy_small_angles,rk45_strict,RK45,1e-08,1e-10,2.748435544430538,0.0826174308386797,0.11770159561259616,0.08261743085293449,0.11770159545659999,1.4254791791401544e-11,1.5599617431139023e-10,1.5599617431139023e-10,0.19995349414482838,-1.9896702811811546,0.1999534940041177,-1.989670281198297,1.4071069309729012e-10,1.7142287589422267e-11,1.4175103941671197e-10,1.4071069309729012e-10,-29.28221772651597,2.3545538851976744e-09,-2.3545538851976744e-09,-8.040900137337887e-11,-29.282217726724795,2.563378842523889e-09,-2.563378842523889e-09,-8.754046113142542e-11
low_energy_small_angles,rk45_strict,RK45,1e-08,1e-10,2.753441802252816,0.08230243810430986,0.11725680004805353,0.08230243812265908,0.11725679988524822,1.8349224917280083e-11,1.628053108992944e-10,1.628053108992944e-10,0.19919784202665192,-1.9897483601473525,0.19919784188325165,-1.9897483601648904,1.434002638855958e-10,1.7537971075398673e-11,1.4446873748981136e-10,1.434002638855958e-10,-29.282217726504356,2.3429400641816756e-09,-2.3429400641816756e-09,-8.001238452128791e-11,-29.28221772674633,2.5849153928447777e-09,-2.5849153928447777e-09,-8.827594334536711e-11
low_energy_small_angles,rk45_strict,RK45,1e-08,1e-10,2.758448060075094,0.08197579140623684,0.11679488485050689,0.08197579141243853,0.11679488468231927,6.201691937768317e-12,1.6818761661152593e-10,1.6818761661152593e-10,0.19841354079995743,-1.9898290931737321,0.19841354063909653,-1.989829093192823,1.6086090792732932e-10,1.9090951042244342e-11,1.619898024904719e-10,1.6086090792732932e-10,-29.282217726508595,2.3471784516004845e-09,-2.3471784516004845e-09,-8.015712722686898e-11,-29.28221772674984,2.5884219212457538e-09,-2.5884219212457538e-09,-8.839569275895346e-11
low_energy_small_angles,rk45_strict,RK45,1e-08,1e-10,2.763454317897372,0.0816375388310426,0.1163159145436968,0.08163753880956455,0.11631591436859656,2.14780554452787e-11,1.7510023986311296e-10,1.7510023986311296e-10,0.19760069890489576,-1.989912433893488,0.19760069870957214,-1.9899124339155605,1.9532361839047496e-10,2.2072565997177662e-11,1.9656681833627886e-10,1.9532361839047496e-10,-29.28221772652878,2.367364970723429e-09,-2.367364970723429e-09,-8.084650530994662e-11,-29.28221772673415,2.5727331376401708e-09,-2.5727331376401708e-09,-8.785991422764919e-11
low_energy_small_angles,rk45_strict,RK45,1e-08,1e-10,2.7684605757196494,0.08128773000746074,0.11581995628240516,0.08128772997169274,0.1158199561092354,3.576799967319744e-11,1.7316975631231912e-10,1.7316975631231912e-10,0.19675942884688102,-1.9899983344222387,0.19675942863922155,-1.9899983344451548,2.0765947295053877e-10,2.2916113451287856e-11,2.0892009228843415e-10,2.0765947295053877e-10,-29.28221772655217,2.3907524848709727e-09,-2.3907524848709727e-09,-8.164519871383612e-11,-29.282217726714745,2.5533282155265624e-09,-2.5533282155265624e-09,-8.719722800980863e-11
low_energy_small_angles,rk45_strict,RK45,1e-08,1e-10,2.7734668335419275,0.08092641610283248,0.11530707984913077,0.08092641607416491,0.11530707968349015,2.8667568319207248e-11,1.6564062621515774e-10,1.6564062621515774e-10,0.19588984719503852,-1.9900867453843811,0.19588984700192408,-1.990086745405756,1.931144411049246e-10,2.1374901848503214e-11,1.9429378217611736e-10,1.931144411049246e-10,-29.282217726556638,2.3952217986789037e-09,-2.3952217986789037e-09,-8.179782765232813e-11,-29.28221772670736,2.545942123788336e-09,-2.545942123788336e-09,-8.694498988331824e-11
low_energy_small_angles,rk45_strict,RK45,1e-08,1e-10,2.7784730913642055,0.08055364979711141,0.11477735762591228,0.08055364979976354,0.1147773574774351,2.6521285168001896e-12,1.4847717499932855e-10,1.4847717499932855e-10,0.1949920745337135,-1.9901776159449391,0.1949920743888568,-1.9901776159617302,1.448567099604503e-10,1.6791013024430868e-11,1.45826624931638e-10,1.448567099604503e-10,-29.28221772654059,2.379174190991762e-09,-2.379174190991762e-09,-8.124979512834684e-11,-29.28221772672003,2.5586146534806176e-09,-2.5586146534806176e-09,-8.737776208013942e-11
low_energy_small_angles,rk45_strict,RK45,1e-08,1e-10,2.783479349186483,0.08016948531400621,0.11423086462539207,0.08016948533871171,0.11423086448396437,2.4705501533439644e-11,1.4142770288216866e-10,1.4142770288216866e-10,0.19406623552989843,-1.9902708938307836,0.1940662354140186,-1.9902708938449254,1.1587983350658249e-10,1.4141798843070319e-11,1.1673956607779191e-10,1.1587983350658249e-10,-29.282217726520354,2.3589379338773142e-09,-2.3589379338773142e-09,-8.055871847202684e-11,-29.282217726747866,2.5864501651540195e-09,-2.5864501651540195e-09,-8.832835646255992e-11
low_energy_small_angles,rk45_strict,RK45,1e-08,1e-10,2.788485607008761,0.07977397836620881,0.11366767845177918,0.07977397838867302,0.1136676783027917,2.2464211046901994e-11,1.489874751348097e-10,1.489874751348097e-10,0.19311245884550432,-1.9903665253676575,0.19311245871987104,-1.990366525382766,1.2563328155579256e-10,1.5108581052913905e-11,1.2653849475914243e-10,1.2563328155579256e-10,-29.282217726512226,2.3508093249802187e-09,-2.3508093249802187e-09,-8.028112307356123e-11,-29.282217726772185,2.610768490285409e-09,-2.610768490285409e-09,-8.915883745141357e-11
low_energy_small_angles,rk45_strict,RK45,1e-08,1e-10,2.7934918648310387,0.07936718614329959,0.11308787929063757,0.07936718614319707,0.11308787912776175,1.0251521853632539e-13,1.628758239391459e-10,1.628758239391459e-10,0.19213087712090113,-1.9904644555111297,0.1921308769589635,-1.990464455529518,1.6193762997218641e-10,1.8388179867656618e-11,1.6297828431988742e-10,1.6193762997218641e-10,-29.2822177265246,2.363183426723481e-09,-2.363183426723481e-09,-8.070370383092825e-11,-29.282217726769492,2.608075533316878e-09,-2.608075533316878e-09,-8.906687184300581e-11
low_energy_small_angles,rk45_strict,RK45,1e-08,1e-10,2.7984981226533168,0.07894916731174707,0.11249154990888575,0.07894916727580073,0.11249154972515475,3.594634312431566e-11,1.8373100263424647e-10,1.8373100263424647e-10,0.19112162698075752,-1.9905646278761897,0.1911216267623534,-1.9905646278996492,2.184041281161342e-10,2.3459456599539408e-11,2.196604408675227e-10,2.184041281161342e-10,-29.28221772655285,2.3914346058973024e-09,-2.3914346058973024e-09,-8.166849343258848e-11,-29.282217726747177,2.585760938700332e-09,-2.585760938700332e-09,-8.830481909048722e-11
low_energy_small_angles,rk45_strict,RK45,1e-08,1e-10,2.8035043804755944,0.0785199820149082,0.11187877565479717,0.07851998196423994,0.11187877546758583,5.066826125332824e-11,1.8721134364962921e-10,1.8721134364962921e-10,0.19008484903997694,-1.990666984767632,0.19008484880342386,-1.990666984792508,2.365530826775597e-10,2.4876101178961108e-11,2.378574811396991e-10,2.365530826775597e-10,-29.28221772657862,2.4172024382096424e-09,-2.4172024382096424e-09,-8.254847569879088e-11,-29.282217726724003,2.5625865873735165e-09,-2.5625865873735165e-09,-8.751340528620784e-11
low_energy_small_angles,rk45_strict,RK45,1e-08,1e-10,2.8085106382978724,0.07807969186335798,0.11124964444629122,0.07807969182687526,0.11124964427437323,3.648271962308769e-11,1.7191799372984207e-10,1.7191799372984207e-10,0.18902068788844362,-1.990771467213281,0.18902068768121683,-1.990771467235213,2.0722679128226673e-10,2.1932011762260117e-11,2.0838415526398366e-10,2.0722679128226673e-10,-29.282217726577727,2.4163107070762635e-09,-2.4163107070762635e-09,-8.251802270708858e-11,-29.282217726717338,2.5559216965120868e-09,-2.5559216965120868e-09,-8.728579647173166e-11
low_energy_small_angles,rk45_strict,RK45,1e-08,1e-10,2.8135168961201504,0.07762835991391995,0.11060424674254407,0.07762835991841918,0.11060424660720435,4.499234318444678e-12,1.3533972553769757e-10,1.3533972553769757e-10,0.18792929204799846,-1.9908780150006296,0.18792929191797142,-1.9908780150152192,1.3002704468689785e-10,1.4589662811204107e-11,1.3084299985460883e-10,1.3002704468689785e-10,-29.28221772655613,2.3947137606228353e-09,-2.3947137606228353e-09,-8.178047793992404e-11,-29.282217726734874,2.573457891230646e-09,-2.573457891230646e-09,-8.788466486632356e-11
low_energy_small_angles,rk45_strict,RK45,1e-08,1e-10,2.818523153942428,0.07716605069931604,0.10994267558649196,0.0771660507299362,0.1099426754701356,3.0620159185978935e-11,1.1635635510653941e-10,1.1635635510653941e-10,0.18681081405040434,-1.9909865667023905,0.18681081396527954,-1.9909865667127966,8.51247961008994e-11,1.0406120409811592e-11,8.575848793678207e-11,8.51247961008994e-11,-29.282217726532863,2.3714470387403708e-09,-2.3714470387403708e-09,-8.098590964248027e-11,-29.282217726769836,2.6084201465437218e-09,-2.6084201465437218e-09,-8.907864052904216e-11
low_energy_small_angles,rk45_strict,RK45,1e-08,1e-10,2.823529411764706,0.07669283016190688,0.10926502653421387,0.07669283018884251,0.10926502640959225,2.6935634278579812e-11,1.246216185801785e-10,1.246216185801785e-10,0.18566541030732744,-1.9910970597227204,0.18566541021030547,-1.9910970597342463,9.70219737883582e-11,1.1525891352448525e-11,9.770419422551579e-11,9.70219737883582e-11,-29.282217726525488,2.364071605143181e-09,-2.364071605143181e-09,-8.073403549597039e-11,-29.282217726800646,2.6392292795662797e-09,-2.6392292795662797e-09,-9.013078532602372e-11
low_energy_small_angles,rk45_strict,RK45,1e-08,1e-10,2.8285356695869837,0.07620876564756845,0.10857139764792205,0.07620876564777476,0.10857139749919026,2.0630719355096971e-13,1.4873179077223853e-10,1.4873179077223853e-10,0.18449324110352555,-1.991209430332233,0.18449324095587522,-1.9912094303483336,1.4765033640173897e-10,1.6100676347718945e-11,1.485255992022947e-10,1.4765033640173897e-10,-29.282217726541965,2.3805490911854577e-09,-2.3805490911854577e-09,-8.129674854583207e-11,-29.282217726799722,2.6383055740097916e-09,-2.6383055740097916e-09,-9.009924039437991e-11
low_energy_small_angles,rk45_strict,RK45,1e-08,1e-10,2.8335419274092617,0.07571392590569183,0.1078618894959614,0.07571392586056688,0.1078618893045602,4.512494544695045e-11,1.9140120044447428e-10,1.9140120044447428e-10,0.1832944706031539,-1.991323613702448,0.18329447036786936,-1.991323613726466,2.35284541849623e-10,2.4018120825530787e-11,2.365072636545795e-10,2.35284541849623e-10,-29.282217726576008,2.414591193655724e-09,-2.414591193655724e-09,-8.2459300603567e-11,-29.28221772677377,2.612353000586154e-09,-2.612353000586154e-09,-8.921294914184873e-11
low_energy_small_angles,rk45_strict,RK45,1e-08,1e-10,2.8385481852315393,0.07520838108918342,0.1071366051528101,0.07520838102139102,0.10713660494383413,6.779239669629789e-11,2.0897596153535147e-10,2.0897596153535147e-10,0.1820692668561133,-1.9914395439409303,0.18206926658073475,-1.99143954396837,2.7537855329384797e-10,2.743982818742552e-11,2.767422840571496e-10,2.7537855329384797e-10,-29.28221772660677,2.4453541414004576e-09,-2.4453541414004576e-09,-8.350986815396639e-11,-29.282217726744307,2.5828903460478614e-09,-2.5828903460478614e-09,-8.820678714907104e-11
low_energy_small_angles,rk45_strict,RK45,1e-08,1e-10,2.8435544430538173,0.07469220274469532,0.10639565018460964,0.07469220268897546,0.10639564999354603,5.571985928209955e-11,1.910636093782614e-10,1.910636093782614e-10,0.18081780178030005,-1.9915571541293717,0.18081780153475235,-1.9915571541538197,2.455476932894385e-10,2.4447999180665647e-11,2.467617765045915e-10,2.455476932894385e-10,-29.282217726607037,2.4456205949263676e-09,-2.4456205949263676e-09,-8.351896765347903e-11,-29.282217726731837,2.5704203210352716e-09,-2.5704203210352716e-09,-8.778093057187947e-11
low_energy_small_angles,rk45_strict,RK45,1e-08,1e-10,2.8485607008760954,0.07416546378626199,0.10563913260885235,0.07416546377930275,0.10563913247905957,6.959238740833484e-12,1.2979278762870194e-10,1.2979278762870194e-10,0.1795402511016253,-1.9916763763661987,0.17954025096561593,-1.9916763763804002,1.3600937043278805e-10,1.4201528841795152e-11,1.3674879256127895e-10,1.3600937043278805e-10,-29.28221772658256,2.421142397679432e-09,-2.421142397679432e-09,-8.26830269649178e-11,-29.282217726747213,2.58579646583712e-09,-2.58579646583712e-09,-8.830603235708891e-11
low_energy_small_angles,rk45_strict,RK45,1e-08,1e-10,2.853566958698373,0.07362823853527753,0.1048671629607408,0.07362823856560949,0.10486716287456789,3.033195916657405e-11,8.617291602508459e-11,8.617291602508459e-11,0.17823679446627194,-1.991797141793511,0.1782367944108222,-1.9917971418003,5.544972814242044e-11,6.789013795582832e-12,5.5863790234685536e-11,5.544972814242044e-11,-29.282217726554514,2.393097275898981e-09,-2.393097275898981e-09,-8.172527430954735e-11,-29.282217726786172,2.6247555240388465e-09,-2.6247555240388465e-09,-8.96365005124971e-11
low_energy_small_angles,rk45_strict,RK45,1e-08,1e-10,2.858573216520651,0.07308060264507123,0.10407985418948379,0.07308060267838624,0.10407985410309344,3.3315017411439385e-11,8.639035320445743e-11,8.639035320445743e-11,0.17690761526876597,-1.9919193806511826,0.1769076152160692,-1.9919193806577253,5.269676361940867e-11,6.5427663287209725e-12,5.310138121736645e-11,5.269676361940867e-11,-29.282217726542854,2.3814372696051578e-09,-2.3814372696051578e-09,-8.13270802108742e-11,-29.282217726828357,2.6669404462609236e-09,-2.6669404462609236e-09,-9.107713327533833e-11
low_energy_small_angles,rk45_strict,RK45,1e-08,1e-10,2.8635794743429286,0.07252263309244102,0.10327732164611185,0.07252263310308421,0.10327732153270132,1.0643194658932487e-11,1.1341053096636244e-10,1.1341053096636244e-10,0.17555290063779252,-1.9920430223165602,0.17555290053560152,-1.992043022327481,1.0219100565755923e-10,1.0920819804027815e-11,1.0277288524944383e-10,1.0219100565755923e-10,-29.28221772655793,2.396514986457987e-09,-2.396514986457987e-09,-8.184199055662948e-11,-29.282217726841484,2.6800677233040915e-09,-2.6800677233040915e-09,-9.152543528466109e-11
low_energy_small_angles,rk45_strict,RK45,1e-08,1e-10,2.8685857321652066,0.07195440817765308,0.10245968308347668,0.07195440813612984,0.10245968290291878,4.152324317718836e-11,1.8055790196314092e-10,1.8055790196314092e-10,0.17417284144256037,-1.992167995342803,0.1741728412215336,-1.9921679953642557,2.2102678021163058e-10,2.1452617460226975e-11,2.2206542361794033e-10,2.2102678021163058e-10,-29.282217726595267,2.4338504545085016e-09,-2.4338504545085016e-09,-8.311701242834066e-11,-29.282217726818143,2.656726394434372e-09,-2.656726394434372e-09,-9.072831912735379e-11
low_energy_small_angles,rk45_strict,RK45,1e-08,1e-10,2.873591989987484,0.07137600752444223,0.10162705865625177,0.0713760074431336,0.10162705842548168,8.130862649835535e-11,2.3077008359795315e-10,2.3077008359795315e-10,0.17276763229915168,-1.9922942274977906,0.17276763198847067,-1.992294227527001,3.1068100869724447e-10,2.921041186709772e-11,3.120511774157931e-10,3.1068100869724447e-10,-29.28221772663473,2.4733139980526175e-09,-2.4733139980526175e-09,-8.446470896949279e-11,-29.28221772678144,2.6200233094186842e-09,-2.6200233094186842e-09,-8.94748934011526e-11
low_energy_small_angles,rk45_strict,RK45,1e-08,1e-10,2.8785982478097623,0.0707875120768179,0.10077957091526166,0.07078751199137412,0.10077957068272034,8.544377705366202e-11,2.3254131953365231e-10,2.3254131953365231e-10,0.17133747156801896,-1.9924216458043829,0.17133747125142776,-1.992421645833822,3.1659119770210964e-10,2.94391178101705e-11,3.179569909907586e-10,3.1659119770210964e-10,-29.282217726645243,2.4838264778281882e-09,-2.4838264778281882e-09,-8.48237145569315e-11,-29.282217726756066,2.594649828324691e-09,-2.594649828324691e-09,-8.86083783942289e-11
low_energy_small_angles,rk45_strict,RK45,1e-08,1e-10,2.8836045056320403,0.07018900405742882,0.0999173447333865,0.07018900401992974,0.0999173445793098,3.7499087168768597e-11,1.54076695846328e-10,1.54076695846328e-10,0.169882561245016,-1.992550176590704,0.16988256105430102,-1.9925501766087033,1.9071497159295348e-10,1.7999157719827963e-11,1.9156244430556918e-10,1.9071497159295348e-10,-29.282217726622342,2.46092568545464e-09,-2.46092568545464e-09,-8.404164290548509e-11,-29.282217726759345,2.597928983050224e-09,-2.597928983050224e-09,-8.872036290156446e-11
low_energy_small_angles,rk45_strict,RK45,1e-08,1e-10,2.888610763454318,0.06958056702365116,0.09904050741131948,0.06958056703967838,0.09904050734226966,1.6027221216852183e-11,6.904982141620053e-11,6.904982141620053e-11,0.16840310712879836,-1.9926797455158343,0.16840310707607536,-1.9926797455215475,5.272299263836544e-11,5.7132076847210556e-12,5.3031638620675224e-11,5.272299263836544e-11,-29.282217726588538,2.4271216148008534e-09,-2.4271216148008534e-09,-8.288721973398145e-11,-29.28221772679408,2.6326638646878564e-09,-2.6326638646878564e-09,-8.990657365803227e-11
low_energy_small_angles,rk45_strict,RK45,1e-08,1e-10,2.893617021276596,0.0689622857959369,0.09814918855834136,0.0689622858332974,0.09814918852096383,3.736050357971976e-11,3.737753162535995e-11,3.737753162535995e-11,0.16689931863690882,-1.9928102776276142,0.16689931863698287,-1.9928102776287027,7.405187574249794e-14,1.0884626533425035e-12,1.090978747740938e-12,3.727169961553756e-11,-29.282217726567062,2.4056454606125044e-09,-2.4056454606125044e-09,-8.215380007326263e-11,-29.282217726845843,2.6844269029879797e-09,-2.6844269029879797e-09,-9.167430309668788e-11
low_energy_small_angles,rk45_strict,RK45,1e-08,1e-10,2.8986232790988735,0.06833424643304846,0.09724352004902091,0.06833424645526395,0.09724351998710105,2.2215493333810343e-11,6.191985812975531e-11,6.191985812975531e-11,0.1653714087440703,-1.9929416974094698,0.16537140870460662,-1.9929416974139649,3.946368232199404e-11,4.495070982102334e-12,3.971886057712889e-11,3.946368232199404e-11,-29.28221772657336,2.4119444219650177e-09,-2.4119444219650177e-09,-8.236891224174145e-11,-29.282217726884863,2.7234463573222456e-09,-2.7234463573222456e-09,-9.300683380531895e-11
low_energy_small_angles,rk45_strict,RK45,1e-08,1e-10,2.9036295369211516,0.06769653623205828,0.09632363602321425,0.06769653621385609,0.09632363589899334,1.8202189755456288e-11,1.2422091133501567e-10,1.2422091133501567e-10,0.16381959398819113,-1.9930739288215238,0.16381959384638556,-1.993073928834702,1.4180556728859983e-10,1.3178125257695683e-11,1.4241657873769168e-10,1.4180556728859983e-10,-29.282217726608422,2.4470061532611e-09,-2.4470061532611e-09,-8.356628505094476e-11,-29.282217726879523,2.7181066286630085e-09,-2.7181066286630085e-09,-9.282447983508563e-11
low_energy_small_angles,rk45_strict,RK45,1e-08,1e-10,2.908635794743429,0.06704924372834928,0.0953896728860655,0.06704924365110053,0.09538967266347768,7.724874906411827e-11,2.2258780929540478e-10,2.2258780929540478e-10,0.16224409447630067,-1.993206895342139,0.16224409417764962,-1.993206895368515,2.986510483360405e-10,2.6376012485229694e-11,2.9981351321586056e-10,2.986510483360405e-10,-29.282217726656505,2.495088580189986e-09,-2.495088580189986e-09,-8.520832006966577e-11,-29.28221772684259,2.6811726172581984e-09,-2.6811726172581984e-09,-9.15631678759735e-11
low_energy_small_angles,rk45_strict,RK45,1e-08,1e-10,2.913642052565707,0.06639245869561435,0.09444176930800609,0.06639245858800029,0.09444176903560157,1.076140565547945e-10,2.724045156110577e-10,2.724045156110577e-10,0.16064513389040289,-1.9933405200098806,0.16064513351183532,-1.9933405200427083,3.7856756618381837e-10,3.2827740525931404e-11,3.7998824023169134e-10,3.7856756618381837e-10,-29.282217726687392,2.5259758729134774e-09,-2.5259758729134774e-09,-8.626313405317105e-11,-29.28221772680206,2.6406432596104423e-09,-2.6406432596104423e-09,-9.017907333677081e-11
low_energy_small_angles,rk45_strict,RK45,1e-08,1e-10,2.9186483103879852,0.06572627211915376,0.09348006616869131,0.06572627203328825,0.0934800659420824,8.586550914735369e-11,2.2660891219050683e-10,2.2660891219050683e-10,0.15902293941078016,-1.993474725472868,0.1590229390994805,-1.9934747254996603,3.112996527221412e-10,2.6792346119464128e-11,3.124504818295387e-10,3.112996527221412e-10,-29.282217726675707,2.5142909976239025e-09,-2.5142909976239025e-09,-8.586409066787671e-11,-29.282217726783248,2.6218316406811937e-09,-2.6218316406811937e-09,-8.953664867117839e-11
low_energy_small_angles,rk45_strict,RK45,1e-08,1e-10,2.923654568210263,0.06505077620034477,0.09250470657057891,0.0650507761775194,0.09250470646966102,2.2825366596812557e-11,1.0091788515964595e-10,1.0091788515964595e-10,0.15737774173961627,-1.993609434029623,0.1573777416163528,-1.993609434040429,1.2326348275415455e-10,1.0805800698676649e-11,1.2373621745238245e-10,1.2326348275415455e-10,-29.282217726639807,2.4783908258996235e-09,-2.4783908258996235e-09,-8.463808476687364e-11,-29.28221772679975,2.638333995719222e-09,-2.638333995719222e-09,-9.010021100766126e-11
low_energy_small_angles,rk45_strict,RK45,1e-08,1e-10,2.928660826032541,0.06436606436775878,0.09151583587154903,0.0643660643930706,0.09151583586510156,2.5311822082763058e-11,6.447467559844711e-12,2.5311822082763058e-11,0.1557097751501214,-1.993744567668207,0.15570977516896034,-1.993744567667168,1.883893041565443e-11,1.0391687510491465e-12,1.8867569289630995e-11,2.5259405678212943e-11,-29.282217726605474,2.4440574009076954e-09,-2.4440574009076954e-09,-8.346558392300487e-11,-29.28221772684813,2.6867148505971272e-09,-2.6867148505971272e-09,-9.175243746583641e-11
low_energy_small_angles,rk45_strict,RK45,1e-08,1e-10,2.9336670838548184,0.0636722312008079,0.09051360152639212,0.06367223123414102,0.09051360153519199,3.333312792452858e-11,8.799863615571724e-12,3.333312792452858e-11,0.1540192772579258,-1.9938800481287908,0.1540192772999552,-1.9938800481258745,4.202940773190278e-11,2.916333841085361e-12,4.213046543022268e-11,4.202940773190278e-11,-29.28221772659485,2.433434787008082e-09,-2.433434787008082e-09,-8.310281720910094e-11,-29.282217726907167,2.745750293797755e-09,-2.745750293797755e-09,-9.376852257785703e-11
low_energy_small_angles,rk45_strict,RK45,1e-08,1e-10,2.9386733416770965,0.06296937242846717,0.08949815308412712,0.06296937243675163,0.08949815304674338,8.284456454177302e-12,3.738373499651004e-11,3.738373499651004e-11,0.15230648902238408,-1.994015796946631,0.15230648899341803,-1.9940157969494512,2.8966051779377722e-11,2.8201885271528226e-12,2.9103017352403096e-11,2.8966051779377722e-11,-29.282217726617684,2.4562680778217327e-09,-2.4562680778217327e-09,-8.388258365400414e-11,-29.28221772694161,2.780193852913726e-09,-2.780193852913726e-09,-9.494478454819102e-11
low_energy_small_angles,rk45_strict,RK45,1e-08,1e-10,2.943679599499374,0.06225758492927508,0.0884696421880023,0.06225758488561837,0.08846964204954975,4.36567101913532e-11,1.3845254109856597e-10,1.3845254109856597e-10,0.15057165475170267,-1.9941517354949916,0.15057165457021948,-1.9941517355099405,1.8148318958743914e-10,1.4948930981972808e-11,1.820978271159054e-10,1.8148318958743914e-10,-29.282217726666783,2.5053665808627557e-09,-2.5053665808627557e-09,-8.555931809753335e-11,-29.28221772692507,2.763652418025231e-09,-2.763652418025231e-09,-9.43798876184463e-11
low_energy_small_angles,rk45_strict,RK45,1e-08,1e-10,2.948685857321652,0.06153696673133305,0.08742822257549442,0.06153696662852102,0.08742822231542423,1.0281202972306502e-10,2.6007018760765277e-10,2.6007018760765277e-10,0.14881502210793449,-1.994287785028333,0.14881502174624017,-1.994287785057364,3.616943133888384e-10,2.9030999826318293e-11,3.628575137553843e-10,3.616943133888384e-10,-29.282217726718017,2.5566002648247377e-09,-2.5566002648247377e-09,-8.730896986382385e-11,-29.28221772688032,2.7189024365270598e-09,-2.7189024365270598e-09,-9.285165700696339e-11
low_energy_small_angles,rk45_strict,RK45,1e-08,1e-10,2.95369211514393,0.060807617010532757,0.08637405007397782,0.0608076168832367,0.08637404976389133,1.2729605564087976e-10,3.100864842675577e-10,3.100864842675577e-10,0.14703684210575477,-1.99442386672624,0.14703684166976347,-1.9944238667607261,4.3599129861959796e-10,3.448619168011646e-11,4.3735307234384576e-10,4.3599129861959796e-10,-29.282217726735276,2.5738593478763505e-09,-2.5738593478763505e-09,-8.789837477892262e-11,-29.28221772683812,2.6767033034502674e-09,-2.6767033034502674e-09,-9.141053893748147e-11
low_energy_small_angles,rk45_strict,RK45,1e-08,1e-10,2.9586983729662077,0.06006963604234533,0.08530728248429038,0.06006963595746046,0.08530728227709619,8.4884869966384e-11,2.0719419235870618e-10,2.0719419235870618e-10,0.14523736895304173,-1.9945599017498918,0.14523736866186923,-1.9945599017726414,2.911725027754386e-10,2.2749579997594083e-11,2.920598735920081e-10,2.911725027754386e-10,-29.282217726709554,2.548137700841835e-09,-2.548137700841835e-09,-8.701996975930239e-11,-29.28221772682378,2.6623645510426286e-09,-2.6623645510426286e-09,-9.092086453704125e-11
low_energy_small_angles,rk45_strict,RK45,1e-08,1e-10,2.963704630788486,0.05932312526593032,0.08422807974608552,0.05932312524803225,0.08422807969800339,1.789806497454194e-11,4.8082135495342015e-11,4.8082135495342015e-11,0.14341686028414108,-1.9946958112674191,0.14341686021836283,-1.9946958112725255,6.577824396281073e-11,5.106359779460945e-12,6.597614939528028e-11,6.577824396281073e-11,-29.282217726667074,2.5056579033844173e-09,-2.5056579033844173e-09,-8.556926688366717e-11,-29.28221772684851,2.687094990960759e-09,-2.687094990960759e-09,-9.176541941847445e-11
low_energy_small_angles,rk45_strict,RK45,1e-08,1e-10,2.9687108886107634,0.058568187216067234,0.08313660377714403,0.0585681872409374,0.08313660383039773,2.4870168424673267e-11,5.325369312192407e-11,5.325369312192407e-11,0.14157557693621875,-1.994831516515628,0.14157557701411605,-1.99483151650975,7.789729972174086e-11,5.877964781575429e-12,7.811875430338204e-11,7.789729972174086e-11,-29.28221772663541,2.4739925663652684e-09,-2.4739925663652684e-09,-8.448788236158499e-11,-29.282217726905237,2.7438211702701665e-09,-2.7438211702701665e-09,-9.370264220138552e-11
low_energy_small_angles,rk45_strict,RK45,1e-08,1e-10,2.9737171464330414,0.05780492548609283,0.08203301838308552,0.05780492551130606,0.0820330184388833,2.521322733928244e-11,5.579778306064043e-11,5.579778306064043e-11,0.13971378282646368,-1.9949669388529885,0.13971378290724495,-1.9949669388469597,8.07812705616584e-11,6.028733068319525e-12,8.100592136359482e-11,8.07812705616584e-11,-29.28221772663463,2.473214522069611e-09,-2.473214522069611e-09,-8.446131182300807e-11,-29.282217726969012,2.8075959335183143e-09,-2.8075959335183143e-09,-9.588057707807096e-11
low_energy_small_angles,rk45_strict,RK45,1e-08,1e-10,2.978723404255319,0.057033444727901596,0.08091748925736914,0.057033444723413755,0.08091748924888444,4.4878406546544625e-12,8.484699054456257e-12,8.484699054456257e-12,0.1378317449560628,-1.9951019998025923,0.1378317449431253,-1.9951019998035338,1.293748441710818e-11,9.414691248821327e-13,1.2971694845162807e-11,1.293748441710818e-11,-29.282217726669785,2.508368623921342e-09,-2.508368623921342e-09,-8.566183912537577e-11,-29.282217727002006,2.8405899854533345e-09,-2.8405899854533345e-09,-9.700733777105618e-11
low_energy_small_angles,rk45_strict,RK45,1e-08,1e-10,2.983729662077597,0.056253850651945214,0.07979018398129277,0.056253850590988315,0.07979018384116086,6.095689925045278e-11,1.401319060789774e-10,1.401319060789774e-10,0.1359297334140021,-1.995236621095223,0.13592973321345558,-1.9952366211098196,2.0054652383194593e-10,1.4596546193956783e-11,2.0107701853237622e-10,2.0054652383194593e-10,-29.28221772672781,2.5663950964371907e-09,-2.5663950964371907e-09,-8.764346746590851e-11,-29.282217726980914,2.819497524342296e-09,-2.819497524342296e-09,-9.628702138963556e-11
low_energy_small_angles,rk45_strict,RK45,1e-08,1e-10,2.988735919899875,0.05546625002723305,0.07865127202399384,0.055466249907731406,0.07865127174105488,1.195016446908781e-10,2.8293896392472817e-10,2.8293896392472817e-10,0.13400802138069487,-1.995370724712524,0.1340080209793127,-1.9953707247413797,4.0138217749507987e-10,2.885558458842752e-11,4.024180626818728e-10,4.0138217749507987e-10,-29.282217726779024,2.6176074641171e-09,-2.6176074641171e-09,-8.9392391272238e-11,-29.282217726932632,2.771216145447397e-09,-2.771216145447397e-09,-9.463819207794512e-11
low_energy_small_angles,rk45_strict,RK45,1e-08,1e-10,2.9937421777221527,0.05467075067354119,0.07750092472093038,0.05467075053541923,0.07750092439431407,1.3812196525408993e-10,3.266163173254455e-10,3.266163173254455e-10,0.13206688510219367,-1.9955042329323418,0.13206688463864213,-1.9955042329651769,4.6355153049404407e-10,3.283506799789393e-11,4.647129900420226e-10,4.6355153049404407e-10,-29.282217726785927,2.6245103867950093e-09,-2.6245103867950093e-09,-8.962812897294547e-11,-29.282217726889627,2.728210546365517e-09,-2.728210546365517e-09,-9.316953285660495e-11
low_energy_small_angles,rk45_strict,RK45,1e-08,1e-10,2.9987484355444307,0.05386746141838457,0.07633931515818566,0.053867461331289966,0.07633931497356818,8.709460236344668e-11,1.8461748796383404e-10,1.8461748796383404e-10,0.13010660373511565,-1.9956370683830282,0.13010660346406758,-1.9956370684017974,2.710480728751463e-10,1.876920840970797e-11,2.7169714940289246e-10,2.710480728751463e-10,-29.282217726752183,2.590766712273762e-09,-2.590766712273762e-09,-8.847576835466469e-11,-29.282217726877242,2.7158257864812185e-09,-2.7158257864812185e-09,-9.274658811925743e-11
low_energy_small_angles,rk45_strict,RK45,1e-08,1e-10,3.0037546933667083,0.05305649216808855,0.07516661837851282,0.053056492147926695,0.07516661837801517,2.0161851355116056e-11,4.976574707882264e-13,2.0161851355116056e-11,0.12812745962607522,-1.995769154066561,0.1281274596054455,-1.9957691540676674,2.062972015437481e-11,1.106448266341431e-12,2.0659370305358005e-11,2.062972015437481e-11,-29.28221772670701,2.5455939578478137e-09,-2.5455939578478137e-09,-8.693309987062171e-11,-29.282217726905568,2.744151572642295e-09,-2.744151572642295e-09,-9.371392558078119e-11
low_energy_small_angles,rk45_strict,RK45,1e-08,1e-10,3.0087609511889863,0.05223795381431221,0.07398301112509577,0.052237953833256794,0.07398301123342044,1.8944582014235323e-11,1.0832466867949364e-10,1.0832466867949364e-10,0.12612973796570803,-1.995900413426237,0.1261297380926551,-1.995900413417241,1.2694706397198274e-10,8.996137168537643e-12,1.2726542160014174e-10,1.2694706397198274e-10,-29.282217726678454,2.5170372452976153e-09,-2.5170372452976153e-09,-8.5957876176187e-11,-29.28221772696592,2.804505072617758e-09,-2.804505072617758e-09,-9.577502288372433e-11
low_energy_small_angles,rk45_strict,RK45,1e-08,1e-10,3.0137672090112644,0.051411958215029224,0.07278867178890178,0.05141195823055243,0.07278867189211753,1.5523207719247978e-11,1.0321575538707606e-10,1.0321575538707606e-10,0.12411372671974868,-1.9960307703934785,0.12411372683819383,-1.9960307703851745,1.18445142582857e-10,8.304024134986321e-12,1.1873587755311263e-10,1.18445142582857e-10,-29.282217726684774,2.5233575229322014e-09,-2.5233575229322014e-09,-8.617371630462684e-11,-29.282217727031874,2.8704576493510103e-09,-2.8704576493510103e-09,-9.802733100309309e-11
low_energy_small_angles,rk45_strict,RK45,1e-08,1e-10,3.018773466833542,0.05057861819452761,0.07158378040868103,0.05057861817843039,0.07158378043300781,1.60972207785548e-11,2.4326776704164388e-11,2.4326776704164388e-11,0.1220797166313825,-1.996160149429402,0.12207971663957036,-1.9961601494284755,8.187853173247106e-12,9.263700917472306e-13,8.240091087696572e-12,1.6076633080341907e-11,-29.282217726727758,2.5663418057320087e-09,-2.5663418057320087e-09,-8.764164756600598e-11,-29.282217727064893,2.903476570281782e-09,-2.903476570281782e-09,-9.91549409826995e-11
low_energy_small_angles,rk45_strict,RK45,1e-08,1e-10,3.02377972465582,0.04973804754340954,0.0703685186709665,0.049738047470543,0.07036851854311003,7.286653919136299e-11,1.2785646152924102e-10,1.2785646152924102e-10,0.12002800122339422,-1.996288475566327,0.12002800102307776,-1.9962884755789396,2.0031645786566799e-10,1.2612577648951628e-11,2.0071312963231572e-10,2.0031645786566799e-10,-29.282217726790616,2.629199968851026e-09,-2.629199968851026e-09,-8.978828016436794e-11,-29.282217727043086,2.8816700137213047e-09,-2.8816700137213047e-09,-9.8410237942585e-11
low_energy_small_angles,rk45_strict,RK45,1e-08,1e-10,3.0287859824780976,0.04889036101859184,0.06914306991007449,0.04889036088873824,0.06914306962380797,1.298536000948758e-10,2.862665243741347e-10,2.862665243741347e-10,0.1179588768001114,-1.9964156744492179,0.11795887638483044,-1.9964156744753414,4.1528096239584755e-10,2.6123547769429933e-11,4.161018114313888e-10,4.1528096239584755e-10,-29.282217726840404,2.678987698345736e-09,-2.678987698345736e-09,-9.148855197996985e-11,-29.282217726995018,2.833601797647134e-09,-2.833601797647134e-09,-9.676868823050467e-11
low_energy_small_angles,rk45_strict,RK45,1e-08,1e-10,3.0337922403003756,0.04803567433005141,0.06790761906813565,0.04803567418663042,0.06790761874738005,1.4342099036168676e-10,3.207556026341152e-10,3.207556026341152e-10,0.11587264239602149,-1.9965416723803782,0.11587264193274963,-1.99654167240903,4.63271865314141e-10,2.865174764110634e-11,4.6415702497595925e-10,4.63271865314141e-10,-29.282217726840614,2.6791973084527854e-09,-2.6791973084527854e-09,-9.149571025291979e-11,-29.282217726953387,2.7919710987589497e-09,-2.7919710987589497e-09,-9.534698242664972e-11
low_energy_small_angles,rk45_strict,RK45,1e-08,1e-10,3.0387984981226532,0.04717410410878469,0.06666235260291387,0.04717410401936257,0.06666235244892645,8.942212248452819e-11,1.5398742003736032e-10,1.5398742003736032e-10,0.11376959965329178,-1.9966663963680467,0.11376959941032375,-1.996666396382521,2.429680345805707e-10,1.4474421661248016e-11,2.4339879767651484e-10,2.429680345805707e-10,-29.282217726803424,2.6420075016631017e-09,-2.6420075016631017e-09,-9.022566277427552e-11,-29.282217726942893,2.781476382551773e-09,-2.781476382551773e-09,-9.498858347251186e-11
low_energy_small_angles,rk45_strict,RK45,1e-08,1e-10,3.0438047559449313,0.046305767968420265,0.06540745868162892,0.04630576794354673,0.0654074587261931,2.4873533788216662e-11,4.456417179721228e-11,4.456417179721228e-11,0.11165005307796669,-1.9967897741509757,0.11165005309758869,-1.9967897741492144,1.962199847049817e-11,1.7612578062653483e-12,1.9700884574971835e-11,2.484687455783785e-11,-29.282217726758873,2.5974564721309434e-09,-2.5974564721309434e-09,-8.870422645576205e-11,-29.282217726972576,2.811159305338151e-09,-2.811159305338151e-09,-9.600226771822e-11
low_energy_small_angles,rk45_strict,RK45,1e-08,1e-10,3.0488110137672093,0.045430784407103166,0.06414312688421854,0.04543078441726454,0.0641431270395725,1.0161371744032976e-11,1.553539658027958e-10,1.553539658027958e-10,0.10951430964694471,-1.9969117342633451,0.10951430981213009,-1.9969117342529257,1.651853792639102e-10,1.0419443086107094e-11,1.6551366806637595e-10,1.651853792639102e-10,-29.282217726734366,2.5729498531745776e-09,-2.5729498531745776e-09,-8.786731515391946e-11,-29.282217727032783,2.8713671440527833e-09,-2.8713671440527833e-09,-9.805839062809624e-11
low_energy_small_angles,rk45_strict,RK45,1e-08,1e-10,3.053817271589487,0.0445492727964379,0.0628695481698139,0.04454927280006696,0.06286954831210347,3.6290553895312883e-12,1.4228956901618517e-10,1.4228956901618517e-10,0.10736267876423367,-1.997032206076341,0.10736267890986756,-1.9970322060672396,1.4563389383326353e-10,9.101386311272108e-12,1.4591801213635446e-10,1.4563389383326353e-10,-29.28221772674611,2.584695124596692e-09,-2.584695124596692e-09,-8.826842109243665e-11,-29.28221772709662,2.9352023034334707e-09,-2.9352023034334707e-09,-1.0023838805800455e-10
low_energy_small_angles,rk45_strict,RK45,1e-08,1e-10,3.058823529411765,0.04366135338148822,0.06158691487673925,0.043661353352958926,0.06158691492942297,2.852929698038409e-11,5.2683718498869325e-11,5.2683718498869325e-11,0.10519547226147721,-1.9971511198366687,0.10519547228555894,-1.9971511198346712,2.4081722727054e-11,1.9975132659055816e-12,2.4164424858667296e-11,2.8502103455174677e-11,-29.28221772679328,2.6318645041101263e-09,-2.6318645041101263e-09,-8.987927515949435e-11,-29.282217727126035,2.964618772693939e-09,-2.964618772693939e-09,-1.0124297280420005e-10
low_energy_small_angles,rk45_strict,RK45,1e-08,1e-10,3.0638297872340425,0.04276714728077768,0.060295420722512746,0.04276714719557215,0.06029542060652526,8.520553013147136e-11,1.159874835066077e-10,1.159874835066077e-10,0.10301300439826576,-1.9972684067048427,0.10301300419736142,-1.997268406715475,2.0090433483499481e-10,1.0632161817625274e-11,2.011854731843427e-10,2.0090433483499481e-10,-29.282217726856555,2.6951383347295632e-09,-2.6951383347295632e-09,-9.204010297709603e-11,-29.28221772710343,2.9420128555557312e-09,-2.9420128555557312e-09,-1.0047097126554763e-10
low_energy_small_angles,rk45_strict,RK45,1e-08,1e-10,3.0688360450563206,0.041866776486288976,0.05899526080384552,0.04186677634848272,0.05899526052805766,1.3780625252035605e-10,2.7578785782855775e-10,2.7578785782855775e-10,0.10081559186222586,-1.997383998793241,0.1008155914492323,-1.9973839988152695,4.1299355602042453e-10,2.2028601165402506e-11,4.135806288786987e-10,4.1299355602042453e-10,-29.282217726901255,2.739838578236231e-09,-2.739838578236231e-09,-9.356663501533658e-11,-29.282217727058374,2.8969573406811833e-09,-2.8969573406811833e-09,-9.893230656129022e-11
low_energy_small_angles,rk45_strict,RK45,1e-08,1e-10,3.073842302878598,0.04096036384369136,0.057686631534370925,0.040960363701022934,0.057686631248429314,1.426684256844446e-10,2.8594161066708423e-10,2.8594161066708423e-10,0.09860355368696846,-1.9974978292083054,0.09860355325895373,-1.9974978292306336,4.280147347657248e-10,2.2328139337446373e-11,4.2859673235203995e-10,4.280147347657248e-10,-29.28221772689495,2.7335325114563602e-09,-2.7335325114563602e-09,-9.335128019353743e-11,-29.28221772702198,2.860563341755551e-09,-2.860563341755551e-09,-9.76894362545237e-11
low_energy_small_angles,rk45_strict,RK45,1e-08,1e-10,3.078848560700876,0.04004803303693067,0.056369730601433514,0.040048032950327814,0.05636973049960366,8.660285683026459e-11,1.0182985704654257e-10,1.0182985704654257e-10,0.09637721119317345,-1.9976098320906337,0.09637721100497193,-1.9976098320998381,1.8820152380971678e-10,9.204415007957323e-12,1.8842647059247833e-10,1.8820152380971678e-10,-29.282217726857343,2.695927037166257e-09,-2.695927037166257e-09,-9.206703749565345e-11,-29.282217727016533,2.8551170316859498e-09,-2.8551170316859498e-09,-9.750344248448534e-11
low_energy_small_angles,rk45_strict,RK45,1e-08,1e-10,3.0838548185231542,0.03912990862869564,0.05504475709724801,0.03912990860133573,0.05504475719109915,2.735991294633422e-11,9.385114213555923e-11,9.385114213555923e-11,0.09413688815937185,-1.9977199426425734,0.09413688822574187,-1.9977199426384802,6.637002059051156e-11,4.093170247188027e-12,6.649611775026715e-11,6.637002059051156e-11,-29.282217726817397,2.655980324561824e-09,-2.655980324561824e-09,-9.07028405287184e-11,-29.282217727048565,2.887148298214015e-09,-2.887148298214015e-09,-9.859732365256488e-11
low_energy_small_angles,rk45_strict,RK45,1e-08,1e-10,3.088861076345432,0.0382061159668773,0.05371191122093452,0.038206115966788114,0.05371191140998901,8.918560334691961e-14,1.8905448734285457e-10,1.8905448734285457e-10,0.09188291043016165,-1.9978280971849371,0.09188291061885438,-1.997828097174791,1.8869272810917437e-10,1.014610617744438e-11,1.8896531192747195e-10,1.8869272810917437e-10,-29.282217726800134,2.6387176887965325e-09,-2.6387176887965325e-09,-9.011331428695946e-11,-29.28221772710644,2.9450220040416752e-09,-2.9450220040416752e-09,-1.0057373494671039e-10
low_energy_small_angles,rk45_strict,RK45,1e-08,1e-10,3.09386733416771,0.03727678117949616,0.0523713942624044,0.037276781167229225,0.0523713944209008,1.2266937465810202e-11,1.5849640350174e-10,1.5849640350174e-10,0.08961560589392631,-1.9979342331924517,0.08961560603994699,-1.997934233184612,1.4602068165725512e-10,7.83972886608808e-12,1.4623098447436923e-10,1.4602068165725512e-10,-29.28221772681832,2.6569040301183122e-09,-2.6569040301183122e-09,-9.073438546036221e-11,-29.282217727162497,3.0010802731794683e-09,-3.0010802731794683e-09,-1.0248814831750977e-10
low_energy_small_angles,rk45_strict,RK45,1e-08,1e-10,3.0988735919899875,0.03634203117470279,0.05102340860236108,0.036342031129157536,0.0510234086601469,4.554525506739182e-11,5.7785824736367175e-11,5.7785824736367175e-11,0.08733530448149593,-1.9980382893276802,0.08733530449369137,-1.998038289326388,1.2195439103024341e-11,1.2922996006636822e-12,1.2263717754965281e-11,4.551518190121229e-11,-29.282217726867543,2.706126878138093e-09,-2.706126878138093e-09,-9.241536633699731e-11,-29.282217727180278,3.018861605141865e-09,-3.018861605141865e-09,-1.030953882516533e-10
low_energy_small_angles,rk45_strict,RK45,1e-08,1e-10,3.1038798498122655,0.035401993640777146,0.049668157712299106,0.03540199353781625,0.04966815758817117,1.0296089675287945e-10,1.2412793709559722e-10,1.2412793709559722e-10,0.08504233816459306,-1.998140205474575,0.08504233793772181,-1.9981402054843818,2.2687124401343794e-10,9.806822021118933e-12,2.270831017895405e-10,2.2687124401343794e-10,-29.282217726925715,2.7642990119147726e-09,-2.7642990119147726e-09,-9.440196907059698e-11,-29.282217727154283,2.9928663991540816e-09,-2.9928663991540816e-09,-1.022076410792001e-10
low_energy_small_angles,rk45_strict,RK45,1e-08,1e-10,3.108886107634543,0.03445679704612925,0.0483058461545051,0.03445679689999618,0.04830584589371145,1.461330709218167e-10,2.6079365056386195e-10,2.6079365056386195e-10,0.0827370409540706,-1.9982399227716425,0.08273704054753483,-1.9982399227892695,4.065357633864508e-10,1.762701096197361e-11,4.069177293110462e-10,4.065357633864508e-10,-29.28221772695712,2.795705000835369e-09,-2.795705000835369e-09,-9.547449674648686e-11,-29.282217727114404,2.952987188109546e-09,-2.952987188109546e-09,-1.0084574931880824e-10
low_energy_small_angles,rk45_strict,RK45,1e-08,1e-10,3.113892365456821,0.033506570604962455,0.04693667947471338,0.033506570472764716,0.04693667926346594,1.3219773886685715e-10,2.1124744314926502e-10,2.1124744314926502e-10,0.08041974875639452,-1.9983373836509026,0.08041974841325619,-1.998337383665243,3.431383233110097e-10,1.4340306719873297e-11,3.4343784491740433e-10,3.431383233110097e-10,-29.282217726941695,2.7802791180420172e-09,-2.7802791180420172e-09,-9.494769638803506e-11,-29.282217727088145,2.9267290813095315e-09,-2.9267290813095315e-09,-9.994902397350258e-11
low_energy_small_angles,rk45_strict,RK45,1e-08,1e-10,3.118898623279099,0.032551444301044445,0.04556086428243011,0.03255144422702851,0.04556086426552339,7.40159322720757e-11,1.690671908027852e-11,7.40159322720757e-11,0.07809079947542158,-1.9984325318649148,0.07809079938455568,-1.9984325318680938,9.086589813911417e-11,3.1790126087116732e-12,9.092149122069115e-11,9.086589813911417e-11,-29.282217726905728,2.744311444757841e-09,-2.744311444757841e-09,-9.371938528048878e-11,-29.282217727092764,2.931347609091972e-09,-2.931347609091972e-09,-1.0010674863172167e-10
low_energy_small_angles,rk45_strict,RK45,1e-08,1e-10,3.1239048811013768,0.031591548872992974,0.04417860820043204,0.031591548847533256,0.04417860834936274,2.5459717667430937e-11,1.4893070110488793e-10,1.4893070110488793e-10,0.07575053294484389,-1.9985253125211668,0.07575053306818227,-1.9985253125153937,1.2333838117495333e-10,5.773159728050814e-12,1.2347342080020165e-10,1.2333838117495333e-10,-29.28221772687521,2.7137936342569446e-09,-2.7137936342569446e-09,-9.267718926964102e-11,-29.282217727129623,2.9682070135095273e-09,-2.9682070135095273e-09,-1.0136551273097027e-10
low_energy_small_angles,rk45_strict,RK45,1e-08,1e-10,3.128911138923655,0.03062701574551749,0.04279011964542855,0.030627015732863368,0.04279011984585279,1.2654120806754321e-11,2.0042423970467738e-10,2.0042423970467738e-10,0.07339929063770764,-1.9986156721244015,0.07339929082530024,-1.9986156721162154,1.875925942362855e-10,8.18611844977113e-12,1.8777112117568381e-10,1.875925942362855e-10,-29.28221772687033,2.7089122056622728e-09,-2.7089122056622728e-09,-9.251048643856945e-11,-29.28221772718303,3.0216149582429352e-09,-3.0216149582429352e-09,-1.0318941641328392e-10
low_energy_small_angles,rk45_strict,RK45,1e-08,1e-10,3.1339173967459324,0.02965797702924357,0.04139560782750476,0.029657976995442637,0.041395607967253015,3.38009342737422e-11,1.3974825463503038e-10,1.3974825463503038e-10,0.07103741566278887,-1.9987035586051645,0.07103741576863135,-1.9987035586003836,1.0584247367440014e-10,4.780842388640849e-12,1.0595039257813589e-10,1.0584247367440014e-10,-29.28221772689765,2.7362325738522486e-09,-2.7362325738522486e-09,-9.344348845526551e-11,-29.282217727223564,3.06214786860437e-09,-3.06214786860437e-09,-1.0457363227914678e-10
low_energy_small_angles,rk45_strict,RK45,1e-08,1e-10,3.1389236545682104,0.02868456552071224,0.0399952827501205,0.028684565447475788,0.03999528276438862,7.323645162538028e-11,1.426812140659095e-11,7.323645162538028e-11,0.06866525276150788,-1.9987889213478343,0.06866525270255827,-1.9987889213493641,5.894960908303659e-11,1.5298873279334657e-12,5.896945791067611e-11,7.320632641749647e-11,-29.282217726946836,2.7854198947352415e-09,-2.7854198947352415e-09,-9.512325606529894e-11,-29.28221772722167,3.0602542722135695e-09,-3.0602542722135695e-09,-1.0450896516927694e-10
low_energy_small_angles,rk45_strict,RK45,1e-08,1e-10,3.143929912390488,0.027706914702380635,0.0385893552101114,0.027706914576692786,0.038589355056613484,1.256878490174529e-10,1.534979157669092e-10,1.534979157669092e-10,0.06628314830465871,-1.9988717112181487,0.06628314802563547,-1.9988717112275527,2.7902324895023867e-10,9.404033107784926e-12,2.791816779329173e-10,2.7902324895023867e-10,-29.282217726991796,2.830379486340462e-09,-2.830379486340462e-09,-9.66586449497318e-11,-29.282217727192,3.0305820075682277e-09,-3.0305820075682277e-09,-1.0349564490354931e-10
low_energy_small_angles,rk45_strict,RK45,1e-08,1e-10,3.148936170212766,0.0267251587361936,0.0371780367784143,0.02672515858952416,0.03717803656050332,1.4666944048169483e-10,2.179109809263835e-10,2.179109809263835e-10,0.0638914502632644,-1.9989518805911133,0.06389144989888693,-1.9989518806031321,3.6437747263917686e-10,1.2018830375382095e-11,3.645756366661194e-10,3.6437747263917686e-10,-29.282217726999132,2.837715840087185e-09,-2.837715840087185e-09,-9.690918450297984e-11,-29.282217727161328,2.999911430379143e-09,-2.999911430379143e-09,-1.0244823184631431e-10
low_energy_small_angles,rk45_strict,RK45,1e-08,1e-10,3.153942428035044,0.025739432424646234,0.03576153968641156,0.025739432318817958,0.035761539601091547,1.0582827669747275e-10,8.532001494199193e-11,1.0582827669747275e-10,0.06149050805242409,-1.9990293833823984,0.06149050786136541,-1.999029383388173,1.9105868276358962e-10,5.774491995680364e-12,1.9114592597585268e-10,1.9105868276358962e-10,-29.282217726975283,2.813866473161397e-09,-2.813866473161397e-09,-9.609471863326843e-11,-29.282217727150933,2.9895161901549727e-09,-2.9895161901549727e-09,-1.0209323003866116e-10
low_energy_small_angles,rk45_strict,RK45,1e-08,1e-10,3.1589486858573217,0.024749871268099185,0.03434007699653273,0.02474987121597474,0.03434007708757677,5.21244436502144e-11,9.104404036230918e-11,9.104404036230918e-11,0.05908067275525572,-1.9991041750658658,0.05908067279413761,-1.99910417506403,3.888189076262094e-11,1.835864793520159e-12,3.8925208140952495e-11,5.2108480724788464e-11,-29.28221772694525,2.7838353844344965e-09,-2.7838353844344965e-09,-9.506914437486378e-11,-29.28221772716982,3.008402416071476e-09,-3.008402416071476e-09,-1.0273820256411711e-10
low_energy_small_angles,rk45_strict,RK45,1e-08,1e-10,3.1639549436795997,0.023756611375305686,0.03291386232471014,0.023756611350947327,0.0329138625133224,2.435835907976802e-11,1.8861225775657076e-10,1.8861225775657076e-10,0.05666229675207521,-1.999176212710576,0.056662296916233826,-1.999176212704948,1.6415861725516123e-10,5.6281646010347686e-12,1.6425506949833499e-10,1.6415861725516123e-10,-29.28221772693053,2.7691129389495472e-09,-2.7691129389495472e-09,-9.456636669512535e-11,-29.28221772721117,3.0497524505790352e-09,-3.0497524505790352e-09,-1.0415032356181874e-10
low_energy_small_angles,rk45_strict,RK45,1e-08,1e-10,3.1689612015018773,0.02275978944501105,0.031483109784394905,0.02275978941224141,0.03148310995585754,3.276964116727399e-11,1.7146263575629206e-10,1.7146263575629206e-10,0.05423573364181896,-1.9992454550057488,0.054235733780435474,-1.9992454550010972,1.386165141004092e-10,4.651612428574481e-12,1.3869454019367384e-10,1.386165141004092e-10,-29.282217726942868,2.7814515135560214e-09,-2.7814515135560214e-09,-9.498773418589068e-11,-29.28221772725321,3.0917952642539603e-09,-3.0917952642539603e-09,-1.0558610325825323e-10
low_energy_small_angles,rk45_strict,RK45,1e-08,1e-10,3.1739674593241554,0.021759542765951975,0.030048033986555815,0.02175954270437393,0.03004803406966209,6.157804474660189e-11,8.310627533369974e-11,8.310627533369974e-11,0.05180133823764324,-1.9993118622824633,0.05180133825914853,-1.9993118622813064,2.1505290603851535e-11,1.1568523916594131e-12,2.153638389823587e-11,6.156346613050978e-11,-29.28221772697917,2.817753141926005e-09,-2.817753141926005e-09,-9.622744999949281e-11,-29.28221772726541,3.1039952830269613e-09,-3.1039952830269613e-09,-1.06002739009272e-10
low_energy_small_angles,rk45_strict,RK45,1e-08,1e-10,3.178973717146433,0.02075600921685722,0.028608850039680424,0.020756009105983235,0.028608849969849817,1.1087398360531964e-10,6.983060657494988e-11,1.1087398360531964e-10,0.0493594665623742,-1.9993753965347758,0.04935946638172207,-1.9993753965390741,1.8065213214235598e-10,4.298339462138756e-12,1.807032610931829e-10,1.8065213214235598e-10,-29.282217727020736,2.8593198919679708e-09,-2.8593198919679708e-09,-9.764697192346472e-11,-29.282217727246408,3.0849918175590574e-09,-3.0849918175590574e-09,-1.0535376270403048e-10
low_energy_small_angles,rk45_strict,RK45,1e-08,1e-10,3.183979974968711,0.019749327265686033,0.027165773547670444,0.01974932712350946,0.027165773383317198,1.42176572598407e-10,1.6435324629027193e-10,1.6435324629027193e-10,0.04691047584094278,-1.9994360214403057,0.046910475534501325,-1.9994360214475777,3.064414555442596e-10,7.271960811294775e-12,3.0652772646226546e-10,3.064414555442596e-10,-29.282217727037285,2.8758684322838235e-09,-2.8758684322838235e-09,-9.821211150652977e-11,-29.28221772721983,3.058413966527951e-09,-3.058413966527951e-09,-1.0444611795930965e-10
low_energy_small_angles,rk45_strict,RK45,1e-08,1e-10,3.188986232790989,0.018739635929175363,0.025719020500292115,0.01873963581335006,0.025719020415854735,1.1582530420883863e-10,8.443738069852103e-11,1.1582530420883863e-10,0.04445472434558179,-1.9994937023837067,0.04445472414536737,-1.9994937023880486,2.0021442143081103e-10,4.341860204704062e-12,2.0026149479845494e-10,2.0021442143081103e-10,-29.28221772702222,2.8608049262857094e-09,-2.8608049262857094e-09,-9.769768646741517e-11,-29.282217727206056,3.0446400955952413e-09,-3.0446400955952413e-09,-1.0397573449783621e-10
low_energy_small_angles,rk45_strict,RK45,1e-08,1e-10,3.1939924906132666,0.01772707481818559,0.024268807398272776,0.017727074752762098,0.02426880746805254,6.542349301197348e-11,6.977976529931595e-11,6.977976529931595e-11,0.04199257156121834,-1.999548406471106,0.04199257156556434,-1.9995484064705722,4.345995785470791e-12,5.337952302397753e-13,4.378654669548241e-12,6.541321304065484e-11,-29.282217726997686,2.836269885619913e-09,-2.836269885619913e-09,-9.685980455229123e-11,-29.282217727216334,3.054918096268011e-09,-3.054918096268011e-09,-1.043267325257038e-10
low_energy_small_angles,rk45_strict,RK45,1e-08,1e-10,3.1989987484355447,0.016711784074730823,0.0228153510662657,0.016711784039862003,0.022815351235299958,3.486881963721267e-11,1.6903425881231726e-10,1.6903425881231726e-10,0.039524377930416216,-1.9996001025542194,0.03952437806454253,-1.999600102550946,1.3412631422182741e-10,3.2733815658048115e-12,1.341662520666346e-10,1.3412631422182741e-10,-29.282217726983077,2.8216611269726855e-09,-2.8216611269726855e-09,-9.63609093256782e-11,-29.282217727247907,3.086491062731511e-09,-3.086491062731511e-09,-1.054049625546216e-10
low_energy_small_angles,rk45_strict,RK45,1e-08,1e-10,3.2040050062578223,0.01569390433230566,0.021358868541051467,0.015693904293626167,0.021358868707786458,3.867949363578482e-11,1.6673499039776551e-10,1.6673499039776551e-10,0.037050504696660096,-1.9996487612498501,0.03705050482468232,-1.999648761246896,1.2802222476571146e-10,2.9540814239226165e-12,1.2805630258219041e-10,1.2802222476571146e-10,-29.282217726990456,2.829040113283554e-09,-2.829040113283554e-09,-9.661290479884827e-11,-29.28221772728352,3.1221034646478074e-09,-3.1221034646478074e-09,-1.0662114099615105e-10
low_energy_small_angles,rk45_strict,RK45,1e-08,1e-10,3.2090112640801003,0.014673576715884509,0.01989957707153692,0.014673576652381266,0.01989957716664617,6.350324259496443e-11,9.510925033651141e-11,9.510925033651141e-11,0.03457131389894254,-1.9996943549547117,0.03457131393053655,-1.9996943549537511,3.15940121287106e-11,9.605649609056854e-13,3.1608610969690403e-11,6.34964060497456e-11,-29.28221772701872,2.857301950598412e-09,-2.857301950598412e-09,-9.757805838048898e-11,-29.28221772729592,3.134502435386821e-09,-3.134502435386821e-09,-1.0704457104013924e-10
low_energy_small_angles,rk45_strict,RK45,1e-08,1e-10,3.214017521902378,0.013650942841922278,0.018437694118756197,0.013650942734434422,0.018437694085917018,1.0748785542191719e-10,3.2839179292531995e-11,1.0748785542191719e-10,0.0320871683662472,-1.9997368578596035,0.03208716822593576,-1.9997368578616763,1.403114360809532e-10,2.0727863869751673e-12,1.4032674562785759e-10,1.403114360809532e-10,-29.2822177270523,2.8908822002904344e-09,-2.8908822002904344e-09,-9.872483797240202e-11,-29.282217727281804,3.1203875039409468e-09,-3.1203875039409468e-09,-1.0656254021928964e-10
low_energy_small_angles,rk45_strict,RK45,1e-08,1e-10,3.219023779724656,0.012626144817105273,0.016973437352792973,0.012626144682831231,0.01697343724450973,1.3427404153831812e-10,1.0828324348288731e-10,1.3427404153831812e-10,0.02959843170760221,-1.9997762459629889,0.029598431465071226,-1.9997762459665218,2.4253098487858615e-10,3.532951708962173e-12,2.4255671578819423e-10,2.4253098487858615e-10,-29.282217727064733,2.903316698166236e-09,-2.903316698166236e-09,-9.914948128299191e-11,-29.282217727261205,3.0997888700312615e-09,-3.0997888700312615e-09,-1.0585908824363245e-10
low_energy_small_angles,rk45_strict,RK45,1e-08,1e-10,3.224030037546934,0.011599325200145606,0.01550702456108647,0.011599325093049005,0.015507024526756456,1.0709660068497495e-10,3.433001452557427e-11,1.0709660068497495e-10,0.02710546817647757,-1.9998124970856819,0.027105468035062287,-1.9998124970874565,1.4141528226208067e-10,1.7745804825608502e-12,1.414264161787077e-10,1.4141528226208067e-10,-29.282217727052114,2.8906974591791368e-09,-2.8906974591791368e-09,-9.871852898607326e-11,-29.282217727251243,3.089827060875905e-09,-3.089827060875905e-09,-1.0551888828851987e-10
low_energy_small_angles,rk45_strict,RK45,1e-08,1e-10,3.2290362953692116,0.010570627043151863,0.01403867374783708,0.01057062698065711,0.014038673837803401,6.249475242858793e-11,8.99663208514534e-11,8.99663208514534e-11,0.024608642805730573,-1.9998455908802981,0.02460864283319676,-1.9998455908796957,2.7466189045366463e-11,6.024070131616099e-13,2.7472794449879227e-11,6.249126216495426e-11,-29.28221772703339,2.871974658091858e-09,-2.871974658091858e-09,-9.807913748698506e-11,-29.28221772726123,3.099813739027013e-09,-3.099813739027013e-09,-1.0585993753025363e-10
low_energy_small_angles,rk45_strict,RK45,1e-08,1e-10,3.2340425531914896,0.00954019382125201,0.012568602945205645,0.009540193781316708,0.012568603103610439,3.993530159340786e-11,1.5840479448969713e-10,1.5840479448969713e-10,0.022108321142558722,-1.9998755088458493,0.02210832126101752,-1.9998755088442395,1.1845879832605988e-10,1.609823385706477e-12,1.1846973635569253e-10,1.1845879832605988e-10,-29.282217727024605,2.8631887971641845e-09,-2.8631887971641845e-09,-9.777909665638826e-11,-29.282217727287723,3.1263063249298284e-09,-3.1263063249298284e-09,-1.0676467043513042e-10
low_energy_small_angles,rk45_strict,RK45,1e-08,1e-10,3.239048811013767,0.008508169399499334,0.011097030129610524,0.008508169350781374,0.01109703027095201,4.871796022154484e-11,1.4134148539068914e-10,1.4134148539068914e-10,0.01960486912572369,-1.9999022343380755,0.019604869218340273,-1.9999022343369215,9.261658454051691e-11,1.1539658117953877e-12,9.262377323908538e-11,9.261658454051691e-11,-29.28221772703442,2.8730049450587103e-09,-2.8730049450587103e-09,-9.811432221843393e-11,-29.282217727313977,3.152560879016164e-09,-3.152560879016164e-09,-1.0766127445377592e-10
low_energy_small_angles,rk45_strict,RK45,1e-08,1e-10,3.244055068836045,0.007474698032871719,0.009624173221726547,0.007474697957659102,0.009624173291316993,7.52126173841905e-11,6.959044625276523e-11,7.52126173841905e-11,0.01709865307949133,-1.9999257525770946,0.017098653073868035,-1.9999257525769871,5.623293497514226e-12,1.0746958878371515e-13,5.62432035642522e-12,7.521051576669935e-11,-29.282217727059173,2.8977567012589134e-09,-2.8977567012589134e-09,-9.895960505982814e-11,-29.282217727317022,3.155605554638896e-09,-3.155605554638896e-09,-1.0776525140154036e-10
low_energy_small_angles,rk45_strict,RK45,1e-08,1e-10,3.249061326658323,0.006439924366272385,0.00815025008648606,0.006439924254216162,0.008150250058836178,1.1205622367504997e-10,2.7649880648961123e-11,1.1205622367504997e-10,0.014590039707519716,-1.9999460506543612,0.014590039567816853,-1.9999460506553084,1.397028621258345e-10,9.472422846101836e-13,1.397060734331034e-10,1.397028621258345e-10,-29.282217727082287,2.9208706564531894e-09,-2.9208706564531894e-09,-9.974895631088465e-11,-29.282217727303816,3.1424001178947947e-09,-3.1424001178947947e-09,-1.0731428020569391e-10
low_energy_small_angles,rk45_strict,RK45,1e-08,1e-10,3.254067584480601,0.005403993424581953,0.006675478511917476,0.0054039933061829325,0.006675478467270317,1.1839902062243945e-10,4.46471583662178e-11,1.1839902062243945e-10,0.012079396055587326,-1.9999631175391266,0.012079395892543872,-1.9999631175400645,1.630434537380765e-10,9.379164112033322e-13,1.6304615142356073e-10,1.630434537380765e-10,-29.28221772708286,2.9214426433554763e-09,-2.9214426433554763e-09,-9.976848990317179e-11,-29.282217727290167,3.128750591940843e-09,-3.128750591940843e-09,-1.0684814317732637e-10
low_energy_small_angles,rk45_strict,RK45,1e-08,1e-10,3.259073842302879,0.004367050589861886,0.005200076163313739,0.004367050507466016,0.005200076205802462,8.239586964109424e-11,4.248872347706323e-11,8.239586964109424e-11,0.009567089436758595,-1.999976944084142,0.00956708939685166,-1.9999769440842807,3.9906935395128684e-11,1.3877787807814457e-13,3.990717669706062e-11,8.239508381135963e-11,-29.282217727070197,2.9087807718042313e-09,-2.9087807718042313e-09,-9.933608168633112e-11,-29.2822177272886,3.127183845208492e-09,-3.127183845208492e-09,-1.0679463812019205e-10
low_energy_small_angles,rk45_strict,RK45,1e-08,1e-10,3.2640801001251565,0.0033292416191463368,0.0037242606092443894,0.003329241568394023,0.003724260732027665,5.0752313809909744e-11,1.2278327573417291e-10,1.2278327573417291e-10,0.0070534874689426675,-1.9999875230297124,0.0070534875409730595,-1.9999875230294242,7.203039206760131e-11,2.8821389719269064e-13,7.203096867780481e-11,7.203039206760131e-11,-29.28221772705894,2.8975222221561125e-09,-2.8975222221561125e-09,-9.895159750025702e-11,-29.282217727302942,3.1415261503298098e-09,-3.1415261503298098e-09,-1.0728443384729245e-10
low_energy_small_angles,rk45_strict,RK45,1e-08,1e-10,3.2690863579474345,0.0022907125624592023,0.0022482491337512383,0.002290712515717298,0.002248249271952581,4.674190418399449e-11,1.3820134273090368e-10,1.3820134273090368e-10,0.004538957798835255,-1.999994849008106,0.004538957890294466,-1.9999948490079027,9.14592117318147e-11,2.0339285811132868e-13,9.145943789057335e-11,9.14592117318147e-11,-29.282217727059983,2.89856671997768e-09,-2.89856671997768e-09,-9.898726753834657e-11,-29.28221772732486,3.16344284101433e-09,-3.16344284101433e-09,-1.0803289801387216e-10
low_energy_small_angles,rk45_strict,RK45,1e-08,1e-10,3.274092615769712,0.001251609755590427,0.0007722587204361565,0.001251609692138397,0.0007722588190802455,6.34520298716662e-11,9.864408899093458e-11,9.864408899093458e-11,0.002023868072486139,-1.9999989185448612,0.0020238681076782186,-1.9999989185448646,3.519207971910965e-11,3.3306690738754696e-15,3.51920798767212e-11,6.345197999836627e-11,-29.28221772707507,2.9136550949715456e-09,-2.9136550949715456e-09,-9.950254186408236e-11,-29.28221772733495,3.1735325478621235e-09,-3.1735325478621235e-09,-1.0837746572875081e-10
low_energy_small_angles,rk45_strict,RK45,1e-08,1e-10,3.27909887359199,0.0002120798200952647,-0.0007034939475399783,0.0002120797259351334,-0.0007034939226522176,9.416013129794065e-11,2.4887760689124017e-11,9.416013129794065e-11,-0.0004914140710075671,-1.9999997300592183,-0.0004914141402799418,-1.9999997300592556,6.927237462036467e-11,3.730349362740526e-14,6.927238466441574e-11,9.416012915664136e-11,-29.282217727094203,2.9327864581318863e-09,-2.9327864581318863e-09,-1.0015588592908994e-10,-29.282217727328337,3.1669209477058757e-09,-3.1669209477058757e-09,-1.0815167681417716e-10
low_energy_small_angles,rk45_strict,RK45,1e-08,1e-10,3.2841051314142677,-0.0008277303400632776,-0.002178792493654958,-0.0008277304475066503,-0.0021787925001916317,1.0744337266676424e-10,6.536673546192473e-12,1.0744337266676424e-10,-0.0030065210153628176,-1.9999972838638354,-0.0030065211293428115,-1.999997283863732,1.1397999384599178e-10,1.0325074129013956e-13,1.1398004061171369e-10,1.1397999384599178e-10,-29.282217727098892,2.937476040187903e-09,-2.937476040187903e-09,-1.0031603712051241e-10,-29.28221772731829,3.156873873422228e-09,-3.156873873422228e-09,-1.0780856501922053e-10
low_energy_small_angles,rk45_strict,RK45,1e-08,1e-10,3.289111389236546,-0.0018676735671434887,-0.003653420898638503,-0.0018676736485781415,-0.003653420850915386,8.143465285784246e-11,4.7723117124753855e-11,8.143465285784246e-11,-0.005521085252653373,-1.9999915821635221,-0.0055210852863650855,-1.9999915821635446,3.3711712241202285e-11,2.2426505097428162e-14,3.371171970074738e-11,8.143451082735786e-11,-29.28221772709135,2.9299336290478095e-09,-2.9299336290478095e-09,-1.000584606209746e-10,-29.282217727315338,3.1539215683551447e-09,-3.1539215683551447e-09,-1.0770774256462048e-10
low_energy_small_angles,rk45_strict,RK45,1e-08,1e-10,3.294117647058824,-0.0029076024316055395,-0.005127163475542132,-0.0029076024863504404,-0.005127163369355457,5.4744900886832815e-11,1.0618667490441824e-10,1.0618667490441824e-10,-0.008034739346647623,-1.9999826290531693,-0.008034739295207014,-1.9999826290535543,5.144060871709044e-11,3.850253449400043e-13,5.14420496257784e-11,5.474466930124877e-11,-29.2822177270836,2.9221851605143456e-09,-2.9221851605143456e-09,-9.979384717514702e-11,-29.282217727324184,3.162767825415358e-09,-3.162767825415358e-09,-1.0800984594844014e-10
low_energy_small_angles,rk45_strict,RK45,1e-08,1e-10,3.2991239048811014,-0.0039473693076024574,-0.0065998050246983825,-0.003947369358574837,-0.006599804907198795,5.0972379962710423e-11,1.174995873168272e-10,1.174995873168272e-10,-0.0105471161695228,-1.9999704305137609,-0.010547116102997755,-1.999970430514335,6.65250458886657e-11,5.74207348336131e-13,6.652752396240191e-11,6.65250458886657e-11,-29.282217727084372,2.9229560993826453e-09,-2.9229560993826453e-09,-9.982017506040359e-11,-29.282217727339244,3.1778277786997933e-09,-3.1778277786997933e-09,-1.0852414966089458e-10
low_energy_small_angles,rk45_strict,RK45,1e-08,1e-10,3.3041301627033794,-0.004986826388378917,-0.008071130863443314,-0.004986826453232775,-0.008071130775949282,6.485385752735828e-11,8.74940328521312e-11,8.74940328521312e-11,-0.013057848953217344,-1.9999549944071644,-0.013057848930579211,-1.9999549944075472,2.2638132687879953e-11,3.82804898890754e-13,2.2641369021873955e-11,6.485305088094195e-11,-29.282217727095013,2.933596476850653e-09,-2.933596476850653e-09,-1.0018354840760836e-10,-29.28221772734502,3.183604491141523e-09,-3.183604491141523e-09,-1.0872142681032861e-10
low_energy_small_angles,rk45_strict,RK45,1e-08,1e-10,3.309136420525657,-0.006025825686270593,-0.009540926826115606,-0.006025825778213312,-0.009540926795715712,9.194271906320939e-11,3.0399894407340255e-11,9.194271906320939e-11,-0.015566571295621046,-1.999936330470247,-0.015566571357163588,-1.999936330469983,6.154254189594255e-11,2.6401103525586223e-13,6.154310818313112e-11,9.19410502592255e-11,-29.282217727106833,2.945416355260022e-09,-2.945416355260022e-09,-1.0058720220598909e-10,-29.282217727338683,3.1772664499385428e-09,-3.1772664499385428e-09,-1.0850498004858795e-10
low_energy_small_angles,rk45_strict,RK45,1e-08,1e-10,3.314142678347935,-0.007064219043673551,-0.011008979282232255,-0.007064219138044458,-0.01100897925911515,9.43709069223253e-11,2.3117105452108433e-11,9.43709069223253e-11,-0.018072917195864825,-1.9999144503080304,-0.018072917267117673,-1.999914450307618,7.125284737230508e-11,4.1233683134578314e-13,7.125404044911058e-11,9.436855203520667e-11,-29.28221772710599,2.9445743621181464e-09,-2.9445743621181464e-09,-1.0055844778752914e-10,-29.282217727330362,3.168945994502792e-09,-3.168945994502792e-09,-1.0822083301047323e-10
low_energy_small_angles,rk45_strict,RK45,1e-08,1e-10,3.3191489361702127,-0.00810185814834005,-0.012475075159156426,-0.008101858209811616,-0.012475075075770167,6.147156568492296e-11,8.33862597027224e-11,8.33862597027224e-11,-0.020576521098374344,-1.9998893673858424,-0.02057652107646412,-1.9998893673863845,2.191022363540185e-11,5.420108806220014e-13,2.191692669030114e-11,6.14695482015204e-11,-29.28221772709644,2.9350246677495306e-09,-2.9350246677495306e-09,-1.0023232172499611e-10,-29.282217727329282,3.1678659695444367e-09,-3.1678659695444367e-09,-1.0818394970578199e-10
low_energy_small_angles,rk45_strict,RK45,1e-08,1e-10,3.3241551939924907,-0.009138594529356489,-0.01393900194449589,-0.009138594567485859,-0.013939001815793339,3.812936945346568e-11,1.28702552087967e-10,1.28702552087967e-10,-0.023077017897277043,-1.999861097020958,-0.02307701780671477,-1.9998610970224033,9.05622729585609e-11,1.4452883334570288e-12,9.057380494264177e-11,9.05622729585609e-11,-29.282217727089037,2.9276208124429104e-09,-2.9276208124429104e-09,-9.997947696520488e-11,-29.28221772733864,3.177223817374397e-09,-3.177223817374397e-09,-1.0850352412866592e-10
low_energy_small_angles,rk45_strict,RK45,1e-08,1e-10,3.3291614518147687,-0.010174279640338775,-0.015400547833981704,-0.010174279681923293,-0.015400547709786353,4.158451881453029e-11,1.2419535018459715e-10,1.2419535018459715e-10,-0.02557404317341931,-1.9998296563704376,-0.025574043090821057,-1.9998296563719271,8.259825462486603e-11,1.48947520983711e-12,8.261168321414908e-11,8.259825462486603e-11,-29.282217727092075,2.930658382638285e-09,-2.930658382638285e-09,-1.0008321125964899e-10,-29.28221772735141,3.189992270336006e-09,-3.189992270336006e-09,-1.0893957214531166e-10
low_energy_small_angles,rk45_strict,RK45,1e-08,1e-10,3.3341677096370463,-0.01120876486477804,-0.016859501740659998,-0.011208764929689637,-0.016859501662255583,6.491159693089443e-11,7.840441490492012e-11,7.840441490492012e-11,-0.028067233214773647,-1.9997950644197,-0.0280672332012879,-1.9997950644202942,1.3485747241137602e-11,5.941913627793838e-13,1.34988311356003e-11,6.490752033072589e-11,-29.28221772710529,2.9438744775234227e-09,-2.9438744775234227e-09,-1.0053454643547594e-10,-29.28221772735242,3.1910047937344643e-09,-3.1910047937344643e-09,-1.0897415024345968e-10
low_energy_small_angles,rk45_strict,RK45,1e-08,1e-10,3.3391739674593244,-0.012241901516040918,-0.018315653294892383,-0.01224190161859331,-0.018315653286771337,1.025523919256921e-10,8.121045502740287e-12,1.025523919256921e-10,-0.0305562250222257,-1.9997573419705523,-0.03055622511665073,-1.9997573419694457,9.442503029477578e-11,1.106670310946356e-12,9.443151521259443e-11,1.02544708835417e-10,-29.28221772711756,2.956141997856321e-09,-2.956141997856321e-09,-1.009534873930379e-10,-29.282217727341678,3.1802613875697716e-09,-3.1802613875697716e-09,-1.0860725842311002e-10
low_energy_small_angles,rk45_strict,RK45,1e-08,1e-10,3.344180225281602,-0.013273540857832757,-0.01976879287351245,-0.013273540956843324,-0.019768792863925213,9.90105671061503e-11,9.587237254082837e-12,9.90105671061503e-11,-0.03304065636488331,-1.9997165116277236,-0.033040656454299794,-1.9997165116265987,8.941648116378431e-11,1.1248779685502086e-12,8.942355648349893e-11,9.900184491651309e-11,-29.282217727114137,2.952720734583636e-09,-2.952720734583636e-09,-1.0083664981929561e-10,-29.282217727329904,3.1684876944382268e-09,-3.1684876944382268e-09,-1.0820518187131148e-10
low_energy_small_angles,rk45_strict,RK45,1e-08,1e-10,3.34918648310388,-0.01430353410633437,-0.02121871159780529,-0.014303534157734846,-0.021218711511814328,5.140047588947372e-11,8.599096087968938e-11,8.599096087968938e-11,-0.03552016578578894,-1.9996725977852905,-0.03552016575121256,-1.9996725977863796,3.457638342307945e-11,1.0891287871572786e-12,3.4593532518880146e-11,5.139521794261803e-11,-29.282217727100583,2.939167131899012e-09,-2.939167131899012e-09,-1.0037378861075263e-10,-29.28221772732856,3.16714476866764e-09,-3.16714476866764e-09,-1.0815932039376778e-10
low_energy_small_angles,rk45_strict,RK45,1e-08,1e-10,3.3541927409261576,-0.015331732434932,-0.022665201351104128,-0.01533173245207023,-0.02266520120560609,1.713822833648848e-11,1.4549803722951893e-10,1.4549803722951893e-10,-0.03799439262973546,-1.9996256266119854,-0.037994392501411005,-1.9996256266150199,1.2832445522859004e-10,3.034461570905478e-12,1.2836032785381826e-10,1.2832445522859004e-10,-29.282217727089698,2.9282816171871673e-09,-2.9282816171871673e-09,-1.0000204372399623e-10,-29.282217727341735,3.1803182309886324e-09,-3.1803182309886324e-09,-1.0860919964967272e-10
low_energy_small_angles,rk45_strict,RK45,1e-08,1e-10,3.3591989987484356,-0.016357987069527593,-0.024108054925161503,-0.01635798708815976,-0.02410805477753923,1.8632168724552756e-11,1.4762227204534462e-10,1.4762227204534462e-10,-0.04046297729027605,-1.9995756260311024,-0.04046297716132635,-1.9995756260343562,1.289496981415894e-10,3.2538416405714088e-12,1.2899074438202512e-10,1.289496981415894e-10,-29.282217727092174,2.9307578586212912e-09,-2.9307578586212912e-09,-1.000866084061337e-10,-29.28221772736125,3.1998332872262836e-09,-3.1998332872262836e-09,-1.0927564699397851e-10
low_energy_small_angles,rk45_strict,RK45,1e-08,1e-10,3.3642052565707137,-0.017382149291380676,-0.02554706602437703,-0.017382149336292122,-0.02554706592261326,4.491144608986808e-11,1.0176376755155481e-10,1.0176376755155481e-10,-0.042925561222028466,-1.9995226257031646,-0.042925561165202575,-1.9995226257049836,5.6825891214806745e-11,1.8189894035458565e-12,5.68549965685274e-11,5.6825891214806745e-11,-29.28221772710918,2.9477646990017092e-09,-2.9477646990017092e-09,-1.006673991283605e-10,-29.282217727367186,3.2057698717835592e-09,-3.2057698717835592e-09,-1.0947838384312013e-10
low_energy_small_angles,rk45_strict,RK45,1e-08,1e-10,3.3692115143929913,-0.01840407043710863,-0.02698202926579777,-0.018404070535496118,-0.026982029253109885,9.838748912804895e-11,1.2687885464490734e-11,9.838748912804895e-11,-0.04538178694578706,-1.9994666570080943,-0.04538178703147462,-1.999466657006626,8.568756121318799e-11,1.468380972369232e-12,8.570014171134057e-11,9.837082884378567e-11,-29.282217727129176,2.9677593715859985e-09,-2.9677593715859985e-09,-1.0135022557178904e-10,-29.282217727355775,3.194358555447252e-09,-3.194358555447252e-09,-1.0908868261065878e-10
low_energy_small_angles,rk45_strict,RK45,1e-08,1e-10,3.3742177722152693,-0.019423601909227043,-0.028412740191632,-0.019423602028388973,-0.028412740215951242,1.191619303231306e-10,2.4319241065384745e-11,1.191619303231306e-10,-0.04783129807655244,-1.999407753026222,-0.04783129822000132,-1.9994077530232166,1.4344887777628657e-10,3.0053737276602988e-12,1.4348035686643282e-10,1.4344887777628657e-10,-29.282217727131524,2.9701077153276856e-09,-2.9701077153276856e-09,-1.0143042249416044e-10,-29.282217727338526,3.1771101305366756e-09,-3.1771101305366756e-09,-1.0849964167554052e-10
low_energy_small_angles,rk45_strict,RK45,1e-08,1e-10,3.379224030037547,-0.02044059521478359,-0.029838995308491732,-0.020440595280858398,-0.029838995262395945,6.607480881881678e-11,4.609578690972782e-11,6.607480881881678e-11,-0.05027373940622759,-1.9993459485171576,-0.050273739426213326,-1.9993459485171823,1.9985735288940987e-11,2.4646951146678475e-14,1.998575048657973e-11,6.606100388939495e-11,-29.28221772711699,2.9555735636677127e-09,-2.9555735636677127e-09,-1.0093407512741094e-10,-29.28221772732992,3.168501905292942e-09,-3.168501905292942e-09,-1.0820566717795216e-10
low_energy_small_angles,rk45_strict,RK45,1e-08,1e-10,3.384230287859825,-0.02145490190798127,-0.03126059202371675,-0.02145490191494193,-0.03126059189190171,6.960661214083785e-12,1.3181503805137496e-10,1.3181503805137496e-10,-0.05270875678730341,-1.9992812799027844,-0.05270875666251183,-1.999281279906755,1.247915798474608e-10,3.97060162526941e-12,1.2485473190108487e-10,1.247915798474608e-10,-29.282217727099347,2.9379307875387894e-09,-2.9379307875387894e-09,-1.0033156693301398e-10,-29.282217727339447,3.178030283379485e-09,-3.178030283379485e-09,-1.0853106528052418e-10
low_energy_small_angles,rk45_strict,RK45,1e-08,1e-10,3.3892365456821025,-0.022466373722327848,-0.03267732882055081,-0.02246637370882621,-0.032677328652124346,1.350163730817755e-11,1.6842646721748622e-10,1.6842646721748622e-10,-0.055135997444627424,-1.9992137852385055,-0.05513599726279264,-1.9992137852443115,1.8183478334155012e-10,5.806022329579719e-12,1.819274534757194e-10,1.8183478334155012e-10,-29.28221772709343,2.932011966549908e-09,-2.932011966549908e-09,-1.001294367171732e-10,-29.282217727364255,3.202838882998549e-09,-3.202838882998549e-09,-1.0937828934848109e-10
low_energy_small_angles,rk45_strict,RK45,1e-08,1e-10,3.3942428035043806,-0.023474862589654213,-0.03408900528201506,-0.02347486259684773,-0.03408900513891874,7.193516615711104e-12,1.4309631951592294e-10,1.4309631951592294e-10,-0.05755511002264335,-1.99914350418945,-0.057555109886821706,-1.9991435041941583,1.3582164559711174e-10,4.708233802830364e-12,1.3590322615099885e-10,1.3582164559711174e-10,-29.282217727106723,2.9453062211359793e-09,-2.9453062211359793e-09,-1.0058344107952387e-10,-29.282217727386207,3.224791100819857e-09,-3.224791100819857e-09,-1.1012796678166249e-10
low_energy_small_angles,rk45_strict,RK45,1e-08,1e-10,3.3992490613266586,-0.02448022064011378,-0.035495422090907135,-0.024480220698251048,-0.035495422024986165,5.813726930425922e-11,6.59209700715202e-11,6.59209700715202e-11,-0.059965744589591294,-1.999070478007129,-0.059965744581831695,-1.9990704780080453,7.75959851928576e-12,9.163780845256042e-13,7.8135214835758e-12,5.811984921111346e-11,-29.282217727133546,2.972129209410923e-09,-2.972129209410923e-09,-1.0149945736379634e-10,-29.282217727383134,3.2217180034876947e-09,-3.2217180034876947e-09,-1.1002301922061671e-10
low_energy_small_angles,rk45_strict,RK45,1e-08,1e-10,3.404255319148936,-0.02548230020218272,-0.03689638102980154,-0.02548230032461344,-0.03689638105627432,1.2243071834117103e-10,2.647277536071968e-11,1.2243071834117103e-10,-0.06236755264154794,-1.9989947495055587,-0.062367552790393674,-1.9989947495014628,1.4884573434903459e-10,4.0958347824471275e-12,1.4890207687090358e-10,1.4884573434903459e-10,-29.282217727153654,2.992237568832934e-09,-2.992237568832934e-09,-1.0218616626035027e-10,-29.282217727364177,3.202760723297615e-09,-3.202760723297615e-09,-1.0937562016195738e-10
low_energy_small_angles,rk45_strict,RK45,1e-08,1e-10,3.4092615769712142,-0.02648095384083061,-0.03829168501617307,-0.026480953956374603,-0.03829168504260436,1.1554399104163338e-10,2.6431294652962123e-11,1.1554399104163338e-10,-0.06476018717955576,-1.9989163630345064,-0.06476018732147115,-1.9989163630304352,1.4191539610131088e-10,4.071187831300449e-12,1.4197378004740767e-10,1.4191539610131088e-10,-29.282217727147422,2.986006109040318e-09,-2.986006109040318e-09,-1.0197335929841465e-10,-29.282217727343596,3.182179852956324e-09,-3.182179852956324e-09,-1.0867277481960104e-10
low_energy_small_angles,rk45_strict,RK45,1e-08,1e-10,3.414267834793492,-0.02747603434311473,-0.03968113807676873,-0.027476034381160475,-0.03968113801452604,3.8045743638859264e-11,6.22426901686346e-11,6.22426901686346e-11,-0.06714330267330554,-1.9988353644555534,-0.06714330264914324,-1.9988353644569776,2.416229716306617e-11,1.4241940959891508e-12,2.4204233782943137e-11,3.803138359792513e-11,-29.282217727126522,2.9651054944679345e-09,-2.9651054944679345e-09,-1.0125959455664313e-10,-29.28221772733777,3.176353402523091e-09,-3.176353402523091e-09,-1.0847379909692463e-10
low_energy_small_angles,rk45_strict,RK45,1e-08,1e-10,3.41927409261577,-0.028467394726620528,-0.04106454537493253,-0.028467394699226607,-0.04106454522916304,2.739392046535727e-11,1.4576949369793368e-10,1.4576949369793368e-10,-0.0695165551004015,-1.9987518011151364,-0.06951655492737208,-1.9987518011219003,1.730294241220065e-10,6.763922755226304e-12,1.731615784838885e-10,1.730294241220065e-10,-29.282217727107017,2.9456010963713197e-09,-2.9456010963713197e-09,-1.0059351119231785e-10,-29.2822177273549,3.193484587882267e-09,-3.193484587882267e-09,-1.0905883625225733e-10
low_energy_small_angles,rk45_strict,RK45,1e-08,1e-10,3.4242803504380475,-0.02945488836509506,-0.042441713343924214,-0.029454888323457454,-0.042441713170212045,4.163760655706561e-11,1.7371216964878755e-10,1.7371216964878755e-10,-0.07187960220848034,-1.9986657218088661,-0.07187960199330506,-1.9986657218174628,2.1517528037140465e-10,8.596678924277512e-12,2.1534693908073017e-10,2.1517528037140465e-10,-29.282217727104566,2.9431497239329474e-09,-2.9431497239329474e-09,-1.0050979579680157e-10,-29.28221772738819,3.2267735150526278e-09,-3.2267735150526278e-09,-1.1019566705803653e-10
low_energy_small_angles,rk45_strict,RK45,1e-08,1e-10,3.4292866082603255,-0.030438368990385344,-0.04381244968886153,-0.0304383689793671,-0.043812449547943694,1.1018241874438672e-11,1.4091783295810956e-10,1.4091783295810956e-10,-0.07423210352219338,-1.9985771767530554,-0.07423210337039764,-1.9985771767595626,1.517957426422356e-10,6.5072391919329675e-12,1.5193515605747358e-10,1.517957426422356e-10,-29.28221772712497,2.9635529585902987e-09,-2.9635529585902987e-09,-1.0120657480614949e-10,-29.28221772741353,3.2521150217235117e-09,-3.2521150217235117e-09,-1.1106109012501872e-10
low_energy_small_angles,rk45_strict,RK45,1e-08,1e-10,3.4342928660826035,-0.03141769069243775,-0.04517656338671936,-0.03141769074836814,-0.04517656333244959,5.5930392262038e-11,5.4269769234061016e-11,5.5930392262038e-11,-0.07657372034612159,-1.9984862175559113,-0.07657372034780997,-1.9984862175566052,1.6883855424865146e-12,6.938893903907228e-13,1.82541179632824e-12,5.5902789342088255e-11,-29.282217727158844,2.9974280835176614e-09,-2.9974280835176614e-09,-1.023634245108565e-10,-29.282217727407648,3.246231727871418e-09,-3.246231727871418e-09,-1.1086017317577962e-10
low_energy_small_angles,rk45_strict,RK45,1e-08,1e-10,3.439299123904881,-0.03239270791929826,-0.04653386468633014,-0.03239270805325782,-0.046533864726977785,1.3395955872352872e-10,4.064764497213602e-11,1.3395955872352872e-10,-0.07890411576750357,-1.998392897188295,-0.0789041159419965,-1.9983928971820655,1.744929339908552e-10,6.229461391171753e-12,1.7460409560477397e-10,1.744929339908552e-10,-29.282217727180733,3.0193163524927513e-09,-3.0193163524927513e-09,-1.0311091806415487e-10,-29.282217727384147,3.222730526886153e-09,-3.222730526886153e-09,-1.1005759731876473e-10
low_energy_small_angles,rk45_strict,RK45,1e-08,1e-10,3.444305381727159,-0.033363275531048155,-0.047884165146261114,-0.03336327565221326,-0.047884165183889535,1.2116510572646177e-10,3.7628421212243524e-11,1.2116510572646177e-10,-0.08122295475051133,-1.9982972699504402,-0.08122295490919429,-1.9982972699445973,1.5868295566434654e-10,5.842881733997274e-12,1.5879048990833943e-10,1.5868295566434654e-10,-29.282217727171652,3.0102356163297372e-09,-3.0102356163297372e-09,-1.0280080712076408e-10,-29.282217727358905,3.1974884961982752e-09,-3.1974884961982752e-09,-1.0919557139826727e-10
low_energy_small_angles,rk45_strict,RK45,1e-08,1e-10,3.4493116395494368,-0.03432924875736351,-0.04922727758837112,-0.034329248786629754,-0.04922727753955371,2.9266242207448556e-11,4.8817415387869545e-11,4.8817415387869545e-11,-0.08352990404976966,-1.9981993914450964,-0.0835299040302604,-1.998199391446494,1.9509269200135293e-11,1.397548743398147e-12,1.955926192916086e-11,2.9248999056097347e-11,-29.28221772714683,2.985412805855958e-09,-2.985412805855958e-09,-1.0195309774616651e-10,-29.282217727350563,3.1891467244804517e-09,-3.1891467244804517e-09,-1.0891069640019153e-10
low_energy_small_angles,rk45_strict,RK45,1e-08,1e-10,3.454317897371715,-0.03529048323424063,-0.0505630161505195,-0.03529048318390139,-0.05056301601671545,5.033923972108667e-11,1.3380405117224825e-10,1.3380405117224825e-10,-0.08582463230184846,-1.9980993185430862,-0.08582463211790753,-1.998099318551625,1.8394093193041527e-10,8.538725282392079e-12,1.841390134351703e-10,1.8394093193041527e-10,-29.282217727123783,2.9623663522215793e-09,-2.9623663522215793e-09,-1.0116605170165319e-10,-29.28221772736917,3.20775228601633e-09,-3.20775228601633e-09,-1.0954608411949418e-10
low_energy_small_angles,rk45_strict,RK45,1e-08,1e-10,3.4593241551939924,-0.03624683513039036,-0.051891196393982306,-0.03624683505742037,-0.051891196224495284,7.296999116057634e-11,1.694870216395472e-10,1.694870216395472e-10,-0.08810681026077347,-1.9979971093417537,-0.08810681001859252,-1.9979971093531892,2.421809419672627e-10,1.1435519198244037e-11,2.424507779972753e-10,2.421809419672627e-10,-29.28221772711994,2.958522316021117e-09,-2.958522316021117e-09,-1.0103477625535083e-10,-29.282217727408714,3.2472975419750583e-09,-3.2472975419750583e-09,-1.1089657117383019e-10
low_energy_small_angles,rk45_strict,RK45,1e-08,1e-10,3.4643304130162704,-0.03719816114771808,-0.053211635303831356,-0.03719816110657771,-0.05321163515839,4.114036888935857e-11,1.454413534052179e-10,1.454413534052179e-10,-0.09037611080055385,-1.9978928231318425,-0.09037611061420645,-1.9978928231411082,1.8634740972522934e-10,9.265699318916631e-12,1.8657762538731989e-10,1.8634740972522934e-10,-29.282217727142385,2.9809683610437787e-09,-2.9809683610437787e-09,-1.0180131809429567e-10,-29.28221772744423,3.282814020622027e-09,-3.282814020622027e-09,-1.1210947379553507e-10
low_energy_small_angles,rk45_strict,RK45,1e-08,1e-10,3.4693366708385485,-0.03814431852132311,-0.054524151288933384,-0.03814431854715093,-0.054524151218334836,2.582781905013931e-11,7.05985478410831e-11,7.05985478410831e-11,-0.09263220891664645,-1.997786520364067,-0.09263220887196186,-1.9977865203669296,4.468458936202069e-11,2.8625990466935036e-12,4.477618786536593e-11,4.468458936202069e-11,-29.28221772718198,3.0205633549940103e-09,-3.0205633549940103e-09,-1.0315350372187403e-10,-29.282217727443825,3.2824090112626436e-09,-3.2824090112626436e-09,-1.1209564255627586e-10
low_energy_small_angles,rk45_strict,RK45,1e-08,1e-10,3.474342928660826,-0.039085165019498956,-0.055828564181950424,-0.03908516514419414,-0.05582856421223043,1.2469518473334773e-10,3.02800076679155e-11,1.2469518473334773e-10,-0.09487478172721792,-1.9976782626153577,-0.0948747818820507,-1.9976782626087957,1.5483278548167334e-10,6.56208420934945e-12,1.5497177939607091e-10,1.5483278548167334e-10,-29.282217727212,3.0505837855798745e-09,-3.0505837855798745e-09,-1.0417871400029819e-10,-29.282217727419585,3.258168845832188e-09,-3.258168845832188e-09,-1.1126783075394591e-10
low_energy_small_angles,rk45_strict,RK45,1e-08,1e-10,3.479349186483104,-0.040020558987943704,-0.05712469526302613,-0.04002055912870729,-0.05712469531742732,1.407635882855196e-10,5.4401184945707115e-11,1.407635882855196e-10,-0.09710350854202429,-1.9975681125516696,-0.09710350873698761,-1.9975681125429317,1.9496332326340848e-10,8.737899293009832e-12,1.9515903335989112e-10,1.9496332326340848e-10,-29.28221772720615,3.04473246615089e-09,-3.04473246615089e-09,-1.039788889910006e-10,-29.282217727388048,3.2266314065054758e-09,-3.2266314065054758e-09,-1.101908139916298e-10
low_energy_small_angles,rk45_strict,RK45,1e-08,1e-10,3.4843554443053817,-0.04095035934437744,-0.058412367238971176,-0.04095035939159076,-0.058412367225133155,4.721331658963379e-11,1.3838021006851164e-11,4.721331658963379e-11,-0.09931807083708882,-1.9974561338946881,-0.09931807087044814,-1.997456133893563,3.335931531012193e-11,1.1251000131551336e-12,3.337828287973689e-11,4.7173737138805905e-11,-29.282217727179795,3.018378436081548e-09,-3.018378436081548e-09,-1.0307888782587038e-10,-29.282217727370433,3.209017052085983e-09,-3.209017052085983e-09,-1.0958927641051418e-10
low_energy_small_angles,rk45_strict,RK45,1e-08,1e-10,3.4893617021276597,-0.041874425551421804,-0.059691404248761744,-0.04187442549783472,-0.059691404149994076,5.3587086157325103e-11,9.876766765559708e-11,9.876766765559708e-11,-0.10151815223373213,-1.9973423913877797,-0.10151815208160025,-1.997342391395915,1.5213187654072868e-10,8.135270235243297e-12,1.5234923853306241e-10,1.5213187654072868e-10,-29.282217727150996,2.989580139001191e-09,-2.989580139001191e-09,-1.020954139185442e-10,-29.28221772738176,3.220343103293999e-09,-3.220343103293999e-09,-1.0997606580313147e-10
low_energy_small_angles,rk45_strict,RK45,1e-08,1e-10,3.4943679599499373,-0.04279261778812643,-0.060961631980911826,-0.042792617686518465,-0.06096163183009373,1.0160796509728343e-10,1.508180941245385e-10,1.508180941245385e-10,-0.10370343878753216,-1.997226950746465,-0.10370343853547928,-1.9972269507600005,2.520528785687759e-10,1.3535395027020058e-11,2.524160464656389e-10,2.520528785687759e-10,-29.282217727139884,2.978467250613903e-09,-2.978467250613903e-09,-1.0171590412553701e-10,-29.282217727421806,3.260389291881438e-09,-3.260389291881438e-09,-1.1134365991655125e-10
low_energy_small_angles,rk45_strict,RK45,1e-08,1e-10,3.4993742177722154,-0.04370479695466189,-0.062222877676388205,-0.043704796870811066,-0.062222877526954185,8.385082211903594e-11,1.4943402071310175e-10,1.4943402071310175e-10,-0.10587361899607425,-1.9971098786212083,-0.10587361876315865,-1.9971098786341641,2.3291560347082907e-10,1.2955858608165727e-11,2.33275657993832e-10,2.3291560347082907e-10,-29.282217727157736,2.9963196368498757e-09,-2.9963196368498757e-09,-1.0232557059288391e-10,-29.282217727470545,3.309128970840902e-09,-3.309128970840902e-09,-1.1300814036740344e-10
low_energy_small_angles,rk45_strict,RK45,1e-08,1e-10,3.5043804755944934,-0.04461082467231908,-0.06347497012860966,-0.04461082464145909,-0.06347497002717649,3.0859995114873584e-11,1.014331674209501e-10,1.014331674209501e-10,-0.10802838379889274,-1.9969912425603344,-0.10802838366683454,-1.9969912425681446,1.3205819771044958e-10,7.810196933633051e-12,1.3228895176345727e-10,1.3205819771044958e-10,-29.28221772719977,3.038355345097443e-09,-3.038355345097443e-09,-1.0376110763599807e-10,-29.282217727489204,3.3277878230819624e-09,-3.3277878230819624e-09,-1.1364534798660861e-10
low_energy_small_angles,rk45_strict,RK45,1e-08,1e-10,3.509386733416771,-0.045510563283509525,-0.06471773968344727,-0.045510563361570944,-0.064717739676787,7.806141844035608e-11,6.6602695580897375e-12,7.806141844035608e-11,-0.11016742657720828,-1.9968711109727435,-0.11016742664854254,-1.9968711109696229,7.133425794503268e-11,3.12061487761639e-12,7.14024831065619e-11,7.798058726526946e-11,-29.282217727242376,3.080959487533619e-09,-3.080959487533619e-09,-1.052160569447392e-10,-29.282217727471426,3.3100100438332447e-09,-3.3100100438332447e-09,-1.1303822937912524e-10
low_energy_small_angles,rk45_strict,RK45,1e-08,1e-10,3.514392991239049,-0.04640387586762283,-0.06595101824584955,-0.046403876022115084,-0.06595101830249948,1.544922523244452e-10,5.6649934743191466e-11,1.544922523244452e-10,-0.11229044317591086,-1.9967495530892605,-0.11229044338676358,-1.9967495530783606,2.1085272416954126e-10,1.0899947611164862e-11,2.111342704243979e-10,2.1085272416954126e-10,-29.282217727249417,3.0880009660450014e-09,-3.0880009660450014e-09,-1.0545652638519324e-10,-29.28221772743629,3.2748737055499078e-09,-3.2748737055499078e-09,-1.1183830871005838e-10
low_energy_small_angles,rk45_strict,RK45,1e-08,1e-10,3.5193992490613266,-0.047290626313618286,-0.06717463929623962,-0.0472906264036122,-0.06717463932147683,8.999391509778576e-11,2.523720121772044e-11,8.999391509778576e-11,-0.11439713199175239,-1.9966266389203344,-0.11439713210682598,-1.996626638914386,1.150735895460997e-10,5.948352921336664e-12,1.152272273097856e-10,1.150735895460997e-10,-29.282217727226293,3.064876352709689e-09,-3.064876352709689e-09,-1.0466681115415621e-10,-29.28221772740535,3.243933122121234e-09,-3.243933122121234e-09,-1.1078167482665058e-10
low_energy_small_angles,rk45_strict,RK45,1e-08,1e-10,3.5244055068836047,-0.04817067918554371,-0.0683884378342456,-0.048170679159827534,-0.06838843778643781,2.5716179186119348e-11,4.780778550816933e-11,4.780778550816933e-11,-0.11648719378198177,-1.9965024392280135,-0.1164871937085994,-1.9965024392325188,7.338236962528555e-11,4.505285033928885e-12,7.352053974950793e-11,7.338236962528555e-11,-29.282217727191963,3.0305464804314397e-09,-3.0305464804314397e-09,-1.0349443163694762e-10,-29.282217727399775,3.238358914359196e-09,-3.238358914359196e-09,-1.1059131329684614e-10
low_energy_small_angles,rk45_strict,RK45,1e-08,1e-10,3.5294117647058822,-0.04904389992854619,-0.06959225049783872,-0.04904389981777031,-0.0695922503856562,1.107758815233062e-10,1.1218252715661237e-10,1.1218252715661237e-10,-0.11856033198790664,-1.9963770254699975,-0.11856033176535297,-1.9963770254832292,2.2255366993739756e-10,1.3231638007482616e-11,2.229466578510769e-10,2.2255366993739756e-10,-29.282217727168682,3.00726554769426e-09,-3.00726554769426e-09,-1.0269937803286318e-10,-29.28221772742881,3.2673952432560327e-09,-3.2673952432560327e-09,-1.1158291609040361e-10
low_energy_small_angles,rk45_strict,RK45,1e-08,1e-10,3.5344180225281603,-0.04991015490615085,-0.0707859155817257,-0.04991015477769434,-0.0707859154429616,1.284565093184753e-10,1.387640974348514e-10,1.387640974348514e-10,-0.12061625278912948,-1.9962504697571666,-0.12061625252241634,-1.9962504697733896,2.6671313768655835e-10,1.6223022925032637e-11,2.672060708281815e-10,2.6671313768655835e-10,-29.282217727173858,3.0124418515242724e-09,-3.0124418515242724e-09,-1.0287615097672875e-10,-29.28221772748283,3.3214142547421943e-09,-3.3214142547421943e-09,-1.1342768795826624e-10
low_energy_small_angles,rk45_strict,RK45,1e-08,1e-10,3.5394242803504383,-0.05076931140026037,-0.07196927303734803,-0.05076931131309744,-0.07196927291773879,8.716292965171846e-11,1.1960923917975208e-10,1.1960923917975208e-10,-0.12265466510199063,-1.9961228448139048,-0.1226546648956404,-1.996122844826929,2.0635022857096175e-10,1.3024248346482636e-11,2.0676084705833213e-10,2.0635022857096175e-10,-29.282217727210632,3.0492159908135363e-09,-3.0492159908135363e-09,-1.0413200323613329e-10,-29.282217727531027,3.369610368508802e-09,-3.369610368508802e-09,-1.1507360543011265e-10
low_energy_small_angles,rk45_strict,RK45,1e-08,1e-10,3.544430538172716,-0.0516212376111552,-0.0731421644728823,-0.05162123759947878,-0.07314216441367864,1.1676423716799889e-11,5.920365586664644e-11,5.920365586664644e-11,-0.12467528057781724,-1.9959942239383515,-0.12467528050711099,-1.9959942239432804,7.070624641336565e-11,4.928946140125845e-12,7.0877837099617e-11,7.070624641336565e-11,-29.2822177272631,3.101682466422062e-09,-3.101682466422062e-09,-1.0592375535350228e-10,-29.282217727533578,3.3721612169301807e-09,-3.3721612169301807e-09,-1.1516071797211365e-10
low_energy_small_angles,rk45_strict,RK45,1e-08,1e-10,3.549436795994994,-0.05246580265749381,-0.07430443315324049,-0.05246580276787824,-0.07430443317682706,1.1038443076261117e-10,2.358656325807118e-11,1.1038443076261117e-10,-0.12667781360097946,-1.9958646809625882,-0.12667781373473347,-1.9958646809550487,1.3375400786941327e-10,7.539524560229438e-12,1.339663355165221e-10,1.3375400786941327e-10,-29.282217727295986,3.1345699369467184e-09,-3.1345699369467184e-09,-1.0704687624668245e-10,-29.282217727504705,3.343288312862569e-09,-3.343288312862569e-09,-1.1417469620492394e-10
low_energy_small_angles,rk45_strict,RK45,1e-08,1e-10,3.5544430538172715,-0.05330287664362693,-0.07545592401701488,-0.05330287677636729,-0.07545592406281229,1.327403603701427e-10,4.5797407532965906e-11,1.327403603701427e-10,-0.12866198137087212,-1.9957342902079198,-0.12866198154909103,-1.9957342901973953,1.7821891185043626e-10,1.0524470184236634e-11,1.7852939537737884e-10,1.7821891185043626e-10,-29.282217727284493,3.1230769081957988e-09,-3.1230769081957988e-09,-1.0665438450103722e-10,-29.28221772746429,3.3028726420525345e-09,-3.3028726420525345e-09,-1.1279448411884664e-10
low_energy_small_angles,rk45_strict,RK45,1e-08,1e-10,3.5594493116395496,-0.05413233060435451,-0.07659648363855444,-0.0541323306375891,-0.07659648364089117,3.3234588692199196e-11,2.3367280332919904e-12,3.3234588692199196e-11,-0.13062750380659738,-1.9956031264504965,-0.1306275038421132,-1.9956031264485197,3.551581251315383e-11,1.9768631176475537e-12,3.55707875405565e-11,3.551581251315383e-11,-29.2822177272501,3.088683087071331e-09,-3.088683087071331e-09,-1.054798211039456e-10,-29.28221772743697,3.2755522738625586e-09,-3.2755522738625586e-09,-1.1186148210215058e-10
low_energy_small_angles,rk45_strict,RK45,1e-08,1e-10,3.564455569461827,-0.05495403652508683,-0.07772596026217643,-0.05495403644243004,-0.07772596020302944,8.265679113383939e-11,5.914699285902714e-11,8.265679113383939e-11,-0.13257410359870653,-1.9954712648777166,-0.1325741034572061,-1.9954712648868493,1.415004224902816e-10,9.132694600566538e-12,1.4179483656182762e-10,1.415004224902816e-10,-29.282217727213926,3.0525093563937844e-09,-3.0525093563937844e-09,-1.0424447305010953e-10,-29.282217727442113,3.2806966032694618e-09,-3.2806966032694618e-09,-1.1203716310607462e-10
low_energy_small_angles,rk45_strict,RK45,1e-08,1e-10,3.569461827284105,-0.055767867510615785,-0.07884420386932096,-0.055767867360020276,-0.07884420376390258,1.5059550828588897e-10,1.0541838235678114e-10,1.5059550828588897e-10,-0.13450150644195843,-1.9953387810334131,-0.13450150618650616,-1.9953387810501102,2.5545227044787566e-10,1.669708815654758e-11,2.559973734823897e-10,2.5545227044787566e-10,-29.282217727199143,3.0377265147762955e-09,-3.0377265147762955e-09,-1.0373963281714825e-10,-29.282217727483925,3.322508490555265e-09,-3.322508490555265e-09,-1.1346505656959816e-10
low_energy_small_angles,rk45_strict,RK45,1e-08,1e-10,3.5744680851063833,-0.05657369778615941,-0.07995106617890423,-0.05657369763773323,-0.07995106606089514,1.4842617412913484e-10,1.1800908861214765e-10,1.4842617412913484e-10,-0.13640944103377473,-1.9952057507766146,-0.13640944076795386,-1.9952057507944319,2.658208653194549e-10,1.7817303188394362e-11,2.6641732063079336e-10,2.658208653194549e-10,-29.282217727219066,3.0576501330870087e-09,-3.0576501330870087e-09,-1.044200327273734e-10,-29.282217727545973,3.3845566349555156e-09,-3.3845566349555156e-09,-1.1558402668944169e-10
low_energy_small_angles,rk45_strict,RK45,1e-08,1e-10,3.579474342928661,-0.05737140269736211,-0.08104640064731884,-0.05737140260118587,-0.08104640055410095,9.617624058266827e-11,9.321789173899475e-11,9.617624058266827e-11,-0.13829763907112672,-1.9950722502404443,-0.13829763888219682,-1.9950722502535059,1.8892989950280992e-10,1.3061551840110042e-11,1.8938086245081296e-10,1.8892989950280992e-10,-29.282217727269597,3.1081803797405883e-09,-3.1081803797405883e-09,-1.0614566181495054e-10,-29.28221772759044,3.4290223993593827e-09,-3.4290223993593827e-09,-1.1710255116811112e-10
low_energy_small_angles,rk45_strict,RK45,1e-08,1e-10,3.584480600750939,-0.05816085871029487,-0.08213006246843416,-0.05816085870694774,-0.08213006243570532,3.3471281302155376e-12,3.272883353222511e-11,3.272883353222511e-11,-0.14016583524725412,-1.994938355791095,-0.14016583521129414,-1.9949383557939746,3.595998498973074e-11,2.879696481272731e-12,3.6075104605335726e-11,3.595998498973074e-11,-29.282217727326184,3.1647680032165226e-09,-3.1647680032165226e-09,-1.0807815285811503e-10,-29.282217727583124,3.4217073618947325e-09,-3.4217073618947325e-09,-1.168527395748241e-10
low_energy_small_angles,rk45_strict,RK45,1e-08,1e-10,3.5894868585732165,-0.0589419434155192,-0.0832019085744827,-0.05894194353150267,-0.08320190860474004,1.1598347282593124e-10,3.0257338301531433e-11,1.1598347282593124e-10,-0.14201376725315884,-1.9948041439865742,-0.14201376739909358,-1.9948041439772273,1.4593473651736133e-10,9.346967644319193e-12,1.4623376192430947e-10,1.4593473651736133e-10,-29.282217727346413,3.1849971549036127e-09,-3.1849971549036127e-09,-1.0876898686111469e-10,-29.282217727547287,3.385871139016672e-09,-3.385871139016672e-09,-1.1562891755370405e-10
low_energy_small_angles,rk45_strict,RK45,1e-08,1e-10,3.5944931163954945,-0.05971453562448605,-0.08426179764633096,-0.05971453572063699,-0.08426179767831658,9.615093443660072e-11,3.1985622483965415e-11,9.615093443660072e-11,-0.14384117588045903,-1.9946696915292281,-0.14384117600831073,-1.994669691520798,1.2785170144802294e-10,8.430145470583739e-12,1.281293288666166e-10,1.2785170144802294e-10,-29.282217727324316,3.1628992758214736e-09,-3.1628992758214736e-09,-1.0801433503486637e-10,-29.282217727504637,3.3432208113026718e-09,-3.3432208113026718e-09,-1.1417239099838074e-10
low_energy_small_angles,rk45_strict,RK45,1e-08,1e-10,3.599499374217772,-0.06047851521218824,-0.08530959006714148,-0.06047851519652525,-0.08530959005900776,1.566299173694219e-11,8.133715923008822e-12,1.566299173694219e-11,-0.1456478048143708,-1.9945350752380349,-0.1456478047906323,-1.9945350752396747,2.373851115677894e-11,1.6397994073713562e-12,2.3795080458719482e-11,2.373851115677894e-11,-29.282217727282973,3.121556346741272e-09,-3.121556346741272e-09,-1.0660245669048508e-10,-29.282217727480866,3.3194496040778176e-09,-3.3194496040778176e-09,-1.1336059431519304e-10
low_energy_small_angles,rk45_strict,RK45,1e-08,1e-10,3.60450563204005,-0.06123376329047123,-0.08634514799321048,-0.06123376316381275,-0.08634514793645029,1.2665847537451924e-10,5.676019376732455e-11,1.2665847537451924e-10,-0.14743340087338516,-1.994400371991698,-0.14743340069041533,-1.9944003720043437,1.8296983372856346e-10,1.2645662295085458e-11,1.8340630531565566e-10,1.8296983372856346e-10,-29.28221772724709,3.085673938585387e-09,-3.085673938585387e-09,-1.0537705742278284e-10,-29.282217727493578,3.332161213620566e-09,-3.332161213620566e-09,-1.1379470110527607e-10
low_energy_small_angles,rk45_strict,RK45,1e-08,1e-10,3.609511889862328,-0.06198016229270939,-0.08736833537801415,-0.061980162109614996,-0.08736833528734413,1.830943938130325e-10,9.067002704199467e-11,1.830943938130325e-10,-0.14919771411363722,-1.9942656586802339,-0.14919771384057018,-1.9942656586994865,2.730670412010028e-10,1.9252599514629765e-11,2.737449023787308e-10,2.730670412010028e-10,-29.28221772723949,3.078074684026433e-09,-3.078074684026433e-09,-1.0511753969668234e-10,-29.28221772754338,3.3819631539699913e-09,-3.3819631539699913e-09,-1.1549545822751865e-10
low_energy_small_angles,rk45_strict,RK45,1e-08,1e-10,3.6145181476846058,-0.06271759597380629,-0.08837901797220887,-0.06271759580351798,-0.0883790178754527,1.702883112297826e-10,9.675617251847513e-11,1.702883112297826e-10,-0.15094049782463725,-1.994131012163646,-0.1509404975583052,-1.994131012182859,2.663320675111436e-10,1.921307557495311e-11,2.6702417953775124e-10,2.663320675111436e-10,-29.282217727270176,3.1087594720702327e-09,-3.1087594720702327e-09,-1.06165438060558e-10,-29.282217727609652,3.448235474934336e-09,-3.448235474934336e-09,-1.177586857463026e-10
low_energy_small_angles,rk45_strict,RK45,1e-08,1e-10,3.619524405506884,-0.06344594941019481,-0.08937706332363153,-0.06344594929757828,-0.08937706325160323,1.1261652721472615e-10,7.202829999108928e-11,1.1261652721472615e-10,-0.15266150852486704,-1.9939965092308034,-0.1526615083407363,-1.9939965092443728,1.8413073843426275e-10,1.3569367851573588e-11,1.8463005329641814e-10,1.8413073843426275e-10,-29.282217727329964,3.1685480905707664e-09,-3.1685480905707664e-09,-1.0820724442453435e-10,-29.282217727650817,3.489400768330597e-09,-3.489400768330597e-09,-1.1916449775767545e-10
low_energy_small_angles,rk45_strict,RK45,1e-08,1e-10,3.6245306633291614,-0.06416510899983678,-0.09036234077729888,-0.06416510898981047,-0.09036234075927285,1.0026313113087326e-11,1.8026025117023892e-11,1.8026025117023892e-11,-0.15436050595724554,-1.9938622265585422,-0.15436050592928735,-1.9938622265608115,2.7958191317623005e-11,2.26929586233382e-12,2.8050136638947335e-11,2.7958191317623005e-11,-29.282217727388684,3.227267342253981e-09,-3.227267342253981e-09,-1.1021253146379996e-10,-29.28221772763825,3.47683482004868e-09,-3.47683482004868e-09,-1.1873536536065933e-10
low_energy_small_angles,rk45_strict,RK45,1e-08,1e-10,3.6295369211514394,-0.06487496247384535,-0.09133472147695049,-0.06487496257173633,-0.09133472150498917,9.789098698309573e-11,2.803868248690833e-11,9.789098698309573e-11,-0.15603725309760635,-1.9937282406701013,-0.15603725322321324,-1.993728240661198,1.256068860033821e-10,8.90332252367898e-12,1.2592203525764376e-10,1.256068860033821e-10,-29.2822177274016,3.2401850091900997e-09,-3.2401850091900997e-09,-1.1065367520017277e-10,-29.282217727598745,3.4373286439404183e-09,-3.4373286439404183e-09,-1.1738621289958516e-10
low_energy_small_angles,rk45_strict,RK45,1e-08,1e-10,3.634543178973717,-0.0655753989768614,-0.09229407836234092,-0.06557539903721185,-0.09229407838635416,6.035044686214519e-11,2.4013235844222436e-11,6.035044686214519e-11,-0.1576915162274274,-1.9935946278896401,-0.15769151631155914,-1.9935946278834724,8.413175711652343e-11,6.167732991002595e-12,8.435753366334268e-11,8.413175711652343e-11,-29.282217727373318,3.211901855593169e-09,-3.211901855593169e-09,-1.0968779365857103e-10,-29.28221772755576,3.394344361140611e-09,-3.394344361140611e-09,-1.1591828163820601e-10
low_energy_small_angles,rk45_strict,RK45,1e-08,1e-10,3.639549436795995,-0.06626630891018408,-0.09324028614247486,-0.06626630885689637,-0.09324028613336549,5.3287707579841026e-11,9.109366039261602e-12,5.3287707579841026e-11,-0.15932306474574975,-1.993461464314644,-0.1593230646835092,-1.993461464319021,6.224054605041829e-11,4.376943252282217e-12,6.239425618506834e-11,6.224054605041829e-11,-29.282217727328316,3.166899631423803e-09,-3.166899631423803e-09,-1.0815094885421615e-10,-29.282217727535084,3.373667567529992e-09,-3.373667567529992e-09,-1.1521216047602511e-10
low_energy_small_angles,rk45_strict,RK45,1e-08,1e-10,3.644555694618273,-0.06694758413886716,-0.09417322135578066,-0.06694758397977765,-0.09417322130868676,1.5908950545817646e-10,4.709389822554755e-11,1.5908950545817646e-10,-0.16093167143075188,-1.9933288257568853,-0.16093167122513352,-1.9933288257719564,2.0561835567534104e-10,1.5071055514681575e-11,2.061699418076206e-10,2.0561835567534104e-10,-29.28221772729312,3.1317028970079264e-09,-3.1317028970079264e-09,-1.0694896563192643e-10,-29.282217727552684,3.3912677110947698e-09,-3.3912677110947698e-09,-1.1581321275050006e-10
low_energy_small_angles,rk45_strict,RK45,1e-08,1e-10,3.6495619524405507,-0.0676191180423928,-0.09509276238041345,-0.0676191178331721,-0.09509276230764774,2.092207102011301e-10,7.276571012404531e-11,2.092207102011301e-10,-0.16251711249542533,-1.993196787697794,-0.1625171122142458,-1.9931967877188397,2.8117952410866565e-10,2.1045609699399392e-11,2.819660306944706e-10,2.8117952410866565e-10,-29.28221772729001,3.128594272538976e-09,-3.128594272538976e-09,-1.0684280480427896e-10,-29.28221772760672,3.4453044861493254e-09,-3.4453044861493254e-09,-1.1765859125166353e-10
low_energy_small_angles,rk45_strict,RK45,1e-08,1e-10,3.6545682102628287,-0.06828080551467168,-0.09599878943425538,-0.06828080532272483,-0.09599878935824466,1.9194684730550193e-10,7.601072549157095e-11,1.9194684730550193e-10,-0.16407916758232724,-1.9930654252483435,-0.16407916731516692,-1.9930654252687252,2.6716032164308956e-10,2.038169633067355e-11,2.6793665483795764e-10,2.6716032164308956e-10,-29.282217727326906,3.165489204093319e-09,-3.165489204093319e-09,-1.0810278217012925e-10,-29.28221772767415,3.512734991772959e-09,-3.512734991772959e-09,-1.1996137126166242e-10
low_energy_small_angles,rk45_strict,RK45,1e-08,1e-10,3.6595744680851063,-0.06893254296404265,-0.09689118457491504,-0.0689325428324094,-0.09689118452113955,1.316332459699865e-10,5.377548406571009e-11,1.316332459699865e-10,-0.16561761975824502,-1.9929348131092826,-0.16561761957340113,-1.9929348131235516,1.8484389019413072e-10,1.4269030401692362e-11,1.853938212851342e-10,1.8484389019413072e-10,-29.282217727391775,3.2303582031545375e-09,-3.2303582031545375e-09,-1.1031808565814659e-10,-29.282217727711878,3.5504612583281414e-09,-3.5504612583281414e-09,-1.2124973906599211e-10
low_energy_small_angles,rk45_strict,RK45,1e-08,1e-10,3.6645807259073844,-0.06957422831327313,-0.09776983169972808,-0.06957422828793006,-0.09776983169156088,2.5343074860906256e-11,8.167203024989078e-12,2.5343074860906256e-11,-0.1671322555087827,-1.9928050255317307,-0.16713225547537272,-1.9928050255342897,3.340996923562045e-11,2.559064071760986e-12,3.35078327148815e-11,3.340996923562045e-11,-29.28221772745164,3.2902249813560047e-09,-3.2902249813560047e-09,-1.1236256120864664e-10,-29.282217727696302,3.53488616156028e-09,-3.53488616156028e-09,-1.2071784298781325e-10
low_energy_small_angles,rk45_strict,RK45,1e-08,1e-10,3.669586983729662,-0.07020576101327435,-0.09863461654684308,-0.07020576108356039,-0.09863461657288217,7.028604087633283e-11,2.6039087552831575e-11,7.028604087633283e-11,-0.16862286474763438,-1.9926761362770753,-0.1686228648436598,-1.9926761362695804,9.602540984587904e-11,7.494893594639507e-12,9.631745826206177e-11,9.602540984587904e-11,-29.28221772746145,3.300034023823173e-09,-3.300034023823173e-09,-1.1269754411737198e-10,-29.282217727655656,3.4942395643611235e-09,-3.4942395643611235e-09,-1.19329744668825e-10
low_energy_small_angles,rk45_strict,RK45,1e-08,1e-10,3.67459324155194,-0.07082704210265585,-0.09948542668658938,-0.07082704213162282,-0.0994854267077586,2.8966967713373037e-11,2.1169219155403596e-11,2.8966967713373037e-11,-0.17008924086184096,-1.992548218574922,-0.17008924091179983,-1.9925482185707697,4.995887037395619e-11,4.1522341120980855e-12,5.013112583179664e-11,4.995887037395619e-11,-29.282217727431302,3.269885695544872e-09,-3.269885695544872e-09,-1.1166796607918175e-10,-29.28221772761447,3.4530529546827893e-09,-3.4530529546827893e-09,-1.1792320469749113e-10
low_energy_small_angles,rk45_strict,RK45,1e-08,1e-10,3.679599499374218,-0.07143797407972584,-0.1003221515085699,-0.07143797400213786,-0.10032215150367214,7.758797770929249e-11,4.897762750921686e-12,7.758797770929249e-11,-0.17153118056564548,-1.992421345095086,-0.17153118048338228,-1.9924213451011146,8.226319625492806e-11,6.0285110237146e-12,8.248379479170354e-11,8.226319625492806e-11,-29.28221772738676,3.22534532415375e-09,-3.22534532415375e-09,-1.1014689374064878e-10,-29.282217727597736,3.436319673255639e-09,-3.436319673255639e-09,-1.173517561280973e-10
low_energy_small_angles,rk45_strict,RK45,1e-08,1e-10,3.6846057571964956,-0.0720384610974508,-0.10114468226694155,-0.07203846092305836,-0.10114468223296094,1.74392431051551e-10,3.3980609992489974e-11,1.74392431051551e-10,-0.17294848413434633,-1.9922955878914048,-0.17294848392659926,-1.9922955879073878,2.077470695471817e-10,1.598299270710868e-11,2.083609871384685e-10,2.077470695471817e-10,-29.28221772735441,3.1929943133945926e-09,-3.1929943133945926e-09,-1.0904209317315407e-10,-29.28221772761936,3.4579450414184976e-09,-3.4579450414184976e-09,-1.180902715085432e-10
low_energy_small_angles,rk45_strict,RK45,1e-08,1e-10,3.6896120150187737,-0.07262840899915322,-0.10195291208592383,-0.07262840878026977,-0.10195291203281948,2.188834530292283e-10,5.310435424732418e-11,2.188834530292283e-10,-0.1743409554396227,-1.9921710183606585,-0.17434095516848766,-1.9921710183819465,2.711350310935501e-10,2.1288082407977527e-11,2.7196946067290204e-10,2.711350310935501e-10,-29.282217727355125,3.1937084088440315e-09,-3.1937084088440315e-09,-1.0906647983184795e-10,-29.28221772767513,3.513711988034629e-09,-3.513711988034629e-09,-1.1999473609320876e-10
low_energy_small_angles,rk45_strict,RK45,1e-08,1e-10,3.6946182728410513,-0.07320772531851125,-0.10274673595979841,-0.07320772511758965,-0.10274673590529802,2.0092159880302773e-10,5.4500390311851277e-11,2.0092159880302773e-10,-0.17570840194372644,-1.9920477072049807,-0.17570840168913004,-1.9920477072252665,2.5459639951819213e-10,2.0285773061345935e-11,2.554032874422789e-10,2.5459639951819213e-10,-29.282217727394787,3.2333709043541603e-09,-3.2333709043541603e-09,-1.1042097066596952e-10,-29.28221772774015,3.578733753784036e-09,-3.578733753784036e-09,-1.2221525662761336e-10
low_energy_small_angles,rk45_strict,RK45,1e-08,1e-10,3.6996245306633293,-0.07377631927955905,-0.1035260507529096,-0.0737763191369522,-0.10352605071732228,1.4260684300104742e-10,3.55873247537275e-11,1.4260684300104742e-10,-0.17705063469364324,-1.9919257243947448,-0.17705063451602754,-1.991925724408934,1.776156999255818e-10,1.418909434391935e-11,1.7818155700957088e-10,1.776156999255818e-10,-29.28221772745941,3.2979947661715414e-09,-3.2979947661715414e-09,-1.1262790261443523e-10,-29.282217727770934,3.609518017810842e-09,-3.609518017810842e-09,-1.2326655213797376e-10
low_energy_small_angles,rk45_strict,RK45,1e-08,1e-10,3.704630788485607,-0.0743341017966865,-0.10429075519966388,-0.07433410175721242,-0.104290755200696,3.9474076785062095e-11,1.0321188348427768e-12,3.9474076785062095e-11,-0.17836746831522593,-1.9918051391319453,-0.17836746827688738,-1.9918051391347698,3.833855455326329e-11,2.8244073746463982e-12,3.8442451043755035e-11,3.936506676183171e-11,-29.282217727514833,3.3534170995608292e-09,-3.3534170995608292e-09,-1.1452059851306444e-10,-29.282217727752425,3.5910083795442915e-09,-3.5910083795442915e-09,-1.2263444023849566e-10
low_energy_small_angles,rk45_strict,RK45,1e-08,1e-10,3.709637046307885,-0.07488098548981219,-0.10504074990537604,-0.07488098552479933,-0.10504074993001508,3.498713818661514e-11,2.463904080762802e-11,3.498713818661514e-11,-0.1796587210232824,-1.99168601981286,-0.17965872108267472,-1.9916860198076591,5.939232439189368e-11,5.200950781159008e-12,5.961961158628902e-11,5.939232439189368e-11,-29.282217727519317,3.3579006242234755e-09,-3.3579006242234755e-09,-1.1467371275819714e-10,-29.28221772771259,3.5511753537775803e-09,-3.5511753537775803e-09,-1.21274125724686e-10
low_energy_small_angles,rk45_strict,RK45,1e-08,1e-10,3.714643304130163,-0.07541688471381215,-0.10577593733548253,-0.07541688470762946,-0.1057759373541893,6.182693246259419e-12,1.8706772242360614e-11,1.8706772242360614e-11,-0.18092421463429434,-1.9915684339913242,-0.18092421464673142,-1.9915684339898148,1.2437079144334007e-11,1.5094592242803628e-12,1.2528344056266693e-11,1.2437079144334007e-11,-29.282217727489638,3.328221254150776e-09,-3.328221254150776e-09,-1.1366014983914917e-10,-29.282217727676308,3.514891488975991e-09,-3.514891488975991e-09,-1.200350165443847e-10
low_energy_small_angles,rk45_strict,RK45,1e-08,1e-10,3.7196495619524406,-0.07594171548311654,-0.10649622181309343,-0.07594171538767862,-0.10649622181156083,9.543792145461083e-11,1.5325934965559895e-12,9.543792145461083e-11,-0.18216377448289084,-1.9914524483495588,-0.18216377438620407,-1.9914524483569624,9.668676970164825e-11,7.403633262015319e-12,9.696981602961813e-11,9.668676970164825e-11,-29.282217727450547,3.289130745542934e-09,-3.289130745542934e-09,-1.1232519259731474e-10,-29.282217727666403,3.504986523239495e-09,-3.504986523239495e-09,-1.1969675781583482e-10
low_energy_small_angles,rk45_strict,RK45,1e-08,1e-10,3.7246558197747186,-0.07645539563405139,-0.10720150955239521,-0.07645539546098207,-0.10720150952990443,1.7306932276195397e-10,2.249078701055396e-11,1.7306932276195397e-10,-0.18337722961103778,-1.9913381286477865,-0.1833772294161124,-1.991338128663412,1.9492538139154192e-10,1.5625500893179378e-11,1.9555065990377233e-10,1.9492538139154192e-10,-29.282217727426616,3.265199666202534e-09,-3.265199666202534e-09,-1.1150793621441945e-10,-29.282217727693293,3.531877013074336e-09,-3.531877013074336e-09,-1.2061507930665049e-10
low_energy_small_angles,rk45_strict,RK45,1e-08,1e-10,3.729662077596996,-0.07695784484359422,-0.10789170866125285,-0.07695784463763419,-0.10789170862642701,2.0596002681116943e-10,3.4825836658924914e-11,2.0596002681116943e-10,-0.18456441278340013,-1.9912255396881147,-0.18456441254342637,-1.9912255397076994,2.3997376308315665e-10,1.958477824359761e-11,2.4077161482853807e-10,2.3997376308315665e-10,-29.28221772743484,3.273424198368957e-09,-3.273424198368957e-09,-1.1178880743270962e-10,-29.282217727749202,3.5877860682376195e-09,-3.5877860682376195e-09,-1.225243969577228e-10
low_energy_small_angles,rk45_strict,RK45,1e-08,1e-10,3.7346683354192742,-0.07744898462937436,-0.10856672914121016,-0.07744898444178884,-0.10856672910776813,1.875855165645035e-10,3.34420269254565e-11,1.875855165645035e-10,-0.18572516048143017,-1.9911147452806746,-0.18572516026116187,-1.9911147452988118,2.202683035967823e-10,1.8137269464091332e-11,2.2101376905753477e-10,2.202683035967823e-10,-29.282217727476706,3.3152893763599423e-09,-3.3152893763599423e-09,-1.1321852079613568e-10,-29.282217727806753,3.6453364771205088e-09,-3.6453364771205088e-09,-1.2448976752579296e-10
low_energy_small_angles,rk45_strict,RK45,1e-08,1e-10,3.739674593241552,-0.07792873834967264,-0.1092264828874894,-0.07792873821499585,-0.10922648287040712,1.3467678361411828e-10,1.7082280034941277e-11,1.3467678361411828e-10,-0.1868593128974779,-1.9910058082103563,-0.18685931274622936,-1.991005808222703,1.5124854146897349e-10,1.2346568212251441e-11,1.5175163604756152e-10,1.5124854146897349e-10,-29.282217727534672,3.3732554527432512e-09,-3.3732554527432512e-09,-1.1519808658344557e-10,-29.28221772782388,3.662464109766006e-09,-3.662464109766006e-09,-1.250746833544655e-10
low_energy_small_angles,rk45_strict,RK45,1e-08,1e-10,3.74468085106383,-0.07839703120342169,-0.10987088368899176,-0.07839703115572227,-0.10987088369914531,4.769941386317811e-11,1.0153558549497177e-11,4.769941386317811e-11,-0.18796671392893335,-1.9908987902041542,-0.1879667138914728,-1.9908987902067765,3.7460562429814104e-11,2.6223467841646197e-12,3.755223615464755e-11,4.755290605729101e-11,-29.282217727573144,3.411727789170982e-09,-3.411727789170982e-09,-1.1651193298641068e-10,-29.28221772780105,3.639634371666034e-09,-3.639634371666034e-09,-1.2429503823622246e-10
low_energy_small_angles,rk45_strict,RK45,1e-08,1e-10,3.749687108886108,-0.07885379025216256,-0.11049984722978813,-0.07885379023970046,-0.11049984725124132,1.2462100795751496e-11,2.1453186449527095e-11,2.1453186449527095e-11,-0.1890472111957756,-1.9907937518972374,-0.18904721120467455,-1.9907937518958534,8.898937142731711e-12,1.3840040224977201e-12,9.005917466009774e-12,1.2423381767767694e-11,-29.282217727564955,3.4035387841413467e-09,-3.4035387841413467e-09,-1.162322750347222e-10,-29.282217727764195,3.6027785199621576e-09,-3.6027785199621576e-09,-1.2303639546363402e-10
low_energy_small_angles,rk45_strict,RK45,1e-08,1e-10,3.7546933667083855,-0.0792989443989528,-0.11111329107571057,-0.07929894434480203,-0.11111329108844108,5.415076720360901e-11,1.2730511089742436e-11,5.415076720360901e-11,-0.19010065600043935,-1.990690752804648,-0.19010065595911074,-1.990690752807526,4.1328607203183765e-11,2.8779201244333308e-12,4.142868809892091e-11,5.3980597769509586e-11,-29.282217727535873,3.374456269966686e-09,-3.374456269966686e-09,-1.1523909499458253e-10,-29.282217727737287,3.5758702665589226e-09,-3.5758702665589226e-09,-1.221174673395175e-10
low_energy_small_angles,rk45_strict,RK45,1e-08,1e-10,3.7596996245306635,-0.07973242440833395,-0.11171113468714676,-0.07973242429008624,-0.11171113468421615,1.182477032957152e-10,2.9306140847396023e-12,1.182477032957152e-10,-0.19112690335471094,-1.9905898512875515,-0.19112690323392656,-1.9905898512972966,1.207843824957422e-10,9.745093620949774e-12,1.2117687033654084e-10,1.207843824957422e-10,-29.282217727507263,3.3458462667113054e-09,-3.3458462667113054e-09,-1.1426205140024529e-10,-29.28221772773876,3.577344642735625e-09,-3.577344642735625e-09,-1.2216781790348746e-10
low_energy_small_angles,rk45_strict,RK45,1e-08,1e-10,3.764705882352941,-0.08015416300294625,-0.11229329943981242,-0.08015416283579975,-0.11229329942376326,1.6714650497018368e-10,1.6049161999376338e-11,1.6714650497018368e-10,-0.19212581209100033,-1.9904911045130094,-0.19212581190844238,-1.9904911045281908,1.8255794098642752e-10,1.5181411683329316e-11,1.8318809207451964e-10,1.8255794098642752e-10,-29.282217727498917,3.337500942279803e-09,-3.337500942279803e-09,-1.1397705507550939e-10,-29.28221772777301,3.6115928025992616e-09,-3.6115928025992616e-09,-1.2333740690751218e-10
low_energy_small_angles,rk45_strict,RK45,1e-08,1e-10,3.769712140175219,-0.08056409486517963,-0.1128597086250252,-0.08056409468337686,-0.11285970860400482,1.818027672850775e-10,2.1020379881164786e-11,1.818027672850775e-10,-0.19309724485862617,-1.9903945684240534,-0.19309724465652645,-1.9903945684410516,2.0209972584339653e-10,1.6998180640825922e-11,2.0281330659272382e-10,2.0209972584339653e-10,-29.282217727519917,3.3585010328351927e-09,-3.3585010328351927e-09,-1.1469421696376563e-10,-29.28221772782646,3.665043379896815e-09,-3.665043379896815e-09,-1.2516276650974785e-10
low_energy_small_angles,rk45_strict,RK45,1e-08,1e-10,3.7747183979974968,-0.08096215663717327,-0.1134102874497042,-0.08096215647543928,-0.11341028743358847,1.6173398731389454e-10,1.6115733747490424e-11,1.6173398731389454e-10,-0.19404106811825333,-1.990300297710614,-0.19404106794103693,-1.9903002977255178,1.7721640821477536e-10,1.4903855927173026e-11,1.7784200927239838e-10,1.7721640821477536e-10,-29.28221772756322,3.401805059866092e-09,-3.401805059866092e-09,-1.1617306762455995e-10,-29.282217727867874,3.7064573632505926e-09,-3.7064573632505926e-09,-1.265770713873325e-10
low_energy_small_angles,rk45_strict,RK45,1e-08,1e-10,3.779724655819775,-0.08134828692081604,-0.1139449630363704,-0.08134828680662672,-0.11394496303536344,1.1418932466256138e-10,1.0069584055472092e-12,1.1418932466256138e-10,-0.19495715213640966,-1.9902083457811481,-0.19495715202159752,-1.9902083457905415,1.1481213202380047e-10,9.393374966748524e-12,1.1519575145428119e-10,1.1481213202380047e-10,-29.282217727604642,3.443226148647227e-09,-3.443226148647227e-09,-1.1758761515546493e-10,-29.28221772786517,3.7037537481410254e-09,-3.7037537481410254e-09,-1.2648474179894424e-10
low_energy_small_angles,rk45_strict,RK45,1e-08,1e-10,3.784730913642053,-0.08172242628187712,-0.11446366442432719,-0.08172242621646426,-0.11446366443929255,6.541285568761879e-11,1.496536228273726e-11,6.541285568761879e-11,-0.19584537098537608,-1.990118764734504,-0.19584537093504897,-1.9901187647381344,5.0327103595648737e-11,3.630429290524262e-12,5.045787721615582e-11,6.519454420761406e-11,-29.282217727610828,3.4494114231620188e-09,-3.4494114231620188e-09,-1.1779884487081837e-10,-29.28221772783811,3.676692728049602e-09,-3.676692728049602e-09,-1.2556059662844048e-10
low_energy_small_angles,rk45_strict,RK45,1e-08,1e-10,3.7897371714643304,-0.08208451725680248,-0.11496632256882497,-0.08208451718585068,-0.11496632258236562,7.095179999083712e-11,1.354065470859922e-11,7.095179999083712e-11,-0.19670560254381972,-1.9900316053325056,-0.19670560248655808,-1.9900316053367697,5.726163987418431e-11,4.264144592980301e-12,5.742019096267982e-11,7.07129077515134e-11,-29.282217727591757,3.4303404561342177e-09,-3.4303404561342177e-09,-1.1714756335903366e-10,-29.282217727808742,3.647325996780637e-09,-3.647325996780637e-09,-1.2455771045548733e-10
low_energy_small_angles,rk45_strict,RK45,1e-08,1e-10,3.7947434292866085,-0.08243450433232671,-0.1154528703327208,-0.08243450422744951,-0.11545287033611185,1.048772041434276e-10,3.3910513286272703e-12,1.048772041434276e-10,-0.19753772846297502,-1.9899469169763533,-0.19753772836182243,-1.9899469169845982,1.011525863070517e-10,8.244960270076263e-12,1.0148805391010649e-10,1.0452105847491566e-10,-29.282217727567957,3.406540827199933e-09,-3.406540827199933e-09,-1.1633479606256461e-10,-29.28221772779737,3.6359537602947967e-09,-3.6359537602947967e-09,-1.2416934381628784e-10
low_energy_small_angles,rk45_strict,RK45,1e-08,1e-10,3.799749687108886,-0.08277233403053914,-0.11592324251470966,-0.08277233389016628,-0.11592324250786575,1.403728661086845e-10,6.843914324150546e-12,1.403728661086845e-10,-0.1983416342743527,-1.989864747670878,-0.19834163412766245,-1.9898647476832751,1.4669024328561875e-10,1.2397194382174348e-11,1.4721317163808214e-10,1.4669024328561875e-10,-29.28221772755742,3.396003478428611e-09,-3.396003478428611e-09,-1.1597494118850472e-10,-29.282217727814505,3.6530884983676515e-09,-3.6530884983676515e-09,-1.2475450229828072e-10
low_energy_small_angles,rk45_strict,RK45,1e-08,1e-10,3.804755944931164,-0.08309795491993004,-0.11637737585286714,-0.08309795475914869,-0.11637737584076749,1.6078134656982712e-10,1.2099654611574806e-11,1.6078134656982712e-10,-0.19911720939924749,-1.9897851439983003,-0.1991172092270031,-1.9897851440130507,1.7224438542129406e-10,1.475042310516983e-11,1.7287481971340077e-10,1.7224438542129406e-10,-29.28221772757016,3.4087435096807894e-09,-3.4087435096807894e-09,-1.164100185918691e-10,-29.282217727855144,3.6937279901394504e-09,-3.6937279901394504e-09,-1.2614235796394862e-10
low_energy_small_angles,rk45_strict,RK45,1e-08,1e-10,3.8097622027534417,-0.08341131761539039,-0.11681520902464916,-0.08341131745578634,-0.11681520901376255,1.596040521967268e-10,1.0886611057081552e-11,1.596040521967268e-10,-0.19986434714383072,-1.9897081510940606,-0.19986434697396915,-1.9897081511086268,1.698615692546923e-10,1.4566126083082054e-11,1.7048496924578096e-10,1.698615692546923e-10,-29.28221772760235,3.4409346483244008e-09,-3.4409346483244008e-09,-1.1750935945965624e-10,-29.282217727897464,3.736047915481322e-09,-3.736047915481322e-09,-1.2758760113987627e-10
low_energy_small_angles,rk45_strict,RK45,1e-08,1e-10,3.8147684605757197,-0.08371237477821215,-0.11723668264689222,-0.0837123746390958,-0.11723668264259422,1.3911635732277716e-10,4.297992517443561e-12,1.3911635732277716e-10,-0.20058294469436538,-1.9896338126234254,-0.2005829445514677,-1.9896338126355602,1.428976936779236e-10,1.2134737659152961e-11,1.4341200339067213e-10,1.428976936779236e-10,-29.28221772763482,3.4734028986349585e-09,-3.4734028986349585e-09,-1.186181638069365e-10,-29.282217727908034,3.7466172386757535e-09,-3.7466172386757535e-09,-1.2794854795387767e-10
low_energy_small_angles,rk45_strict,RK45,1e-08,1e-10,3.8197747183979978,-0.08400108111776965,-0.11764173927732324,-0.08400108100761082,-0.11764173928514317,1.1015882650511344e-10,7.819925262886329e-12,1.1015882650511344e-10,-0.2012729031157208,-1.9895621707585622,-0.20127290301371625,-1.9895621707668871,1.0200454370057344e-10,8.324896327849274e-12,1.0234368976361774e-10,1.0977040110216052e-10,-29.28221772763971,3.478294985370667e-09,-3.478294985370667e-09,-1.1878523061798858e-10,-29.282217727890224,3.7288074850039266e-09,-3.7288074850039266e-09,-1.2734033740645278e-10
low_energy_small_angles,rk45_strict,RK45,1e-08,1e-10,3.8247809762202754,-0.08427739338822117,-0.11803032341736341,-0.08427739328104929,-0.11803032342543571,1.0717188247966192e-10,8.072292834171435e-12,1.0717188247966192e-10,-0.20193412734634159,-1.9894932661566642,-0.20193412724756624,-1.989493266164735,9.87753490111487e-11,8.070877299815038e-12,9.910453386532276e-11,1.0679149231584972e-10,-29.282217727624605,3.463188846808407e-09,-3.463188846808407e-09,-1.1826934965895196e-10,-29.282217727865465,3.704048623376366e-09,-3.704048623376366e-09,-1.2649481191173823e-10
low_energy_small_angles,rk45_strict,RK45,1e-08,1e-10,3.8297872340425534,-0.0845412703862968,-0.11840238150297155,-0.08454127026594582,-0.1184023815046541,1.2035097918250415e-10,1.6825429938194247e-12,1.2035097918250415e-10,-0.20256652618255808,-1.989427137940194,-0.2025665260643077,-1.9894271379501576,1.1825038170876212e-10,9.963585512196005e-12,1.1866939711031983e-10,1.199211424607327e-10,-29.28221772760705,3.445634888521454e-09,-3.445634888521454e-09,-1.176698746310592e-10,-29.28221772785238,3.6909639788973436e-09,-3.6909639788973436e-09,-1.260479658223375e-10
low_energy_small_angles,rk45_strict,RK45,1e-08,1e-10,3.834793491864831,-0.08479267300517376,-0.11875786193311177,-0.08479267286759185,-0.11875786192803443,1.3758191808044273e-10,5.077341325154805e-12,1.3758191808044273e-10,-0.20317001235628604,-1.9893638236687459,-0.20317001221415684,-1.9893638236809994,1.4212919730027807e-10,1.2253531522787853e-11,1.4265643259243982e-10,1.4212919730027807e-10,-29.282217727601818,3.4404017412725807e-09,-3.4404017412725807e-09,-1.1749116046063095e-10,-29.28221772786236,3.7009435516210942e-09,-3.7009435516210942e-09,-1.2638877241075094e-10
low_energy_small_angles,rk45_strict,RK45,1e-08,1e-10,3.839799749687109,-0.08503156424035152,-0.1190967150736004,-0.08503156409003572,-0.11909671506486702,1.5031580147262247e-10,8.733375134184485e-12,1.5031580147262247e-10,-0.2037445025405861,-1.9893033593185856,-0.20374450238214187,-1.9893033593323892,1.584442299584765e-10,1.3803624909769496e-11,1.5904437766794585e-10,1.584442299584765e-10,-29.282217727615535,3.4541187687864294e-09,-3.4541187687864294e-09,-1.1795960269554168e-10,-29.282217727893322,3.731905451331841e-09,-3.731905451331841e-09,-1.2744613425411975e-10
low_energy_small_angles,rk45_strict,RK45,1e-08,1e-10,3.844806007509387,-0.08525790918965166,-0.11941889325710586,-0.08525790903608257,-0.11941889324849608,1.5356908800168156e-10,8.609779555968089e-12,1.5356908800168156e-10,-0.2042899173456999,-1.9892457792639606,-0.20428991718414014,-1.9892457792780633,1.6155976556575524e-10,1.4102718992603513e-11,1.6217411794933905e-10,1.6155976556575524e-10,-29.282217727641946,3.4805296422746324e-09,-3.4805296422746324e-09,-1.188615450872346e-10,-29.282217727927897,3.766480460853927e-09,-3.766480460853927e-09,-1.2862688531087997e-10
low_energy_small_angles,rk45_strict,RK45,1e-08,1e-10,3.8498122653316647,-0.08547167505321787,-0.11972435078314876,-0.08547167490739695,-0.11972435077730187,1.4582092477954944e-10,5.846892414673732e-12,1.4582092477954944e-10,-0.2048061813152434,-1.9891911162592524,-0.20480618116414973,-1.989191116272399,1.5109366535703828e-10,1.3146594923796329e-11,1.516645267329017e-10,1.5109366535703828e-10,-29.282217727661532,3.5001157527858595e-09,-3.5001157527858595e-09,-1.1953041896474377e-10,-29.28221772793745,3.776033707936222e-09,-3.776033707936222e-09,-1.2895313270007317e-10
low_energy_small_angles,rk45_strict,RK45,1e-08,1e-10,3.8548185231539427,-0.08567283113202073,-0.12001304392312204,-0.08567283099559338,-0.12001304392326317,1.364273555237716e-10,1.4113710200547303e-13,1.364273555237716e-10,-0.20529322292605567,-1.9891394014214945,-0.2052932227902688,-1.9891394014331514,1.3578688173865316e-10,1.1656897669354294e-11,1.362863181525599e-10,1.3592699188436086e-10,-29.282217727657205,3.4957885475250805e-09,-3.4957885475250805e-09,-1.1938264309265848e-10,-29.28221772792362,3.762202993584651e-09,-3.762202993584651e-09,-1.2848080801203704e-10
low_energy_small_angles,rk45_strict,RK45,1e-08,1e-10,3.8598247809762203,-0.08586134881556008,-0.12028493091678664,-0.0858613486808591,-0.1202849309163067,1.347009864760551e-10,4.799494135454552e-13,1.347009864760551e-10,-0.20575097456898633,-1.9890906642156874,-0.20575097443430507,-1.9890906642272963,1.346812661395802e-10,1.1608936034690487e-11,1.351806600250863e-10,1.346812661395802e-10,-29.282217727643516,3.482099941720662e-09,-3.482099941720662e-09,-1.189151714710291e-10,-29.282217727905017,3.743600984762452e-09,-3.743600984762452e-09,-1.2784554161939458e-10
low_energy_small_angles,rk45_strict,RK45,1e-08,1e-10,3.8648310387984983,-0.08603720160719702,-0.12053997197959276,-0.08603720146913313,-0.12053997197556839,1.3806389365100813e-10,4.024378053024691e-12,1.3806389365100813e-10,-0.20617937257809155,-1.9890449324364432,-0.20617937243654316,-1.989044932448791,1.4154838412494541e-10,1.2347900479880991e-11,1.4208594474698807e-10,1.4154838412494541e-10,-29.28221772763396,3.472543141924689e-09,-3.472543141924689e-09,-1.1858880275517572e-10,-29.282217727897137,3.735721065822872e-09,-3.735721065822872e-09,-1.2757643908714074e-10
low_energy_small_angles,rk45_strict,RK45,1e-08,1e-10,3.869837296620776,-0.08620036514073195,-0.12077812932507437,-0.08620036499689591,-0.12077812931732335,1.4383604030054897e-10,7.75102204642053e-12,1.4383604030054897e-10,-0.20657835726624102,-1.9890022321893956,-0.20657835711524447,-1.9890022322027128,1.509965485979592e-10,1.3317125180378753e-11,1.5158266230531028e-10,1.509965485979592e-10,-29.2822177276381,3.4766820533604914e-09,-3.4766820533604914e-09,-1.1873014831427207e-10,-29.28221772790825,3.74683395421016e-09,-3.74683395421016e-09,-1.2795594888014794e-10
low_energy_small_angles,rk45_strict,RK45,1e-08,1e-10,3.874843554443054,-0.08635081718053297,-0.12099936716521784,-0.08635081703116936,-0.12099936715498592,1.493636186955527e-10,1.0231912539460097e-11,1.493636186955527e-10,-0.20694787292264402,-1.9889625878775026,-0.20694787276367982,-1.988962587891619,1.589642029120597e-10,1.4116485758108865e-11,1.595897646392944e-10,1.589642029120597e-10,-29.282217727655553,3.4941365356644383e-09,-3.4941365356644383e-09,-1.1932622619568012e-10,-29.282217727934103,3.7726870516507915e-09,-3.7726870516507915e-09,-1.288388429861944e-10
low_energy_small_angles,rk45_strict,RK45,1e-08,1e-10,3.879849812265332,-0.08648853762153579,-0.12120365171046174,-0.08648853746951671,-0.12120365169910961,1.5201907788142677e-10,1.135212757130688e-11,1.5201907788142677e-10,-0.20728786781006187,-1.9889260221882863,-0.20728786764734217,-1.9889260222027905,1.62719698826308e-10,1.450417563830797e-11,1.6336484167981574e-10,1.62719698826308e-10,-29.282217727673924,3.5125076180975157e-09,-3.5125076180975157e-09,-1.1995360635541163e-10,-29.282217727957022,3.7956056075927336e-09,-3.7956056075927336e-09,-1.2962152127094165e-10
low_energy_small_angles,rk45_strict,RK45,1e-08,1e-10,3.8848560700876096,-0.08661350848729289,-0.12139095117226531,-0.08661350833648215,-0.12139095116145676,1.5081073889700036e-10,1.0808548500662596e-11,1.5081073889700036e-10,-0.20759829416281128,-1.988892556081813,-0.20759829400183685,-1.9888925560961677,1.6097442823159724e-10,1.4354739619193424e-11,1.6161319591550837e-10,1.6097442823159724e-10,-29.28221772767493,3.513513036068616e-09,-3.513513036068616e-09,-1.1998794180023932e-10,-29.282217727956215,3.794799141587646e-09,-3.794799141587646e-09,-1.295939801190834e-10
low_energy_small_angles,rk45_strict,RK45,1e-08,1e-10,3.8898623279098876,-0.08672571391592292,-0.12156123576793977,-0.08672571376697776,-0.1215612357581758,1.4894516175978367e-10,9.763967412368402e-12,1.4894516175978367e-10,-0.20787910817514604,-1.9888622087803305,-0.20787910801706874,-1.9888622087944157,1.580773012488379e-10,1.4085177468814436e-11,1.5870357713184617e-10,1.580773012488379e-10,-29.282217727665525,3.5041090029608313e-09,-3.5041090029608313e-09,-1.196667901307732e-10,-29.28221772794356,3.7821443754637585e-09,-3.7821443754637585e-09,-1.2916181455556306e-10
low_energy_small_angles,rk45_strict,RK45,1e-08,1e-10,3.894868585732165,-0.08682514017475494,-0.12171447771802242,-0.08682514002722845,-0.1217144777080734,1.4752649102334203e-10,9.9490138349978e-12,1.4752649102334203e-10,-0.208130270011014,-1.988834997757215,-0.20813026985416783,-1.988834997771216,1.5684617493683106e-10,1.4001022563547849e-11,1.5746984227190929e-10,1.5684617493683106e-10,-29.282217727657674,3.496257505730682e-09,-3.496257505730682e-09,-1.1939865821180072e-10,-29.282217727932984,3.771567946841969e-09,-3.771567946841969e-09,-1.288006250882413e-10
low_energy_small_angles,rk45_strict,RK45,1e-08,1e-10,3.8998748435544432,-0.08691177566641024,-0.12185065127417144,-0.08691177551914833,-0.12185065126248713,1.4726191099878605e-10,1.1684306300274727e-11,1.4726191099878605e-10,-0.2083517438357698,-1.988810938723841,-0.20835174367746606,-1.9888109387380442,1.583037312347102e-10,1.4203083154029628e-11,1.5893960769396546e-10,1.583037312347102e-10,-29.282217727659955,3.498538347912472e-09,-3.498538347912472e-09,-1.1947654992762893e-10,-29.282217727934835,3.7734189106686244e-09,-3.7734189106686244e-09,-1.288638362781891e-10
low_energy_small_angles,rk45_strict,RK45,1e-08,1e-10,3.904881101376721,-0.08698561092831052,-0.12196973272160663,-0.08698561077985797,-0.1219697327069961,1.4845254192596968e-10,1.461053500406706e-11,1.4845254192596968e-10,-0.2085434978162662,-1.9887900456209873,-0.20854349765387298,-1.9887900456356618,1.6239320999034135e-10,1.467448385028547e-11,1.6305488378837168e-10,1.6239320999034135e-10,-29.28221772767267,3.511253510168899e-09,-3.511253510168899e-09,-1.1991077804437214e-10,-29.282217727950343,3.788926505876589e-09,-3.788926505876589e-09,-1.293934271498248e-10
low_energy_small_angles,rk45_strict,RK45,1e-08,1e-10,3.909887359198999,-0.08704663863267798,-0.12207170037910954,-0.0870466384816845,-0.12207170036142109,1.5099348160685366e-10,1.7688447928598805e-11,1.5099348160685366e-10,-0.20870550411921074,-1.988772330611405,-0.2087055039512321,-1.9887723306266856,1.6797863100492805e-10,1.5280665621730805e-11,1.6867222419868934e-10,1.6797863100492805e-10,-29.282217727685584,3.524167624391339e-09,-3.524167624391339e-09,-1.2035180045408476e-10,-29.28221772796898,3.807564041835576e-09,-3.807564041835576e-09,-1.3002990680906895e-10
low_energy_small_angles,rk45_strict,RK45,1e-08,1e-10,3.914893617021277,-0.08709485358226887,-0.12215653460140331,-0.08709485343011882,-0.12215653458084313,1.5215005644275692e-10,2.056017855966985e-11,1.5215005644275692e-10,-0.20883773890783341,-1.988757804073376,-0.2088377387358531,-1.988757804089116,1.7198031887488696e-10,1.5740075909320694e-11,1.726991026900226e-10,1.7198031887488696e-10,-29.28221772768562,3.524203151528127e-09,-3.524203151528127e-09,-1.2035301372068644e-10,-29.282217727972828,3.811411630749717e-09,-3.811411630749717e-09,-1.3016130358203147e-10
low_energy_small_angles,rk45_strict,RK45,1e-08,1e-10,3.9198998748435545,-0.0871302526963243,-0.12222421778410893,-0.08713025254443178,-0.12222421776249705,1.518925124566195e-10,2.1611878953109454e-11,1.518925124566195e-10,-0.2089401823315678,-1.9887464745957184,-0.20894018215880084,-1.9887464746115708,1.7276696739898512e-10,1.585243047941276e-11,1.734927219693858e-10,1.7276696739898512e-10,-29.282217727681665,3.520248981203622e-09,-3.520248981203622e-09,-1.2021797714791886e-10,-29.28221772796915,3.8077345720921585e-09,-3.8077345720921585e-09,-1.3003573048875704e-10
low_energy_small_angles,rk45_strict,RK45,1e-08,1e-10,3.9249061326658325,-0.08715283502292993,-0.12227473437224828,-0.08715283487169154,-0.1222747343501816,1.5123839680608597e-10,2.206668181514715e-11,1.5123839680608597e-10,-0.2090128185457636,-1.9887383489709722,-0.20901281837319727,-1.988738348986828,1.7256632234285973e-10,1.5855761148486636e-11,1.7329322193478205e-10,1.7256632234285973e-10,-29.282217727680553,3.5191369818221574e-09,-3.5191369818221574e-09,-1.2018000190328613e-10,-29.282217727967012,3.8055958384575206e-09,-3.8055958384575206e-09,-1.2996269183933558e-10
low_energy_small_angles,rk45_strict,RK45,1e-08,1e-10,3.92991239048811,-0.08716260173091932,-0.12230807087838712,-0.08716260158086406,-0.12230807085495907,1.5005525988431856e-10,2.3428051165730324e-11,1.5005525988431856e-10,-0.20905563572079203,-1.9887334321901018,-0.2090556355480534,-1.9887334322060228,1.7273862895628156e-10,1.5921042262334595e-11,1.734707857837018e-10,1.7273862895628156e-10,-29.282217727684756,3.5233398421041784e-09,-3.5233398421041784e-09,-1.203235313422655e-10,-29.282217727970068,3.808651172221289e-09,-3.808651172221289e-09,-1.3006703276708053e-10
low_energy_small_angles,rk45_strict,RK45,1e-08,1e-10,3.934918648310388,-0.08715955610903936,-0.12232421588345602,-0.0871595559598599,-0.12232421585782001,1.49179460451343e-10,2.5636007205953604e-11,1.49179460451343e-10,-0.20906862604139892,-1.9887317274395921,-0.2090686258673413,-1.9887317274557061,1.7405762942068748e-10,1.6113999024014447e-11,1.7480194313592544e-10,1.7405762942068748e-10,-29.282217727689908,3.528491276938439e-09,-3.528491276938439e-09,-1.2049945499950987e-10,-29.282217727975606,3.814189852846539e-09,-3.814189852846539e-09,-1.3025618103028327e-10
low_energy_small_angles,rk45_strict,RK45,1e-08,1e-10,3.9399249061326658,-0.08714370356159211,-0.12232316004003635,-0.08714370341334944,-0.12232316001144992,1.482426681409521e-10,2.8586424893894957e-11,1.482426681409521e-10,-0.2090517857052,-1.9887332360994754,-0.20905178552914702,-1.9887332361158654,1.7605297775169504e-10,1.639000046793626e-11,1.7681426155878315e-10,1.7605297775169504e-10,-29.282217727688607,3.527190983731998e-09,-3.527190983731998e-09,-1.204550494418882e-10,-29.282217727975755,3.814339066821049e-09,-3.814339066821049e-09,-1.3026127675001036e-10
low_energy_small_angles,rk45_strict,RK45,1e-08,1e-10,3.944931163954944,-0.08711505159995646,-0.12230489607462017,-0.08711505145211233,-0.12230489604484675,1.478441258306873e-10,2.9773419840672943e-11,1.478441258306873e-10,-0.20900511491626095,-1.9887379577427609,-0.20900511473942646,-1.9887379577592563,1.768344914943043e-10,1.649547165527565e-11,1.7760219020940925e-10,1.768344914943043e-10,-29.2822177276847,3.5232829986853176e-09,-3.5232829986853176e-09,-1.203215901157028e-10,-29.282217727971954,3.810537663184732e-09,-3.810537663184732e-09,-1.3013145722363e-10
low_energy_small_angles,rk45_strict,RK45,1e-08,1e-10,3.949937421777222,-0.08707360984115044,-0.12226941879857463,-0.08707360969397734,-0.12226941876794663,1.4717309315681604e-10,3.062800013609035e-11,1.4717309315681604e-10,-0.20892861789453804,-1.988745890134112,-0.2089286177175232,-1.9887458901506463,1.7701484722465466e-10,1.653432946113753e-11,1.777853767571936e-10,1.7701484722465466e-10,-29.28221772768412,3.522703906355673e-09,-3.522703906355673e-09,-1.2030181387009533e-10,-29.28221772797037,3.808953152883987e-09,-3.808953152883987e-09,-1.3007734553319485e-10
low_energy_small_angles,rk45_strict,RK45,1e-08,1e-10,3.9549436795994994,-0.08701938999548317,-0.12221672512633637,-0.0870193898497506,-0.12221672509392122,1.457325649045771e-10,3.241515389440508e-11,1.457325649045771e-10,-0.2088223028818336,-1.988757029229515,-0.2088223027044791,-1.9887570292461323,1.773544922034631e-10,1.6617374143379493e-11,1.7813128031923342e-10,1.773544922034631e-10,-29.28221772768874,3.5273224341381137e-09,-3.5273224341381137e-09,-1.2045953852831444e-10,-29.28221772797402,3.812605342545794e-09,-3.812605342545794e-09,-1.302020693398481e-10
low_energy_small_angles,rk45_strict,RK45,1e-08,1e-10,3.9599499374217775,-0.08695240586617502,-0.12214681407583115,-0.08695240572171169,-0.12214681404093462,1.4446333018725e-10,3.489653011001792e-11,1.4446333018725e-10,-0.20868618214224022,-1.988771369177997,-0.20868618196368616,-1.9887713691947946,1.7855406042599498e-10,1.679767436257862e-11,1.793424499626374e-10,1.7855406042599498e-10,-29.282217727693453,3.532036885189882e-09,-3.532036885189882e-09,-1.2062053900635807e-10,-29.282217727979315,3.817898885927207e-09,-3.817898885927207e-09,-1.3038284606349924e-10
low_energy_small_angles,rk45_strict,RK45,1e-08,1e-10,3.964956195244055,-0.08687267334161328,-0.12205968677355376,-0.08687267319905355,-0.1220596867352306,1.425597279114399e-10,3.832316408658443e-11,1.425597279114399e-10,-0.20852027196008166,-1.988788902324346,-0.2085202717800215,-1.9887889023413812,1.8006016122562585e-10,1.7035262089848402e-11,1.808642082200572e-10,1.8006016122562585e-10,-29.282217727691098,3.5296814360208373e-09,-3.5296814360208373e-09,-1.2054009943066633e-10,-29.282217727978395,3.816978733084397e-09,-3.816978733084397e-09,-1.3035142245851557e-10
low_energy_small_angles,rk45_strict,RK45,1e-08,1e-10,3.969962453066333,-0.08678021038919695,-0.12195534645432507,-0.08678021024717415,-0.1219553464144739,1.4202279630115555e-10,3.985116403537603e-11,1.4202279630115555e-10,-0.2083245926343603,-1.9888096192132583,-0.20832459245331675,-1.9888096192304157,1.8104354126968758e-10,1.715738662255717e-11,1.8185472155318094e-10,1.8104354126968758e-10,-29.28221772768609,3.5246721097337286e-09,-3.5246721097337286e-09,-1.203690288398287e-10,-29.28221772797364,3.812225202182162e-09,-3.812225202182162e-09,-1.3018908738721008e-10
low_energy_small_angles,rk45_strict,RK45,1e-08,1e-10,3.9749687108886107,-0.0866750370463316,-0.12183379847610137,-0.08667503690494174,-0.12183379843512995,1.4138985815481675e-10,4.0971420700586236e-11,1.4138985815481675e-10,-0.20809916848551196,-1.988833508592826,-0.20809916830398514,-1.9888335086100448,1.815268213523069e-10,1.7218892978121403e-11,1.823416495090037e-10,1.815268213523069e-10,-29.282217727685257,3.5238407747328893e-09,-3.5238407747328893e-09,-1.2034063840134926e-10,-29.282217727971865,3.810448845342762e-09,-3.810448845342762e-09,-1.301284240571258e-10
low_energy_small_angles,rk45_strict,RK45,1e-08,1e-10,3.9799749687108887,-0.08655717540193292,-0.12169505033855105,-0.086557175262136,-0.121695050295714,1.3979692403687238e-10,4.283705334895416e-11,1.3979692403687238e-10,-0.20784402785665018,-1.9888605574193114,-0.20784402767485638,-1.988860557436597,1.8179380223415365e-10,1.7285506359598912e-11,1.82613732399451e-10,1.8179380223415365e-10,-29.282217727690877,3.5294611677727517e-09,-3.5294611677727517e-09,-1.205325771777359e-10,-29.28221772797633,3.814914606437014e-09,-3.814914606437014e-09,-1.3028093166895765e-10
low_energy_small_angles,rk45_strict,RK45,1e-08,1e-10,3.9849812265331668,-0.08642664959625128,-0.12153911168320378,-0.08642664945828703,-0.12153911163780294,1.3796425113454802e-10,4.54008358685698e-11,1.3796425113454802e-10,-0.20755920311497672,-1.9888907508635008,-0.2075592029324615,-1.9888907508809142,1.8251522515555507e-10,1.741340405203573e-11,1.833440319570354e-10,1.8251522515555507e-10,-29.282217727697553,3.5361367167752178e-09,-3.5361367167752178e-09,-1.2076054997219257e-10,-29.28221772798304,3.82162212986259e-09,-3.82162212986259e-09,-1.3050999640335585e-10
low_energy_small_angles,rk45_strict,RK45,1e-08,1e-10,3.9899874843554444,-0.08628348581689226,-0.1213659942943411,-0.0862834856803115,-0.12136599424651388,1.365807605901992e-10,4.782721441110027e-11,1.365807605901992e-10,-0.2072447306503402,-1.9889240723182127,-0.20724473046679212,-1.9889240723357728,1.8354806563536386e-10,1.7560175535891176e-11,1.843861495973468e-10,1.8354806563536386e-10,-29.282217727697955,3.5365381734209222e-09,-3.5365381734209222e-09,-1.2077425988479162e-10,-29.282217727983987,3.822570704414829e-09,-3.822570704414829e-09,-1.3054239062162087e-10
low_energy_small_angles,rk45_strict,RK45,1e-08,1e-10,3.9949937421777224,-0.08612771227880515,-0.12117571210858355,-0.08612771214364218,-0.12117571205852742,1.3516297803217725e-10,5.005612591091335e-11,1.3516297803217725e-10,-0.20690065086665607,-1.9889605034070512,-0.20690065068230504,-1.988960503424729,1.84351034437924e-10,1.7677859176501443e-11,1.8519668086495734e-10,1.84351034437924e-10,-29.28221772769792,3.5365026462841342e-09,-3.5365026462841342e-09,-1.2077304661818994e-10,-29.282217727983934,3.822517413709647e-09,-3.822517413709647e-09,-1.3054057072171834e-10
low_energy_small_angles,rk45_strict,RK45,1e-08,1e-10,4.0,-0.0859593592154977,-0.12096828122879527,-0.08595935908186912,-0.12096828117643718,1.3362858042320624e-10,5.235809008574677e-11,1.3362858042320624e-10,-0.20652700818899572,-1.9890000239925836,-0.20652700800388507,-1.9890000240103742,1.8511064903137253e-10,1.779065783580336e-11,1.859635982955982e-10,1.8511064903137253e-10,-29.282217727698164,3.5367477835279715e-09,-3.5367477835279715e-09,-1.2078141815774156e-10,-29.282217727984126,3.822709260248303e-09,-3.822709260248303e-09,-1.3054712236136743e-10
