case_name,solver_config,solver_method,rtol,atol,t,lagrangian_theta1_rad,lagrangian_theta2_rad,hamiltonian_theta1_rad,hamiltonian_theta2_rad,abs_theta1_diff_rad,abs_theta2_diff_rad,max_abs_theta_diff_rad,lagrangian_x2,lagrangian_y2,hamiltonian_x2,hamiltonian_y2,abs_x2_diff,abs_y2_diff,second_bob_position_diff,max_bob_position_abs_diff,lagrangian_energy,lagrangian_energy_abs_drift,lagrangian_energy_signed_drift,lagrangian_energy_relative_drift,hamiltonian_energy,hamiltonian_energy_abs_drift,hamiltonian_energy_signed_drift,hamiltonian_energy_relative_drift
nonzero_velocity_spirograph,dop853_moderate,DOP853,1e-06,1e-08,0.0,1.5707963267948966,0.0,1.5707963267948966,0.0,0.0,0.0,0.0,1.0,-1.5,1.0,-1.5,0.0,0.0,0.0,0.0,257.28074047653035,0.0,0.0,0.0,257.28074047653035,0.0,0.0,0.0
nonzero_velocity_spirograph,dop853_moderate,DOP853,1e-06,1e-08,0.002506265664160401,1.5957546638366658,-0.01984300466503061,1.5957546638284221,-0.019843004652899385,8.243628002446712e-12,1.2131226578837584e-11,1.2131226578837584e-11,0.9699260031076794,-1.4747489551101631,0.9699260031260784,-1.4747489551187651,1.8398949030995482e-11,8.602007994795713e-12,2.0310486626068292e-11,1.8398949030995482e-11,257.2807404790332,2.5028725758602377e-09,2.5028725758602377e-09,9.728176975954229e-12,257.280740475488,1.0423377716506366e-09,-1.0423377716506366e-09,-4.051363385071261e-12
nonzero_velocity_spirograph,dop853_moderate,DOP853,1e-06,1e-08,0.005012531328320802,1.6205137114035568,-0.039279614337871346,1.620513711296537,-0.039279614190714865,1.0701972641413704e-10,1.4715648144481008e-10,1.4715648144481008e-10,0.9398600737282689,-1.4491460776141416,0.9398600739541518,-1.4491460777296972,2.2588297898806786e-10,1.1555556511666509e-10,2.537246712993353e-10,2.2588297898806786e-10,257.28074049115224,1.4621889476984506e-08,1.4621889476984506e-08,5.6832429236258137e-11,257.2807404656725,1.0857831966859521e-08,-1.0857831966859521e-08,-4.220227268760521e-11
nonzero_velocity_spirograph,dop853_moderate,DOP853,1e-06,1e-08,0.007518796992481203,1.6450860905897755,-0.05832170091072514,1.645086090469935,-0.05832170074831426,1.1984058190250835e-10,1.624108764142207e-10,1.624108764142207e-10,0.9098088187516494,-1.4232282085924233,0.9098088190037463,-1.4232282087261334,2.520968989117023e-10,1.3371015405994058e-10,2.8536161574330573e-10,2.520968989117023e-10,257.28074048897594,1.244558234247961e-08,1.244558234247961e-08,4.837354836365966e-11,257.28074046493134,1.1599013305385597e-08,-1.1599013305385597e-08,-4.508309982279331e-11
nonzero_velocity_spirograph,dop853_moderate,DOP853,1e-06,1e-08,0.010025062656641603,1.669483917262799,-0.07698062880222163,1.6694839167804596,-0.07698062807406039,4.823395016728682e-10,7.281612396381476e-10,7.281612396381476e-10,0.8797774008032014,-1.3970302034201494,0.8797774019397323,-1.3970302039841405,1.1365308694166742e-09,5.639910760635303e-10,1.2687743499205523e-09,1.1365308694166742e-09,257.28074053734235,6.081199899199419e-08,6.081199899199419e-08,2.3636436555398354e-10,257.28074042346964,5.3060716709296685e-08,-5.3060716709296685e-08,-2.062366448845672e-10
nonzero_velocity_spirograph,dop853_moderate,DOP853,1e-06,1e-08,0.012531328320802004,1.6937188053266334,-0.09526727548016604,1.6937188043929958,-0.09526727406759017,9.336376116664269e-10,1.4125758757144169e-09,1.4125758757144169e-09,0.8497696869445643,-1.3705851024451554,0.8497696891682963,-1.3705851035733014,2.223731976336296e-09,1.1281460210454952e-09,2.493531100143191e-09,2.223731976336296e-09,257.2807405356042,5.90738409300684e-08,5.90738409300684e-08,2.2960848457079603e-10,257.28074037046787,1.0606248679323471e-07,-1.0606248679323471e-07,-4.122441757466488e-10
nonzero_velocity_spirograph,dop853_moderate,DOP853,1e-06,1e-08,0.015037593984962405,1.7178018734054452,-0.11319205898372277,1.7178018727307975,-0.11319205801328476,6.746476710617344e-10,9.704380077302233e-10,9.704380077302233e-10,0.819788375766644,-1.343924285867727,0.819788377311806,-1.3439242866995154,1.5451619983508635e-09,8.317884159225741e-10,1.7548212359128262e-09,1.5451619983508635e-09,257.28074054395705,6.742669711456983e-08,6.742669711456983e-08,2.6207440552947504e-10,257.28074036310466,1.1342569905536948e-07,-1.1342569905536948e-07,-4.408635440230956e-10
nonzero_velocity_spirograph,dop853_moderate,DOP853,1e-06,1e-08,0.017543859649122806,1.7417437537503182,-0.13076497076286492,1.7417437541974166,-0.13076497156700415,4.4709835833600664e-10,8.041392274282799e-10,8.041392274282799e-10,0.7898351059649875,-1.3170776133396271,0.7898351046930182,-1.317077612741765,1.2719693076590488e-09,5.978622041880044e-10,1.4054697203508794e-09,1.2719693076590488e-09,257.28074076119066,2.846603024408978e-07,2.846603024408978e-07,1.1064190110525006e-09,257.28074040150716,7.502319476770936e-08,-7.502319476770936e-08,-2.9160050856800576e-10
nonzero_velocity_spirograph,dop853_moderate,DOP853,1e-06,1e-08,0.020050125313283207,1.7655546013304322,-0.1479956109428819,1.7655546025559645,-0.14799561293617813,1.2255323422749598e-09,1.993296222524421e-09,1.993296222524421e-09,0.7599105516688958,-1.290073550393402,0.7599105484744592,-1.2900735487501542,3.194436604125883e-09,1.643247760085842e-09,3.5923096217901987e-09,3.194436604125883e-09,257.2807410088484,5.323180403138394e-07,5.323180403138394e-07,2.0690162789794927e-09,257.2807404400414,3.648892743512988e-08,-3.648892743512988e-08,-1.4182533588618332e-10
nonzero_velocity_spirograph,dop853_moderate,DOP853,1e-06,1e-08,0.022556390977443608,1.789244101069967,-0.16489322312173763,1.7892441014264513,-0.16489322369334503,3.5648439755675554e-10,5.716074003014882e-10,5.716074003014882e-10,0.7300145100912137,-1.2629392844496197,0.7300145091681773,-1.2629392839608657,9.230363140488862e-10,4.887539262199425e-10,1.0444503039629809e-09,9.230363140488862e-10,257.2807406864931,2.09962763619842e-07,2.09962763619842e-07,8.160842635595385e-10,257.28074046220615,1.4324200492410455e-08,-1.4324200492410455e-08,-5.567537028181531e-11
nonzero_velocity_spirograph,dop853_moderate,DOP853,1e-06,1e-08,0.02506265664160401,1.8128214733865702,-0.181466727039695,1.8128214713656206,-0.18146672580332818,2.020949629866209e-09,1.2363668144832474e-09,2.020949629866209e-09,0.7001459849581648,-1.2357008312141973,0.7001459872666228,-1.2357008335109407,2.30845798032675e-09,2.296743462082418e-09,3.256379704142714e-09,2.30845798032675e-09,257.2807407682132,2.9168285209379974e-07,2.9168285209379974e-07,1.1337142902867524e-09,257.28073938958613,1.0869442235161841e-06,-1.0869442235161841e-06,-4.224739953340337e-09
nonzero_velocity_spirograph,dop853_moderate,DOP853,1e-06,1e-08,0.02756892230576441,1.8362954857294687,-0.19772476653031731,1.836295477038365,-0.19772475976387224,8.691103614566487e-09,6.76644507091595e-09,8.691103614566487e-09,0.6703032389830846,-1.2083831196756507,0.6703032512154639,-1.2083831300560224,1.2232379220655787e-08,1.0380371673335276e-08,1.604316731429654e-08,1.2232379220655787e-08,257.28074133511893,8.585885780121316e-07,8.585885780121316e-07,3.3371661494050065e-09,257.28073563629596,4.840234396397136e-06,-4.840234396397136e-06,-1.8813045964622725e-08
nonzero_velocity_spirograph,dop853_moderate,DOP853,1e-06,1e-08,0.03007518796992481,1.8596744524691284,-0.21367574966082734,1.859674440805343,-0.2136757379820146,1.1663785492999068e-08,1.1678812722459853e-08,1.1678812722459853e-08,0.6404838544458258,-1.181010078166575,0.6404838748883909,-1.1810100930618601,2.044256508515474e-08,1.489528500542292e-08,2.5293635220220216e-08,2.044256508515474e-08,257.2807411497191,6.731887651767465e-07,6.731887651767465e-07,2.616553279230616e-09,257.2807341426535,6.333876854114351e-06,-6.333876854114351e-06,-2.461854253988413e-08
nonzero_velocity_spirograph,dop853_moderate,DOP853,1e-06,1e-08,0.03258145363408521,1.882966250186568,-0.22932788211930738,1.8829662385283386,-0.2293278690807775,1.1658229492894634e-08,1.3038529866893356e-08,1.3038529866893356e-08,0.6106847942260776,-1.1536046967434888,0.6106848168523644,-1.1536047122842064,2.2626286844129595e-08,1.5540717601680853e-08,2.744927612757803e-08,2.2626286844129595e-08,257.2807409102245,4.3369414015614893e-07,4.3369414015614893e-07,1.6856844369806661e-09,257.28073511441085,5.362119509300101e-06,-5.362119509300101e-06,-2.0841511491954226e-08
nonzero_velocity_spirograph,dop853_moderate,DOP853,1e-06,1e-08,0.03508771929824561,1.9061783185891865,-0.24468921096920115,1.906178305252316,-0.2446891998895302,1.3336870496871711e-08,1.1079670958480392e-08,1.3336870496871711e-08,0.5809024460471564,-1.1261890900785059,0.5809024665611747,-1.1261891066984633,2.05140183728858e-08,1.661995741031319e-08,2.6401665366482482e-08,2.05140183728858e-08,257.2807414187246,9.421942195331212e-07,9.421942195331212e-07,3.662124952641257e-09,257.2807363340994,4.142430952924769e-06,-4.142430952924769e-06,-1.6100820237271705e-08
nonzero_velocity_spirograph,dop853_moderate,DOP853,1e-06,1e-08,0.03759398496240601,1.929317660637512,-0.2597676672638277,1.9293176402247658,-0.25976765885590974,2.0412746160047845e-08,8.407917972963475e-09,2.0412746160047845e-08,0.5511326649357713,-1.0987845507159615,0.5511326842871433,-1.0987845730702344,1.9351372060327776e-08,2.2354272877223025e-08,2.9566689305476585e-08,2.2354272877223025e-08,257.2807428282581,2.3517277440987527e-06,2.3517277440987527e-06,9.140706528374136e-09,257.2807354480204,5.028509974636108e-06,-5.028509974636108e-06,-1.954483637338108e-08
nonzero_velocity_spirograph,dop853_moderate,DOP853,1e-06,1e-08,0.040100250626566414,1.9523908435707487,-0.2745711072273762,1.9523908102076164,-0.2745710983751367,3.336313225688059e-08,8.85223949698144e-09,3.336313225688059e-08,0.5213708141861444,-1.0714115918406195,0.5213708393915727,-1.0714116264042257,2.5205428300090205e-08,3.4563606199355945e-08,4.27779907112892e-08,3.4563606199355945e-08,257.28074467442354,4.1978931903940975e-06,4.1978931903940975e-06,1.6316391124414685e-08,257.2807310901112,9.386419151269365e-06,-9.386419151269365e-06,-3.648317839059396e-08
nonzero_velocity_spirograph,dop853_moderate,DOP853,1e-06,1e-08,0.042606516290726815,1.9754040005689917,-0.2891073519883578,1.9754039514091017,-0.2891073358343744,4.915988993658971e-08,1.6153983373179415e-08,4.915988993658971e-08,0.49161180511794034,-1.044089980503056,0.4916118476954895,-1.0440900326017968,4.257754915304446e-08,5.2098740876971306e-08,6.728392447565553e-08,5.2098740876971306e-08,257.2807462489834,5.7724530506675364e-06,5.7724530506675364e-06,2.24363978429785e-08,257.2807232130407,1.726348966712976e-05,-1.726348966712976e-05,-6.709981336012428e-08
nonzero_velocity_spirograph,dop853_moderate,DOP853,1e-06,1e-08,0.045112781954887216,1.9983628327899674,-0.3033842258514903,1.9983627703629685,-0.3033841931697798,6.242699890357528e-08,3.26817104490118e-08,6.242699890357528e-08,0.46185013591339996,-1.0168387622063686,0.4618502085829783,-1.0168388336591028,7.266957835483367e-08,7.145273417386022e-08,1.019134968450678e-07,7.266957835483367e-08,257.28074701087337,6.534343015118793e-06,6.534343015118793e-06,2.5397715363443106e-08,257.28071292016915,2.7556361203551205e-05,-2.7556361203551205e-05,-1.0710619517229254e-07
nonzero_velocity_spirograph,dop853_moderate,DOP853,1e-06,1e-08,0.047619047619047616,2.021272611518169,-0.3174095930939921,2.021272544082419,-0.317409534733895,6.743575031720184e-08,5.83600970882614e-08,6.743575031720184e-08,0.43207992981845345,-0.9896762777119821,0.4320800423468576,-0.9896763657421865,1.1252840415032495e-07,8.803020445924403e-08,1.4287042604316394e-07,1.1252840415032495e-07,257.2807468482057,6.371675340233196e-06,6.371675340233196e-06,2.4765457874661366e-08,257.2807020281587,3.844837164024284e-05,-3.844837164024284e-05,-1.4944131289823528e-07
nonzero_velocity_spirograph,dop853_moderate,DOP853,1e-06,1e-08,0.05012531328320802,2.044138180164248,-0.33119139327226255,2.0441381198161706,-0.3311913032710263,6.034807764621064e-08,9.000123624147705e-08,9.000123624147705e-08,0.40229497299510303,-0.9626201728715287,0.40229512817083457,-0.9626202704828605,1.5517573154211206e-07,9.761133179519987e-08,1.8332342936586754e-07,1.5517573154211206e-07,257.28074610631654,5.6297861874554656e-06,5.6297861874554656e-06,2.1881879603689283e-08,257.280692536255,4.794027535126588e-05,-4.794027535126588e-05,-1.8633448917502274e-07
nonzero_velocity_spirograph,dop853_moderate,DOP853,1e-06,1e-08,0.05263157894736842,2.0669639558525255,-0.3447376750249221,2.0669639147340324,-0.3447375537982619,4.1118493054881355e-08,1.2122666021019413e-07,1.2122666021019413e-07,0.3724887523176096,-0.9356874022370705,0.37248894303371083,-0.9356874998500044,1.9071610124488103e-07,9.761293395804671e-08,2.1424499095648817e-07,1.9071610124488103e-07,257.2807453843604,4.90783003215256e-06,4.90783003215256e-06,1.9075777001661194e-08,257.2806861322376,5.4344292777841474e-05,-5.4344292777841474e-05,-2.1122565442398073e-07
nonzero_velocity_spirograph,dop853_moderate,DOP853,1e-06,1e-08,0.05513784461152882,2.08975393033449,-0.3580566283581923,2.089753915869372,-0.3580564851897726,1.4465117992301657e-08,1.431684196750993e-07,1.431684196750993e-07,0.342654493412638,-0.9088942271436844,0.3426547017199276,-0.9088943149653463,2.0830728963971978e-07,8.782166194265528e-08,2.260632018339476e-07,2.0830728963971978e-07,257.28074517865764,4.702127284872404e-06,4.702127284872404e-06,1.8276250589776817e-08,257.28068382485384,5.665167651613956e-05,-5.665167651613956e-05,-2.2019400446069315e-07
nonzero_velocity_spirograph,dop853_moderate,DOP853,1e-06,1e-08,0.05764411027568922,2.1125116699661435,-0.3711566153995884,2.112511680645877,-0.3711564692620491,1.0679733541962833e-08,1.4613753929193507e-07,1.4613753929193507e-07,0.31278519925315273,-0.8822562088970741,0.3127853980268349,-0.8822562792511021,1.9877368218068625e-07,7.035402793675871e-08,2.1085697990485088e-07,1.9877368218068625e-07,257.2807455169278,5.040397468292213e-06,5.040397468292213e-06,1.9591040739996655e-08,257.28068575662695,5.471990340311095e-05,-5.471990340311095e-05,-2.1268557958034408e-07
nonzero_velocity_spirograph,dop853_moderate,DOP853,1e-06,1e-08,0.06015037593984962,2.1352403144870626,-0.38404619960590264,2.1352403383159935,-0.3840460771577182,2.3828930828528883e-08,1.2244818442530558e-07,1.2244818442530558e-07,0.28287368962708126,-0.8557881976347744,0.28287384717278463,-0.855788246319438,1.5754570337200846e-07,4.868466352281331e-08,1.648964678618388e-07,1.5754570337200846e-07,257.2807457853225,5.308792140112928e-06,5.308792140112928e-06,2.063423842095637e-08,257.2806912180369,4.9258493447723595e-05,-4.9258493447723595e-05,-1.914581455125167e-07
nonzero_velocity_spirograph,dop853_moderate,DOP853,1e-06,1e-08,0.06265664160401002,2.1579425743390326,-0.3967341734114538,2.1579425926384244,-0.3967341028255923,1.8299391779663665e-08,7.058586148911417e-08,7.058586148911417e-08,0.25291264181421746,-0.8295043173630396,0.2529127293315443,-0.8295043430407733,8.751732682998892e-08,2.567773360606651e-08,9.120651565875771e-08,8.751732682998892e-08,257.2807450011578,4.524627456703456e-06,4.524627456703456e-06,1.758634341740089e-08,257.2806988532529,4.162327746826122e-05,-4.162327746826122e-05,-1.6178155189994945e-07
nonzero_velocity_spirograph,dop853_moderate,DOP853,1e-06,1e-08,0.06516290726817042,2.180620726262126,-0.4092295843025796,2.1806207261220907,-0.4092295833945958,1.4003553872043994e-10,9.079837992587159e-10,9.079837992587159e-10,0.22289463281806132,-0.803417947603065,0.2228946341477771,-0.8034179482597925,1.329715781928087e-09,6.567275612212597e-10,1.483049274426257e-09,1.329715781928087e-09,257.28074282954765,2.353017293899029e-06,2.353017293899029e-06,9.145718756642322e-09,257.28070701818007,3.3458350287673966e-05,-3.3458350287673966e-05,-1.300460742833026e-07
nonzero_velocity_spirograph,dop853_moderate,DOP853,1e-06,1e-08,0.06766917293233082,2.203276608016802,-0.421541758916307,2.2032766061639313,-0.42154181623921966,1.8528707457221572e-09,5.7322912638824164e-08,5.7322912638824164e-08,0.19281218338740536,-0.7775417013525157,0.19281210602549803,-0.7775416676649428,7.736190732465786e-08,3.36875728423891e-08,8.437841707996319e-08,7.736190732465786e-08,257.28074151060565,1.0340752965021238e-06,1.0340752965021238e-06,4.019248757551109e-09,257.28071422313985,2.625339050155162e-05,-2.625339050155162e-05,-1.0204180247975657e-07
nonzero_velocity_spirograph,dop853_moderate,DOP853,1e-06,1e-08,0.07017543859649122,2.2259116775648913,-0.43368028776988016,2.225911693407941,-0.4336803725341517,1.5843049538943887e-08,8.476427154624488e-08,8.476427154624488e-08,0.1626578149547786,-0.75188737135111,0.16265768992651275,-0.7518873053593186,1.2502826585159e-07,6.59917913647945e-08,1.4137532949348138e-07,1.2502826585159e-07,257.28074101656193,5.400315785664134e-07,5.400315785664134e-07,2.098997295973952e-09,257.2807195648627,2.0911667661493993e-05,-2.0911667661493993e-05,-8.127956885836776e-08
nonzero_velocity_spirograph,dop853_moderate,DOP853,1e-06,1e-08,0.07268170426065163,2.2485270268445605,-0.44565501355410253,2.2485270526528223,-0.4456551070957299,2.5808261749915573e-08,9.354162738839378e-08,9.354162738839378e-08,0.13242412015929161,-0.7264659133145371,0.132423977368904,-0.7264658327284174,1.427903876249914e-07,8.058611977723729e-08,1.6396102432848647e-07,1.427903876249914e-07,257.2807407643099,2.8777952820746577e-07,2.8777952820746577e-07,1.118542832527791e-09,257.2807230256613,1.7450869052026974e-05,-1.7450869052026974e-05,-6.782812044035949e-08
nonzero_velocity_spirograph,dop853_moderate,DOP853,1e-06,1e-08,0.07518796992481203,2.271123343782348,-0.4574760831382333,2.27112336663566,-0.45747616430786947,2.285331168749849e-08,8.116963617910145e-08,8.116963617910145e-08,0.10210377623914646,-0.701287426504816,0.102103652276466,-0.701287355253318,1.2396268045389292e-07,7.125149803499653e-08,1.4298084528196453e-07,1.2396268045389292e-07,257.28074085151695,3.749865982172196e-07,3.749865982172196e-07,1.4574996850626158e-09,257.28072549189824,1.4984632116465946e-05,-1.4984632116465946e-05,-5.824233904454606e-08
nonzero_velocity_spirograph,dop853_moderate,DOP853,1e-06,1e-08,0.07769423558897243,2.293700941867022,-0.46915393794603966,2.293700953018985,-0.4691539799301094,1.1151962908684254e-08,4.1984069720779615e-08,4.1984069720779615e-08,0.07168959984790846,-0.6763611148127573,0.0716895362985458,-0.6763610779765413,6.354936266106392e-08,3.683621596639597e-08,7.345357922763458e-08,6.354936266106392e-08,257.2807408597107,3.831803496723296e-07,3.831803496723296e-07,1.489347197005926e-09,257.28072831956365,1.2156966704424121e-05,-1.2156966704424121e-05,-4.725175573541659e-08
nonzero_velocity_spirograph,dop853_moderate,DOP853,1e-06,1e-08,0.08020050125313283,2.3162597851010065,-0.48069929738818484,2.3162597849086333,-0.480699278585429,1.9237322845810922e-10,1.8802755852309616e-08,1.8802755852309616e-08,0.04117460805733264,-0.6516952572091717,0.04117463319563153,-0.6516952703920948,2.513829888695085e-08,1.3182923197518903e-08,2.8385269682730802e-08,2.513829888695085e-08,257.28074042524605,5.1284303026477573e-08,-5.1284303026477573e-08,-1.9933207177299704e-10,257.2807322524391,8.224091232023056e-06,-8.224091232023056e-06,-3.196543673183836e-08
nonzero_velocity_spirograph,dop853_moderate,DOP853,1e-06,1e-08,0.08270676691729323,2.338799513470289,-0.49212314052118666,2.3387995152297827,-0.4921230667254814,1.7594938839238239e-09,7.379570526877544e-08,7.379570526877544e-08,0.010552075533529326,-0.6272971805640268,0.010552171868947968,-0.6272972316009209,9.633541864229045e-08,5.103689404428735e-08,1.0901961951260504e-07,9.633541864229045e-08,257.2807394894482,9.870821600088675e-07,-9.870821600088675e-07,-3.8365956121729644e-09,257.2807354785271,4.99800324860189e-06,-4.99800324860189e-06,-1.942626268621851e-08
nonzero_velocity_spirograph,dop853_moderate,DOP853,1e-06,1e-08,0.08521303258145363,2.3613194692073147,-0.503436685612384,2.36131948763392,-0.5034365852140126,1.8426605130628104e-08,1.0039837139430574e-07,1.0039837139430574e-07,-0.02018441181806141,-0.6031732351795418,-0.020184293001360043,-0.6031732948709914,1.188167013665975e-07,5.969144956097239e-08,1.3296795732178983e-07,1.188167013665975e-07,257.28073831161134,2.1649190102834837e-06,-2.1649190102834837e-06,-8.41461745746558e-09,257.28073641094164,4.065588711910095e-06,-4.065588711910095e-06,-1.5802149451139994e-08
nonzero_velocity_spirograph,dop853_moderate,DOP853,1e-06,1e-08,0.08771929824561403,2.383818724121378,-0.5146513672903449,2.3838187589196815,-0.5146512399772533,3.4798303349958815e-08,1.2731309162461457e-07,1.2731309162461457e-07,-0.051040906476749526,-0.5793287734657323,-0.051040765520843356,-0.5793288435498856,1.4095590616935993e-07,7.008415325859829e-08,1.5741777543212867e-07,1.4095590616935993e-07,257.28073733344445,3.143085905321641e-06,-3.143085905321641e-06,-1.2216561175547297e-08,257.2807373820359,3.0944944455768564e-06,-3.0944944455768564e-06,-1.202769565978897e-08
nonzero_velocity_spirograph,dop853_moderate,DOP853,1e-06,1e-08,0.09022556390977443,2.4062961082710244,-0.5257788109601531,2.4062961563689282,-0.5257786615154336,4.8097903881938464e-08,1.4944471948830085e-07,1.4944471948830085e-07,-0.0820230519699996,-0.5557681322716546,-0.08202289375135186,-0.5557682125137178,1.5821864773890582e-07,8.024206321621818e-08,1.7740329535136465e-07,1.5821864773890582e-07,257.28073698138735,3.4951430052387877e-06,-3.4951430052387877e-06,-1.3584938378073509e-08,257.28073724589694,3.230633410566952e-06,-3.230633410566952e-06,-1.255684123336724e-08
nonzero_velocity_spirograph,dop853_moderate,DOP853,1e-06,1e-08,0.09273182957393483,2.4287502402529593,-0.5368308041630093,2.428750289274177,-0.5368306514472027,4.9021217751743507e-08,1.5271580666720297e-07,1.5271580666720297e-07,-0.11313603837816799,-0.5324946194725254,-0.11313587861223218,-0.5324947045650557,1.5976593581434884e-07,8.509253024424623e-08,1.8101351593182923e-07,1.5976593581434884e-07,257.28073748389545,2.992634904330771e-06,-2.992634904330771e-06,-1.1631787512690887e-08,257.28073656317133,3.913359023499652e-06,-3.913359023499652e-06,-1.5210462377601233e-08
nonzero_velocity_spirograph,dop853_moderate,DOP853,1e-06,1e-08,0.09523809523809523,2.4511795593819876,-0.5478192645595801,2.4511795876981357,-0.5478191406498433,2.8316148092955018e-08,1.239097368044284e-07,1.239097368044284e-07,-0.14438456051414816,-0.509510505501936,-0.14438442367979798,-0.5095105842719033,1.368343501839675e-07,7.876996732658625e-08,1.5788713419053532e-07,1.368343501839675e-07,257.2807387644201,1.7121102473538485e-06,-1.7121102473538485e-06,-6.6546382142041084e-09,257.2807361921052,4.2844251311180415e-06,-4.2844251311180415e-06,-1.6652723881245496e-08
nonzero_velocity_spirograph,dop853_moderate,DOP853,1e-06,1e-08,0.09774436090225563,2.4735823600364837,-0.5587562042165336,2.473582342235596,-0.5587561462589388,1.7800887874841465e-08,5.795759483451235e-08,5.795759483451235e-08,-0.17577277864337437,-0.48681702060946364,-0.17577269095400117,-0.48681707772354144,8.768937320713377e-08,5.711407780051303e-08,1.0464914742348858e-07,8.768937320713377e-08,257.2807404476876,2.8842748633906012e-08,-2.8842748633906012e-08,-1.1210613192609768e-10,257.28073658040813,3.896122223068232e-06,-3.896122223068232e-06,-1.514346630008881e-08
nonzero_velocity_spirograph,dop853_moderate,DOP853,1e-06,1e-08,0.10025062656641603,2.4959568284438993,-0.5696536898756952,2.4959567441104973,-0.5696537275189583,8.433340203950479e-08,3.764326306221477e-08,8.433340203950479e-08,-0.20730428164243941,-0.46441435871692627,-0.20730426183228878,-0.46441437900707416,1.9810150631016654e-08,2.029014789517447e-08,2.8357224293495698e-08,6.735854918282769e-08,257.28074198750267,1.5109723108253093e-06,1.5109723108253093e-06,5.87285433035802e-09,257.2807376043293,2.8722010370074713e-06,-2.8722010370074713e-06,-1.1163684587068727e-08
nonzero_velocity_spirograph,dop853_moderate,DOP853,1e-06,1e-08,0.10275689223057644,2.5183010821808254,-0.5805237988852591,2.5183009253146493,-0.5805239409982079,1.568661760487089e-07,1.4211294885324577e-07,1.568661760487089e-07,-0.23898205252905336,-0.44230168884107635,-0.2389821034067967,-0.4423016634902498,5.087774335166273e-08,2.535082654908649e-08,5.684372590954546e-08,1.2736929355661175e-07,257.2807428893545,2.4128241307153075e-06,2.4128241307153075e-06,9.378176253093495e-09,257.28073873192943,1.744600922393147e-06,-1.744600922393147e-06,-6.780923123751242e-09
nonzero_velocity_spirograph,dop853_moderate,DOP853,1e-06,1e-08,0.10526315789473684,2.5406132126621097,-0.591378570472493,2.5406129984945967,-0.5913787956815941,2.141675130573617e-07,2.252091011456514e-07,2.252091011456514e-07,-0.27080843633290486,-0.4204771751464139,-0.2708085401350886,-0.4204771079144043,1.0380218373740036e-07,6.723200962621689e-08,1.2367310324817091e-07,1.76641536397959e-07,257.28074296142637,2.4848960151757638e-06,2.4848960151757638e-06,9.658305594788355e-09,257.2807393304516,1.1460787732175959e-06,-1.1460787732175959e-06,-4.454584401050973e-09
nonzero_velocity_spirograph,dop853_moderate,DOP853,1e-06,1e-08,0.10776942355889724,2.562891330893542,-0.6022299520373697,2.562891096293118,-0.6022302084546469,2.346004239761612e-07,2.5641727718905827e-07,2.5641727718905827e-07,-0.30278511031702826,-0.39893800678852087,-0.30278523087610754,-0.39893791721672167,1.2055907927521758e-07,8.957179919999447e-08,1.5019187330748735e-07,1.9640127835174326e-07,257.28074248415516,2.0076248006262176e-06,2.0076248006262176e-06,7.803245578770235e-09,257.2807389806942,1.495836158937891e-06,-1.495836158937891e-06,-5.814023063550472e-09
nonzero_velocity_spirograph,dop853_moderate,DOP853,1e-06,1e-08,0.11027568922305764,2.585133616762617,-0.6130897401465616,2.5851334098518426,-0.6130899604922493,2.0691077429191296e-07,2.203456876959109e-07,2.203456876959109e-07,-0.3349130566033265,-0.37768043880545576,-0.33491315123157017,-0.3776803579127065,9.462824368533518e-08,8.089274927680634e-08,1.244915313928278e-07,1.756942806796502e-07,257.2807421422389,1.665708566633839e-06,1.665708566633839e-06,6.474283941925253e-09,257.2807377032734,2.773256937871338e-06,-2.773256937871338e-06,-1.077910819416473e-08
nonzero_velocity_spirograph,dop853_moderate,DOP853,1e-06,1e-08,0.11278195488721804,2.6073383721418795,-0.623969515907235,2.6073382261814726,-0.6239696550655188,1.459604068720921e-07,1.391582837850791e-07,1.459604068720921e-07,-0.36719253730469004,-0.35669984541158195,-0.36719258108818753,-0.35669979777733296,4.378349749423194e-08,4.763424898968083e-08,6.469943067476192e-08,1.2562061268983626e-07,257.28074251492035,2.038389993685996e-06,2.038389993685996e-06,7.922823876791283e-09,257.280736041506,4.4350243797453e-06,-4.4350243797453e-06,-1.7238073753716795e-08
nonzero_velocity_spirograph,dop853_moderate,DOP853,1e-06,1e-08,0.11528822055137844,2.6295040754257744,-0.634880578205172,2.629503964106099,-0.6348806772802906,1.1131967525557229e-07,9.907511866469321e-08,1.1131967525557229e-07,-0.3996230746027082,-0.33599078505921687,-0.39962309721717204,-0.33599075146633295,2.2614463857095757e-08,3.3592883919020267e-08,4.04956272397485e-08,9.703991921128363e-08,257.28074295507304,2.47854268309311e-06,2.47854268309311e-06,9.633611433574087e-09,257.28073498225393,5.49427642226874e-06,-5.49427642226874e-06,-2.135517960688526e-08
nonzero_velocity_spirograph,dop853_moderate,DOP853,1e-06,1e-08,0.11779448621553884,2.6516293103031865,-0.6458340574485615,2.651629208488099,-0.645834156260646,1.0181508747209023e-07,9.881208451467671e-08,1.0181508747209023e-07,-0.4322035422234607,-0.3155469729110735,-0.432203570753613,-0.31554693161733316,2.853015229620226e-08,4.1293740316028504e-08,5.0191060751214385e-08,8.983655114258582e-08,257.2807433109684,2.8344380211819953e-06,2.8344380211819953e-06,1.1016907118395667e-08,257.28073572848587,4.748044489133463e-06,-4.748044489133463e-06,-1.8454721796661608e-08
nonzero_velocity_spirograph,dop853_moderate,DOP853,1e-06,1e-08,0.12030075187969924,2.6737128238355745,-0.6568408440955779,2.6737127424400944,-0.6568409302909344,8.13954801337502e-08,8.619535651899213e-08,8.619535651899213e-08,-0.46493213960569996,-0.29536134710359985,-0.4649321693484915,-0.2953613048638868,2.9742791562981097e-08,4.223971306061003e-08,5.1660691143282326e-08,7.264761980874113e-08,257.2807433912108,2.9146804649826663e-06,2.9146804649826663e-06,1.1328793828811874e-08,257.2807393647271,1.111803271669487e-06,-1.111803271669487e-06,-4.321362219380381e-09
nonzero_velocity_spirograph,dop853_moderate,DOP853,1e-06,1e-08,0.12280701754385964,2.6957536288844848,-0.667911453055858,2.6957535772304726,-0.667911515429737,5.165401217865906e-08,6.237387906171676e-08,6.237387906171676e-08,-0.49780633690788073,-0.27542618775664807,-0.4978063637592704,-0.2754261520839667,2.6851389667292835e-08,3.567268136439594e-08,4.464904615767869e-08,4.660478969409354e-08,257.28074321216235,2.7356319947102747e-06,2.7356319947102747e-06,1.0632867386977318e-08,257.280746478466,6.001935673793923e-06,6.001935673793923e-06,2.3328351988871207e-08
nonzero_velocity_spirograph,dop853_moderate,DOP853,1e-06,1e-08,0.12531328320802004,2.7177510015037085,-0.6790560392135309,2.7177509795889425,-0.6790560781092166,2.19147660018848e-08,3.889568578330227e-08,3.889568578330227e-08,-0.5308229131945561,-0.25573315971879695,-0.5308229386198478,-0.25573313208841364,2.5425291649838755e-08,2.7630383314658502e-08,3.7548415913248844e-08,2.7630383314658502e-08,257.2807431875754,2.7110450560030586e-06,2.7110450560030586e-06,1.0537302757220435e-08,257.28075681663944,1.6340109084467258e-05,1.6340109084467258e-05,6.351081334033177e-08
nonzero_velocity_spirograph,dop853_moderate,DOP853,1e-06,1e-08,0.12781954887218044,2.73970449870965,-0.6902843840274598,2.7397044961186214,-0.6902844122333017,2.5910287249075736e-09,2.8205841884343386e-08,2.8205841884343386e-08,-0.563977976867813,-0.2362733737613265,-0.5639780071060312,-0.2362733478344452,3.023821815162364e-08,2.59268813085356e-08,3.983155798323829e-08,3.023821815162364e-08,257.28074361516076,3.138630404464493e-06,3.138630404464493e-06,1.2199243513724282e-08,257.2807690665351,2.8590004717443662e-05,2.8590004717443662e-05,1.1112376567515242e-07
nonzero_velocity_spirograph,dop853_moderate,DOP853,1e-06,1e-08,0.13032581453634084,2.761613975062192,-0.7016058840928859,2.7616139745211363,-0.7016059212881514,5.410556447316139e-10,3.719526542322882e-08,3.719526542322882e-08,-0.5972669870746321,-0.21703744993579932,-0.5972670291871554,-0.21703741412522348,4.211252324637371e-08,3.581057583801339e-08,5.527985126632013e-08,4.211252324637371e-08,257.2807444986281,4.022097755296272e-06,4.022097755296272e-06,1.5633108595095855e-08,257.2807808550674,4.037853705085581e-05,4.037853705085581e-05,1.569434889532247e-07
nonzero_velocity_spirograph,dop853_moderate,DOP853,1e-06,1e-08,0.13283208020050125,2.7834795977630264,-0.7130295421175548,2.7834795813412283,-0.7130296059783482,1.6421798143539945e-08,6.386079343112527e-08,6.386079343112527e-08,-0.630684776051885,-0.1980155825329274,-0.6306848331267747,-0.19801552562916558,5.7074889703301324e-08,5.6903761813664744e-08,8.059516823724795e-08,5.7074889703301324e-08,257.28074558825364,5.111723282880121e-06,5.111723282880121e-06,1.9868270253779147e-08,257.2807890598547,4.8583324371520575e-05,4.8583324371520575e-05,1.8883389515101478e-07
nonzero_velocity_spirograph,dop853_moderate,DOP853,1e-06,1e-08,0.13533834586466165,2.8053018599784587,-0.7245639607654079,2.8053018159373444,-0.7245640579022661,4.4041114310999774e-08,9.713685822365647e-08,9.713685822365647e-08,-0.6642255723359014,-0.1791976059647371,-0.664225639864183,-0.17919752392299282,6.752828163314462e-08,8.204174428705358e-08,1.0625872494053176e-07,8.204174428705358e-08,257.28074653363706,6.0571067024284275e-06,6.0571067024284275e-06,2.3542791004136466e-08,257.2807905205284,5.0043998044202453e-05,5.0043998044202453e-05,1.9451124849653316e-07
nonzero_velocity_spirograph,dop853_moderate,DOP853,1e-06,1e-08,0.13784461152882205,2.8270815920936587,-0.7362173398209186,2.8270815203847097,-0.7362174597800585,7.170894900099256e-08,1.199591398437505e-07,1.199591398437505e-07,-0.6978830247269912,-0.16057306077498146,-0.697883089872601,-0.16057296213125694,6.514560979553607e-08,9.864372452206283e-08,1.1821393684002265e-07,9.864372452206283e-08,257.280747058353,6.58182261759066e-06,6.58182261759066e-06,2.5582259307089747e-08,257.2807832299931,4.275346276472192e-05,4.275346276472192e-05,1.6617436146030515e-07
nonzero_velocity_spirograph,dop853_moderate,DOP853,1e-06,1e-08,0.14035087719298245,2.848819970605355,-0.7479974771271564,2.8488198850173596,-0.7479975927477156,8.558799535762773e-08,1.1562055923786119e-07,1.1562055923786119e-07,-0.7316502268601899,-0.1421312588646747,-0.731650272048078,-0.14213116560322336,4.518788809804164e-08,9.326145133936592e-08,1.0363225143113533e-07,9.326145133936592e-08,257.28074708699853,6.610468176404538e-06,6.610468176404538e-06,2.56935990006899e-08,257.28076807378034,2.7597249982136418e-05,2.7597249982136418e-05,1.0726512187045688e-07
nonzero_velocity_spirograph,dop853_moderate,DOP853,1e-06,1e-08,0.14285714285714285,2.8705185243599542,-0.7599117737506568,2.870518449315623,-0.7599118512306366,7.504433119365217e-08,7.747997987639366e-08,7.747997987639366e-08,-0.7655197421909109,-0.12386134690120798,-0.7655197541343914,-0.12386128693656806,1.1943480537901507e-08,5.996463992019585e-08,6.11424955993618e-08,7.230399939883725e-08,257.2807467800568,6.303526447482e-06,6.303526447482e-06,2.4500576435712722e-08,257.2807511720449,1.0695514561120945e-05,1.0695514561120945e-05,4.1571376626602214e-08
nonzero_velocity_spirograph,dop853_moderate,DOP853,1e-06,1e-08,0.14536340852130325,2.892179137844084,-0.7719672438261818,2.892179099725575,-0.7719672655374097,3.811850923796101e-08,2.171122792660185e-08,3.811850923796101e-08,-0.7994836291573654,-0.10575236676129429,-0.7994836155537823,-0.10575235345342571,1.3603583037813394e-08,1.3307868584888638e-08,1.9030418748397267e-08,3.6939021508253234e-08,257.2807464603954,5.983865037251235e-06,5.983865037251235e-06,2.3258114953214287e-08,257.2807449034378,4.426907423749071e-06,4.426907423749071e-06,1.72065247307266e-08
nonzero_velocity_spirograph,dop853_moderate,DOP853,1e-06,1e-08,0.14786967418546365,2.913804051234534,-0.7841705295344499,2.913804082122991,-0.784170499962596,3.088845712539978e-08,2.9571853854548635e-08,3.088845712539978e-08,-0.8335334662297529,-0.08779331174079086,-0.8335334649161344,-0.0877933360926002,1.3136184362494419e-09,2.435180934678982e-08,2.4387214106134685e-08,3.0090551661476894e-08,257.28074644661706,5.970086704110145e-06,5.970086704110145e-06,2.320456126273761e-08,257.28073773232137,2.7442089844953443e-06,-2.7442089844953443e-06,-1.0666204471475689e-08
nonzero_velocity_spirograph,dop853_moderate,DOP853,1e-06,1e-08,0.15037593984962405,2.9353958569145924,-0.7965279216659176,2.9353959560347627,-0.7965278452239825,9.912017029378717e-08,7.644193511513464e-08,9.912017029378717e-08,-0.8676603764987308,-0.06997317714896545,-0.8676603933476782,-0.06997323883149176,1.6848947348435672e-08,6.16825263088927e-08,6.394232619007224e-08,9.702047454318574e-08,257.28074684244086,6.365910508066008e-06,6.365910508066008e-06,2.4743051097704372e-08,257.28073136253687,9.113993485243554e-06,-9.113993485243554e-06,-3.542431302227595e-08
nonzero_velocity_spirograph,dop853_moderate,DOP853,1e-06,1e-08,0.15288220551378445,2.9569574921637685,-0.8090453862236925,2.956957630327308,-0.8090452793559529,1.3816353972018192e-07,1.0686773954660111e-07,1.3816353972018192e-07,-0.901855051391876,-0.05228100379187928,-0.9018550765685934,-0.05228109442556306,2.5176717377561886e-08,9.063368378026126e-08,9.4065571456777e-08,1.358152166841542e-07,257.28074736759095,6.8910605932615e-06,6.8910605932615e-06,2.67842069347982e-08,257.2807300159369,1.046059344389505e-05,-1.046059344389505e-05,-4.065828411609879e-08
nonzero_velocity_spirograph,dop853_moderate,DOP853,1e-06,1e-08,0.15538847117794485,2.9784922277278776,-0.8217285975186618,2.9784923624461577,-0.8217284956739856,1.3471828008704279e-07,1.0184467613694181e-07,1.3471828008704279e-07,-0.9361077730363362,-0.03470591274011814,-0.9361078019390442,-0.0347060027397561,2.8902708004707733e-08,8.99996379644108e-08,9.452672301381451e-08,1.329303793706771e-07,257.28074735416243,6.877632074520079e-06,6.877632074520079e-06,2.673201290458611e-08,257.2807327293565,7.747173867755919e-06,-7.747173867755919e-06,-3.011175206277296e-08
nonzero_velocity_spirograph,dop853_moderate,DOP853,1e-06,1e-08,0.15789473684210525,3.0000036519764888,-0.8345829782099136,3.0000037434661606,-0.8345829280656308,9.14896718384739e-08,5.01442827260945e-08,9.14896718384739e-08,-0.9704084347082015,-0.017237129671027085,-0.9704084747755031,-0.01723717249695278,4.006730158767624e-08,4.282592569460064e-08,5.864681208827347e-08,9.057413638546841e-08,257.2807460731561,5.59662572641173e-06,5.59662572641173e-06,2.175299136672947e-08,257.28073618179445,4.2947359020217846e-06,-4.2947359020217846e-06,-1.66927998344033e-08
nonzero_velocity_spirograph,dop853_moderate,DOP853,1e-06,1e-08,0.16040100250626566,3.021495650354718,-0.8476137467435354,3.0214956845857195,-0.8476137781925974,3.423100158883585e-08,3.1449062021238205e-08,3.423100158883585e-08,-1.0047465587239837,0.000136003024147624,-1.0047466239266774,0.00013604249151499825,6.520269368870402e-08,3.946736737425738e-08,7.621721821030704e-08,6.520269368870402e-08,257.2807435989642,3.1224338385982264e-06,3.1224338385982264e-06,1.2136290624843956e-08,257.2807366491534,3.827376929166348e-06,-3.827376929166348e-06,-1.4876266766324428e-08
nonzero_velocity_spirograph,dop853_moderate,DOP853,1e-06,1e-08,0.16290726817042606,3.0429723822300945,-0.8608259690980655,3.0429724050060085,-0.8608260443480161,2.277591404364898e-08,7.524995060403938e-08,7.524995060403938e-08,-1.0391113099530234,0.017424024474491095,-1.0391114061914164,0.01742411231924268,9.623839303252169e-08,8.784475158396532e-08,1.3030168331349636e-07,9.623839303252169e-08,257.280742392167,1.9156366306560813e-06,1.9156366306560813e-06,7.445705524276619e-09,257.2807312408737,9.235656648343138e-06,-9.235656648343138e-06,-3.589719398054062e-08
nonzero_velocity_spirograph,dop853_moderate,DOP853,1e-06,1e-08,0.16541353383458646,3.06443836247439,-0.8742244595018229,3.064438421136153,-0.8742245517129447,5.866176300273196e-08,9.221112173829482e-08,9.221112173829482e-08,-1.0734914619088127,0.03463719426481404,-1.073491609138924,0.03463730488161343,1.4723011121375862e-07,1.1061679938695335e-07,1.8415423414798047e-07,1.4723011121375862e-07,257.28074342812226,2.9515919095501886e-06,2.9515919095501886e-06,1.1472261406288352e-08,257.2807185566436,2.1919886762589158e-05,-2.1919886762589158e-05,-8.519831963321302e-08
nonzero_velocity_spirograph,dop853_moderate,DOP853,1e-06,1e-08,0.16791979949874686,3.0858984252766515,-0.8878138580604117,3.0858985370653254,-0.8878139837561809,1.1178867387329205e-07,1.2569576923748826e-07,1.2569576923748826e-07,-1.107875421265033,0.05178551185338598,-1.1078756518720225,0.05178566432831677,2.3060698950416736e-07,1.5247493079240115e-07,2.764564850538375e-07,2.3060698950416736e-07,257.2807436159876,3.1394572488352424e-06,3.1394572488352424e-06,1.2202457296338626e-08,257.28069888775815,4.158877220561408e-05,-4.158877220561408e-05,-1.616474366817515e-07
nonzero_velocity_spirograph,dop853_moderate,DOP853,1e-06,1e-08,0.17042606516290726,3.1073576592045384,-0.9015987393512053,3.107357836242735,-0.9015989145214521,1.7703819654713016e-07,1.7517024686330984e-07,1.7703819654713016e-07,-1.1422512433212086,0.06887878155115423,-1.1422515832577413,0.06887899369508399,3.39936532700591e-07,2.1214392975643648e-07,4.0070175092829806e-07,3.39936532700591e-07,257.2807430355691,2.559038762228738e-06,2.559038762228738e-06,9.946483975010864e-09,257.2806740761294,6.640040095362565e-05,-6.640040095362565e-05,-2.580853927528354e-07
nonzero_velocity_spirograph,dop853_moderate,DOP853,1e-06,1e-08,0.17293233082706766,3.128821424228691,-0.9155836089776004,3.1288216743064674,-0.915583841546044,2.500777762648454e-07,2.3256844361441154e-07,2.500777762648454e-07,-1.176606614513426,0.08592656150295175,-1.1766070771364472,0.08592684130833228,4.62623021224573e-07,2.7980538053196113e-07,5.406580349366754e-07,4.62623021224573e-07,257.2807429819022,2.5053718673007097e-06,2.5053718673007097e-06,9.737891233756203e-09,257.28064713381474,9.334271561556307e-05,-9.334271561556307e-05,-3.6280490892040936e-07
nonzero_velocity_spirograph,dop853_moderate,DOP853,1e-06,1e-08,0.17543859649122806,3.1502953481856077,-0.9297729325319287,3.1502956730021485,-0.9297732191549389,3.2481654077543e-07,2.866230102149814e-07,3.2481654077543e-07,-1.2109288420996864,0.10293814876636598,-1.2109294240115913,0.10293849052531534,5.819119048844357e-07,3.4175894936261386e-07,6.748486085898601e-07,5.819119048844357e-07,257.28074443042425,3.9538938949590374e-06,3.9538938949590374e-06,1.5368013507873587e-08,257.28062171672644,0.00011875980391096164,-0.00011875980391096164,-4.6159616802640204e-07
nonzero_velocity_spirograph,dop853_moderate,DOP853,1e-06,1e-08,0.17794486215538846,3.1717853224972186,-0.9441711659403235,3.171785715132394,-0.9441714918745273,3.9263517548349114e-07,3.2593420384863236e-07,3.9263517548349114e-07,-1.2452048395622728,0.11992256817754232,-1.2452055187172204,0.11992295234012884,6.791549476137249e-07,3.841625865197429e-07,7.802770890842177e-07,6.791549476137249e-07,257.28074745555284,6.979022487030306e-06,6.979022487030306e-06,2.7126097639892895e-08,257.2806015373469,0.00013893918344365375,-0.00013893918344365375,-5.400294759192364e-07
nonzero_velocity_spirograph,dop853_moderate,DOP853,1e-06,1e-08,0.18045112781954886,3.1932974974959087,-0.9587827867409748,3.1932979404780135,-0.9587831277099595,4.429821047757798e-07,3.4096898471336345e-07,4.429821047757798e-07,-1.2794211073314772,0.13688856462578647,-1.279421843560065,0.13688896035264386,7.362285878720343e-07,3.957268573939743e-07,8.358422574044462e-07,7.362285878720343e-07,257.280751285426,1.0808895638092508e-05,1.0808895638092508e-05,4.2012066733298744e-08,257.28058979230855,0.00015068422180775087,-0.00015068422180775087,-5.856801466314832e-07
nonzero_velocity_spirograph,dop853_moderate,DOP853,1e-06,1e-08,0.18295739348370926,3.214838277703736,-0.9736123258472131,3.214838742631933,-0.9736126510302052,4.6492819727461665e-07,3.25182992089168e-07,4.6492819727461665e-07,-1.3135637084726373,0.15384459823527108,-1.3135644464376117,0.15384496756333055,7.37964974462102e-07,3.693280594685433e-07,8.252245264433496e-07,7.37964974462102e-07,257.280754711257,1.423472662054337e-05,1.423472662054337e-05,5.532760281309082e-08,257.28058867107603,0.0001518054543225844,-0.0001518054543225844,-5.900381584778298e-07
nonzero_velocity_spirograph,dop853_moderate,DOP853,1e-06,1e-08,0.18546365914786966,3.236414317414595,-0.9886643993468559,3.2364147666868055,-0.9886646748048846,4.492722105453595e-07,2.7545802872008807e-07,4.492722105453595e-07,-1.3476182390167348,0.1707988418271823,-1.3476189134433667,0.17079914442218214,6.744266318747805e-07,3.025949998347599e-07,7.391989013161201e-07,6.744266318747805e-07,257.28075661098154,1.6134451186644583e-05,1.6134451186644583e-05,6.271146124953103e-08,257.2805990012123,0.00014147531805974722,-0.00014147531805974722,-5.49886935950625e-07
nonzero_velocity_spirograph,dop853_moderate,DOP853,1e-06,1e-08,0.18796992481203006,3.2580325169280724,-1.003943739889255,3.2580329077172725,-1.003943931936941,3.907892001109303e-07,1.9204768597624877e-07,3.907892001109303e-07,-1.3815697926544153,0.1877591799098305,-1.3815703354858937,0.18775937752485583,5.42831478433925e-07,1.9761502534354491e-07,5.776830551611243e-07,5.42831478433925e-07,257.2807563945723,1.5918041924578574e-05,1.5918041924578574e-05,6.187032070529448e-08,257.28062007330254,0.00012040322781103896,-0.00012040322781103896,-4.679838358208642e-07
nonzero_velocity_spirograph,dop853_moderate,DOP853,1e-06,1e-08,0.19047619047619047,3.2797000197837476,-1.0194552272114807,3.279700309997846,-1.0194553054352178,2.9021409853058344e-07,7.822373704335916e-08,2.9021409853058344e-07,-1.415402919554751,0.20473320831826103,-1.4154032684694355,0.20473326831395133,3.489146844781743e-07,5.999569030468166e-08,3.540352240944949e-07,3.489146844781743e-07,257.2807542335403,1.3757009924120212e-05,1.3757009924120212e-05,5.347081129601752e-08,257.2806496740453,9.080248503323674e-05,-9.080248503323674e-05,-3.5293152866807734e-07
nonzero_velocity_spirograph,dop853_moderate,DOP853,1e-06,1e-08,0.19298245614035087,3.301424211344681,-1.0352039173550807,3.3014243668973755,-1.035203857171008,1.55552694725003e-07,6.018407261443315e-08,1.55552694725003e-07,-1.4491015791138526,0.22172823349937032,-1.4491016866114204,0.22172813110842648,1.0749756773620334e-07,1.0239094383468483e-07,1.484575105831874e-07,1.535700345223212e-07,257.2807510008276,1.052429723813475e-05,1.052429723813475e-05,4.090588832511074e-08,257.2806843387583,5.6137772048714396e-05,-5.6137772048714396e-05,-2.1819655814398355e-07
nonzero_velocity_spirograph,dop853_moderate,DOP853,1e-06,1e-08,0.19548872180451127,3.323212719078844,-1.051195070124848,3.3232127213910636,-1.0511948549626435,2.3122197490010876e-09,2.1516220449768753e-07,2.1516220449768753e-07,-1.4826490864850919,0.23875127031422316,-1.4826489285062059,0.238750989749846,1.579788859729092e-07,2.8056437717527416e-07,3.219840029457845e-07,2.8056437717527416e-07,257.2807479206701,7.444139725976129e-06,7.444139725976129e-06,2.893391752599996e-08,257.28071981402843,2.0662501924562093e-05,-2.0662501924562093e-05,-8.031111029255983e-08
nonzero_velocity_spirograph,dop853_moderate,DOP853,1e-06,1e-08,0.19799498746867167,3.3450734148872368,-1.0674341743410383,3.3450732671310037,-1.0674337977321886,1.477562330265414e-07,3.766088496615083e-07,3.766088496615083e-07,-1.5160280527926644,0.2558090371069588,-1.5160276355855458,0.2558085721208512,4.172071186303583e-07,4.649861076178041e-07,6.24719024933131e-07,4.649861076178041e-07,257.2807460123416,5.535811226309306e-06,5.535811226309306e-06,2.151661727984763e-08,257.28075169683495,1.1220304600101372e-05,1.1220304600101372e-05,4.361113303436294e-08
nonzero_velocity_spirograph,dop853_moderate,DOP853,1e-06,1e-08,0.20050125313283207,3.3670144198274423,-1.0839269704364698,3.3670141500161996,-1.0839264384783043,2.6981124268132817e-07,5.319581655172101e-07,5.319581655172101e-07,-1.5492203189840097,0.2729079466702785,-1.5492196826748452,0.27290730175941924,6.363091644701058e-07,6.449108592709862e-07,9.059797840980151e-07,6.449108592709862e-07,257.28074550835345,5.031823093304411e-06,5.031823093304411e-06,1.955771381870468e-08,257.2807761875614,3.571103104604845e-05,3.571103104604845e-05,1.3880180451869492e-07
nonzero_velocity_spirograph,dop853_moderate,DOP853,1e-06,1e-08,0.20300751879699247,3.3890441115813674,-1.1006794699499445,3.3890437702030356,-1.1006788048093512,3.413783318251262e-07,6.651405932700527e-07,6.651405932700527e-07,-1.5822068833346379,0.29005409162199813,-1.5822061004009271,0.2900532857626167,7.829337107523315e-07,8.058593814475046e-07,1.1235633218022784e-06,8.058593814475046e-07,257.28074553815185,5.0616214934962045e-06,5.0616214934962045e-06,1.9673534381629842e-08,257.28079086015896,5.038362860432244e-05,5.038362860432244e-05,1.95831326165351e-07
nonzero_velocity_spirograph,dop853_moderate,DOP853,1e-06,1e-08,0.20551378446115287,3.4111711350159157,-1.117697971467427,3.4111707844971644,-1.1176972167807977,3.505187513574981e-07,7.546866294116938e-07,7.546866294116938e-07,-1.6149678226817388,0.3072532225967015,-1.6149669892722904,0.3072522981462127,8.334094483419818e-07,9.244504888261673e-07,1.2446606022834604e-06,9.244504888261673e-07,257.2807444942044,4.0176740299102676e-06,4.0176740299102676e-06,1.5615914438324494e-08,257.28079531261415,5.483608379108773e-05,5.483608379108773e-05,2.1313715006230708e-07
nonzero_velocity_spirograph,dop853_moderate,DOP853,1e-06,1e-08,0.20802005012531327,3.433404416185347,-1.1349890725624183,3.4334041090677765,-1.134988301780996,3.071175704860707e-07,7.707814222435161e-07,7.707814222435161e-07,-1.6474822075309767,0.3245107175524323,-1.6474814253274135,0.32450975780235636,7.822035632543134e-07,9.597500759683797e-07,1.2381286777589216e-06,9.597500759683797e-07,257.2807416402491,1.163718764018995e-06,1.163718764018995e-06,4.523147600802057e-09,257.28079151403284,5.103750248736105e-05,5.103750248736105e-05,1.9837280626925431e-07
nonzero_velocity_spirograph,dop853_moderate,DOP853,1e-06,1e-08,0.21052631578947367,3.4557531755421764,-1.1525596803291847,3.455752922425221,-1.1525590062093976,2.531169553954271e-07,6.741197871029669e-07,6.741197871029669e-07,-1.6797280087503874,0.34183154598205834,-1.6797273573312892,0.3418307001772981,6.514190982187529e-07,8.458047602299956e-07,1.0675825654027202e-06,8.458047602299956e-07,257.2807401976306,2.7889973353012465e-07,-2.7889973353012465e-07,-1.0840288045407208e-09,257.2807836103773,4.3133846929777064e-05,4.3133846929777064e-05,1.6765284043370443e-07
nonzero_velocity_spirograph,dop853_moderate,DOP853,1e-06,1e-08,0.21303258145363407,3.4782268560444938,-1.170417094878794,3.478226668602941,-1.1704166036912702,1.8744155294569964e-07,4.91187523765646e-07,4.91187523765646e-07,-1.7116819596903123,0.35922035837306787,-1.7116814955958681,0.3592197417756857,4.640944442080297e-07,6.165973821525839e-07,7.717356962213032e-07,6.165973821525839e-07,257.28073998457387,4.919564844385604e-07,-4.919564844385604e-07,-1.9121387925398855e-09,257.28077688851687,3.6411986513940064e-05,3.6411986513940064e-05,1.4152628154947976e-07
nonzero_velocity_spirograph,dop853_moderate,DOP853,1e-06,1e-08,0.21553884711779447,3.5008351813608876,-1.1885689901382666,3.5008350604846905,-1.1885686995729854,1.2087619705170027e-07,2.905652811691084e-07,2.905652811691084e-07,-1.7433194683333348,0.3766813984879076,-1.74331919260736,0.3766810365883252,2.757259749408547e-07,3.6189958241283904e-07,4.549682637367931e-07,3.6189958241283904e-07,257.28073981254863,6.639817229370237e-07,-6.639817229370237e-07,-2.5807673038689557e-09,257.2807755273826,3.505085226152005e-05,3.505085226152005e-05,1.3623581849383496e-07
nonzero_velocity_spirograph,dop853_moderate,DOP853,1e-06,1e-08,0.21804511278195488,3.5235881610766673,-1.2070233836774782,3.5235880832180024,-1.2070232314419433,7.785866484866233e-08,1.5223553484489116e-07,1.5223553484489116e-07,-1.7746144692589163,0.3942184079241552,-1.7746143157633383,0.3942182235376548,1.5349557802579739e-07,1.8438650040142335e-07,2.399151391716616e-07,1.8438650040142335e-07,257.28073977726393,6.992664225435874e-07,-6.992664225435874e-07,-2.717912041330493e-09,257.28077868559365,3.820906329110585e-05,3.820906329110585e-05,1.4851116807397152e-07
nonzero_velocity_spirograph,dop853_moderate,DOP853,1e-06,1e-08,0.22055137844611528,3.546496083970355,-1.2257886669299891,3.5464960132813697,-1.2257885298623366,7.068898533191259e-08,1.3706765256138453e-07,1.3706765256138453e-07,-1.8055392942220183,0.411834614498767,-1.8055391597136796,0.4118344488593094,1.34508338689443e-07,1.6563945759440202e-07,2.133750760730072e-07,1.6563945759440202e-07,257.2807392259654,1.2505649351624015e-06,-1.2505649351624015e-06,-4.8607017099147395e-09,257.2807850537647,4.4577234348253114e-05,4.4577234348253114e-05,1.732630054845459e-07
nonzero_velocity_spirograph,dop853_moderate,DOP853,1e-06,1e-08,0.22305764411027568,3.5695695221616215,-1.2448736141018502,3.569569459078311,-1.2448734856948473,6.308331057525152e-08,1.2840700280847273e-07,1.2840700280847273e-07,-1.8360645325288854,0.42953268456019855,-1.8360644134645976,0.42953252827107213,1.1906428776242706e-07,1.5628912641840742e-07,1.964754327059823e-07,1.5628912641840742e-07,257.2807377589135,2.7176168373443943e-06,-2.7176168373443943e-06,-1.0562845988047444e-08,257.28079192000865,5.144347829855178e-05,5.144347829855178e-05,1.9995075497399913e-07
nonzero_velocity_spirograph,dop853_moderate,DOP853,1e-06,1e-08,0.22556390977443608,3.59281932558544,-1.2642873764368647,3.5928192726595323,-1.2642872615183656,5.292590765648697e-08,1.1491849916112074e-07,1.1491849916112074e-07,-1.8661588688122634,0.4473146542491456,-1.8661587691716408,0.44731451298484115,9.96406226416724e-08,1.4126430447625182e-07,1.7286948082174407e-07,1.4126430447625182e-07,257.2807362306849,4.245845445893792e-06,-4.245845445893792e-06,-1.650277217808733e-08,257.2807880343709,4.755784055987533e-05,4.755784055987533e-05,1.8484803981747576e-07
nonzero_velocity_spirograph,dop853_moderate,DOP853,1e-06,1e-08,0.22807017543859648,3.6162566074500297,-1.284039462933917,3.616256554035024,-1.2840393472991767,5.3415005751844546e-08,1.1563474022757703e-07,1.1563474022757703e-07,-1.895788902747518,0.4651818411300749,-1.8957888061780084,0.46518169917344365,9.656950972214418e-08,1.4195663122773539e-07,1.7168970661487704e-07,1.4195663122773539e-07,257.2807367324717,3.7440586311277e-06,-3.7440586311277e-06,-1.4552424811095569e-08,257.28078640232127,4.592579091422522e-05,4.592579091422522e-05,1.7850458152896468e-07
nonzero_velocity_spirograph,dop853_moderate,DOP853,1e-06,1e-08,0.23057644110275688,3.639892721336145,-1.3041397086119708,3.639892645009606,-1.304139560393379,7.632653931111122e-08,1.4821859184444008e-07,1.4821859184444008e-07,-1.9249189554041155,0.48313473770814785,-1.9249188297740398,0.48313455971690433,1.2563007567578666e-07,1.779912435218023e-07,2.1786187983385577e-07,1.779912435218023e-07,257.2807413243574,8.478270387968223e-07,8.478270387968223e-07,3.2953381478399574e-09,257.2808006179583,6.01414279230994e-05,6.01414279230994e-05,2.3375798674905328e-07
nonzero_velocity_spirograph,dop853_moderate,DOP853,1e-06,1e-08,0.23308270676691728,3.6637392305952723,-1.3245982314183489,3.663739109747334,-1.3245980193083386,1.2084793832300988e-07,2.1211001022258813e-07,2.1211001022258813e-07,-1.953510867070653,0.5011728884522947,-1.9535106847829047,0.5011726401531439,1.8228774822937055e-07,2.4829915079571663e-07,3.0802806924111383e-07,2.4829915079571663e-07,257.28075003343434,9.55690398996012e-06,9.55690398996012e-06,3.714581966865848e-08,257.28083293373777,9.245720741546393e-05,9.245720741546393e-05,3.593631114564444e-07
nonzero_velocity_spirograph,dop853_moderate,DOP853,1e-06,1e-08,0.23558897243107768,3.6878078707042983,-1.3454253788758959,3.6878077017669977,-1.3454250971741304,1.689373005930861e-07,2.8170176546993275e-07,2.8170176546993275e-07,-1.9815237915246593,0.5192947520654597,-1.9815235527412614,0.5192944279542705,2.387833979433651e-07,3.2411118922048843e-07,4.025736878029893e-07,3.2411118922048843e-07,257.28075928947004,1.8812939686085883e-05,1.8812939686085883e-05,7.312222302859096e-08,257.28087306694937,0.00013259041901392266,0.00013259041901392266,5.153530682799703e-07
nonzero_velocity_spirograph,dop853_moderate,DOP853,1e-06,1e-08,0.23809523809523808,3.712110505234217,-1.3666316655646364,3.712110315096622,-1.366631352276239,1.9013759500197125e-07,3.132883974465983e-07,3.132883974465983e-07,-2.008913991838403,0.5374975508776073,-2.0089137365359724,0.5374971933924086,2.5530243075166936e-07,3.574851986654082e-07,4.3928919678562243e-07,3.574851986654082e-07,257.28076246729387,2.1990763514168066e-05,2.1990763514168066e-05,8.547380372676635e-08,257.2809037650997,0.00016328856935388103,0.00016328856935388103,6.346707843402547e-07
nonzero_velocity_spirograph,dop853_moderate,DOP853,1e-06,1e-08,0.24060150375939848,3.736659076090424,-1.3882277025335321,3.7366589173148914,-1.3882274330007955,1.5877553272147793e-07,2.695327365742628e-07,2.695327365742628e-07,-2.0356346429155816,0.5557771093858732,-2.035634438028743,0.555776800809791,2.0488683860619972e-07,3.085760822418848e-07,3.704022342883388e-07,3.085760822418848e-07,257.280754455525,1.3978994672925182e-05,1.3978994672925182e-05,5.43336226685043e-08,257.2809092510229,0.00016877449252206134,0.00016877449252206134,6.559934964796064e-07
nonzero_velocity_spirograph,dop853_moderate,DOP853,1e-06,1e-08,0.24310776942355888,3.7614655486821764,-1.4102241197379455,3.761465462207407,-1.410223954543624,8.647476956724631e-08,1.6519432155526204e-07,1.6519432155526204e-07,-2.0616356460366108,0.5741276841287779,-2.0616355360325853,0.5741274897608312,1.100040254442547e-07,1.943679467375503e-07,2.2333782557576634e-07,1.943679467375503e-07,257.28074206049956,1.5839692082408874e-06,1.5839692082408874e-06,6.156579016785674e-09,257.2808829668725,0.0001424903421707313,0.0001424903421707313,5.538321364701201e-07
nonzero_velocity_spirograph,dop853_moderate,DOP853,1e-06,1e-08,0.24561403508771928,3.78654181348582,-1.4326314274388825,3.7865417797656993,-1.4326313447343726,3.372012091773513e-08,8.270450990721656e-08,8.270450990721656e-08,-2.0868634180308847,0.5925417288669896,-2.0868633739982987,0.5925416262635498,4.403258602181381e-08,1.0260343985546427e-07,1.116527406826286e-07,1.0260343985546427e-07,257.28072360986977,1.6866660587311344e-05,-1.6866660587311344e-05,-6.555741621417618e-08,257.2808316277517,9.115122134062403e-05,9.115122134062403e-05,3.5428699859847853e-07
nonzero_velocity_spirograph,dop853_moderate,DOP853,1e-06,1e-08,0.24812030075187969,3.8118994102966006,-1.455459637296232,3.8118994412569087,-1.455459656327005,3.096030809501826e-08,1.903077295750677e-08,3.096030809501826e-08,-2.1112605413750956,0.6110094161756681,-2.111260568921681,0.6110094252988084,2.7546585457116635e-08,9.123140354283521e-09,2.9018029917108193e-08,2.7546585457116635e-08,257.2807260614013,1.4415129044209607e-05,-1.4415129044209607e-05,-5.602879180738592e-08,257.28077360086655,3.312433619839794e-05,3.312433619839794e-05,1.2874782673994833e-07
nonzero_velocity_spirograph,dop853_moderate,DOP853,1e-06,1e-08,0.2506265664160401,3.837549493893213,-1.478718213387539,3.8375495970920452,-1.4787183431079272,1.031988321464894e-07,1.297203882089093e-07,1.297203882089093e-07,-2.1347657581916555,0.6295185191492678,-2.1347658552819198,0.6295186467427253,9.70902642727367e-08,1.275934574662685e-07,1.603328095080552e-07,1.275934574662685e-07,257.28073745473023,3.0218001256798743e-06,-3.0218001256798743e-06,-1.1745147033092936e-08,257.2807311927859,9.283744475396816e-06,-9.283744475396816e-06,-3.608410197437105e-08
nonzero_velocity_spirograph,dop853_moderate,DOP853,1e-06,1e-08,0.2531328320802005,3.8635026557770185,-1.5024158242753214,3.8635027852207533,-1.5024159971730215,1.2944373484202742e-07,1.7289770015693762e-07,1.7289770015693762e-07,-2.157313865374358,0.6480540949217435,-2.1573139802480994,0.6480542681232533,1.1487374118601679e-07,1.7320150980104643e-07,2.0783344151371295e-07,1.7320150980104643e-07,257.2807065426715,3.393385884464806e-05,-3.393385884464806e-05,-1.3189428319351238e-07,257.2807187270264,2.174950395783526e-05,-2.174950395783526e-05,-8.453607494113728e-08
nonzero_velocity_spirograph,dop853_moderate,DOP853,1e-06,1e-08,0.2556390977443609,3.8897686411064316,-1.5265599578124454,3.889768707780485,-1.526560044724869,6.667405338944832e-08,8.691242370240104e-08,8.691242370240104e-08,-2.17883561427876,0.6665980540836304,-2.1788356689113857,0.6665981389661693,5.4632625534623e-08,8.488253888661035e-08,1.0094438657321792e-07,8.488253888661035e-08,257.2806359473473,0.00010452918303371916,-0.00010452918303371916,-4.062845234358089e-07,257.2807315080142,8.968516169716167e-06,-8.968516169716167e-06,-3.4858871103623446e-08
nonzero_velocity_spirograph,dop853_moderate,DOP853,1e-06,1e-08,0.2581453634085213,3.9163560460152276,-1.551156509003373,3.916355973728012,-1.5511563977414276,7.228721576879593e-08,1.1126194543464862e-07,1.1126194543464862e-07,-2.199257735800521,0.6851287393359045,-2.1992576808675004,0.685128623043477,5.493302079884188e-08,1.1629242746558077e-07,1.286140173539547e-07,1.1629242746558077e-07,257.28056926927087,0.00017120725948416293,-0.00017120725948416293,-6.654491866241375e-07,257.28074505767216,4.581141809012479e-06,4.581141809012479e-06,1.7806003669483296e-08
nonzero_velocity_spirograph,dop853_moderate,DOP853,1e-06,1e-08,0.2606516290726817,3.9432719909451133,-1.576209335245377,3.9432718051811735,-1.5762090588674467,1.8576393978619876e-07,2.763779303194269e-07,2.763779303194269e-07,-2.218503108976346,0.7036205176406588,-2.218502982021305,0.7036202365558751,1.2695504070237007e-07,2.8108478367094847e-07,3.084254171936618e-07,2.8108478367094847e-07,257.28054342185106,0.00019705467929043152,-0.00019705467929043152,-7.659130602836835e-07,257.2807394693354,1.0071949532175495e-06,-1.0071949532175495e-06,-3.9147701120264295e-09
nonzero_velocity_spirograph,dop853_moderate,DOP853,1e-06,1e-08,0.2631578947368421,3.970521765608466,-1.601719773365762,3.9705216677885726,-1.6017196188921208,9.781989351864695e-08,1.544736412117942e-07,1.544736412117942e-07,-2.236491094266879,0.7220433922820056,-2.2364910353374636,0.7220432327959496,5.892941556950859e-08,1.594860560283351e-07,1.7002493372101952e-07,1.594860560283351e-07,257.2805557061653,0.00018477036508102174,-0.00018477036508102174,-7.181663296630508e-07,257.2806901106626,5.036586776441254e-05,-5.036586776441254e-05,-1.9576229324871294e-07
nonzero_velocity_spirograph,dop853_moderate,DOP853,1e-06,1e-08,0.2656641604010025,3.998108441197153,-1.6276861128711406,3.998108524444346,-1.6276862063872324,8.324719313890228e-08,9.351609175922704e-08,9.351609175922704e-08,-2.2531380555546696,0.7403626434229328,-2.253138102111869,0.7403627205714904,4.655719942903147e-08,7.714855765339479e-08,9.010811709648464e-08,7.714855765339479e-08,257.2805684177086,0.00017205882176085652,-0.00017205882176085652,-6.687590429123165e-07,257.28066870700746,7.176952289000837e-05,-7.176952289000837e-05,-2.789541213115225e-07
nonzero_velocity_spirograph,dop853_moderate,DOP853,1e-06,1e-08,0.2681704260651629,4.026032445453327,-1.6541030198248072,4.026032706473867,-1.6541033493418407,2.610205394049103e-07,3.2951703343719885e-07,3.2951703343719885e-07,-2.2683580974825395,0.7585385080371758,-2.268358221768289,0.7585387986834795,1.242857496919214e-07,2.906463036911333e-07,3.161047633709455e-07,2.906463036911333e-07,257.2805473782083,0.00019309832202907273,-0.00019309832202907273,-7.505354721516263e-07,257.2807050547517,3.542177864801488e-05,-3.542177864801488e-05,-1.3767753692875477e-07
nonzero_velocity_spirograph,dop853_moderate,DOP853,1e-06,1e-08,0.2706766917293233,4.0542910962181224,-1.6809609057682557,4.0542915385837475,-1.6809614773997348,4.4236562501964727e-07,5.716314790404908e-07,5.716314790404908e-07,-2.2820640468960547,0.7765259124417824,-2.282064223182977,0.776526414710414,1.7628692239313182e-07,5.022686315747649e-07,5.323071080408648e-07,5.022686315747649e-07,257.2805072628882,0.00023321364216144502,-0.00023321364216144502,-9.064558883400727e-07,257.2806539616047,8.651492566968955e-05,-8.651492566968955e-05,-3.362666226373894e-07
nonzero_velocity_spirograph,dop853_moderate,DOP853,1e-06,1e-08,0.2731829573934837,4.082878089074131,-1.708245236102887,4.082878666201873,-1.708245997207804,5.771277420407728e-07,7.6110491686876e-07,7.6110491686876e-07,-2.2941687086321254,0.7942742729562886,-2.29416889198928,0.7942749373449242,1.8335715479267378e-07,6.643886355517381e-07,6.892257288174642e-07,6.643886355517381e-07,257.280519507578,0.00022096895236245473,-0.00022096895236245473,-8.588631700654326e-07,257.2804424409877,0.0002980355426416281,-0.0002980355426416281,-1.1584059579804244e-06
nonzero_velocity_spirograph,dop853_moderate,DOP853,1e-06,1e-08,0.2756892230576441,4.111782934697602,-1.735935772347946,4.111783535349672,-1.7359365821435941,6.006520703039087e-07,8.097956480934698e-07,8.097956480934698e-07,-2.304586426473763,0.8117273823293594,-2.304586566243863,0.8117280849633683,1.3977009993837441e-07,7.026340089755223e-07,7.164008873569305e-07,7.026340089755223e-07,257.2806324807563,0.00010799577404441152,-0.00010799577404441152,-4.1975848578631985e-07,257.28012685983254,0.0006136166978194524,-0.0006136166978194524,-2.385008285823974e-06
nonzero_velocity_spirograph,dop853_moderate,DOP853,1e-06,1e-08,0.2781954887218045,4.140990377399986,-1.7640057900351265,4.140991034089062,-1.764006685661486,6.566890755621557e-07,8.956263595205627e-07,8.956263595205627e-07,-2.3132349852544722,0.8288234408460997,-2.3132350824437466,0.8288242069170759,9.718927440616199e-08,7.660709762102869e-07,7.722114319610777e-07,7.660709762102869e-07,257.2806910599154,4.941661495649896e-05,-4.941661495649896e-05,-1.9207273294134055e-07,257.2798366487325,0.0009038277978561382,-0.0009038277978561382,-3.513002163248155e-06
nonzero_velocity_spirograph,dop853_moderate,DOP853,1e-06,1e-08,0.2807017543859649,4.170480685337666,-1.7924224502474262,4.17048129928251,-1.792423280116967,6.139448442965545e-07,8.298695408637258e-07,8.298695408637258e-07,-2.320037933442728,0.845496211124192,-2.320037976469277,0.8454968994994772,4.302654899035474e-08,6.883752851072344e-07,6.897186506572704e-07,6.883752851072344e-07,257.28068726796033,5.3208570022889035e-05,-5.3208570022889035e-05,-2.068113218437461e-07,257.27968491693485,0.0010555595954997443,-0.0010555595954997443,-4.1027540325974556e-06
nonzero_velocity_spirograph,dop853_moderate,DOP853,1e-06,1e-08,0.2832080200501253,4.200229402509711,-1.821146460873759,4.2002296924046405,-1.8211468229284682,2.8989492939501815e-07,3.620547091021109e-07,3.620547091021109e-07,-2.3249268231873774,0.8616756567838861,-2.324926830708521,0.8616759302377281,7.521143707833744e-09,2.7345384201460377e-07,2.7355725418131716e-07,2.7345384201460377e-07,257.28068698716106,5.348936929294723e-05,-5.348936929294723e-05,-2.0790273377585615e-07,257.27970606844065,0.0010344080897084496,-0.0010344080897084496,-4.020542259760832e-06
nonzero_velocity_spirograph,dop853_moderate,DOP853,1e-06,1e-08,0.2857142857142857,4.230207132096757,-1.8501317801333097,4.2302069481437865,-1.8501314519362368,1.839529701896936e-07,3.2819707285192123e-07,3.2819707285192123e-07,-2.3278435961869373,0.8772887453274019,-2.3278436466196237,0.8772884350933168,5.0432686471424404e-08,3.1023408508801253e-07,3.1430660733608704e-07,3.1023408508801253e-07,257.28066762324437,7.285328598527485e-05,-7.285328598527485e-05,-2.83166496840523e-07,257.27985145408076,0.0008890224495985422,-0.0008890224495985422,-3.4554566655549582e-06
nonzero_velocity_spirograph,dop853_moderate,DOP853,1e-06,1e-08,0.2882205513784461,4.260380130168838,-1.8793263980615202,4.260379499531952,-1.8793254118177192,6.306368858233213e-07,9.862438010710406e-07,9.862438010710406e-07,-2.328742938461793,0.8922611859549161,-2.3287431122373152,0.892260343746114,1.7377552241626404e-07,8.422088021431406e-07,8.599497651598199e-07,8.422088021431406e-07,257.28064083718334,9.963934701318067e-05,-9.963934701318067e-05,-3.8727868564366934e-07,257.2800398473414,0.0007006291889410932,-0.0007006291889410932,-2.723208848215383e-06
nonzero_velocity_spirograph,dop853_moderate,DOP853,1e-06,1e-08,0.2907268170426065,4.290710902523101,-1.9086731214489199,4.290709983341579,-1.9086717134189215,9.191815220077615e-07,1.4080299983731948e-06,1.4080299983731948e-06,-2.32759430364719,0.9065191328901545,-2.3275946275422155,0.9065179789225919,3.2389502546692484e-07,1.1539675626170975e-06,1.1985612721486811e-06,1.1539675626170975e-06,257.2806418521937,9.862433665830395e-05,-9.862433665830395e-05,-3.8333353859147744e-07,257.2802268459115,0.0005136306188546769,-0.0005136306188546769,-1.9963819207894857e-06
nonzero_velocity_spirograph,dop853_moderate,DOP853,1e-06,1e-08,0.2932330827067669,4.32115891182831,-1.9381105051987046,4.321157929487549,-1.938109027861222,9.823407616238455e-07,1.4773374825693963e-06,1.4773374825693963e-06,-2.324383526796792,0.9199909274258766,-2.324383947993054,0.9199897673528805,4.211962618683174e-07,1.1600729961092071e-06,1.23417002366515e-06,1.1600729961092071e-06,257.280676532142,6.394438833012828e-05,-6.394438833012828e-05,-2.485393512615508e-07,257.2804350452137,0.00030543131663307577,-0.00030543131663307577,-1.1871518873405054e-06
nonzero_velocity_spirograph,dop853_moderate,DOP853,1e-06,1e-08,0.2957393483709273,4.351681481574044,-1.9675740467872236,4.351680638172864,-1.967572817283107,8.434011800062535e-07,1.2295041165177878e-06,1.2295041165177878e-06,-2.3191138934325197,0.9326089049488324,-2.319114308474122,0.9326079930965496,4.1504160241956356e-07,9.118522827922249e-07,1.001865318978749e-06,9.118522827922249e-07,257.28070619884403,3.427768632491279e-05,-3.427768632491279e-05,-1.3323067347141623e-07,257.28068363988547,5.683664488742579e-05,-5.683664488742579e-05,-2.2091294040181192e-07
nonzero_velocity_spirograph,dop853_moderate,DOP853,1e-06,1e-08,0.2982456140350877,4.382234983322467,-1.9969977605115257,4.382234270178078,-1.9969967381784748,7.131443897634426e-07,1.0223330508818407e-06,1.0223330508818407e-06,-2.311806479838142,0.944311267119025,-2.3118068826156097,0.9443105454309693,4.0277746782280133e-07,7.216880557603389e-07,8.264764596846578e-07,7.216880557603389e-07,257.2807069629829,3.3513547464281146e-05,-3.3513547464281146e-05,-1.3026061493063185e-07,257.2807941622575,5.368572715269693e-05,5.368572715269693e-05,2.086659384346503e-07
nonzero_velocity_spirograph,dop853_moderate,DOP853,1e-06,1e-08,0.3007518796992481,4.412776393760578,-2.026316248208121,4.412775899689574,-2.0263155174301932,4.940710036649421e-07,7.307779279486226e-07,7.307779279486226e-07,-2.3024995372809687,0.9550439936550743,-2.30249987369131,0.9550434813220425,3.3641034136167036e-07,5.123330317768904e-07,6.129086826149355e-07,5.123330317768904e-07,257.2807214463195,1.9030210864912078e-05,-1.9030210864912078e-05,-7.396671367497114e-08,257.2807850222778,4.454574747114748e-05,4.454574747114748e-05,1.7314062214155912e-07
nonzero_velocity_spirograph,dop853_moderate,DOP853,1e-06,1e-08,0.3032581453634085,4.443264904963568,-2.055466842819079,4.443264457453372,-2.0554661756062047,4.4751019601108055e-07,6.672128742835071e-07,6.672128742835071e-07,-2.2912469271380793,0.9647624157492598,-2.2912472744490584,0.9647619615973104,3.4731097908746733e-07,4.541519493805879e-07,5.717332501445786e-07,4.541519493805879e-07,257.2807287495741,1.1726956245183828e-05,-1.1726956245183828e-05,-4.558038904685749e-08,257.2807899066145,4.943008411828487e-05,4.943008411828487e-05,1.9212508494313034e-07
nonzero_velocity_spirograph,dop853_moderate,DOP853,1e-06,1e-08,0.3057644110275689,4.473661816996754,-2.0843894529923706,4.473661342240166,-2.0843887450923377,4.747565878204796e-07,7.079000328147345e-07,7.079000328147345e-07,-2.2781169372820163,0.9734310346307883,-2.2781173467152662,0.9734305710676991,4.0943324997044783e-07,4.6356308913697575e-07,6.184871250006575e-07,4.6356308913697575e-07,257.2807277260401,1.2750490270718728e-05,-1.2750490270718728e-05,-4.955866594251291e-08,257.28076882528495,2.8348754597118386e-05,2.8348754597118386e-05,1.1018607356544209e-07
nonzero_velocity_spirograph,dop853_moderate,DOP853,1e-06,1e-08,0.3082706766917293,4.503932190652766,-2.113028772018137,4.503931633894027,-2.1130279427066903,5.567587395560736e-07,8.293114466262352e-07,8.293114466262352e-07,-2.263189594290567,0.9810245896716873,-2.263190121017192,0.9810240688461256,5.267266249830982e-07,5.208255616784285e-07,7.407430075024238e-07,5.447056866669797e-07,257.28073380248685,6.674043504517613e-06,-6.674043504517613e-06,-2.594070388695275e-08,257.28072683527023,1.3641260125041299e-05,-1.3641260125041299e-05,-5.302091442902109e-08
nonzero_velocity_spirograph,dop853_moderate,DOP853,1e-06,1e-08,0.3107769423558897,4.534045411032034,-2.141335029293699,4.534044787724857,-2.14133410365873,6.233071774275345e-07,9.256349686737053e-07,9.256349686737053e-07,-2.2465541208331925,0.9875279165744515,-2.246554760141023,0.9875273614592259,6.393078306743405e-07,5.551152255645064e-07,8.466802324461485e-07,6.393078306743405e-07,257.28074203726624,1.5607358818670036e-06,1.5607358818670036e-06,6.066275613853719e-09,257.2807091701894,3.130634092940454e-05,-3.130634092940454e-05,-1.21681634122397e-07
nonzero_velocity_spirograph,dop853_moderate,DOP853,1e-06,1e-08,0.3132832080200501,4.563975534338847,-2.169264455712762,4.563974970652761,-2.1692636221152575,5.636860862523463e-07,8.335975043571864e-07,8.335975043571864e-07,-2.2283063335576516,0.9929354618263049,-2.228306954650371,0.9929349862385365,6.210927194771898e-07,4.7558776838929617e-07,7.822658701676061e-07,6.210927194771898e-07,257.28074165479154,1.178261186396412e-06,1.178261186396412e-06,4.5796711569395355e-09,257.2807414183975,9.418671425009961e-07,9.418671425009961e-07,3.6608536680844754e-09
nonzero_velocity_spirograph,dop853_moderate,DOP853,1e-06,1e-08,0.3157894736842105,4.5937014921859545,-2.1967795618686585,4.59370113552854,-2.1967790388045674,3.566574147129131e-07,5.230640911513262e-07,5.230640911513262e-07,-2.208546063501075,0.9972505675580927,-2.2085464809598356,0.9972502858794063,4.174587604488522e-07,2.8167868637574145e-07,5.03601726599359e-07,4.174587604488522e-07,257.2807420998722,1.623341859158245e-06,1.623341859158245e-06,6.309612822753553e-09,257.2807980259218,5.7549391442535125e-05,5.7549391442535125e-05,2.2368324708621123e-07
nonzero_velocity_spirograph,dop853_moderate,DOP853,1e-06,1e-08,0.3182957393483709,4.623207080250374,-2.223849129386416,4.623206930054471,-2.2238489160901698,1.5019590282605577e-07,2.132962464429511e-07,2.132962464429511e-07,-2.187374795145175,1.0004845333113592,-2.1873749761707657,1.00048442880011,1.8102559051769163e-07,1.0451124921040389e-07,2.09028384756229e-07,1.8102559051769163e-07,257.28074702284005,6.54630969165737e-06,6.54630969165737e-06,2.544422749846111e-08,257.28082813602066,8.765949030475895e-05,8.765949030475895e-05,3.407153218791183e-07
nonzero_velocity_spirograph,dop853_moderate,DOP853,1e-06,1e-08,0.3208020050125313,4.652480695890296,-2.2504478663221046,4.652480536729584,-2.250447640945405,1.5916071216537375e-07,2.253766995252704e-07,2.253766995252704e-07,-2.164893706945067,1.0026555044970211,-2.164893909897014,1.002655400427963,2.029519468038643e-07,1.0406905803783673e-07,2.2807863019660828e-07,2.029519468038643e-07,257.2807303806483,1.0095882032601367e-05,-1.0095882032601367e-05,-3.9240722076211265e-08,257.2808146291668,7.415263644361403e-05,7.415263644361403e-05,2.882168183528622e-07
nonzero_velocity_spirograph,dop853_moderate,DOP853,1e-06,1e-08,0.3233082706766917,4.681514876090883,-2.276555795007211,4.681514540243598,-2.2765552962603124,3.3584728509339357e-07,4.987468984474219e-07,4.987468984474219e-07,-2.141202189304025,1.0037872931384835,-2.1412026641763715,1.0037870594168532,4.7487234633436515e-07,2.3372163027168824e-07,5.292726573043057e-07,4.7487234633436515e-07,257.2807258957502,1.4580780145934114e-05,-1.4580780145934114e-05,-5.667264529372808e-08,257.28079957846904,5.9101938688854716e-05,5.9101938688854716e-05,2.297176950726559e-07
nonzero_velocity_spirograph,dop853_moderate,DOP853,1e-06,1e-08,0.3258145363408521,4.710306091619734,-2.302157987723776,4.710305726055929,-2.302157443321516,3.6556380500485375e-07,5.444022597167475e-07,5.444022597167475e-07,-2.116396323004051,1.00390842425506,-2.1163968676384766,1.0039081820480615,5.446344255588542e-07,2.4220699845756144e-07,5.960628218616258e-07,5.446344255588542e-07,257.280726125396,1.4351134382195596e-05,-1.4351134382195596e-05,-5.578005705213187e-08,257.2808013223602,6.084582986431997e-05,6.084582986431997e-05,2.3649585954868798e-07
nonzero_velocity_spirograph,dop853_moderate,DOP853,1e-06,1e-08,0.3283208020050125,4.738854175665573,-2.327243807228373,4.73885382330116,-2.3272432829750826,3.5236441231489835e-07,5.242532905569419e-07,5.242532905569419e-07,-2.09056807513866,1.003051057795644,-2.0905686241884163,1.003050838119038,5.490497563265251e-07,2.1967660601696082e-07,5.913657465167793e-07,5.490497563265251e-07,257.2807254529869,1.5023543426195829e-05,-1.5023543426195829e-05,-5.8393579707402565e-08,257.2808018389101,6.13623797676155e-05,6.13623797676155e-05,2.385035881580615e-07
nonzero_velocity_spirograph,dop853_moderate,DOP853,1e-06,1e-08,0.3308270676691729,4.767161872934514,-2.3518063102771416,4.767161535682459,-2.351805808826641,3.372520547273439e-07,5.01450500678402e-07,5.01450500678402e-07,-2.0638046525208247,1.0012500973950955,-2.0638052005131953,1.0012498999438766,5.479923705919987e-07,1.9745121893066653e-07,5.824797181741562e-07,5.479923705919987e-07,257.2807248749264,1.560160393410115e-05,-1.560160393410115e-05,-6.064038802595236e-08,257.28080202617593,6.154964557936182e-05,6.154964557936182e-05,2.392314538016362e-07
nonzero_velocity_spirograph,dop853_moderate,DOP853,1e-06,1e-08,0.3333333333333333,4.795234401298405,-2.375841666564954,4.795234075342693,-2.375841184774917,3.2595571219928843e-07,4.817900371989481e-07,4.817900371989481e-07,-2.0361881084286857,0.9985424145907839,-2.0361886563578153,0.9985422385509264,5.479291296239808e-07,1.7603985746905693e-07,5.755139985336751e-07,5.479291296239808e-07,257.2807243087709,1.6167759440577356e-05,-1.6167759440577356e-05,-6.284092392859158e-08,257.2808057283798,6.525184943484419e-05,6.525184943484419e-05,2.536211972726213e-07
nonzero_velocity_spirograph,dop853_moderate,DOP853,1e-06,1e-08,0.3358395989974937,4.823079010963916,-2.3993485727812582,4.823078686519192,-2.399348098456743,3.2444472353176934e-07,4.7432451522055885e-07,4.7432451522055885e-07,-2.007795204249245,0.994966181268377,-2.0077957644212825,0.9949660228026312,5.601720376446906e-07,1.5846574574762684e-07,5.821547082471774e-07,5.601720376446906e-07,257.28072099254825,1.9483982100609865e-05,-1.9483982100609865e-05,-7.573043386194401e-08,257.2808105943532,7.011782287236201e-05,7.011782287236201e-05,2.7253428586411543e-07
nonzero_velocity_spirograph,dop853_moderate,DOP853,1e-06,1e-08,0.3383458646616541,4.8507045870659695,-2.42232772434908,4.850704265367622,-2.422327256768684,3.216983479603641e-07,4.675803957354674e-07,4.675803957354674e-07,-1.978697432087006,0.990560326295933,-1.9786980040752462,0.9905601828365338,5.719882401056253e-07,1.4345939924886864e-07,5.897042869540434e-07,5.719882401056253e-07,257.2807180472252,2.2429305147397827e-05,-2.2429305147397827e-05,-8.71783294227726e-08,257.28081180450306,7.132797270514857e-05,7.132797270514857e-05,2.7723790196279866e-07
nonzero_velocity_spirograph,dop853_moderate,DOP853,1e-06,1e-08,0.3408521303258145,4.878121336142323,-2.4447814000395227,4.8781210308117755,-2.444780952490674,3.0533054751202826e-07,4.475488486477275e-07,4.475488486477275e-07,-1.948961092178711,0.9853641172182199,-1.9489616573831945,0.9853639875261114,5.652044834381087e-07,1.2969210849700374e-07,5.798932238825851e-07,5.652044834381087e-07,257.28072476482697,1.571170338365846e-05,-1.571170338365846e-05,-6.10683230876806e-08,257.28080788006105,6.740353069289995e-05,6.740353069289995e-05,2.6198436217206327e-07
nonzero_velocity_spirograph,dop853_moderate,DOP853,1e-06,1e-08,0.3433583959899749,4.905340554013123,-2.4667131570186793,4.90534023916688,-2.466712689476018,3.148462432989163e-07,4.6754266147530643e-07,4.6754266147530643e-07,-1.918647378979435,0.9794168456771173,-1.9186479869266209,0.9794167164972412,6.07947185926605e-07,1.2917987612937054e-07,6.215200891949331e-07,6.07947185926605e-07,257.2807248843489,1.5592181455303944e-05,-1.5592181455303944e-05,-6.060376469075924e-08,257.28080220096456,6.172443420382479e-05,6.172443420382479e-05,2.399108230546134e-07
nonzero_velocity_spirograph,dop853_moderate,DOP853,1e-06,1e-08,0.3458646616541353,4.9323742588517465,-2.4881273359678606,4.932373935283974,-2.488126853872096,3.2356777257547265e-07,4.820957646423096e-07,4.820957646423096e-07,-1.8878128365483418,0.9727575333161924,-1.8878134813185468,0.9727574094570717,6.447702050049742e-07,1.2385912073753502e-07,6.565589836808508e-07,6.447702050049742e-07,257.2807241278579,1.63486724318318e-05,-1.63486724318318e-05,-6.354409739940545e-08,257.28079940781066,5.893128030720618e-05,5.893128030720618e-05,2.2905437926700155e-07
nonzero_velocity_spirograph,dop853_moderate,DOP853,1e-06,1e-08,0.3483709273182957,4.95923504528899,-2.509028876378494,4.959234732962954,-2.5090284188361203,3.123260361448388e-07,4.5754237376627316e-07,4.5754237376627316e-07,-1.856509530379316,0.965424780821241,-1.8565101602168403,0.9654246779214283,6.298375243574128e-07,1.0289981267064263e-07,6.381878082009464e-07,6.298375243574128e-07,257.28072482695546,1.564957489108565e-05,-1.564957489108565e-05,-6.082684176864468e-08,257.2808001446883,5.9668157973646885e-05,5.9668157973646885e-05,2.319184788691555e-07
nonzero_velocity_spirograph,dop853_moderate,DOP853,1e-06,1e-08,0.3508771929824561,4.985935917976025,-2.5294231016205138,4.985935617381858,-2.529422670210279,3.005941673350776e-07,4.3141023464698947e-07,4.3141023464698947e-07,-1.82478532527767,0.957456649205713,-1.824785936083806,0.9574565667621133,6.108061358922612e-07,8.244359972486848e-08,6.163449381468381e-07,6.108061358922612e-07,257.28072239772075,1.8078809603139234e-05,-1.8078809603139234e-05,-7.026880274696822e-08,257.2808006577332,6.0181202854892035e-05,6.0181202854892035e-05,2.339125841422315e-07
nonzero_velocity_spirograph,dop853_moderate,DOP853,1e-06,1e-08,0.3533834586466165,5.0124901235899735,-2.549315491862029,5.012489800060342,-2.549315028354301,3.2352963152959546e-07,4.635077277548305e-07,4.635077277548305e-07,-1.7926842420209048,0.948890571696823,-1.7926849145003678,0.9488904926356847,6.724794630041941e-07,7.906113830280503e-08,6.771109892419001e-07,6.724794630041941e-07,257.28071417531936,2.6301210994006397e-05,-2.6301210994006397e-05,-1.0222767139620249e-07,257.2808018153715,6.133884113523891e-05,6.133884113523891e-05,2.3841209809031297e-07
nonzero_velocity_spirograph,dop853_moderate,DOP853,1e-06,1e-08,0.3558897243107769,5.038911025878019,-2.568711522237582,5.038910672866885,-2.5687110178069297,3.5301113410213247e-07,5.044306523593889e-07,5.044306523593889e-07,-1.7602467758607465,0.9397633153803551,-1.7602475249311307,0.939763239595457,7.490703841650515e-07,7.578489802373412e-08,7.528942762444443e-07,7.490703841650515e-07,257.28070201245487,3.846407548735442e-05,-3.846407548735442e-05,-1.4950235068552746e-07,257.28080197369036,6.149716000436456e-05,6.149716000436456e-05,2.3902745262028055e-07
nonzero_velocity_spirograph,dop853_moderate,DOP853,1e-06,1e-08,0.3583959899749373,5.065212014021127,-2.587616551923382,5.065211651446141,-2.587616037572331,3.6257498603475824e-07,5.143510506400162e-07,5.143510506400162e-07,-1.7275101776605322,0.9301109782234388,-1.7275109590842423,0.9301109125848517,7.814237101833044e-07,6.5638587121164e-08,7.841756429244047e-07,7.814237101833044e-07,257.28069181524705,4.866128330149877e-05,-4.866128330149877e-05,-1.891369062890961e-07,257.28080051074,6.003420963907047e-05,6.003420963907047e-05,2.3334125021513962e-07
nonzero_velocity_spirograph,dop853_moderate,DOP853,1e-06,1e-08,0.3609022556390977,5.091406436134513,-2.6060357514289594,5.091406096365289,-2.6060352810848215,3.397692234230476e-07,4.70344137859513e-07,4.70344137859513e-07,-1.694508701731269,0.9199690100468175,-1.6945094341814535,0.9199689656629705,7.324501845040743e-07,4.438384704208431e-08,7.337937030653149e-07,7.324501845040743e-07,257.2806908984878,4.957804253535869e-05,-4.957804253535869e-05,-1.9270017041901858e-07,257.28079902793036,5.8551400002215814e-05,5.8551400002215814e-05,2.2757785869928723e-07
nonzero_velocity_spirograph,dop853_moderate,DOP853,1e-06,1e-08,0.3634085213032581,5.11750754972202,-2.6239740554147066,5.117507262459119,-2.6239736811370107,2.872629005779004e-07,3.7427769594700067e-07,3.7427769594700067e-07,-1.6612738292079507,0.9093722486776352,-1.6612744302971079,0.9093722348924566,6.010891571150978e-07,1.3785178665237652e-08,6.012472086855549e-07,6.010891571150978e-07,257.2807038127302,3.666380013100934e-05,-3.666380013100934e-05,-1.4250503190834016e-07,257.2807988051203,5.83285899438124e-05,5.83285899438124e-05,2.2671183950954638e-07
nonzero_velocity_spirograph,dop853_moderate,DOP853,1e-06,1e-08,0.3659147869674185,5.1435284809015736,-2.64143612834476,5.143528255194822,-2.6414358679546557,2.2570675195510148e-07,2.6039010414535824e-07,2.6039010414535824e-07,-1.6278344799886941,0.898354964909136,-1.6278349170543274,0.8983549826513109,4.370656332408629e-07,1.7742174840407188e-08,4.374255965627801e-07,4.370656332408629e-07,257.28072791078995,1.2565740405534598e-05,-1.2565740405534598e-05,-4.884057929194614e-08,257.2808000625088,5.9585978419818275e-05,5.9585978419818275e-05,2.315990629903128e-07
nonzero_velocity_spirograph,dop853_moderate,DOP853,1e-06,1e-08,0.3684210526315789,5.16948218421884,-2.658426330284678,5.169481993325007,-2.6584261396236353,1.9089383229697887e-07,1.906610425095323e-07,1.9089383229697887e-07,-1.5942172298924588,0.8869509119879697,-1.5942175673954515,0.8869509504169719,3.3750299266444017e-07,3.8429002202633455e-08,3.3968376214906586e-07,3.3750299266444017e-07,257.280751107871,1.0631340671807266e-05,1.0631340671807266e-05,4.1321945249831385e-08,257.28080208089216,6.160436180380202e-05,6.160436180380202e-05,2.394441250818061e-07
nonzero_velocity_spirograph,dop853_moderate,DOP853,1e-06,1e-08,0.37092731829573933,5.195381394866278,-2.674948670153379,5.195381177094427,-2.674948444060619,2.1777185033045043e-07,2.2609276006946288e-07,2.2609276006946288e-07,-1.5604465528258595,0.87519337711248,-1.5604469568453525,0.8751934173973351,4.040194929721963e-07,4.028485511842206e-08,4.06022930699022e-07,4.040194929721963e-07,257.2807558345518,1.5358021471456595e-05,1.5358021471456595e-05,5.969363055707462e-08,257.28080362712564,6.315059528105849e-05,6.315059528105849e-05,2.4545403268076804e-07
nonzero_velocity_spirograph,dop853_moderate,DOP853,1e-06,1e-08,0.37343358395989973,5.221238565124708,-2.691006733738791,5.2212382612658175,-2.6910063717190322,3.038588909376472e-07,3.620197586151619e-07,3.620197586151619e-07,-1.526545110433379,0.8631152338311021,-1.5265457472961006,0.8631152627070552,6.368627216701839e-07,2.88759530731042e-08,6.375170169642801e-07,6.368627216701839e-07,257.2807349216148,5.554915560423979e-06,-5.554915560423979e-06,-2.1590872096120654e-08,257.2808033949609,6.291843055805657e-05,6.291843055805657e-05,2.445516537363826e-07
nonzero_velocity_spirograph,dop853_moderate,DOP853,1e-06,1e-08,0.37593984962406013,5.2470657879594915,-2.7066035933125243,5.247065432230329,-2.7066031582218866,3.5572916257109455e-07,4.3509063774038736e-07,4.3509063774038736e-07,-1.4925340817568422,0.8507489980354079,-1.4925348548821464,0.8507490290954447,7.731253042209119e-07,3.106003676478508e-08,7.737489656926898e-07,7.731253042209119e-07,257.28072221599666,1.8260533693137404e-05,-1.8260533693137404e-05,-7.097512880021879e-08,257.2808003381354,5.9861605052446976e-05,5.9861605052446976e-05,2.3267036989077565e-07
nonzero_velocity_spirograph,dop853_moderate,DOP853,1e-06,1e-08,0.37844611528822053,5.272874958806218,-2.721742139981749,5.27287458846798,-2.7217416961130727,3.7033823829801804e-07,4.438686764807187e-07,4.438686764807187e-07,-1.4584327971426947,0.8381269442437467,-1.4584336019915463,0.8381269865217178,8.048488515655094e-07,4.227797112399401e-08,8.059584981304439e-07,8.048488515655094e-07,257.2807223235393,1.8152991060560453e-05,-1.8152991060560453e-05,-7.055713158683327e-08,257.280793870243,5.3393712619254075e-05,5.3393712619254075e-05,2.0753093496372596e-07
nonzero_velocity_spirograph,dop853_moderate,DOP853,1e-06,1e-08,0.38095238095238093,5.298677700490799,-2.736424997417963,5.298677323623583,-2.736424554918698,3.768672165449516e-07,4.4249926478556745e-07,4.4249926478556745e-07,-1.4242590353559565,0.8252811418431829,-1.424259853875772,0.8252811941415963,8.185198154819773e-07,5.2298413377727115e-08,8.201888882315328e-07,8.185198154819773e-07,257.28072221693776,1.8259592593494745e-05,-1.8259592593494745e-05,-7.097147092967272e-08,257.2807839553161,4.347878575572395e-05,4.347878575572395e-05,1.6899355029526652e-07
nonzero_velocity_spirograph,dop853_moderate,DOP853,1e-06,1e-08,0.38345864661654133,5.324485288786154,-2.7506544424842834,5.324484911463585,-2.7506540087100504,3.773225696335203e-07,4.33774232977413e-07,4.33774232977413e-07,-1.3900293223092184,0.8122434986351602,-1.3900301406830051,0.8122435595145423,8.183737867373253e-07,6.087938209109467e-08,8.206350918542191e-07,8.183737867373253e-07,257.28072225014665,1.822638370185814e-05,-1.822638370185814e-05,-7.084239445245528e-08,257.28077112949484,3.065296448312438e-05,3.065296448312438e-05,1.191420874580412e-07
nonzero_velocity_spirograph,dop853_moderate,DOP853,1e-06,1e-08,0.38596491228070173,5.350308667800764,-2.764432492902261,5.350308291979271,-2.76443207035978,3.7582149303716506e-07,4.225424810044842e-07,4.225424810044842e-07,-1.3557589529751017,0.7990458255723517,-1.3557597660519387,0.799045894061338,8.130768369696284e-07,6.84889862601068e-08,8.159563003344436e-07,8.130768369696284e-07,257.28072245851683,1.801801352030452e-05,-1.801801352030452e-05,-7.00325002444097e-08,257.2807564888295,1.6012299170142796e-05,1.6012299170142796e-05,6.223668021354855e-08
nonzero_velocity_spirograph,dop853_moderate,DOP853,1e-06,1e-08,0.38847117794486213,5.376158433491342,-2.7777609440327757,5.376158057901785,-2.7777605316828797,3.755895567891798e-07,4.123498960062477e-07,4.123498960062477e-07,-1.3214620942359456,0.7857198882602262,-1.321462903669235,0.7857199639960031,8.094332892838452e-07,7.573577687214339e-08,8.129687310710616e-07,8.094332892838452e-07,257.28072253945436,1.793707599517802e-05,-1.793707599517802e-05,-6.971791188860588e-08,257.28074165917377,1.1826434160866484e-06,1.1826434160866484e-06,4.596704028044149e-09
nonzero_velocity_spirograph,dop853_moderate,DOP853,1e-06,1e-08,0.39097744360902253,5.402044818186864,-2.790641412595914,5.402044440894391,-2.7906410086540556,3.7729247281959033e-07,4.0394185818470874e-07,4.0394185818470874e-07,-1.2871518743770953,0.7722974533625003,-1.2871526834175708,0.7722975361228863,8.090404755023428e-07,8.276038598875601e-08,8.132624253523981e-07,8.090404755023428e-07,257.28072232728556,1.814924479504043e-05,-1.814924479504043e-05,-7.054257058427597e-08,257.28072873699324,1.1739537114863197e-05,-1.1739537114863197e-05,-4.562928843068259e-08
nonzero_velocity_spirograph,dop853_moderate,DOP853,1e-06,1e-08,0.39348370927318294,5.4279776752862965,-2.80307538614539,5.42797729668745,-2.803074990893062,3.785988464954926e-07,3.9525232820025735e-07,3.9525232820025735e-07,-1.2528404613103916,0.7588103291850937,-1.25284126892606,0.7588104180279368,8.076156683411995e-07,8.884284308230406e-08,8.124876113007196e-07,8.076156683411995e-07,257.28072211844903,1.8358081320002384e-05,-1.8358081320002384e-05,-7.135427737808864e-08,257.2807201587141,2.0317816279202816e-05,-2.0317816279202816e-05,-7.897138449450415e-08
nonzero_velocity_spirograph,dop853_moderate,DOP853,1e-06,1e-08,0.39598997493734334,5.4539664632923275,-2.8150642771131063,5.453966088421529,-2.815063894609602,3.748707984030375e-07,3.8250350442581293e-07,3.8250350442581293e-07,-1.218539131837605,0.7452903999065201,-1.2185399284836906,0.7452904923017876,7.966460855435287e-07,9.239526743698434e-08,8.019862037819473e-07,7.966460855435287e-07,257.28072254702505,1.7929505304437043e-05,-1.7929505304437043e-05,-6.96884860919957e-08,257.28071842375846,2.2052771896596823e-05,-2.2052771896596823e-05,-8.571481820112579e-08
nonzero_velocity_spirograph,dop853_moderate,DOP853,1e-06,1e-08,0.39849624060150374,5.480020228343451,-2.826609480239404,5.480019867464116,-2.8266091181993636,3.608793353038209e-07,3.6204004061346495e-07,3.6204004061346495e-07,-1.184258334443197,0.731769653077106,-1.184259101391914,0.7317697445102719,7.669487169792433e-07,9.143316592741257e-08,7.723796723811529e-07,7.669487169792433e-07,257.2807240290408,1.64474895427702e-05,-1.64474895427702e-05,-6.392818021398136e-08,257.2807255645438,1.4911986568222346e-05,-1.4911986568222346e-05,-5.795997998374327e-08
nonzero_velocity_spirograph,dop853_moderate,DOP853,1e-06,1e-08,0.40100250626566414,5.506147584406719,-2.8377124322046052,5.506147250965363,-2.8377120996827907,3.334413563038652e-07,3.325218145278086e-07,3.334413563038652e-07,-1.1500077482453392,0.7182802001237977,-1.1500084619166726,0.718280284674767,7.136713333633082e-07,8.455096933701611e-08,7.18662395343176e-07,7.136713333633082e-07,257.280726084962,1.4391568356586504e-05,-1.4391568356586504e-05,-5.5937216015200836e-08,257.2807422267245,1.7501941442787938e-06,1.7501941442787938e-06,6.802662885053574e-09
nonzero_velocity_spirograph,dop853_moderate,DOP853,1e-06,1e-08,0.40350877192982454,5.532356690293484,-2.848374672277401,5.532356395418318,-2.848374375178163,2.9487516606252484e-07,2.970992381001736e-07,2.970992381001736e-07,-1.1157963408367604,0.7048542896703833,-1.1157969830549601,0.7048543620395773,6.422181997312038e-07,7.236919397080044e-08,6.462828454337711e-07,6.422181997312038e-07,257.2807271122169,1.3364313474539813e-05,-1.3364313474539813e-05,-5.194447687684159e-08,257.28076619570203,2.5719171674154495e-05,2.5719171674154495e-05,9.99653982125438e-08
nonzero_velocity_spirograph,dop853_moderate,DOP853,1e-06,1e-08,0.40601503759398494,5.558655222660468,-2.8585979027956774,5.558654965489086,-2.8585976376005755,2.571713819676802e-07,2.6519510187839046e-07,2.6519510187839046e-07,-1.0816324278151266,0.6915243135139539,-1.0816330023576974,0.6915243728862649,5.745425708525431e-07,5.9372310956540275e-08,5.776021442395879e-07,5.745425708525431e-07,257.2807254129776,1.5063552780247846e-05,-1.5063552780247846e-05,-5.8549088254128266e-08,257.2807901813934,4.9704863045008096e-05,4.9704863045008096e-05,1.9319309697626694e-07
nonzero_velocity_spirograph,dop853_moderate,DOP853,1e-06,1e-08,0.40852130325814534,5.585050344158484,-2.8683840482953435,5.585050098855343,-2.8683837951676288,2.453031404670014e-07,2.5312771478880336e-07,2.5312771478880336e-07,-1.0475237368385195,0.6783228050869198,-1.0475242903599307,0.6783228603160306,5.535214111507258e-07,5.522911084021587e-08,5.562699050699145e-07,5.535214111507258e-07,257.28072248670793,1.7989822424624435e-05,-1.7989822424624435e-05,-6.992292696026931e-08,257.28079851916556,5.804263520303721e-05,5.804263520303721e-05,2.2560038926944853e-07
nonzero_velocity_spirograph,dop853_moderate,DOP853,1e-06,1e-08,0.41102756892230574,5.61154868551326,-2.8777353169532907,5.611548439662255,-2.8777350721376855,2.4585100533158766e-07,2.448156051215733e-07,2.4585100533158766e-07,-1.0134774566624205,0.6652824198673453,-1.0134780036298394,0.6652824770783468,5.469674189129137e-07,5.7211001491808133e-08,5.499513215221421e-07,5.469674189129137e-07,257.2807233907083,1.7085822037188336e-05,-1.7085822037188336e-05,-6.640925397502476e-08,257.28078094772263,4.047119227834628e-05,4.047119227834628e-05,1.5730362173004604e-07
nonzero_velocity_spirograph,dop853_moderate,DOP853,1e-06,1e-08,0.41353383458646614,5.6381563297596715,-2.8866543411253143,5.638156086793216,-2.8866541065241544,2.429664558434297e-07,2.3460115983198193e-07,2.429664558434297e-07,-0.9795001671969523,0.6524359359396814,-0.9795007018750017,0.6524359932717531,5.346780493908909e-07,5.7332071645710414e-08,5.377430454591085e-07,5.346780493908909e-07,257.28072465975316,1.581677719286745e-05,-1.581677719286745e-05,-6.14767244667126e-08,257.2807663128779,2.5836347560925788e-05,2.5836347560925788e-05,1.004208380039338e-07
nonzero_velocity_spirograph,dop853_moderate,DOP853,1e-06,1e-08,0.41604010025062654,5.6648787693842255,-2.8951441980828285,5.664878537414249,-2.8951439618119355,2.3196997656071972e-07,2.3627089307254323e-07,2.3627089307254323e-07,-0.9455979615458604,0.6398162127985044,-0.9455984942671231,0.6398162607998664,5.327212626582423e-07,4.800136199634153e-08,5.348794952526184e-07,5.327212626582423e-07,257.2807252157328,1.5260797567862028e-05,-1.5260797567862028e-05,-5.9315740228344634e-08,257.2807657621643,2.528563396708705e-05,2.528563396708705e-05,9.828032180043285e-08
nonzero_velocity_spirograph,dop853_moderate,DOP853,1e-06,1e-08,0.41854636591478694,5.691720895213888,-2.9032084471528163,5.691720677316006,-2.9032082031967468,2.1789788196002746e-07,2.439560695677301e-07,2.439560695677301e-07,-0.9117765181432029,0.6274561309443751,-0.9117770546114436,0.6274561660301989,5.36468240719401e-07,3.5085823801850324e-08,5.376143490760116e-07,5.36468240719401e-07,257.28072546365627,1.5012874087005912e-05,-1.5012874087005912e-05,-5.8352110069332665e-08,257.28077402196305,3.354543270006616e-05,3.354543270006616e-05,1.3038454661601938e-07
nonzero_velocity_spirograph,dop853_moderate,DOP853,1e-06,1e-08,0.42105263157894735,5.718686962707598,-2.910851221320618,5.718686753147363,-2.9108509772570246,2.0956023494278497e-07,2.440635933353974e-07,2.440635933353974e-07,-0.8780411088551642,0.6153885578160533,-0.8780416422963918,0.6153885862033048,5.334412276347678e-07,2.838725154941102e-08,5.341960121444354e-07,5.334412276347678e-07,257.28072569638323,1.4780147125748044e-05,-1.4780147125748044e-05,-5.744754581463247e-08,257.2807803981993,3.992166892885507e-05,3.992166892885507e-05,1.5516773177390945e-07
nonzero_velocity_spirograph,dop853_moderate,DOP853,1e-06,1e-08,0.42355889724310775,5.7457805609185275,-2.9180773114274343,5.745780345731366,-2.9180770877106563,2.1518716142310268e-07,2.2371677799171152e-07,2.2371677799171152e-07,-0.8443966126484692,0.6036462991059255,-0.8443971247303401,0.6036463348787847,5.120818709070107e-07,3.5772859230398524e-08,5.133298549365138e-07,5.120818709070107e-07,257.28072562957095,1.4846959402348148e-05,-1.4846959402348148e-05,-5.7707232087597775e-08,257.280775429742,3.495321163882181e-05,3.495321163882181e-05,1.358563084593202e-07
nonzero_velocity_spirograph,dop853_moderate,DOP853,1e-06,1e-08,0.42606516290726815,5.7730045845450775,-2.924892242708782,5.7730043448680055,-2.9248920667575407,2.3967707196703714e-07,1.7595124113256588e-07,2.3967707196703714e-07,-0.8108475341297585,0.5922620368043213,-0.8108480010396328,0.5922620971005309,4.66909874319299e-07,6.029620958081239e-08,4.707870682449517e-07,4.66909874319299e-07,257.2807245777786,1.5898751769327646e-05,-1.5898751769327646e-05,-6.179534363854942e-08,257.28075420488716,1.3728356805131625e-05,1.3728356805131625e-05,5.335944221749452e-08
nonzero_velocity_spirograph,dop853_moderate,DOP853,1e-06,1e-08,0.42857142857142855,5.800361209247768,-2.9313023436634693,5.800360926028282,-2.9313022415089613,2.8321948608578396e-07,1.021545079638031e-07,2.8321948608578396e-07,-0.7773980259839326,0.5812682555254195,-0.7773984266839287,0.5812683550330555,4.0069999607261764e-07,9.95076360199576e-08,4.128707503309918e-07,4.0069999607261764e-07,257.2807219145972,1.8561933131877595e-05,-1.8561933131877595e-05,-7.214660956547912e-08,257.28071724357517,2.3232955186358595e-05,-2.3232955186358595e-05,-9.030196019852465e-08
nonzero_velocity_spirograph,dop853_moderate,DOP853,1e-06,1e-08,0.43107769423558895,5.827851870409139,-2.9373148072426734,5.827851529344052,-2.937314795004768,3.4106508728370954e-07,1.2237905355760859e-08,3.4106508728370954e-07,-0.7440519142555304,0.5706971586204851,-0.7440522385461639,0.5706973048840612,3.2429063345773557e-07,1.4626357613956031e-07,3.557491372492031e-07,3.2429063345773557e-07,257.2807175529687,2.2923561630250333e-05,-2.2923561630250333e-05,-8.909940786003554e-08,257.28066973953537,7.073699498505448e-05,-7.073699498505448e-05,-2.7494088696276606e-07
nonzero_velocity_spirograph,dop853_moderate,DOP853,1e-06,1e-08,0.43358395989974935,5.855477245513814,-2.942937744348681,5.855476841298121,-2.9429378213193558,4.042156929173757e-07,7.697067472278718e-08,4.042156929173757e-07,-0.7108127253589265,0.5605805755375173,-0.710812979977022,0.5605807659861104,2.5461809549653935e-07,1.904485931181199e-07,3.179638991693177e-07,3.6780342582698466e-07,257.28071226755884,2.8208971514231962e-05,-2.8208971514231962e-05,-1.0964276401717383e-07,257.280619846319,0.00012063021137009855,-0.00012063021137009855,-4.6886607659271204e-07
nonzero_velocity_spirograph,dop853_moderate,DOP853,1e-06,1e-08,0.43609022556390975,5.883237240325867,-2.948180229632872,5.883236779519056,-2.9481803742574306,4.608068113753916e-07,1.446245585512429e-07,4.608068113753916e-07,-0.6776837136707896,0.550949861840961,-0.6776839252193989,0.5509500829627959,2.1154860929684105e-07,2.2112183495348603e-07,3.0601908435361386e-07,4.244404570585836e-07,257.2807077587382,3.271779218039228e-05,-3.271779218039228e-05,-1.2716766952626544e-07,257.2805765787661,0.00016389776425285163,-0.00016389776425285163,-6.37038605957381e-07
nonzero_velocity_spirograph,dop853_moderate,DOP853,1e-06,1e-08,0.43859649122807015,5.911130979040619,-2.9530523395825155,5.911130481085196,-2.9530525091405564,4.979554235617911e-07,1.6955804094109794e-07,4.979554235617911e-07,-0.6446678885518382,0.5418357932617307,-0.6446681026084287,0.5418360219527412,2.140565904529268e-07,2.2869101046207874e-07,3.1324080542371656e-07,4.6388651431250594e-07,257.28070642682405,3.404970630072057e-05,-3.404970630072057e-05,-1.3234455963417383e-07,257.2805477870951,0.00019268943526640214,-0.00019268943526640214,-7.489462091468897e-07
nonzero_velocity_spirograph,dop853_moderate,DOP853,1e-06,1e-08,0.44110275689223055,5.939156798588021,-2.9575651828859493,5.9391562947423315,-2.9575653171854674,5.038456896144794e-07,1.342995181730089e-07,5.038456896144794e-07,-0.6117680396642768,0.5332684551069334,-0.6117683159386178,0.5332686619085645,2.7627434096011427e-07,2.0680163104191962e-07,3.451006028313247e-07,4.7432208494235795e-07,257.28071088511757,2.9591412783247506e-05,-2.9591412783247506e-05,-1.1501604328578529e-07,257.2805385454373,0.00020193109304500467,-0.00020193109304500467,-7.848667283489307e-07
nonzero_velocity_spirograph,dop853_moderate,DOP853,1e-06,1e-08,0.44360902255639095,5.967312247264737,-2.961730923065718,5.9673117774395354,-2.961730951975147,4.698252018542348e-07,2.890942907285421e-08,4.698252018542348e-07,-0.5789867594961247,0.5252771283208598,-0.5789871634123263,0.5252772820280628,4.0391620159674346e-07,1.537072029655917e-07,4.3217381012255554e-07,4.465808138842675e-07,257.28072329023956,1.7186290790505154e-05,-1.7186290790505154e-05,-6.679975640101564e-08,257.28055018166924,0.00019029486111321603,-0.00019029486111321603,-7.396389669928484e-07
nonzero_velocity_spirograph,dop853_moderate,DOP853,1e-06,1e-08,0.44611528822055135,5.995594087872094,-2.965562793369236,5.9955936955875995,-2.965562647523649,3.922844946657733e-07,1.4584558671870695e-07,3.922844946657733e-07,-0.5463264620732396,0.517890173454144,-0.5463270536342316,0.5178902464118359,5.91560991969331e-07,7.295769188786494e-08,5.960429783374211e-07,5.91560991969331e-07,257.2807446076641,4.131133721330116e-06,4.131133721330116e-06,1.605691010403076e-08,257.2805800627706,0.00016041375977238204,-0.00016041375977238204,-6.23496960850108e-07
nonzero_velocity_spirograph,dop853_moderate,DOP853,1e-06,1e-08,0.44862155388471175,6.023998305537013,-2.9690751039065586,6.023998031444578,-2.969074727435673,2.740924349708962e-07,3.764708855769072e-07,3.764708855769072e-07,-0.5137893969335372,0.5111349137665574,-0.5137902181945599,0.5111348870757316,8.212610227431583e-07,2.669082577178017e-08,8.216946316348416e-07,8.212610227431583e-07,257.2807739585454,3.3482015055597e-05,3.3482015055597e-05,1.3013805461529017e-07,257.2806221418863,0.00011833464407118299,-0.00011833464407118299,-4.599436547485283e-07
nonzero_velocity_spirograph,dop853_moderate,DOP853,1e-06,1e-08,0.45112781954887216,6.052520120393082,-2.9722832410248174,6.0525199950328945,-2.9722826046618582,1.2536018711983843e-07,6.36362959216541e-07,6.36362959216541e-07,-0.48137765755453193,0.5050375186604783,-0.48137872049020125,0.5050373864783391,1.062935669315923e-06,1.3218213923416045e-07,1.0711229411400953e-06,1.062935669315923e-06,257.28080821046296,6.773393261028104e-05,6.773393261028104e-05,2.6326856990859705e-07,257.280668172234,7.230429633864333e-05,-7.230429633864333e-05,-2.8103268128318784e-07
nonzero_velocity_spirograph,dop853_moderate,DOP853,1e-06,1e-08,0.45363408521303256,6.0811540052988855,-2.9752036589089075,6.081154041992482,-2.9752027713508125,3.669359660563032e-08,8.875580950196138e-07,8.875580950196138e-07,-0.44909318356365174,0.49962288861635196,-0.4490944605666573,0.4996226607537205,1.277003005561994e-06,2.2786263143004248e-07,1.297173101408054e-06,1.277003005561994e-06,257.28084197929167,0.00010150276131071223,0.00010150276131071223,3.945214131563474e-07,257.2807094014327,3.107509763822236e-05,-3.107509763822236e-05,-1.2078283660357036e-07
nonzero_velocity_spirograph,dop853_moderate,DOP853,1e-06,1e-08,0.45614035087719296,6.109893708770749,-2.9778538633979887,6.109893897774454,-2.977852778298849,1.8900370513108555e-07,1.0850991398747567e-06,1.0850991398747567e-06,-0.41693775621928575,0.49491454277796354,-0.4169391759246921,0.49491424486808044,1.4197054063469494e-06,2.979098830957483e-07,1.450625292505573e-06,1.4197054063469494e-06,257.2808682020367,0.0001277255063314442,0.0001277255063314442,4.964441026361846e-07,257.28073848008205,1.9964483044532244e-06,-1.9964483044532244e-06,-7.759804720537735e-09
nonzero_velocity_spirograph,dop853_moderate,DOP853,1e-06,1e-08,0.45864661654135336,6.138732283307033,-2.980252388007378,6.138732588579755,-2.9802512034984305,3.0527272176783526e-07,1.1845089473716541e-06,1.1845089473716541e-06,-0.3849129868274197,0.49093451031353696,-0.38491443842236117,0.4909341809467529,1.4515949414706242e-06,3.2936678406869646e-07,1.4884926444396224e-06,1.4515949414706242e-06,257.28087942149875,0.0001389449683983912,0.0001389449683983912,5.400519609086948e-07,257.28075125253486,1.0776004501167336e-05,1.0776004501167336e-05,4.1884225306597884e-08
nonzero_velocity_spirograph,dop853_moderate,DOP853,1e-06,1e-08,0.46115288220551376,6.1676621192811,-2.9824187621454,6.167662479447275,-2.982417609286309,3.601661751062579e-07,1.1528590913023606e-06,1.1528590913023606e-06,-0.35302029795213474,0.4877032266580148,-0.35302164761438015,0.4877029110452976,1.3496622454090001e-06,3.156127171832779e-07,1.3860734338159274e-06,1.3496622454090001e-06,257.28086989374304,0.00012941721269044137,0.00012941721269044137,5.03019434920536e-07,257.2807480474275,7.570897139430599e-06,7.570897139430599e-06,2.9426598840659164e-08
nonzero_velocity_spirograph,dop853_moderate,DOP853,1e-06,1e-08,0.46365914786967416,6.196674984580119,-2.984373471514777,6.196675319895915,-2.9843724875923487,3.3531579646250975e-07,9.839224284213799e-07,9.839224284213799e-07,-0.32126089748584385,0.48523943572174355,-0.32126202110473684,0.48523917566648556,1.1236188929841795e-06,2.600552579945514e-07,1.1533204905322743e-06,1.1236188929841795e-06,257.2808385896645,9.811313412910749e-05,9.811313412910749e-05,3.8134659418106567e-07,257.28073405182244,6.424707919450157e-06,-6.424707919450157e-06,-2.4971585154607525e-08
nonzero_velocity_spirograph,dop853_moderate,DOP853,1e-06,1e-08,0.46616541353383456,6.225762070166821,-2.9861379106881194,6.225762297525048,-2.986137192790034,2.273582264677998e-07,7.178980854227746e-07,7.178980854227746e-07,-0.2896357458647921,0.4835600991308133,-0.2896365827429213,0.48355991935441844,8.368781291845373e-07,1.797763948818698e-07,8.559699499772951e-07,8.368781291845373e-07,257.28079311392503,5.263739467409323e-05,5.263739467409323e-05,2.0459127479421615e-07,257.2807183363517,2.2140178657537035e-05,-2.2140178657537035e-05,-8.60545512133144e-08
nonzero_velocity_spirograph,dop853_moderate,DOP853,1e-06,1e-08,0.46867167919799496,6.254914041741367,-2.987734327847094,6.254914099977882,-2.9877338616496356,5.8236515165788205e-08,4.6619745841525173e-07,4.6619745841525173e-07,-0.25814551694428045,0.48268031354405494,-0.2581461497665106,0.4826802047291474,6.328222301732467e-07,1.0881490752900902e-07,6.421095382424936e-07,6.328222301732467e-07,257.2807545100514,1.4033521040346386e-05,1.4033521040346386e-05,5.454555601151401e-08,257.28071109952094,2.9377009411746258e-05,-2.9377009411746258e-05,-1.1418269924649134e-07
nonzero_velocity_spirograph,dop853_moderate,DOP853,1e-06,1e-08,0.47117794486215536,6.284121111530143,-2.9891856873035447,6.284120985672178,-2.9891853198950424,1.2585796493880252e-07,3.674085022886686e-07,3.674085022886686e-07,-0.22679064969794557,0.4826132201477802,-0.22679132028038188,0.48261313636127423,6.705824363018031e-07,8.378650595552983e-08,6.757965540432253e-07,6.705824363018031e-07,257.2807492346014,8.758071032843873e-06,8.758071032843873e-06,3.4040911949422814e-08,257.28071871682715,2.1759703201951197e-05,-2.1759703201951197e-05,-8.457571741144829e-08
nonzero_velocity_spirograph,dop853_moderate,DOP853,1e-06,1e-08,0.47368421052631576,6.31337315405167,-2.9905152644455435,6.313372863702801,-2.990514974865242,2.903488693917211e-07,2.895803015157128e-07,2.903488693917211e-07,-0.19557174312286119,0.4833698700656247,-0.19557246276219015,0.4833697959277262,7.196393289610192e-07,7.413789848698116e-08,7.234481265298377e-07,7.196393289610192e-07,257.2807493364402,8.859909826242074e-06,8.859909826242074e-06,3.443673945368753e-08,257.28073621348705,4.263043308583292e-06,-4.263043308583292e-06,-1.6569616912200137e-08
nonzero_velocity_spirograph,dop853_moderate,DOP853,1e-06,1e-08,0.47619047619047616,6.342659686656763,-2.991746971951434,6.342659350303526,-2.9917467058134806,3.3635323681835416e-07,2.6613795345298286e-07,3.3635323681835416e-07,-0.16448899421248808,0.48495927045921905,-0.16448972470448914,0.48495919087079,7.304920010553495e-07,7.958842906941044e-08,7.34814862157527e-07,7.304920010553495e-07,257.28074924628896,8.769758608195843e-06,8.769758608195843e-06,3.408633927262751e-08,257.2807423695493,1.89301891850846e-06,1.89301891850846e-06,7.357794893633497e-09
nonzero_velocity_spirograph,dop853_moderate,DOP853,1e-06,1e-08,0.47869674185463656,6.371969965383625,-2.9929051429180964,6.371969590968369,-2.9929048714386735,3.74415255244287e-07,2.714794229419226e-07,3.74415255244287e-07,-0.13354231883271012,0.4873883126834414,-0.133543094499254,0.4873882191592366,7.756665438840571e-07,9.352420482500179e-08,7.812844323223052e-07,7.756665438840571e-07,257.2807491195036,8.642973227779294e-06,8.642973227779294e-06,3.3593549255847706e-08,257.2807460250773,5.548546937461651e-06,5.548546937461651e-06,2.1566118502242886e-08
nonzero_velocity_spirograph,dop853_moderate,DOP853,1e-06,1e-08,0.48120300751879697,6.401293057879719,-2.994014399124657,6.4012926567536885,-2.9940141194284022,4.0112603016950743e-07,2.79696254601447e-07,4.0112603016950743e-07,-0.10273136434002632,0.4906617351933815,-0.10273217765553389,0.4906616262362531,8.13315507566803e-07,1.0895712843073113e-07,8.205813614045334e-07,8.13315507566803e-07,257.28074928822963,8.811699274247076e-06,8.811699274247076e-06,3.4249354451974205e-08,257.2807478874932,7.410962837184343e-06,7.410962837184343e-06,2.8804965437591257e-08
nonzero_velocity_spirograph,dop853_moderate,DOP853,1e-06,1e-08,0.48370927318295737,6.430617913289669,-2.995099542870977,6.430617506832368,-2.995099263536135,4.064573007056538e-07,2.793348419238839e-07,4.064573007056538e-07,-0.07205548703051456,0.49478210433086933,-0.07205630359271561,0.49478198346105173,8.165622010503082e-07,1.2086981759917848e-07,8.254594726517969e-07,8.165622010503082e-07,257.2807500243946,9.547864237902104e-06,9.547864237902104e-06,3.7110683917567e-08,257.28074751381365,7.037283296540409e-06,7.037283296540409e-06,2.7352546030091836e-08
nonzero_velocity_spirograph,dop853_moderate,DOP853,1e-06,1e-08,0.48621553884711777,6.459933434437359,-2.99618544378549,6.459933030666775,-2.9961851782020297,4.037705840786998e-07,2.655834601128504e-07,4.037705840786998e-07,-0.04151373335051162,0.4997498064080098,-0.04151452500175851,0.49974967769062517,7.916512468897352e-07,1.287173846398204e-07,8.020472939986694e-07,7.916512468897352e-07,257.28075137522075,1.0898690391059063e-05,1.0898690391059063e-05,4.2361081404199636e-08,257.28074655659526,6.080064906655025e-06,6.080064906655025e-06,2.3632025061003975e-08
nonzero_velocity_spirograph,dop853_moderate,DOP853,1e-06,1e-08,0.48872180451127817,6.48922855133239,-2.997296922587336,6.489228138879153,-2.997296680576172,4.1245323689764746e-07,2.4201116399780176e-07,4.1245323689764746e-07,-0.011104824813153391,0.5055630514873751,-0.011105587786290283,0.505562914904067,7.629731368918868e-07,1.365833081079515e-07,7.7510193373024e-07,7.629731368918868e-07,257.2807530890546,1.2612524244559609e-05,1.2612524244559609e-05,4.902241893893394e-08,257.2807464326305,5.956100153525767e-06,5.956100153525767e-06,2.3150198271716707e-08
nonzero_velocity_spirograph,dop853_moderate,DOP853,1e-06,1e-08,0.49122807017543857,6.5184922950310344,-2.998458633787743,6.518491847793495,-2.998458414968658,4.4723753944708733e-07,2.188190850738181e-07,4.4723753944708733e-07,0.01917285341937225,0.5122178890460666,0.019172093634324955,0.5122177379560576,7.597850472940149e-07,1.5109000894852898e-07,7.74662190180749e-07,7.597850472940149e-07,257.28075463851417,1.41619838132101e-05,1.41619838132101e-05,5.504486572519789e-08,257.2807474898868,7.013356423613004e-06,7.013356423613004e-06,2.7259546947132546e-08
nonzero_velocity_spirograph,dop853_moderate,DOP853,1e-06,1e-08,0.49373433583959897,6.547713870881857,-2.9996949493156264,6.547713357896669,-2.999694740490609,5.129851885499193e-07,2.0882501727825797e-07,5.129851885499193e-07,0.04932126035918816,0.5197082355100985,0.049320455128413376,0.5197080570893534,8.052307747807852e-07,1.784207450672426e-07,8.247609125828003e-07,8.052307747807852e-07,257.2807553389036,1.4862373234336701e-05,1.4862373234336701e-05,5.7767142642736895e-08,257.2807490549563,8.578425934047118e-06,8.578425934047118e-06,3.334266652901545e-08
nonzero_velocity_spirograph,dop853_moderate,DOP853,1e-06,1e-08,0.49624060150375937,6.576882730186126,-3.0010298450523427,6.576882126466573,-3.001029622650192,6.037195534602802e-07,2.224021509178442e-07,6.037195534602802e-07,0.07934270357155512,0.5280259134525089,0.07934179539020136,0.5280256919419399,9.08181353759252e-07,2.215105689984398e-07,9.348049547868263e-07,9.08181353759252e-07,257.280754549078,1.4072547628529719e-05,1.4072547628529719e-05,5.469724473920909e-08,257.28074990156966,9.425039309007843e-06,9.425039309007843e-06,3.663328740251202e-08
nonzero_velocity_spirograph,dop853_moderate,DOP853,1e-06,1e-08,0.49874686716791977,6.605988639303194,-3.0024867922605702,6.60598793461507,-3.0024865296677308,7.046881247418924e-07,2.625928394728305e-07,7.046881247418924e-07,0.10923984038489401,0.537160702059188,0.10923878200950637,0.5371604238979687,1.0583753876358681e-06,2.7816121928037063e-07,1.094318109630338e-06,1.0583753876358681e-06,257.28075192640614,1.1449875785274344e-05,1.1449875785274344e-05,4.450343140363755e-08,257.28074881915785,8.342627495494526e-06,8.342627495494526e-06,3.242616404182635e-08
nonzero_velocity_spirograph,dop853_moderate,DOP853,1e-06,1e-08,0.5012531328320802,6.635021745230972,-3.0040886558922604,6.635020948993486,-3.0040883342739964,7.962374857228838e-07,3.216182640208842e-07,7.962374857228838e-07,0.13901567637964596,0.5471003982764115,0.13901445104457472,0.5471000577485619,1.2253350712421174e-06,3.405278496959596e-07,1.2717724848550857e-06,1.2253350712421174e-06,257.2807476847923,7.208261934010807e-06,7.208261934010807e-06,2.8017106607590622e-08,257.28074507843684,4.601906482548657e-06,4.601906482548657e-06,1.7886711900879544e-08
nonzero_velocity_spirograph,dop853_moderate,DOP853,1e-06,1e-08,0.5037593984962405,6.663972636691669,-3.0058576017606216,6.663971778408432,-3.005857221755744,8.582832373704719e-07,3.8000487734279886e-07,8.582832373704719e-07,0.16867356182012838,0.5578308878593118,0.16867220024914908,0.5578304917446634,1.3615709792969e-06,3.9611464841549093e-07,1.4180205733179076e-06,1.3615709792969e-06,257.28074277323867,2.2967083168623503e-06,2.2967083168623503e-06,8.926856758140668e-09,257.2807386884305,1.7880998370856105e-06,-1.7880998370856105e-06,-6.949994911293115e-09
nonzero_velocity_spirograph,dop853_moderate,DOP853,1e-06,1e-08,0.506265664160401,6.692832399752934,-3.007815014561087,6.692831525595714,-3.0078146050125913,8.741572203874171e-07,4.09548495561296e-07,8.741572203874171e-07,0.19821718695174756,0.5693362253367996,0.19821577628706677,0.5693357952350178,1.4106646807898748e-06,4.30101781856429e-07,1.4747753674319607e-06,1.4106646807898748e-06,257.2807388514538,1.6250765497716202e-06,-1.6250765497716202e-06,-6.3163552264413e-09,257.28073041660684,1.0059923511107627e-05,-1.0059923511107627e-05,-3.9100958324648916e-08
nonzero_velocity_spirograph,dop853_moderate,DOP853,1e-06,1e-08,0.5087719298245614,6.721592667014549,-3.009981428726224,6.7215918344001055,-3.009981047389311,8.326144431691773e-07,3.813369131577815e-07,8.326144431691773e-07,0.2276505773827504,0.5815987216917864,0.22764925645093478,0.5815982931836601,1.3209318156237604e-06,4.2850812631556323e-07,1.3886972585288553e-06,1.3209318156237604e-06,257.2807378886973,2.5878330802697747e-06,-2.5878330802697747e-06,-1.0058401866679336e-08,257.28072160148116,1.8875049192956794e-05,-1.8875049192956794e-05,-7.336363055391087e-08
nonzero_velocity_spirograph,dop853_moderate,DOP853,1e-06,1e-08,0.5112781954887218,6.75024565939084,-3.0123764740995416,6.750244932608752,-3.012376194047624,7.26782087845379e-07,2.800519176560101e-07,7.26782087845379e-07,0.25697809110080444,0.5945990383220375,0.25697702558427743,0.5945986569488838,1.0655165270101463e-06,3.8137315372388514e-07,1.1317115143503074e-06,1.0655165270101463e-06,257.2807411535172,6.769868718947691e-07,6.769868718947691e-07,2.6313157784017073e-09,257.28071382597255,2.665055779971226e-05,-2.665055779971226e-05,-1.0358551421435828e-07
nonzero_velocity_spirograph,dop853_moderate,DOP853,1e-06,1e-08,0.5137844611528821,6.778784219518946,-3.0150188384131487,6.778783670685968,-3.0150187126415733,5.488329781755397e-07,1.2577157537663197e-07,5.488329781755397e-07,0.2862044190353123,0.6083162855930024,0.28620374908747903,0.6083160007755135,6.699478332650166e-07,2.8481748892694725e-07,7.27977404385014e-07,6.699478332650166e-07,257.2807472971655,6.820635121584928e-06,6.820635121584928e-06,2.6510476878105534e-08,257.28070854088827,3.1935642084590654e-05,-3.1935642084590654e-05,-1.241276048313608e-07
nonzero_velocity_spirograph,dop853_moderate,DOP853,1e-06,1e-08,0.5162907268170426,6.807201839593689,-3.017926240270378,6.807201556657196,-3.0179262440605608,2.8293649290134226e-07,3.7901828342512545e-09,2.8293649290134226e-07,0.31533458239464984,0.6227281243701174,0.3153343430654162,0.6227279835008417,2.3932923365332925e-07,1.4086927568879304e-07,2.777096233733629e-07,2.449710897467483e-07,257.2807498819375,9.40540712690563e-06,9.40540712690563e-06,3.655698094418229e-08,257.28070673212676,3.3744403594937467e-05,-3.3744403594937467e-05,-1.311579076320938e-07
nonzero_velocity_spirograph,dop853_moderate,DOP853,1e-06,1e-08,0.518796992481203,6.835492762686603,-3.021115235402494,6.835492787389897,-3.0211153640041237,2.4703293632910572e-08,1.2860162978967082e-07,1.2860162978967082e-07,0.3443737303128796,0.6378108788537264,0.34437394284736056,0.637810914998579,2.125344809589258e-07,3.614485255543087e-08,2.1558607553071192e-07,2.125344809589258e-07,257.28075013126045,9.654730092734098e-06,9.654730092734098e-06,3.7526050628009686e-08,257.2807087135044,3.176302595875313e-05,-3.176302595875313e-05,-1.2345667965632514e-07
nonzero_velocity_spirograph,dop853_moderate,DOP853,1e-06,1e-08,0.5213032581453634,6.863651961692723,-3.0246012903023476,6.863652276519144,-3.0246015561525432,3.1482642093294544e-07,2.658501956354087e-07,3.1482642093294544e-07,0.37332721196655083,0.6535396476796508,0.37332787127592054,0.6535398668818387,6.593093697104813e-07,2.1920218795656865e-07,6.947938141585451e-07,6.593093697104813e-07,257.2807501484571,9.671926761711802e-06,9.671926761711802e-06,3.759289072239783e-08,257.2807141004854,2.6376044957032718e-05,-2.6376044957032718e-05,-1.0251853639794228e-07
nonzero_velocity_spirograph,dop853_moderate,DOP853,1e-06,1e-08,0.5238095238095237,6.891675143564882,-3.0283988071724863,6.891675679265679,-3.028399197697353,5.357007966111382e-07,3.905248666669081e-07,5.357007966111382e-07,0.4022005867320111,0.6698884145651288,0.4022016083194885,0.6698887869532563,1.0215874773900069e-06,3.7238812744533334e-07,1.0873425823641414e-06,1.0215874773900069e-06,257.28075008348765,9.606957291907747e-06,9.606957291907747e-06,3.734036707961089e-08,257.2807219795134,1.849701698120043e-05,-1.849701698120043e-05,-7.189429316372698e-08
nonzero_velocity_spirograph,dop853_moderate,DOP853,1e-06,1e-08,0.5263157894736842,6.91955877700258,-3.032521086356165,6.919559414394208,-3.0325215579958416,6.373916283664016e-07,4.7163967664687334e-07,6.373916283664016e-07,0.4309995478284514,0.6868301610245336,0.4310007637100357,0.6868306168261581,1.2158815843044124e-06,4.558016244438079e-07,1.2985080469123872e-06,1.2158815843044124e-06,257.28075020579666,9.729266309932427e-06,9.729266309932427e-06,3.7815758349855764e-08,257.28073123407967,9.24245068745222e-06,-9.24245068745222e-06,-3.5923601083911425e-08
nonzero_velocity_spirograph,dop853_moderate,DOP853,1e-06,1e-08,0.5288220551378446,6.9473000988684,-3.0369803331464147,6.947300683559692,-3.036980811113622,5.846912918272551e-07,4.779672071464347e-07,5.846912918272551e-07,0.45972988098873047,0.7043369767972045,0.45973105444255424,0.7043374120440041,1.1734538237773151e-06,4.352467996016074e-07,1.2515724721729238e-06,1.1734538237773151e-06,257.2807505439031,1.0067372727462498e-05,1.0067372727462498e-05,3.912991197404014e-08,257.28074092312755,4.4659719833362033e-07,4.4659719833362033e-07,1.7358361045853714e-09
nonzero_velocity_spirograph,dop853_moderate,DOP853,1e-06,1e-08,0.531328320802005,6.9748971156652075,-3.0417876742946417,6.974897488289411,-3.041788063019351,3.726242034929328e-07,3.8872470931039516e-07,3.8872470931039516e-07,0.4883974219277707,0.7223801681164626,0.48839828909162536,0.7223804638955907,8.671638546675631e-07,2.9577912818989915e-07,9.162196480728206e-07,8.671638546675631e-07,257.2807508985819,1.0422051559544343e-05,1.0422051559544343e-05,4.050847933755486e-08,257.2807505309242,1.0054393840164266e-05,1.0054393840164266e-05,3.90794655734499e-08
nonzero_velocity_spirograph,dop853_moderate,DOP853,1e-06,1e-08,0.5338345864661653,7.002348600393422,-3.0469531833937924,7.002348644848574,-3.0469533941956897,4.445515244810849e-08,2.108018972712955e-07,2.108018972712955e-07,0.5170080127674489,0.7409303627948025,0.5170083610014511,0.74093042196046,3.482340021898622e-07,5.9165657484427925e-08,3.532244262600388e-07,3.482340021898622e-07,257.2807510322355,1.0555705159731588e-05,1.0555705159731588e-05,4.102796478345218e-08,257.2807598211472,1.9344616873695486e-05,1.9344616873695486e-05,7.518874843824596e-08
nonzero_velocity_spirograph,dop853_moderate,DOP853,1e-06,1e-08,0.5363408521303258,7.02965408510763,-3.0524859143110987,7.029653797237224,-3.0524859184305666,2.8787040573519107e-07,4.119467877927718e-09,2.8787040573519107e-07,0.545567457653718,0.759957611151778,0.5455672524852103,0.7599574162230708,2.0516850762763994e-07,1.9492870717563449e-07,2.830040943225331e-07,2.1132319416583556e-07,257.2807508710657,1.0394535365776392e-05,1.0394535365776392e-05,4.04015292653614e-08,257.2807679326717,2.745614136756558e-05,2.745614136756558e-05,1.0671666023936284e-07
nonzero_velocity_spirograph,dop853_moderate,DOP853,1e-06,1e-08,0.5388471177944862,7.056813849491833,-3.058393941845435,7.05681342515674,-3.0583938559816857,4.243350932853218e-07,8.586374944385966e-08,4.243350932853218e-07,0.5740814778530803,0.7794314818645202,0.5740810459420638,0.779431174663263,4.319110165074136e-07,3.072012572102878e-07,5.300186210050065e-07,4.319110165074136e-07,257.28075060300176,1.0126471408966609e-05,1.0126471408966609e-05,3.935961700907171e-08,257.28077128329613,3.0806765778379486e-05,3.0806765778379486e-05,1.1973988306050347e-07
nonzero_velocity_spirograph,dop853_moderate,DOP853,1e-06,1e-08,0.5413533834586466,7.083828905772614,-3.0646844087843137,7.083828504818696,-3.064684346341666,4.009539180671595e-07,6.244264749710737e-08,4.009539180671595e-07,0.6025556666415668,0.7993211518774693,0.6025552940922962,0.7993208568746268,3.7254927054419795e-07,2.9500284248751285e-07,4.752048358957707e-07,3.7254927054419795e-07,257.280750611177,1.013464662946717e-05,1.013464662946717e-05,3.939139249481316e-08,257.2807678755013,2.7398970928516064e-05,2.7398970928516064e-05,1.0649444990623171e-07
nonzero_velocity_spirograph,dop853_moderate,DOP853,1e-06,1e-08,0.5438596491228069,7.1107009802895,-3.0713635785355375,7.11070060555564,-3.071363543807984,3.7473385994246655e-07,3.472755372158076e-08,3.7473385994246655e-07,0.6309954443007391,0.8195954895689451,0.6309951387527614,0.8195952100149371,3.0554797769699604e-07,2.79554008053573e-07,4.141376704594031e-07,3.0554797769699604e-07,257.2807512480366,1.0771506254059204e-05,1.0771506254059204e-05,4.1866741498444195e-08,257.2807641351224,2.365859205610832e-05,2.365859205610832e-05,9.195632759874811e-08
nonzero_velocity_spirograph,dop853_moderate,DOP853,1e-06,1e-08,0.5463659147869674,7.137432492041812,-3.0784368925085435,7.137432128393656,-3.0784368741428136,3.6364815603207035e-07,1.8365729825831068e-08,3.6364815603207035e-07,0.6594060135130579,0.8402231304388458,0.6594057471801814,0.8402228544815946,2.663328765306616e-07,2.759572511612518e-07,3.8351741236816204e-07,2.759572511612518e-07,257.28075252676655,1.2050236193772434e-05,1.2050236193772434e-05,4.683691508137462e-08,257.28076270240905,2.222587869482595e-05,2.222587869482595e-05,8.638765052393589e-08
nonzero_velocity_spirograph,dop853_moderate,DOP853,1e-06,1e-08,0.5488721804511278,7.164026528531272,-3.0859090314204525,7.164026162945688,-3.085909016595408,3.655855840278832e-07,1.4825044303279356e-08,3.655855840278832e-07,0.6877923154045678,0.861172544655008,0.6877920605052577,0.8611722614505501,2.548993101036956e-07,2.83204457884878e-07,3.8102286448087026e-07,2.83204457884878e-07,257.2807538826067,1.3406076334376849e-05,1.3406076334376849e-05,5.210680095815325e-08,257.28076313852586,2.2661995501493948e-05,2.2661995501493948e-05,8.808275139258323e-08
nonzero_velocity_spirograph,dop853_moderate,DOP853,1e-06,1e-08,0.5513784461152882,7.190486819219667,-3.09378397970186,7.190486449254224,-3.0937839625437715,3.699654431699173e-07,1.7158088283508732e-08,3.699654431699173e-07,0.7161589864181064,0.8824120958766125,0.7161587328582383,0.8824118031713579,2.53559868101938e-07,2.927052545897979e-07,3.8725827657566025e-07,2.927052545897979e-07,257.2807542348789,1.3758348529790965e-05,1.3758348529790965e-05,5.3476014194875295e-08,257.2807637154304,2.3238900041633315e-05,2.3238900041633315e-05,9.03250666901482e-08
nonzero_velocity_spirograph,dop853_moderate,DOP853,1e-06,1e-08,0.5538847117794485,7.216817706920844,-3.1020650921773854,7.216817342406646,-3.102065077296115,3.645141983810163e-07,1.4881270438138472e-08,3.645141983810163e-07,0.7445103161171356,0.9039100908622922,0.7445100769564669,0.9039097969887413,2.39160668713545e-07,2.9387355093835055e-07,3.7889245096811484e-07,2.9387355093835055e-07,257.28075265961337,1.2183083015315788e-05,1.2183083015315788e-05,4.735326473621974e-08,257.2807625956729,2.2119142556675797e-05,2.2119142556675797e-05,8.597278799690624e-08
nonzero_velocity_spirograph,dop853_moderate,DOP853,1e-06,1e-08,0.556390977443609,7.2430241174463195,-3.1107551621960123,7.243023779720175,-3.1107551643957585,3.3772614482785457e-07,2.199746163000782e-09,3.3772614482785457e-07,0.7728502059212632,0.9256348194691968,0.7728500154819805,0.9256345429397799,1.904392826768131e-07,2.7652941692046795e-07,3.357612824743692e-07,2.766311526514187e-07,257.2807500612298,9.584699455444934e-06,9.584699455444934e-06,3.725385521548306e-08,257.28075853741524,1.806088488365276e-05,1.806088488365276e-05,7.019913286241615e-08
nonzero_velocity_spirograph,dop853_moderate,DOP853,1e-06,1e-08,0.5588972431077694,7.269111529913906,-3.1198564934129145,7.269111250293342,-3.1198565317731606,2.7962056403652014e-07,3.836024609071842e-08,2.7962056403652014e-07,0.8011821343549342,0.9475545865992364,0.8011820375056589,0.9475543547067667,9.684927537723098e-08,2.3189246967092458e-07,2.5130439636260924e-07,2.331430768442999e-07,257.2807502778575,9.801327166769624e-06,9.801327166769624e-06,3.8095844829332337e-08,257.28075123434485,1.075781449344504e-05,1.075781449344504e-05,4.181352429847499e-08
nonzero_velocity_spirograph,dop853_moderate,DOP853,1e-06,1e-08,0.5614035087719298,7.2950859665545105,-3.12937096841988,7.295085766720921,-3.1293710590887325,1.998335896757908e-07,9.066885242603462e-08,1.998335896757908e-07,0.8295091291122286,0.9696377514189276,0.8295091591435276,0.9696375836539292,3.00312990031415e-08,1.677649984488383e-07,1.7043172716473538e-07,1.694271399843572e-07,257.28075082582984,1.0349299486733798e-05,1.0349299486733798e-05,4.0225706236560994e-08,257.28074137985857,9.033282140080701e-07,9.033282140080701e-07,3.511060378382553e-09
nonzero_velocity_spirograph,dop853_moderate,DOP853,1e-06,1e-08,0.5639097744360901,7.320953954041202,-3.1393001100073294,7.320953838769253,-3.139300265610121,1.1527194843097277e-07,1.5560279154058776e-07,1.5560279154058776e-07,0.8578337127323522,0.9918527343885436,0.8578338875612495,0.9918526356430555,1.7482889724806938e-07,9.874548811961148e-08,2.0078798454328966e-07,1.7482889724806938e-07,257.2807503710598,9.894529455323209e-06,9.894529455323209e-06,3.84581039256835e-08,257.28073052920354,9.947326816472923e-06,-9.947326816472923e-06,-3.866331695893241e-08
nonzero_velocity_spirograph,dop853_moderate,DOP853,1e-06,1e-08,0.5664160401002506,7.346722487105927,-3.149645159210102,7.3467224488088885,-3.1496453779676186,3.829703842939125e-08,2.1875751654576447e-07,2.1875751654576447e-07,0.8861578778536362,1.0141680164264955,0.8861581873752079,1.0141679803095225,3.095215717063837e-07,3.6116972967903394e-08,3.116216280811624e-07,3.095215717063837e-07,257.2807501118409,9.635310561861843e-06,9.635310561861843e-06,3.7450570703487204e-08,257.28072082151226,1.9655018093089893e-05,-1.9655018093089893e-05,-7.639521736716574e-08
nonzero_velocity_spirograph,dop853_moderate,DOP853,1e-06,1e-08,0.568922305764411,7.372399009202868,-3.160407135487029,7.372399028801473,-3.16040739713137,1.9598604517057083e-08,2.616443413039349e-07,2.616443413039349e-07,0.9144830469592645,1.0365521425014235,0.9144834484340421,1.0365521524872716,4.014747775338279e-07,9.985848148374998e-09,4.015989469098232e-07,4.014747775338279e-07,257.2807510938736,1.0617343264129886e-05,1.0617343264129886e-05,4.1267540059410006e-08,257.2807146151819,2.5861348433409148e-05,-2.5861348433409148e-05,-1.0051801151345128e-07
nonzero_velocity_spirograph,dop853_moderate,DOP853,1e-06,1e-08,0.5714285714285714,7.397991391965185,-3.171586896489749,7.3979914386378285,-3.17158716395406,4.667264352775646e-08,2.6746431069923915e-07,2.6746431069923915e-07,0.9428100323357097,1.0589737156271695,0.9428104539040905,1.0589737454992214,4.215683807595738e-07,2.987205194315834e-08,4.226254123257897e-07,4.215683807595738e-07,257.2807533248299,1.2848299547840725e-05,1.2848299547840725e-05,4.993883150384034e-08,257.28071408418685,2.639234349999242e-05,-2.639234349999242e-05,-1.0258188565187211e-07
nonzero_velocity_spirograph,dop853_moderate,DOP853,1e-06,1e-08,0.5739348370927317,7.423507913707846,-3.1831851975220995,7.423507945624146,-3.183185422622733,3.191629982524091e-08,2.2510063368841315e-07,2.2510063368841315e-07,0.9711389968496472,1.081401381114124,0.9711393475272949,1.0814013960788906,3.506776476980278e-07,1.4964766537062246e-08,3.5099680459019975e-07,3.506776476980278e-07,257.28075594813777,1.5471607412109734e-05,1.5471607412109734e-05,6.013511692889847e-08,257.280720819071,1.965745934739971e-05,-1.965745934739971e-05,-7.640470604597354e-08
nonzero_velocity_spirograph,dop853_moderate,DOP853,1e-06,1e-08,0.5764411027568922,7.448957237543034,-3.1952027498782,7.448957204913214,-3.1952028813634286,3.262982062324227e-08,1.314852284828305e-07,1.314852284828305e-07,0.999469414785362,1.1038038013178482,0.9994695988723578,1.103803760759663,1.8408699575811482e-07,4.055818525472432e-08,1.8850195860628271e-07,1.8408699575811482e-07,257.28075789619953,1.7419669177343167e-05,1.7419669177343167e-05,6.770685261974447e-08,257.2807354740275,5.002502859952074e-06,-5.002502859952074e-06,-1.9443751796914668e-08
nonzero_velocity_spirograph,dop853_moderate,DOP853,1e-06,1e-08,0.5789473684210527,7.474348389674613,-3.2076402772473607,7.474348240677619,-3.2076402697422925,1.4899699340986672e-07,7.505068122526382e-09,1.4899699340986672e-07,1.0278000318093454,1.126149621305768,1.0277999653609946,1.126149483660271,6.644835082170175e-08,1.3764549700034934e-07,1.528452360114542e-07,1.3838849427516564e-07,257.2807585662926,1.8089762249928754e-05,1.8089762249928754e-05,7.031137354635738e-08,257.2807575001799,1.7023649547809327e-05,1.7023649547809327e-05,6.616760164899423e-08
nonzero_velocity_spirograph,dop853_moderate,DOP853,1e-06,1e-08,0.581453634085213,7.49969073843812,-3.2204985693739294,7.499690427821875,-3.2204983919068453,3.106162447252814e-07,1.7746708413923784e-07,3.106162447252814e-07,1.0561288229559,1.148407426050206,1.056128449822837,1.1484071557084956,3.731330631140395e-07,2.7034171035111854e-07,4.607742648460674e-07,3.731330631140395e-07,257.2807581983014,1.772177103021022e-05,1.772177103021022e-05,6.888106353155818e-08,257.28078500464176,4.452811140254198e-05,4.452811140254198e-05,1.7307207418661764e-07
nonzero_velocity_spirograph,dop853_moderate,DOP853,1e-06,1e-08,0.5839598997493733,7.524993974652772,-3.2337785321602093,7.524993474030359,-3.233778175111065,5.006224128578651e-07,3.5704914447265423e-07,5.006224128578651e-07,1.0844529473603755,1.17054568995125,1.084452252316971,1.170545265479646,6.950434043861975e-07,4.244716040879837e-07,8.144086668606746e-07,6.950434043861975e-07,257.28075778324944,1.7306719087173406e-05,1.7306719087173406e-05,6.72678376745894e-08,257.2808147749941,7.429846374407134e-05,7.429846374407134e-05,2.887836205945971e-07
nonzero_velocity_spirograph,dop853_moderate,DOP853,1e-06,1e-08,0.5864661654135338,7.550268093851957,-3.2474812334005603,7.550267401948038,-3.2474807128679624,6.919039190478316e-07,5.205325979140696e-07,6.919039190478316e-07,1.1127686983082694,1.1925327196960565,1.112767714957518,1.1925321419820047,9.833507514933615e-07,5.777140517082557e-07,1.1404964822408389e-06,9.833507514933615e-07,257.2807584961612,1.801963082925795e-05,1.801963082925795e-05,7.00387864085059e-08,257.28084250961075,0.00010203308039535841,0.00010203308039535841,3.965826598849752e-07
nonzero_velocity_spirograph,dop853_moderate,DOP853,1e-06,1e-08,0.5889724310776943,7.575523380958677,-3.26160794333481,7.575522531290882,-3.261607302073318,8.496677947888998e-07,6.412614919071302e-07,8.496677947888998e-07,1.1410714470220835,1.2143365916719675,1.1410702584972803,1.214335889897702,1.1885248032417195e-06,7.017742655879289e-07,1.380245749046975e-06,1.1885248032417195e-06,257.28076082656924,2.0350038880678767e-05,2.0350038880678767e-05,7.909662745445626e-08,257.28086329612813,0.00012281959777737939,0.00012281959777737939,4.773757940446508e-07
nonzero_velocity_spirograph,dop853_moderate,DOP853,1e-06,1e-08,0.5914786967418546,7.6007703979724415,-3.276160169209104,7.600769460682906,-3.2761594734442454,9.372895357628863e-07,6.957648586158882e-07,9.372895357628863e-07,1.1693555784767942,1.235925085369176,1.169354309459951,1.2359243179843298,1.2690168431639393e-06,7.673848461120514e-07,1.4829980614539545e-06,1.2690168431639393e-06,257.2807637750757,2.329854532945319e-05,2.329854532945319e-05,9.055689627719541e-08,257.2808723841093,0.00013190757891834437,0.00013190757891834437,5.126990021640475e-07
nonzero_velocity_spirograph,dop853_moderate,DOP853,1e-06,1e-08,0.593984962406015,7.626019975234081,-3.291139683032311,7.626019049016783,-3.291139014616259,9.262172984136896e-07,6.68416051841092e-07,9.262172984136896e-07,1.19761441742235,1.2572656144339487,1.197613216670367,1.2572648615597153,1.200751982954884e-06,7.528742334006466e-07,1.4172596571866067e-06,1.200751982954884e-06,257.2807646943294,2.421779902306298e-05,2.421779902306298e-05,9.412985588508198e-08,257.2808663048609,0.00012582833056740128,0.00012582833056740128,4.8907015089565e-07
nonzero_velocity_spirograph,dop853_moderate,DOP853,1e-06,1e-08,0.5964912280701754,7.651283206834943,-3.3065485417161056,7.651282396134939,-3.3065479852425086,8.10700004016951e-07,5.564735969798562e-07,8.10700004016951e-07,1.2258401427013668,1.278325157265114,1.225839156116658,1.278324500229284,9.865847088175173e-07,6.570358299651247e-07,1.1853461391216092e-06,9.865847088175173e-07,257.2807605764129,2.009988253348638e-05,2.009988253348638e-05,7.812431857999853e-08,257.2808444033473,0.00010392681696202999,0.00010392681696202999,4.039432441368863e-07
nonzero_velocity_spirograph,dop853_moderate,DOP853,1e-06,1e-08,0.5989974937343359,7.676571450736963,-3.3223890987868527,7.676570822628068,-3.322388723438854,6.28108895561752e-07,3.75347998904374e-07,6.28108895561752e-07,1.254023687885821,1.2990701892835241,1.2540230231911347,1.299069672272055,6.646946864030667e-07,5.170114691921412e-07,8.42092563444594e-07,6.646946864030667e-07,257.2807518238392,1.1347308827680536e-05,1.1347308827680536e-05,4.4104773667330375e-08,257.28081086700536,7.039047500256856e-05,7.039047500256856e-05,2.7359403145448317e-07
nonzero_velocity_spirograph,dop853_moderate,DOP853,1e-06,1e-08,0.6015037593984962,7.701896326731838,-3.3386640101214575,7.701895848548008,-3.3386638429184483,4.781838294221075e-07,1.6720300921591047e-07,4.781838294221075e-07,1.2821546298964404,1.319466610934192,1.2821543115016243,1.3194661873769666,3.1839481606787956e-07,4.235572252930808e-07,5.298829889672554e-07,4.7266428149228545e-07,257.28074749545135,7.018920996415545e-06,7.018920996415545e-06,2.7281175355043042e-08,257.28077736787566,3.6891345303047274e-05,3.6891345303047274e-05,1.4338945556017076e-07
nonzero_velocity_spirograph,dop853_moderate,DOP853,1e-06,1e-08,0.6040100250626566,7.7272696036652855,-3.3553763102159473,7.727269174926094,-3.355376227410004,4.2873919170460795e-07,8.280594343546e-08,4.2873919170460795e-07,1.3102211643334813,1.3394795404189004,1.310220988770915,1.3394791414690483,1.7556256626249933e-07,3.98949852042918e-07,4.3587062199434894e-07,4.253018777988782e-07,257.2807446185056,4.141975239235762e-06,4.141975239235762e-06,1.6099048967148016e-08,257.28076575825423,2.5281723878833873e-05,2.5281723878833873e-05,9.826512405090082e-08
nonzero_velocity_spirograph,dop853_moderate,DOP853,1e-06,1e-08,0.606516290726817,7.752703250188283,-3.372529385317303,7.752702815567805,-3.3725292938871174,4.3462047827347305e-07,9.143018564472527e-08,4.3462047827347305e-07,1.3382099582185274,1.3590732892008313,1.3382097807715818,1.359072888198583,1.7744694558174956e-07,4.010022482958675e-07,4.3850908956899963e-07,4.3239335467681883e-07,257.28074584158094,5.365050583350239e-06,5.365050583350239e-06,2.0852904004447427e-08,257.280770843549,3.0367018666765944e-05,3.0367018666765944e-05,1.1803067190540865e-07
nonzero_velocity_spirograph,dop853_moderate,DOP853,1e-06,1e-08,0.6090225563909775,7.778209405228129,-3.390126913857128,7.778208969945228,-3.3901268220772263,4.352829003906322e-07,9.17799019006793e-08,4.352829003906322e-07,1.3661059387666223,1.378211273162244,1.3661057723759125,1.378210872992835,1.6639070987700677e-07,4.001694089428298e-07,4.333836916486683e-07,4.3403391768170874e-07,257.28074504257035,4.566039990550053e-06,4.566039990550053e-06,1.7747305849994533e-08,257.2807703301221,2.985359174090263e-05,2.985359174090263e-05,1.1603508169950222e-07
nonzero_velocity_spirograph,dop853_moderate,DOP853,1e-06,1e-08,0.6115288220551378,7.803800347043623,-3.408172879052509,7.803799921889611,-3.408172803194876,4.2515401244003215e-07,7.58576330639471e-08,4.2515401244003215e-07,1.3938921897881675,1.3968559017628404,1.3938920586950347,1.3968555071192394,1.3109313279358048e-07,3.9464360090946116e-07,4.1584730515469424e-07,4.246188169895748e-07,257.280736700637,3.775893333113345e-06,-3.775893333113345e-06,-1.4676160081472516e-08,257.28076883314935,2.8356618997804617e-05,2.8356618997804617e-05,1.1021664095525784e-07
nonzero_velocity_spirograph,dop853_moderate,DOP853,1e-06,1e-08,0.6140350877192982,7.829488467959161,-3.4266715512504082,7.829488055838771,-3.4266714953073536,4.121203893703296e-07,5.5943054633189604e-08,4.121203893703296e-07,1.4215498056240001,1.4149684833896485,1.421549715003046,1.4149680949924353,9.062095407408322e-08,3.8839721328010057e-07,3.988289766316448e-07,4.119967748315856e-07,257.28072297173856,1.7504791799183295e-05,-1.7504791799183295e-05,-6.803770762926623e-08,257.28077511227974,3.4635749386779935e-05,3.4635749386779935e-05,1.3462239467528068e-07
nonzero_velocity_spirograph,dop853_moderate,DOP853,1e-06,1e-08,0.6165413533834586,7.855286230592887,-3.445627441834601,7.855285820925473,-3.445627390020659,4.096674146580881e-07,5.181394202580236e-08,4.096674146580881e-07,1.4490577057829435,1.432509128309551,1.449057632160961,1.4325087419099771,7.362198251037455e-08,3.863995738928594e-07,3.93350768415852e-07,4.096670661462871e-07,257.2807121345741,2.834195623790947e-05,-2.834195623790947e-05,-1.1015964967068679e-07,257.28079106077803,5.058424767412362e-05,5.058424767412362e-05,1.9661109331554498e-07
nonzero_velocity_spirograph,dop853_moderate,DOP853,1e-06,1e-08,0.6190476190476191,7.88120610667186,-3.465045230764525,7.881205678635544,-3.4650451531241018,4.280363166131451e-07,7.764042342373045e-08,4.280363166131451e-07,1.47639241860557,1.4494366558270595,1.4763923198356834,1.4494362649654304,9.876988649182294e-08,3.908616290626554e-07,4.031479921209089e-07,4.278777046562432e-07,257.28071279727413,2.767925622038092e-05,-2.767925622038092e-05,-1.0758386410546683e-07,257.2808103531201,6.987658974821898e-05,6.987658974821898e-05,2.7159665981524663e-07
nonzero_velocity_spirograph,dop853_moderate,DOP853,1e-06,1e-08,0.6215538847117794,7.907260499527144,-3.484929669815429,7.907260032754723,-3.4849295382036534,4.667724207152446e-07,1.3161177569998017e-07,4.667724207152446e-07,1.5035278426308825,1.4657085125484723,1.5035276815924192,1.4657081128953242,1.6103846323112236e-07,3.9965314813095176e-07,4.3087820257100735e-07,4.661100843628141e-07,257.2807279040001,1.2572530238230684e-05,-1.2572530238230684e-05,-4.8866970045811e-08,257.2808227043503,8.222781997346829e-05,8.222781997346829e-05,3.1960347992301143e-07
nonzero_velocity_spirograph,dop853_moderate,DOP853,1e-06,1e-08,0.6240601503759398,7.933461651361764,-3.5052854635891744,7.933461140323173,-3.5052852722341523,5.110385910001014e-07,1.9135502205003263e-07,5.110385910001014e-07,1.5304349947190152,1.4812807088687685,1.5304347670358713,1.4812803015489098,2.2768314389409738e-07,4.0731985873065923e-07,4.6663591945955515e-07,5.094253168191898e-07,257.2807518152137,1.1338683350459178e-05,1.1338683350459178e-05,4.407124812163511e-08,257.2808200180761,7.954154574463246e-05,7.954154574463246e-05,3.091624565340848e-07
nonzero_velocity_spirograph,dop853_moderate,DOP853,1e-06,1e-08,0.6265664160401002,7.959821536384432,-3.5261171303650687,7.959821002316615,-3.526116912160484,5.340678166376733e-07,2.1820458462329384e-07,5.340678166376733e-07,1.5570817543751048,1.4961077809234145,1.5570815073892408,1.4961073726229202,2.4698586398308464e-07,4.083004943034041e-07,4.771910630511378e-07,5.310792865753644e-07,257.2807724333184,3.195678806378055e-05,3.195678806378055e-05,1.2420979512337694e-07,257.28080125837994,6.078184958369093e-05,6.078184958369093e-05,2.3624718069106912e-07
nonzero_velocity_spirograph,dop853_moderate,DOP853,1e-06,1e-08,0.6290726817042607,7.986351740901995,-3.547428844860099,7.986351232773063,-3.547428671477845,5.081289318198401e-07,1.733822538874108e-07,5.081289318198401e-07,1.583432614116255,1.5101427852755334,1.5834324422326516,1.5101423842653792,1.7188360335040898e-07,4.0101015419402586e-07,4.3629475915651004e-07,5.036837669447625e-07,257.2807783645236,3.7887993244112295e-05,3.7887993244112295e-05,1.4726323149543527e-07,257.2807737520722,3.327554185261761e-05,3.327554185261761e-05,1.293355335925468e-07
nonzero_velocity_spirograph,dop853_moderate,DOP853,1e-06,1e-08,0.631578947368421,8.013063331463526,-3.569224264967938,8.013062905084094,-3.569224215821208,4.26379431317514e-07,4.914672979694501e-08,4.26379431317514e-07,1.609448446110747,1.52333733352895,1.6094484465724521,1.5233369431062893,4.6170511858179e-10,3.9042266064548414e-07,3.9042293364646933e-07,4.209956248613089e-07,257.28076828973514,2.7813204781068634e-05,2.7813204781068634e-05,1.0810449600523366e-07,257.2807499027399,9.42620954447193e-06,9.42620954447193e-06,3.6637835879253496e-08
nonzero_velocity_spirograph,dop853_moderate,DOP853,1e-06,1e-08,0.6340852130325814,8.039966712148972,-3.5915063445460995,8.039966374169634,-3.5915064265741092,3.379793387381369e-07,8.202800971801594e-08,3.379793387381369e-07,1.6350862956781846,1.5356416738570695,1.635086468972923,1.535641288196841,1.7329473833704867e-07,3.8566022841912684e-07,4.22805957999174e-07,3.8566022841912684e-07,257.2807558956043,1.541907391811037e-05,1.541907391811037e-05,5.993092949573863e-08,257.2807400759088,4.006215590379725e-07,-4.006215590379725e-07,-1.5571377721315208e-09
nonzero_velocity_spirograph,dop853_moderate,DOP853,1e-06,1e-08,0.6365914786967418,8.067071424276632,-3.6142770663696178,8.067071073255189,-3.61427713150685,3.510214430235692e-07,6.513723205259225e-08,3.510214430235692e-07,1.6602991319114313,1.5470048257699252,1.6602992931380067,1.5470044382044947,1.6122657542361196e-07,3.875654304152931e-07,4.1976299440972286e-07,3.875654304152931e-07,257.28075607361524,1.5597084882301715e-05,1.5597084882301715e-05,6.062282335402603e-08,257.28074478965345,4.313123099564109e-06,4.313123099564109e-06,1.676426728085214e-08
nonzero_velocity_spirograph,dop853_moderate,DOP853,1e-06,1e-08,0.6390977443609023,8.094385695738461,-3.637536826689326,8.094385283970514,-3.637536801454247,4.117679477388947e-07,2.5235079359475776e-08,4.117679477388947e-07,1.68503527231179,1.557374795897543,1.685035337059505,1.557374413983893,6.474771496733922e-08,3.8191365003825695e-07,3.873632696565796e-07,3.999262830900463e-07,257.28075736399273,1.6887462379600038e-05,1.6887462379600038e-05,6.563826871891542e-08,257.280752384734,1.1908203646271431e-05,1.1908203646271431e-05,4.628486230339391e-08
nonzero_velocity_spirograph,dop853_moderate,DOP853,1e-06,1e-08,0.6416040100250626,8.121916340033293,-3.661284311671202,8.12191587848864,-3.661284212043038,4.615446531630596e-07,9.962816394093466e-08,4.615446531630596e-07,1.7092385131372267,1.566698920142358,1.7092385056148989,1.5666985492806047,7.522327871711809e-09,3.70861753307139e-07,3.7093803455921684e-07,4.450766385999394e-07,257.28075779072594,1.731419558836933e-05,1.731419558836933e-05,6.729689737482998e-08,257.2807520575833,1.1581052945075498e-05,1.1581052945075498e-05,4.5013291409319246e-08
nonzero_velocity_spirograph,dop853_moderate,DOP853,1e-06,1e-08,0.644110275689223,8.149668420759237,-3.6855160466449197,8.149668015683082,-3.6855160355804526,4.050761557294891e-07,1.1064467120291965e-08,4.050761557294891e-07,1.732847971786085,1.574924291983139,1.7328480756223958,1.574923913075102,1.0383631088295431e-07,3.7890803694651254e-07,3.9287819985390036e-07,3.874967819950115e-07,257.28076198330547,2.1506775112811738e-05,2.1506775112811738e-05,8.359263531726981e-08,257.28069459242505,4.5884105304594414e-05,-4.5884105304594414e-05,-1.783425577041203e-07
nonzero_velocity_spirograph,dop853_moderate,DOP853,1e-06,1e-08,0.6466165413533834,8.17764484026362,-3.71022584720412,8.177644447094561,-3.710225864185743,3.9316905819930525e-07,1.6981622774636662e-08,3.9316905819930525e-07,1.7557979736363212,1.5819983289881911,1.7557981201444333,1.5819979425173143,1.465081120866074e-07,3.864708768563929e-07,4.133090436529682e-07,3.864708768563929e-07,257.280767560916,2.708438563558957e-05,2.708438563558957e-05,1.0527171830050085e-07,257.2806871514561,5.332507424782307e-05,-5.332507424782307e-05,-2.072641510167275e-07
nonzero_velocity_spirograph,dop853_moderate,DOP853,1e-06,1e-08,0.6491228070175439,8.205845960802366,-3.735404314329437,8.205845544055608,-3.7354043035753133,4.1674675799185934e-07,1.0754123813683236e-08,4.1674675799185934e-07,1.7780181635326655,1.5878694910435256,1.7780182937939801,1.5878691088558479,1.3026131462368085e-07,3.821876777276856e-07,4.037764617884143e-07,3.912134671768541e-07,257.2807650683216,2.4591791259354068e-05,2.4591791259354068e-05,9.558349067950299e-08,257.28071913810345,2.1338426904549124e-05,-2.1338426904549124e-05,-8.293829870446777e-08
nonzero_velocity_spirograph,dop853_moderate,DOP853,1e-06,1e-08,0.6516290726817042,8.23426924618264,-3.7610383571142134,8.234268923169749,-3.7610384771806977,3.2301289110137077e-07,1.2006648431039935e-07,3.2301289110137077e-07,1.7994338279233564,1.592488145391128,1.7994340944589342,1.5924877408919136,2.665355778308509e-07,4.044992143459325e-07,4.844180308949103e-07,4.044992143459325e-07,257.28074913031406,8.653783709178242e-06,8.653783709178242e-06,3.363556748612381e-08,257.28066733321276,7.314331759289416e-05,-7.314331759289416e-05,-2.8429379306596963e-07
nonzero_velocity_spirograph,dop853_moderate,DOP853,1e-06,1e-08,0.6541353383458646,8.26290891545846,-3.787110732125154,8.262908862767151,-3.787111228835637,5.269130909368869e-08,4.967104829667335e-07,4.967104829667335e-07,1.8199664220394158,1.5958075739037998,1.819967038140403,1.5958070773161075,6.161009871163969e-07,4.965876923002099e-07,7.913152105639362e-07,6.161009871163969e-07,257.28072839194414,1.208458621704267e-05,-1.208458621704267e-05,-4.697042691442755e-08,257.28047454280465,0.0002659337257000516,-0.0002659337257000516,-1.0336324639282923e-06
nonzero_velocity_spirograph,dop853_moderate,DOP853,1e-06,1e-08,0.656641604010025,8.291755600249099,-3.8135995884301717,8.291755875191436,-3.8136005463188587,2.7494233734159934e-07,9.57888687036501e-07,9.57888687036501e-07,1.8395342980141318,1.5977851183586782,1.8395353058868014,1.5977844728611013,1.0078726695450513e-06,6.454975769454308e-07,1.1968602424085656e-06,1.0078726695450513e-06,257.2807206605448,1.9815985581317364e-05,-1.9815985581317364e-05,-7.702086656239633e-08,257.28018510592625,0.0005553706041041551,-0.0005553706041041551,-2.1586170930459406e-06
nonzero_velocity_spirograph,dop853_moderate,DOP853,1e-06,1e-08,0.6591478696741855,8.320795997250018,-3.840478007325685,8.32079643113855,-3.8404791971720282,4.33888532214155e-07,1.189846343230272e-06,1.189846343230272e-06,1.8580536310905391,1.59838345975545,1.8580548021687062,1.5983826989620629,1.1710781671059323e-06,7.607933871778272e-07,1.3965065884003917e-06,1.1710781671059323e-06,257.28073112893475,9.347595607778203e-06,-9.347595607778203e-06,-3.6332278857969585e-08,257.2799021866033,0.0008382899270600319,-0.0008382899270600319,-3.258269256794612e-06
nonzero_velocity_spirograph,dop853_moderate,DOP853,1e-06,1e-08,0.6616541353383458,8.350012507551936,-3.8677135258559447,8.350012832100198,-3.867714567975661,3.2454826204286746e-07,1.0421197162990836e-06,1.0421197162990836e-06,1.8754395420202903,1.5975720279017782,1.8754405564310561,1.5975712754237854,1.0144107658316415e-06,7.524779928047565e-07,1.2630329890745581e-06,1.0144107658316415e-06,257.28073858227134,1.8942590145343274e-06,-1.8942590145343274e-06,-7.362614904737206e-09,257.2797224899956,0.001017986534748161,-0.001017986534748161,-3.956714882204809e-06
nonzero_velocity_spirograph,dop853_moderate,DOP853,1e-06,1e-08,0.6641604010025062,8.379383218578642,-3.895268115191634,8.37938322696426,-3.895268698265754,8.385617533690493e-09,5.83074119653304e-07,5.83074119653304e-07,1.8916077586974998,1.5953283578701407,1.8916083922391822,1.5953277666076076,6.335416824487794e-07,5.912625331561117e-07,8.665832023032826e-07,6.335416824487794e-07,257.28071768313794,2.279339241795242e-05,-2.279339241795242e-05,-8.859346554948086e-08,257.2796888563955,0.001051620134830955,-0.001051620134830955,-4.087442118221383e-06
nonzero_velocity_spirograph,dop853_moderate,DOP853,1e-06,1e-08,0.6666666666666666,8.408882381568215,-3.9230988161673817,8.408881768824626,-3.923098500273916,6.12743589201159e-07,3.158934656077861e-07,6.12743589201159e-07,1.9064767951623403,1.5916391613051553,1.9064767816344546,1.591638974250959,1.3527885700526099e-08,1.8705419635445253e-07,1.875427313049924e-07,5.208031893522147e-07,257.28072433850923,1.6138021123879298e-05,-1.6138021123879298e-05,-6.272533689847429e-08,257.27978128560704,0.0009591909233108709,-0.0009591909233108709,-3.728187821343627e-06
nonzero_velocity_spirograph,dop853_moderate,DOP853,1e-06,1e-08,0.6691729323308271,8.438480205160689,-3.9511574683751687,8.438478908052918,-3.951156155673775,1.2971077705259404e-06,1.3127013938074583e-06,1.3127013938074583e-06,1.919969439152875,1.586501615746233,1.9199687965921597,1.5865019595396408,6.425607153026647e-07,3.437934077421545e-07,7.287511098154399e-07,1.0817739076740551e-06,257.28070321694423,3.7259586122218025e-05,-3.7259586122218025e-05,-1.4482073571930238e-07,257.2799450076298,0.0007954689005487126,-0.0007954689005487126,-3.0918322882441983e-06
nonzero_velocity_spirograph,dop853_moderate,DOP853,1e-06,1e-08,0.6716791979949874,8.468143532915548,-3.9793916138371332,8.46814181768455,-3.979389680516435,1.7152309972345847e-06,1.9333206981997364e-06,1.9333206981997364e-06,1.9320150173433208,1.5799240763030986,1.932014065404798,1.5799248297016444,9.519385228973221e-07,7.533985457719439e-07,1.2140001318563417e-06,1.4017848886105355e-06,257.2806409403676,9.953616273605803e-05,-9.953616273605803e-05,-3.868776285068952e-07,257.28013461636925,0.0006058601611016456,-0.0006058601611016456,-2.3548601421913017e-06
nonzero_velocity_spirograph,dop853_moderate,DOP853,1e-06,1e-08,0.6741854636591478,8.497836634055833,-4.007745549676907,8.497834947171555,-4.007743649537763,1.6868842784845128e-06,1.90013914469489e-06,1.90013914469489e-06,1.9425514735932023,1.5719264070328662,1.942550639940555,1.5719272292914446,8.336526473584627e-07,8.22258578336843e-07,1.1709337752820608e-06,1.3491500081563856e-06,257.28059951004553,0.0001409664848210923,-0.0001409664848210923,-5.479092005099058e-07,257.2803413829723,0.0003990935580304722,-0.0003990935580304722,-1.551198730582316e-06
nonzero_velocity_spirograph,dop853_moderate,DOP853,1e-06,1e-08,0.6766917293233082,8.527522011249282,-4.036161401336821,8.527520700554625,-4.036160071020268,1.3106946568086641e-06,1.3303165538047779e-06,1.3303165538047779e-06,1.95152711182885,1.562539951560731,1.95152668050391,1.5625404834456695,4.313249399867658e-07,5.318849385371749e-07,6.847939775562292e-07,1.0244633781297807e-06,257.28061845508273,0.0001220214476234105,-0.0001220214476234105,-4.7427354024792046e-07,257.2805715980756,0.0001688784547582145,-0.0001688784547582145,-6.56397577391223e-07
nonzero_velocity_spirograph,dop853_moderate,DOP853,1e-06,1e-08,0.6791979949874687,8.557161256415512,-4.064580258160189,8.557160235106846,-4.0645794033923535,1.021308666082632e-06,8.547678351789045e-07,1.021308666082632e-06,1.9589019820457083,1.5518071061594716,1.9589018687680686,1.5518073495128994,1.1327763971280547e-07,2.4335342785342107e-07,2.684263670113545e-07,7.790443291577631e-07,257.2806554899436,8.498658672806414e-05,-8.498658672806414e-05,-3.303262676042274e-07,257.2807598692592,1.939272885920218e-05,1.939272885920218e-05,7.537575033126594e-08
nonzero_velocity_spirograph,dop853_moderate,DOP853,1e-06,1e-08,0.681704260651629,8.586715985548214,-4.092943413157878,8.586714737833043,-4.092942266169948,1.2477151702938727e-06,1.146987929523391e-06,1.2477151702938727e-06,1.9646488776032254,1.5397804538312336,1.9646487133204271,1.5397809271605387,1.642827982539785e-07,4.733293050840359e-07,5.010284112238485e-07,9.274873002951267e-07,257.2806423990578,9.807747255763388e-05,-9.807747255763388e-05,-3.8120798461624723e-07,257.28077083124987,3.035471951307045e-05,3.035471951307045e-05,1.1798286749660325e-07
nonzero_velocity_spirograph,dop853_moderate,DOP853,1e-06,1e-08,0.6842105263157894,8.61614888354138,-4.121193748778373,8.616147549924586,-4.121192491023413,1.3336167938859944e-06,1.2577549606263005e-06,1.3336167938859944e-06,1.9687539031112302,1.5265214142442813,1.968753772437886,1.5265220160069228,1.306733441452934e-07,6.017626414944743e-07,6.157871381967323e-07,9.646606460300688e-07,257.2806093832979,0.0001310932324827263,-0.0001310932324827263,-5.095337965831332e-07,257.2807719437084,3.1467178018829145e-05,3.1467178018829145e-05,1.2230677648294332e-07
nonzero_velocity_spirograph,dop853_moderate,DOP853,1e-06,1e-08,0.6867167919799498,8.645424890008503,-4.149277310500529,8.645423785254975,-4.1492763625043505,1.1047535277697307e-06,9.479961784464308e-07,1.1047535277697307e-06,1.9712165650405458,1.5120983616541461,1.9712165918372735,1.5120987876468854,2.6796727725653113e-08,4.259927393057694e-07,4.268347204223621e-07,7.858862777210263e-07,257.2806918537381,4.8622792235164525e-05,-4.8622792235164525e-05,-1.8898729903025908e-07,257.2807679956613,2.7519130924247293e-05,2.7519130924247293e-05,1.0696148834645336e-07
nonzero_velocity_spirograph,dop853_moderate,DOP853,1e-06,1e-08,0.6892230576441103,8.674512460250217,-4.177144980539059,8.674511456335718,-4.177144166978507,1.0039144981988102e-06,8.135605522596734e-07,1.0039144981988102e-06,1.9720493035700104,1.4965842621363552,1.9720494155046198,1.4965846273027883,1.1193460935920996e-07,3.651664330917015e-07,3.819370113373605e-07,7.343710103357992e-07,257.2807635997156,2.312318525810042e-05,2.312318525810042e-05,8.987530592174179e-08,257.2807496948035,9.218273135047639e-06,9.218273135047639e-06,3.5829627658773576e-08
nonzero_velocity_spirograph,dop853_moderate,DOP853,1e-06,1e-08,0.6917293233082706,8.703383226818286,-4.204752012951464,8.703382193073082,-4.204751159343784,1.0337452032160854e-06,8.536076796517023e-07,1.0337452032160854e-06,1.971276072217377,1.4800556752181078,1.9712762260152517,1.4800561114444646,1.5379787465796824e-07,4.3622635681472843e-07,4.6254429045136735e-07,7.762237571595776e-07,257.2807662255707,2.5749040332812e-05,2.5749040332812e-05,1.0008149185640608e-07,257.28073683995143,3.636578924215428e-06,-3.636578924215428e-06,-1.4134672177481406e-08
nonzero_velocity_spirograph,dop853_moderate,DOP853,1e-06,1e-08,0.694235588972431,8.732012632773062,-4.232058870598638,8.732011620711804,-4.232058054004,1.0120612579100907e-06,8.165946381311073e-07,1.0120612579100907e-06,1.9689311488326302,1.4625907683971855,1.9689313616074018,1.4625912083121009,2.1277477157966018e-07,4.399149153844206e-07,4.886698642217039e-07,7.787634380695962e-07,257.2807660953043,2.5618773918267834e-05,2.5618773918267834e-05,9.957517173970053e-08,257.28074781837864,7.341848288433539e-06,7.341848288433539e-06,2.8536330682332113e-08
nonzero_velocity_spirograph,dop853_moderate,DOP853,1e-06,1e-08,0.6967418546365914,8.760380420595766,-4.259031868922827,8.760379505170633,-4.25903120026144,9.154251330301122e-07,6.68661387592806e-07,9.154251330301122e-07,1.9650576398416777,1.4442673636098389,1.965057921248234,1.4442677008436458,2.814065562795065e-07,3.3723380687966653e-07,4.392223701266174e-07,7.207033260181461e-07,257.28078087770086,4.040117050863046e-05,4.040117050863046e-05,1.5703146078404549e-07,257.2807741421572,3.366562685869212e-05,3.366562685869212e-05,1.30851717840742e-07
nonzero_velocity_spirograph,dop853_moderate,DOP853,1e-06,1e-08,0.6992481203007519,8.788470546086774,-4.285643052026767,8.788469738181913,-4.285642547110403,8.079048612330553e-07,5.049163638304321e-07,8.079048612330553e-07,1.9597057629894339,1.42516162092923,1.959706099297819,1.4251618302992048,3.3630838514042694e-07,2.0936997491283194e-07,3.961554193883527e-07,6.49794033913409e-07,257.2807973657274,5.688919702606654e-05,5.688919702606654e-05,2.2111720030305215e-07,257.28078933052313,4.885399278009572e-05,4.885399278009572e-05,1.8988593040275503e-07
nonzero_velocity_spirograph,dop853_moderate,DOP853,1e-06,1e-08,0.7017543859649122,8.816271040220942,-4.311869999881058,8.816270234647376,-4.311869502413916,8.055735651879559e-07,4.97467141258312e-07,8.055735651879559e-07,1.9529311765669304,1.4053468943598986,1.9529315466007517,1.4053471210045219,3.7003382136191476e-07,2.2664462329125001e-07,4.3392719921495364e-07,6.609748908203983e-07,257.2807991166072,5.864007687250705e-05,5.864007687250705e-05,2.2792252837851388e-07,257.28078282905904,4.235252868056705e-05,4.235252868056705e-05,1.6461600896406984e-07
nonzero_velocity_spirograph,dop853_moderate,DOP853,1e-06,1e-08,0.7042606516290726,8.843773736162799,-4.337695455675335,8.843772814622334,-4.337694791445794,9.215404652707093e-07,6.642295407033316e-07,9.215404652707093e-07,1.9447934042298303,1.3848928905556557,1.944793809906522,1.3848933119728852,4.056766917948096e-07,4.214172295569085e-07,5.849496214487203e-07,7.703263981140296e-07,257.2807917295177,5.125298736174955e-05,5.125298736174955e-05,1.9921035389909004e-07,257.28077654568955,3.6069159193630185e-05,3.6069159193630185e-05,1.40193778698023e-07
nonzero_velocity_spirograph,dop853_moderate,DOP853,1e-06,1e-08,0.706766917293233,8.870973916008392,-4.3631068461860965,8.870972954279738,-4.363106132998768,9.617286540475334e-07,7.13187328749143e-07,9.617286540475334e-07,1.9353544188028846,1.3638650963327048,1.9353548706773243,1.3638655957197607,4.518744396442287e-07,4.993870559300007e-07,6.734819528645287e-07,8.17978860534474e-07,257.28079109782936,5.0621299010344956e-05,5.0621299010344956e-05,1.967551046245637e-07,257.28077738848395,3.6911953600338165e-05,3.6911953600338165e-05,1.4346955598763658e-07
nonzero_velocity_spirograph,dop853_moderate,DOP853,1e-06,1e-08,0.7092731829573935,8.897869931820532,-4.388095768034045,8.897868971524915,-4.388095063398867,9.602956172471977e-07,7.046351777617588e-07,9.602956172471977e-07,1.9246774142563758,1.3423244156355214,1.9246779075164229,1.3423249345980646,4.932600470297643e-07,5.189625431611944e-07,7.159801639711396e-07,8.300466861621558e-07,257.28079320483414,5.272830378544313e-05,5.272830378544313e-05,2.0494462075855658e-07,257.28077744903453,3.697250417644682e-05,3.697250417644682e-05,1.4370490425349007e-07
nonzero_velocity_spirograph,dop853_moderate,DOP853,1e-06,1e-08,0.7117794486215538,8.924462855524247,-4.412657512703802,8.92446195122416,-4.412656890331048,9.043000872566154e-07,6.223727542220558e-07,9.043000872566154e-07,1.9128257627764536,1.320326934752658,1.9128262805912322,1.3203273928947667,5.178147786111253e-07,4.581421086946591e-07,6.91394487038534e-07,7.934611396254176e-07,257.2807760547421,3.557821173671982e-05,3.557821173671982e-05,1.3828556179845624e-07,257.28077794709617,3.7470565814601287e-05,3.7470565814601287e-05,1.4564077258639352e-07
nonzero_velocity_spirograph,dop853_moderate,DOP853,1e-06,1e-08,0.7142857142857142,8.95075616394655,-4.4367906383772215,8.950755286745066,-4.436790060474251,8.772014847835408e-07,5.779029708108396e-07,8.772014847835408e-07,1.8998621406698133,1.2979237876068497,1.8998626852595362,1.2979242213333289,5.445897228728569e-07,4.337264791764994e-07,6.962015692294706e-07,7.80480780449011e-07,257.2807689154861,2.8438955723686377e-05,2.8438955723686377e-05,1.1053666773118073e-07,257.2807799057474,3.942921705402114e-05,3.942921705402114e-05,1.5325366749563576e-07
nonzero_velocity_spirograph,dop853_moderate,DOP853,1e-06,1e-08,0.7167919799498746,8.976755150564783,-4.460496174469512,8.976754286801185,-4.460495622794592,8.637635975361491e-07,5.516749199685478e-07,8.637635975361491e-07,1.885847928216163,1.27516156835935,1.8858485004834344,1.2751619955881757,5.722672713481813e-07,4.2722882565016107e-07,7.141528543125125e-07,7.785145910155222e-07,257.28076908371514,2.860718478814306e-05,2.860718478814306e-05,1.1119054125527387e-07,257.2807813926755,4.091614516710251e-05,4.091614516710251e-05,1.590330667243822e-07
nonzero_velocity_spirograph,dop853_moderate,DOP853,1e-06,1e-08,0.7192982456140351,9.002466688776757,-4.483777298505372,9.002465832246386,-4.483776763018681,8.565303701857374e-07,5.354866914331069e-07,8.565303701857374e-07,1.870842701794897,1.2520823753341077,1.8708433010411787,1.2520828065993954,5.992462817072663e-07,4.312652877036527e-07,7.382992987387289e-07,7.812789364902706e-07,257.2807686824166,2.8205886223986454e-05,2.8205886223986454e-05,1.0963077209644245e-07,257.2807806370028,4.016047245158916e-05,4.016047245158916e-05,1.5609591443652066e-07
nonzero_velocity_spirograph,dop853_moderate,DOP853,1e-06,1e-08,0.7218045112781954,9.027898926321589,-4.50663891971203,9.027898071053977,-4.506638390218507,8.55267611399313e-07,5.29493522805069e-07,8.55267611399313e-07,1.8549038829040243,1.228724054073062,1.8549045094284866,1.2287245009641414,6.265244623104849e-07,4.468910794752645e-07,7.695742581375818e-07,7.887891158020466e-07,257.28076625188925,2.5775358892587974e-05,2.5775358892587974e-05,1.0018378695913016e-07,257.2807783968,3.792026961946249e-05,3.792026961946249e-05,1.4738868346393634e-07
nonzero_velocity_spirograph,dop853_moderate,DOP853,1e-06,1e-08,0.7243107769423558,9.05306100285039,-4.529087293302992,9.053060147528123,-4.529086768345173,8.553222663465476e-07,5.249578194366222e-07,8.553222663465476e-07,1.8380865125806929,1.205120496791483,1.8380871659569147,1.2051209603696431,6.533762217930672e-07,4.6357816008146813e-07,8.011274540977251e-07,7.969079790504097e-07,257.28076414436646,2.366783610341372e-05,2.366783610341372e-05,9.199225740557422e-08,257.28077695078116,3.6474250805440533e-05,3.6474250805440533e-05,1.4176829069243053e-07
nonzero_velocity_spirograph,dop853_moderate,DOP853,1e-06,1e-08,0.7268170426065163,9.077962812533954,-4.5511296953433975,9.07796196179505,-4.551129185548769,8.507389033240997e-07,5.097946287335731e-07,8.507389033240997e-07,1.8204431210518115,1.1813019463007826,1.820443798357509,1.1813024119013236,6.773056975273306e-07,4.656005410108577e-07,8.219044176135004e-07,8.000858077172879e-07,257.2807636910772,2.3214546843064454e-05,2.3214546843064454e-05,9.023041056266755e-08,257.280776973074,3.6496543657449365e-05,3.6496543657449365e-05,1.418549386551484e-07
nonzero_velocity_spirograph,dop853_moderate,DOP853,1e-06,1e-08,0.7293233082706767,9.102614798702419,-4.572774140685008,9.102613955621559,-4.572773654121666,8.430808602355455e-07,4.865633425055194e-07,8.430808602355455e-07,1.8020236769392164,1.1572953079170774,1.8020243750791056,1.1572957637245311,6.981398892325075e-07,4.55807453780821e-07,8.337624001235203e-07,7.997065468723363e-07,257.28076321113565,2.2734605295227084e-05,2.2734605295227084e-05,8.836497148258549e-08,257.2807767111515,3.623462112045672e-05,3.623462112045672e-05,1.4083689689847622e-07
nonzero_velocity_spirograph,dop853_moderate,DOP853,1e-06,1e-08,0.731829573934837,9.127027782015459,-4.594029145919852,9.127026932463972,-4.594028660419702,8.495514869366616e-07,4.855001503045742e-07,8.495514869366616e-07,1.7828755965339182,1.133124453129101,1.7828763227094924,1.1331249270508406,7.261755741172493e-07,4.7392173962990114e-07,8.671405766877412e-07,8.121702137486864e-07,257.2807618114777,2.1334947348350397e-05,2.1334947348350397e-05,8.292477434896303e-08,257.2807787345438,3.8258013432823645e-05,3.8258013432823645e-05,1.4870142771652049e-07
nonzero_velocity_spirograph,dop853_moderate,DOP853,1e-06,1e-08,0.7343358395989974,9.15121282366163,-4.61490353930152,9.151211970795227,-4.61490305999944,8.528664032780853e-07,4.793020798032899e-07,8.528664032780853e-07,1.7630437941640273,1.1088104999782777,1.7630445453388308,1.1088109851022245,7.511748034705334e-07,4.851239467917878e-07,8.942084930931018e-07,8.211514779254969e-07,257.2807634358994,2.295936906193674e-05,2.295936906193674e-05,8.923858435501952e-08,257.28078020640845,3.9729878096750326e-05,3.9729878096750326e-05,1.544222782597851e-07
nonzero_velocity_spirograph,dop853_moderate,DOP853,1e-06,1e-08,0.7368421052631579,9.175181125085421,-4.635406319583119,9.17518028124682,-4.635405863656935,8.438386007725285e-07,4.5592618391765427e-07,8.438386007725285e-07,1.7425707553497045,1.0843720562417716,1.7425715204436347,1.0843725296658497,7.650939302106252e-07,4.7342407816231e-07,8.99721667977922e-07,8.176897160205865e-07,257.2807686778274,2.8201297027408145e-05,2.8201297027408145e-05,1.0961293478545753e-07,257.28077787619316,3.7399662801362865e-05,3.7399662801362865e-05,1.4536518641889767e-07
nonzero_velocity_spirograph,dop853_moderate,DOP853,1e-06,1e-08,0.7393483709273183,9.198943938845025,-4.655546531435406,9.198943099590043,-4.655546092720549,8.392549819546957e-07,4.387148573314903e-07,8.392549819546957e-07,1.7214966385126886,1.059825457906765,1.721497419070527,1.0598259269904744,7.80557838364615e-07,4.6908370943121724e-07,9.106646284369406e-07,8.179442824995942e-07,257.28076861965036,2.8143120005097444e-05,2.8143120005097444e-05,1.0938681205974185e-07,257.28077422037484,3.374384448306955e-05,3.374384448306955e-05,1.3115573447343888e-07
nonzero_velocity_spirograph,dop853_moderate,DOP853,1e-06,1e-08,0.7418546365914787,9.222512458593348,-4.675333111912826,9.222511624707733,-4.675332691439255,8.338856147815932e-07,4.204735706281326e-07,8.338856147815932e-07,1.6998594268231315,1.0351850602117103,1.6998602203427613,1.0351855229701619,7.935196297825797e-07,4.627584515581873e-07,9.185960958652141e-07,8.168859338963941e-07,257.2807684257448,2.7949214427280822e-05,2.7949214427280822e-05,1.0863313894197379e-07,257.28077234711856,3.187058820230959e-05,3.187058820230959e-05,1.2387475309375863e-07
nonzero_velocity_spirograph,dop853_moderate,DOP853,1e-06,1e-08,0.744360902255639,9.245897800841046,-4.6947748636786875,9.245896967109978,-4.69477445375983,8.337310681838517e-07,4.099188570805268e-07,8.337310681838517e-07,1.6776950269950406,1.010463369200041,1.6776958365925638,1.010463835638737,8.095975232436103e-07,4.6643869588969267e-07,9.343517574583275e-07,8.204276268630739e-07,257.2807683995329,2.792300256260205e-05,2.792300256260205e-05,1.0853125854225859e-07,257.2807739528684,3.3476338046511955e-05,3.3476338046511955e-05,1.3011598918950458e-07
nonzero_velocity_spirograph,dop853_moderate,DOP853,1e-06,1e-08,0.7468671679197995,9.269110953597984,-4.7138803820619675,9.269110106966886,-4.713879963500573,8.466310976729119e-07,4.1856139443297025e-07,8.466310976729119e-07,1.6550374074680718,0.9856712366794853,1.65503824479817,0.9856717332596221,8.373300981467935e-07,4.965801367884382e-07,9.735057912079119e-07,8.373300981467935e-07,257.28076795071945,2.7474189096210466e-05,2.7474189096210466e-05,1.0678680823649415e-07,257.2807789730614,3.8496531033160863e-05,3.8496531033160863e-05,1.4962849905460605e-07
nonzero_velocity_spirograph,dop853_moderate,DOP853,1e-06,1e-08,0.7493734335839599,9.29216273342531,-4.732657992745845,9.292161860761908,-4.732657546869561,8.726634010969292e-07,4.458762843384534e-07,8.726634010969292e-07,1.6319187420332526,0.960818043707084,1.6319196205892958,0.9608185969942173,8.785560432489348e-07,5.532871333313594e-07,1.0382617073933034e-06,8.785560432489348e-07,257.2807661026427,2.5626112346799346e-05,2.5626112346799346e-05,9.960369477845548e-08,257.2807859931517,4.5516621355545794e-05,4.5516621355545794e-05,1.7691421935136226e-07
nonzero_velocity_spirograph,dop853_moderate,DOP853,1e-06,1e-08,0.7518796992481203,9.31506375873344,-4.751115713947351,9.315062855669177,-4.751115236275457,9.030642633689467e-07,4.776718940391333e-07,9.030642633689467e-07,1.6083695463821386,0.93591185054539,1.6083704717575238,0.9359124676352824,9.253753852078717e-07,6.170898924073853e-07,1.1122587553532565e-06,9.253753852078717e-07,257.2807629213251,2.244479475166372e-05,2.244479475166372e-05,8.723853448995798e-08,257.28079288456286,5.240803250217141e-05,5.240803250217141e-05,2.0369978881863554e-07
nonzero_velocity_spirograph,dop853_moderate,DOP853,1e-06,1e-08,0.7543859649122806,9.337824435501888,-4.769261237503469,9.337823510758376,-4.7692607443788795,9.247435119874581e-07,4.93124589162619e-07,9.247435119874581e-07,1.5844188055367907,0.9109595181531369,1.5844197688313204,0.9109601763352677,9.632945296988993e-07,6.58182130797158e-07,1.1666790768024044e-06,9.632945296988993e-07,257.2807603374039,1.986087352179311e-05,1.986087352179311e-05,7.719533722192803e-08,257.28079739480626,5.6918275902262394e-05,5.6918275902262394e-05,2.2123022421670382e-07
nonzero_velocity_spirograph,dop853_moderate,DOP853,1e-06,1e-08,0.7568922305764411,9.360454951597234,-4.7871019232795335,9.360454024130576,-4.787101447332335,9.274666581404745e-07,4.759471989856934e-07,9.274666581404745e-07,1.5600940920109525,0.8859668073363862,1.560095070848916,0.8859674596488167,9.788379635722322e-07,6.523124305157779e-07,1.176280266745828e-06,9.788379635722322e-07,257.2807615199909,2.1043460549208248e-05,2.1043460549208248e-05,8.179182207821682e-08,257.2807975874905,5.711096014238137e-05,5.711096014238137e-05,2.219791502333271e-07
nonzero_velocity_spirograph,dop853_moderate,DOP853,1e-06,1e-08,0.7593984962406015,9.382965275865693,-4.8046448013158205,9.382964365088556,-4.804644376156742,9.107771372640627e-07,4.251590786097381e-07,9.107771372640627e-07,1.5354216762541026,0.8609384625939531,1.5354226449867239,0.8609390595492112,9.687326212315384e-07,5.969552581142068e-07,1.1378921177459339e-06,9.687326212315384e-07,257.2807687755441,2.8299013763444236e-05,2.8299013763444236e-05,1.0999274065765419e-07,257.2807921238695,5.164733914853059e-05,5.164733914853059e-05,2.0074312229073345e-07
nonzero_velocity_spirograph,dop853_moderate,DOP853,1e-06,1e-08,0.7619047619047619,9.405365158176615,-4.82189657612815,9.405364270445082,-4.821896215202551,8.877315327282531e-07,3.6092559962952464e-07,8.877315327282531e-07,1.510426632445907,0.8358782884627571,1.510427579177787,0.8358788093755999,9.467318800027158e-07,5.209128427496879e-07,1.0805792161406018e-06,9.467318800027158e-07,257.2807808251797,4.034864934965299e-05,4.034864934965299e-05,1.5682732129470712e-07,257.2807804237751,3.994724477252021e-05,3.994724477252021e-05,1.5526714008413805e-07
nonzero_velocity_spirograph,dop853_moderate,DOP853,1e-06,1e-08,0.7644110275689222,9.427664126593267,-4.838863627578384,9.427663244072598,-4.8388633066434625,8.825206698759303e-07,3.2093492130513823e-07,8.825206698759303e-07,1.485132944045582,0.8107892268223009,1.4851338872855087,0.8107897069263132,9.43239926609607e-07,4.801040123236788e-07,1.0583956830031914e-06,9.43239926609607e-07,257.2807912177406,5.074121025927525e-05,5.074121025927525e-05,1.9722117623454196e-07,257.2807627557408,2.2279210440956376e-05,2.2279210440956376e-05,8.65949406072575e-08
nonzero_velocity_spirograph,dop853_moderate,DOP853,1e-06,1e-08,0.7669172932330827,9.449871477847347,-4.855552002730663,9.449870558797858,-4.855551659950771,9.190494889566025e-07,3.4277989247044616e-07,9.190494889566025e-07,1.4595636146654951,0.7856734441688653,1.4595646067844845,0.7856739761379288,9.92118989406876e-07,5.319690634664198e-07,1.125740278051319e-06,9.92118989406876e-07,257.2807905328598,5.005632942811644e-05,5.005632942811644e-05,1.9455917817790437e-07,257.2807402951241,1.8140627844331902e-07,-1.8140627844331902e-07,-7.050907817947114e-10
nonzero_velocity_spirograph,dop853_moderate,DOP853,1e-06,1e-08,0.7694235588972431,9.471996257293506,-4.871967393109249,9.471995259744928,-4.871966965296329,9.975485788515925e-07,4.278129202006653e-07,9.975485788515925e-07,1.4337407908375965,0.7605324383336052,1.4337418892447056,0.7605331189840999,1.0984071090458514e-06,6.806504947443059e-07,1.2922009414940593e-06,1.0984071090458514e-06,257.2807758969415,3.5420411165887344e-05,3.5420411165887344e-05,1.3767222179274809e-07,257.28071516322314,2.5313307219221315e-05,-2.5313307219221315e-05,-9.838788232782797e-08
nonzero_velocity_spirograph,dop853_moderate,DOP853,1e-06,1e-08,0.7719298245614035,9.494047232306054,-4.8881151039452755,9.49404616823008,-4.88811460983216,1.064075973999934e-06,4.941131157565337e-07,1.064075973999934e-06,1.4076858931216638,0.7353671559923942,1.407687084219274,0.7353679593962521,1.1910976100981685e-06,8.034038578852432e-07,1.4367224073029767e-06,1.1910976100981685e-06,257.2807685255096,2.8048979231698468e-05,2.8048979231698468e-05,1.0902090525605103e-07,257.28069042545593,5.0051074424573017e-05,-5.0051074424573017e-05,-1.9453875300525565e-07
nonzero_velocity_spirograph,dop853_moderate,DOP853,1e-06,1e-08,0.7744360902255638,9.516033001060116,-4.904000237468462,9.516031885312039,-4.90399969579472,1.1157480770407346e-06,5.416737414165596e-07,1.1157480770407346e-06,1.3814195515605507,0.7101777818369606,1.3814208174012657,0.7101786811533426,1.2658407149146456e-06,8.993163820303351e-07,1.552779015354005e-06,1.2658407149146456e-06,257.2807685609014,2.8084371024306165e-05,2.8084371024306165e-05,1.0915846624309633e-07,257.2806699866332,7.048989715485732e-05,-7.048989715485732e-05,-2.7398046594664377e-07
nonzero_velocity_spirograph,dop853_moderate,DOP853,1e-06,1e-08,0.7769423558897243,9.537961950820529,-4.919627641847652,9.53796079410107,-4.919627059381824,1.1567194597716934e-06,5.824658275699335e-07,1.1567194597716934e-06,1.3549617350547194,0.6849638761668015,1.3549630641436525,0.6849648618130063,1.3290889331329936e-06,9.85646204765267e-07,1.6546830008025023e-06,1.3290889331329936e-06,257.2807685280545,2.8051524168404285e-05,2.8051524168404285e-05,1.0903079692808642e-07,257.2806582789276,8.219760275096633e-05,-8.219760275096633e-05,-3.194860314795485e-07
nonzero_velocity_spirograph,dop853_moderate,DOP853,1e-06,1e-08,0.7794486215538847,9.559842231850961,-4.935001887102983,9.559841059930374,-4.935001289350238,1.1719205872395833e-06,5.977527450795606e-07,1.1719205872395833e-06,1.328331860425,0.6597244725571539,1.3283332196290656,0.6597255048641362,1.3592040655208137e-06,1.0323069822293363e-06,1.7067786608953568e-06,1.3592040655208137e-06,257.2807685376383,2.8061107968824217e-05,2.8061107968824217e-05,1.0906804728892641e-07,257.28065959512287,8.08814074844122e-05,-8.08814074844122e-05,-3.1437023748689946e-07
nonzero_velocity_spirograph,dop853_moderate,DOP853,1e-06,1e-08,0.7819548872180451,9.581681774906423,-4.950127312951757,9.581680627493297,-4.9501267442819685,1.1474131262900755e-06,5.686697885920466e-07,1.1474131262900755e-06,1.3015488329297062,0.6344580640661823,1.3015501671346996,0.6344590723735929,1.3342049933751099e-06,1.0083074105660117e-06,1.6723596498807943e-06,1.3342049933751099e-06,257.2807686072906,2.8130760256317444e-05,2.8130760256317444e-05,1.0933877212967516e-07,257.28067687729936,6.359923099807929e-05,-6.359923099807929e-05,-2.4719779210943674e-07
nonzero_velocity_spirograph,dop853_moderate,DOP853,1e-06,1e-08,0.7844611528822054,9.603488291156957,-4.965008052037456,9.603487214049812,-4.965007567467248,1.0771071448090197e-06,4.845702079592229e-07,1.0771071448090197e-06,1.2746311043394978,0.609162625226943,1.2746323459630802,0.6091635204793656,1.2416235823931032e-06,8.952524226391034e-07,1.5307207519975247e-06,1.2416235823931032e-06,257.28076865289495,2.8176364594401093e-05,2.8176364594401093e-05,1.0951602728682054e-07,257.2807097300522,3.074647815992648e-05,-3.074647815992648e-05,-1.1950555685971074e-07
nonzero_velocity_spirograph,dop853_moderate,DOP853,1e-06,1e-08,0.7869674185463659,9.625269271667797,-4.9796480553682745,9.62526829780577,-4.979647698352227,9.738620274646337e-07,3.5701604783611174e-07,9.738620274646337e-07,1.2475967249223459,0.5838356296936511,1.2475978207027176,0.5838363401507292,1.0957803717737136e-06,7.104570780569475e-07,1.305941760924182e-06,1.0957803717737136e-06,257.28076862486887,2.814833851516596e-05,2.814833851516596e-05,1.0940709538937955e-07,257.28075138806247,1.0911532115187583e-05,1.0911532115187583e-05,4.241099467833254e-08
nonzero_velocity_spirograph,dop853_moderate,DOP853,1e-06,1e-08,0.7894736842105263,9.647031986165446,-4.994051119668893,9.647031100568377,-4.994050879499375,8.855970694554571e-07,2.4016951805094777e-07,8.855970694554571e-07,1.220463389596924,0.5584740644251964,1.2204643535447135,0.558474605694268,9.639477895895254e-07,5.412690715633772e-07,1.1055168695617505e-06,9.639477895895254e-07,257.2807686037328,2.8127202426730946e-05,2.8127202426730946e-05,1.093249435407963e-07,257.2807843306478,4.385411745033707e-05,4.385411745033707e-05,1.7045239130263438e-07
nonzero_velocity_spirograph,dop853_moderate,DOP853,1e-06,1e-08,0.7919799498746867,9.668783480819028,-5.008220916349202,9.668782602196652,-5.008220704085299,8.786223766321655e-07,2.1226390334305734e-07,8.786223766321655e-07,1.1932484785664546,0.5330744413086824,1.1932494239861686,0.5330749581406662,9.454197140712495e-07,5.168319837656199e-07,1.0774663499143114e-06,9.454197140712495e-07,257.2807687688327,2.829230231782276e-05,2.829230231782276e-05,1.0996665457904199e-07,257.2807870346213,4.655809095766017e-05,4.655809095766017e-05,1.8096220833097023e-07
nonzero_velocity_spirograph,dop853_moderate,DOP853,1e-06,1e-08,0.794486215538847,9.690530574766337,-5.022161021793676,9.69052968793302,-5.022160821669681,8.868333161160535e-07,2.0012399470914488e-07,8.868333161160535e-07,1.1659690927878514,0.5076328071406555,1.165970039998216,0.5076333259522937,9.472103645880026e-07,5.18811638205996e-07,1.0799874956317437e-06,9.472103645880026e-07,257.28076924342616,2.876689580944003e-05,2.876689580944003e-05,1.1181130680889113e-07,257.2807839473812,4.347085086919833e-05,4.347085086919833e-05,1.689627089407566e-07
nonzero_velocity_spirograph,dop853_moderate,DOP853,1e-06,1e-08,0.7969924812030075,9.712279855113954,-5.035874948675117,9.712278962974324,-5.035874760750992,8.921396297267847e-07,1.8792412515011847e-07,8.921396297267847e-07,1.1386420846633636,0.4821447528942601,1.1386430297896002,0.48214527313242683,9.45126236606697e-07,5.202381667124278e-07,1.078847233498166e-06,9.45126236606697e-07,257.2807698991163,2.9422585953398084e-05,2.9422585953398084e-05,1.1435984636433393e-07,257.2807824753036,4.1998773269824596e-05,4.1998773269824596e-05,1.6324103075898837e-07
nonzero_velocity_spirograph,dop853_moderate,DOP853,1e-06,1e-08,0.7994987468671679,9.734037670140852,-5.049366177996483,9.734036775410624,-5.049366003060508,8.947302276851588e-07,1.749359750391477e-07,8.947302276851588e-07,1.1112840843639824,0.4566054232072163,1.111285023407687,0.4566059431671128,9.390437045730948e-07,5.199598964722441e-07,1.0733878017928975e-06,9.390437045730948e-07,257.2807702736088,2.9797078468618565e-05,2.9797078468618565e-05,1.1581542564526594e-07,257.2807830607379,4.258420756286796e-05,4.258420756286796e-05,1.6551649954051874e-07
nonzero_velocity_spirograph,dop853_moderate,DOP853,1e-06,1e-08,0.8020050125313283,9.755810120434859,-5.062638191564495,9.755809222088358,-5.062638029149066,8.983465011880298e-07,1.6241542866168857e-07,8.983465011880298e-07,1.0839115222058828,0.43100952702868633,1.083912455373779,0.43101004784038977,9.331678960666778e-07,5.208117034305459e-07,1.0686660622850045e-06,9.331678960666778e-07,257.28076981864695,2.934211659066932e-05,2.934211659066932e-05,1.1404707766435383e-07,257.2807843713267,4.389479636301985e-05,4.389479636301985e-05,1.7061050229301565e-07
nonzero_velocity_spirograph,dop853_moderate,DOP853,1e-06,1e-08,0.8045112781954886,9.777603047691393,-5.075694504598754,9.777602142461879,-5.075694353994505,9.052295144584832e-07,1.5060424907176184e-07,9.052295144584832e-07,1.056540647503252,0.4053513503629783,1.0565415772504085,0.4053518743257265,9.29747156597216e-07,5.239627481889997e-07,1.0672238456342592e-06,9.29747156597216e-07,257.2807687504901,2.827395974236424e-05,2.827395974236424e-05,1.0989536056991971e-07,257.28078467396966,4.419743930839104e-05,4.419743930839104e-05,1.7178681632573589e-07
nonzero_velocity_spirograph,dop853_moderate,DOP853,1e-06,1e-08,0.8070175438596491,9.799422028498702,-5.08853869421035,9.799421110126424,-5.088538563898786,9.18372277780577e-07,1.303115642059538e-07,9.18372277780577e-07,1.0291875394326353,0.37962477480405876,1.0291884659082409,0.3796252926754462,9.264756055671342e-07,5.17871387439861e-07,1.0613895711000154e-06,9.264756055671342e-07,257.28076987823124,2.940170088550076e-05,2.940170088550076e-05,1.1427867018356486e-07,257.2807826556859,4.217915557092056e-05,4.217915557092056e-05,1.6394214154078205e-07
nonzero_velocity_spirograph,dop853_moderate,DOP853,1e-06,1e-08,0.8095238095238095,9.82127236498662,-5.10117445935994,9.821271422412599,-5.101174354313079,9.425740206125965e-07,1.0504686098755656e-07,9.425740206125965e-07,1.001868098060008,0.35382325470956455,1.0018690272391009,0.35382376452991504,9.291790927790089e-07,5.098203504916299e-07,1.0598540353430892e-06,9.291790927790089e-07,257.28077244665167,3.197012131295196e-05,3.197012131295196e-05,1.2426161885937334e-07,257.2807778118743,3.733534396133109e-05,3.733534396133109e-05,1.451151916469896e-07
nonzero_velocity_spirograph,dop853_moderate,DOP853,1e-06,1e-08,0.8120300751879699,9.84315905369105,-5.11360566540798,9.843158088422495,-5.11360556822917,9.652685548644513e-07,9.717880988802108e-08,9.652685548644513e-07,0.974598056166819,0.32793982739356553,0.9745989951072158,0.32794035375635744,9.389403967663412e-07,5.263627919083191e-07,1.0764138875847221e-06,9.389403967663412e-07,257.280772869495,3.239296466972519e-05,3.239296466972519e-05,1.259051284201358e-07,257.2807705105079,3.003397756629056e-05,3.003397756629056e-05,1.1673620617953063e-07
nonzero_velocity_spirograph,dop853_moderate,DOP853,1e-06,1e-08,0.8145363408521302,9.865086801063246,-5.12583634061349,9.865085815887596,-5.125836234775477,9.851756495038444e-07,1.058380130203318e-07,9.851756495038444e-07,0.9473929703828443,0.3019671743351836,0.9473939253762966,0.30196773961554624,9.54993452317865e-07,5.652803626299274e-07,1.109754199066179e-06,9.54993452317865e-07,257.28077164902055,3.117249019624069e-05,3.117249019624069e-05,1.21161382459113e-07,257.2807618304128,2.135388245960712e-05,2.135388245960712e-05,8.299837142903071e-08
nonzero_velocity_spirograph,dop853_moderate,DOP853,1e-06,1e-08,0.8170426065162907,9.887060004031857,-5.137870724934586,9.887058997228516,-5.137870607656,1.006803341141449e-06,1.1727858595378393e-07,1.006803341141449e-06,0.9202682111575828,0.27589762368525905,0.9202691848958955,0.2758982329438635,9.737383126484644e-07,6.092586044559312e-07,1.1486349936437892e-06,9.737383126484644e-07,257.2807707709729,3.0294442524336773e-05,3.0294442524336773e-05,1.1774858261145393e-07,257.28075326229424,1.2785763885858614e-05,1.2785763885858614e-05,4.969576759681689e-08
nonzero_velocity_spirograph,dop853_moderate,DOP853,1e-06,1e-08,0.8195488721804511,9.909082730485745,-5.149713317303672,9.909081695196772,-5.149713203070526,1.0352889727727188e-06,1.1423314649761096e-07,1.0352889727727188e-06,0.8932389465773439,0.2497231584824785,0.8932399353766844,0.2497237957291789,9.887993405177653e-07,6.372467004078786e-07,1.176353472808703e-06,9.887993405177653e-07,257.2807719946634,3.151813302793016e-05,3.151813302793016e-05,1.2250482865352801e-07,257.2807463518347,5.875304339042486e-06,5.875304339042486e-06,2.2836160717511784e-08
nonzero_velocity_spirograph,dop853_moderate,DOP853,1e-06,1e-08,0.8220551378446115,9.931158701753645,-5.161368919132767,9.931157628478628,-5.161368836754404,1.073275017304809e-06,8.23783627978969e-08,1.073275017304809e-06,0.8663201199122961,0.22343543247728614,0.86632111213171,0.2234360643524672,9.922194139644347e-07,6.318751810674428e-07,1.1763356705876686e-06,9.922194139644347e-07,257.28077606613425,3.5589603896823974e-05,3.5589603896823974e-05,1.3832984090027728e-07,257.2807423543518,1.877821432572091e-06,1.877821432572091e-06,7.298725233354144e-09
nonzero_velocity_spirograph,dop853_moderate,DOP853,1e-06,1e-08,0.8245614035087718,9.953291277129424,-5.172842674042302,9.95329015764121,-5.172842659776208,1.1194882141296603e-06,1.4266094083836833e-08,1.1194882141296603e-06,0.8395264214575396,0.19702579299176126,0.8395273977093123,0.19702637666366318,9.762517726441544e-07,5.836719019214343e-07,1.1374271021403694e-06,9.762517726441544e-07,257.2807825735815,4.209705116409168e-05,4.209705116409168e-05,1.6362301774365368e-07,257.28074195945356,1.4829232100055378e-06,1.4829232100055378e-06,5.763832952512871e-09
nonzero_velocity_spirograph,dop853_moderate,DOP853,1e-06,1e-08,0.8270676691729323,9.975483440491537,-5.184140103806777,9.975482271800919,-5.184140192731601,1.1686906180585765e-06,8.892482394884382e-08,1.1686906180585765e-06,0.8128722552051193,0.17048531021702684,0.8128731904942776,0.1704858029609888,9.352891583436218e-07,4.927439619661911e-07,1.0571482496647572e-06,9.959065709885806e-07,257.2807902066541,4.973012374875907e-05,4.973012374875907e-05,1.9329128039918536e-07,257.2807451312698,4.654739427678578e-06,4.654739427678578e-06,1.809206324211117e-08
nonzero_velocity_spirograph,dop853_moderate,DOP853,1e-06,1e-08,0.8295739348370927,9.997737789065475,-5.195267140510621,9.997736576394342,-5.195267357971718,1.2126711332882678e-06,2.17461097129501e-07,1.2126711332882678e-06,0.7863717008596505,0.1438048123293283,0.7863725684070345,0.14380518084829508,8.675473840424885e-07,3.6851896678680163e-07,9.425734414042107e-07,1.0190080387273426e-06,257.28079722185197,5.674532161492607e-05,5.674532161492607e-05,2.205579846739538e-07,257.2807510945566,1.0618026237807499e-05,1.0618026237807499e-05,4.127019464473321e-08
nonzero_velocity_spirograph,dop853_moderate,DOP853,1e-06,1e-08,0.8320802005012531,10.020056524377816,-5.206230154907639,10.020055282431716,-5.206230509504397,1.2419460997392662e-06,3.545967572904374e-07,1.2419460997392662e-06,0.7600384716896517,0.11697492579194513,0.7600392478873794,0.1169751538559336,7.761977277587206e-07,2.2806398847219356e-07,8.090093296221285e-07,1.0283222765528066e-06,257.28080195541554,6.147888518626132e-05,6.147888518626132e-05,2.389564219707676e-07,257.28075847882377,1.8002293415975146e-05,1.8002293415975146e-05,6.997139926848645e-08
nonzero_velocity_spirograph,dop853_moderate,DOP853,1e-06,1e-08,0.8345864661654134,10.042441445450635,-5.217035980977391,10.042440197613113,-5.217036460206551,1.247837522200257e-06,4.792291603550325e-07,1.247837522200257e-06,0.7338858686898481,0.08998612020221153,0.7338865384096606,0.08998621362780068,6.697198124960835e-07,9.342558915381716e-08,6.762048269263738e-07,1.0172798150520634e-06,257.2808032632398,6.278670946358034e-05,6.278670946358034e-05,2.4403967956283095e-07,257.2807656112022,2.5134671830073785e-05,2.5134671830073785e-05,9.769356145166496e-08
nonzero_velocity_spirograph,dop853_moderate,DOP853,1e-06,1e-08,0.8370927318295739,10.064893944284929,-5.22769193667187,10.064892719687403,-5.227692505986028,1.2245975256064412e-06,5.693141584828254e-07,1.2245975256064412e-06,0.7079267315173262,0.06282875704131219,0.7079272928414809,0.06282874540131711,5.613241547131054e-07,1.1639995078915888e-08,5.614448291237702e-07,9.821601001380742e-07,257.28080080466935,6.0328138999921066e-05,6.0328138999921066e-05,2.344836962462968e-07,257.2807709238916,3.0447361268670647e-05,3.0447361268670647e-05,1.1834294791081773e-07
nonzero_velocity_spirograph,dop853_moderate,DOP853,1e-06,1e-08,0.8395989974937343,10.087415003681757,-5.2382058408458585,10.087413832434187,-5.238206446531246,1.1712475700420555e-06,6.056853871783119e-07,1.1712475700420555e-06,0.6821733866565882,0.035493141688851204,0.6821738540282183,0.03549307643869848,4.673716300640507e-07,6.525015272540458e-08,4.7190446386892385e-07,9.233799973529244e-07,257.28079512368623,5.464715587777391e-05,5.464715587777391e-05,2.1240282415449176e-07,257.280773413614,3.293708363116821e-05,3.293708363116821e-05,1.280200125752234e-07
nonzero_velocity_spirograph,dop853_moderate,DOP853,1e-06,1e-08,0.8421052631578947,10.110005197449812,-5.248586026364303,10.11000410464874,-5.248586602286942,1.0928010727440096e-06,5.759226384682847e-07,1.0928010727440096e-06,0.6566375932657559,0.007969578074503714,0.6566379980619648,0.007969527007698707,4.0479620888600465e-07,5.106680500688299e-08,4.0800464372613817e-07,8.46129213250002e-07,257.2807875169144,4.704038406089239e-05,4.704038406089239e-05,1.8283678744769279e-07,257.28077305876224,3.258223188140619e-05,3.258223188140619e-05,1.2664077311445083e-07
nonzero_velocity_spirograph,dop853_moderate,DOP853,1e-06,1e-08,0.844611528822055,10.132664693048085,-5.258841349380092,10.132663692510148,-5.258841827294347,1.0005379369459888e-06,4.779142548372306e-07,1.0005379369459888e-06,0.6313304871586124,-0.01975157464499966,0.6313308747761364,-0.019751536541692816,3.876175239669877e-07,3.810330684306251e-08,3.894858237197791e-07,7.601466972539939e-07,257.28077971281243,3.9236282077581563e-05,3.9236282077581563e-05,1.5250376691589463e-07,257.2807710652453,3.0588714935220196e-05,3.0588714935220196e-05,1.1889236201110265e-07
nonzero_velocity_spirograph,dop853_moderate,DOP853,1e-06,1e-08,0.8471177944862155,10.155393256712344,-5.26898119477558,10.155392345712706,-5.268981517534099,9.109996383926955e-07,3.227585194665039e-07,9.109996383926955e-07,0.6062625233849406,-0.047679843973918,0.6062629460968482,-0.04767964710080408,4.2271190758835786e-07,1.9687311392235785e-07,4.663093177307034e-07,6.784799561065924e-07,257.28077341997977,3.294344941195959e-05,3.294344941195959e-05,1.280447551221377e-07,257.28076977502997,2.9298499612195883e-05,2.9298499612195883e-05,1.1387754698594919e-07
nonzero_velocity_spirograph,dop853_moderate,DOP853,1e-06,1e-08,0.849624060150376,10.178190261114098,-5.279015477761239,10.178189417740722,-5.279015614410211,8.433733764690032e-07,1.3664897213772065e-07,8.433733764690032e-07,0.5814434178849405,-0.07582458509448553,0.5814439229793829,-0.07582418105593558,5.050944423823367e-07,4.04038549950414e-07,6.468133776999026e-07,6.151219168470945e-07,257.2807698340548,2.9357524454098893e-05,2.9357524454098893e-05,1.1410696502086966e-07,257.28077203290053,3.1556370174712356e-05,3.1556370174712356e-05,1.226534489766481e-07
nonzero_velocity_spirograph,dop853_moderate,DOP853,1e-06,1e-08,0.8521303258145363,10.20105469560077,-5.288954641624795,10.201053880666835,-5.288954603013414,8.149339354446283e-07,3.861138075933468e-08,8.149339354446283e-07,0.5568820887123032,-0.10419492154557419,0.5568827017633589,-0.10419430202639135,6.130510556978663e-07,6.195191828428648e-07,8.715707744082286e-07,6.195191828428648e-07,257.2807692214836,2.8744953226578218e-05,2.8744953226578218e-05,1.1172602027395203e-07,257.2807797680439,3.929151353077032e-05,3.929151353077032e-05,1.5271844078960338e-07
nonzero_velocity_spirograph,dop853_moderate,DOP853,1e-06,1e-08,0.8546365914786966,10.223985179065739,-5.2988096516242065,10.223984344853973,-5.298809504802203,8.342117663318049e-07,1.4682200344395824e-07,8.342117663318049e-07,0.5325865973448605,-0.13279968606032155,0.5325873008935275,-0.13279890465665567,7.035486669915159e-07,7.814036658837509e-07,1.051462037299542e-06,7.814036658837509e-07,257.2807707235964,3.024706603582672e-05,3.024706603582672e-05,1.1756443945164219e-07,257.28079150889266,5.1032362307523726e-05,5.1032362307523726e-05,1.9835282739393e-07
nonzero_velocity_spirograph,dop853_moderate,DOP853,1e-06,1e-08,0.8571428571428571,10.246979975496963,-5.308591985017858,10.246979083836044,-5.3085918642419,8.916609193221348e-07,1.2077595812343134e-07,8.916609193221348e-07,0.5085640906313105,-0.1616473620209109,0.5085647992289261,-0.16164655884071044,7.085976155840612e-07,8.031802004593303e-07,1.0710784356065184e-06,8.031802004593303e-07,257.2807725450379,3.2068507550775394e-05,3.2068507550775394e-05,1.2464402695428633e-07,257.28079855195176,5.807542140701116e-05,5.807542140701116e-05,2.2572782284225786e-07
nonzero_velocity_spirograph,dop853_moderate,DOP853,1e-06,1e-08,0.8596491228070176,10.270037012252885,-5.318313617225322,10.27003601731909,-5.318313652563793,9.9493379579485e-07,3.533847081627073e-08,9.9493379579485e-07,0.48482074395730834,-0.19074602594642198,0.4848213739444852,-0.19074532516502163,6.299871768700172e-07,7.007814003534563e-07,9.42326065702316e-07,7.443524538963686e-07,257.2807727056943,3.222916393497144e-05,3.222916393497144e-05,1.2526846694889486e-07,257.28080151196485,6.103543449853532e-05,6.103543449853532e-05,2.3723281573850683e-07
nonzero_velocity_spirograph,dop853_moderate,DOP853,1e-06,1e-08,0.8621553884711779,10.293153901114295,-5.327987004112068,10.293152789216455,-5.327987214239693,1.1118978395785462e-06,2.1012762463357149e-07,1.1118978395785462e-06,0.46136170625381767,-0.2201032913850035,0.4613622426084689,-0.22010270002642873,5.363546512482387e-07,5.913585747752137e-07,7.983616197411996e-07,8.486897539183857e-07,257.2807705440245,3.0067494151353458e-05,3.0067494151353458e-05,1.1686647860101394e-07,257.2808044194326,6.3942902272629e-05,6.3942902272629e-05,2.4853357524622794e-07
nonzero_velocity_spirograph,dop853_moderate,DOP853,1e-06,1e-08,0.8646616541353382,10.316327965181852,-5.337625055524147,10.316326804024403,-5.337625338689569,1.1611574493031185e-06,2.831654217771984e-07,1.1611574493031185e-06,0.43819104989010105,-0.24972625096591206,0.438191530737305,-0.24972569192831295,4.808472039430356e-07,5.590375991015861e-07,7.373852932823524e-07,9.034339556457383e-07,257.2807689734658,2.8496935442490212e-05,2.8496935442490212e-05,1.1076202357669193e-07,257.28080476516413,6.42886337800519e-05,6.42886337800519e-05,2.498773661059034e-07
nonzero_velocity_spirograph,dop853_moderate,DOP853,1e-06,1e-08,0.8671679197994987,10.33955639959453,-5.347240892076485,10.33955522913712,-5.347241190512448,1.1704574092163966e-06,2.9843596305312303e-07,1.1704574092163966e-06,0.4153118339435943,-0.27962126765795814,0.4153122823986153,-0.27962070058858246,4.484550210070992e-07,5.670693756787415e-07,7.229658240187813e-07,9.275021758403668e-07,257.28076824305674,2.776652638658561e-05,2.776652638658561e-05,1.0792306620059082e-07,257.28080352957613,6.305304577836068e-05,6.305304577836068e-05,2.450748768119023e-07
nonzero_velocity_spirograph,dop853_moderate,DOP853,1e-06,1e-08,0.8696741854636592,10.362836220075918,-5.356847942276461,10.362835045252584,-5.356848251135059,1.174823333727204e-06,3.088585973642921e-07,1.174823333727204e-06,0.3927260185283088,-0.3097940300590073,0.3927264349388181,-0.30979345303237593,4.164105092963055e-07,5.770266313653849e-07,7.115879745732725e-07,9.473904780676889e-07,257.28076796404304,2.748751268200067e-05,2.748751268200067e-05,1.0683859441281472e-07,257.2808024776481,6.200111772614036e-05,6.200111772614036e-05,2.409862378789143e-07
nonzero_velocity_spirograph,dop853_moderate,DOP853,1e-06,1e-08,0.8721804511278195,10.386164279541848,-5.366459936817626,10.3861630965962,-5.366460259623611,1.1829456489920176e-06,3.228059846094311e-07,1.1829456489920176e-06,0.3704344194964133,-0.34024953203642505,0.3704348019923277,-0.3402489463128612,3.824959143861051e-07,5.857235638728753e-07,6.995535846509579e-07,9.699983075650565e-07,257.28076821114115,2.7734610796414927e-05,2.7734610796414927e-05,1.0779901653363335e-07,257.28080276037633,6.22838459776176e-05,6.22838459776176e-05,2.4208514738513534e-07
nonzero_velocity_spirograph,dop853_moderate,DOP853,1e-06,1e-08,0.8746867167919798,10.40953735072718,-5.376090793511589,10.409536140764963,-5.376091153166023,1.209962215753535e-06,3.596544333461793e-07,1.209962215753535e-06,0.3484367279283158,-0.3709919799434963,0.34843706477421565,-0.370991396836044,3.368458998398438e-07,5.831074523232616e-07,6.734088365872836e-07,1.0080663563893921e-06,257.2807683180114,2.7841481028190174e-05,2.7841481028190174e-05,1.0821440025639979e-07,257.2808044467562,6.397022582405043e-05,6.397022582405043e-05,2.48639776555237e-07
nonzero_velocity_spirograph,dop853_moderate,DOP853,1e-06,1e-08,0.8771929824561403,10.432952164394464,-5.385754573604001,10.432950897994948,-5.3857550077318965,1.266399516808292e-06,4.341278954100858e-07,1.266399516808292e-06,0.3267315022059255,-0.4020247583424289,0.326731771614988,-0.40202419620128316,2.6940906250327856e-07,5.621411457434888e-07,6.233649899510702e-07,1.0711954625541864e-06,257.2807677970415,2.7320511151174287e-05,2.7320511151174287e-05,1.0618949207224672e-07,257.2808066586505,6.618212012199365e-05,6.618212012199365e-05,2.5723697778315013e-07
nonzero_velocity_spirograph,dop853_moderate,DOP853,1e-06,1e-08,0.8796992481203008,10.456405452202407,-5.395465431231239,10.456404099654835,-5.395465979417543,1.3525475726083869e-06,5.481863043499402e-07,1.3525475726083869e-06,0.3053161702269044,-0.43335039629418803,0.3053163456482709,-0.43334987341352516,1.7542136654391527e-07,5.228806628787552e-07,5.515222964238718e-07,1.1606689108711876e-06,257.28076663725915,2.6160728793911403e-05,2.6160728793911403e-05,1.0168164451585849e-07,257.2808080327962,6.75562658329909e-05,6.75562658329909e-05,2.625780138375866e-07
nonzero_velocity_spirograph,dop853_moderate,DOP853,1e-06,1e-08,0.8822055137844611,10.479893993007236,-5.405237557964875,10.479892535768302,-5.4052382469833615,1.4572389339662095e-06,6.890184867103244e-07,1.4572389339662095e-06,0.28418704205119827,-0.46497053578457365,0.2841871005086366,-0.46497006327589235,5.845743833443606e-08,4.725086812928936e-07,4.761110437637145e-07,1.2677353465884167e-06,257.28076523621104,2.4759680684383056e-05,2.4759680684383056e-05,9.62360440914608e-08,257.28080728829747,6.681176711254011e-05,6.681176711254011e-05,2.5968429268662964e-07
nonzero_velocity_spirograph,dop853_moderate,DOP853,1e-06,1e-08,0.8847117794486214,10.503414661370183,-5.4150851243909965,10.503413101368013,-5.4150859560908735,1.5600021701089872e-06,8.316998769686279e-07,1.5600021701089872e-06,0.2633393329510769,-0.49688590357528406,0.26333926383670836,-0.4968854807314973,6.911436856160691e-08,4.228437867626056e-07,4.284549730664933e-07,1.374851841817737e-06,257.2807641633795,2.36868491469977e-05,2.36868491469977e-05,9.20661573933804e-08,257.28080373271695,6.325618659275278e-05,6.325618659275278e-05,2.458644454909097e-07
nonzero_velocity_spirograph,dop853_moderate,DOP853,1e-06,1e-08,0.8872180451127819,10.526964477044189,-5.42502222067145,10.526962841483964,-5.4250231657467225,1.6355602241446832e-06,9.450752722628408e-07,1.6355602241446832e-06,0.24276719650144596,-0.5290962875056272,0.2427670083213569,-0.5290959008904482,1.8818008906684724e-07,3.86615178982197e-07,4.2998028157189113e-07,1.4592413608571775e-06,257.2807638983804,2.3421850073646056e-05,2.3421850073646056e-05,9.103615774062436e-08,257.28079759364687,5.7117116512017674e-05,5.7117116512017674e-05,2.220030788399725e-07
nonzero_velocity_spirograph,dop853_moderate,DOP853,1e-06,1e-08,0.8897243107769424,10.550540654213012,-5.435062798034068,10.550538994568987,-5.435063797460927,1.6596440257643508e-06,9.994268586055455e-07,1.6596440257643508e-06,0.22246376699594694,-0.5616005180241406,0.22246348993371134,-0.5616001444510039,2.7706223559853527e-07,3.735731366472095e-07,4.651025379626442e-07,1.497987776821752e-06,257.28076463745214,2.416092178236795e-05,2.416092178236795e-05,9.3908785156703e-08,257.2807901137545,4.963722415141092e-05,4.963722415141092e-05,1.9293019780444436e-07
nonzero_velocity_spirograph,dop853_moderate,DOP853,1e-06,1e-08,0.8922305764411027,10.5741406492559,-5.445220613138967,10.574139034164137,-5.445221587626708,1.615091763440546e-06,9.744877411677066e-07,1.615091763440546e-06,0.20242121010464142,-0.5943964554977796,0.20242089292453647,-0.5943960682014626,3.171801049584033e-07,3.872963170170607e-07,5.006012946012058e-07,1.4737762260574883e-06,257.28076621728536,2.5740755006609106e-05,2.5740755006609106e-05,1.000492884112996e-07,257.2807833941744,4.291764406616494e-05,4.291764406616494e-05,1.668125021199555e-07
nonzero_velocity_spirograph,dop853_moderate,DOP853,1e-06,1e-08,0.894736842105263,10.597762205810955,-5.455509177267982,10.597760708606772,-5.455510043629181,1.4972041828542615e-06,8.663611987813624e-07,1.4972041828542615e-06,0.18263078029974245,-0.6274809836270114,0.18263048106514757,-0.6274805602703237,2.992345948804598e-07,4.233566877065442e-07,5.184324717830947e-07,1.3802882781743797e-06,257.28076816673934,2.7690208980857278e-05,2.7690208980857278e-05,1.0762643534673453e-07,257.2807800123803,3.953584996452264e-05,3.953584996452264e-05,1.5366812879695198e-07
nonzero_velocity_spirograph,dop853_moderate,DOP853,1e-06,1e-08,0.8972431077694235,10.621403395910383,-5.465941712284295,10.62140207858405,-5.465942404190214,1.3173263333499108e-06,6.919059192256327e-07,1.3173263333499108e-06,0.16308288316620512,-0.6608500090851319,0.16308265451244952,-0.6608495397750258,2.286537555962198e-07,4.693101061103988e-07,5.220483843913413e-07,1.2261815003911103e-06,257.28076986504584,2.9388515486061806e-05,2.9388515486061806e-05,1.1422742111060849e-07,257.28078247515714,4.199862678433419e-05,4.199862678433419e-05,1.6324046139849083e-07
nonzero_velocity_spirograph,dop853_moderate,DOP853,1e-06,1e-08,0.899749373433584,10.64506265596075,-5.476531115309343,10.645061552334639,-5.476531604456772,1.103626111387257e-06,4.891474292278986e-07,1.103626111387257e-06,0.14376714028415283,-0.694498467295782,0.1437670115711469,-0.6944979605025655,1.287130059202113e-07,5.067932165037092e-07,5.228827805418647e-07,1.0365222922192885e-06,257.28077076025505,3.0283724697710568e-05,3.0283724697710568e-05,1.1770692451218714e-07,257.28079259418206,5.2117651705430035e-05,5.2117651705430035e-05,2.0257113536325625e-07
nonzero_velocity_spirograph,dop853_moderate,DOP853,1e-06,1e-08,0.9022556390977443,10.668738816341428,-5.487289934064083,10.668737918301407,-5.487290246340028,8.980400210134576e-07,3.1227594554650295e-07,8.980400210134576e-07,0.12467245392082105,-0.7284203340599019,0.12467241451117195,-0.7284198182366777,3.9409649099653166e-08,5.158232242452598e-07,5.17326511125163e-07,8.505003903924724e-07,257.2807705843573,3.0107826944458793e-05,3.0107826944458793e-05,1.1702324429218318e-07,257.28081089048095,7.041395059559363e-05,7.041395059559363e-05,2.736852765005818e-07
nonzero_velocity_spirograph,dop853_moderate,DOP853,1e-06,1e-08,0.9047619047619047,10.69243112339437,-5.49823035482165,10.692430375037832,-5.498230574612557,7.483565376276147e-07,2.1979090725210426e-07,7.483565376276147e-07,0.10578706830243667,-0.7626086425378835,0.10578705847644909,-0.7626081613244049,9.825987579148432e-09,4.812134786202904e-07,4.81313787500157e-07,7.142335683996137e-07,257.28076949204393,2.901551357581411e-05,2.901551357581411e-05,1.1277763552014094e-07,257.2808361444869,9.566795654336602e-05,9.566795654336602e-05,3.7184266636582163e-07
nonzero_velocity_spirograph,dop853_moderate,DOP853,1e-06,1e-08,0.9072681704260651,10.716139252578365,-5.509364204918528,10.716138558170929,-5.509364459270916,6.944074364412245e-07,2.5435238804050186e-07,6.944074364412245e-07,0.0870986237531941,-0.7970555048799646,0.0870985423931665,-0.7970551040478031,8.136002760394945e-08,4.008321614623611e-07,4.0900596053640065e-07,6.674722888844187e-07,257.2807680486968,2.7572166459322034e-05,2.7572166459322034e-05,1.0716762711524153e-07,257.2808652106606,0.0001247341302246241,0.0001247341302246241,4.84817207823617e-07
nonzero_velocity_spirograph,dop853_moderate,DOP853,1e-06,1e-08,0.9097744360902256,10.739863311560962,-5.520702971771262,10.739862564223444,-5.520703384670907,7.473375180921948e-07,4.1289964514135136e-07,7.473375180921948e-07,0.06859419949222711,-0.8317521375731483,0.06859394065273161,-0.8317518423324527,2.5883949550387086e-07,2.952406955580855e-07,3.926384504175827e-07,7.230368045396673e-07,257.28076700008614,2.6523555789026432e-05,2.6523555789026432e-05,1.0309188219802237e-07,257.2808932100412,0.0001527335108448824,0.0001527335108448824,5.936453329619325e-07
nonzero_velocity_spirograph,dop853_moderate,DOP853,1e-06,1e-08,0.9122807017543859,10.763603832021165,-5.5322578403458005,10.763602971098084,-5.532258445942826,8.609230803813261e-07,6.055970258600496e-07,8.609230803813261e-07,0.05026034037345872,-0.8666888893313445,0.05025987420776634,-0.8666886712815222,4.6616569238100425e-07,2.1804982230921865e-07,5.14641795584213e-07,8.378634162586884e-07,257.28076677156685,2.629503649131948e-05,2.629503649131948e-05,1.022036723099301e-07,257.28091420116215,0.00017372463179299302,0.00017372463179299302,6.752337212308378e-07
nonzero_velocity_spirograph,dop853_moderate,DOP853,1e-06,1e-08,0.9147869674185463,10.787361780979204,-5.5440397010111155,10.787360855026563,-5.544040353194015,9.259526407845442e-07,6.521828996852719e-07,9.259526407845442e-07,0.032083111163268896,-0.9018552509035105,0.03208257958021199,-0.9018550039705653,5.315830569063706e-07,2.469329452026159e-07,5.86136866112651e-07,9.059538018107993e-07,257.2807675891219,2.7112591567401978e-05,2.7112591567401978e-05,1.0538134924979059e-07,257.28092241020244,0.00018193367208141353,0.00018193367208141353,7.071406578838336e-07
nonzero_velocity_spirograph,dop853_moderate,DOP853,1e-06,1e-08,0.9172932330827067,10.81113880714374,-5.556058794655722,10.811137803786197,-5.556059444005994,1.0033575428280983e-06,6.493502722193512e-07,1.0033575428280983e-06,0.014048517815100414,-0.9372397297532875,0.014047974140477537,-0.9372393908722682,5.436746228770772e-07,3.388810193571956e-07,6.406422096936043e-07,9.863404417942423e-07,257.2807699462447,2.946971432038481e-05,2.946971432038481e-05,1.1454302512423426e-07,257.280914075668,0.00017359913766767932,0.00017359913766767932,6.747459500705043e-07
nonzero_velocity_spirograph,dop853_moderate,DOP853,1e-06,1e-08,0.9197994987468672,10.834937034617992,-5.568325065382842,10.834935925986862,-5.5683257047335015,1.1086311300090301e-06,6.393506595259169e-07,1.1086311300090301e-06,-0.003857737203841083,-0.9728300049058101,-0.0038582841228022025,-0.9728295392004841,5.469189611195802e-07,4.6570532596934555e-07,7.183326532104295e-07,1.0943580233679917e-06,257.2807698779363,2.940140592500029e-05,2.940140592500029e-05,1.1427752372969536e-07,257.2808899319586,0.00014945542824307267,0.00014945542824307267,5.809040659874278e-07
nonzero_velocity_spirograph,dop853_moderate,DOP853,1e-06,1e-08,0.9223057644110275,10.858759065022445,-5.580848183413389,10.858757856231039,-5.580848801112727,1.2087914065261884e-06,6.176993379014561e-07,1.2087914065261884e-06,-0.02165020185876354,-1.008612930309338,-0.021650744259429033,-1.0086123313673616,5.42400665493048e-07,5.989419764595993e-07,8.080408239022536e-07,1.197495619525979e-06,257.28076859897385,2.812244349570392e-05,2.812244349570392e-05,1.0930644650515263e-07,257.28085832033906,0.00011784380870949462,0.00011784380870949462,4.5803587354120106e-07
nonzero_velocity_spirograph,dop853_moderate,DOP853,1e-06,1e-08,0.9248120300751879,10.882608013135508,-5.593637521063196,10.882606755949741,-5.5936381186860595,1.2571857670451436e-06,5.976228631965341e-07,1.2571857670451436e-06,-0.03934356957867935,-1.04457452050665,-0.039344119489686746,-1.044573841635004,5.49911007396986e-07,6.788716457872823e-07,8.736525782656978e-07,1.2491724928898051e-06,257.28076903451097,2.8557980613186373e-05,2.8557980613186373e-05,1.1099929423512946e-07,257.28083887533666,9.839880630124753e-05,9.839880630124753e-05,3.8245694613205475e-07
nonzero_velocity_spirograph,dop853_moderate,DOP853,1e-06,1e-08,0.9273182957393483,10.906487514756611,-5.6067021740465774,10.90648626548056,-5.606702766979594,1.24927605149594e-06,5.929330164633484e-07,1.24927605149594e-06,-0.05695261518931327,-1.08069994962671,-0.05695319757721129,-1.0806992621172486,5.823878980182329e-07,6.875094613612021e-07,9.010243743757801e-07,1.2443218495028496e-06,257.280773043285,3.2566754669005604e-05,3.2566754669005604e-05,1.2658061621202621e-07,257.2808369580351,9.648150472685302e-05,9.648150472685302e-05,3.750047692965741e-07
nonzero_velocity_spirograph,dop853_moderate,DOP853,1e-06,1e-08,0.9298245614035088,10.930401730254577,-5.620050991175016,10.93040049939024,-5.620051563959801,1.2308643366765182e-06,5.727847849357204e-07,1.2308643366765182e-06,-0.07449213807735977,-1.1169735476248384,-0.07449273500383635,-1.116972848274268,5.969264765814941e-07,6.993505703434266e-07,9.19463125244114e-07,1.2282511875766344e-06,257.28078046146646,3.99849361087945e-05,3.99849361087945e-05,1.5541363894839227e-07,257.28083552743294,9.505090258699056e-05,9.505090258699056e-05,3.6944429812717086e-07
nonzero_velocity_spirograph,dop853_moderate,DOP853,1e-06,1e-08,0.9323308270676691,10.95435534470405,-5.633692611083485,10.954354135847174,-5.633693150993445,1.2088568759338614e-06,5.399099602954038e-07,1.2088568759338614e-06,-0.09197691245318806,-1.153378792272239,-0.09197750760781076,-1.1533780742341189,5.951546226956594e-07,7.180381200733166e-07,9.326241294296623e-07,1.207830066539406e-06,257.2807893601817,4.888365134547712e-05,4.888365134547712e-05,1.900012074550772e-07,257.28083616025305,9.568372269086467e-05,9.568372269086467e-05,3.719039463025532e-07
nonzero_velocity_spirograph,dop853_moderate,DOP853,1e-06,1e-08,0.9348370927318295,10.978353565512714,-5.647635504616879,10.97835237599118,-5.647636014115961,1.1895215337176523e-06,5.094990820353473e-07,1.1895215337176523e-06,-0.10942164428774837,-1.1898982955183994,-0.1094222388293471,-1.1898975598464048,5.945415987307356e-07,7.35671994656073e-07,9.458821260297417e-07,1.1893451476452377e-06,257.28079697241765,5.649588729284005e-05,5.649588729284005e-05,2.1958848217009745e-07,257.2808368091503,9.633261993258202e-05,9.633261993258202e-05,3.744260831734106e-07
nonzero_velocity_spirograph,dop853_moderate,DOP853,1e-06,1e-08,0.9373433583959899,11.002402118442076,-5.661888021509059,11.002400938141552,-5.661888522185326,1.1803005239841013e-06,5.006762675563436e-07,1.1803005239841013e-06,-0.12684093419229825,-1.2265137829682005,-0.1268415529183774,-1.2265130398533828,6.187260791490345e-07,7.431148176806346e-07,9.66975487422334e-07,1.180273016469606e-06,257.28080081928783,6.034275747879292e-05,6.034275747879292e-05,2.345405154191769e-07,257.2808351018897,9.46253593383517e-05,9.46253593383517e-05,3.677902946139243e-07
nonzero_velocity_spirograph,dop853_moderate,DOP853,1e-06,1e-08,0.9398496240601504,11.026507242924579,-5.676458439987007,11.02650605409932,-5.676458969029267,1.1888252586800263e-06,5.29042259778123e-07,1.1888252586800263e-06,-0.1442492451876135,-1.2632060653321018,-0.14424993388220164,-1.2632053295505925,6.886945881356965e-07,7.357815092756681e-07,1.0078068590356867e-06,1.1882565635126796e-06,257.2807996535719,5.917704152125225e-05,5.917704152125225e-05,2.3000960511714048e-07,257.28083000712843,8.953059807481623e-05,8.953059807481623e-05,3.4798795241722875e-07
nonzero_velocity_spirograph,dop853_moderate,DOP853,1e-06,1e-08,0.9423558897243107,11.050675687579815,-5.691355017932583,11.0506744671653,-5.691355618724317,1.2204145161121005e-06,6.007917336958712e-07,1.2204145161121005e-06,-0.16166087397406448,-1.299955000825332,-0.16166168910049927,-1.2999542850181678,8.15126434794422e-07,7.15807164208826e-07,1.0848092002897775e-06,1.2185623363483722e-06,257.2807939425285,5.346599812128261e-05,5.346599812128261e-05,2.0781189459519565e-07,257.28082223191785,8.175538749810585e-05,8.175538749810585e-05,3.177672271413714e-07
nonzero_velocity_spirograph,dop853_moderate,DOP853,1e-06,1e-08,0.9448621553884711,11.074914706832585,-5.706586044234386,11.074913431683083,-5.706586753283556,1.275149502433237e-06,7.090491704886404e-07,1.275149502433237e-06,-0.17908992396719325,-1.3367394476135133,-0.17909091664811516,-1.3367387563100774,9.926809219074073e-07,6.91303435829127e-07,1.209675928961181e-06,1.271138201142108e-06,257.2807857351106,4.5258580257723224e-05,4.5258580257723224e-05,1.7591126399083028e-07,257.2808137998315,7.332330113740682e-05,7.332330113740682e-05,2.849933539587877e-07
nonzero_velocity_spirograph,dop853_moderate,DOP853,1e-06,1e-08,0.9473684210526315,11.099232059535591,-5.722159888962196,11.099230713916166,-5.722160722029808,1.345619425663358e-06,8.33067612227012e-07,1.345619425663358e-06,-0.1965502780073487,-1.3735372055302626,-0.19655147529096884,-1.3735365319894468,1.197283620135714e-06,6.735408157876321e-07,1.3737340709093407e-06,1.3383966944724435e-06,257.2807779043138,3.742778346804698e-05,3.742778346804698e-05,1.4547448595928314e-07,257.2808072095193,6.67329889552093e-05,6.67329889552093e-05,2.5937809737179613e-07
nonzero_velocity_spirograph,dop853_moderate,DOP853,1e-06,1e-08,0.949874686716792,11.123636010499494,-5.738085050996519,11.123634594068372,-5.738085991931117,1.4164311217257364e-06,9.409345977928751e-07,1.4164311217257364e-06,-0.21405556828934558,-1.4103249464299568,-0.214056956038833,-1.4103242734141461,1.3877494874359186e-06,6.730158106371675e-07,1.542335541069536e-06,1.4048325172599796e-06,257.28077292742955,3.245089919801103e-05,3.245089919801103e-05,1.2613030861892775e-07,257.2808045168682,6.40403378611154e-05,6.40403378611154e-05,2.489122883527976e-07
nonzero_velocity_spirograph,dop853_moderate,DOP853,1e-06,1e-08,0.9523809523809523,11.148135335833137,-5.754370201745704,11.148133869256796,-5.7543711981752965,1.466576341258019e-06,9.964295921705002e-07,1.466576341258019e-06,-0.23161914069187317,-1.4470781326888569,-0.2316206540508282,-1.4470774372098347,1.5133589550409e-06,6.954790221502805e-07,1.6655168558299235e-06,1.5133589550409e-06,257.28077157000547,3.109347511554006e-05,3.109347511554006e-05,1.208542662694041e-07,257.2808066173423,6.614081195266408e-05,6.614081195266408e-05,2.570764209950553e-07
nonzero_velocity_spirograph,dop853_moderate,DOP853,1e-06,1e-08,0.9548872180451127,11.172739332996674,-5.771024223583149,11.172737857246391,-5.771025194260375,1.4757502828643965e-06,9.706772257089824e-07,1.4757502828643965e-06,-0.24925401032023442,-1.4837709235328371,-0.24925553959607938,-1.4837701844195483,1.5292758449581e-06,7.391132887946128e-07,1.6985208458082285e-06,1.5292758449581e-06,257.28077207857996,3.160204960295232e-05,3.160204960295232e-05,1.2283099599456852e-07,257.2808129257878,7.244925745908404e-05,7.244925745908404e-05,2.815961168523339e-07
nonzero_velocity_spirograph,dop853_moderate,DOP853,1e-06,1e-08,0.9573934837092731,11.197457836470372,-5.788056241637067,11.19745640075543,-5.788057100877702,1.4357149424881754e-06,8.592406350871329e-07,1.4357149424881754e-06,-0.2669728047139698,-1.5203760690530794,-0.26697422667385695,-1.5203752748920223,1.421959887171198e-06,7.94161057138254e-07,1.6286993907406226e-06,1.421959887171198e-06,257.28077076867896,3.0292148608168645e-05,3.0292148608168645e-05,1.177396666072327e-07,257.2808215558976,8.10793672485488e-05,8.10793672485488e-05,3.151396684352478e-07
nonzero_velocity_spirograph,dop853_moderate,DOP853,1e-06,1e-08,0.9598997493734336,11.222301239941848,-5.805475647565336,11.222299872140985,-5.805476352864558,1.3678008627948657e-06,7.052992216927123e-07,1.3678008627948657e-06,-0.2847876908179129,-1.5568647919749512,-0.2847889377960796,-1.556863945567398,1.2469781667245883e-06,8.464075531566806e-07,1.5071032792507932e-06,1.3327954374586781e-06,257.28076522479836,2.4748268003804696e-05,2.4748268003804696e-05,9.619168523056347e-08,257.28082998721004,8.951067968610005e-05,8.951067968610005e-05,3.4791053352967704e-07
nonzero_velocity_spirograph,dop853_moderate,DOP853,1e-06,1e-08,0.9624060150375939,11.247280522561995,-5.823292117660979,11.247279178273631,-5.8232927435030515,1.3442883641801018e-06,6.258420723881386e-07,1.3442883641801018e-06,-0.3027102873026337,-1.5932066566979644,-0.3027114633315724,-1.5932057714413963,1.17602893867641e-06,8.852565680506075e-07,1.471979366662829e-06,1.3019285602933195e-06,257.28076146609936,2.0989569009088882e-05,2.0989569009088882e-05,8.158235618496905e-08,257.2808360700979,9.559356755062254e-05,9.559356755062254e-05,3.715535308766836e-07
nonzero_velocity_spirograph,dop853_moderate,DOP853,1e-06,1e-08,0.9649122807017543,11.272407115940116,-5.841515842088505,11.272405765410548,-5.841516465442107,1.350529567289982e-06,6.233536016253538e-07,1.350529567289982e-06,-0.32075189929051373,-1.629369407571899,-0.3207531137078329,-1.629368508140152,1.21441731915084e-06,8.994317468591362e-07,1.5112203321526583e-06,1.2991095950654064e-06,257.28076246721565,2.1990685297623713e-05,2.1990685297623713e-05,8.54734997143315e-08,257.28083905445897,9.857792861112102e-05,9.857792861112102e-05,3.831531595740004e-07
nonzero_velocity_spirograph,dop853_moderate,DOP853,1e-06,1e-08,0.9674185463659147,11.297692978882054,-5.860157514892468,11.297691623876178,-5.860158147519354,1.3550058763911466e-06,6.326268859879747e-07,1.3550058763911466e-06,-0.33892339420056294,-1.665318819294655,-0.3389246626645175,-1.6653179152208901,1.2684639545401666e-06,9.040737649623765e-07,1.5576746054490728e-06,1.2936355341386374e-06,257.28076160492685,2.1128396497260837e-05,2.1128396497260837e-05,8.21219515231775e-08,257.2808401313451,9.96548147327303e-05,9.96548147327303e-05,3.8733880564923596e-07
nonzero_velocity_spirograph,dop853_moderate,DOP853,1e-06,1e-08,0.9699248120300752,11.323150646984583,-5.879228229154613,11.323149292359657,-5.879228886759714,1.3546249260087961e-06,6.576051010398487e-07,1.3546249260087961e-06,-0.3572349367924661,-1.7010184544077087,-0.357236279655717,-1.701017559531853,1.3428632509304705e-06,8.948758556392988e-07,1.6137176046959763e-06,1.3428632509304705e-06,257.28076174210855,2.1265578197926516e-05,2.1265578197926516e-05,8.265515000671572e-08,257.2808417440866,0.00010126755626060913,0.00010126755626060913,3.936072170541928e-07
nonzero_velocity_spirograph,dop853_moderate,DOP853,1e-06,1e-08,0.9724310776942355,11.348793206918863,-5.898739580325525,11.34879186163817,-5.898740274827491,1.3452806921776528e-06,6.945019652704332e-07,1.3452806921776528e-06,-0.37569601833853916,-1.7364294697466827,-0.37569744940874616,-1.7364285982221026,1.43107020700306e-06,8.715245800594573e-07,1.6755646901924123e-06,1.43107020700306e-06,257.2807639824013,2.3505870956341823e-05,2.3505870956341823e-05,9.13627305052244e-08,257.2808446526335,0.00010417610315016645,0.00010417610315016645,4.0491217087300634e-07
nonzero_velocity_spirograph,dop853_moderate,DOP853,1e-06,1e-08,0.9749373433583959,11.374634310065254,-5.918703707923944,11.374632979260541,-5.918704431514231,1.3308047126514566e-06,7.235902872437805e-07,1.3308047126514566e-06,-0.39431538803247645,-1.7715103994428105,-0.39431689457762087,-1.7715095500093079,1.506545144414062e-06,8.494335026476563e-07,1.7295130955207748e-06,1.506545144414062e-06,257.28076626899514,2.5792464782625757e-05,2.5792464782625757e-05,1.002502742135049e-07,257.28084531596363,0.00010483943327699308,0.00010483943327699308,4.0749040555002883e-07
nonzero_velocity_spirograph,dop853_moderate,DOP853,1e-06,1e-08,0.9774436090225563,11.400688170493918,-5.939133313687801,11.400686850907118,-5.939134060180249,1.3195868007187528e-06,7.464924483002733e-07,1.3195868007187528e-06,-0.41310094956073684,-1.806216891383605,-0.41310252375725787,-1.8062160562994554,1.5741965210258613e-06,8.350841496085337e-07,1.7819821053358905e-06,1.5741965210258613e-06,257.28076693373606,2.6457205706265086e-05,2.6457205706265086e-05,1.0283399238225748e-07,257.2808452798503,0.00010480331997086978,0.00010480331997086978,4.073500401808356e-07
nonzero_velocity_spirograph,dop853_moderate,DOP853,1e-06,1e-08,0.9799498746867168,11.426969548761877,-5.960041658202309,11.426968221798234,-5.960042402694985,1.3269636429669163e-06,7.444926763966464e-07,1.3269636429669163e-06,-0.43205962499682715,-1.8405014045537873,-0.43206123878959435,-1.8405005537809453,1.6137927671966423e-06,8.507728419537841e-07,1.8243194687505571e-06,1.6137927671966423e-06,257.2807676596343,2.7183103952665988e-05,2.7183103952665988e-05,1.0565541712262634e-07,257.28084537754586,0.00010490101550431064,0.00010490101550431064,4.0772976364268477e-07
nonzero_velocity_spirograph,dop853_moderate,DOP853,1e-06,1e-08,0.9824561403508771,11.453493722997223,-5.981442538030384,11.453492360373932,-5.981443242727465,1.36262329064607e-06,7.046970811330766e-07,1.36262329064607e-06,-0.4511971881744511,-1.8743128750029467,-0.45119879985443656,-1.8743119669019905,1.6116799854692943e-06,9.081009562095232e-07,1.8499080307493546e-06,1.6116799854692943e-06,257.28077289211024,3.241557988076238e-05,3.241557988076238e-05,1.2599302932945106e-07,257.28084661264637,0.0001061361160168417,0.0001061361160168417,4.1253035816151047e-07
nonzero_velocity_spirograph,dop853_moderate,DOP853,1e-06,1e-08,0.9849624060150375,11.480276448741234,-6.00335024537069,11.480275027489895,-6.0033508795966695,1.4212513388400794e-06,6.342259792901928e-07,1.4212513388400794e-06,-0.47051806972636867,-1.9075963584869122,-0.4705196462831385,-1.9075953637004968,1.576556769855575e-06,9.94786415464688e-07,1.8641703948326523e-06,1.576556769855575e-06,257.28078545857187,4.498204151559548e-05,4.498204151559548e-05,1.748364118988488e-07,257.28084805924016,0.00010758270980204543,0.00010758270980204543,4.181529857337274e-07
nonzero_velocity_spirograph,dop853_moderate,DOP853,1e-06,1e-08,0.9874686716791979,11.507333909019025,-6.025779512268609,11.507332431051227,-6.025780078474266,1.4779677979248618e-06,5.662056574706753e-07,1.4779677979248618e-06,-0.49002513604350306,-1.9402926581025421,-0.490026681148327,-1.9402915856958116,1.545104823919008e-06,1.0724067305289964e-06,1.880799062255636e-06,1.545104823919008e-06,257.2808009188124,6.044228206292246e-05,6.044228206292246e-05,2.3492734804390118e-07,257.2808479005144,0.00010742398404772757,0.00010742398404772757,4.175360497204687e-07
nonzero_velocity_spirograph,dop853_moderate,DOP853,1e-06,1e-08,0.9899749373433584,11.534682656109474,-6.048745441405407,11.534681160119748,-6.048745990855862,1.495989726763014e-06,5.494504549119483e-07,1.495989726763014e-06,-0.50971944451435,-1.972337945476176,-0.509721014141262,-1.9723368531212604,1.569626912001354e-06,1.0923549156327539e-06,1.912320031947045e-06,1.569626912001354e-06,257.2808057987217,6.532219134669504e-05,6.532219134669504e-05,2.538946025485878e-07,257.28084559461223,0.00010511808187629867,0.00010511808187629867,4.0857345824487686e-07
nonzero_velocity_spirograph,dop853_moderate,DOP853,1e-06,1e-08,0.9924812030075187,11.562339546485152,-6.072263425490928,11.562338092110593,-6.072264037096514,1.4543745585626766e-06,6.116055857319225e-07,1.4543745585626766e-06,-0.5295999775489896,-2.0036633842674427,-0.5296016554875065,-2.0036623493648786,1.6779385169085614e-06,1.0349025640898901e-06,1.971421056924454e-06,1.6779385169085614e-06,257.28078710834814,4.663181778141734e-05,4.663181778141734e-05,1.812487700985577e-07,257.28084286041314,0.00010238388279049104,0.00010238388279049104,3.9794616029500546e-07
nonzero_velocity_spirograph,dop853_moderate,DOP853,1e-06,1e-08,0.9949874686716791,11.590321670392889,-6.0963490572850745,11.590320266693828,-6.0963497428062405,1.4036990609866962e-06,6.855211660550253e-07,1.4036990609866962e-06,-0.5496633580744031,-2.0341947649033214,-0.5496651549519582,-2.0341937932369407,1.79687755508251e-06,9.71666380689129e-07,2.042768832570345e-06,1.79687755508251e-06,257.2807620639139,2.1587383571386454e-05,2.1587383571386454e-05,8.39059446556424e-08,257.28084218457604,0.00010170804569042957,0.00010170804569042957,3.953193134552082e-07
nonzero_velocity_spirograph,dop853_moderate,DOP853,1e-06,1e-08,0.9974937343358395,11.61864613074168,-6.121017838267143,11.61864472001685,-6.121018520901253,1.410724831174548e-06,6.82634110127367e-07,1.410724831174548e-06,-0.5699033478810862,-2.0638519933470594,-0.5699051816007183,-2.0638510130356424,1.8337196321382976e-06,9.803114169315563e-07,2.0793119447201206e-06,1.8337196321382976e-06,257.28076195963587,2.1483105513198097e-05,2.1483105513198097e-05,8.350063620544434e-08,257.280843611244,0.00010313471364042925,0.00010313471364042925,4.008644931968291e-07
nonzero_velocity_spirograph,dop853_moderate,DOP853,1e-06,1e-08,1.0,11.647329692049299,-6.1462847135195116,11.647328272863312,-6.146285391106661,1.419185986506477e-06,6.775871490560803e-07,1.419185986506477e-06,-0.5903101742587362,-2.0925485319234984,-0.5903120419831661,-2.0925475423498834,1.8677244298936913e-06,9.895736150511425e-07,2.1136817370709105e-06,1.8677244298936913e-06,257.2807619597025,2.1483172133685002e-05,2.1483172133685002e-05,8.350089514626821e-08,257.28084416696123,0.00010369043087621321,0.00010369043087621321,4.0302445757952897e-07
