case_name,solver_config,solver_method,rtol,atol,t,lagrangian_theta1_rad,lagrangian_theta2_rad,hamiltonian_theta1_rad,hamiltonian_theta2_rad,abs_theta1_diff_rad,abs_theta2_diff_rad,max_abs_theta_diff_rad,lagrangian_x2,lagrangian_y2,hamiltonian_x2,hamiltonian_y2,abs_x2_diff,abs_y2_diff,second_bob_position_diff,max_bob_position_abs_diff,lagrangian_energy,lagrangian_energy_abs_drift,lagrangian_energy_signed_drift,lagrangian_energy_relative_drift,hamiltonian_energy,hamiltonian_energy_abs_drift,hamiltonian_energy_signed_drift,hamiltonian_energy_relative_drift
screenshot_like_simple_start,dop853_reference,DOP853,1e-11,1e-13,0.0,0.0,1.0471975511965976,0.0,1.0471975511965976,0.0,0.0,0.0,0.8660254037844386,-1.5,0.8660254037844386,-1.5,0.0,0.0,0.0,0.0,-24.525000000000002,0.0,0.0,0.0,-24.525000000000002,0.0,0.0,0.0
screenshot_like_simple_start,dop853_reference,DOP853,1e-11,1e-13,0.0050062578222778474,3.0420982598302837e-05,1.0470758786620904,3.0420982598305927e-05,1.0470758786620906,3.0899761915836876e-18,2.220446049250313e-16,2.220446049250313e-16,0.8659949820895196,-1.5001053673417966,0.8659949820895197,-1.5001053673417966,1.1102230246251565e-16,0.0,1.1102230246251565e-16,1.1102230246251565e-16,-24.525000000000002,0.0,0.0,0.0,-24.525000000000002,0.0,0.0,0.0
screenshot_like_simple_start,dop853_reference,DOP853,1e-11,1e-13,0.010012515644555695,0.00012172193385381297,1.0467108457877494,0.0001217219338538174,1.0467108457877494,4.431676380034499e-18,0.0,4.431676380034499e-18,0.8659036704501953,-1.5004214326029288,0.8659036704501953,-1.5004214326029288,0.0,0.0,0.0,4.431676380034499e-18,-24.525000000000002,0.0,0.0,0.0,-24.525000000000002,0.0,0.0,0.0
screenshot_like_simple_start,dop853_reference,DOP853,1e-11,1e-13,0.015018773466833543,0.0002740168620736622,1.0461024067118883,0.0002740168622617433,1.0461024067115696,1.880811045101849e-13,3.1863400806741993e-13,3.1863400806741993e-13,0.8657513291801563,-1.5009480853770416,0.8657513291801847,-1.5009480853773174,2.842170943040401e-14,2.757793993168889e-13,2.772400956833812e-13,2.757793993168889e-13,-24.524999999997142,2.8599345114344032e-12,2.8599345114344032e-12,1.1661302798917035e-13,-24.525000000000027,2.4868995751603507e-14,-2.4868995751603507e-14,-1.0140263303406117e-15
screenshot_like_simple_start,dop853_reference,DOP853,1e-11,1e-13,0.02002503128911139,0.00048749577532001176,1.0452504848322681,0.0004874957756218624,1.0452504848318336,3.0185066685756157e-13,4.3454129183828627e-13,4.3454129183828627e-13,0.8655377253935752,-1.5016851412763215,0.8655377253936591,-1.5016851412766972,8.393286066166183e-14,3.7569947153315297e-13,3.849608006136993e-13,3.7569947153315297e-13,-24.524999999996222,3.780087354243733e-12,3.780087354243733e-12,1.54132002211773e-13,-24.52500000000004,3.907985046680551e-14,-3.907985046680551e-14,-1.5934699476781043e-15
screenshot_like_simple_start,dop853_reference,DOP853,1e-11,1e-13,0.025031289111389236,0.0007624246709258893,1.0441549725604837,0.0007624246713059705,1.0441549725598598,3.800811661930359e-13,6.23945339839338e-13,6.23945339839338e-13,0.865262532891817,-1.502632341361395,0.8652625328918834,-1.502632341361934,6.639133687258436e-14,5.39124300757976e-13,5.43196853156851e-13,5.39124300757976e-13,-24.52499999999437,5.631051180898794e-12,5.631051180898794e-12,2.296045333699814e-13,-24.525000000000134,1.3145040611561853e-13,-1.3145040611561853e-13,-5.359853460371805e-15
screenshot_like_simple_start,dop853_reference,DOP853,1e-11,1e-13,0.030037546933667086,0.0010991455213764994,1.042815730976166,0.001099145522154316,1.0428157309745671,7.778166132010877e-13,1.5989432000651504e-12,1.5989432000651504e-12,0.8649253320038609,-1.5037893513424365,0.8649253320038333,-1.503789351343817,2.7644553313166398e-14,1.3804513088189196e-12,1.3807280823347343e-12,1.3804513088189196e-12,-24.524999999984647,1.5354828519775765e-11,1.5354828519775765e-11,6.260888285331606e-13,-24.525000000000237,2.3447910280083306e-13,-2.3447910280083306e-13,-9.560819686068625e-15
screenshot_like_simple_start,dop853_reference,DOP853,1e-11,1e-13,0.03504380475594493,0.0014980762563456436,1.041232589382244,0.0014980762576128522,1.0412325893795256,1.2672085603071537e-12,2.7184920980971583e-12,2.7184920980971583e-12,0.8645256093803007,-1.5051557605479702,0.8645256093801946,-1.5051557605503145,1.0602629885170245e-13,2.3443469387984806e-12,2.3467433062655143e-12,2.3443469387984806e-12,-24.524999999973275,2.672706500561617e-11,2.672706500561617e-11,1.089788583307489e-12,-24.525000000000166,1.6342482922482304e-13,-1.6342482922482304e-13,-6.663601599381163e-15
screenshot_like_simple_start,dop853_reference,DOP853,1e-11,1e-13,0.04005006257822278,0.001959710738348484,1.039405344765801,0.0019597107395011386,1.0394053447633937,1.1526547945284182e-12,2.4071855619922644e-12,2.4071855619922644e-12,0.864062757739975,-1.5067310806543084,0.8640627577399078,-1.5067310806563814,6.716849298982197e-14,2.0730084315800923e-12,2.0740963246321705e-12,2.0730084315800923e-12,-24.52499999997547,2.453148795211746e-11,2.453148795211746e-11,1.0002645444288463e-12,-24.52500000000002,1.7763568394002505e-14,-1.7763568394002505e-14,-7.243045216718656e-16
screenshot_like_simple_start,dop853_reference,DOP853,1e-11,1e-13,0.04505632040050063,0.002484618731542555,1.0373337611648228,0.0024846187314969716,1.0373337611650535,4.558332877824256e-14,2.3070434451710753e-13,2.3070434451710753e-13,0.8635360755681334,-1.5085147441715425,0.8635360755682051,-1.508514744171344,7.172040739078511e-14,1.98507876802978e-13,2.1106679982680002e-13,1.98507876802978e-13,-24.52499999999911,8.917311333789257e-13,8.917311333789257e-13,3.636008698792765e-14,-24.525000000000052,4.973799150320701e-14,-4.973799150320701e-14,-2.0280526606812234e-15
screenshot_like_simple_start,dop853_reference,DOP853,1e-11,1e-13,0.05006257822277847,0.0030734458632312384,1.0350175689410932,0.0030734458614297567,1.0350175689449854,1.8014817068645606e-12,3.892219879730874e-12,3.892219879730874e-12,0.8629447667649354,-1.5105061026813311,0.8629447667651209,-1.51050610267799,1.8551826741486366e-13,3.341105170306946e-12,3.346251751825678e-12,3.341105170306946e-12,-24.525000000030886,3.0883740009812755e-11,-3.0883740009812755e-11,-1.2592758413787055e-12,-24.525000000000084,8.171241461241152e-14,-8.171241461241152e-14,-3.3318007996905816e-15
screenshot_like_simple_start,dop853_reference,DOP853,1e-11,1e-13,0.05506883604505632,0.0037269135776238907,1.032456463959482,0.003726913575203107,1.032456463964512,2.4207836256395776e-12,5.029976435366734e-12,5.029976435366734e-12,0.8622879402429972,-1.5127044248210124,0.8622879402431554,-1.5127044248167028,1.582067810090848e-13,4.309663736989933e-12,4.312566626903669e-12,4.309663736989933e-12,-24.525000000040276,4.027356226288248e-11,-4.027356226288248e-11,-1.6421432115344536e-12,-24.525000000000396,3.943512183468556e-13,-3.943512183468556e-13,-1.6079560381115414e-14
screenshot_like_simple_start,dop853_reference,DOP853,1e-11,1e-13,0.06007509386733417,0.0044458190814068215,1.0296501066738888,0.004445819080555111,1.0296501066755244,8.517101954264028e-13,1.6355805598777806e-12,1.6355805598777806e-12,0.8615646094726327,-1.5151088940078234,0.8615646094726236,-1.5151088940064255,9.103828801926284e-15,1.3979928326079971e-12,1.3980224746842185e-12,1.3979928326079971e-12,-24.525000000013563,1.3560708111981512e-11,-1.3560708111981512e-11,-5.529340718443022e-13,-24.525000000000475,4.725109192804666e-13,-4.725109192804666e-13,-1.9266500276471626e-14
screenshot_like_simple_start,dop853_reference,DOP853,1e-11,1e-13,0.06508135168961202,0.00523103527919706,1.02659812112299,0.005231035279134835,1.0265981211230608,6.222453108328807e-14,7.083222897108499e-14,7.083222897108499e-14,0.8607736919734004,-1.5177186058938028,0.8607736919733748,-1.5177186058937426,2.55351295663786e-14,6.017408793468348e-14,6.536791032871376e-14,6.222366372155008e-14,-24.52500000000098,9.769962616701378e-13,-9.769962616701378e-13,-3.983674869195261e-14,-24.52500000000003,2.842170943040401e-14,-2.842170943040401e-14,-1.1588872346749849e-15
screenshot_like_simple_start,dop853_reference,DOP853,1e-11,1e-13,0.07008760951188986,0.006083510684357854,1.0233000938642578,0.0060835106844345024,1.023300093864156,7.664875678603522e-14,1.0169642905566434e-13,1.0169642905566434e-13,0.8599140087511852,-1.5205325655196755,0.8599140087512088,-1.520532565519762,2.3647750424515834e-14,8.637535131583718e-14,8.955399161999695e-14,8.637535131583718e-14,-24.52499999999963,3.730349362740526e-13,3.730349362740526e-13,1.5210394955109177e-14,-24.524999999999935,6.750155989720952e-14,6.750155989720952e-14,2.752357182353089e-15
screenshot_like_simple_start,dop853_reference,DOP853,1e-11,1e-13,0.07509386733416772,0.007004269322250105,1.0197555728075598,0.007004269322575837,1.0197555728071264,3.25732496531117e-13,4.334310688136611e-13,4.334310688136611e-13,0.8589842836771665,-1.5235496841927947,0.8589842836772653,-1.5235496841931617,9.880984919163893e-14,3.6703973194107675e-13,3.801072889601723e-13,3.6703973194107675e-13,-24.524999999995764,4.238387418808998e-12,4.238387418808998e-12,1.7281905887090713e-13,-24.525000000000023,2.1316282072803006e-14,-2.1316282072803006e-14,-8.691654260062386e-16
screenshot_like_simple_start,dop853_reference,DOP853,1e-11,1e-13,0.08010012515644556,0.007994410611935456,1.0159640659772526,0.00799441061329089,1.0159640659754359,1.3554348615718581e-12,1.8167689574966062e-12,1.8167689574966062e-12,0.8579831428087673,-1.5267687760555564,0.8579831428091655,-1.5267687760570896,3.9823699893304365e-13,1.5332179970073412e-12,1.5840928425021055e-12,1.5332179970073412e-12,-24.52499999998006,1.9941381879107212e-11,1.9941381879107212e-11,8.131042560288363e-13,-24.52500000000013,1.2789769243681803e-13,-1.2789769243681803e-13,-5.214992556037432e-15
screenshot_like_simple_start,dop853_reference,DOP853,1e-11,1e-13,0.0851063829787234,0.0090551092248988,1.011925040204297,0.009055109226739196,1.0119250402018283,1.8403958912394103e-12,2.468691917556498e-12,2.468691917556498e-12,0.8569091136514906,-1.530188554333581,0.8569091136520218,-1.5301885543356573,5.312417172831374e-13,2.0763391006539678e-12,2.143222299036305e-12,2.0763391006539678e-12,-24.524999999973186,2.681588284758618e-11,2.681588284758618e-11,1.0934101059158483e-12,-24.525000000000524,5.222489107836736e-13,-5.222489107836736e-13,-2.1294552937152847e-14
screenshot_like_simple_start,dop853_reference,DOP853,1e-11,1e-13,0.09011264080100126,0.010187614911559307,1.0076379197593401,0.010187614911502428,1.0076379197593999,5.687811333032755e-14,5.972999872483342e-14,5.972999872483342e-14,0.8557606243580097,-1.5338076272443515,0.8557606243579847,-1.5338076272443018,2.4980018054066022e-14,4.973799150320701e-14,5.565850429857559e-14,5.68746438833756e-14,-24.524999999996655,3.346656285430072e-12,3.346656285430072e-12,1.3645897188297948e-13,-24.525000000000144,1.4210854715202004e-13,-1.4210854715202004e-13,-5.794436173374925e-15
screenshot_like_simple_start,dop853_reference,DOP853,1e-11,1e-13,0.0951188986232791,0.01139325229199238,1.003102084932253,0.011393252288722143,1.0031020849366177,3.2702365121428656e-12,4.3647307990113404e-12,4.3647307990113404e-12,0.854536002864149,-1.5376244935510877,0.8545360028632258,-1.5376244935474448,9.231504449758177e-13,3.642863788400064e-12,3.758013215103895e-12,3.642863788400064e-12,-24.52500000003341,3.340616672176111e-11,-3.340616672176111e-11,-1.3621270834561104e-12,-24.524999999999768,2.3447910280083306e-13,2.3447910280083306e-13,9.560819686068625e-15
screenshot_like_simple_start,dop853_reference,DOP853,1e-11,1e-13,0.10012515644555695,0.012673420608544414,0.9983168705614303,0.012673420605128468,0.9983168705660063,3.4159463452310135e-12,4.576006240597508e-12,4.576006240597508e-12,0.8532334759619633,-1.5416375377478873,0.8532334759610265,-1.541637537744084,9.36806188178707e-13,3.803179993155936e-12,3.916858932174033e-12,3.803179993155936e-12,-24.525000000034755,3.47526452060265e-11,-3.47526452060265e-11,-1.4170293661988378e-12,-24.525000000000002,0.0,0.0,0.0
screenshot_like_simple_start,dop853_reference,DOP853,1e-11,1e-13,0.1051314142678348,0.014029593438022205,0.9932815645161615,0.014029593437713036,0.9932815645165832,3.0916935678249047e-13,4.2177372705509697e-13,4.2177372705509697e-13,0.8518511683106146,-1.5458450248615772,0.8518511683105356,-1.545845024861228,7.893685705084863e-14,3.490541189421492e-13,3.578684190474848e-13,3.490541189421492e-13,-24.525000000005527,5.524469770534779e-12,-5.524469770534779e-12,-2.252587062399502e-13,-24.52500000000006,5.684341886080802e-14,-5.684341886080802e-14,-2.3177744693499697e-15
screenshot_like_simple_start,dop853_reference,DOP853,1e-11,1e-13,0.11013767209011265,0.015463318341399702,0.9879954061617677,0.015463318341251916,0.9879954061619783,1.4778629708889213e-13,2.106093077713922e-13,2.106093077713922e-13,0.8503871013810834,-1.5502450948334001,0.8503871013810516,-1.5502450948332265,3.186340080674199e-14,1.7363888105137448e-13,1.7653820358139046e-13,1.7363888105137448e-13,-24.525000000004045,4.04298816647497e-12,-4.04298816647497e-12,-1.648517091325166e-13,-24.52500000000067,6.679101716144942e-13,-6.679101716144942e-13,-2.7233850014862145e-14
screenshot_like_simple_start,dop853_reference,DOP853,1e-11,1e-13,0.11514392991239049,0.016976216427248007,0.9824575848394713,0.016976216427220088,0.9824575848395252,2.7918639622370733e-14,5.384581669432009e-14,5.384581669432009e-14,0.848839192331865,-1.5548357564421225,0.8488391923318669,-1.5548357564420783,1.887379141862766e-15,4.418687638008123e-14,4.422716636021032e-14,4.418687638008123e-14,-24.52500000000191,1.907807245515869e-12,-1.907807245515869e-12,-7.779030562755837e-14,-24.52500000000029,2.877698079828406e-13,-2.877698079828406e-13,-1.1733733251084222e-14
screenshot_like_simple_start,dop853_reference,DOP853,1e-11,1e-13,0.12015018773466835,0.018569981862201382,0.9766672383165658,0.018569981862741412,0.9766672383159115,5.400298264124359e-13,6.542544284116047e-13,6.542544284116047e-13,0.8472052528290702,-1.5596148807930326,0.847205252829244,-1.5596148807935646,1.73749903353837e-13,5.32018873400375e-13,5.596723242841939e-13,5.399361513447332e-13,-24.52499999999347,6.533440455314121e-12,6.533440455314121e-12,2.6639920307091216e-13,-24.524999999999583,4.192202140984591e-13,4.192202140984591e-13,1.7093586711456028e-14
screenshot_like_simple_start,dop853_reference,DOP853,1e-11,1e-13,0.1251564455569462,0.02024638127388356,0.9706234512801715,0.02024638127401791,0.970623451280024,1.3435086376745176e-13,1.474376176702208e-13,1.474376176702208e-13,0.8454829878020892,-1.5645801942999926,0.8454829878021403,-1.5645801943001116,5.10702591327572e-14,1.1901590823981678e-13,1.295104543349125e-13,1.3432310819183613e-13,-24.52499999999872,1.2825296380469808e-12,1.2825296380469808e-12,5.2294786464708695e-14,-24.524999999999988,1.4210854715202004e-14,1.4210854715202004e-14,5.794436173374924e-16
screenshot_like_simple_start,dop853_reference,DOP853,1e-11,1e-13,0.13016270337922403,0.022007253039122,0.9643252538835073,0.022007253037470923,0.96432525388559,1.6510785794121574e-12,2.082667371894331e-12,2.082667371894331e-12,0.8436699941404646,-1.5697292711418656,0.843669994140001,-1.5697292711401907,4.636291350834654e-13,1.6748824549495112e-12,1.7378674324573619e-12,1.6748824549495112e-12,-24.525000000017428,1.7426060594516457e-11,-1.7426060594516457e-11,-7.105427357601001e-13,-24.525000000000055,5.3290705182007514e-14,-5.3290705182007514e-14,-2.1729135650155968e-15
screenshot_like_simple_start,dop853_reference,DOP853,1e-11,1e-13,0.13516896120150187,0.02385450644086961,0.9577716203675486,0.023854506439675176,0.9577716203690732,1.1944334410429747e-12,1.524558257415265e-12,1.524558257415265e-12,0.8417637593377848,-1.5750595251637824,0.8417637593374679,-1.575059525162564,3.168576512280197e-13,1.2183587472236468e-12,1.2588871307937465e-12,1.2183587472236468e-12,-24.525000000013716,1.3713474800169934e-11,-1.3713474800169934e-11,-5.591630907306802e-13,-24.5250000000009,8.988365607365267e-13,-8.988365607365267e-13,-3.6649808796596397e-14
screenshot_like_simple_start,dop853_reference,DOP853,1e-11,1e-13,0.14017521902377972,0.02579012068173841,0.9509614677750532,0.025790120681504804,0.950961467775366,2.3360480216894075e-13,3.128608483393691e-13,3.128608483393691e-13,0.8397616600917456,-1.5805682011994582,0.8397616600916937,-1.5805682011992097,5.184741524999481e-14,2.4846791291111003e-13,2.538197356678719e-13,2.4846791291111003e-13,-24.525000000005374,5.3717030823463574e-12,-5.3717030823463574e-12,-2.1902968735357214e-13,-24.525000000000258,2.5579538487363607e-13,-2.5579538487363607e-13,-1.0429985112074864e-14
screenshot_like_simple_start,dop853_reference,DOP853,1e-11,1e-13,0.1451814768460576,0.027816143701743797,0.9438936548247097,0.02781614370150253,0.9438936548250303,2.4126534103885433e-13,3.206324095117452e-13,3.206324095117452e-13,0.8376609608612241,-1.5862523657518148,0.837660960861171,-1.586252365751562,5.306866057708248e-14,2.5290880500961066e-13,2.584166139915057e-13,2.5290880500961066e-13,-24.525000000004926,4.924061158817494e-12,-4.924061158817494e-12,-2.0077721340744112e-13,-24.524999999999448,5.542233338928781e-13,5.542233338928781e-13,2.2598301076162207e-14
screenshot_like_simple_start,dop853_reference,DOP853,1e-11,1e-13,0.15018773466833543,0.029934690785619583,0.9365669809665766,0.02993469078584224,0.9365669809663358,2.2265522758857514e-13,2.4080737404119645e-13,2.4080737404119645e-13,0.8354588123961435,-1.5921088970093065,0.8354588123962233,-1.5921088970094939,7.982503547054876e-14,1.8740564655672642e-13,2.03698091913545e-13,2.225546136269685e-13,-24.52499999999956,4.405364961712621e-13,4.405364961712621e-13,1.7962752137462266e-14,-24.524999999999935,6.750155989720952e-14,6.750155989720952e-14,2.752357182353089e-15
screenshot_like_simple_start,dop853_reference,DOP853,1e-11,1e-13,0.15519399249061328,0.032147942929882906,0.9289801856590549,0.03214794292971587,0.9289801856592846,1.670330540548548e-13,2.297051437949449e-13,2.297051437949449e-13,0.8331522502551229,-1.5981344741626957,0.8331522502550934,-1.5981344741625172,2.942091015256665e-14,1.7852386235972517e-13,1.8093191920178015e-13,1.7852386235972517e-13,-24.525000000004024,4.021671884402167e-12,-4.021671884402167e-12,-1.6398254370651037e-13,-24.525000000000063,6.039613253960852e-14,-6.039613253960852e-14,-2.462635373684343e-15
screenshot_like_simple_start,dop853_reference,DOP853,1e-11,1e-13,0.16020025031289112,0.03445814491054189,0.9211319479446538,0.034458144909297224,0.9211319479462124,1.244664094013359e-12,1.5586421042712573e-12,1.5586421042712573e-12,0.8307381933231632,-1.6043255659620796,0.8307381933228621,-1.6043255659608815,3.0109248427834245e-13,1.198152688175469e-12,1.2354054185857395e-12,1.243921632365641e-12,-24.52500000001415,1.4146905868983595e-11,-1.4146905868983595e-11,-5.768361210594737e-13,-24.52500000000025,2.4868995751603507e-13,-2.4868995751603507e-13,-1.0140263303406118e-14
screenshot_like_simple_start,dop853_reference,DOP853,1e-11,1e-13,0.16520650813516896,0.036867603015401686,0.9130208863741411,0.03686760301510901,0.9130208863745317,2.92675605972903e-13,3.9057646006313007e-13,3.9057646006313007e-13,0.8282134423540733,-1.6106784184811236,0.8282134423540197,-1.6106784184808254,5.362377208939506e-14,2.9820590441431705e-13,3.029888947810731e-13,2.9820590441431705e-13,-24.52500000000634,6.338041202980094e-12,-6.338041202980094e-12,-2.584318533325216e-13,-24.524999999999665,3.375077994860476e-13,3.375077994860476e-13,1.3761785911765445e-14
screenshot_like_simple_start,dop853_reference,DOP853,1e-11,1e-13,0.1702127659574468,0.03937868239304394,0.904645559343733,0.03937868239282951,0.9046455593440214,2.1443263831244508e-13,2.8832491949515315e-13,2.8832491949515315e-13,0.8255746785651443,-1.6171890420496502,0.8255746785651082,-1.617189042049432,3.608224830031759e-14,2.1826984664130578e-13,2.212321283069548e-13,2.1826984664130578e-13,-24.525000000005846,5.844214001626824e-12,-5.844214001626824e-12,-2.382961876300438e-13,-24.52499999999993,7.105427357601002e-14,7.105427357601002e-14,2.8972180866874623e-15
screenshot_like_simple_start,dop853_reference,DOP853,1e-11,1e-13,0.17521902377972465,0.04199380392682096,0.8960044659651848,0.04199380392694374,0.8960044659650611,1.227767887357345e-13,1.2367884494324244e-13,1.2367884494324244e-13,0.8228184623088631,-1.6238531972817212,0.8228184623089085,-1.6238531972818127,4.54081217071689e-14,9.14823772291129e-14,1.0213188953731728e-13,1.226727053271759e-13,-24.525000000002002,2.000177801164682e-12,-2.000177801164682e-12,-8.155668914025206e-14,-24.525000000000052,4.973799150320701e-14,-4.973799150320701e-14,-2.0280526606812234e-15
screenshot_like_simple_start,dop853_reference,DOP853,1e-11,1e-13,0.18022528160200252,0.04471544059577302,0.8870960475238503,0.0447154405957389,0.8870960475239087,3.412548021941575e-14,5.839773109528323e-14,5.839773109528323e-14,0.8199412318690122,-1.630666380185928,0.819941231869015,-1.6306663801858843,2.7755575615628914e-15,4.374278717023117e-14,4.383075574522631e-14,4.374278717023117e-14,-24.52500000000406,4.057199021190172e-12,-4.057199021190172e-12,-1.654311527498541e-13,-24.52500000000042,4.192202140984591e-13,-4.192202140984591e-13,-1.7093586711456028e-14
screenshot_like_simple_start,dop853_reference,DOP853,1e-11,1e-13,0.18523153942428036,0.04754611321409365,0.8779186896672313,0.04754611321296446,0.8779186896686385,1.129187021664535e-12,1.407207683712386e-12,1.407207683712386e-12,0.8169393024210708,-1.637623806289938,0.8169393024208418,-1.6376238062889088,2.290390099801698e-13,1.0291767438275201e-12,1.0543546073917036e-12,1.127910265186216e-12,-24.525000000013005,1.3002932064409833e-11,-1.3002932064409833e-11,-5.301909098638056e-13,-24.52499999999958,4.227729277772596e-13,4.227729277772596e-13,1.72384476157904e-14
screenshot_like_simple_start,dop853_reference,DOP853,1e-11,1e-13,0.1902377972465582,0.050488385462190095,0.8684707254423997,0.05048838546197952,0.8684707254426846,2.1057461330187266e-13,2.8488322811881517e-13,2.8488322811881517e-13,0.8138088652149308,-1.6447203937450048,0.8138088652149045,-1.644720393744798,2.631228568361621e-14,2.0672352718520415e-13,2.083913459570432e-13,2.1030399643962028e-13,-24.525000000006212,6.210143510543276e-12,-6.210143510543276e-12,-2.532168607764842e-13,-24.524999999999906,9.592326932761353e-14,9.592326932761353e-14,3.911244417028074e-15
screenshot_like_simple_start,dop853_reference,DOP853,1e-11,1e-13,0.19524405506883605,0.05354485811201879,0.8587504393146541,0.05354485811189162,0.8587504393148226,1.2716910857690777e-13,1.6853185513809876e-13,1.6853185513809876e-13,0.8105459870482465,-1.6519507453829834,0.8105459870482297,-1.6519507453828626,1.687538997430238e-14,1.2079226507921703e-13,1.2196536430377528e-13,1.2698869733540619e-13,-24.525000000005612,5.609734898825991e-12,-5.609734898825991e-12,-2.2873536794397514e-13,-24.524999999999967,3.552713678800501e-14,3.552713678800501e-14,1.4486090433437312e-15
screenshot_like_simple_start,dop853_reference,DOP853,1e-11,1e-13,0.2002503128911139,0.05671816229332964,0.8487560723711773,0.05671816229391318,0.8487560723704756,5.835401606368862e-13,7.017719738655614e-13,7.017719738655614e-13,0.8071466101028388,-1.6593091296679803,0.8071466101029576,-1.6593091296684739,1.1879386363489175e-13,4.936051567483446e-13,5.076987618715089e-13,5.826034099598587e-13,-24.52499999999915,8.526512829121202e-13,8.526512829121202e-13,3.476661704024955e-14,-24.525000000000254,2.5224267119483557e-13,-2.5224267119483557e-13,-1.0285124207740491e-14
screenshot_like_simple_start,dop853_reference,DOP853,1e-11,1e-13,0.20525657071339173,0.060010951695919496,0.8384858288564562,0.060010951695739084,0.838485828856679,1.8041124150158794e-13,2.2282176104226892e-13,2.2282176104226892e-13,0.8036065522446165,-1.6667894605521174,0.8036065522445854,-1.6667894605519624,3.108624468950438e-14,1.5498713423767185e-13,1.5807392697121767e-13,1.800851134881043e-13,-24.525000000006155,6.153300091682468e-12,-6.153300091682468e-12,-2.508990863071342e-13,-24.524999999999622,3.801403636316536e-13,3.801403636316536e-13,1.5500116763777922e-14
screenshot_like_simple_start,dop853_reference,DOP853,1e-11,1e-13,0.2102628285356696,0.06342589351836804,0.827937884292426,0.06342589351664443,0.8279378842945659,1.7236073679427477e-12,2.1399548799649892e-12,2.1399548799649892e-12,0.7999215078897217,-1.6743852761988967,0.799921507889449,-1.6743852761974296,2.7267077484793845e-13,1.4670487047396819e-12,1.492173332268927e-12,1.720137920990794e-12,-24.52500000001814,1.8136603330276557e-11,-1.8136603330276557e-11,-7.395149166269748e-13,-24.524999999999842,1.5987211554602254e-13,1.5987211554602254e-13,6.51874069504679e-15
screenshot_like_simple_start,dop853_reference,DOP853,1e-11,1e-13,0.21526908635794745,0.06696565800308119,0.8171103954044886,0.06696565800295827,0.8171103954046559,1.2291556661381264e-13,1.673106098110111e-13,1.673106098110111e-13,0.7960870495691441,-1.6820897165974498,0.7960870495691361,-1.6820897165973359,7.993605777301127e-15,1.1390888232654106e-13,1.1418901526068382e-13,1.2263801085765635e-13,-24.525000000006123,6.121325668573263e-12,-6.121325668573263e-12,-2.495953381681249e-13,-24.524999999999746,2.5579538487363607e-13,2.5579538487363607e-13,1.0429985112074864e-14
screenshot_like_simple_start,dop853_reference,DOP853,1e-11,1e-13,0.2202753441802253,0.07063290636544496,0.8060015121162193,0.07063290636547978,0.8060015121161838,3.481936960980647e-14,3.552713678800501e-14,3.552713678800501e-14,0.7920986303415017,-1.6898955001035862,0.7920986303415118,-1.6898955001036096,1.0103029524088925e-14,2.3314683517128287e-14,2.540955869487831e-14,3.472222509515177e-14,-24.525000000005697,5.695000027117203e-12,-5.695000027117203e-12,-2.322120296480001e-13,-24.524999999999665,3.375077994860476e-13,3.375077994860476e-13,1.3761785911765445e-14
screenshot_like_simple_start,dop853_reference,DOP853,1e-11,1e-13,0.22528160200250313,0.07443027685294332,0.794609391969301,0.07443027685366833,0.7946093919683995,7.250172684436507e-13,9.015010959956271e-13,9.015010959956271e-13,0.787951587221165,-1.697794898930554,0.7879515872212565,-1.6977948989311433,9.14823772291129e-14,5.893063814710331e-13,5.963648519035746e-13,7.230049892115176e-13,-24.5250000000022,2.19912976717751e-12,-2.19912976717751e-12,-8.966889978297696e-14,-24.524999999999697,3.055333763768431e-13,3.055333763768431e-13,1.2458037772756087e-14
screenshot_like_simple_start,dop853_reference,DOP853,1e-11,1e-13,0.23028785982478098,0.07836036874215899,0.7829322172402841,0.07836036874131622,0.7829322172413152,8.427702979929563e-13,1.0311751452718454e-12,1.0311751452718454e-12,0.7836411458306505,-1.70577971372898,0.7836411458305412,-1.7057797137283188,1.092459456231154e-13,6.612488334667432e-13,6.702124263218472e-13,8.40175151672895e-13,-24.52500000001459,1.4587442365154857e-11,-1.4587442365154857e-11,-5.94798873196936e-13,-24.52499999999995,5.3290705182007514e-14,5.3290705182007514e-14,2.1729135650155968e-15
screenshot_like_simple_start,dop853_reference,DOP853,1e-11,1e-13,0.23529411764705882,0.08242572395021004,0.7709682151921866,0.0824257239491543,0.7709682151935074,1.055738829691677e-12,1.3208323323965487e-12,1.3208323323965487e-12,0.7791624264991054,-1.7138412473513833,0.7791624264990006,-1.71384124735055,1.0480505352461478e-13,8.333334022836425e-13,8.398980048826932e-13,1.0521583604372609e-12,-24.52500000001398,1.397637561240117e-11,-1.397637561240117e-11,-5.698827976514238e-13,-24.524999999998858,1.1439738045737613e-12,1.1439738045737613e-12,4.6645211195668143e-14
screenshot_like_simple_start,dop853_reference,DOP853,1e-11,1e-13,0.2403003754693367,0.08662880601106467,0.7587156818139029,0.08662880601085547,0.7587156818142112,2.0919377341499512e-13,3.0830893393840597e-13,3.0830893393840597e-13,0.7745104520761547,-1.7219702780319608,0.77451045207617,-1.7219702780317667,1.532107773982716e-14,1.9406698470447736e-13,1.9467082466409206e-13,2.084027395099497e-13,-24.52500000000686,6.856737400084967e-12,-6.856737400084967e-12,-2.795815453653401e-13,-24.524999999993014,6.988187806200585e-12,6.988187806200585e-12,2.849413988257119e-13
screenshot_like_simple_start,dop853_reference,DOP853,1e-11,1e-13,0.24530663329161453,0.09097197606159368,0.7461730095344901,0.09097197606168979,0.7461730095344351,9.610368056911511e-14,5.495603971894525e-14,9.610368056911511e-14,0.7696801577528309,-1.7301570322139772,0.7696801577528865,-1.7301570322140059,5.551115123125783e-14,2.864375403532904e-14,6.246561098921555e-14,9.57012247226885e-14,-24.52500000001008,1.0079048706757021e-11,-1.0079048706757021e-11,-4.109703855966165e-13,-24.524999999991852,8.149925179168349e-12,8.149925179168349e-12,3.3231091454305195e-13
screenshot_like_simple_start,dop853_reference,DOP853,1e-11,1e-13,0.2503128911138924,0.09545746551083685,0.7333387193711992,0.09545746551153864,0.7333387193702154,7.017858516533693e-13,9.837686221203512e-13,9.837686221203512e-13,0.7646664032262716,-1.7383911573778117,0.7646664032262392,-1.7383911573784032,3.2307490016592055e-14,5.915268275202834e-13,5.924084415227245e-13,6.985939604575719e-13,-24.52500000001555,1.5546675058430992e-11,-1.5546675058430992e-11,-6.339113173672168e-13,-24.52500000000259,2.5863755581667647e-12,-2.5863755581667647e-12,-1.0545873835542363e-13
screenshot_like_simple_start,dop853_reference,DOP853,1e-11,1e-13,0.2553191489361702,0.10008734504814899,0.7202114979959862,0.1000873450468979,0.7202114979974673,1.251096448662281e-12,1.4811485371524213e-12,1.4811485371524213e-12,0.7594639875803915,-1.746661695318498,0.7594639875802599,-1.746661695317646,1.3156142841808105e-13,8.519851490973451e-13,8.620830028076364e-13,1.2448375663609568e-12,-24.5250000000268,2.679811927919218e-11,-2.679811927919218e-11,-1.0926858013941764e-12,-24.525000000000638,6.359357485052897e-13,-6.359357485052897e-13,-2.5930101875852788e-14
screenshot_like_simple_start,dop853_reference,DOP853,1e-11,1e-13,0.26032540675844806,0.10486348960840389,0.7067902402569708,0.10486348960788934,0.7067902402577402,5.145467385503366e-13,7.693845560652335e-13,7.693845560652335e-13,0.754067667289983,-1.7549570564151096,0.7540676672900564,-1.7549570564146637,7.338574192772285e-14,4.4586556668946287e-13,4.5186454903831323e-13,5.117156698375425e-13,-24.525000000004823,4.82103246213228e-12,-4.82103246213228e-12,-1.9657624718174432e-13,-24.524999999991238,8.764544645600836e-12,8.764544645600836e-12,3.573718509928985e-13
screenshot_like_simple_start,dop853_reference,DOP853,1e-11,1e-13,0.26533166458072593,0.10978753897631999,0.6930740976176801,0.10978753897347282,0.6930740976217675,2.847166946651214e-12,4.087397087459976e-12,4.087397087459976e-12,0.7484721777961048,-1.7632649956129618,0.7484721777964191,-1.7632649956106623,3.143041382713818e-13,2.2994939286036242e-12,2.320874709892683e-12,2.830027878708563e-12,-24.525000000009218,9.2157392828085e-12,-9.2157392828085e-12,-3.7576918584336384e-13,-24.52499999993961,6.039257982592972e-11,6.039257982592972e-11,2.4624905127800085e-12
screenshot_like_simple_start,dop853_reference,DOP853,1e-11,1e-13,0.27033792240300375,0.1148608536391177,0.6790625330663012,0.11486085363372975,0.67906253307408,5.387953971869308e-12,7.778888644338622e-12,7.778888644338622e-12,0.7426722591214252,-1.7715725909314781,0.742672259122126,-1.77157259092721,7.007727731433988e-13,4.268141395868952e-12,4.325287673058204e-12,5.352454590656919e-12,-24.52500000005802,5.801936708849098e-11,-5.801936708849098e-11,-2.3657234286846475e-12,-24.524999999901656,9.834622005655547e-11,9.834622005655547e-11,4.0100395537841165e-12
screenshot_like_simple_start,dop853_reference,DOP853,1e-11,1e-13,0.2753441802252816,0.12008446564372184,0.6647553828711935,0.12008446564527148,0.6647553828687728,1.5496354199839857e-12,2.4207302828926913e-12,2.4207302828926913e-12,0.7366626860260681,-1.779866225560352,0.7366626860257012,-1.7798662255616597,3.6692870963861424e-13,1.3078427230084344e-12,1.3583406296224725e-12,1.5384776785865029e-12,-24.525000000054607,5.46052092431637e-11,-5.46052092431637e-11,-2.2265120996193147e-12,-24.525000000017098,1.709565822238801e-11,-1.709565822238801e-11,-6.970706716570034e-13
screenshot_like_simple_start,dop853_reference,DOP853,1e-11,1e-13,0.28035043804755944,0.12545902421120206,0.6501529255548562,0.12545902421658134,0.6501529255470273,5.379280354489424e-12,7.828848680446754e-12,7.828848680446754e-12,0.7304383032017636,-1.7881315747543973,0.7304383032008689,-1.788131574758463,8.947287355454137e-13,4.065636716177323e-12,4.162924623163363e-12,5.337008612826821e-12,-24.52500000004242,4.241940132487798e-11,-4.241940132487798e-11,-1.729639197752415e-12,-24.5250000000243,2.4297008849316626e-11,-2.4297008849316626e-11,-9.907037247427777e-13
screenshot_like_simple_start,dop853_reference,DOP853,1e-11,1e-13,0.2853566958698373,0.13098473599586652,0.6352559582911925,0.13098473599635568,0.6352559582904742,4.89164264649844e-13,7.183142969324763e-13,7.183142969324763e-13,0.723994065995698,-1.7963535989678519,0.7239940659956048,-1.7963535989682142,9.325873406851315e-14,3.623767952376511e-13,3.741846244927391e-13,4.84973172731884e-13,-24.525000000002674,2.6716406864579767e-12,-2.6716406864579767e-12,-1.0893540005944858e-13,-24.52500000000266,2.6574298317427747e-12,-2.6574298317427747e-12,-1.0835595644211109e-13
screenshot_like_simple_start,dop853_reference,DOP853,1e-11,1e-13,0.2903629536921152,0.13666129996942983,0.6200658808076952,0.13666129996910312,0.6200658808081045,3.2671088057156794e-13,4.093392291792952e-13,4.093392291792952e-13,0.7173250871187528,-1.8045165448558005,0.7173250871187623,-1.8045165448556069,9.547918011776346e-15,1.936228954946273e-13,1.9385816567295527e-13,3.2365776725384876e-13,-24.525000000008063,8.061107337198337e-12,-8.061107337198337e-12,-3.286893919346926e-13,-24.524999999996172,3.82982534574694e-12,3.82982534574694e-12,1.5616005487245423e-13
screenshot_like_simple_start,dop853_reference,DOP853,1e-11,1e-13,0.295369211514393,0.14248783723838893,0.6045847864340648,0.1424878372378273,0.6045847864347927,5.616340725822511e-13,7.279732372467151e-13,7.279732372467151e-13,0.710426689704992,-1.8126039560813507,0.710426689705035,-1.8126039560810168,4.296563105299356e-14,3.339550858072471e-13,3.367076547812772e-13,5.559441795810471e-13,-24.52500000001511,1.510613856225973e-11,-1.510613856225973e-11,-6.159485652297545e-13,-24.52499999999889,1.1119993814645568e-12,1.1119993814645568e-12,4.5341463056658787e-14
screenshot_like_simple_start,dop853_reference,DOP853,1e-11,1e-13,0.30037546933667086,0.14846281616931067,0.5888155598590403,0.148462816172453,0.5888155598547202,3.142319737747812e-12,4.320099833421409e-12,4.320099833421409e-12,0.7032944669915865,-1.8205986959381306,0.7032944669911017,-1.820598695940065,4.848343948538059e-13,1.9344525981068728e-12,1.99428464486785e-12,3.107764046106354e-12,-24.524999999999306,6.963318810448982e-13,6.963318810448982e-13,2.8392737249537132e-14,-24.52500000001291,1.290700879508222e-11,-1.290700879508222e-11,-5.262796654467775e-13
screenshot_like_simple_start,dop853_reference,DOP853,1e-11,1e-13,0.3053817271589487,0.15458397368128285,0.5727619804996646,0.15458397368191415,0.5727619804987725,6.313005673774796e-13,8.921752225887758e-13,8.921752225887758e-13,0.6959243486966487,-1.8284829840829415,0.6959243486965225,-1.8284829840833279,1.2612133559741778e-13,3.863576125695545e-13,4.0642194340773783e-13,6.237788063856442e-13,-24.525000000001583,1.580957587066223e-12,-1.580957587066223e-12,-6.446310242879603e-14,-24.52500000000378,3.7765346405649325e-12,-3.7765346405649325e-12,-1.5398714130743862e-13
screenshot_like_simple_start,dop853_reference,DOP853,1e-11,1e-13,0.31038798498122655,0.16084823380396832,0.5564288300664104,0.16084823380359878,0.5564288300668633,3.6953773374648335e-13,4.5285997174460135e-13,4.5285997174460135e-13,0.688312673953767,-1.8362384496842528,0.6883126739537869,-1.8362384496840727,1.9872992140790302e-14,1.800781745942004e-13,1.811714237450466e-13,3.647637747405952e-13,-24.52500000000607,6.0680349633912556e-12,-6.0680349633912556e-12,-2.4742242460310927e-13,-24.525000000005836,5.8335558605904225e-12,-5.8335558605904225e-12,-2.378616049170407e-13
screenshot_like_simple_start,dop853_reference,DOP853,1e-11,1e-13,0.31539424280350437,0.16725162519135986,0.539822002108536,0.1672516251922573,0.5398220021073615,8.974487819557453e-13,1.1745049377509531e-12,1.1745049377509531e-12,0.6804562703399093,-1.8438462033922056,0.6804562703397867,-1.8438462033926601,1.2256862191861728e-13,4.545253062815391e-13,4.707614269769305e-13,8.849310173530966e-13,-24.52499999999374,6.263434215725283e-12,6.263434215725283e-12,2.553897743414998e-13,-24.52500000001229,1.2288836614970933e-11,-1.2288836614970933e-11,-5.010738680925966e-13
screenshot_like_simple_start,dop853_reference,DOP853,1e-11,1e-13,0.32040050062578224,0.17378919963648223,0.5229486108368241,0.17378919963758088,0.5229486108353142,1.0986489495934393e-12,1.5099033134902129e-12,1.5099033134902129e-12,0.6723525381701723,-1.8512869303284298,0.6723525381699462,-1.8512869303289938,2.2604140781368187e-13,5.639932965095795e-13,6.076044408611031e-13,1.0820788709509088e-12,-24.525000000001626,1.623590151211829e-12,-1.623590151211829e-12,-6.620143328080852e-14,-24.525000000020455,2.0452972648854484e-11,-2.0452972648854484e-11,-8.33964226252986e-13
screenshot_like_simple_start,dop853_reference,DOP853,1e-11,1e-13,0.3254067584480601,0.18045495422599583,0.5058170957118211,0.18045495422667368,0.5058170957108579,6.778466676848893e-13,9.632294961647858e-13,9.632294961647858e-13,0.6639995387767057,-1.8585410060425573,0.6639995387765298,-1.8585410060429024,1.758593271006248e-13,3.4505731605349865e-13,3.8728678558702283e-13,6.668277041654846e-13,-24.525000000001434,1.4317436125566019e-12,-1.4317436125566019e-12,-5.837894444675237e-14,-24.525000000002795,2.7924329515371937e-12,-2.7924329515371937e-12,-1.1386067080681727e-13
screenshot_like_simple_start,dop853_reference,DOP853,1e-11,1e-13,0.3304130162703379,0.18724176032975456,0.48843731752540004,0.18724176033107603,0.488437317523541,1.3214707106357082e-12,1.8590129435835934e-12,1.8590129435835934e-12,0.6553960849741299,-1.8655886368876509,0.6553960849737867,-1.865588636888277,3.432809592140984e-13,6.261657858885883e-13,7.140906163621148e-13,1.298378071723505e-12,-24.524999999993152,6.849631972727366e-12,6.849631972727366e-12,2.7929182355667137e-13,-24.52500000001547,1.546851535749738e-11,-1.546851535749738e-11,-6.307243774718605e-13
screenshot_like_simple_start,dop853_reference,DOP853,1e-11,1e-13,0.3354192740926158,0.1941413030316354,0.4708206411316827,0.19414130303211444,0.47082064113105293,4.790334795501394e-13,6.2977401071862e-13,6.2977401071862e-13,0.6465418313757921,-1.8724100254815426,0.646541831375701,-1.8724100254817357,9.114931032172535e-14,1.9317880628477724e-13,2.1360301488915758e-13,4.700406730506757e-13,-24.525000000001565,1.5631940186722204e-12,-1.5631940186722204e-12,-6.373879790712417e-14,-24.525000000014806,1.4804157899561687e-11,-1.4804157899561687e-11,-6.036353883613328e-13
screenshot_like_simple_start,dop853_reference,DOP853,1e-11,1e-13,0.3404255319148936,0.2011440350337846,0.4529799993940252,0.2011440350345715,0.4529799993929694,7.868983242786953e-13,1.0558220964185239e-12,1.0558220964185239e-12,0.6374373616675078,-1.8789855609352566,0.6374373616673294,-1.8789855609355615,1.7830181775480014e-13,3.04867242562068e-13,3.5317923750139216e-13,7.710221350265556e-13,-24.524999999998823,1.1795009413617663e-12,1.1795009413617663e-12,4.809382023901187e-14,-24.525000000001874,1.872280108727864e-12,-1.872280108727864e-12,-7.634169658421463e-14
screenshot_like_simple_start,dop853_reference,DOP853,1e-11,1e-13,0.3454317897371715,0.20823914927196308,0.43492993262147334,0.20823914927261372,0.4349299326205705,6.50646203581573e-13,9.028333636251773e-13,9.028333636251773e-13,0.6280842694387415,-1.88529603225755,0.6280842694385593,-1.8852960322577959,1.821875983409882e-13,2.4580337765200966e-13,3.0596016318206154e-13,6.366018823200648e-13,-24.524999999988818,1.1183942660863977e-11,1.1183942660863977e-11,4.560221268446065e-13,-24.525000000001477,1.4743761767022079e-12,-1.4743761767022079e-12,-6.011727529876484e-14
screenshot_like_simple_start,dop853_reference,DOP853,1e-11,1e-13,0.3504380475594493,0.21541457441645454,0.41668659783738293,0.21541457441864972,0.4166865978342183,2.1951884754400908e-12,3.1646352205427775e-12,3.1646352205427775e-12,0.6184852287750869,-1.8913228618435312,0.6184852287743375,-1.8913228618443427,7.494005416219807e-13,8.115730310009894e-13,1.1046501511480686e-12,2.144451283214721e-12,-24.525000000002045,2.042810365310288e-12,-2.042810365310288e-12,-8.329501999226454e-14,-24.525000000016938,1.6935786106841988e-11,-1.6935786106841988e-11,-6.905519309619566e-13
screenshot_like_simple_start,dop853_reference,DOP853,1e-11,1e-13,0.35544430538172717,0.22265699711868053,0.39826774263592246,0.22265699711846665,0.3982677426364651,2.138844656940364e-13,5.426215032855453e-13,5.426215032855453e-13,0.6086440505811113,-1.8970483543318775,0.6086440505814028,-1.8970483543317143,2.915445662665661e-13,1.63202784619898e-13,3.3411582277295545e-13,2.915445662665661e-13,-24.52499999999897,1.0338396805309458e-12,1.0338396805309458e-12,4.2154523161302575e-14,-24.525000000001285,1.2825296380469808e-12,-1.2825296380469808e-12,-5.2294786464708695e-14
screenshot_like_simple_start,dop853_reference,DOP853,1e-11,1e-13,0.36045056320400504,0.22995191412077312,0.37969263937880215,0.22995191412089738,0.3796926393785856,1.2426171203117065e-13,2.1654900095313678e-13,2.1654900095313678e-13,0.5985657206246293,-1.9024559544342319,0.5985657206245492,-1.9024559544342838,8.01581023779363e-14,5.1958437552457326e-14,9.552486906415693e-14,1.2098655410852643e-13,-24.524999999995394,4.60786964140425e-12,4.60786964140425e-12,1.8788459292168192e-13,-24.524999999997462,2.540190280342358e-12,2.540190280342358e-12,1.0357554659907678e-13
screenshot_like_simple_start,dop853_reference,DOP853,1e-11,1e-13,0.36545682102628285,0.23728371626139502,0.36098197694638234,0.23728371626391678,0.36098197694278517,2.5217605781335806e-12,3.5971781109367384e-12,3.5971781109367384e-12,0.588256415605098,-1.9075305058023961,0.5882564156041837,-1.907530505803074,9.142686607788164e-13,6.779021788361206e-13,1.1381733383597816e-12,2.4510948826161894e-12,-24.525000000002365,2.362554596402333e-12,-2.362554596402333e-12,-9.633250138235812e-14,-24.524999999989465,1.0537348771322286e-11,1.0537348771322286e-11,4.296574422557507e-13
screenshot_like_simple_start,dop853_reference,DOP853,1e-11,1e-13,0.3704630788485607,0.2446358049980745,0.34215770917178356,0.24463580500269796,0.3421577091651497,4.623468274900233e-12,6.633860127891467e-12,6.633860127891467e-12,0.5777234941871823,-1.9122585017678544,0.5777234941854188,-1.9122585017689602,1.7634782523145986e-12,1.105782132526656e-12,2.081492174138964e-12,4.485800619846714e-12,-24.525000000002223,2.220446049250313e-12,-2.220446049250313e-12,-9.05380652089832e-14,-24.5249999999648,3.5203839843234164e-11,3.5203839843234164e-11,1.4354267010493032e-12
screenshot_like_simple_start,dop853_reference,DOP853,1e-11,1e-13,0.37546933667083854,0.2519907402490875,0.3232428615513481,0.2519907402445794,0.3232428615580628,4.508116102641679e-12,6.714684364084178e-12,6.714684364084178e-12,0.5669754609477871,-1.9166283180129624,0.5669754609497881,-1.9166283180119534,2.001065979584382e-12,1.0089706847793423e-12,2.2410459382605474e-12,4.365757755309119e-12,-24.52500000001203,1.2029488516418496e-11,-1.2029488516418496e-11,-4.904990220761874e-13,-24.524999999958574,4.142819420849264e-11,4.142819420849264e-11,1.689223005443125e-12
screenshot_like_simple_start,dop853_reference,DOP853,1e-11,1e-13,0.3804755944931164,0.25933041655097305,0.304261300279412,0.2593304165519556,0.30426130027807563,9.825473767932635e-13,1.336375454741301e-12,1.336375454741301e-12,0.5560219024402612,-1.920630417153549,0.5560219024399358,-1.9206304171536974,3.254063685176334e-13,1.4832579608992091e-13,3.5761689901001967e-13,9.49684775264359e-13,-24.525000000002205,2.2026824808563106e-12,-2.2026824808563106e-12,-8.981376068731134e-14,-24.525000000000144,1.4210854715202004e-13,-1.4210854715202004e-13,-5.794436173374925e-15
screenshot_like_simple_start,dop853_reference,DOP853,1e-11,1e-13,0.3854818523153943,0.26663626265838597,0.2852374701949732,0.2666362626595765,0.28523747019336276,1.1905476604567866e-12,1.6104340083700208e-12,1.6104340083700208e-12,0.5448733960593082,-1.9242575158542266,0.5448733960589113,-1.9242575158543662,3.9690473130349346e-13,1.396660564978447e-13,4.2076118293963085e-13,1.1484702078234932e-12,-24.52500000000397,3.9683811792201595e-12,-3.9683811792201595e-12,-1.6180963014149476e-13,-24.524999999982718,1.7283952047364437e-11,1.7283952047364437e-11,7.047482995867252e-13
screenshot_like_simple_start,dop853_reference,DOP853,1e-11,1e-13,0.3904881101376721,0.27388945798284675,0.2661961105744757,0.27388945798363373,0.2661961105734016,7.869815910055422e-13,1.0740852651736077e-12,1.0740852651736077e-12,0.5335413939712916,-1.927504706509625,0.5335413939710131,-1.9275047065096946,2.785549568784518e-13,6.972200594645983e-14,2.8714808394755886e-13,7.576717031554381e-13,-24.525000000020757,2.0754953311552526e-11,-2.0754953311552526e-11,-8.462774031214078e-13,-24.524999999964038,3.596412057049747e-11,3.596412057049747e-11,1.4664269345768591e-12
screenshot_like_simple_start,dop853_reference,DOP853,1e-11,1e-13,0.39549436795994997,0.2810711581293121,0.24716195924533324,0.28107115813037814,0.24716195924386777,1.0660361482450753e-12,1.465466636929591e-12,1.465466636929591e-12,0.5220380858218124,-1.9303695276694555,0.5220380858214158,-1.9303695276695183,3.9668268669856843e-13,6.283862319378386e-14,4.01628991099105e-13,1.024180740216707e-12,-24.52500000000145,1.4495071809506044e-12,-1.4495071809506044e-12,-5.910324896842423e-14,-24.524999999989777,1.0224709967587842e-11,1.0224709967587842e-11,4.169096826743258e-13
screenshot_like_simple_start,dop853_reference,DOP853,1e-11,1e-13,0.4005006257822278,0.28816272102981394,0.2281594565137658,0.28816272103074864,0.22815945651250008,9.346967644319193e-13,1.2657097592239097e-12,1.2657097592239097e-12,0.5103762452030067,-1.9328519800246804,0.5103762452026701,-1.9328519800247013,3.3661962106634746e-13,2.0872192862952943e-14,3.372660933473148e-13,8.961720254774264e-13,-24.525000000003736,3.7339020764193265e-12,-3.7339020764193265e-12,-1.5224881045542614e-13,-24.52500000000289,2.8883562208648073e-12,-2.8883562208648073e-12,-1.1777191522384533e-13
screenshot_like_simple_start,dop853_reference,DOP853,1e-11,1e-13,0.40550688360450565,0.2951459251409932,0.20921246042623837,0.29514592514093263,0.20921246042644703,6.056266599330229e-14,2.0866641747829817e-13,2.0866641747829817e-13,0.4985690657458026,-1.9349544877117926,0.49856906574594884,-1.9349544877117666,1.4621637234313312e-13,2.5979218776228663e-14,1.4850638824444185e-13,1.4621637234313312e-13,-24.525000000001675,1.673328142715036e-12,-1.673328142715036e-12,-6.822948594148974e-14,-24.524999999999324,6.785683126508957e-13,6.785683126508957e-13,2.7668432727865264e-14
screenshot_like_simple_start,dop853_reference,DOP853,1e-11,1e-13,0.41051314142678347,0.3020031717898503,0.19034398402216793,0.3020031717919314,0.19034398401915062,2.081113059659856e-12,3.017308625175019e-12,3.017308625175019e-12,0.48662999313301714,-1.9366818076212065,0.4866299931320412,-1.9366818076211583,9.759415497967439e-13,4.8183679268731794e-14,9.771302756375643e-13,1.9869106360204114e-12,-24.524999999998332,1.6697754290362354e-12,1.6697754290362354e-12,6.808462503715537e-14,-24.524999999979947,2.0055068716828828e-11,2.0055068716828828e-11,8.177398049675362e-13
screenshot_like_simple_start,dop853_reference,DOP853,1e-11,1e-13,0.41551939924906134,0.30871766490969554,0.17157596363721622,0.3087176649110675,0.171575963635366,1.3719581026805372e-12,1.850214426113439e-12,1.850214426113439e-12,0.4745725592894605,-1.9380408920326002,0.4745725592889445,-1.9380408920324992,5.160316618457728e-13,1.0103029524088925e-13,5.258286760759356e-13,1.3070655668911968e-12,-24.52500000000363,3.6273206660553114e-12,-3.6273206660553114e-12,-1.4790298332539496e-13,-24.525000000004354,4.352074256530614e-12,-4.352074256530614e-12,-1.7745460780960706e-13
screenshot_like_simple_start,dop853_reference,DOP853,1e-11,1e-13,0.4205256570713392,0.31527356303868126,0.152929065077277,0.3152735630387614,0.15292906507727289,8.01581023779363e-14,4.107825191113079e-15,8.01581023779363e-14,0.4624102244983094,-1.9390407120101991,0.46241022449838154,-1.9390407120101747,7.216449660063518e-14,2.4424906541753444e-14,7.61858952116235e-14,7.6216810640517e-14,-24.525000000001576,1.573852159708622e-12,-1.573852159708622e-12,-6.417338062012728e-14,-24.525000000018643,1.8641088672666228e-11,-1.8641088672666228e-11,-7.600851650424557e-13
screenshot_like_simple_start,dop853_reference,DOP853,1e-11,1e-13,0.425531914893617,0.3216561002716535,0.13442253199258147,0.32165610027244984,0.13442253199149815,7.963629755636248e-13,1.0833278718536121e-12,1.0833278718536121e-12,0.4501562323365406,-1.9396920504168897,0.4501562323362226,-1.939692050416783,3.180233854038761e-13,1.0680345496894006e-13,3.3547854127655424e-13,7.55506768257419e-13,-24.524999999995728,4.273914555597003e-12,4.273914555597003e-12,1.7426766791425086e-13,-24.525000000006976,6.973976951485383e-12,-6.973976951485383e-12,-2.843619552083744e-13
screenshot_like_simple_start,dop853_reference,DOP853,1e-11,1e-13,0.4305381727158949,0.3278516748014748,0.11607407812706369,0.32785167480341154,0.1160740781243474,1.9367285553073543e-12,2.716285529835716e-12,2.716285529835716e-12,0.4378234811844449,-1.9400072740798147,0.4378234811835805,-1.9400072740795058,8.644196469731469e-13,3.0886404545071855e-13,9.179424408128014e-13,1.8335888363196773e-12,-24.524999999994993,5.009326287108706e-12,5.009326287108706e-12,2.042538751114661e-13,-24.524999999998926,1.0764722446765518e-12,1.0764722446765518e-12,4.389285401331505e-14
screenshot_like_simple_start,dop853_reference,DOP853,1e-11,1e-13,0.4355444305381727,0.33384790542208753,0.09789982275572572,0.3338479054230971,0.09789982275434393,1.009581307442886e-12,1.3817835764484698e-12,1.3817835764484698e-12,0.4254244148336782,-1.9400000945986722,0.42542441483325694,-1.9400000945984766,4.2127412669401565e-13,1.9562129693895258e-13,4.644777514993409e-13,9.538481116067032e-13,-24.52500000000187,1.8687273950490635e-12,-1.8687273950490635e-12,-7.619683567988025e-14,-24.52500000000309,3.0873081868776353e-12,-3.0873081868776353e-12,-1.2588412586657024e-13
screenshot_like_simple_start,dop853_reference,DOP853,1e-11,1e-13,0.4405506883604506,0.3396336578711421,0.07991426658520259,0.33963365787178107,0.07991426658442999,6.389888618230088e-13,7.726042028366464e-13,7.726042028366464e-13,0.4129709334807274,-1.93968532663383,0.4129709334805598,-1.9396853266336787,1.6758816556716738e-13,1.5143442055887135e-13,2.2587203671142966e-13,6.025180354640725e-13,-24.525000000000137,1.3500311979441904e-13,-1.3500311979441904e-13,-5.504714364706178e-15,-24.525000000024278,2.4275692567243823e-11,-2.4275692567243823e-11,-9.898345593167716e-13
screenshot_like_simple_start,dop853_reference,DOP853,1e-11,1e-13,0.4455569461827284,0.3451990440691651,0.062130303807660325,0.34519904407084456,0.062130303805235175,1.6794898805017056e-12,2.4251503583094802e-12,2.4251503583094802e-12,0.40047432525258614,-1.939078651389469,0.4004743252517461,-1.9390786513890514,8.400502515826247e-13,4.176659018639839e-13,9.381520296646413e-13,1.5804024755539103e-12,-24.52499999999376,6.24211793365248e-12,6.24211793365248e-12,2.5452060891549355e-13,-24.52500000000915,9.14823772291129e-12,-9.14823772291129e-12,-3.7301682866101076e-13
screenshot_like_simple_start,dop853_reference,DOP853,1e-11,1e-13,0.45056320400500627,0.3505353980354254,0.044559265039271274,0.3505353980363906,0.044559265037956354,9.65227897609111e-13,1.3149203947904198e-12,1.3149203947904198e-12,0.3879452174813513,-1.938196391609718,0.38794521748094424,-1.9381963916094453,4.0706327197881365e-13,2.7267077484793845e-13,4.899488328899996e-13,9.065526107576716e-13,-24.525000000001697,1.694644424787839e-12,-1.694644424787839e-12,-6.909865136749598e-14,-24.525000000002674,2.6716406864579767e-12,-2.6716406864579767e-12,-1.0893540005944858e-13
screenshot_like_simple_start,dop853_reference,DOP853,1e-11,1e-13,0.45556946182728414,0.35563523268675534,0.027210985325995803,0.3556352326880103,0.027210985324275367,1.2549405958850457e-12,1.7204362934286621e-12,1.7204362934286621e-12,0.3753935462077646,-1.937055302874683,0.37539354620722126,-1.937055302874293,5.433431482515516e-13,3.9013237085328e-13,6.688983805777293e-13,1.1764478280440471e-12,-24.525000000002915,2.9132252166164108e-12,-2.9132252166164108e-12,-1.1878594155418595e-13,-24.52500000000255,2.547295707699959e-12,-2.547295707699959e-12,-1.0386526840774553e-13
screenshot_like_simple_start,dop853_reference,DOP853,1e-11,1e-13,0.46057571964956195,0.3604921817777923,0.010093891358647203,0.36049218177953213,0.010093891356235743,1.7398305018900828e-12,2.4114599206370713e-12,2.4114599206370713e-12,0.36282854190510494,-1.9356723844805075,0.3628285419043216,-1.9356723844799182,7.833178550242792e-13,5.893063814710331e-13,9.802391918518257e-13,1.6280310433103296e-12,-24.5249999999971,2.9025670755800093e-12,2.9025670755800093e-12,1.1835135884118285e-13,-24.525000000000134,1.3145040611561853e-13,-1.3145040611561853e-13,-5.359853460371805e-15
screenshot_like_simple_start,dop853_reference,DOP853,1e-11,1e-13,0.4655819774718398,0.3651009310594614,-0.00678489768142151,0.36510093106005154,-0.006784897682283783,5.90139048739502e-13,8.622729266716256e-13,8.622729266716256e-13,0.35025872913489975,-1.934064711806299,0.3502587291345887,-1.9340647118060823,3.110289803487376e-13,2.1671553440683056e-13,3.790839609770025e-13,5.512257317263902e-13,-24.525000000002024,2.021494083237485e-12,-2.021494083237485e-12,-8.24258545662583e-14,-24.525000000024693,2.469136006766348e-11,-2.469136006766348e-11,-1.0067832851238932e-12
screenshot_like_simple_start,dop853_reference,DOP853,1e-11,1e-13,0.47058823529411764,0.3694571423732783,-0.023419460707667004,0.3694571423745276,-0.023419460709350554,1.2492784584594574e-12,1.6835491334354913e-12,1.6835491334354913e-12,0.33769193774664624,-1.9322492908797964,0.3376919377461281,-1.932249290879306,5.181410855925606e-13,4.902744876744691e-13,7.133296978561179e-13,1.1649570197391768e-12,-24.525000000006063,6.0609295360336546e-12,-6.0609295360336546e-12,-2.4713270279444055e-13,-24.5250000000023,2.298605750183924e-12,-2.298605750183924e-12,-9.37250051043394e-14
screenshot_like_simple_start,dop853_reference,DOP853,1e-11,1e-13,0.4755944931163955,0.37355737389731525,-0.03980496110068699,0.37355737389856736,-0.03980496110256795,1.2521095271722515e-12,1.880953726107748e-12,1.880953726107748e-12,0.32513532329162864,-1.9302429348998316,0.32513532329091493,-1.9302429348992998,7.137068713802819e-13,5.3179682879545e-13,8.90047956782289e-13,1.1657341758564144e-12,-24.524999999998986,1.0160761121369433e-12,1.0160761121369433e-12,4.143021863963071e-14,-24.524999999994293,5.709210881832405e-12,5.709210881832405e-12,2.327914732653376e-13
screenshot_like_simple_start,dop853_reference,DOP853,1e-11,1e-13,0.4806007509386734,0.37739899924340703,-0.05593753250029501,0.37739899924979764,-0.05593753250922107,6.390610263196095e-12,8.926061279002084e-12,8.926061279002084e-12,0.31259539447061724,-1.928062161740452,0.312595394467646,-1.9280621617375981,2.971234369653075e-12,2.8539393071014274e-12,4.119854760549974e-12,5.940858915920444e-12,-24.525000000001615,1.6129320101754274e-12,-1.6129320101754274e-12,-6.57668505678054e-14,-24.524999999899922,1.0007994433181011e-10,1.0007994433181011e-10,4.08073167509929e-12
screenshot_like_simple_start,dop853_reference,DOP853,1e-11,1e-13,0.4856070087609512,0.38098012757365773,-0.07181416691214448,0.3809801275796564,-0.07181416692071672,5.998646024352183e-12,8.572240139947951e-12,8.572240139947951e-12,0.3000780456561872,-1.9257231109474127,0.3000780456532056,-1.9257231109445674,2.981559443782089e-12,2.845279567509351e-12,4.121324123882076e-12,5.568545624612398e-12,-24.525000000004727,4.725109192804666e-12,-4.725109192804666e-12,-1.9266500276471624e-13,-24.52499999992099,7.901235221652314e-11,7.901235221652314e-11,3.2217065123964583e-12
screenshot_like_simple_start,dop853_reference,DOP853,1e-11,1e-13,0.49061326658322907,0.38429952636824644,-0.08743260728684725,0.3842995263644213,-0.08743260728178137,3.825162409043514e-12,5.06587827242555e-12,5.06587827242555e-12,0.2875885927996057,-1.923241478429838,0.28758859280110605,-1.9232414784317144,1.5003553954784365e-12,1.8764989562214396e-12,2.4025641813365587e-12,3.5461633629552125e-12,-24.52500000001259,1.2587264563990175e-11,-1.2587264563990175e-11,-5.13242184056684e-13,-24.525000000107962,1.0795986327138962e-10,-1.0795986327138962e-10,-4.4020331609129306e-12
screenshot_like_simple_start,dop853_reference,DOP853,1e-11,1e-13,0.4956195244055069,0.3873565480600017,-0.10279124615422758,0.3873565480597535,-0.1027912461539768,2.4819035715495374e-13,2.5077162568720723e-13,2.5077162568720723e-13,0.27513181128858505,-1.9206324668708026,0.2751318112886047,-1.920632466870922,1.965094753586527e-14,1.1945999744966684e-13,1.2106548116507752e-13,2.2976065494617615e-13,-24.524999999996513,3.488764832582092e-12,3.488764832582092e-12,1.422534080563544e-13,-24.525000000008227,8.22453216642316e-12,-8.22453216642316e-12,-3.3535299353407374e-13
screenshot_like_simple_start,dop853_reference,DOP853,1e-11,1e-13,0.5006257822277848,0.39015106131836236,-0.11788903130765233,0.3901510613194204,-0.11788903130914175,1.0580425424677742e-12,1.4894196986858788e-12,1.4894196986858788e-12,0.2627119745990424,-1.9179107498586339,0.26271197459854184,-1.9179107498580565,5.005440506522518e-13,5.773159728050814e-13,7.640929780460239e-13,9.78550573904613e-13,-24.5250000000049,4.899192163065891e-12,-4.899192163065891e-12,-1.9976318707710053e-13,-24.52500000000499,4.988010005035903e-12,-4.988010005035903e-12,-2.0338470968545986e-13
screenshot_like_simple_start,dop853_reference,DOP853,1e-11,1e-13,0.5056320400500626,0.39268338750009996,-0.13272537916964477,0.3926833875022021,-0.1327253791725831,2.1021517859765027e-12,2.9383162569729393e-12,2.9383162569729393e-12,0.2503328928051629,-1.915090447761788,0.2503328928041926,-1.9150904477605948,9.703349235223868e-13,1.1932677068671182e-12,1.53799794670185e-12,1.9421686481280176e-12,-24.525000000012838,1.283595452150621e-11,-1.283595452150621e-11,-5.233824473600901e-13,-24.524999999980196,1.9806378759312793e-11,1.9806378759312793e-11,8.075995416641301e-13
screenshot_like_simple_start,dop853_reference,DOP853,1e-11,1e-13,0.5106382978723404,0.39495424243282184,-0.14730009600028887,0.39495424243475824,-0.14730009600306787,1.9363954883999668e-12,2.7789992529392293e-12,2.7789992529392293e-12,0.23799795026224452,-1.9121851135287304,0.23799795026128295,-1.9121851135275776,9.61564161627848e-13,1.1528555887707626e-12,1.501226713553635e-12,1.7873480473440395e-12,-24.525000000028378,2.83755241525796e-11,-2.83755241525796e-11,-1.157004042918638e-12,-24.5249999999946,5.403677505455562e-12,5.403677505455562e-12,2.203334354925815e-13
screenshot_like_simple_start,dop853_reference,DOP853,1e-11,1e-13,0.5156445556946183,0.39696468359939435,-0.16161330697552073,0.3969646835983188,-0.16161330697400486,1.0755285551056204e-12,1.5158707622475731e-12,1.5158707622475731e-12,0.2257101419252972,-1.9092077266935021,0.22571014192580144,-1.909207726694162,5.042355422091305e-13,6.59916565837193e-13,8.305078903257272e-13,9.918732502001149e-13,-24.525000000011758,1.1755929563150858e-11,-1.1755929563150858e-11,-4.793447324424406e-13,-24.52500000002274,2.2737367544323206e-11,-2.2737367544323206e-11,-9.27109787739988e-13
screenshot_like_simple_start,dop853_reference,DOP853,1e-11,1e-13,0.5206508135168961,0.3987160625511464,-0.17566539284445146,0.3987160625519817,-0.1756653928456305,8.353318037279678e-13,1.1790568521519162e-12,1.1790568521519162e-12,0.21347210795856988,-1.9061706940880856,0.21347210795817878,-1.9061706940875554,3.91103815999827e-13,5.302425165609748e-13,6.588773188223602e-13,7.698286452750835e-13,-24.525000000003708,3.7054803669889225e-12,-3.7054803669889225e-12,-1.5108992322075116e-13,-24.525000000005505,5.503153488461976e-12,-5.503153488461976e-12,-2.2438954081394395e-13
screenshot_like_simple_start,dop853_reference,DOP853,1e-11,1e-13,0.5256570713391739,0.40020998235570393,-0.18945693385223936,0.40020998235652755,-0.18945693385340362,8.236189508181724e-13,1.164263130348786e-12,1.164263130348786e-12,0.20128616638281271,-1.903085855894672,0.2012861663824278,-1.903085855894132,3.8491432263754177e-13,5.400124791776761e-13,6.631534614545398e-13,7.585043704239069e-13,-24.525000000003793,3.7907454952801345e-12,-3.7907454952801345e-12,-1.545665849247761e-13,-24.525000000004038,4.035882739117369e-12,-4.035882739117369e-12,-1.6456198732384786e-13
screenshot_like_simple_start,dop853_reference,DOP853,1e-11,1e-13,0.5306633291614519,0.40144825972039805,-0.20298866038957125,0.40144825972107606,-0.20298866039061697,6.780132011385831e-13,1.045719066894435e-12,1.045719066894435e-12,0.1891543436567727,-1.8999644959050528,0.18915434365637257,-1.8999644959045767,4.001243780749064e-13,4.760636329592671e-13,6.21881098407249e-13,6.241118732930317e-13,-24.525000000004063,4.0607517348689726e-12,-4.0607517348689726e-12,-1.6557601365418848e-13,-24.52499999999441,5.5919713304319885e-12,5.5919713304319885e-12,2.2801106342230327e-13
screenshot_like_simple_start,dop853_reference,DOP853,1e-11,1e-13,0.5356695869837297,0.40243289148343986,-0.2162614099156861,0.40243289148465,-0.21626140991731713,1.2101430968414206e-12,1.6310286454768175e-12,1.6310286454768175e-12,0.17707840312007483,-1.896817354964674,0.17707840311959527,-1.89681735496385,4.795608354868364e-13,8.240075288767912e-13,9.533976099080952e-13,1.1134981825478008e-12,-24.525000000012085,1.2082779221600504e-11,-1.2082779221600504e-11,-4.92671935641203e-13,-24.525000000002045,2.042810365310288e-12,-2.042810365310288e-12,-8.329501999226454e-14
screenshot_like_simple_start,dop853_reference,DOP853,1e-11,1e-13,0.5406758448060075,0.4031660250876971,-0.22927608959088328,0.40316602508819727,-0.22927608959169277,5.00155472593633e-13,8.094913628298173e-13,8.094913628298173e-13,0.16505987132067299,-1.8936546467688942,0.16505987132034475,-1.893654646768514,3.2823743723042753e-13,3.801403636316536e-13,5.02241486997644e-13,4.600764214046649e-13,-24.525000000004212,4.209965709378594e-12,-4.209965709378594e-12,-1.7166017163623215e-13,-24.5250000000088,8.79651906871004e-12,-8.79651906871004e-12,-3.5867559913190785e-13
screenshot_like_simple_start,dop853_reference,DOP853,1e-11,1e-13,0.5456821026282854,0.4036499326526429,-0.24203364407292896,0.403649932653266,-0.24203364407382624,6.231126725708691e-13,8.972822485020515e-13,8.972822485020515e-13,0.15310006228033157,-1.8904860753146522,0.15310006228003348,-1.8904860753141923,2.9809488211185453e-13,4.598543767997398e-13,5.480206260745644e-13,5.730416141602745e-13,-24.525000000003946,3.943512183468556e-12,-3.943512183468556e-12,-1.6079560381115416e-13,-24.525000000006344,6.341593916658894e-12,-6.341593916658894e-12,-2.58576714236856e-13
screenshot_like_simple_start,dop853_reference,DOP853,1e-11,1e-13,0.5506883604505632,0.4038869883016762,-0.2545350279776998,0.4038869883021698,-0.25453502797843114,4.936051567483446e-13,7.313594174718219e-13,7.313594174718219e-13,0.14120009978427928,-1.8873208534134047,0.14120009978402537,-1.8873208534130268,2.539080057317733e-13,3.779199175824033e-13,4.552941241441369e-13,4.5391468361799525e-13,-24.525000000003057,3.055333763768431e-12,-3.055333763768431e-12,-1.2458037772756087e-13,-24.525000000005914,5.9117155615240335e-12,-5.9117155615240335e-12,-2.4104854481239686e-13
screenshot_like_simple_start,dop853_reference,DOP853,1e-11,1e-13,0.5556946182728411,0.40387964837401685,-0.2667811824855372,0.40387964837425094,-0.26678118248581345,2.3409052474221426e-13,2.7622348852673895e-13,2.7622348852673895e-13,0.129360937805295,-1.884167721804911,0.12936093780524383,-1.8841677218047463,5.1181281435219717e-14,1.6475709685437323e-13,1.7252369267214427e-13,2.1527224447481785e-13,-24.525000000007232,7.229772336359019e-12,-7.229772336359019e-12,-2.9479194032044926e-13,-24.52500000001308,1.3077539051664644e-11,-1.3077539051664644e-11,-5.332329888548275e-13
screenshot_like_simple_start,dop853_reference,DOP853,1e-11,1e-13,0.5607008760951189,0.4036304342068445,-0.27877301564302526,0.40363043420700867,-0.2787730156433226,1.641464741908294e-13,2.973177259946169e-13,2.973177259946169e-13,0.11758337918262346,-1.8810349684818441,0.11758337918248857,-1.881034968481698,1.3489209749195652e-13,1.461053500406706e-13,1.9885334112427276e-13,1.5093482019779003e-13,-24.52500000000405,4.0465408801537706e-12,-4.0465408801537706e-12,-1.6499657003685096e-13,-24.525000000010838,1.0835776720341528e-11,-1.0835776720341528e-11,-4.41825758219838e-13
screenshot_like_simple_start,dop853_reference,DOP853,1e-11,1e-13,0.5657071339173968,0.40314191717147646,-0.29051138591833314,0.40314191717268505,-0.2905113859201383,1.2085887846069454e-12,1.8051671268892733e-12,1.8051671268892733e-12,0.10586809268522257,-1.8779304479301677,0.10586809268460479,-1.8779304479291765,6.177836020526684e-13,9.912071163853398e-13,1.167967519470516e-12,1.1117218257084005e-12,-24.5250000000035,3.4994229736184934e-12,-3.4994229736184934e-12,-1.4268799076935753e-13,-24.52499999999401,5.993427976136445e-12,5.993427976136445e-12,2.443803456120874e-13
screenshot_like_simple_start,dop853_reference,DOP853,1e-11,1e-13,0.5707133917396746,0.402416705697488,-0.30199708863173524,0.4024167056980729,-0.3019970886326049,5.849210005237637e-13,8.696376951888851e-13,8.696376951888851e-13,0.09421562858772631,-1.8748616000398317,0.09421562858743426,-1.874861600039344,2.9204416662764743e-13,4.876099524153688e-13,5.683777449511506e-13,5.382361223382759e-13,-24.5250000000041,4.0962788716569776e-12,-4.0962788716569776e-12,-1.670246226975322e-13,-24.52500000000442,4.419575816427823e-12,-4.419575816427823e-12,-1.8020696499196016e-13
screenshot_like_simple_start,dop853_reference,DOP853,1e-11,1e-13,0.5757196495619524,0.40145743402168355,-0.3132308448950895,0.40145743402218614,-0.313230844895767,5.025979632478084e-13,6.775136007775018e-13,6.775136007775018e-13,0.08262643288882299,-1.871835468510721,0.08262643288864108,-1.8718354685103158,1.819100425848319e-13,4.0523140398818214e-13,4.441888724084031e-13,4.626299343613027e-13,-24.525000000005477,5.474731779031572e-12,-5.474731779031572e-12,-2.2323065357926897e-13,-24.525000000007136,7.133849067031406e-12,-7.133849067031406e-12,-2.908806959034212e-13
screenshot_like_simple_start,dop853_reference,DOP853,1e-11,1e-13,0.5807259073842304,0.40026675243991655,-0.3242132927471367,0.4002667524400301,-0.324213292747321,1.1357581541915351e-13,1.8429702208777599e-13,1.8429702208777599e-13,0.07110086029547796,-1.8688587186134569,0.07110086029540785,-1.8688587186133538,7.011058400507864e-14,1.0302869668521453e-13,1.2462105091110057e-13,1.0458300891968975e-13,-24.525000000003967,3.964828465541359e-12,-3.964828465541359e-12,-1.616647692371604e-13,-24.525000000011183,1.1180389947185176e-11,-1.1180389947185176e-11,-4.558772659402721e-13
screenshot_like_simple_start,dop853_reference,DOP853,1e-11,1e-13,0.5857321652065082,0.39884731885534463,-0.33494498019587077,0.3988473188542892,-0.33494498019453445,1.055433518359905e-12,1.3363199435900697e-12,1.3363199435900697e-12,0.059639186091888396,-1.865937654207813,0.05963918609217783,-1.865937654208662,2.894351425197783e-13,8.490985692333197e-13,8.97073621281729e-13,9.726108807228684e-13,-24.525000000002528,2.525979425627156e-12,-2.525979425627156e-12,-1.0299610298173929e-13,-24.525000000029532,2.9530156098189764e-11,-2.9530156098189764e-11,-1.2040838368273094e-12
screenshot_like_simple_start,dop853_reference,DOP853,1e-11,1e-13,0.590738423028786,0.39720179144549317,-0.3454263599178506,0.3972017914453606,-0.3454263599177001,1.325606291402437e-13,1.5049073098793997e-13,1.5049073098793997e-13,0.04824161700407387,-1.8630782339471592,0.04824161700409324,-1.8630782339472614,1.9373391779708982e-14,1.021405182655144e-13,1.0396159762430537e-13,1.2223555501122974e-13,-24.525000000004493,4.490630090003833e-12,-4.490630090003833e-12,-1.8310418307864762e-13,-24.525000000016675,1.667288529461075e-11,-1.667288529461075e-11,-6.798322240412131e-13
screenshot_like_simple_start,dop853_reference,DOP853,1e-11,1e-13,0.5957446808510638,0.3953328222864653,-0.3556577853873771,0.3953328222884163,-0.3556577853899964,1.9509949211737876e-12,2.6192936708469006e-12,2.6192936708469006e-12,0.03690830116459376,-1.860286086625357,0.036908301163938895,-1.8602860866236934,6.548650510751486e-13,1.6635581800983346e-12,1.7878126450195334e-12,1.8005041901858476e-12,-24.525000000006145,6.142641950646066e-12,-6.142641950646066e-12,-2.504645035941311e-13,-24.524999999983038,1.6964207816272392e-11,1.6964207816272392e-11,6.917108181966316e-13
screenshot_like_simple_start,dop853_reference,DOP853,1e-11,1e-13,0.6007509386733417,0.3932430517931204,-0.3656395082369316,0.3932430517936667,-0.3656395082377335,5.462852392668083e-13,8.019140906867506e-13,8.019140906867506e-13,0.025639337273283436,-1.8575665256407423,0.02563933727303913,-1.8575665256402463,2.443045765687657e-13,4.960476474025199e-13,5.529448386828642e-13,5.045963646921336e-13,-24.52500000000378,3.7765346405649325e-12,-3.7765346405649325e-12,-1.5398714130743862e-13,-24.525000000001796,1.794120407794253e-12,-1.794120407794253e-12,-7.315475668885842e-14
screenshot_like_simple_start,dop853_reference,DOP853,1e-11,1e-13,0.6057571964956195,0.39093510385232677,-0.3753716766742475,0.3909351038523488,-0.37537167667433824,2.2037927038809357e-14,9.076073226310655e-14,9.076073226310655e-14,0.014434783042759247,-1.8549245625665929,0.014434783042695187,-1.8549245625665511,6.405986852087153e-14,4.1744385725905886e-14,7.64608428840839e-14,6.405986852087153e-14,-24.52500000000248,2.476241434123949e-12,-2.476241434123949e-12,-1.0096805032105807e-13,-24.5250000000085,8.498091119690798e-12,-8.498091119690798e-12,-3.4650728316782047e-13
screenshot_like_simple_start,dop853_reference,DOP853,1e-11,1e-13,0.6107634543178974,0.38841158154451094,-0.38485433480601566,0.38841158154439115,-0.38485433480591286,1.197930643570544e-13,1.028066520802895e-13,1.197930643570544e-13,0.003294663009002996,-1.8523649198270626,0.003294663008987453,-1.8523649198271466,1.554312234475219e-14,8.393286066166183e-14,8.535990716415919e-14,1.1085576900882188e-13,-24.525000000001818,1.815436689867056e-12,-1.815436689867056e-12,-7.402392211486466e-14,-24.525000000009477,9.475087381360936e-12,-9.475087381360936e-12,-3.8634403185977307e-13
screenshot_like_simple_start,dop853_reference,DOP853,1e-11,1e-13,0.6157697121401753,0.3856750633554814,-0.3940874227287714,0.3856750633548707,-0.3940874227279121,6.107336858462986e-13,8.593126210598712e-13,8.593126210598712e-13,-0.007781024218828869,-1.8498920424922887,-0.007781024218601329,-1.8498920424928482,2.2754020889692583e-13,5.595524044110789e-13,6.040475477535491e-13,5.658806756514423e-13,-24.52500000000891,8.906653192752856e-12,-8.906653192752856e-12,-3.631662871662734e-13,-24.52500000002788,2.787814423754753e-11,-2.787814423754753e-11,-1.1367235163118258e-12
screenshot_like_simple_start,dop853_reference,DOP853,1e-11,1e-13,0.6207759699624531,0.3827280998041591,-0.4030707772765685,0.3827280998029441,-0.4030707772750063,1.2150280781497713e-12,1.5621948179500578e-12,1.5621948179500578e-12,-0.01879229920327663,-1.8475101092043391,-0.01879229920296671,-1.8475101092054058,3.0991875732411245e-13,1.0667022820598504e-12,1.1108120429186095e-12,1.127098414599459e-12,-24.525000000004077,4.0749625895841746e-12,-4.0749625895841746e-12,-1.6615545727152597e-13,-24.525000000031778,3.177547114319168e-11,-3.177547114319168e-11,-1.2956359283666332e-12
screenshot_like_simple_start,dop853_reference,DOP853,1e-11,1e-13,0.6257822277847309,0.37957321040485253,-0.41180413331080784,0.37957321040559616,-0.411804133311689,7.436273818939299e-13,8.811840146449867e-13,8.811840146449867e-13,-0.029739195357620596,-1.8452230422644536,-0.029739195357737447,-1.8452230422638254,1.1685097334179773e-13,6.281641873329136e-13,6.389400568273562e-13,6.906697436193099e-13,-24.5250000000036,3.5988989566249074e-12,-3.5988989566249074e-12,-1.4674409609071997e-13,-24.5249999999984,1.602273869139026e-12,1.602273869139026e-12,6.533226785480228e-14
screenshot_like_simple_start,dop853_reference,DOP853,1e-11,1e-13,0.6307884856070087,0.376212880922066,-0.4202871254809491,0.3762128809234834,-0.42028712548278346,1.417366224387706e-12,1.834365992436915e-12,1.834365992436915e-12,-0.04062175300530013,-1.8430345168925943,-0.040621753005656625,-1.8430345168913251,3.5649261320713777e-13,1.269206961751479e-12,1.3183221514598296e-12,1.3182788194399109e-12,-24.525000000000713,7.105427357601002e-13,-7.105427357601002e-13,-2.8972180866874623e-14,-24.524999999982796,1.7205792346430826e-11,1.7205792346430826e-11,7.01561359691369e-13
screenshot_like_simple_start,dop853_reference,DOP853,1e-11,1e-13,0.6357947434292867,0.37264956084973383,-0.42851929036115,0.3726495608496198,-0.4285192903610777,1.1401990462900358e-13,7.227551890309769e-14,1.1401990462900358e-13,-0.05144001377125751,-1.8409479696989441,-0.05144001377129798,-1.8409479696990156,4.0467629247586956e-14,7.149836278586008e-14,8.215622251527036e-14,1.0619283230539622e-13,-24.5250000000014,1.3962164757685969e-12,-1.3962164757685969e-12,-5.693033540340864e-14,-24.525000000006635,6.632916438320535e-12,-6.632916438320535e-12,-2.704553083922746e-13
screenshot_like_simple_start,dop853_reference,DOP853,1e-11,1e-13,0.6408010012515645,0.3688856610832714,-0.4365000689065926,0.36888566108370846,-0.4365000689069725,4.3703929364369287e-13,3.7991831902672857e-13,4.3703929364369287e-13,-0.06219401526160723,-1.8389666063861814,-0.062194015261543945,-1.8389666063858632,6.328271240363392e-14,3.1818991885756986e-13,3.244218336544998e-13,4.076183834911262e-13,-24.525000000010866,1.0864198429771932e-11,-1.0864198429771932e-11,-4.42984645454513e-13,-24.525000000009094,9.091394304050482e-12,-9.091394304050482e-12,-3.706990541916608e-13
screenshot_like_simple_start,dop853_reference,DOP853,1e-11,1e-13,0.6458072590738423,0.36492355174597274,-0.44422880916918944,0.36492355174572233,-0.4442288091688454,2.5041080320420406e-13,3.44058115331336e-13,3.44058115331336e-13,-0.07288378599339101,-1.8370934087116864,-0.0728837859933143,-1.8370934087119237,7.671641100159832e-14,2.3736568266485847e-13,2.4945515633861017e-13,2.3736568266485847e-13,-24.52500000000416,4.156675004196586e-12,-4.156675004196586e-12,-1.6948725807121654e-13,-24.525000000011246,1.1244338793403585e-11,-1.1244338793403585e-11,-4.584847622182909e-13
screenshot_like_simple_start,dop853_reference,DOP853,1e-11,1e-13,0.6508135168961202,0.36076556013013006,-0.4517047692121718,0.36076556012888156,-0.45170476921064107,1.2485013023422198e-12,1.5307199952019346e-12,1.5307199952019346e-12,-0.08350934054004516,-1.8353311407445687,-0.08350934053983605,-1.8353311407456774,2.0911050668814823e-13,1.1086687123906813e-12,1.1282169639929127e-12,1.1681211553593585e-12,-24.52500000000281,2.8066438062523957e-12,-2.8066438062523957e-12,-1.1444011442415476e-13,-24.525000000025027,2.502531515347073e-11,-2.502531515347073e-11,-1.0204002101313242e-12
screenshot_like_simple_start,dop853_reference,DOP853,1e-11,1e-13,0.655819774718398,0.3564139687485301,-0.45892712020055126,0.35641396874684705,-0.45892712019843485,1.683042594180506e-12,2.116418151842936e-12,2.116418151842936e-12,-0.09407067486183801,-1.8336823544277707,-0.09407067486151788,-1.8336823544292957,3.201328091506639e-13,1.525002346625115e-12,1.5582416926480959e-12,1.5772938510849599e-12,-24.525000000000947,9.450218385609332e-13,-9.450218385609332e-13,-3.853300055294325e-14,-24.52500000002953,2.952660338451096e-11,-2.952660338451096e-11,-1.2039389759229749e-12
screenshot_like_simple_start,dop853_reference,DOP853,1e-11,1e-13,0.6608260325406758,0.35187101345675437,-0.46589494961069533,0.35187101345598254,-0.4658949496095317,7.718270467194088e-13,1.1636247521096266e-12,1.1636247521096266e-12,-0.10456776179520139,-1.8321493944855052,-0.10456776179488636,-1.832149394486294,3.1502578323738817e-13,7.889244812986362e-13,8.494957806232189e-13,7.889244812986362e-13,-24.524999999994428,5.574207762037986e-12,5.574207762037986e-12,2.2728675890063141e-13,-24.525000000009754,9.752199048307375e-12,-9.752199048307375e-12,-3.976431823978542e-13
screenshot_like_simple_start,dop853_reference,DOP853,1e-11,1e-13,0.6658322903629537,0.3471388816400008,-0.4726072645359011,0.347138881641075,-0.472607264536824,1.0741962874760702e-12,9.229284003708926e-13,1.0741962874760702e-12,-0.11500054667658932,-1.8307344026923968,-0.11500054667640092,-1.8307344026916113,1.8840484727888906e-13,7.855938122247608e-13,8.078700540829658e-13,1.0101364189551987e-12,-24.525000000002183,2.1813661987835076e-12,-2.1813661987835076e-12,-8.89445952613051e-14,-24.524999999991376,8.625988812127616e-12,8.625988812127616e-12,3.517222757238579e-13
screenshot_like_simple_start,dop853_reference,DOP853,1e-11,1e-13,0.6708385481852316,0.3422197104568811,-0.479062995066468,0.3422197104581496,-0.4790629950677771,1.2684853167854726e-12,1.3091194794867533e-12,1.3091194794867533e-12,-0.1253689430809128,-1.8294393215219804,-0.12536894308087965,-1.8294393215209512,3.314015728506092e-14,1.0291767438275201e-12,1.0297101728449105e-12,1.194933041404056e-12,-24.525000000019773,1.9770851622524788e-11,-1.9770851622524788e-11,-8.061509326207864e-13,-24.525000000003814,3.8120617773529375e-12,-3.8120617773529375e-12,-1.5543575035078235e-13
screenshot_like_simple_start,dop853_reference,DOP853,1e-11,1e-13,0.6758448060075094,0.3371155851249377,-0.48526099771436315,0.33711558512471773,-0.48526099771398173,2.1999069232947477e-13,3.8141712010997253e-13,3.8141712010997253e-13,-0.1356728286561864,-1.8282658971998687,-0.13567282865605668,-1.8282658972001191,1.2972956042744954e-13,2.504663143554353e-13,2.820693770608483e-13,2.504663143554353e-13,-24.5250000000062,6.199485369506874e-12,-6.199485369506874e-12,-2.527822780634811e-13,-24.525000000010177,1.0174971976084635e-11,-1.0174971976084635e-11,-4.148816300136446e-13
screenshot_like_simple_start,dop853_reference,DOP853,1e-11,1e-13,0.6808510638297872,0.33182853723669553,-0.49120005885744883,0.3318285372357856,-0.49120005885604134,9.099387909827783e-13,1.4074852394685422e-12,1.4074852394685422e-12,-0.1459120410384756,-1.8272156821842462,-0.14591204103809485,-1.8272156821852066,3.8075098629519744e-13,9.603429163007604e-13,1.0330681635080112e-12,9.603429163007604e-13,-24.52499999999633,3.673505943879718e-12,3.673505943879718e-12,1.497861750817418e-13,-24.5250000000107,1.0697220886868308e-11,-1.0697220886868308e-11,-4.361761829507974e-13
screenshot_like_simple_start,dop853_reference,DOP853,1e-11,1e-13,0.6858573216520651,0.3263605431289238,-0.49687889821590664,0.326360543127553,-0.49687889821396,1.3707923685046808e-12,1.9466650513777495e-12,1.9466650513777495e-12,-0.15608637383404728,-1.8262900370680826,-0.15608637383363444,-1.82629003706945,4.1283643170686446e-13,1.3673506771283428e-12,1.4283143189045588e-12,1.3673506771283428e-12,-24.524999999995924,4.078515303262975e-12,4.078515303262975e-12,1.6630031817586033e-13,-24.52500000001543,1.5429435507030576e-11,-1.5429435507030576e-11,-6.291309075241825e-13
screenshot_like_simple_start,dop853_reference,DOP853,1e-11,1e-13,0.690863579474343,0.32071352228221395,-0.5022961723277201,0.32071352227870054,-0.5022961723227004,3.5134117837287704e-12,5.01965136123772e-12,5.01965136123772e-12,-0.16619557265917945,-1.825490131934129,-0.16619557265811408,-1.8254901319376533,1.0653700144303002e-12,3.524291969370097e-12,3.681799444974397e-12,3.524291969370097e-12,-24.52499999997557,2.4432011969111045e-11,2.4432011969111045e-11,9.96208439107484e-13,-24.525000000026687,2.6684432441470562e-11,-2.6684432441470562e-11,-1.0880502524554765e-12
screenshot_like_simple_start,dop853_reference,DOP853,1e-11,1e-13,0.6958698372966208,0.3148893357585475,-0.5074504780147127,0.31488933575270117,-0.5074504780059279,5.846323425373612e-12,8.784750704649014e-12,8.784750704649014e-12,-0.1762393312225662,-1.824816947172486,-0.17623933122044727,-1.8248169471785658,2.1189161536483425e-12,6.079803327452282e-12,6.438463649558933e-12,6.079803327452282e-12,-24.524999999940125,5.987743634250364e-11,5.987743634250364e-11,2.4414856816515244e-12,-24.525000000030836,3.083400201830955e-11,-3.083400201830955e-11,-1.2572477887180243e-12
screenshot_like_simple_start,dop853_reference,DOP853,1e-11,1e-13,0.7008760951188986,0.3088897846884728,-0.5123403558478732,0.3088897846847772,-0.5123403558417968,3.6955993820697586e-12,6.076361636075944e-12,6.076361636075944e-12,-0.1862172874475027,-1.8242712737611528,-0.18621728744572724,-1.8242712737652549,1.7754686609805503e-12,4.102052031385028e-12,4.469800871886141e-12,4.102052031385028e-12,-24.52499999995947,4.0532910361434915e-11,4.0532910361434915e-11,1.6527180575508628e-12,-24.52500000002222,2.2218671347218333e-11,-2.2218671347218333e-11,-9.059600957071695e-13
screenshot_like_simple_start,dop853_reference,DOP853,1e-11,1e-13,0.7058823529411765,0.3027166088220291,-0.5169642936210537,0.30271660882526397,-0.5169642936252953,3.2348568268503186e-12,4.2416070655804106e-12,4.2416070655804106e-12,-0.19612901962949186,-1.8238537130089503,-0.19612901963009144,-1.8238537130058896,5.995759444488158e-13,3.0606628342866316e-12,3.1188376518095912e-12,3.0877522760874854e-12,-24.5250000000582,5.8197002772431006e-11,-5.8197002772431006e-11,-2.372966473901366e-12,-24.52500000001158,1.1578293879210833e-11,-1.1578293879210833e-11,-4.72101687225722e-13
screenshot_like_simple_start,dop853_reference,DOP853,1e-11,1e-13,0.7108886107634543,0.2963714851448187,-0.5213207298218705,0.2963714851516457,-0.5213207298322248,6.826983423025013e-12,1.0354272994561597e-11,1.0354272994561597e-11,-0.20597404262005214,-1.8235646757741986,-0.20597404262250163,-1.8235646757670478,2.449485059230483e-12,7.150724457005708e-12,7.558626681839298e-12,7.150724457005708e-12,-24.525000000122,1.219966350163304e-10,-1.219966350163304e-10,-4.9743785939380384e-12,-24.52500000000799,7.986500349943526e-12,-7.986500349943526e-12,-3.2564731294367077e-13
screenshot_like_simple_start,dop853_reference,DOP853,1e-11,1e-13,0.7158948685857321,0.2898560265603284,-0.5254080570882578,0.28985602656127013,-0.5254080570897526,9.41746680638289e-13,1.4948042803553108e-12,1.4948042803553108e-12,-0.21575180402853045,-1.8234043811731122,-0.2157518040289212,-1.8234043811720935,3.9074299351682384e-13,1.0187406473960436e-12,1.0911061330775291e-12,1.0187406473960436e-12,-24.525000000028413,2.8411051289367606e-11,-2.8411051289367606e-11,-1.1584526519619818e-12,-24.525000000008163,8.16058332020475e-12,-8.16058332020475e-12,-3.3274549725605505e-13
screenshot_like_simple_start,dop853_reference,DOP853,1e-11,1e-13,0.7209011264080101,0.28317178065330767,-0.5292246256609341,0.2831717806526347,-0.5292246256598822,6.729616863765386e-13,1.0519363158323358e-12,1.0519363158323358e-12,-0.22546168044041853,-1.8233728547772952,-0.2254616804401567,-1.8233728547780141,2.6184610035784317e-13,7.189804307472514e-13,7.651772605547769e-13,7.189804307472514e-13,-24.5250000000035,3.4994229736184934e-12,-3.4994229736184934e-12,-1.4268799076935753e-13,-24.52500000000985,9.848122317634989e-12,-9.848122317634989e-12,-4.0155442681488225e-13
screenshot_like_simple_start,dop853_reference,DOP853,1e-11,1e-13,0.7259073842302879,0.2763202286213229,-0.5327687469563244,0.27632022862036765,-0.5327687469548422,9.552358903874847e-13,1.482147737874584e-12,1.482147737874584e-12,-0.23510297367998556,-1.8234699262223104,-0.2351029736796279,-1.823469926223324,3.576583473829942e-13,1.013633621482768e-12,1.074882603847046e-12,1.013633621482768e-12,-24.52500000000277,2.7675639557855902e-12,-2.7675639557855902e-12,-1.1284664447647666e-13,-24.52500000001321,1.3208989457780262e-11,-1.3208989457780262e-11,-5.385928423151992e-13
screenshot_like_simple_start,dop853_reference,DOP853,1e-11,1e-13,0.7309136420525657,0.26930278428729304,-0.5360386971065207,0.26930278428492904,-0.5360386971027769,2.363997886334346e-12,3.743894083640953e-12,3.743894083640953e-12,-0.24467490707197326,-1.8236952263395998,-0.2446749070710333,-1.8236952263421409,9.399703237988888e-13,2.5410784587620583e-12,2.7093585852018823e-12,2.5410784587620583e-12,-24.524999999995096,4.906297590423492e-12,4.906297590423492e-12,2.0005290888576927e-13,-24.525000000029138,2.913580487984291e-11,-2.913580487984291e-11,-1.1880042764461939e-12
screenshot_like_simple_start,dop853_reference,DOP853,1e-11,1e-13,0.7359198998748435,0.2621207932824777,-0.5390327205944067,0.26212079327979054,-0.5390327205902352,2.687183808802729e-12,4.171440970424101e-12,4.171440970424101e-12,-0.2541766217325983,-1.8240481837333846,-0.25417662173161376,-1.8240481837362221,9.845457782375888e-13,2.837508006336975e-12,3.003461682038227e-12,2.837508006336975e-12,-24.52499999999902,9.805489753489383e-13,9.805489753489383e-13,3.998160959628698e-14,-24.525000000036947,3.694466954584641e-11,-3.694466954584641e-11,-1.5064085441731461e-12
screenshot_like_simple_start,dop853_reference,DOP853,1e-11,1e-13,0.7409261576971214,0.2547755324168696,-0.5417490339984082,0.25477553241647927,-0.5417490339979577,3.9035441545820504e-13,4.505285033928885e-13,4.505285033928885e-13,-0.2636071728909031,-1.8245280208037111,-0.2636071728908948,-1.824528020804042,8.271161533457416e-15,3.3084646133829665e-13,3.309498347078988e-13,3.777533841287095e-13,-24.52500000002045,2.0449419935175683e-11,-2.0449419935175683e-11,-8.338193653486516e-13,-24.525000000021496,2.149391775674303e-11,-2.149391775674303e-11,-8.764084712229573e-13
screenshot_like_simple_start,dop853_reference,DOP853,1e-11,1e-13,0.7459324155193993,0.2472682092615264,-0.5441858298696843,0.2472682092623094,-0.5441858298705827,7.830125436925073e-13,8.983924715266767e-13,8.983924715266767e-13,-0.2729655262421694,-1.8251337492126682,-0.2729655262421788,-1.8251337492120114,9.381384558082573e-15,6.568079413682426e-13,6.568749365142618e-13,7.591982598142977e-13,-24.525000000013357,1.3354650718611083e-11,-1.3354650718611083e-11,-5.445321393929085e-13,-24.52500000000154,1.538325022920617e-12,-1.538325022920617e-12,-6.272477157678355e-14
screenshot_like_simple_start,dop853_reference,DOP853,1e-11,1e-13,0.7509386733416771,0.23959996196794425,-0.5463412807639888,0.23959996196799677,-0.5463412807637533,5.2513549064769904e-14,2.354783035229957e-13,2.354783035229957e-13,-0.2822505543349078,-1.8258641647936364,-0.2822505543346556,-1.8258641647937464,2.521871600436043e-13,1.099120794378905e-13,2.75098216819411e-13,2.521871600436043e-13,-24.52500000000452,4.519051799434237e-12,-4.519051799434237e-12,-1.842630703133226e-13,-24.52500000000189,1.886490963443066e-12,-1.886490963443066e-12,-7.692114020155213e-14
screenshot_like_simple_start,dop853_reference,DOP853,1e-11,1e-13,0.755944931163955,0.23177185938250747,-0.5482135435126241,0.23177185938191022,-0.5482135435115892,5.97244476097103e-13,1.0348388812531084e-12,1.0348388812531084e-12,-0.291461033014966,-1.8267178418666066,-0.2914610330146641,-1.826717841867283,3.019251515468113e-13,6.763478666016454e-13,7.406789005994177e-13,6.763478666016454e-13,-24.52500000000372,3.716138508025324e-12,-3.716138508025324e-12,-1.5152450593375427e-13,-24.525000000006784,6.782130412830156e-12,-6.782130412830156e-12,-2.765394663743183e-13
screenshot_like_simple_start,dop853_reference,DOP853,1e-11,1e-13,0.7609511889862328,0.22378490148342461,-0.5498007637546114,0.2237849014825834,-0.549800763753153,8.412159857584811e-13,1.4583889651476056e-12,1.4583889651476056e-12,-0.30059563792737987,-1.8276931269668917,-0.30059563792695665,-1.8276931269678405,4.2321701698710967e-13,9.487965968446588e-13,1.0389069379167093e-12,9.487965968446588e-13,-24.52500000000039,3.872457909892546e-13,-3.872457909892546e-13,-1.5789838572446668e-14,-24.525000000006447,6.444622613344109e-12,-6.444622613344109e-12,-2.6277768046255283e-13
screenshot_like_simple_start,dop853_reference,DOP853,1e-11,1e-13,0.7659574468085106,0.21564002018829057,-0.551101080791797,0.21564002018741818,-0.5511010807904798,8.723854971748324e-13,1.3171685964152857e-12,1.3171685964152857e-12,-0.30965294109174324,-1.828788131974151,-0.3096529410914733,-1.8287881319750277,2.699507284376068e-13,8.766321002440236e-13,9.172552725180938e-13,8.766321002440236e-13,-24.525000000008347,8.345324431502377e-12,-8.345324431502377e-12,-3.4027826428144245e-13,-24.52500000001305,1.304911734223424e-11,-1.304911734223424e-11,-5.320741016201525e-13
screenshot_like_simple_start,dop853_reference,DOP853,1e-11,1e-13,0.7709637046307886,0.20733808059419198,-0.5521126328513879,0.20733808059274886,-0.552112632849295,1.4431233985590097e-12,2.0928814237208826e-12,2.0928814237208826e-12,-0.3186314075742399,-1.8300007266201563,-0.3186314075738702,-1.830000726621551,3.6970426720017713e-13,1.3946621635341216e-12,1.4428318667050909e-12,1.4122314428988147e-12,-24.525000000010817,1.0814460438268725e-11,-1.0814460438268725e-11,-4.4095659279383174e-13,-24.52500000002434,2.4339641413462232e-11,-2.4339641413462232e-11,-9.924420555947903e-13
screenshot_like_simple_start,dop853_reference,DOP853,1e-11,1e-13,0.7759699624530664,0.1988798826988716,-0.5528335628125508,0.1988798826976057,-0.5528335628104619,1.2659040482532191e-12,2.088884620832232e-12,2.088884620832232e-12,-0.3275293922705931,-1.831328530379079,-0.3275293922700564,-1.831328530380426,5.366818101038007e-13,1.347144618080165e-12,1.450112405063361e-12,1.347144618080165e-12,-24.52500000000498,4.977351863999502e-12,-4.977351863999502e-12,-2.0295012697245673e-13,-24.525000000017226,1.722355591482483e-11,-1.722355591482483e-11,-7.022856642130408e-13
screenshot_like_simple_start,dop853_reference,DOP853,1e-11,1e-13,0.7809762202753442,0.19026616367580096,-0.5532620244973834,0.19026616367580826,-0.5532620244969976,7.299716386910404e-15,3.858025010572419e-13,3.858025010572419e-13,-0.3363451368300296,-1.8327689037250394,-0.33634513682969414,-1.8327689037252408,3.3545388689049105e-13,2.013944566670034e-13,3.9126594204726773e-13,3.3545388689049105e-13,-24.525000000004454,4.451550239537028e-12,-4.451550239537028e-12,-1.815107131309695e-13,-24.524999999999032,9.698908343125368e-13,9.698908343125368e-13,3.954702688328386e-14
screenshot_like_simple_start,dop853_reference,DOP853,1e-11,1e-13,0.785982478097622,0.1814976007786198,-0.5533961896272224,0.18149760077835364,-0.5533961896265258,2.6614821457826565e-13,6.965539256498232e-13,6.965539256498232e-13,-0.34507676675108445,-1.8343189387519545,-0.3450767667507536,-1.8343189387523684,3.3084646133829665e-13,4.1389114358025836e-13,5.29872871275976e-13,4.1389114358025836e-13,-24.525000000004212,4.209965709378594e-12,-4.209965709378594e-12,-1.7166017163623215e-13,-24.525000000000983,9.805489753489383e-13,-9.805489753489383e-13,-3.998160959628698e-14
screenshot_like_simple_start,dop853_reference,DOP853,1e-11,1e-13,0.7909887359198999,0.1725748149495705,-0.5532342555413116,0.17257481494911184,-0.553234255540513,4.586608870482678e-13,7.985834216128751e-13,7.985834216128751e-13,-0.3537222886810443,-1.8359754491657594,-0.3537222886808167,-1.8359754491662579,2.275957200481571e-13,4.984901380566953e-13,5.479892604093826e-13,4.984901380566953e-13,-24.525000000008063,8.061107337198337e-12,-8.061107337198337e-12,-3.286893919346926e-13,-24.525000000005544,5.5422333389287814e-12,-5.5422333389287814e-12,-2.2598301076162207e-13
screenshot_like_simple_start,dop853_reference,DOP853,1e-11,1e-13,0.7959949937421777,0.1634983752308983,-0.5527744538156033,0.16349837523023483,-0.552774453814448,6.634692795159935e-13,1.1552980794249379e-12,1.1552980794249379e-12,-0.3622795879658361,-1.8377349596480532,-0.3622795879655075,-1.8377349596487678,3.285705041378151e-13,7.145395386487507e-13,7.864638125697504e-13,7.145395386487507e-13,-24.525000000005072,5.069722419648315e-12,-5.069722419648315e-12,-2.0671651048515043e-13,-24.525000000004944,4.941824727211497e-12,-4.941824727211497e-12,-2.01501517929113e-13
screenshot_like_simple_start,dop853_reference,DOP853,1e-11,1e-13,0.8010012515644556,0.15426880407258803,-0.5520150599057758,0.1542688040715038,-0.552015059904082,1.0842160502733122e-12,1.6938672686706013e-12,1.6938672686706013e-12,-0.37074642649605316,-1.8395936946161202,-0.37074642649568224,-1.8395936946171751,3.709255125272648e-13,1.0549339179988237e-12,1.1182447438678007e-12,1.0713374631876604e-12,-24.525000000004816,4.813927034774679e-12,-4.813927034774679e-12,-1.9628652537307557e-13,-24.52500000000629,6.288303211476887e-12,-6.288303211476887e-12,-2.564038006718404e-13
screenshot_like_simple_start,dop853_reference,DOP853,1e-11,1e-13,0.8060075093867335,0.1448865836565206,-0.5509544039823943,0.14488658365516777,-0.5509544039802438,1.3528345110813689e-12,2.1505019986989282e-12,2.1505019986989282e-12,-0.37912044091185504,-1.8415475663969534,-0.37912044091136143,-1.8415475663982743,4.936051567483446e-13,1.3209433546990113e-12,1.4101550968216354e-12,1.3386514119417825e-12,-24.525000000003836,3.8333780594257405e-12,-3.8333780594257405e-12,-1.5630491577678859e-13,-24.525000000007807,7.8053119523247e-12,-7.8053119523247e-12,-3.182594068226177e-13
screenshot_like_simple_start,dop853_reference,DOP853,1e-11,1e-13,0.8110137672090113,0.1353521633510505,-0.5495908831114362,0.13535216335055616,-0.5495908831102807,4.94326801714351e-13,1.155520124029863e-12,1.155520124029863e-12,-0.38739914123007385,-1.8435921628652694,-0.3873991412295783,-1.84359216286594,4.955480470414386e-13,6.705747068735946e-13,8.338095132733801e-13,6.705747068735946e-13,-24.525000000008664,8.661515948915621e-12,-8.661515948915621e-12,-3.5317088476720165e-13,-24.52500000000719,7.187139772213413e-12,-7.187139772213413e-12,-2.930536094684368e-13
screenshot_like_simple_start,dop853_reference,DOP853,1e-11,1e-13,0.8160200250312891,0.12566596843790218,-0.5479229749785344,0.1256659684373177,-0.5479229749771684,5.844769113139137e-13,1.3660184094987926e-12,1.3660184094987926e-12,-0.39557990997609827,-1.8457227345943221,-0.395579909975512,-1.845722734595107,5.862532681533139e-13,7.849276784099857e-13,9.79696052229737e-13,7.849276784099857e-13,-24.525000000005118,5.115907697472721e-12,-5.115907697472721e-12,-2.085997022414973e-13,-24.525000000005484,5.481837206389173e-12,-5.481837206389173e-12,-2.2352037538793772e-13
screenshot_like_simple_start,dop853_reference,DOP853,1e-11,1e-13,0.8210262828535669,0.11582841024783352,-0.5459492533417012,0.11582841024710162,-0.5459492533403999,7.319006511963266e-13,1.301292407163146e-12,1.301292407163146e-12,-0.4036600019066241,-1.8479341816070178,-0.403660001906239,-1.8479341816077781,3.8508085609123555e-13,7.602807272633072e-13,8.522406056836192e-13,7.602807272633072e-13,-24.5250000000051,5.098144129078719e-12,-5.098144129078719e-12,-2.078753977198254e-13,-24.525000000003764,3.7623237858497305e-12,-3.7623237858497305e-12,-1.5340769769010113e-13
screenshot_like_simple_start,dop853_reference,DOP853,1e-11,1e-13,0.8260325406758449,0.10583989787444625,-0.5436684054503518,0.10583989787360078,-0.5436684054488388,8.454764666154801e-13,1.5130119379591633e-12,1.5130119379591633e-12,-0.41163654443315245,-1.8502210398173324,-0.4116365444326983,-1.8502210398182042,4.541367282229203e-13,8.717471189356729e-13,9.829461873844696e-13,8.717471189356729e-13,-24.52500000000462,4.618527782440651e-12,-4.618527782440651e-12,-1.8831917563468505e-13,-24.52500000000132,1.3180567748349858e-12,-1.3180567748349858e-12,-5.3743395508052425e-14
screenshot_like_simple_start,dop853_reference,DOP853,1e-11,1e-13,0.8310387984981227,0.09570085162384757,-0.5410792516442925,0.0957008516236916,-0.5410792516441095,1.5597245717202668e-13,1.829647544582258e-13,1.829647544582258e-13,-0.4195065388598415,-1.8525774673054367,-0.4195065388598399,-1.852577467305546,1.609823385706477e-15,1.092459456231154e-13,1.0925780597477626e-13,1.5525081220602033e-13,-24.525000000009683,9.681144774731365e-12,-9.681144774731365e-12,-3.9474596431116673e-13,-24.524999999979634,2.0367707520563272e-11,2.0367707520563272e-11,8.30487564548961e-13
screenshot_like_simple_start,dop853_reference,DOP853,1e-11,1e-13,0.8360450563204005,0.08541171838950364,-0.5381807673974506,0.08541171838997368,-0.5381807673983497,4.700406730506757e-13,8.991696276439143e-13,8.991696276439143e-13,-0.42726686257597685,-1.8549972305830278,-0.42726686257628055,-1.8549972305825269,3.0370150838621157e-13,5.009326287108706e-13,5.85805517815634e-13,5.009326287108706e-13,-24.525000000012426,1.2423839734765352e-11,-1.2423839734765352e-11,-5.065785824573028e-13,-24.524999999963757,3.624478495112271e-11,3.624478495112271e-11,1.4778709460192745e-12
screenshot_like_simple_start,dop853_reference,DOP853,1e-11,1e-13,0.8410513141426784,0.07497298913126216,-0.5349721080498283,0.07497298913000165,-0.5349721080471433,1.2605055887959793e-12,2.6849633627534786e-12,2.6849633627534786e-12,-0.4349142723514998,-1.8574736910659202,-0.434914272350447,-1.8574736910673835,1.052824494252036e-12,1.4632739464559563e-12,1.8026674840562926e-12,1.4632739464559563e-12,-24.525000000006894,6.892264536872972e-12,-6.892264536872972e-12,-2.8103015440868384e-13,-24.525000000009793,9.79127889877418e-12,-9.79127889877418e-12,-3.992366523455323e-13
screenshot_like_simple_start,dop853_reference,DOP853,1e-11,1e-13,0.8460575719649562,0.06438521865552362,-0.5314526364999642,0.06438521865326818,-0.5314526364953595,2.2554319523138133e-12,4.604761016935299e-12,4.604761016935299e-12,-0.4424454089084871,-1.8599997920065237,-0.44244540890676826,-1.8599997920090026,1.7188472867246674e-12,2.4789059693830495e-12,3.0165229652902804e-12,2.4789059693830495e-12,-24.52500000000973,9.727330052555772e-12,-9.727330052555772e-12,-3.966291560675136e-13,-24.525000000032254,3.225153477615095e-11,-3.225153477615095e-11,-1.3150472895474392e-12
screenshot_like_simple_start,dop853_reference,DOP853,1e-11,1e-13,0.851063829787234,0.05364904789643807,-0.5276219541338534,0.05364904789545781,-0.5276219541320005,9.802575418049742e-13,1.8528512057969238e-12,1.8528512057969238e-12,-0.4498568029610346,-1.8625680461938319,-0.4498568029604125,-1.8625680461948173,6.220579606974752e-13,9.85433956657289e-13,1.1653480979519987e-12,9.85433956657289e-13,-24.525000000022455,2.2453150450019166e-11,-2.2453150450019166e-11,-9.155209153932381e-13,-24.52500000000866,8.65796323523682e-12,-8.65796323523682e-12,-3.5302602386286727e-13
screenshot_like_simple_start,dop853_reference,DOP853,1e-11,1e-13,0.8560700876095119,0.042765228879785566,-0.5234799352346451,0.0427652288791201,-0.5234799352334921,6.654676809603188e-13,1.152966611073225e-12,1.152966611073225e-12,-0.4571448829274762,-1.8651705248060433,-0.4571448829271425,-1.8651705248066484,3.336775300510908e-13,6.050715484207103e-13,6.909792129791117e-13,6.648639971906789e-13,-24.525000000022704,2.27018404075352e-11,-2.27018404075352e-11,-9.256611786966443e-13,-24.525000000003395,3.3928415632544784e-12,-3.3928415632544784e-12,-1.3834216363932631e-13
screenshot_like_simple_start,dop853_reference,DOP853,1e-11,1e-13,0.8610763454317898,0.03173465255569544,-0.519026765130898,0.031734652556455106,-0.5190267651320831,7.596631657058595e-13,1.1851630787873546e-12,1.1851630787873546e-12,-0.4643059845473354,-1.8677988478557266,-0.46430598454760524,-1.8677988478551146,2.698397061351443e-13,6.119549311733863e-13,6.68806627355415e-13,7.592815265411446e-13,-24.525000000015545,1.554312234475219e-11,-1.554312234475219e-11,-6.337664564628824e-13,-24.524999999962795,3.7207570358077646e-11,3.7207570358077646e-11,1.5171282510938896e-12
screenshot_like_simple_start,dop853_reference,DOP853,1e-11,1e-13,0.8660826032540676,0.020558379655494747,-0.5142629822866297,0.020558379657583545,-0.5142629822896674,2.088797884658433e-12,3.037681217676891e-12,3.037681217676891e-12,-0.471336362640834,-1.8704441767598299,-0.4713363626413904,-1.8704441767582929,5.563882687908972e-13,1.5369927552910667e-12,1.6345992277819529e-12,2.088357264895535e-12,-24.52500000000548,5.4782844927103724e-12,-5.4782844927103724e-12,-2.2337551448360333e-13,-24.524999999940604,5.939781999586558e-11,5.939781999586558e-11,2.4219294595663842e-12
screenshot_like_simple_start,dop853_reference,DOP853,1e-11,1e-13,0.8710888610763454,0.00923767470108314,-0.5091895245082276,0.009237674698853553,-0.5091895245037718,2.229588041968711e-12,4.455880109333066e-12,4.455880109333066e-12,-0.478232205272328,-1.8730972096430945,-0.4782322052706669,-1.8730972096452874,1.6611156894441592e-12,2.192912518239609e-12,2.7510308334094565e-12,2.229492632177532e-12,-24.525000000015968,1.596589527252945e-11,-1.596589527252945e-11,-6.510049040786728e-13,-24.5250000000376,3.75983688627457e-11,-3.75983688627457e-11,-1.5330629505706706e-12
screenshot_like_simple_start,dop853_reference,DOP853,1e-11,1e-13,0.8760951188986233,-0.0022259567611695556,-0.5038077793553494,-0.002225956763814166,-0.5038077793504384,2.644610225255306e-12,4.9109605271269174e-12,4.9109605271269174e-12,-0.48498965057849797,-1.8757481800851405,-0.4849896505768418,-1.8757481800875055,1.6561751969845773e-12,2.3649970870565085e-12,2.8872352700971e-12,2.644603720042271e-12,-24.52500000002208,2.2076562800066313e-11,-2.2076562800066313e-11,-9.001656595337946e-13,-24.52500000004076,4.0756731323199347e-11,-4.0756731323199347e-11,-1.6618442945239284e-12
screenshot_like_simple_start,dop853_reference,DOP853,1e-11,1e-13,0.8811013767209012,-0.013830727687716753,-0.49811963876234033,-0.013830727690414796,-0.4981196387581349,2.6980431777623437e-12,4.2054137949776305e-12,4.2054137949776305e-12,-0.491604806525753,-1.878386860109221,-0.4916048065247564,-1.878386860111193,9.965916980547718e-13,1.971978136339203e-12,2.2095005731684094e-12,2.697786438687899e-12,-24.525000000004777,4.774847184307873e-12,-4.774847184307873e-12,-1.9469305542539746e-13,-24.525000000005402,5.4001247917767614e-12,-5.4001247917767614e-12,-2.2018857458824713e-13
screenshot_like_simple_start,dop853_reference,DOP853,1e-11,1e-13,0.886107634543179,-0.025574525919751498,-0.49212755772630307,-0.02557452592032871,-0.4921275577251289,5.772118893965228e-13,1.1741718708435656e-12,1.1741718708435656e-12,-0.498073773848679,-1.8810025683171863,-0.49807377384822116,-1.8810025683177263,4.578559753554146e-13,5.400124791776761e-13,7.079869856404693e-13,5.770210698141653e-13,-24.525000000003413,3.410605131648481e-12,-3.410605131648481e-12,-1.390664681609982e-13,-24.52500000000027,2.6645352591003757e-13,-2.6645352591003757e-13,-1.0864567825077983e-14
screenshot_like_simple_start,dop853_reference,DOP853,1e-11,1e-13,0.8911138923654568,-0.03745486756693757,-0.4858346168400146,-0.037454867563693886,-0.4858346168446464,3.2436830998960886e-12,4.631794947584922e-12,4.631794947584922e-12,-0.5043926724107399,-1.8835841841256418,-0.5043926724115944,-1.8835841841236003,8.544276397515205e-13,2.041478097680738e-12,2.213070133294812e-12,3.241407142695607e-12,-24.525000000006425,6.423306331271306e-12,-6.423306331271306e-12,-2.619085150365466e-13,-24.524999999956812,4.319034019317769e-11,4.319034019317769e-11,1.761074013992974e-12
screenshot_like_simple_start,dop853_reference,DOP853,1e-11,1e-13,0.8961201501877347,-0.04946884779633649,-0.4792445880871055,-0.04946884779576294,-0.47924458808727777,5.735550923091637e-13,1.7225110227059304e-13,5.735550923091637e-13,-0.5105576711611602,-1.886120169210459,-0.5105576711607401,-1.886120169210408,4.2010839251815923e-13,5.10702591327572e-14,4.2320117300413847e-13,5.728542640248691e-13,-24.525000000013023,1.3020695632803836e-11,-1.3020695632803836e-11,-5.309152143854774e-13,-24.52500000001536,1.5358381233454566e-11,-1.5358381233454566e-11,-6.262336894374949e-13
screenshot_like_simple_start,dop853_reference,DOP853,1e-11,1e-13,0.9011264080100125,-0.06161308945574363,-0.47236200328165256,-0.06161308946199053,-0.4723620032713691,6.246898831552272e-12,1.0283440765590512e-11,1.0283440765590512e-11,-0.5165650218362287,-1.8885985972258212,-0.5165650218333063,-1.8885985972301151,2.922329045418337e-12,4.2938985700402554e-12,5.193993837066944e-12,6.235047200764399e-12,-24.524999999992968,7.034373084024992e-12,7.034373084024992e-12,2.8682459058205876e-13,-24.525000000077632,7.763034659546975e-11,-7.763034659546975e-11,-3.165355620610387e-12
screenshot_like_simple_start,dop853_reference,DOP853,1e-11,1e-13,0.9061326658322904,-0.07388369028682591,-0.46519222407485344,-0.07388369028848935,-0.4651922240720248,1.6634332800080642e-12,2.828626222139974e-12,2.828626222139974e-12,-0.5224110964371635,-1.8910071929685235,-0.5224110964362944,-1.8910071929696697,8.691936059790351e-13,1.1461942506230116e-12,1.4384918438545577e-12,1.658895243394909e-12,-24.525000000002997,2.9949376312288223e-12,-2.9949376312288223e-12,-1.2211774235387654e-13,-24.525000000006585,6.583178446817328e-12,-6.583178446817328e-12,-2.6842725573159336e-13
screenshot_like_simple_start,dop853_reference,DOP853,1e-11,1e-13,0.9111389236545683,-0.08627616958980402,-0.4577415123057453,-0.08627616959117752,-0.4577415123033255,1.3734985371272046e-12,2.41978659332176e-12,2.41978659332176e-12,-0.5280924284364202,-1.8933333820594942,-0.528092428435618,-1.8933333820604452,8.022471575941381e-13,9.51017042893909e-13,1.2442001116149078e-12,1.3683915112139289e-12,-24.525000000004916,4.913403017781093e-12,-4.913403017781093e-12,-2.0034263069443802e-13,-24.52500000000781,7.808864666003501e-12,-7.808864666003501e-12,-3.184042677269521e-13
screenshot_like_simple_start,dop853_reference,DOP853,1e-11,1e-13,0.9161451814768461,-0.0987854155844135,-0.4500170989328227,-0.09878541558596513,-0.450017098930148,1.5516199436405032e-12,2.674693799775696e-12,2.674693799775696e-12,-0.5336057574856488,-1.8955643522122274,-0.5336057574847843,-1.8955643522132377,8.644196469731469e-13,1.0103029524088925e-12,1.3296365600115336e-12,1.5440565492852443e-12,-24.52499999999799,2.0108359422010835e-12,2.0108359422010835e-12,8.199127185325518e-14,-24.525000000012803,1.2800427384718205e-11,-1.2800427384718205e-11,-5.219338383167463e-13
screenshot_like_simple_start,dop853_reference,DOP853,1e-11,1e-13,0.9211514392991239,-0.11140563483527821,-0.4420272496173167,-0.11140563483698974,-0.4420272496143676,1.7115336925499491e-12,2.9490854203118033e-12,2.9490854203118033e-12,-0.5389480772652108,-1.8976871269169995,-0.5389480772642461,-1.897687126918071,9.646727860967985e-13,1.071587263368201e-12,1.4418366229391976e-12,1.7009310626647789e-12,-24.52500000000333,3.3288927170360694e-12,-3.3288927170360694e-12,-1.357346673613076e-13,-24.525000000019382,1.9380053117856733e-11,-1.9380053117856733e-11,-7.902162331440053e-13
screenshot_like_simple_start,dop853_reference,DOP853,1e-11,1e-13,0.9261576971214017,-0.12413030545387653,-0.43378132454722246,-0.12413030545568544,-0.4337813245441558,1.8089141295973832e-12,3.0666580386196074e-12,3.0666580386196074e-12,-0.5441166858919448,-1.8996886521737293,-0.5441166858909572,-1.8996886521747944,9.876544027065393e-13,1.0651479698253752e-12,1.4525843923189898e-12,1.7949947084261453e-12,-24.525000000002223,2.220446049250313e-12,-2.220446049250313e-12,-9.05380652089832e-14,-24.525000000005765,5.7625015870144125e-12,-5.7625015870144125e-12,-2.3496438683035317e-13
screenshot_like_simple_start,dop853_reference,DOP853,1e-11,1e-13,0.9311639549436797,-0.13695213601096612,-0.42528982978579644,-0.13695213601291412,-0.4252898297825032,1.9479973190072997e-12,3.293254557945602e-12,3.293254557945602e-12,-0.5491092380828682,-1.9015558965460726,-0.5491092380817981,-1.901555896547165,1.0700329511337259e-12,1.092459456231154e-12,1.5291952720371651e-12,1.9297619058278315e-12,-24.525000000000283,2.8066438062523957e-13,-2.8066438062523957e-13,-1.1444011442415476e-14,-24.52500000001005,1.0047074283647817e-11,-1.0047074283647817e-11,-4.096666374576072e-13
screenshot_like_simple_start,dop853_reference,DOP853,1e-11,1e-13,0.9361702127659575,-0.1498630322711634,-0.4165644571863302,-0.14986303227393605,-0.41656445718179663,2.7726432261232503e-12,4.5335402099055955e-12,4.5335402099055955e-12,-0.5539237980400689,-1.9032759643453263,-0.5539237980386646,-1.9032759643467467,1.404210081545898e-12,1.4204193377054253e-12,1.997347503075681e-12,2.7415847370093616e-12,-24.524999999988022,1.1979750524915289e-11,1.1979750524915289e-11,4.884709694155062e-13,-24.525000000030513,3.05107050735387e-11,-3.05107050735387e-11,-1.2440654464235963e-12
screenshot_like_simple_start,dop853_reference,DOP853,1e-11,1e-13,0.9411764705882353,-0.1628540740099523,-0.4076181097141759,-0.16285407401048022,-0.407618109713107,5.279110482092619e-13,1.0688672169578695e-12,1.0688672169578695e-12,-0.5585588917749892,-1.904836221204231,-0.5585588917745288,-1.904836221204569,4.604094883120524e-13,3.381739333008227e-13,5.712604538141208e-13,5.209166431541234e-13,-24.525000000003413,3.410605131648481e-12,-3.410605131648481e-12,-1.390664681609982e-13,-24.525000000015506,1.5504042494285386e-11,-1.5504042494285386e-11,-6.321729865152043e-13
screenshot_like_simple_start,dop853_reference,DOP853,1e-11,1e-13,0.9461827284105132,-0.17591550418381677,-0.39846490901294396,-0.1759155041859184,-0.3984649090094416,2.1016244300398057e-12,3.50236506463375e-12,3.50236506463375e-12,-0.5630135573703897,-1.9062244306392526,-0.563013557369231,-1.9062244306402436,1.1587397708012759e-12,9.909850717804147e-13,1.5247062893974784e-12,2.0691781621451355e-12,-24.525000000000524,5.222489107836736e-13,-5.222489107836736e-13,-2.1294552937152847e-14,-24.525000000003494,3.4923175462608924e-12,-3.4923175462608924e-12,-1.4239826896068878e-13
screenshot_like_simple_start,dop853_reference,DOP853,1e-11,1e-13,0.951188986232791,-0.18903673263770515,-0.3891201821845794,-0.18903673263929818,-0.38912018218178057,1.5930312624590215e-12,2.7988167339287884e-12,2.7988167339287884e-12,-0.5672873914855363,-1.9074288994842714,-0.5672873914845113,-1.907428899485034,1.0249578963339445e-12,7.625011733125575e-13,1.277476703725094e-12,1.5646373086042331e-12,-24.524999999992975,7.027267656667391e-12,7.027267656667391e-12,2.8653486877339004e-13,-24.525000000006035,6.0325078266032506e-12,-6.0325078266032506e-12,-2.4597381555976556e-13
screenshot_like_simple_start,dop853_reference,DOP853,1e-11,1e-13,0.9561952440550688,-0.20220635625223898,-0.3796004251618619,-0.20220635625655103,-0.3796004251550535,4.312050716492877e-12,6.808387187362541e-12,6.808387187362541e-12,-0.5713805902913622,-1.908438629315564,-0.5713805902892627,-1.9084386293172209,2.0995427618686335e-12,1.6568968419505836e-12,2.6745816408890545e-12,4.224176564093796e-12,-24.525000000003303,3.3004710076056654e-12,-3.3004710076056654e-12,-1.3457578012663262e-13,-24.52500000001605,1.6047607687141863e-11,-1.6047607687141863e-11,-6.543367048783633e-13
screenshot_like_simple_start,dop853_reference,DOP853,1e-11,1e-13,0.9612015018773468,-0.21541219704921274,-0.3699232406030766,-0.2154121970507879,-0.3699232406006189,1.5751566717625565e-12,2.457700709612709e-12,2.457700709612709e-12,-0.5752939829666022,-1.9092434702735208,-0.5752939829658494,-1.9092434702740726,7.527312106958561e-13,5.517808432387028e-13,9.33309366995137e-13,1.5387413565548513e-12,-24.524999999997824,2.177813485104707e-12,2.177813485104707e-12,8.879973435697073e-14,-24.52499999999702,2.9807267765136203e-12,2.9807267765136203e-12,1.2153829873653905e-13
screenshot_like_simple_start,dop853_reference,DOP853,1e-11,1e-13,0.9662077596996246,-0.22864135912489186,-0.3601072491649869,-0.22864135912571612,-0.3601072491633102,8.242573290573318e-13,1.6766588117889114e-12,1.6766588117889114e-12,-0.5790290559685529,-1.9098342730225757,-0.5790290559677866,-1.9098342730229794,7.66275931596283e-13,4.036770917537069e-13,8.661027639665412e-13,8.028300246820663e-13,-24.52500000000306,3.0588864774472313e-12,-3.0588864774472313e-12,-1.2472523863189526e-13,-24.525000000003978,3.9754866065777605e-12,-3.9754866065777605e-12,-1.620993519501635e-13
screenshot_like_simple_start,dop853_reference,DOP853,1e-11,1e-13,0.9712140175219024,-0.24188030454581522,-0.3501719740541474,-0.24188030454692871,-0.3501719740520291,1.1134981825478008e-12,2.1183055309847987e-12,2.1183055309847987e-12,-0.5825879664743057,-1.910203034112787,-0.5825879664733971,-1.9102030341132468,9.086065233532281e-13,4.598543767997398e-13,1.0183476136083972e-12,1.0810796702287462e-12,-24.525000000002287,2.284394895468722e-12,-2.284394895468722e-12,-9.314556148700191e-14,-24.525000000001477,1.4743761767022079e-12,-1.4743761767022079e-12,-6.011727529876484e-14
screenshot_like_simple_start,dop853_reference,DOP853,1e-11,1e-13,0.9762202753441802,-0.2551149475333698,-0.3401376999009551,-0.25511494753613717,-0.3401376998964432,2.7673974223318965e-12,4.511890860925405e-12,4.511890860925405e-12,-0.585973543679458,-1.910343029759301,-0.5859735436778825,-1.9103430297601078,1.5755174942455596e-12,8.069100942975638e-13,1.7701297339328298e-12,2.6778579353958776e-12,-24.525000000002244,2.241762331323116e-12,-2.241762331323116e-12,-9.140723063498944e-14,-24.524999999989593,1.0409451078885468e-11,1.0409451078885468e-11,4.244424496997132e-13
screenshot_like_simple_start,dop853_reference,DOP853,1e-11,1e-13,0.9812265331664581,-0.2683307652029417,-0.330025308502795,-0.26833076520395444,-0.33002530850096545,1.0127454430630678e-12,1.8295365222797955e-12,1.8295365222797955e-12,-0.5891892771229108,-1.9102489330375305,-0.5891892771221565,-1.9102489330378547,7.542855229303314e-13,3.241851231905457e-13,8.210010013394336e-13,9.764966613090564e-13,-24.525000000003537,3.5349501104064984e-12,-3.5349501104064984e-12,-1.4413659981270126e-13,-24.524999999987518,1.248423586730496e-11,1.248423586730496e-11,5.090412178309871e-13
screenshot_like_simple_start,dop853_reference,DOP853,1e-11,1e-13,0.986232790988736,-0.28151292230940805,-0.3198560951273418,-0.28151292231085495,-0.3198560951247542,1.4468981568427353e-12,2.5875968034938523e-12,2.5875968034938523e-12,-0.5922392917002873,-1.9099169098627047,-0.592239291699221,-1.9099169098631164,1.0663692151524629e-12,4.1167069753100805e-13,1.143073080004313e-12,1.3899437156794647e-12,-24.52500000001155,1.1546319456101628e-11,-1.1546319456101628e-11,-4.707979390867126e-13,-24.52500000000321,3.2081004519568523e-12,-3.2081004519568523e-12,-1.3080939661393892e-13
screenshot_like_simple_start,dop853_reference,DOP853,1e-11,1e-13,0.9912390488110138,-0.29464640657048236,-0.30965157030648205,-0.2946464065721516,-0.3096515703035903,1.6692203175239229e-12,2.891742401089914e-12,2.891742401089914e-12,-0.5951283096431836,-1.9093446897684643,-0.5951283096420267,-1.9093446897688606,1.1569634139618756e-12,3.963496197911809e-13,1.222970711977573e-12,1.5972778655282127e-12,-24.525000000001846,1.84385839929746e-12,-1.84385839929746e-12,-7.518280934953964e-14,-24.524999999994204,5.7980287238024175e-12,5.7980287238024175e-12,2.364129958736969e-13
screenshot_like_simple_start,dop853_reference,DOP853,1e-11,1e-13,0.9962453066332917,-0.3077161704859853,-0.29943325296553236,-0.30771617048769917,-0.2994332529625556,1.7138512831138542e-12,2.976785484776201e-12,2.976785484776201e-12,-0.5978616003535482,-1.9085316084603585,-0.5978616003523372,-1.9085316084607173,1.2110312752611208e-12,3.588240815588506e-13,1.2630722351342892e-12,1.6333601138285303e-12,-24.525000000001118,1.1155520951433573e-12,-1.1155520951433573e-12,-4.548632396099316e-14,-24.524999999982615,1.738698074404965e-11,1.738698074404965e-11,7.08949265812422e-13
screenshot_like_simple_start,dop853_reference,DOP853,1e-11,1e-13,1.0012515644555695,-0.32070727512450525,-0.28922246135255564,-0.320707275126792,-0.28922246134873514,2.286726363820435e-12,3.820499472340089e-12,3.820499472340089e-12,-0.6004449195740462,-1.9074786203114633,-0.6004449195725545,-1.9074786203118321,1.4916956558863603e-12,3.68816088780477e-13,1.5366135614179537e-12,2.1701529462347935e-12,-24.525000000020174,2.0172308268229244e-11,-2.0172308268229244e-11,-8.225202148105705e-13,-24.524999999993526,6.476597036453313e-12,6.476597036453313e-12,2.640814286015622e-13
screenshot_like_simple_start,dop853_reference,DOP853,1e-11,1e-13,1.0062578222778473,-0.33360503124377083,-0.2790401083676799,-0.33360503124555313,-0.279040108364609,1.782296532581995e-12,3.070876886113183e-12,3.070876886113183e-12,-0.6028844398604689,-1.9061882803124603,-0.6028844398592008,-1.9061882803127226,1.2680967387268538e-12,2.62234678416462e-13,1.2949271660343943e-12,1.6840417949026687e-12,-24.525000000001537,1.5347723092418164e-12,-1.5347723092418164e-12,-6.257991067244918e-14,-24.525000000004525,4.522604513113038e-12,-4.522604513113038e-12,-1.8440793121765697e-13
screenshot_like_simple_start,dop853_reference,DOP853,1e-11,1e-13,1.0112640801001251,-0.34639513323008864,-0.2689065077107371,-0.3463951332304667,-0.2689065077097409,3.7808645103609706e-13,9.96203119996153e-13,9.96203119996153e-13,-0.6051866747117352,-1.9046646963583784,-0.6051866747111305,-1.9046646963585148,6.046274592108603e-13,1.3633538742396922e-13,6.198077946394545e-13,6.046274592108603e-13,-24.524999999996922,3.0802027595200343e-12,3.0802027595200343e-12,1.255944040579015e-13,-24.525000000005427,5.424993787528365e-12,-5.424993787528365e-12,-2.2120260091858775e-13
screenshot_like_simple_start,dop853_reference,DOP853,1e-11,1e-13,1.016270337922403,-0.35906378181214543,-0.25884119658640176,-0.3590637818157561,-0.2588411965805853,3.610667320685934e-12,5.816458426011195e-12,5.816458426011195e-12,-0.6073583989199758,-1.9029134540577384,-0.6073583989177336,-1.9029134540579582,2.242206420532966e-12,2.19824158875781e-13,2.2529563451395817e-12,3.3804070653786766e-12,-24.525000000014195,1.4193091146808001e-11,-1.4193091146808001e-11,-5.787193128158206e-13,-24.52499999999044,9.563905223330949e-12,9.563905223330949e-12,3.899655544681324e-13
screenshot_like_simple_start,dop853_reference,DOP853,1e-11,1e-13,1.0212765957446808,-0.37159779217803346,-0.24886277974053936,-0.37159779217977307,-0.24886277973752235,1.7396084572851578e-12,3.0170033138432473e-12,3.0170033138432473e-12,-0.6094065677565568,-1.9009415173678246,-0.6094065677552537,-1.900941517367936,1.3030687640025462e-12,1.1146639167236572e-13,1.3078275728059799e-12,1.6209256159527285e-12,-24.525000000001075,1.0729195309977513e-12,-1.0729195309977513e-12,-4.374799310898068e-14,-24.525000000004564,4.561684363579843e-12,-4.561684363579843e-12,-1.8600140116533508e-13
screenshot_like_simple_start,dop853_reference,DOP853,1e-11,1e-13,1.0262828535669588,-0.3839846849430524,-0.2389887984319269,-0.38398468494327187,-0.23898879843111262,2.1949109196839345e-13,8.142930774113211e-13,8.142930774113211e-13,-0.6113382375127886,-1.8987571092214002,-0.611338237512201,-1.8987571092215105,5.876410469340954e-13,1.1035616864774056e-13,5.979134418964071e-13,5.876410469340954e-13,-24.524999999986974,1.3027801060161437e-11,1.3027801060161437e-11,5.312049361941462e-13,-24.52500000000952,9.517719945506542e-12,-9.517719945506542e-12,-3.8808236271178555e-13
screenshot_like_simple_start,dop853_reference,DOP853,1e-11,1e-13,1.0312891113892366,-0.39621275842228054,-0.22923562650858226,-0.39621275842414344,-0.22923562650552282,1.8628987241697814e-12,3.059441588959544e-12,3.059441588959544e-12,-0.6131604896323707,-1.8963695768653923,-0.6131604896311098,-1.8963695768653683,1.2608802890667903e-12,2.398081733190338e-14,1.261108315315167e-12,1.718569730968511e-12,-24.525000000002667,2.6645352591003757e-12,-2.6645352591003757e-12,-1.0864567825077983e-13,-24.525000000029973,2.9970692594361026e-11,-2.9970692594361026e-11,-1.2220465889647715e-12
screenshot_like_simple_start,dop853_reference,DOP853,1e-11,1e-13,1.0362953692115144,-0.40827114156723665,-0.21961839446940845,-0.40827114157105227,-0.21961839446315387,3.815614491031738e-12,6.2545801871038975e-12,6.2545801871038975e-12,-0.6148803603304286,-1.893789246860131,-0.6148803603278262,-1.8937892468599786,2.602362769721367e-12,1.5232259897857148e-13,2.606816863416272e-12,3.5019764865751313e-12,-24.52500000000197,1.9682033780554775e-12,-1.9682033780554775e-12,-8.025294100124271e-14,-24.524999999994485,5.517364343177178e-12,5.517364343177178e-12,2.2496898443128145e-13
screenshot_like_simple_start,dop853_reference,DOP853,1e-11,1e-13,1.0413016270337923,-0.42014982776107107,-0.2101509412042817,-0.42014982776269355,-0.21015094120143454,1.6224799281872038e-12,2.847166946651214e-12,2.847166946651214e-12,-0.6165047771888033,-1.8910272746227084,-0.6165047771875001,-1.8910272746226404,1.3031797863050087e-12,6.794564910705958e-14,1.3049498713232427e-12,1.4813705817573464e-12,-24.52499999999995,5.3290705182007514e-14,5.3290705182007514e-14,2.1729135650155968e-15,-24.52500000000458,4.579447931973846e-12,-4.579447931973846e-12,-1.8672570568700693e-13
screenshot_like_simple_start,dop853_reference,DOP853,1e-11,1e-13,1.04630788485607,-0.43183969057714183,-0.2008457918107115,-0.4318396905788626,-0.20084579180773676,1.7207901770177614e-12,2.9747315721806444e-12,2.9747315721806444e-12,-0.6180405036905011,-1.8880954930572478,-0.618040503689149,-1.8880954930571212,1.3521406216909782e-12,1.2656542480726785e-13,1.3580512021214476e-12,1.5628054406136016e-12,-24.524999999996513,3.488764832582092e-12,3.488764832582092e-12,1.422534080563544e-13,-24.52500000000809,8.08952904662874e-12,-8.08952904662874e-12,-3.298482791693676e-13
screenshot_like_simple_start,dop853_reference,DOP853,1e-11,1e-13,1.0513141426783479,-0.44333248302560063,-0.19171415929017374,-0.4433324830269523,-0.19171415928775962,1.3516410213298968e-12,2.4141244558961716e-12,2.4141244558961716e-12,-0.6194940922932008,-1.8850062642951533,-0.619494092292052,-1.8850062642950336,1.148858785882112e-12,1.1968204205459188e-13,1.1550758854243635e-12,1.220967771331516e-12,-24.525000000002244,2.241762331323116e-12,-2.241762331323116e-12,-9.140723063498944e-14,-24.525000000023525,2.3522517267338117e-11,-2.3522517267338117e-11,-9.591240475978844e-13
screenshot_like_simple_start,dop853_reference,DOP853,1e-11,1e-13,1.0563204005006257,-0.4546208223595666,-0.1827659671496097,-0.4546208223620822,-0.1827659671454106,2.515598840346911e-12,4.199085523737267e-12,4.199085523737267e-12,-0.620871846176309,-1.8817723379021394,-0.6208718461744399,-1.8817723379017979,1.869060461956451e-12,3.4150460237469815e-13,1.9000032641792916e-12,2.260081011229431e-12,-24.525000000002624,2.6219026949547697e-12,-2.6219026949547697e-12,-1.0690734739876736e-13,-24.525000000012223,1.2221335055073723e-11,-1.2221335055073723e-11,-4.983215109102435e-13
screenshot_like_simple_start,dop853_reference,DOP853,1e-11,1e-13,1.0613266583229037,-0.46569816271430103,-0.17400988964767974,-0.4656981627157309,-0.17400988964511546,1.4298562334147391e-12,2.564282119976724e-12,2.564282119976724e-12,-0.6221797894694749,-1.8784067181871382,-0.622179789468227,-1.8784067181869402,1.247890679678676e-12,1.9806378759312793e-13,1.2635111445431115e-12,1.2775891455873989e-12,-24.52499999999846,1.5418777365994174e-12,1.5418777365994174e-12,6.286963248111793e-14,-24.525000000005072,5.069722419648315e-12,-5.069722419648315e-12,-2.0671651048515043e-13
screenshot_like_simple_start,dop853_reference,DOP853,1e-11,1e-13,1.0663329161451816,-0.4765587579412387,-0.16545340630011202,-0.4765587579427858,-0.16545340629737687,1.5470957848151556e-12,2.7351454434665357e-12,2.7351454434665357e-12,-0.6234236454947526,-1.8749225425213552,-0.6234236454934295,-1.8749225425210962,1.323052778445799e-12,2.589040093425865e-13,1.348146854243563e-12,1.3747336602421e-12,-24.525000000002105,2.1032064978498966e-12,-2.1032064978498966e-12,-8.575765536594888e-14,-24.525000000004876,4.874323167314287e-12,-4.874323167314287e-12,-1.987491607467599e-13
screenshot_like_simple_start,dop853_reference,DOP853,1e-11,1e-13,1.0713391739674594,-0.4871976169695954,-0.1571028673003055,-0.4871976169714145,-0.15710286729717546,1.819100425848319e-12,3.130051773325704e-12,3.130051773325704e-12,-0.6246088223456592,-1.871332971887202,-0.624608822344175,-1.8713329718868401,1.4841461393189093e-12,3.6193270602780103e-13,1.5276403524874007e-12,1.6074364062035329e-12,-24.525000000003416,3.4141578453272814e-12,-3.4141578453272814e-12,-1.3921132906533255e-13,-24.52500000000462,4.618527782440651e-12,-4.618527782440651e-12,-1.8831917563468505e-13
screenshot_like_simple_start,dop853_reference,DOP853,1e-11,1e-13,1.0763454317897372,-0.4976104538698062,-0.14896356673708172,-0.4976104538711415,-0.14896356673469718,1.335320742867907e-12,2.3845370122899112e-12,2.3845370122899112e-12,-0.6257404050022316,-1.8676510942676887,-0.6257404050010469,-1.8676510942674054,1.1847189895775045e-12,2.8332891588433995e-13,1.2181273984447351e-12,1.1847189895775045e-12,-24.525000000003025,3.0233593406592263e-12,-3.0233593406592263e-12,-1.2327662958855153e-13,-24.525000000010564,1.056221776707389e-11,-1.056221776707389e-11,-4.306714685860913e-13
screenshot_like_simple_start,dop853_reference,DOP853,1e-11,1e-13,1.081351689612015,-0.5077936345864398,-0.14103982078545801,-0.5077936345876616,-0.14103982078319513,1.2218004385999848e-12,2.2628843243666097e-12,2.2628843243666097e-12,-0.6268231531086816,-1.8638898409681954,-0.6268231531075089,-1.8638898409679192,1.1727285809115529e-12,2.7622348852673895e-13,1.204820210695648e-12,1.1727285809115529e-12,-24.5249999999996,4.014566457044566e-13,4.014566457044566e-13,1.6369282189784163e-14,-24.525000000004805,4.803268893738277e-12,-4.803268893738277e-12,-1.9585194266007244e-13
screenshot_like_simple_start,dop853_reference,DOP853,1e-11,1e-13,1.0863579474342928,-0.5177441220458292,-0.13333504841987343,-0.5177441220474632,-0.13333504841700422,1.6340262476433054e-12,2.8692048736900233e-12,2.8692048736900233e-12,-0.6278615035272247,-1.8600619155486415,-0.6278615035258008,-1.860061915548214,1.4238610290817633e-12,4.2743586448068527e-13,1.4866343358008817e-12,1.4238610290817633e-12,-24.52500000000257,2.568611989772762e-12,-2.568611989772762e-12,-1.0473443383375176e-13,-24.52500000000161,1.609379296496627e-12,-1.609379296496627e-12,-6.562198966347103e-14
screenshot_like_simple_start,dop853_reference,DOP853,1e-11,1e-13,1.0913642052565709,-0.527459421072824,-0.12585185258481246,-0.5274594210749671,-0.1258518525812351,2.143174526736402e-12,3.5773606299471794e-12,3.5773606299471794e-12,-0.6288595768045325,-1.8561797347291145,-0.6288595768028354,-1.8561797347284847,1.6970869154420143e-12,6.297184995673888e-13,1.810151758074967e-12,1.8519630273772236e-12,-24.52500000001158,1.1578293879210833e-11,-1.1578293879210833e-11,-4.72101687225722e-13,-24.525000000001857,1.8545165403338615e-12,-1.8545165403338615e-12,-7.561739206254276e-14
screenshot_like_simple_start,dop853_reference,DOP853,1e-11,1e-13,1.0963704630788487,-0.5369375242708693,-0.11859210015689935,-0.5369375242709978,-0.1185921001562748,1.2856382625159313e-13,6.24542084715074e-13,6.24542084715074e-13,-0.6298211867454953,-1.852255380413308,-0.6298211867449857,-1.852255380413316,5.095923683029469e-13,7.993605777301127e-15,5.096550593940269e-13,5.095923683029469e-13,-24.524999999995757,4.245492846166599e-12,4.245492846166599e-12,1.7310878067957588e-13,-24.525000000011044,1.1041834113711957e-11,-1.1041834113711957e-11,-4.5022769067123166e-13
screenshot_like_simple_start,dop853_reference,DOP853,1e-11,1e-13,1.1013767209011265,-0.5461768597563343,-0.11155699940765289,-0.5461768597576672,-0.11155699940523886,1.3328227410625004e-12,2.414027311381517e-12,2.414027311381517e-12,-0.6307498523658768,-1.8483005618375914,-0.6307498523646167,-1.8483005618371677,1.2601031329495527e-12,4.2366110619695974e-13,1.329416653488781e-12,1.2601031329495527e-12,-24.525000000003104,3.1015190415928373e-12,-3.1015190415928373e-12,-1.2646356948390773e-13,-24.525000000004063,4.0607517348689726e-12,-4.0607517348689726e-12,-1.6557601365418848e-13
screenshot_like_simple_start,dop853_reference,DOP853,1e-11,1e-13,1.1063829787234043,-0.5551762414425037,-0.10474717395515494,-0.5551762414441705,-0.10474717395223927,1.66688884917221e-12,2.915667707270586e-12,2.915667707270586e-12,-0.6316488115590022,-1.8443265867692662,-0.6316488115575191,-1.8443265867686924,1.4831469385967466e-12,5.737632591262809e-13,1.5902607078690315e-12,1.4831469385967466e-12,-24.525000000005495,5.4924953474255744e-12,-5.4924953474255744e-12,-2.2395495810094082e-13,-24.524999999999277,7.247535904753022e-13,7.247535904753022e-13,2.9551624484212115e-14
screenshot_like_simple_start,dop853_reference,DOP853,1e-11,1e-13,1.1113892365456821,-0.5639348222888564,-0.09816273259173172,-0.5639348222916489,-0.09816273258720094,2.7925439738396562e-12,4.53077853013184e-12,4.53077853013184e-12,-0.6325210359416982,-1.8403443406863986,-0.6325210359395493,-1.8403443406853501,2.1488366641619905e-12,1.0484946244559978e-12,2.3909914233974063e-12,2.3601121057481578e-12,-24.525000000023955,2.3952395622472977e-11,-2.3952395622472977e-11,-9.766522170223436e-13,-24.52499999999288,7.123190925995004e-12,7.123190925995004e-12,2.904461131904181e-13
screenshot_like_simple_start,dop853_reference,DOP853,1e-11,1e-13,1.11639549436796,-0.5724520508482295,-0.0918033344943848,-0.5724520508480508,-0.09180333449425437,1.7863488466218769e-13,1.3042344981784026e-13,1.7863488466218769e-13,-0.6333692463827105,-1.836364272864856,-0.6333692463824304,-1.8363642728649645,2.80109269112927e-13,1.0857981180834031e-13,3.0041767287447113e-13,2.80109269112927e-13,-24.525000000004432,4.430233957464225e-12,-4.430233957464225e-12,-1.8064154770496327e-13,-24.525000000013403,1.340083599643549e-11,-1.340083599643549e-11,-5.464153311492554e-13
screenshot_like_simple_start,dop853_reference,DOP853,1e-11,1e-13,1.1214017521902377,-0.580727631216847,-0.08566824964886943,-0.5807276312176219,-0.08566824964726226,7.749356711883593e-13,1.6071727282351844e-12,1.6071727282351844e-12,-0.6341959288462438,-1.832396388382107,-0.6341959288452904,-1.8323963883818193,9.53348511245622e-13,2.877698079828406e-13,9.958337442970713e-13,9.53348511245622e-13,-24.525000000002034,2.0321522242738865e-12,-2.0321522242738865e-12,-8.286043727926142e-14,-24.52500000000521,5.208278253121534e-12,-5.208278253121534e-12,-2.1236608575419099e-13
screenshot_like_simple_start,dop853_reference,DOP853,1e-11,1e-13,1.1264080100125158,-0.5887614864696843,-0.07975641435364038,-0.5887614864709327,-0.07975641435135267,1.2484457911909885e-12,2.2877116867547898e-12,2.2877116867547898e-12,-0.635003350209335,-1.8284502450849103,-0.6350033502080927,-1.8284502450843991,1.2422285422530877e-12,5.111466805374221e-13,1.34328056645388e-12,1.2422285422530877e-12,-24.52500000000351,3.5065284009760944e-12,-3.5065284009760944e-12,-1.4297771257802627e-13,-24.525000000002827,2.8244073746463982e-12,-2.8244073746463982e-12,-1.1516441894582662e-13
screenshot_like_simple_start,dop853_reference,DOP853,1e-11,1e-13,1.1314142678347936,-0.5965537254762535,-0.07406648193471006,-0.5965537254778631,-0.07406648193183851,1.609601341101552e-12,2.871550219829544e-12,2.871550219829544e-12,-0.635793573833031,-1.824534954691757,-0.6357935738314989,-1.8245349546910654,1.532107773982716e-12,6.916689443414725e-13,1.6809997500489762e-12,1.532107773982716e-12,-24.525000000007118,7.116085498637403e-12,-7.116085498637403e-12,-2.9015639138174933e-13,-24.524999999989678,1.0324185950594256e-11,1.0324185950594256e-11,4.2096578799568825e-13
screenshot_like_simple_start,dop853_reference,DOP853,1e-11,1e-13,1.1364205256570714,-0.6041046130125757,-0.06859686877773725,-0.6041046130144417,-0.0685968687744624,1.866062859789963e-12,3.27485261131244e-12,3.27485261131244e-12,-0.6365684746802427,-1.8206591872553333,-0.6365684746785113,-1.8206591872544977,1.7313928069029316e-12,8.355538483328928e-13,1.9224648983165124e-12,1.7313928069029316e-12,-24.525000000010216,1.021405182655144e-11,-1.021405182655144e-11,-4.164750999613227e-13,-24.524999999985198,1.4804157899561687e-11,1.4804157899561687e-11,6.036353883613328e-13
screenshot_like_simple_start,dop853_reference,DOP853,1e-11,1e-13,1.1414267834793492,-0.6114145429960082,-0.06334579590909062,-0.6114145429966267,-0.06334579590785468,6.185052470186747e-13,1.2359419043761477e-12,1.2359419043761477e-12,-0.6373297538449523,-1.8168311783165236,-0.6373297538442253,-1.8168311783162467,7.269740365245525e-13,2.7688962234151404e-13,7.779197341250752e-13,7.269740365245525e-13,-24.525000000012426,1.2423839734765352e-11,-1.2423839734765352e-11,-5.065785824573028e-13,-24.525000000010078,1.007549599307822e-11,-1.007549599307822e-11,-4.1082552469228217e-13
screenshot_like_simple_start,dop853_reference,DOP853,1e-11,1e-13,1.146433041301627,-0.6184840146465743,-0.05831132639306692,-0.618484014647395,-0.05831132639148709,8.206768598029157e-13,1.57983348625379e-12,1.57983348625379e-12,-0.6380789523965373,-1.813058738165004,-0.6380789523956287,-1.8130587381646204,9.086065233532281e-13,3.836930773104541e-13,9.862992405228781e-13,9.086065233532281e-13,-24.52500000000358,3.5775826745521044e-12,-3.5775826745521044e-12,-1.4587493066471373e-13,-24.525000000006322,6.320277634586091e-12,-6.320277634586091e-12,-2.577075488108498e-13
screenshot_like_simple_start,dop853_reference,DOP853,1e-11,1e-13,1.1514392991239049,-0.6253136113663685,-0.05349139883141603,-0.6253136113673119,-0.05349139882959497,9.433565040239955e-13,1.821057193929221e-12,1.821057193929221e-12,-0.6388174644744191,-1.8093492626997003,-0.6388174644733654,-1.8093492626992456,1.053712672671736e-12,4.547473508864641e-13,1.1476521902071508e-12,1.053712672671736e-12,-24.525000000003313,3.311129148642067e-12,-3.311129148642067e-12,-1.3501036283963575e-13,-24.525000000003335,3.33244543071487e-12,-3.33244543071487e-12,-1.3587952826564199e-13
screenshot_like_simple_start,dop853_reference,DOP853,1e-11,1e-13,1.1564455569461827,-0.631903982117932,-0.04888385726410581,-0.6319039821184835,-0.048883857262870464,5.515587986337778e-13,1.2353451595004117e-12,1.2353451595004117e-12,-0.6395465495938764,-1.8057097454580378,-0.6395465495930875,-1.8057097454577722,7.888134589961737e-13,2.6556534749033744e-13,8.32317023063431e-13,7.888134589961737e-13,-24.525000000000873,8.704148513061227e-13,-8.704148513061227e-13,-3.549092156192141e-14,-24.52500000000333,3.3288927170360694e-12,-3.3288927170360694e-12,-1.357346673613076e-13
screenshot_like_simple_start,dop853_reference,DOP853,1e-11,1e-13,1.1614518147684607,-0.6382558250784054,-0.044486477782695204,-0.6382558250792849,-0.04448647778090741,8.79518680108049e-13,1.7877921365538896e-12,1.7877921365538896e-12,-0.6402673441534709,-1.8021467904515538,-0.6402673441523912,-1.8021467904511095,1.0796918914479647e-12,4.4431125445498765e-13,1.1675388949811687e-12,1.0796918914479647e-12,-24.525000000009932,9.9298347322474e-12,-9.9298347322474e-12,-4.0488622761457286e-13,-24.52500000000424,4.238387418808998e-12,-4.238387418808998e-12,-1.7281905887090713e-13
screenshot_like_simple_start,dop853_reference,DOP853,1e-11,1e-13,1.1664580725907385,-0.6443698733637189,-0.04029699213810412,-0.6443698733648882,-0.04029699213591138,1.1692868895352149e-12,2.1927390458920115e-12,2.1927390458920115e-12,-0.6409808721380978,-1.7986666254989803,-0.6409808721368416,-1.7986666254983663,1.2562173523633646e-12,6.139533326177116e-13,1.3982205587857791e-12,1.2562173523633646e-12,-24.52500000000853,8.526512829121202e-12,-8.526512829121202e-12,-3.4766617040249546e-13,-24.525000000001743,1.7408297026122455e-12,-1.7408297026122455e-12,-7.098184312384283e-14
screenshot_like_simple_start,dop853_reference,DOP853,1e-11,1e-13,1.1714643304130163,-0.6502468826015092,-0.03631310865238123,-0.6502468826027351,-0.03631310865016538,1.2259082637910979e-12,2.2158525014859265e-12,2.2158525014859265e-12,-0.6416880550442415,-1.7952751158127653,-0.6416880550430029,-1.7952751158121036,1.2386758285742872e-12,6.616929226765933e-13,1.4043344801771723e-12,1.2386758285742872e-12,-24.52500000000375,3.7481129311345285e-12,-3.7481129311345285e-12,-1.5282825407276364e-13,-24.52499999999719,2.8137492336099967e-12,2.8137492336099967e-12,1.147298362328235e-13
screenshot_like_simple_start,dop853_reference,DOP853,1e-11,1e-13,1.1764705882352942,-0.6558876201737746,-0.032532530680517216,-0.6558876201744992,-0.03253253067904249,7.246425681728397e-13,1.4747231213974032e-12,1.4747231213974032e-12,-0.642389721040283,-1.7919777776246097,-0.6423897210393833,-1.7919777776242158,8.997247391562269e-13,3.9390712913700554e-13,9.821748483007992e-13,8.997247391562269e-13,-24.525000000002244,2.241762331323116e-12,-2.241762331323116e-12,-9.140723063498944e-14,-24.52500000000329,3.2862601528904634e-12,-3.2862601528904634e-12,-1.3399633650929513e-13
screenshot_like_simple_start,dop853_reference,DOP853,1e-11,1e-13,1.181476846057572,-0.6612928559399276,-0.028952972886661696,-0.6612928559406379,-0.02895297288520578,7.103206911551752e-13,1.4559152494708627e-12,1.4559152494708627e-12,-0.6430866133984888,-1.7887797916866606,-0.6430866133975941,-1.7887797916862667,8.947287355454137e-13,3.9390712913700554e-13,9.776002949036239e-13,8.947287355454137e-13,-24.52500000000309,3.0873081868776353e-12,-3.0873081868776353e-12,-1.2588412586657024e-13,-24.525000000003388,3.3857361358968774e-12,-3.3857361358968774e-12,-1.3805244183065757e-13
screenshot_like_simple_start,dop853_reference,DOP853,1e-11,1e-13,1.1864831038798498,-0.6664633542718594,-0.025572175568686156,-0.6664633542728444,-0.0255721755668285,9.849898674474389e-13,1.8576563898253795e-12,1.8576563898253795e-12,-0.643779398234106,-1.785686016514905,-0.6437793982330232,-1.7856860165143436,1.0828005159169152e-12,5.615508058554042e-13,1.2197525424555554e-12,1.0828005159169152e-12,-24.52500000000911,9.109157872444484e-12,-9.109157872444484e-12,-3.7142335871333267e-13,-24.5250000000056,5.5990767577895895e-12,-5.5990767577895895e-12,-2.2830078523097204e-13
screenshot_like_simple_start,dop853_reference,DOP853,1e-11,1e-13,1.1914893617021276,-0.6713998672513025,-0.022387917238907873,-0.6713998672518166,-0.0223879172377502,5.140332604014475e-13,1.1576711811400742e-12,1.1576711811400742e-12,-0.644468671586489,-1.7827010012667441,-0.6444686715857341,-1.7827010012664504,7.549516567451064e-13,2.937650123158164e-13,8.100925172368233e-13,7.549516567451064e-13,-24.52500000000388,3.879563337250147e-12,-3.879563337250147e-12,-1.5818810753313545e-13,-24.52500000000649,6.487255177489715e-12,-6.487255177489715e-12,-2.645160113145653e-13
screenshot_like_simple_start,dop853_reference,DOP853,1e-11,1e-13,1.1964956195244056,-0.6761031288806363,-0.019398025668824197,-0.6761031288815336,-0.019398025667058408,8.972822485020515e-13,1.7657889039845998e-12,1.7657889039845998e-12,-0.6451549658873601,-1.779828998175802,-0.6451549658862945,-1.7798289981752746,1.0655920590352252e-12,5.273559366969494e-13,1.188945213308186e-12,1.0655920590352252e-12,-24.52500000000352,3.517186542012496e-12,-3.517186542012496e-12,-1.4341229529102938e-13,-24.524999999999977,2.4868995751603507e-14,2.4868995751603507e-14,1.0140263303406117e-15
screenshot_like_simple_start,dop853_reference,DOP853,1e-11,1e-13,1.2015018773466835,-0.6805738501942165,-0.01660038755353064,-0.6805738501948078,-0.016600387552253897,5.913047829153584e-13,1.2767426005311222e-12,1.2767426005311222e-12,-0.6458387558455818,-1.7770739744735504,-0.6458387558447648,-1.7770739744731994,8.170131238216527e-13,3.510525203864745e-13,8.892403030489066e-13,8.170131238216527e-13,-24.525000000002198,2.1955770534987096e-12,-2.1955770534987096e-12,-8.952403887864259e-14,-24.52500000000249,2.4868995751603507e-12,-2.4868995751603507e-12,-1.0140263303406119e-13
screenshot_like_simple_start,dop853_reference,DOP853,1e-11,1e-13,1.2065081351689613,-0.684812715141081,-0.013992956976885393,-0.6848127151419034,-0.013992956975276378,8.22453216642316e-13,1.6090150045666718e-12,1.6090150045666718e-12,-0.6465204637974487,-1.7744396237602955,-0.6465204637964768,-1.7744396237597977,9.71889235756862e-13,4.978240042419202e-13,1.091969516872846e-12,9.71889235756862e-13,-24.525000000006706,6.703970711896545e-12,-6.703970711896545e-12,-2.7335252647896206e-13,-24.52500000000338,3.3786307085392764e-12,-3.3786307085392764e-12,-1.3776272002198882e-13
screenshot_like_simple_start,dop853_reference,DOP853,1e-11,1e-13,1.211514392991239,-0.6888203771481051,-0.011573762802630373,-0.6888203771486398,-0.011573762801456,5.346834086594754e-13,1.1743730987667789e-12,1.1743730987667789e-12,-0.6472004645516165,-1.7719293767858795,-0.647200464550855,-1.7719293767855533,7.615019725903949e-13,3.26183524634871e-13,8.284207542078422e-13,7.615019725903949e-13,-24.52500000000406,4.057199021190172e-12,-4.057199021190172e-12,-1.654311527498541e-13,-24.52500000000427,4.266809128239402e-12,-4.266809128239402e-12,-1.7397794610558211e-13
screenshot_like_simple_start,dop853_reference,DOP853,1e-11,1e-13,1.216520650813517,-0.6925974562616539,-0.0093409151340957,-0.6925974562620903,-0.009340915133068568,4.3642867098014904e-13,1.0271315048493435e-12,1.0271315048493435e-12,-0.6478790897716545,-1.7695464116242094,-0.6478790897709633,-1.7695464116239403,6.912248551316225e-13,2.6911806116913795e-13,7.417656848352911e-13,6.912248551316225e-13,-24.525000000003864,3.8617997688561445e-12,-3.8617997688561445e-12,-1.5746380301146357e-13,-24.525000000005065,5.062616992290714e-12,-5.062616992290714e-12,-2.0642678867648168e-13
screenshot_like_simple_start,dop853_reference,DOP853,1e-11,1e-13,1.2215269086357947,-0.6961445367974446,-0.0072926109389854585,-0.6961445367979802,-0.007292610937780834,5.355715870791755e-13,1.2046249414643384e-12,1.2046249414643384e-12,-0.6485566319219663,-1.7672936632212137,-0.6485566319211726,-1.767293663220879,7.936984403045244e-13,3.346212196220222e-13,8.613527586089013e-13,7.936984403045244e-13,-24.525000000002528,2.525979425627156e-12,-2.525979425627156e-12,-1.0299610298173929e-13,-24.525000000001718,1.715960706860642e-12,-1.715960706860642e-12,-6.996781679350222e-14
screenshot_like_simple_start,dop853_reference,DOP853,1e-11,1e-13,1.2265331664580725,-0.6994621654165554,-0.005427138954028778,-0.6994621654170751,-0.005427138952873532,5.196953978270358e-13,1.1552460377206586e-12,1.1552460377206586e-12,-0.6492333478155671,-1.7651738323153487,-0.6492333478148096,-1.7651738323150203,7.575051697017443e-13,3.284039706841213e-13,8.256290026918663e-13,7.575051697017443e-13,-24.525000000004194,4.192202140984591e-12,-4.192202140984591e-12,-1.7093586711456027e-13,-24.525000000003047,3.0446756227320293e-12,-3.0446756227320293e-12,-1.2414579501455776e-13
screenshot_like_simple_start,dop853_reference,DOP853,1e-11,1e-13,1.2315394242803506,-0.702550849570306,-0.0037428839482040056,-0.7025508495709102,-0.0037428839469335028,6.041833700010102e-13,1.2705028001880336e-12,1.2705028001880336e-12,-0.6499094617882756,-1.7631893937249368,-0.6499094617874663,-1.7631893937245513,8.092415626492766e-13,3.8546943414985435e-13,8.963585172144303e-13,8.092415626492766e-13,-24.525000000006123,6.121325668573263e-12,-6.121325668573263e-12,-2.495953381681249e-13,-24.525000000003434,3.431921413721284e-12,-3.431921413721284e-12,-1.3993563358700443e-13
screenshot_like_simple_start,dop853_reference,DOP853,1e-11,1e-13,1.2365456821026284,-0.7054110562540585,-0.0022383304278936634,-0.7054110562543987,-0.0022383304270179386,3.4017233474514796e-13,8.757248398660877e-13,8.757248398660877e-13,-0.6505851685289039,-1.7613426040068831,-0.6505851685282872,-1.7613426040066646,6.167288901792745e-13,2.184918912462308e-13,6.542883389776363e-13,6.167288901792745e-13,-24.52500000000379,3.787192781601334e-12,-3.787192781601334e-12,-1.5442172402044175e-13,-24.525000000004223,4.220623850414995e-12,-4.220623850414995e-12,-1.7209475434923525e-13
screenshot_like_simple_start,dop853_reference,DOP853,1e-11,1e-13,1.2415519399249062,-0.7080432110210176,-0.000912065851502236,-0.7080432110212408,-0.0009120658508051504,2.2315482794965646e-13,6.970856183952101e-13,6.970856183952101e-13,-0.6512606355896957,-1.7596355084916442,-0.651260635589168,-1.7596355084914996,5.276890036043369e-13,1.4455103780619538e-13,5.471294975193588e-13,5.276890036043369e-13,-24.52500000000349,3.488764832582092e-12,-3.488764832582092e-12,-1.422534080563544e-13,-24.52500000000516,5.158540261618327e-12,-5.158540261618327e-12,-2.1033803309350976e-13
screenshot_like_simple_start,dop853_reference,DOP853,1e-11,1e-13,1.246558197747184,-0.7104476972162328,0.000237216591735256,-0.7104476972165158,0.00023721659255989107,2.829958489769524e-13,8.246350650942258e-13,8.246350650942258e-13,-0.6519360055970306,-1.7580699476993735,-0.6519360055964204,-1.7580699476991888,6.10178574333986e-13,1.8474111129762605e-13,6.375320939213473e-13,6.10178574333986e-13,-24.525000000001945,1.943334382303874e-12,-1.943334382303874e-12,-7.92389146709021e-14,-24.525000000002212,2.2097879082139116e-12,-2.2097879082139116e-12,-9.010348249598008e-14
screenshot_like_simple_start,dop853_reference,DOP853,1e-11,1e-13,1.2515644555694618,-0.712624855387648,0.0012107155788430952,-0.7126248553881009,0.0012107155798955173,4.5297099404706387e-13,1.0524220384056093e-12,1.0524220384056093e-12,-0.6526113981863267,-1.7566475631492198,-0.6526113981856171,-1.7566475631489222,7.096545573404001e-13,2.9753977059954195e-13,7.695060141691078e-13,7.096545573404001e-13,-24.525000000005104,5.101696842757519e-12,-5.101696842757519e-12,-2.080202586241598e-13,-24.525000000002482,2.4797941478027496e-12,-2.4797941478027496e-12,-1.0111291122539244e-13
screenshot_like_simple_start,dop853_reference,DOP853,1e-11,1e-13,1.2565707133917396,-0.7145749828475675,0.002009519589847954,-0.7145749828479933,0.0020095195908371617,4.2577052994374753e-13,9.892078475792765e-13,9.892078475792765e-13,-0.6532869116749902,-1.75536980256702,-0.6532869116743225,-1.7553698025667392,6.676881270095691e-13,2.8066438062523957e-13,7.242789031176428e-13,6.676881270095691e-13,-24.525000000006216,6.213696224222076e-12,-6.213696224222076e-12,-2.5336172168081857e-13,-24.525000000003573,3.5704772471945034e-12,-3.5704772471945034e-12,-1.45585208856045e-13
screenshot_like_simple_start,dop853_reference,DOP853,1e-11,1e-13,1.2615769712140175,-0.7162983333507756,0.002634605137384965,-0.7162983333509544,0.002634605138015422,1.787459069646502e-13,6.304570580872859e-13,6.304570580872859e-13,-0.6539626244931385,-1.7542379245044113,-0.6539626244926429,-1.754237924504292,4.956035581926699e-13,1.192379528447418e-13,5.097455995806536e-13,4.956035581926699e-13,-24.525000000003665,3.6628478028433165e-12,-3.6628478028433165e-12,-1.4935159236873869e-13,-24.52500000000382,3.8191672047105385e-12,-3.8191672047105385e-12,-1.557254721594511e-13
screenshot_like_simple_start,dop853_reference,DOP853,1e-11,1e-13,1.2665832290362955,-0.7177951168691912,0.0030868352618196615,-0.7177951168691981,0.003086835262179265,6.8833827526759706e-15,3.5960340608043317e-13,3.5960340608043317e-13,-0.6546385963832957,-1.7532530023760058,-0.6546385963829412,-1.7532530023760002,3.544942117628125e-13,5.551115123125783e-15,3.545376722612816e-13,3.544942117628125e-13,-24.525000000003438,3.4354741274000844e-12,-3.4354741274000844e-12,-1.400804944913388e-13,-24.52500000000548,5.4782844927103724e-12,-5.4782844927103724e-12,-2.2337551448360333e-13
screenshot_like_simple_start,dop853_reference,DOP853,1e-11,1e-13,1.2715894868585733,-0.7190654994435645,0.0033669582651576343,-0.7190654994434875,0.003366958265429568,7.693845560652335e-14,2.719335173706483e-13,2.719335173706483e-13,-0.6553148693804663,-1.7524159279227725,-0.6553148693801364,-1.7524159279228222,3.299582829185965e-13,4.973799150320701e-14,3.3368598452041957e-13,3.299582829185965e-13,-24.52500000000143,1.4281908988778014e-12,-1.4281908988778014e-12,-5.823408354241799e-14,-24.52500000000412,4.1175951537297806e-12,-4.1175951537297806e-12,-1.6789378812353845e-13
screenshot_like_simple_start,dop853_reference,DOP853,1e-11,1e-13,1.2765957446808511,-0.720109603091036,0.0034756066545885795,-0.7201096030912664,0.0034756066553421265,2.3037127760972e-13,7.535469644104342e-13,7.535469644104342e-13,-0.6559914685854102,-1.751727414112421,-0.6559914685848299,-1.7517274141122665,5.803135749715693e-13,1.545430450278218e-13,6.005392560547184e-13,5.803135749715693e-13,-24.525000000003114,3.112177182629239e-12,-3.112177182629239e-12,-1.2689815219691084e-13,-24.525000000001196,1.1937117960769683e-12,-1.1937117960769683e-12,-4.8673263856349365e-14
screenshot_like_simple_start,dop853_reference,DOP853,1e-11,1e-13,1.281602002503129,-0.720927505760411,0.0034132962847366623,-0.7209275057608523,0.0034132962857115843,4.413136522884997e-13,9.749219660737385e-13,9.749219660737385e-13,-0.6566684027356677,-1.751187997480112,-0.6566684027350244,-1.7511879974798172,6.433742427702782e-13,2.9465319073551655e-13,7.076375619417397e-13,6.433742427702782e-13,-24.525000000008436,8.43414227347239e-12,-8.43414227347239e-12,-3.438997868898018e-13,-24.52500000000332,3.318234575999668e-12,-3.318234575999668e-12,-1.353000846483045e-13
screenshot_like_simple_start,dop853_reference,DOP853,1e-11,1e-13,1.2866082603254068,-0.7215192413214528,0.003180425679870564,-0.7215192413214973,0.003180425680290383,4.440892098500626e-14,4.198186936976711e-13,4.198186936976711e-13,-0.6573456645825463,-1.7507980399173229,-0.6573456645821598,-1.7507980399172922,3.86468634872017e-13,3.064215547965432e-14,3.876815025665781e-13,3.86468634872017e-13,-24.525000000004027,4.0252245980809676e-12,-4.0252245980809676e-12,-1.6412740461084473e-13,-24.525000000003654,3.652189661806915e-12,-3.652189661806915e-12,-1.4891700965573555e-13
screenshot_like_simple_start,dop853_reference,DOP853,1e-11,1e-13,1.2916145181476846,-0.7218847995771136,0.0027772755209818705,-0.7218847995769762,0.0027772755211332876,1.3744561044859438e-13,1.5141707332411158e-13,1.5141707332411158e-13,-0.6580232310805739,-1.750557729915621,-0.6580232310803193,-1.7505577299157113,2.545741395465484e-13,9.037215420448774e-14,2.70139073037251e-13,2.545741395465484e-13,-24.525000000002855,2.8528290840768022e-12,-2.8528290840768022e-12,-1.163233061805016e-13,-24.52500000000439,4.387601393318619e-12,-4.387601393318619e-12,-1.789032168529508e-13
screenshot_like_simple_start,dop853_reference,DOP853,1e-11,1e-13,1.2966207759699624,-0.7220241263033995,0.002204008304291602,-0.722024126303022,0.0022040083040828365,3.774758283725532e-13,2.0876529671642885e-13,3.774758283725532e-13,-0.6587010633860239,-1.7504670832620377,-0.6587010633859492,-1.7504670832622877,7.460698725481052e-14,2.5002222514558525e-13,2.6091630001590394e-13,2.8332891588433995e-13,-24.52500000000177,1.7692514120426495e-12,-1.7692514120426495e-12,-7.214073035851781e-14,-24.525000000005992,5.9898752624576446e-12,-5.9898752624576446e-12,-2.442354847077531e-13
screenshot_like_simple_start,dop853_reference,DOP853,1e-11,1e-13,1.3016270337922404,-0.7219371233034798,0.0014606681529110597,-0.7219371233028637,0.0014606681524398674,6.160627563644994e-13,4.711923125982898e-13,6.160627563644994e-13,-0.6593791066722368,-1.750525943195144,-0.6593791066722458,-1.750525943195552,8.992806499463768e-15,4.078959392472825e-13,4.079950585768896e-13,4.622968674539152e-13,-24.524999999996798,3.204547738278052e-12,3.204547738278052e-12,1.3066453570960456e-13,-24.52500000000372,3.716138508025324e-12,-3.716138508025324e-12,-1.5152450593375427e-13
screenshot_like_simple_start,dop853_reference,DOP853,1e-11,1e-13,1.3066332916145182,-0.7216236484800438,0.0005471807873086384,-0.7216236484798709,0.000547180787489809,1.7286172493413687e-13,1.8117061670319679e-13,1.8117061670319679e-13,-0.6600572897584672,-1.750733980019637,-0.6600572897581563,-1.750733980019751,3.1097346919750635e-13,1.1390888232654106e-13,3.311793049355805e-13,3.1097346919750635e-13,-24.525000000000293,2.913225216616411e-13,-2.913225216616411e-13,-1.1878594155418595e-14,-24.525000000001015,1.0125233984581428e-12,-1.0125233984581428e-12,-4.128535773529634e-14
screenshot_like_simple_start,dop853_reference,DOP853,1e-11,1e-13,1.311639549436796,-0.7210835159316417,-0.0005366463376550914,-0.7210835159323614,-0.0005366463363658859,7.19757586864489e-13,1.289205504503843e-12,1.289205504503843e-12,-0.6607355245480061,-1.7510906901764205,-0.6607355245472575,-1.751090690175946,7.486233855047431e-13,4.745093207247919e-13,8.86338574574799e-13,7.486233855047431e-13,-24.525000000014664,1.4662049352409667e-11,-1.4662049352409667e-11,-5.978409521879578e-13,-24.525000000003324,3.3217872896784684e-12,-3.3217872896784684e-12,-1.3544494555263886e-13
screenshot_like_simple_start,dop853_reference,DOP853,1e-11,1e-13,1.3166458072590739,-0.7203164960741607,-0.001791123727273444,-0.7203164960745025,-0.0017911237264988228,3.418376692820857e-13,7.746212525583385e-13,7.746212525583385e-13,-0.6614137052736841,-1.7515953947685627,-0.6614137052731665,-1.7515953947683387,5.176969963827105e-13,2.240430063693566e-13,5.640970207036194e-13,5.176969963827105e-13,-24.525000000010554,1.0551559626037488e-11,-1.0551559626037488e-11,-4.3023688587308817e-13,-24.52500000000365,3.6486369481281145e-12,-3.6486369481281145e-12,-1.487721487514012e-13
screenshot_like_simple_start,dop853_reference,DOP853,1e-11,1e-13,1.3216520650813517,-0.7193223157875543,-0.003216679372662003,-0.7193223157871752,-0.003216679372883308,3.7914116290949096e-13,2.213051790433962e-13,3.7914116290949096e-13,-0.662091707549351,-1.7522472375445841,-0.662091707549287,-1.7522472375448332,6.394884621840902e-14,2.4913404672588513e-13,2.572104744575563e-13,2.852162950262027e-13,-24.525000000002745,2.7426949600339867e-12,-2.7426949600339867e-12,-1.1183261814613604e-13,-24.525000000004844,4.842348744205083e-12,-4.842348744205083e-12,-1.9744541260775056e-13
screenshot_like_simple_start,dop853_reference,DOP853,1e-11,1e-13,1.3266583229036295,-0.7181006586150224,-0.004813858070778861,-0.7181006586144447,-0.004813858071304019,5.776490397124689e-13,5.251580420528867e-13,5.776490397124689e-13,-0.6627693872099072,-1.753045182323289,-0.6627693872099973,-1.7530451823236666,9.015010959956271e-14,3.774758283725532e-13,3.880915398026069e-13,4.3498538104813633e-13,-24.52500000000229,2.2879476091475226e-12,-2.2879476091475226e-12,-9.329042239133629e-14,-24.52500000000666,6.657785434072139e-12,-6.657785434072139e-12,-2.714693347226152e-13
screenshot_like_simple_start,dop853_reference,DOP853,1e-11,1e-13,1.3316645807259073,-0.7166511650159356,-0.006583320536375092,-0.7166511650150856,-0.006583320537210878,8.499867476530198e-13,8.357863012786737e-13,8.499867476530198e-13,-0.6634465789373825,-1.7539880098623293,-0.6634465789375774,-1.753988009862882,1.949551631241775e-13,5.526690216584029e-13,5.860465537221688e-13,6.408207298136404e-13,-24.52499999999531,4.693134769695462e-12,4.693134769695462e-12,1.913612546257069e-13,-24.525000000003267,3.2649438708176604e-12,-3.2649438708176604e-12,-1.331271710832889e-13
screenshot_like_simple_start,dop853_reference,DOP853,1e-11,1e-13,1.3366708385481854,-0.7149734326855373,-0.008525842287958423,-0.7149734326846228,-0.008525842288843524,9.144907053837414e-13,8.851010202537424e-13,9.144907053837414e-13,-0.6641230946639535,-1.7550743141659462,-0.664123094664148,-1.7550743141665384,1.9451107391432743e-13,5.921929613350585e-13,6.233193895027581e-13,6.905587213168474e-13,-24.524999999992414,7.58859641791787e-12,7.58859641791787e-12,3.09422891658221e-13,-24.525000000000748,7.460698725481052e-13,-7.460698725481052e-13,-3.042078991021835e-14
screenshot_like_simple_start,dop853_reference,DOP853,1e-11,1e-13,1.3416770963704632,-0.7130670169705617,-0.010642312267776231,-0.7130670169709252,-0.010642312266978024,3.6348701826227625e-13,7.982069866185881e-13,7.982069866185881e-13,-0.664798721733069,-1.7563024982183308,-0.6647987217325457,-1.7563024982181017,5.232481115058363e-13,2.291500322826323e-13,5.71225282607095e-13,5.232481115058363e-13,-24.525000000012774,1.2772005675287801e-11,-1.2772005675287801e-11,-5.207749510820713e-13,-24.525000000003395,3.3928415632544784e-12,-3.3928415632544784e-12,-1.3834216363932631e-13
screenshot_like_simple_start,dop853_reference,DOP853,1e-11,1e-13,1.346683354192741,-0.7109314314028167,-0.012933731165220046,-0.7109314314039594,-0.012933731163358608,1.1427525592466736e-12,1.861438087003009e-12,1.861438087003009e-12,-0.665473220804301,-1.7576707691356972,-0.6654732208033056,-1.7576707691349756,9.954259638789154e-13,7.216449660063518e-13,1.2294894495385376e-12,9.954259638789154e-13,-24.525000000023258,2.325606374142808e-11,-2.325606374142808e-11,-9.482594797728064e-13,-24.52500000000357,3.566924533515703e-12,-3.566924533515703e-12,-1.454403479517106e-13
screenshot_like_simple_start,dop853_reference,DOP853,1e-11,1e-13,1.3516896120150188,-0.708566148365059,-0.015401209423772285,-0.7085661483645044,-0.015401209424280613,5.546674231027282e-13,5.083277548889598e-13,5.546674231027282e-13,-0.666146323492914,-1.7591771327374106,-0.6661463234930012,-1.7591771327377637,8.715250743307479e-14,3.530509218307998e-13,3.6364888691903026e-13,4.211075932403219e-13,-24.525000000004322,4.320099833421409e-12,-4.320099833421409e-12,-1.761508596705977e-13,-24.52500000000601,6.007638830851647e-12,-6.007638830851647e-12,-2.449597892294249e-13
screenshot_like_simple_start,dop853_reference,DOP853,1e-11,1e-13,1.3566958698372966,-0.7059705999296823,-0.018045964875530892,-0.7059705999289814,-0.018045964876252443,7.008837954458613e-13,7.21551290938649e-13,7.21551290938649e-13,-0.6668177297195462,-1.760819387522627,-0.6668177297197343,-1.7608193875230689,1.8807178037150152e-13,4.418687638008123e-13,4.80228069769942e-13,5.333511410299252e-13,-24.52500000000373,3.7267966490617255e-12,-3.7267966490617255e-12,-1.519590886467574e-13,-24.525000000007072,7.069900220812997e-12,-7.069900220812997e-12,-2.882731996254025e-13
screenshot_like_simple_start,dop853_reference,DOP853,1e-11,1e-13,1.3617021276595744,-0.703144178922339,-0.02086931993121237,-0.7031441789217235,-0.02086931993174074,6.155076448521868e-13,5.283724846538718e-13,6.155076448521868e-13,-0.667487104739168,-1.7625951180357744,-0.6674871047392267,-1.7625951180361614,5.873079800267078e-14,3.8702374638432957e-13,3.9145457833494856e-13,4.695133171139787e-13,-24.524999999999686,3.161915174132446e-13,3.161915174132446e-13,1.2892620485759208e-14,-24.52500000000127,1.2683187833317788e-12,-1.2683187833317788e-12,-5.1715342847371203e-14
screenshot_like_simple_start,dop853_reference,DOP853,1e-11,1e-13,1.3667083854818523,-0.7000862402181138,-0.023872698314789536,-0.7000862402174313,-0.023872698315434485,6.825651155395462e-13,6.449493716864652e-13,6.825651155395462e-13,-0.6681540758471822,-1.7645016876368387,-0.6681540758473049,-1.7645016876372632,1.226796442210798e-13,4.2454928461665986e-13,4.419189859858121e-13,5.220268661787486e-13,-24.524999999999697,3.055333763768431e-13,3.055333763768431e-13,1.2458037772756087e-14,-24.5250000000015,1.4992451724538114e-12,-1.4992451724538114e-12,-6.113130162910545e-14
screenshot_like_simple_start,dop853_reference,DOP853,1e-11,1e-13,1.3717146433041303,-0.6967961023460842,-0.027057621237730048,-0.6967961023462785,-0.027057621237176425,1.942890293094024e-13,5.536231195701902e-13,5.536231195701902e-13,-0.6688182287197361,-1.766536230655084,-0.6688182287193316,-1.7665362306549743,4.0445424787094453e-13,1.0969003483296547e-13,4.1906460404394527e-13,4.0445424787094453e-13,-24.525000000013627,1.3624656958199921e-11,-1.3624656958199921e-11,-5.555415681223208e-13,-24.525000000003427,3.424815986363683e-12,-3.424815986363683e-12,-1.3964591177833568e-13
screenshot_like_simple_start,dop853_reference,DOP853,1e-11,1e-13,1.376720901126408,-0.6932730494491305,-0.030425702947593305,-0.6932730494487362,-0.030425702947881317,3.942401960443931e-13,2.8801266926947733e-13,3.942401960443931e-13,-0.6694791033652278,-1.7686956439303816,-0.6694791033652123,-1.7686956439306245,1.5432100042289676e-14,2.4291679778798425e-13,2.434064920237003e-13,3.0331293032759277e-13,-24.525000000006898,6.895817250551772e-12,-6.895817250551772e-12,-2.8117501531301823e-13,-24.525000000003914,3.9115377603593515e-12,-3.9115377603593515e-12,-1.594918556721448e-13
screenshot_like_simple_start,dop853_reference,DOP853,1e-11,1e-13,1.381727158948686,-0.6895163336473312,-0.03397864558409348,-0.6895163336464553,-0.03397864558508157,8.759659664292485e-13,9.880915530224854e-13,9.880915530224854e-13,-0.6701361896658174,-1.7709765777532773,-0.6701361896661291,-1.7709765777538011,3.1163960301228144e-13,5.238032230181489e-13,6.094990226488087e-13,6.759037773917953e-13,-24.525000000003278,3.275602011854062e-12,-3.275602011854062e-12,-1.3356175379629202e-13,-24.5250000000062,6.199485369506874e-12,-6.199485369506874e-12,-2.527822780634811e-13
screenshot_like_simple_start,dop853_reference,DOP853,1e-11,1e-13,1.3867334167709637,-0.6855251779006705,-0.03771823320888194,-0.6855251778997704,-0.03771823320987513,9.000578060636144e-13,9.931847011479533e-13,9.931847011479533e-13,-0.6707889224603277,-1.7733754261963854,-0.6707889224606236,-1.773375426196918,2.958744360626042e-13,5.324629626102251e-13,6.091457038074077e-13,6.966649479522857e-13,-24.52500000000036,3.588240815588506e-13,-3.588240815588506e-13,-1.4630951337771685e-14,-24.52500000000299,2.9878322038712213e-12,-2.9878322038712213e-12,-1.218280205452078e-13
screenshot_like_simple_start,dop853_reference,DOP853,1e-11,1e-13,1.3917396745932415,-0.6812987794277379,-0.041646324930579987,-0.6812987794263592,-0.041646324932251205,1.3786749519795194e-12,1.6712187189682481e-12,1.6712187189682481e-12,-0.6714366761489852,-1.7758883168653132,-0.671436676149584,-1.7758883168661121,5.988542994828094e-13,7.989164885202626e-13,9.98445806059895e-13,1.070921129553426e-12,-24.524999999993184,6.817657549618161e-12,6.817657549618161e-12,2.77988075417662e-13,-24.52500000000124,1.2363443602225743e-12,-1.2363443602225743e-12,-5.0411594708361847e-14
screenshot_like_simple_start,dop853_reference,DOP853,1e-11,1e-13,1.3967459324155194,-0.6768363137755824,-0.04576484699232628,-0.6768363137754728,-0.04576484699221133,1.0957901253050295e-13,1.1494971641212715e-13,1.1494971641212715e-13,-0.6720787587801141,-1.7785111000880618,-0.6720787587799139,-1.7785111000881357,2.0028423364237824e-13,7.394085344003543e-14,2.1349712891080187e-13,2.0028423364237824e-13,-24.525000000012547,1.2544631999844569e-11,-1.2544631999844569e-11,-5.115038532046715e-13,-24.525000000003253,3.2507330161024584e-12,-3.2507330161024584e-12,-1.325477274659514e-13
screenshot_like_simple_start,dop853_reference,DOP853,1e-11,1e-13,1.4017521902377972,-0.6721369396523342,-0.05007578366577313,-0.6721369396528397,-0.05007578366478911,5.054845431118338e-13,9.840184223008919e-13,9.840184223008919e-13,-0.6727144055737936,-1.781239337569412,-0.6727144055732063,-1.7812393375691467,5.873079800267078e-13,2.653433028854124e-13,6.444670137324265e-13,5.873079800267078e-13,-24.52500000002018,2.0179413695586845e-11,-2.0179413695586845e-11,-8.228099366192393e-13,-24.525000000003438,3.4354741274000844e-12,-3.4354741274000844e-12,-1.400804944913388e-13
screenshot_like_simple_start,dop853_reference,DOP853,1e-11,1e-13,1.4067584480600752,-0.6671998046077334,-0.05458116683370096,-0.6671998046067985,-0.05458116683478638,9.349188090368443e-13,1.0854164789186882e-12,1.0854164789186882e-12,-0.6733427718613452,-1.784068290571144,-0.6733427718616946,-1.7840682905716632,3.4938718584953676e-13,5.191402863147232e-13,6.257619695305808e-13,7.344125307895411e-13,-24.525000000003995,3.993250174971763e-12,-3.993250174971763e-12,-1.6282365647183538e-13,-24.52500000000457,4.568789790937444e-12,-4.568789790937444e-12,-1.8629112297400383e-13
screenshot_like_simple_start,dop853_reference,DOP853,1e-11,1e-13,1.411764705882353,-0.6620240517027522,-0.05928306406347739,-0.6620240517018716,-0.05928306406447363,8.806289031326742e-13,9.962378144656725e-13,9.962378144656725e-13,-0.6739629253905035,-1.7869929076693194,-0.6739629253908033,-1.7869929076698017,2.9976021664879227e-13,4.82280881897168e-13,5.67847723011056e-13,6.946665465079604e-13,-24.525000000003374,3.3715252811816754e-12,-3.3715252811816754e-12,-1.3747299821332008e-13,-24.525000000002553,2.5508484213787597e-12,-2.5508484213787597e-12,-1.040101293120799e-13
screenshot_like_simple_start,dop853_reference,DOP853,1e-11,1e-13,1.4167709637046308,-0.6566088273124379,-0.06418356497003504,-0.6566088273110181,-0.06418356497182065,1.4197532038906502e-12,1.7856133238680627e-12,1.7856133238680627e-12,-0.6745738379538639,-1.7900078121654366,-0.6745738379545213,-1.7900078121661886,6.573630528805552e-13,7.52065076881081e-13,9.988633856321844e-13,1.124544901642821e-12,-24.524999999998343,1.659117287999834e-12,1.659117287999834e-12,6.765004232415225e-14,-24.525000000002628,2.62545540863357e-12,-2.62545540863357e-12,-1.0705220830310173e-13
screenshot_like_simple_start,dop853_reference,DOP853,1e-11,1e-13,1.4217772215269087,-0.6509532901809266,-0.06928476570337375,-0.6509532901804026,-0.06928476570386807,5.240252676230739e-13,4.94326801714351e-13,5.240252676230739e-13,-0.6751743763245787,-1.793107289271426,-0.6751743763246548,-1.7931072892717093,7.616129948928574e-14,2.8332891588433995e-13,2.933868063088251e-13,4.168887457467463e-13,-24.52500000001082,1.0818013151947525e-11,-1.0818013151947525e-11,-4.4110145369816613e-13,-24.525000000002898,2.8954616482224083e-12,-2.8954616482224083e-12,-1.1806163703251408e-13
screenshot_like_simple_start,dop853_reference,DOP853,1e-11,1e-13,1.4267834793491865,-0.6450566219248964,-0.0745887512853051,-0.6450566219248111,-0.07458875128516998,8.537615059367454e-14,1.3511414209688155e-13,1.3511414209688155e-13,-0.6757632924455544,-1.796285273181279,-0.6757632924453516,-1.7962852731813406,2.028377465990161e-13,6.150635556423367e-14,2.1195797512752524e-13,2.028377465990161e-13,-24.525000000016092,1.609024025128747e-11,-1.609024025128747e-11,-6.560750357303759e-13,-24.525000000002255,2.2524204723595176e-12,-2.2524204723595176e-12,-9.184181334799256e-14
screenshot_like_simple_start,dop853_reference,DOP853,1e-11,1e-13,1.4317897371714643,-0.6389180391331534,-0.08009757559075169,-0.6389180391321334,-0.08009757559196594,1.0199618927231313e-12,1.2142509220325337e-12,1.2142509220325337e-12,-0.6763392128639597,-1.7995353342071554,-0.6763392128643513,-1.7995353342076665,3.915756607852927e-13,5.111466805374221e-13,6.438962860149638e-13,8.187894806610529e-13,-24.5250000000046,4.597211500367848e-12,-4.597211500367848e-12,-1.874500102086788e-13,-24.52500000000177,1.7692514120426495e-12,-1.7692514120426495e-12,-7.214073035851781e-14
screenshot_like_simple_start,dop853_reference,DOP853,1e-11,1e-13,1.436795994993742,-0.63253680726582,-0.08581323868896944,-0.6325368072646859,-0.0858132386903787,1.1340928196545974e-12,1.4092615963079425e-12,1.4092615963079425e-12,-0.676900627382184,-1.8028506661723922,-0.6769006273826734,-1.802850666172942,4.89386309254769e-13,5.497824417943775e-13,7.36043268423394e-13,9.14601727686204e-13,-24.525000000004955,4.952482868247898e-12,-4.952482868247898e-12,-2.0193610064211613e-13,-24.525000000002958,2.9558577807620168e-12,-2.9558577807620168e-12,-1.2052427240619843e-13
screenshot_like_simple_start,dop853_reference,DOP853,1e-11,1e-13,1.4418022528160201,-0.6259122565582258,-0.0917376612587551,-0.6259122565567562,-0.09173766126065502,1.4696022176963197e-12,1.8999246620410304e-12,1.8999246620410304e-12,-0.6774458769138016,-1.8062240743032063,-0.6774458769145026,-1.8062240743038933,7.009948177483238e-13,6.870060076380469e-13,9.815146402579912e-13,1.1909362385154054e-12,-24.52500000000649,6.487255177489715e-12,-6.487255177489715e-12,-2.645160113145653e-13,-24.52500000000352,3.517186542012496e-12,-3.517186542012496e-12,-1.4341229529102938e-13
screenshot_like_simple_start,dop853_reference,DOP853,1e-11,1e-13,1.446808510638298,-0.6190438001172429,-0.09787265581739771,-0.6190438001166984,-0.0978726558179144,5.445643935786393e-13,5.166977956605479e-13,5.445643935786393e-13,-0.6779731405636528,-1.809647963923072,-0.6779731405637235,-1.8096479639233376,7.072120666862247e-14,2.6556534749033744e-13,2.7482074677929556e-13,4.4353409833775004e-13,-24.525000000016806,1.680433570072637e-11,-1.680433570072637e-11,-6.851920775015848e-13,-24.52500000000134,1.3393730569077889e-12,-1.3393730569077889e-12,-5.461256093405866e-14
screenshot_like_simple_start,dop853_reference,DOP853,1e-11,1e-13,1.4518147684605758,-0.6119309544470779,-0.10421989443236206,-0.6119309544467476,-0.10421989443253443,3.3029134982598407e-13,1.7237600236086337e-13,3.3029134982598407e-13,-0.6784804219412651,-1.8131143302896375,-0.6784804219411663,-1.8131143302898094,9.880984919163893e-14,1.7186252421197423e-13,1.9824256234670157e-13,2.703393064962256e-13,-24.52500000001275,1.2747136679536197e-11,-1.2747136679536197e-11,-5.197609247517307e-13,-24.52499999999134,8.661515948915621e-12,8.661515948915621e-12,3.5317088476720165e-13
screenshot_like_simple_start,dop853_reference,DOP853,1e-11,1e-13,1.4568210262828536,-0.6045733625933726,-0.1107808726560062,-0.6045733625930995,-0.11078087265610462,2.731148640577885e-13,9.842127113302013e-14,2.731148640577885e-13,-0.6789655347719185,-1.8166147500002183,-0.6789655347717916,-1.8166147500003627,1.268984917146554e-13,1.4432899320127035e-13,1.9218242759926519e-13,2.2470914018413168e-13,-24.52500000000871,8.707701226740028e-12,-8.707701226740028e-12,-3.550540765235485e-13,-24.52499999998557,1.4431122963287635e-11,1.4431122963287635e-11,5.884249934062235e-13
screenshot_like_simple_start,dop853_reference,DOP853,1e-11,1e-13,1.4618272841051314,-0.5969708201342987,-0.11755686936504861,-0.5969708201328675,-0.11755686936706161,1.4311885010442893e-12,2.0130008770991026e-12,2.0130008770991026e-12,-0.6794260878680788,-1.82014037444132,-0.6794260878688942,-1.8201403744418885,8.154588115871775e-13,5.684341886080801e-13,9.940274141962575e-13,1.1836087665528794e-12,-24.525000000019023,1.9021229036297882e-11,-1.9021229036297882e-11,-7.755852818062337e-13,-24.525000000009396,9.393374966748524e-12,-9.393374966748524e-12,-3.830122310600825e-13
screenshot_like_simple_start,dop853_reference,DOP853,1e-11,1e-13,1.4668335419274092,-0.5891233041941069,-0.1245489022650604,-0.5891233041939747,-0.1245489022651547,1.3211653993039363e-13,9.431344594190705e-14,1.3211653993039363e-13,-0.6798594695846322,-1.8236819258509236,-0.679859469584616,-1.8236819258509853,1.6209256159527285e-14,6.17284001691587e-14,6.382112011465299e-14,1.0980105713542798e-13,-24.525000000049964,4.9961812464971445e-11,-4.9961812464971445e-11,-2.0371788976542892e-12,-24.5250000000056,5.5990767577895895e-12,-5.5990767577895895e-12,-2.2830078523097204e-13
screenshot_like_simple_start,dop853_reference,DOP853,1e-11,1e-13,1.471839799749687,-0.5810310056490009,-0.13175767882843686,-0.5810310056467392,-0.1317576788313929,2.261746345766369e-12,2.9560243142157105e-12,2.9560243142157105e-12,-0.68026283191102,-1.8272296966338855,-0.6802628319120597,-1.8272296966347386,1.039723862561459e-12,8.530953721219703e-13,1.3449153967129838e-12,1.890598788634179e-12,-24.52500000002418,2.417621658423741e-11,-2.417621658423741e-11,-9.85778453995409e-13,-24.52500000000417,4.1673331452329876e-12,-4.1673331452329876e-12,-1.6992184078421967e-13
screenshot_like_simple_start,dop853_reference,DOP853,1e-11,1e-13,1.476846057571965,-0.5726943646228064,-0.13918354253649626,-0.5726943646198352,-0.13918354254044107,2.971178858501844e-12,3.9448166955224906e-12,3.9448166955224906e-12,-0.6806330744208919,-1.8307735526664708,-0.6806330744223015,-1.8307735526675335,1.4095391520640987e-12,1.0627054791711998e-12,1.7652601951729575e-12,2.497113626986902e-12,-24.525000000012554,1.255173742720217e-11,-1.255173742720217e-11,-5.117935750133402e-13,-24.52499999999966,3.410605131648481e-13,3.410605131648481e-13,1.3906646816099818e-14
screenshot_like_simple_start,dop853_reference,DOP853,1e-11,1e-13,1.481852315394243,-0.5641141093705614,-0.14682641430013965,-0.5641141093688785,-0.1468264143023927,1.6828760607268123e-12,2.253058850598677e-12,2.253058850598677e-12,-0.6809668283287033,-1.8343029413862264,-0.6809668283295098,-1.8343029413867966,8.065770273901762e-13,5.702105454474804e-13,9.877786023462375e-13,1.4221956945448255e-12,-24.52500000000193,1.929123527588672e-12,-1.929123527588672e-12,-7.86594710535646e-14,-24.525000000005484,5.481837206389173e-12,-5.481837206389173e-12,-2.2352037538793772e-13
screenshot_like_simple_start,dop853_reference,DOP853,1e-11,1e-13,1.4868585732165207,-0.5552912984906742,-0.1546857291530082,-0.555291298489491,-0.15468572915454182,1.1831646773430293e-12,1.53360657506596e-12,1.53360657506596e-12,-0.6812604410103125,-1.8378069055718615,-0.6812604410108224,-1.8378069055722488,5.099254352103344e-13,3.872457909892546e-13,6.40299345707414e-13,1.0054179711005418e-12,-24.525000000011765,1.1763034990508459e-11,-1.1763034990508459e-11,-4.796344542511094e-13,-24.525000000004916,4.913403017781093e-12,-4.913403017781093e-12,-2.0034263069443802e-13
screenshot_like_simple_start,dop853_reference,DOP853,1e-11,1e-13,1.4918648310387985,-0.5462273663321672,-0.16276036842093494,-0.5462273663309519,-0.1627603684225021,1.2152501227546963e-12,1.5671630659852553e-12,1.5671630659852553e-12,-0.6815099614057073,-1.8412741037710871,-0.6815099614062152,-1.8412741037714646,5.079270337660091e-13,3.774758283725532e-13,6.328332107561058e-13,1.0385026172343714e-12,-24.52500000001313,1.3127277043167851e-11,-1.3127277043167851e-11,-5.352610415155087e-13,-24.52500000000411,4.106937012693379e-12,-4.106937012693379e-12,-1.6745920541053532e-13
screenshot_like_simple_start,dop853_reference,DOP853,1e-11,1e-13,1.4968710888610763,-0.5369241713572536,-0.17104858772287893,-0.5369241713539834,-0.17104858772730502,3.2701619190333986e-12,4.426098376697496e-12,4.426098376697496e-12,-0.681711126789772,-1.844692838376159,-0.6817111267913234,-1.8446928383770782,1.5514256546111937e-12,9.192646643896296e-13,1.803321680949117e-12,2.8100854976287337e-12,-24.524999999988736,1.1265655075476388e-11,1.1265655075476388e-11,4.593539276442971e-13,-24.52499999999894,1.0622613899613498e-12,1.0622613899613498e-12,4.331341039597756e-14
screenshot_like_simple_start,dop853_reference,DOP853,1e-11,1e-13,1.5018773466833542,-0.5273840469932616,-0.1795479414792148,-0.527384046991175,-0.1795479414820881,2.0865531524805192e-12,2.8733126988811364e-12,2.8733126988811364e-12,-0.6818593515178637,-1.8480510923889097,-0.6818593515188879,-1.8480510923894466,1.024180740216707e-12,5.369038547087257e-13,1.1563788037801151e-12,1.8030021919912542e-12,-24.525000000000336,3.339550858072471e-13,-3.339550858072471e-13,-1.3616925007431072e-14,-24.525000000008976,8.974154752650065e-12,-8.974154752650065e-12,-3.6591864434862647e-13
screenshot_like_simple_start,dop853_reference,DOP853,1e-11,1e-13,1.5068836045056322,-0.5176098543973846,-0.18825520476286867,-0.5176098543957843,-0.18825520476500668,1.6002754676947006e-12,2.1380119896718952e-12,2.1380119896718952e-12,-0.6819497183968335,-1.8513365758756248,-0.681949718397543,-1.8513365758760165,7.095435350379375e-13,3.9168668308775523e-13,8.104754689825106e-13,1.390665360645471e-12,-24.525000000004756,4.75353090223507e-12,-4.75353090223507e-12,-1.9382388999939122e-13,-24.525000000004283,4.281019982954604e-12,-4.281019982954604e-12,-1.745573897229196e-13
screenshot_like_simple_start,dop853_reference,DOP853,1e-11,1e-13,1.51188986232791,-0.5076050362107941,-0.19716629382081705,-0.5076050362086111,-0.19716629382377848,2.1830315333204453e-12,2.961436651460758e-12,2.961436651460758e-12,-0.6819769734808419,-1.85453678307876,-0.6819769734818381,-1.854536783079241,9.96203119996153e-13,4.809486142676178e-13,1.106224310823086e-12,1.907807245515869e-12,-24.524999999996993,3.0091484859440243e-12,3.0091484859440243e-12,1.2269718597121404e-13,-24.52500000000442,4.419575816427823e-12,-4.419575816427823e-12,-1.8020696499196016e-13
screenshot_like_simple_start,dop853_reference,DOP853,1e-11,1e-13,1.5168961201501878,-0.49737367026943746,-0.20627618675112583,-0.49737367026744506,-0.20627618675381554,1.992406239992306e-12,2.689709566183751e-12,2.689709566183751e-12,-0.6819355250893184,-1.8576390609826334,-0.6819355250902002,-1.857639060983033,8.817391261572993e-13,3.9968028886505635e-13,9.680951502326063e-13,1.7509882432875656e-12,-24.524999999998403,1.5987211554602254e-12,1.5987211554602254e-12,6.518740695046791e-14,-24.52500000000518,5.17630383001233e-12,-5.17630383001233e-12,-2.1106233761518162e-13
screenshot_like_simple_start,dop853_reference,DOP853,1e-11,1e-13,1.5219023779724656,-0.4869205218814627,-0.21557884632804647,-0.486920521879308,-0.21557884633100854,2.1546653350412726e-12,2.9620750296999176e-12,2.9620750296999176e-12,-0.6818194479449224,-1.8606306899482936,-0.6818194479459118,-1.8606306899486682,9.89319737243477e-13,3.745892485085278e-13,1.057861355564937e-12,1.9042545318370685e-12,-24.524999999999796,2.0605739337042905e-13,2.0605739337042905e-13,8.401932451393641e-15,-24.525000000008664,8.661515948915621e-12,-8.661515948915621e-12,-3.5317088476720165e-13
screenshot_like_simple_start,dop853_reference,DOP853,1e-11,1e-13,1.5269086357947435,-0.47625109303922036,-0.22506714731280325,-0.47625109303744295,-0.22506714731521366,1.7774115512736444e-12,2.4104052087636774e-12,2.4104052087636774e-12,-0.6816224933353705,-1.8634989767278909,-0.6816224933361404,-1.8634989767281676,7.699396675775461e-13,2.76667577736589e-13,8.181393770501782e-13,1.5796253194366727e-12,-24.525000000001967,1.964650664376677e-12,-1.964650664376677e-12,-8.010808009690833e-14,-24.525000000004265,4.263256414560601e-12,-4.263256414560601e-12,-1.7383308520124773e-13
screenshot_like_simple_start,dop853_reference,DOP853,1e-11,1e-13,1.5319148936170213,-0.46537166669500984,-0.23473281092828535,-0.46537166669231184,-0.23473281093200346,2.698008483292824e-12,3.718109153894034e-12,3.718109153894034e-12,-0.6813381061735968,-1.866231359774609,-0.6813381061748018,-1.8662313597749547,1.205036070928145e-12,3.4572344986827375e-13,1.25364932737459e-12,2.4110713425784525e-12,-24.52499999997581,2.419042743895261e-11,2.419042743895261e-11,9.863578976127465e-13,-24.52500000000702,7.016609515630989e-12,-7.016609515630989e-12,-2.861002860603869e-13
screenshot_like_simple_start,dop853_reference,DOP853,1e-11,1e-13,1.536921151439299,-0.45428934399369847,-0.24456634951231163,-0.45428934399163184,-0.24456634951513012,2.0666246491884976e-12,2.8184954370402693e-12,2.8184954370402693e-12,-0.6809594497643987,-1.8688155262792518,-0.6809594497652763,-1.8688155262794761,8.776313009661862e-13,2.2426505097428162e-13,9.058319455197513e-13,1.857014542139268e-12,-24.52500000000032,3.161915174132446e-13,-3.161915174132446e-13,-1.2892620485759208e-14,-24.525000000006358,6.355804771374096e-12,-6.355804771374096e-12,-2.591561578541935e-13
screenshot_like_simple_start,dop853_reference,DOP853,1e-11,1e-13,1.5419274092615771,-0.44301207223852285,-0.2545570245323435,-0.44301207223612504,-0.2545570245356495,2.397804177434182e-12,3.30596661157756e-12,3.30596661157756e-12,-0.6804794389282565,-1.871239539781278,-0.6804794389292894,-1.8712395397814734,1.0329515021112456e-12,1.9539925233402755e-13,1.0512705044500087e-12,2.166378187951068e-12,-24.52499999999766,2.34123831432953e-12,2.34123831432953e-12,9.546333595635188e-14,-24.525000000003885,3.8831160509289475e-12,-3.8831160509289475e-12,-1.583329684374698e-13
screenshot_like_simple_start,dop853_reference,DOP853,1e-11,1e-13,1.546933667083855,-0.43154866126172614,-0.2646928212949662,-0.43154866125971636,-0.26469282129773264,2.0097812303276896e-12,2.766453732760965e-12,2.766453732760965e-12,-0.6798907819427948,-1.873491976557946,-0.6798907819436395,-1.8734919765580629,8.446576771348191e-13,1.1679546219056647e-13,8.526944186114368e-13,1.825539719391145e-12,-24.524999999992687,7.315037464650231e-12,7.315037464650231e-12,2.9826860202447426e-13,-24.525000000005853,5.851319428984425e-12,-5.851319428984425e-12,-2.385859094387125e-13
screenshot_like_simple_start,dop853_reference,DOP853,1e-11,1e-13,1.5519399249061328,-0.4199087860020009,-0.27496044350177473,-0.4199087859998356,-0.27496044350474586,2.165267964926443e-12,2.9711233473506127e-12,2.9711233473506127e-12,-0.6791860314436827,-1.875562068296163,-0.679186031444565,-1.8755620682962388,8.822942376696119e-13,7.593925488436071e-14,8.855562614861879e-13,1.9771961845549413e-12,-24.525000000000894,8.917311333789257e-13,-8.917311333789257e-13,-3.636008698792765e-14,-24.525000000005505,5.503153488461976e-12,-5.503153488461976e-12,-2.2438954081394395e-13
screenshot_like_simple_start,dop853_reference,DOP853,1e-11,1e-13,1.5569461827284106,-0.4081029732538599,-0.2853453305745075,-0.40810297325125305,-0.28534533057812284,2.606859172971099e-12,3.6153302573893598e-12,3.6153302573893598e-12,-0.6783576440921271,-1.8774398478676346,-0.6783576440932033,-1.8774398478676515,1.0762502000716268e-12,1.687538997430238e-14,1.0763824933270707e-12,2.3928081738233686e-12,-24.524999999998002,2.000177801164682e-12,2.000177801164682e-12,8.155668914025206e-14,-24.52500000000356,3.5562663924793014e-12,-3.5562663924793014e-12,-1.450057652387075e-13
screenshot_like_simple_start,dop853_reference,DOP853,1e-11,1e-13,1.5619524405506884,-0.39614257098728545,-0.29583170006052234,-0.3961425709847515,-0.29583170006406223,2.5339730314044573e-12,3.5398906028660804e-12,3.5398906028660804e-12,-0.6773980483727176,-1.879116294391181,-0.6773980483737659,-1.8791162943911268,1.0483836021535353e-12,5.417888360170764e-14,1.0497826102068702e-12,2.3376856006507296e-12,-24.52499999999827,1.7337242752546445e-12,1.7337242752546445e-12,7.069212131517408e-14,-24.52500000000458,4.579447931973846e-12,-4.579447931973846e-12,-1.8672570568700693e-13
screenshot_like_simple_start,dop853_reference,DOP853,1e-11,1e-13,1.5669586983729662,-0.3840396991654209,-0.30640261668154956,-0.3840396991614562,-0.3064026166872566,3.9647174432388965e-12,5.707045946934386e-12,5.707045946934386e-12,-0.6762997194393234,-1.8805834732553435,-0.6762997194410887,-1.8805834732551077,1.765254609153999e-12,2.3581137043038325e-13,1.7809353827592096e-12,3.675948434533893e-12,-24.525000000000567,5.648814749292796e-13,-5.648814749292796e-13,-2.3032883789165326e-14,-24.5250000000064,6.398437335519702e-12,-6.398437335519702e-12,-2.6089448870620596e-13
screenshot_like_simple_start,dop853_reference,DOP853,1e-11,1e-13,1.571964956195244,-0.3718071817090959,-0.31704008856769184,-0.37180718170858196,-0.31704008856809135,5.13922238098985e-13,3.995137554113626e-13,5.13922238098985e-13,-0.6750552594559855,-1.8818346664444174,-0.6750552594558863,-1.8818346664444796,9.9253938401489e-14,6.217248937900877e-14,1.1711858402401188e-13,4.7883919052083e-13,-24.525000000000862,8.597567102697212e-13,-8.597567102697212e-13,-3.5056338848918294e-14,-24.524999999992403,7.599254558954271e-12,7.599254558954271e-12,3.098574743712241e-13
screenshot_like_simple_start,dop853_reference,DOP853,1e-11,1e-13,1.576971214017522,-0.35945846010531723,-0.32772519001606565,-0.3594584601025107,-0.3277251900199881,2.8065327839499332e-12,3.922473457151909e-12,3.922473457151909e-12,-0.6736574814380951,-1.8828644884253471,-0.6736574814391817,-1.8828644884250718,1.0865752742006407e-12,2.753353101070388e-13,1.1209171956464655e-12,2.627176254321739e-12,-24.525000000000116,1.1368683772161603e-13,-1.1368683772161603e-13,-4.6355489386999394e-15,-24.525000000004553,4.551026222543442e-12,-4.551026222543442e-12,-1.8556681845233195e-13
screenshot_like_simple_start,dop853_reference,DOP853,1e-11,1e-13,1.5819774718397999,-0.34700749006317977,-0.3384382088271093,-0.34700749006155845,-0.3384382088293579,1.6213141940113474e-12,2.248590202924561e-12,2.248590202924561e-12,-0.6720994942350198,-1.8836689830534157,-0.672099494235616,-1.8836689830532203,5.961897642237091e-13,1.9539925233402755e-13,6.273938976255816e-13,1.5247247908689587e-12,-24.525000000014163,1.4161116723698797e-11,-1.4161116723698797e-11,-5.774155646768112e-13,-24.525000000001793,1.7905676941154525e-12,-1.7905676941154525e-12,-7.300989578452405e-14
screenshot_like_simple_start,dop853_reference,DOP853,1e-11,1e-13,1.5869837296620777,-0.33446862353995305,-0.3491588149644531,-0.33446862353743706,-0.3491588149679821,2.5159874184055298e-12,3.529010417224754e-12,3.529010417224754e-12,-0.6703747860384506,-1.8842456974610955,-0.67037478603939,-1.8842456974607142,9.394707234378075e-13,3.8125058665627876e-13,1.013882266351727e-12,2.37654340651261e-12,-24.525000000000915,9.130474154517287e-13,-9.130474154517287e-13,-3.722925241393389e-14,-24.52499999999388,6.121325668573263e-12,6.121325668573263e-12,2.495953381681249e-13
screenshot_like_simple_start,dop853_reference,DOP853,1e-11,1e-13,1.5919899874843555,-0.321856479269659,-0.35986624613072127,-0.3218564792675793,-0.35986624613357854,2.0796697697278432e-12,2.857269976175303e-12,2.857269976175303e-12,-0.6684773037034194,-1.8845937296903654,-0.6684773037041207,-1.884593729690017,7.013278846557114e-13,3.483879851273741e-13,7.830932192126083e-13,1.9729218259101344e-12,-24.524999999999363,6.394884621840902e-13,6.394884621840902e-13,2.607496278018716e-14,-24.52499999999733,2.6716406864579767e-12,2.6716406864579767e-12,1.0893540005944858e-13
screenshot_like_simple_start,dop853_reference,DOP853,1e-11,1e-13,1.5969962453066333,-0.3091858056784617,-0.3705395047761095,-0.30918580567616705,-0.3705395047793133,2.2946644584465048e-12,3.2038260933120455e-12,3.2038260933120455e-12,-0.6664015252002748,-1.8847137478896787,-0.6664015252010753,-1.8847137478892169,8.004708007547379e-13,4.618527782440651e-13,9.241544739017893e-13,2.1858626020332395e-12,-24.52500000003111,3.1107560971577186e-11,-3.1107560971577186e-11,-1.2684020783517709e-12,-24.52500000000464,4.636291350834654e-12,-4.636291350834654e-12,-1.890434801563569e-13
screenshot_like_simple_start,dop853_reference,DOP853,1e-11,1e-13,1.6020025031289111,-0.2964713404579774,-0.3811575604974909,-0.2964713404560104,-0.3811575605002208,1.96698213272839e-12,2.7299273952507974e-12,2.7299273952507974e-12,-0.6641425227787547,-1.8846079801172153,-0.6641425227794076,-1.8846079801167743,6.52811138479592e-13,4.409805853811122e-13,7.877983620229795e-13,1.8811618929248652e-12,-24.52500000000049,4.867217739956686e-13,-4.867217739956686e-13,-1.9845943893809118e-14,-24.52499999999672,3.282707439211663e-12,3.282707439211663e-12,1.3385147560496077e-13
screenshot_like_simple_start,dop853_reference,DOP853,1e-11,1e-13,1.607008760951189,-0.28372767131887844,-0.3916995514157878,-0.28372767131678706,-0.3916995514187464,2.0913826226376386e-12,2.9586333383235797e-12,2.9586333383235797e-12,-0.6616960147945496,-1.8842801751114706,-0.6616960147952764,-1.8842801751109266,7.267519919196275e-13,5.440092820663267e-13,9.078075548999724e-13,2.0077828288833643e-12,-24.524999999997583,2.419398015263141e-12,2.419398015263141e-12,9.865027585170809e-14,-24.52499999999153,8.473222123939195e-12,8.473222123939195e-12,3.4549325683747987e-13
screenshot_like_simple_start,dop853_reference,DOP853,1e-11,1e-13,1.612015018773467,-0.2709691023387947,-0.40214497825782625,-0.270969102335602,-0.4021449782623199,3.1926683519145627e-12,4.493627692170321e-12,4.493627692170321e-12,-0.6590584046773994,-1.8837355356774337,-0.6590584046784583,-1.8837355356765295,1.0589307208874743e-12,9.041656312547275e-13,1.3924258545364366e-12,3.0762059566313837e-12,-24.52500000001641,1.6406431768700713e-11,-1.6406431768700713e-11,-6.689676562161351e-13,-24.525000000004923,4.920508445138694e-12,-4.920508445138694e-12,-2.0063235250310676e-13
screenshot_like_simple_start,dop853_reference,DOP853,1e-11,1e-13,1.6170212765957448,-0.258209529933753,-0.41247388539906404,-0.25820952993189933,-0.412473885401624,1.8536838730653926e-12,2.559952250180686e-12,2.559952250180686e-12,-0.6562268061336034,-1.8829806274912329,-0.6562268061341563,-1.8829806274906797,5.52891066263328e-13,5.53113110868253e-13,7.820630694312039e-13,1.7922330286523902e-12,-24.52500000000021,2.0961010704922955e-13,-2.0961010704922955e-13,-8.546793355728014e-15,-24.525000000006226,6.224354365258478e-12,-6.224354365258478e-12,-2.537963043938217e-13
screenshot_like_simple_start,dop853_reference,DOP853,1e-11,1e-13,1.6220275344180226,-0.24546233192791417,-0.4226670238936758,-0.2454623319269081,-0.42266702389504335,1.0060563493397012e-12,1.3675727217332678e-12,1.3675727217332678e-12,-0.6531990543000021,-1.8820232670834878,-0.6531990543002735,-1.8820232670831714,2.7133850721838826e-13,3.164135620181696e-13,4.168238569570238e-13,9.758860386455126e-13,-24.52499999999358,6.423306331271306e-12,6.423306331271306e-12,2.619085150365466e-13,-24.52500000000279,2.7888802378583932e-12,-2.7888802378583932e-12,-1.1371580990248289e-13
screenshot_like_simple_start,dop853_reference,DOP853,1e-11,1e-13,1.6270337922403004,-0.23274027233878103,-0.4327059927210086,-0.2327402723345332,-0.4327059927271243,4.2478243145183114e-12,6.115663531147675e-12,6.115663531147675e-12,-0.6499737032177959,-1.880872393405146,-0.6499737032192145,-1.8808723934035612,1.418642980866025e-12,1.5847323453499484e-12,2.1269519302416754e-12,4.133277053952611e-12,-24.525000000003182,3.1796787425264483e-12,-3.1796787425264483e-12,-1.2965050937926394e-13,-24.524999999997142,2.8599345114344032e-12,2.8599345114344032e-12,1.1661302798917035e-13
screenshot_like_simple_start,dop853_reference,DOP853,1e-11,1e-13,1.6320400500625782,-0.22005542367256498,-0.4425733556312779,-0.22005542367057981,-0.44257335563403166,1.9851620347566268e-12,2.753741679129007e-12,2.753741679129007e-12,-0.6465500105314412,-1.879537927750144,-0.6465500105319923,-1.8795379277493982,5.511147094239277e-13,7.458478279431802e-13,9.273706947014123e-13,1.9373114223952825e-12,-24.525000000000425,4.227729277772596e-13,-4.227729277772596e-13,-1.72384476157904e-14,-24.5250000000078,7.7982065249671e-12,-7.7982065249671e-12,-3.17969685013949e-13
screenshot_like_simple_start,dop853_reference,DOP853,1e-11,1e-13,1.637046307884856,-0.20741910763337748,-0.45225273222721724,-0.20741910763285987,-0.45225273222774187,5.176137296558636e-13,5.246358902866177e-13,5.246358902866177e-13,-0.642927910770675,-1.8780306268687172,-0.6429279107706404,-1.8780306268685945,3.4638958368304884e-14,1.2279066652354231e-13,1.2758293468225653e-13,5.06511499409612e-13,-24.524999999997426,2.575717417130363e-12,2.575717417130363e-12,1.0502415564242051e-13,-24.525000000031174,3.1171509817795595e-11,-3.1171509817795595e-11,-1.2710095746297896e-12
screenshot_like_simple_start,dop853_reference,DOP853,1e-11,1e-13,1.6420525657071339,-0.19484185420021327,-0.46172886326095597,-0.19484185419863861,-0.4617288632631314,1.5746570714014752e-12,2.175426505601763e-12,2.175426505601763e-12,-0.6391079789351147,-1.8763619338451534,-0.6391079789355174,-1.876361933844489,4.026778910315443e-13,6.643574579356937e-13,7.768657000025096e-13,1.5448753387659053e-12,-24.524999999994627,5.375255796025158e-12,5.375255796025158e-12,2.1917454825790653e-13,-24.525000000027045,2.7043256523029413e-11,-2.7043256523029413e-11,-1.1026812037932481e-12
screenshot_like_simple_start,dop853_reference,DOP853,1e-11,1e-13,1.647058823529412,-0.18233337839327143,-0.4709876510182036,-0.18233337838859387,-0.47098765102523427,4.677563891775094e-12,7.0306538368924976e-12,7.0306538368924976e-12,-0.6350913862594232,-1.8745438309104543,-0.6350913862610883,-1.8745438309081124,1.6651124923328098e-12,2.3419044481443052e-12,2.873519802674216e-12,4.600014813505027e-12,-24.525000000001025,1.0231815394945443e-12,-1.0231815394945443e-12,-4.1719940448299456e-14,-24.52499999999505,4.952482868247898e-12,4.952482868247898e-12,2.0193610064211613e-13
screenshot_like_simple_start,dop853_reference,DOP853,1e-11,1e-13,1.6520650813516897,-0.16990257336867837,-0.48001617663193447,-0.1699025733665974,-0.48001617663483953,2.0809742817817778e-12,2.905065077385416e-12,2.905065077385416e-12,-0.6308798501319468,-1.8725886977297943,-0.6308798501324725,-1.8725886977288047,5.256906021600116e-13,9.896528041508645e-13,1.1206084427501987e-12,2.0509982601168986e-12,-24.525000000000308,3.055333763768431e-13,-3.055333763768431e-13,-1.2458037772756087e-14,-24.525000000006415,6.412648190234904e-12,-6.412648190234904e-12,-2.6147393232354346e-13
screenshot_like_simple_start,dop853_reference,DOP853,1e-11,1e-13,1.6570713391739675,-0.157557518053258,-0.4888026967778669,-0.15755751805129506,-0.48880269678058036,1.962929818688508e-12,2.713440583335114e-12,2.713440583335114e-12,-0.6264755800909121,-1.8705091780141836,-0.6264755800913692,-1.8705091780132173,4.570788192381769e-13,9.663381206337363e-13,1.068985692320579e-12,1.938615934449217e-12,-24.524999999997547,2.454925152051146e-12,2.454925152051146e-12,1.0009888489505182e-13,-24.52500000001173,1.1727507853720454e-11,-1.1727507853720454e-11,-4.781858452077656e-13
screenshot_like_simple_start,dop853_reference,DOP853,1e-11,1e-13,1.6620775969962454,-0.14530549726638742,-0.4973366225855649,-0.14530549726434244,-0.4973366225883963,2.044975300208307e-12,2.8314017797015367e-12,2.8314017797015367e-12,-0.621881221684889,-1.8683180565894884,-0.621881221685354,-1.8683180565884336,4.649614027130156e-13,1.0547118733938987e-12,1.152651830298691e-12,2.0234092179549634e-12,-24.524999999998993,1.0089706847793423e-12,1.0089706847793423e-12,4.1140496830961965e-14,-24.525000000018576,1.857358711276902e-11,-1.857358711276902e-11,-7.573328078601027e-13
screenshot_like_simple_start,dop853_reference,DOP853,1e-11,1e-13,1.6670838548185232,-0.13315303213048615,-0.50560848381403,-0.13315303212785,-0.5056084838178267,2.6361413052455873e-12,3.79674069961311e-12,3.79674069961311e-12,-0.6170997997918164,-1.8660281483476568,-0.6170997997925253,-1.8660281483461678,7.088774012231625e-13,1.48903112062726e-12,1.6491576177434885e-12,2.6127988661528434e-12,-24.52500000000098,9.769962616701378e-13,-9.769962616701378e-13,-3.983674869195261e-14,-24.52500000001271,1.2708056829069392e-11,-1.2708056829069392e-11,-5.181674548040526e-13
screenshot_like_simple_start,dop853_reference,DOP853,1e-11,1e-13,1.672090112640801,-0.12110591858181957,-0.5136098813354458,-0.12110591857980404,-0.5136098813382636,2.015526634480125e-12,2.8177460364986473e-12,2.8177460364986473e-12,-0.6121346627507387,-1.8636521998706022,-0.6121346627511922,-1.863652199869461,4.5352610555937645e-13,1.1410872247097359e-12,1.2279112275810584e-12,2.0007606682526102e-12,-24.525000000001462,1.4601653219870059e-12,-1.4601653219870059e-12,-5.953783168142735e-14,-24.52500000000587,5.8690829973784275e-12,-5.8690829973784275e-12,-2.393102139603844e-13
screenshot_like_simple_start,dop853_reference,DOP853,1e-11,1e-13,1.6770963704630788,-0.10916927189358608,-0.5213334308386655,-0.10916927189180722,-0.5213334308411512,1.778854841205657e-12,2.4857893521357255e-12,2.4857893521357255e-12,-0.6069894284071456,-1.8612028039646211,-0.606989428407533,-1.861202803963577,3.873568132917171e-13,1.0440537323574972e-12,1.1135948531010434e-12,1.7682660891082946e-12,-24.52499999999771,2.291500322826323e-12,2.291500322826323e-12,9.343528329567066e-14,-24.525000000004937,4.934719299853896e-12,-4.934719299853896e-12,-2.0121179612044426e-13
screenshot_like_simple_start,dop853_reference,DOP853,1e-11,1e-13,1.6821026282853568,-0.09734757530236135,-0.528772700419645,-0.09734757530002128,-0.5287727004229477,2.3400725801536737e-12,3.3026914536549157e-12,3.3026914536549157e-12,-0.6016679329192909,-1.8586923268937727,-0.6016679329198135,-1.858692326892334,5.225819776910612e-13,1.4386269953092778e-12,1.5306010437210939e-12,2.3289981054830378e-12,-24.525000000000887,8.846257060213247e-13,-8.846257060213247e-13,-3.6070365179258905e-14,-24.525000000003352,3.3502089991088724e-12,-3.3502089991088724e-12,-1.3660383278731384e-13
screenshot_like_simple_start,dop853_reference,DOP853,1e-11,1e-13,1.6871088861076347,-0.08564473104344728,-0.5359221444313949,-0.0856447310414756,-0.5359221444340593,1.971672825007431e-12,2.664424236797913e-12,2.664424236797913e-12,-0.596174182937896,-1.8561328477469192,-0.5961741829382226,-1.8561328477457275,3.2651659154225854e-13,1.191713394632643e-12,1.2356350187248788e-12,1.9644424975595598e-12,-24.525000000006276,6.274092356761685e-12,-6.274092356761685e-12,-2.558243570545029e-13,-24.525000000016032,1.602984411874786e-11,-1.602984411874786e-11,-6.536124003566915e-13
screenshot_like_simple_start,dop853_reference,DOP853,1e-11,1e-13,1.6921151439299125,-0.07406411236109825,-0.542777035604965,-0.07406411236004515,-0.542777035606394,1.0531020500081922e-12,1.428968054995039e-12,1.428968054995039e-12,-0.5905123115557107,-1.853536109130346,-0.590512311555884,-1.8535361091296858,1.7330581414398694e-13,6.601386104421181e-13,6.825085275749752e-13,1.0502154701441668e-12,-24.524999999995266,4.735767333841068e-12,4.735767333841068e-12,1.9309958547771937e-13,-24.525000000005466,5.4640736379951704e-12,-5.4640736379951704e-12,-2.2279607086626584e-13
screenshot_like_simple_start,dop853_reference,DOP853,1e-11,1e-13,1.6971214017521903,-0.06260861530566644,-0.5493333971112825,-0.06260861530375084,-0.5493333971139731,1.9156065622638607e-12,2.690625500179067e-12,2.690625500179067e-12,-0.5846865382423356,-1.8509134782118501,-0.5846865382427184,-1.8509134782105652,3.82804898890754e-13,1.2849721287011562e-12,1.3407807285882137e-12,1.911859559555751e-12,-24.525000000001796,1.794120407794253e-12,-1.794120407794253e-12,-7.315475668885842e-14,-24.525000000003452,3.4496849821152864e-12,-3.4496849821152864e-12,-1.4065993810867628e-13
screenshot_like_simple_start,dop853_reference,DOP853,1e-11,1e-13,1.702127659574468,-0.051280709344699714,-0.5555879359361676,-0.05128070934164261,-0.5555879359406366,3.057103181713927e-12,4.468980741023643e-12,4.468980741023643e-12,-0.5787011328358188,-1.8482759170333565,-0.5787011328365624,-1.848275917031156,7.436273818939299e-13,2.2004620348070603e-12,2.322717126498543e-12,3.053078623249661e-12,-24.525000000005388,5.3859139370615594e-12,-5.3859139370615594e-12,-2.1960913097090963e-13,-24.524999999984995,1.5006662579253316e-11,1.5006662579253316e-11,6.11892459908392e-13
screenshot_like_simple_start,dop853_reference,DOP853,1e-11,1e-13,1.707133917396746,-0.040082486097020885,-0.5615379785440642,-0.04008248609484438,-0.5615379785469202,2.1765020341568686e-12,2.856048730848215e-12,2.856048730848215e-12,-0.572560383528755,-1.8456339610186998,-0.5725603835289977,-1.8456339610172663,2.426947531830592e-13,1.4335199693960021e-12,1.4539189268593008e-12,2.174753432893084e-12,-24.5250000000117,1.169908614429005e-11,-1.169908614429005e-11,-4.770269579730906e-13,-24.52500000001137,1.1368683772161603e-11,-1.1368683772161603e-11,-4.63554893869994e-13
screenshot_like_simple_start,dop853_reference,DOP853,1e-11,1e-13,1.7121401752190237,-0.029015705624252354,-0.5671814096345865,-0.02901570562432,-0.5671814096342149,6.764727666919157e-14,3.715916463420399e-13,3.715916463420399e-13,-0.5662685687143121,-1.8429977045698667,-0.5662685687140663,-1.8429977045700645,2.4580337765200966e-13,1.978417429882029e-13,3.1553233706507264e-13,2.4580337765200966e-13,-24.52499999999708,2.9238833576528123e-12,2.9238833576528123e-12,1.1922052426718908e-13,-24.52500000001676,1.6758150422901963e-11,-1.6758150422901963e-11,-6.83308885745238e-13
screenshot_like_simple_start,dop853_reference,DOP853,1e-11,1e-13,1.7171464330413018,-0.018081839949345035,-0.5725166144636685,-0.01808183994775353,-0.5725166144658758,1.591504705800162e-12,2.2072343952572737e-12,2.2072343952572737e-12,-0.5598299324776228,-1.840376792738256,-0.5598299324778869,-1.8403767927370893,2.6412205755832474e-13,1.1666223542761145e-12,1.196147222872497e-12,1.5912444972787654e-12,-24.525000000001803,1.801225835151854e-12,-1.801225835151854e-12,-7.344447849752717e-14,-24.525000000005846,5.844214001626824e-12,-5.844214001626824e-12,-2.382961876300438e-13
screenshot_like_simple_start,dop853_reference,DOP853,1e-11,1e-13,1.7221526908635796,-0.007282113540665512,-0.577542425107406,-0.00728211353888392,-0.5775424251099284,1.7815922348507485e-12,2.522315689645893e-12,2.522315689645893e-12,-0.5532486634919738,-1.8377804179756971,-0.5532486634923055,-1.8377804179743333,3.3173463975799677e-13,1.3637979634495423e-12,1.403564304306891e-12,1.7815445299551591e-12,-24.525000000003615,3.6131098113401094e-12,-3.6131098113401094e-12,-1.4732353970805746e-13,-24.525000000000833,8.313350008393172e-13,-8.313350008393172e-13,-3.389745161424331e-14
screenshot_like_simple_start,dop853_reference,DOP853,1e-11,1e-13,1.7271589486858574,0.003382459286195332,-0.5822580707428789,0.0033824592883700717,-0.582258070745961,2.174739555105276e-12,3.082090138661897e-12,3.082090138661897e-12,-0.5465288770331361,-1.8352173211268998,-0.5465288770335355,-1.8352173211251976,3.993472219576688e-13,1.70219394135529e-12,1.7484113982904493e-12,2.1747269783600753e-12,-24.525000000010902,1.0899725566559937e-11,-1.0899725566559937e-11,-4.444332544978567e-13,-24.524999999996528,3.47455397786689e-12,3.47455397786689e-12,1.416739644390169e-13
screenshot_like_simple_start,dop853_reference,DOP853,1e-11,1e-13,1.7321652065081352,0.013911040114838118,-0.5866631320492319,0.013911040115547293,-0.5866631320499711,7.091757736610305e-13,7.391864897954292e-13,7.391864897954292e-13,-0.5396745998384138,-1.83269579583494,-0.5396745998383203,-1.8326957958345211,9.348077867343818e-14,4.1877612488860905e-13,4.290828576838187e-13,7.091081194454674e-13,-24.52500000000599,5.986322548778844e-12,-5.986322548778844e-12,-2.440906238034187e-13,-24.525000000015147,1.5145218412726535e-11,-1.5145218412726535e-11,-6.175420351774326e-13
screenshot_like_simple_start,dop853_reference,DOP853,1e-11,1e-13,1.737171464330413,0.02430293523135431,-0.5907574996084,0.024302935232715032,-0.5907574996102594,1.3607240334501114e-12,1.859401521642212e-12,1.859401521642212e-12,-0.5326897575192803,-1.830223695688836,-0.5326897575194642,-1.8302236956877675,1.8396395518038844e-13,1.0684786388992507e-12,1.0841998609987032e-12,1.3603215776036848e-12,-24.525000000001334,1.3322676295501878e-12,-1.3322676295501878e-12,-5.4322839125389917e-14,-24.525000000007022,7.02016222930979e-12,-7.02016222930979e-12,-2.8624514696472127e-13
screenshot_like_simple_start,dop853_reference,DOP853,1e-11,1e-13,1.7421777221526908,0.034557567401882344,-0.5945413361959988,0.034557567403217845,-0.5945413361978237,1.3355011541094086e-12,1.82487358557637e-12,1.82487358557637e-12,-0.5255781642554163,-1.8278084434874657,-0.5255781642555932,-1.8278084434863975,1.7696955012524995e-13,1.0682565942943256e-12,1.082815946005989e-12,1.3347101202043632e-12,-24.52500000000149,1.4885870314174099e-12,-1.4885870314174099e-12,-6.069671891610233e-14,-24.52500000000648,6.476597036453313e-12,-6.476597036453313e-12,-2.640814286015622e-13
screenshot_like_simple_start,dop853_reference,DOP853,1e-11,1e-13,1.7471839799749687,0.044674450458021056,-0.5980150427374984,0.04467445045930046,-0.5980150427392528,1.2794071357902226e-12,1.7543744235126724e-12,1.7543744235126724e-12,-0.5183435145061767,-1.8254570421140848,-0.5183435145063485,-1.8254570421130398,1.7186252421197423e-13,1.0449419107771973e-12,1.0589807949756273e-12,1.2781303793119037e-12,-24.525000000002418,2.4158453015843406e-12,-2.4158453015843406e-12,-9.850541494737371e-14,-24.525000000003146,3.1441516057384433e-12,-3.1441516057384433e-12,-1.282019003359202e-13
screenshot_like_simple_start,dop853_reference,DOP853,1e-11,1e-13,1.7521902377972467,0.0546531665412964,-0.6011792277244545,0.05465316654266959,-0.6011792277263394,1.3731932257954327e-12,1.8848256289061283e-12,1.8848256289061283e-12,-0.5109893764966034,-1.8231760865639672,-0.5109893764967866,-1.8231760865628264,1.8318679906315083e-13,1.1408651801048109e-12,1.155478585922987e-12,1.3711393131998761e-12,-24.525000000005747,5.74473801862041e-12,-5.74473801862041e-12,-2.3424008230868134e-13,-24.525000000006333,6.330935775622493e-12,-6.330935775622493e-12,-2.581421315238529e-13
screenshot_like_simple_start,dop853_reference,DOP853,1e-11,1e-13,1.7571964956195245,0.06449334581887087,-0.6040346798345766,0.06449334582003793,-0.6040346798360792,1.1670664434859646e-12,1.5025758415276869e-12,1.5025758415276869e-12,-0.5035191872541666,-1.8209717767556572,-0.5035191872542386,-1.8209717767547287,7.205347429817266e-14,9.28590537796481e-13,9.313818175397215e-13,1.164637830619597e-12,-24.52500000000244,2.4371615836571436e-12,-2.4371615836571436e-12,-9.937458037337995e-14,-24.52500000000875,8.746781077206833e-12,-8.746781077206833e-12,-3.566475464712266e-13
screenshot_like_simple_start,dop853_reference,DOP853,1e-11,1e-13,1.7622027534418023,0.07419464848240519,-0.6065823434930903,0.074194648483532,-0.6065823434946129,1.1268069810554948e-12,1.5226708782734022e-12,1.5226708782734022e-12,-0.49593624898963684,-1.818849930818088,-0.49593624898976413,-1.8188499308171364,1.272870697732742e-13,9.516831767086842e-13,9.601577302515453e-13,1.1236983565865444e-12,-24.525000000001327,1.3251622021925868e-12,-1.3251622021925868e-12,-5.403311731672117e-14,-24.52500000000638,6.377121053446899e-12,-6.377121053446899e-12,-2.6002532328019975e-13
screenshot_like_simple_start,dop853_reference,DOP853,1e-11,1e-13,1.7672090112640801,0.08375674884940829,-0.6088232971288168,0.0837567488502826,-0.6088232971299141,8.743145096801186e-13,1.0973444375395047e-12,1.0973444375395047e-12,-0.488243726642273,-1.8168159985911239,-0.4882437266423019,-1.816815998590423,2.892130979148533e-14,7.007727731433988e-13,7.013693190745832e-13,8.712475185745916e-13,-24.5249999999992,8.029132914089132e-13,8.029132914089132e-13,3.2738564379568327e-14,-24.525000000006084,6.0822458181064576e-12,-6.0822458181064576e-12,-2.4800186822044676e-13
screenshot_like_simple_start,dop853_reference,DOP853,1e-11,1e-13,1.772215269086358,0.09317932138001596,-0.6107587338626419,0.09317932138080118,-0.610758733863708,7.852191119539498e-13,1.0661471705475378e-12,1.0661471705475378e-12,-0.48044464642257495,-1.8148750751375298,-0.48044464642266654,-1.814875075136845,9.159339953157541e-14,6.847855615887966e-13,6.908839382980576e-13,7.818190539410352e-13,-24.525000000001707,1.7053025658242404e-12,-1.7053025658242404e-12,-6.95332340804991e-14,-24.52500000000508,5.076827847005916e-12,-5.076827847005916e-12,-2.0700623229381917e-13
screenshot_like_simple_start,dop853_reference,DOP853,1e-11,1e-13,1.7772215269086358,0.1024620284382572,-0.6123899443931804,0.1024620284399339,-0.612389944395645,1.6767004451523349e-12,2.464584092365385e-12,2.464584092365385e-12,-0.4725418952101985,-1.8130319140951774,-0.47254189521054735,-1.8130319140935893,3.488320743372242e-13,1.588063014423824e-12,1.625923723262347e-12,1.6679019276821805e-12,-24.525000000012753,1.2750689393214998e-11,-1.2750689393214998e-11,-5.199057856560651e-13,-24.5250000000063,6.298961352513288e-12,-6.298961352513288e-12,-2.568383833848435e-13
screenshot_like_simple_start,dop853_reference,DOP853,1e-11,1e-13,1.7822277847309136,0.11160450963346577,-0.6137183018509617,0.11160450963455633,-0.613718301852243,1.0905581993014835e-12,1.2813083927198932e-12,1.2813083927198932e-12,-0.4645382206797705,-1.8112909407367788,-0.46453822067973427,-1.8112909407359192,3.624878175401136e-14,8.595346656647962e-13,8.602986781683109e-13,1.0837719610634622e-12,-24.52500000000167,1.666222715357435e-12,-1.666222715357435e-12,-6.793976413282099e-14,-24.525000000007307,7.30437932361383e-12,-7.30437932361383e-12,-2.978340193114711e-13
screenshot_like_simple_start,dop853_reference,DOP853,1e-11,1e-13,1.7872340425531916,0.12060637257526702,-0.6147452483853673,0.12060637257617157,-0.6147452483865512,9.045542093133463e-13,1.183941833460267e-12,1.183941833460267e-12,-0.4564362320384772,-1.8096562646478564,-0.4564362320385465,-1.8096562646470646,6.927791673660977e-14,7.918110611626616e-13,7.948359493171562e-13,8.979761378924422e-13,-24.525000000001363,1.3606893389805919e-12,-1.3606893389805919e-12,-5.54817263600649e-14,-24.525000000006823,6.821210263296962e-12,-6.821210263296962e-12,-2.781329363219964e-13
screenshot_like_simple_start,dop853_reference,DOP853,1e-11,1e-13,1.7922403003754694,0.12946718492196996,-0.6154722833260251,0.12946718492263776,-0.6154722833268027,6.677991493120317e-13,7.776002064474596e-13,7.776002064474596e-13,-0.44823840128954584,-1.8081316919189232,-0.44823840128951864,-1.8081316919183879,2.7200464103316335e-14,5.353495424742505e-13,5.360401084572171e-13,6.621925230376746e-13,-24.52499999999845,1.552535877635819e-12,1.552535877635819e-12,6.330421519412105e-14,-24.52500000000641,6.409095476556104e-12,-6.409095476556104e-12,-2.613290714192091e-13
screenshot_like_simple_start,dop853_reference,DOP853,1e-11,1e-13,1.7972465581977473,0.1381864675653286,-0.6159009526902891,0.13818646756594893,-0.615900952691165,6.203371150093062e-13,8.75854944126786e-13,8.75854944126786e-13,-0.4399470649265098,-1.806720736822561,-0.4399470649266104,-1.8067207368219698,1.0058620603103918e-13,5.913047829153584e-13,5.997990756430838e-13,6.144251774031773e-13,-24.52500000000417,4.1673331452329876e-12,-4.1673331452329876e-12,-1.6992184078421967e-13,-24.525000000010266,1.0263789818054647e-11,-1.0263789818054647e-11,-4.1850315262200395e-13
screenshot_like_simple_start,dop853_reference,DOP853,1e-11,1e-13,1.802252816020025,0.14676368884873012,-0.616032839901491,0.14676368884923532,-0.6160328399022637,5.052069873556775e-13,7.726042028366464e-13,7.726042028366464e-13,-0.43156442599543265,-1.8054266329137594,-0.43156442599556355,-1.8054266329132393,1.3089529460330596e-13,5.200284647344233e-13,5.36249179284526e-13,5.200284647344233e-13,-24.52500000000623,6.227907078937278e-12,-6.227907078937278e-12,-2.5394116529815606e-13,-24.52500000001407,1.4068746168049984e-11,-1.4068746168049984e-11,-5.736491811641175e-13
screenshot_like_simple_start,dop853_reference,DOP853,1e-11,1e-13,1.8072590738423029,0.15519825969746867,-0.6158695575442826,0.15519825969836795,-0.6158695575453494,8.992806499463768e-13,1.066813304362313e-12,1.066813304362313e-12,-0.42309255645776656,-1.8042523435395115,-0.4230925564577489,-1.8042523435387563,1.765254609153999e-14,7.551737013500315e-13,7.553799915236175e-13,8.884837310318972e-13,-24.52500000000162,1.616484723854228e-12,-1.616484723854228e-12,-6.591171147213977e-14,-24.525000000006052,6.050271394997253e-12,-6.050271394997253e-12,-2.466981200814374e-13
screenshot_like_simple_start,dop853_reference,DOP853,1e-11,1e-13,1.8122653316645807,0.16348952956606186,-0.6154127400283774,0.16348952956733867,-0.6154127400298967,1.2768119894701613e-12,1.5192291868970642e-12,1.5192291868970642e-12,-0.41453339980451903,-1.8032005717351027,-0.41453339980449966,-1.8032005717340178,1.9373391779708982e-14,1.084909939663703e-12,1.0850829025886223e-12,1.2597978216177808e-12,-24.525000000000986,9.841016890277388e-13,-9.841016890277388e-13,-4.0126470500621354e-14,-24.525000000000222,2.2026824808563106e-13,-2.2026824808563106e-13,-8.981376068731133e-15
screenshot_like_simple_start,dop853_reference,DOP853,1e-11,1e-13,1.8172715894868585,0.17163678311455072,-0.6146640370395241,0.1716367831151823,-0.6146640370402822,6.315781231336359e-13,7.580602812140569e-13,7.580602812140569e-13,-0.40588877387789185,-1.802273769496748,-0.4058887738778888,-1.802273769496203,3.0531133177191805e-15,5.448974604860268e-13,5.449060138639066e-13,6.223077608780159e-13,-24.525000000000748,7.460698725481052e-13,-7.460698725481052e-13,-3.042078991021835e-14,-24.525000000006692,6.689759857181343e-12,-6.689759857181343e-12,-2.7277308286162457e-13
screenshot_like_simple_start,dop853_reference,DOP853,1e-11,1e-13,1.8222778473091366,0.1796392375257156,-0.6136251076542093,0.1796392375264145,-0.6136251076551913,6.989131495771517e-13,9.81992265280951e-13,9.81992265280951e-13,-0.39716037385989633,-1.8014741464370903,-0.3971603738600116,-1.8014741464363997,1.1524114995609125e-13,6.905587213168474e-13,7.001084703315349e-13,6.905587213168474e-13,-24.52500000000456,4.558131649901043e-12,-4.558131649901043e-12,-1.858565402610007e-13,-24.525000000007697,7.695177828281885e-12,-7.695177828281885e-12,-3.1376871878825216e-13
screenshot_like_simple_start,dop853_reference,DOP853,1e-11,1e-13,1.8272841051314144,0.18749604039637627,-0.6122976150297157,0.18749604039669338,-0.6122976150300651,3.1710745140856034e-13,3.4938718584953676e-13,3.4938718584953676e-13,-0.38834977539952714,-1.8008036778196463,-0.38834977539950155,-1.8008036778193866,2.5590640717609858e-14,2.5979218776228663e-13,2.6104953881333135e-13,3.1155633628543455e-13,-24.52500000000172,1.7195134205394424e-12,-1.7195134205394424e-12,-7.011267769783659e-14,-24.52500000001064,1.06368247543287e-11,-1.06368247543287e-11,-4.337135475771131e-13
screenshot_like_simple_start,dop853_reference,DOP853,1e-11,1e-13,1.8322903629536922,0.1952062681306643,-0.6106832215685117,0.19520626813010367,-0.6106832215675888,5.606348718600884e-13,9.229284003708926e-13,9.229284003708926e-13,-0.37945843784857836,-1.800264111987663,-0.37945843784837224,-1.8002641119883012,2.061129045216603e-13,6.3815619455454e-13,6.706160287815129e-13,6.3815619455454e-13,-24.525000000001533,1.531219595563016e-12,-1.531219595563016e-12,-6.243504976811481e-14,-24.525000000023873,2.3870683207860566e-11,-2.3870683207860566e-11,-9.73320416222653e-13
screenshot_like_simple_start,dop853_reference,DOP853,1e-11,1e-13,1.83729662077597,0.20276892478352548,-0.6087835844918232,0.2027689247828903,-0.6087835844906894,6.351863479636677e-13,1.1338707750496724e-12,1.1338707750496724e-12,-0.3704877075884042,-1.799856977188167,-0.37048770758809624,-1.7998569771889432,3.079758670310184e-13,7.762679388179095e-13,8.351293597462091e-13,7.762679388179095e-13,-24.52499999999987,1.3145040611561853e-13,1.3145040611561853e-13,5.359853460371805e-15,-24.525000000024185,2.418332201159501e-11,-2.418332201159501e-11,-9.860681758040777e-13
screenshot_like_simple_start,dop853_reference,DOP853,1e-11,1e-13,1.8423028785982478,0.2101829412945214,-0.6066003517383982,0.21018294129546922,-0.6066003517395158,9.478251516981118e-13,1.1175504965876826e-12,1.1175504965876826e-12,-0.3614388214249855,-1.7995835878123292,-0.3614388214249767,-1.7995835878114943,8.826273045769994e-15,8.348877145181177e-13,8.349343680488692e-13,9.269807144107745e-13,-24.525000000002354,2.3518964553659316e-12,-2.3518964553659316e-12,-9.5897918669355e-14,-24.525000000002485,2.48334686148155e-12,-2.48334686148155e-12,-1.0125777212972681e-13
screenshot_like_simple_start,dop853_reference,DOP853,1e-11,1e-13,1.8473091364205256,0.21744717506970884,-0.6041351581370776,0.2174471750714278,-0.604135158139364,1.7189583090271299e-12,2.2863932969130474e-12,2.2863932969130474e-12,-0.3523129100408471,-1.7994450500579948,-0.35231291004105036,-1.7994450500563253,2.0328183580886616e-13,1.6695533844313104e-12,1.6818834704687081e-12,1.678490679779543e-12,-24.525000000004376,4.373390538603417e-12,-4.373390538603417e-12,-1.783237732356133e-13,-24.524999999991852,8.149925179168349e-12,8.149925179168349e-12,3.3231091454305195e-13
screenshot_like_simple_start,dop853_reference,DOP853,1e-11,1e-13,1.8523153942428034,0.2245604098658937,-0.6013896217916355,0.22456040986625667,-0.601389621792033,3.629596623255793e-13,3.9757086511826856e-13,3.9757086511826856e-13,-0.3431110014890145,-1.7994422670322598,-0.34311100148898843,-1.799442267031954,2.609024107869118e-14,3.057554209817681e-13,3.068665477683784e-13,3.53855833523653e-13,-24.525000000001295,1.2931877790833823e-12,-1.2931877790833823e-12,-5.2729369177711814e-14,-24.52500000000706,7.059242079776595e-12,-7.059242079776595e-12,-2.8783861691239936e-13
screenshot_like_simple_start,dop853_reference,DOP853,1e-11,1e-13,1.8573216520650815,0.23152135593996,-0.598365340632086,0.23152135594002493,-0.5983653406320727,6.492029136495603e-14,1.3322676295501878e-14,6.492029136495603e-14,-0.33383402472001633,-1.7995759433059404,-0.33383402471994217,-1.7995759433059328,7.416289804496046e-14,7.549516567451064e-15,7.454616453466548e-14,7.416289804496046e-14,-24.52500000000105,1.0480505352461478e-12,-1.0480505352461478e-12,-4.273396677864007e-14,-24.525000000010024,1.0022205287896213e-11,-1.0022205287896213e-11,-4.0865261112726653e-13
screenshot_like_simple_start,dop853_reference,DOP853,1e-11,1e-13,1.8623279098873593,0.2383286504321365,-0.5950638890964515,0.23832865043200435,-0.5950638890960304,1.3214429550600926e-13,4.211075932403219e-13,4.211075932403219e-13,-0.32448281313593463,-1.7998465889285986,-0.32448281313571437,-1.799846588928866,2.2026824808563106e-13,2.673417043297377e-13,3.4639527708766757e-13,2.673417043297377e-13,-24.52499999999762,2.383870878475136e-12,2.383870878475136e-12,9.720166680836436e-14,-24.52500000001012,1.0118128557223827e-11,-1.0118128557223827e-11,-4.1256385554429464e-13
screenshot_like_simple_start,dop853_reference,DOP853,1e-11,1e-13,1.8673341677096371,0.24498085794786648,-0.5914868148966086,0.24498085794700758,-0.5914868148953245,8.588962874256367e-13,1.284083950281456e-12,1.284083950281456e-12,-0.3150581081617162,-1.800254522922624,-0.3150581081614834,-1.8002545229235483,2.3281376826389533e-13,9.243716903029053e-13,9.532393574159037e-13,9.243716903029053e-13,-24.52499999999971,2.913225216616411e-13,2.913225216616411e-13,1.1878594155418595e-14,-24.52500000002042,2.041744551206648e-11,-2.041744551206648e-11,-8.325156172096422e-13
screenshot_like_simple_start,dop853_reference,DOP853,1e-11,1e-13,1.872340425531915,0.25147647131606105,-0.5876356358482772,0.25147647131468354,-0.5876356358466603,1.377509217803663e-12,1.6168177907616155e-12,1.6168177907616155e-12,-0.3055605628335081,-1.8007998762593502,-0.30556056283349664,-1.8007998762605892,1.1435297153639112e-14,1.2390088954816747e-12,1.239061664770447e-12,1.3341827642676662e-12,-24.525000000009044,9.041656312547275e-12,-9.041656312547275e-12,-3.686710015309796e-13,-24.525000000033224,3.3221425610463484e-11,-3.3221425610463484e-11,-1.354594316430723e-12
screenshot_like_simple_start,dop853_reference,DOP853,1e-11,1e-13,1.8773466833541927,0.25781391249769037,-0.5835118367341796,0.2578139124964776,-0.5835118367322681,1.2127521209492897e-12,1.911470981497132e-12,1.911470981497132e-12,-0.2959907453988611,-1.8014825943291077,-0.2959907453984386,-1.80148259433047,4.224953720211033e-13,1.362243651215067e-12,1.426257376722381e-12,1.362243651215067e-12,-24.525000000002635,2.632560835991171e-12,-2.632560835991171e-12,-1.0734193011177048e-13,-24.525000000029163,2.916067387559451e-11,-2.916067387559451e-11,-1.1890183027765345e-12
screenshot_like_simple_start,dop853_reference,DOP853,1e-11,1e-13,1.8823529411764706,0.26399153361884004,-0.5791168661691376,0.26399153361923516,-0.5791168661689037,3.951283744640932e-13,2.339239912885205e-13,3.951283744640932e-13,-0.28634914292342184,-1.8023024389185474,-0.28634914292284463,-1.8023024389185722,5.772049505026189e-13,2.4868995751603507e-14,5.777404450394866e-13,5.772049505026189e-13,-24.524999999999718,2.8421709430404007e-13,2.8421709430404007e-13,1.158887234674985e-14,-24.52500000000881,8.807177209746442e-12,-8.807177209746442e-12,-3.5911018184491096e-13
screenshot_like_simple_start,dop853_reference,DOP853,1e-11,1e-13,1.8873591989987484,0.2700076181192805,-0.5744521334719015,0.27000761812047946,-0.5744521334726954,1.1989853554439378e-12,7.939204849094494e-13,1.1989853554439378e-12,-0.2766361649126633,-1.8032589896853772,-0.27663616491217424,-1.8032589896846258,4.890532423473815e-13,7.513989430663059e-13,8.965341295743561e-13,1.155520124029863e-12,-24.524999999999025,9.769962616701378e-13,9.769962616701378e-13,3.983674869195261e-14,-24.5249999999972,2.8030910925735952e-12,2.8030910925735952e-12,1.1429525351982038e-13
screenshot_like_simple_start,dop853_reference,DOP853,1e-11,1e-13,1.8923654568210264,0.27586038199089674,-0.5695190055080713,0.27586038199039753,-0.5695190055069279,4.992117830227016e-13,1.1434186930614487e-12,1.1434186930614487e-12,-0.266852146940009,-1.804351645147844,-0.26685214693952647,-1.8043516451485966,4.825584376533243e-13,7.525091660909311e-13,8.939422189388338e-13,7.525091660909311e-13,-24.524999999989767,1.0235368108624243e-11,1.0235368108624243e-11,4.1734426538732896e-13,-24.525000000007168,7.16582349014061e-12,-7.16582349014061e-12,-2.9218444404243057e-13
screenshot_like_simple_start,dop853_reference,DOP853,1e-11,1e-13,1.8973717146433042,0.2815479750929303,-0.564318803498564,0.28154797509176216,-0.5643188034965315,1.1681211553593585e-12,2.032485291181274e-12,2.032485291181274e-12,-0.25699735428572473,-1.8055796231868095,-0.25699735428512954,-1.8055796231882213,5.951905635015464e-13,1.411759598113349e-12,1.5320956137743014e-12,1.411759598113349e-12,-24.524999999987028,1.297451035497943e-11,1.297451035497943e-11,5.290320226291306e-13,-24.525000000012692,1.269029326067539e-11,-1.269029326067539e-11,-5.174431502823808e-13
screenshot_like_simple_start,dop853_reference,DOP853,1e-11,1e-13,1.902377972465582,0.2870684825355898,-0.5588527997935623,0.28706848253554784,-0.5588527997936611,4.196643033083092e-14,9.880984919163893e-14,9.880984919163893e-14,-0.2470719855915789,-1.8069419610542494,-0.24707198559170296,-1.8069419610542088,1.2406742300186124e-13,4.063416270128073e-14,1.3055213758785003e-13,1.2406742300186124e-13,-24.525000000011147,1.1144862810397171e-11,-1.1144862810397171e-11,-4.5442865689692844e-13,-24.525000000013616,1.361399881716352e-11,-1.361399881716352e-11,-5.551069854093178e-13
screenshot_like_simple_start,dop853_reference,DOP853,1e-11,1e-13,1.9073842302878599,0.2924199261207332,-0.5531222146052961,0.2924199261210376,-0.5531222146066554,3.044231533522179e-13,1.3593570713510417e-12,1.3593570713510417e-12,-0.23707617653398666,-1.8084375148863494,-0.2370761765348518,-1.8084375148855476,8.651412919391532e-13,8.018030683842881e-13,1.1795582289520966e-12,8.651412919391532e-13,-24.5250000000302,3.019806626980426e-11,-3.019806626980426e-11,-1.2313176868421714e-12,-24.525000000019773,1.9770851622524788e-11,-1.9770851622524788e-11,-8.061509326207864e-13
screenshot_like_simple_start,dop853_reference,DOP853,1e-11,1e-13,1.9123904881101377,0.2976002658240784,-0.5471282126847609,0.2976002658215089,-0.5471282126820448,2.5695001681924623e-12,2.716049607442983e-12,2.716049607442983e-12,-0.22701000351576262,-1.8100649587247246,-0.22701000351589956,-1.8100649587268913,1.3694601008751306e-13,2.1667112548584555e-12,2.171034746753076e-12,2.4565349754368526e-12,-24.52500000000273,2.7284841053187847e-12,-2.7284841053187847e-12,-1.1125317452879855e-13,-24.525000000037487,3.7484682025024085e-11,-3.7484682025024085e-11,-1.5284274016319707e-12
screenshot_like_simple_start,dop853_reference,DOP853,1e-11,1e-13,1.9173967459324155,0.3026074013133035,-0.5408718999461758,0.30260740130954406,-0.5408718999417802,3.759437205985705e-12,4.39559499909592e-12,4.39559499909592e-12,-0.21687348738332668,-1.8118227830361862,-0.2168734873831472,-1.8118227830395697,1.7946755193065655e-13,3.383515689847627e-12,3.3882719822412497e-12,3.5886293936471247e-12,-24.52499999999676,3.2436275887448573e-12,3.2436275887448573e-12,1.3225800565728265e-13,-24.525000000050166,5.016431714466307e-11,-5.016431714466307e-11,-2.0454359692013483e-12
screenshot_like_simple_start,dop853_reference,DOP853,1e-11,1e-13,1.9224030037546935,0.30743917351600614,-0.534354320080035,0.30743917351345634,-0.5343543200758544,2.5497937095053658e-12,4.1806558215284895e-12,4.1806558215284895e-12,-0.20666659719013902,-1.813709292696375,-0.20666659718897135,-1.8137092926992757,1.1676770661495084e-12,2.900790718740609e-12,3.126988411354155e-12,2.900790718740609e-12,-24.524999999995714,4.288125410312205e-12,4.288125410312205e-12,1.7484711153158835e-13,-24.525000000042276,4.227374006404716e-11,-4.227374006404716e-11,-1.7236999006747057e-12
screenshot_like_simple_start,dop853_reference,DOP853,1e-11,1e-13,1.9274092615769713,0.31209336620807077,-0.527576451106337,0.31209336620653433,-0.5275764511018453,1.5364376437787541e-12,4.491740313028458e-12,4.491740313028458e-12,-0.19638925399337315,-1.8157226044615753,-0.19638925399095436,-1.8157226044643084,2.4187873925995973e-12,2.7331470420222104e-12,3.649743169582418e-12,2.7331470420222104e-12,-24.524999999976917,2.3085533484845655e-11,2.3085533484845655e-11,9.413061563647565e-13,-24.525000000020793,2.079048044834053e-11,-2.079048044834053e-11,-8.477260121647514e-13
screenshot_like_simple_start,dop853_reference,DOP853,1e-11,1e-13,1.9324155193992492,0.3165677076329208,-0.5205392019077911,0.3165677076310811,-0.5205392019031767,1.8396950629551156e-12,4.614419957249538e-12,4.614419957249538e-12,-0.18604133470861817,-1.8178606438949902,-0.1860413347063632,-1.8178606438978582,2.2549739853161554e-12,2.8679281172117044e-12,3.648276217605528e-12,2.8679281172117044e-12,-24.524999999960954,3.9047876043696306e-11,3.9047876043696306e-11,1.592166199539095e-12,-24.52500000000728,7.279510327862226e-12,-7.279510327862226e-12,-2.968199929811305e-13
screenshot_like_simple_start,dop853_reference,DOP853,1e-11,1e-13,1.937421777221527,0.3208598721596067,-0.5132434087584797,0.3208598721592186,-0.5132434087579063,3.8813396940895473e-13,5.734301922188934e-13,5.734301922188934e-13,-0.17562267603069787,-1.820121141727331,-0.17562267603056664,-1.8201211417277352,1.312283615106935e-13,4.04121180963557e-13,4.248938829498034e-13,4.04121180963557e-13,-24.524999999999473,5.293543381412746e-13,5.293543381412746e-13,2.1584274745821593e-14,-24.52500000000704,7.037925797703792e-12,-7.037925797703792e-12,-2.8696945148639315e-13
screenshot_like_simple_start,dop853_reference,DOP853,1e-11,1e-13,1.9424280350438048,0.32496748198530423,-0.5056898318674214,0.3249674819891756,-0.5056898318723151,3.871347686867921e-12,4.893641047942765e-12,4.893641047942765e-12,-0.16513307843591846,-1.8225016296304544,-0.16513307843653086,-1.822501629626848,6.123990203832363e-13,3.6064484731923585e-12,3.658073693893802e-12,3.66873198487383e-12,-24.525000000067234,6.723155365762068e-11,-6.723155365762068e-11,-2.741347753623677e-12,-24.525000000009108,9.105605158765684e-12,-9.105605158765684e-12,-3.712784978089983e-13
screenshot_like_simple_start,dop853_reference,DOP853,1e-11,1e-13,1.9474342928660826,0.32888810887763115,-0.4978791519427626,0.32888810888001935,-0.4978791519458076,2.3882007482711742e-12,3.045008689639417e-12,3.045008689639417e-12,-0.15457231028027862,-1.8249994353931482,-0.1545723102806938,-1.8249994353909225,4.151679000585773e-13,2.225775119768514e-12,2.2641641435681274e-12,2.2601920335318937e-12,-24.52500000004668,4.667910502575978e-11,-4.667910502575978e-11,-1.9033274220493283e-12,-24.525000000009985,9.983125437429408e-12,-9.983125437429408e-12,-4.0705914117958844e-13
screenshot_like_simple_start,dop853_reference,DOP853,1e-11,1e-13,1.9524405506883604,0.33261927595462276,-0.4898119667853755,0.33261927595338614,-0.4898119667839222,1.2366219159787306e-12,1.45328193923433e-12,1.45328193923433e-12,-0.1439401120097854,-1.8276116774862072,-0.14394011200967194,-1.8276116774872948,1.13464793116691e-13,1.0875744749228033e-12,1.0934772506918582e-12,1.168898311476596e-12,-24.52500000000275,2.7462476737127872e-12,-2.7462476737127872e-12,-1.1197747905047041e-13,-24.52500000002107,2.106759211528697e-11,-2.106759211528697e-11,-8.590251627028326e-13
screenshot_like_simple_start,dop853_reference,DOP853,1e-11,1e-13,1.9574468085106385,0.3361584595654486,-0.4814887880037639,0.3361584595639177,-0.48148878800189293,1.5308865286556284e-12,1.870947841098314e-12,1.870947841098314e-12,-0.13323620051247181,-1.8303352589443684,-0.13323620051225876,-1.83033525894574,2.1305179842556754e-13,1.3715695246219184e-12,1.3880180221034466e-12,1.4451773111545663e-12,-24.525000000002212,2.2097879082139116e-12,-2.2097879082139116e-12,-9.010348249598008e-14,-24.525000000025614,2.561151291047281e-11,-2.561151291047281e-11,-1.0443022593464957e-12
screenshot_like_simple_start,dop853_reference,DOP853,1e-11,1e-13,1.9624530663329163,0.33950309125630757,-0.4729100378427795,0.3395030912553483,-0.4729100378414717,9.592882044273665e-13,1.3078427230084344e-12,1.3078427230084344e-12,-0.12246027363200129,-1.8331668605680926,-0.12246027363174156,-1.833166860569008,2.5973667661105537e-13,9.15267861500979e-13,9.514086395831874e-13,9.15267861500979e-13,-24.52499999999606,3.943512183468556e-12,3.943512183468556e-12,1.6079560381115416e-13,-24.525000000009054,9.052314453583676e-12,-9.052314453583676e-12,-3.691055842439827e-13
screenshot_like_simple_start,dop853_reference,DOP853,1e-11,1e-13,1.967459324155194,0.34265055982842396,-0.4640760461475182,0.34265055982826365,-0.46407604614712733,1.603162047558726e-13,3.9085401581928636e-13,3.9085401581928636e-13,-0.11161201486822847,-1.8361029334286176,-0.11161201486802996,-1.8361029334288466,1.98507876802978e-13,2.289279876777073e-13,3.0300726178590304e-13,2.289279876777073e-13,-24.524999999997476,2.525979425627156e-12,2.525979425627156e-12,1.0299610298173929e-13,-24.524999999996567,3.4354741274000844e-12,3.4354741274000844e-12,1.400804944913388e-13
screenshot_like_simple_start,dop853_reference,DOP853,1e-11,1e-13,1.972465581977472,0.3455982135525056,-0.45498704755500713,0.34559821355301995,-0.4549870475555571,5.14366327308835e-13,5.499489752480713e-13,5.499489752480713e-13,-0.10069109830197703,-1.8391396906111268,-0.10069109830198708,-1.8391396906107111,1.0047518372857667e-14,4.156675004196586e-13,4.157889170367337e-13,4.839462164341057e-13,-24.52500000001647,1.6466827901240322e-11,-1.6466827901240322e-11,-6.714302915898194e-13,-24.52500000000627,6.266986929404084e-12,-6.266986929404084e-12,-2.5553463524583415e-13
screenshot_like_simple_start,dop853_reference,DOP853,1e-11,1e-13,1.9774718397997497,0.3483433625569395,-0.4456431789488763,0.34834336255665005,-0.4456431789485083,2.894351425197783e-13,3.6798342151200814e-13,3.6798342151200814e-13,-0.08969719377842306,-1.8422730981778406,-0.08969719377836305,-1.8422730981780981,6.000755448098971e-14,2.575717417130363e-13,2.644694854305049e-13,2.720601521843946e-13,-24.5250000000081,8.096634473986342e-12,-8.096634473986342e-12,-3.301380009780363e-13,-24.525000000007886,7.883471653258312e-12,-7.883471653258312e-12,-3.2144634671797394e-13
screenshot_like_simple_start,dop853_reference,DOP853,1e-11,1e-13,1.9824780976220275,0.3508832814165722,-0.43604447722652556,0.35088328141562464,-0.43604447722538864,9.475753515175711e-13,1.1369238883673916e-12,1.1369238883673916e-12,-0.07862997238983982,-1.8454988653280102,-0.0786299723896991,-1.8454988653288162,1.407207683712386e-13,8.060219158778636e-13,8.182137028468869e-13,8.89843754237063e-13,-24.52500000000309,3.0873081868776353e-12,-3.0873081868776353e-12,-1.2588412586657024e-13,-24.525000000011797,1.1795009413617663e-11,-1.1795009413617663e-11,-4.809382023901187e-13
screenshot_like_simple_start,dop853_reference,DOP853,1e-11,1e-13,1.9874843554443054,0.3532152120226001,-0.42619087748807666,0.353215212020756,-0.42619087748582957,1.844080443902385e-12,2.247091401841317e-12,2.247091401841317e-12,-0.06748911230532051,-1.8488124336944978,-0.06748911230500465,-1.8488124336960645,3.1585845050585704e-13,1.566746732351021e-12,1.5982684017675387e-12,1.7302270727270752e-12,-24.525000000000986,9.841016890277388e-13,-9.841016890277388e-13,-4.0126470500621354e-14,-24.52500000002513,2.5128343850155943e-11,-2.5128343850155943e-11,-1.024601176357021e-12
screenshot_like_simple_start,dop853_reference,DOP853,1e-11,1e-13,1.9924906132665834,0.3553363667620559,-0.41608221170244086,0.35533636676054076,-0.41608221170061266,1.5151213617059511e-12,1.8282042546502453e-12,1.8282042546502453e-12,-0.05627430499944602,-1.8522089657669256,-0.056274304999194225,-1.8522089657681917,2.517985819849855e-13,1.2660983372825285e-12,1.29089407991486e-12,1.4204748488566565e-12,-24.52499999999884,1.1617373729677638e-12,1.1617373729677638e-12,4.736951571734001e-14,-24.525000000016117,1.6115109247039072e-11,-1.6115109247039072e-11,-6.570890620607165e-13
screenshot_like_simple_start,dop853_reference,DOP853,1e-11,1e-13,1.9974968710888612,0.35724393208424776,-0.4057182079601692,0.3572439320849115,-0.4057182079609396,6.637468352721498e-13,7.703837567873961e-13,7.703837567873961e-13,-0.04498526193851504,-1.85568333240177,-0.04498526193860103,-1.8556833324012336,8.598677325721837e-14,5.364597654988756e-13,5.433072843007877e-13,6.218359160925502e-13,-24.525000000011264,1.1262102361797588e-11,-1.1262102361797588e-11,-4.592090667399628e-13,-24.524999999994073,5.929479129918036e-12,5.929479129918036e-12,2.4177284933406873e-13
screenshot_like_simple_start,dop853_reference,DOP853,1e-11,1e-13,2.002503128911139,0.3589350725385498,-0.395098490434082,0.3589350725380079,-0.3950984904335128,5.418998583195389e-13,5.692113447253178e-13,5.692113447253178e-13,-0.03362172179102485,-1.8592300993864876,-0.033621721791006864,-1.8592300993868973,1.7985612998927536e-14,4.0967229608668276e-13,4.1006691216907744e-13,5.073719222536965e-13,-24.525000000004855,4.853006885241484e-12,-4.853006885241484e-12,-1.9787999532075366e-13,-24.52500000000388,3.879563337250147e-12,-3.879563337250147e-12,-1.5818810753313545e-13
screenshot_like_simple_start,dop853_reference,DOP853,1e-11,1e-13,2.0075093867334166,0.36040693535331264,-0.38422258015539595,0.36040693535232526,-0.384222580154216,9.87376846950383e-13,1.1799450305716164e-12,1.1799450305716164e-12,-0.022183458234539932,-1.8628435130513,-0.022183458234369957,-1.8628435130520904,1.6997514507011147e-13,7.904787935331115e-13,8.085470134551044e-13,9.239276010930553e-13,-24.525000000003573,3.5704772471945034e-12,-3.5704772471945034e-12,-1.45585208856045e-13,-24.52500000000817,8.167688747562352e-12,-8.167688747562352e-12,-3.3303521906472377e-13
screenshot_like_simple_start,dop853_reference,DOP853,1e-11,1e-13,2.0125156445556946,0.3616566556895961,-0.37308989678620225,0.3616566556881732,-0.37308989678449134,1.4229173395108319e-12,1.7109091920985975e-12,1.7109091920985975e-12,-0.010670288442267084,-1.8665174848905952,-0.010670288442004794,-1.8665174848917223,2.6229018956769323e-13,1.127098414599459e-12,1.1572151829871878e-12,1.3308798507694064e-12,-24.525000000000762,7.602807272633072e-13,-7.602807272633072e-13,-3.1000233527555845e-14,-24.525000000010916,1.0913936421275139e-11,-1.0913936421275139e-11,-4.450126981151942e-13
screenshot_like_simple_start,dop853_reference,DOP853,1e-11,1e-13,2.0175219023779727,0.3626813626640251,-0.3616997615310053,0.3626813626615618,-0.3616997615278466,2.463307335887066e-12,3.158695527361033e-12,3.158695527361033e-12,0.0009179176615293771,-1.8702455752088176,0.000917917662180634,-1.8702455752108094,6.512568262451168e-13,1.991740106177531e-12,2.0955104638934505e-12,2.3030466422824247e-12,-24.52500000000493,4.927613872496295e-12,-4.927613872496295e-12,-2.009220743117755e-13,-24.525000000033124,3.312194962745707e-11,-3.312194962745707e-11,-1.3505382111093606e-12
screenshot_like_simple_start,dop853_reference,DOP853,1e-11,1e-13,2.0225281602002503,0.363478186295704,-0.35005140140015545,0.3634781862938678,-0.35005140139780005,1.8361978604275464e-12,2.355393657893501e-12,2.355393657893501e-12,0.012581227276832363,-1.8740209757857709,0.012581227277328633,-1.8740209757872315,4.96269692007445e-13,1.460609411196856e-12,1.5426157847247611e-12,1.7162382626167982e-12,-24.52500000000767,7.666756118851481e-12,-7.666756118851481e-12,-3.1260983155357717e-13,-24.525000000027223,2.7220892206969438e-11,-2.7220892206969438e-11,-1.1099242490099668e-12
screenshot_like_simple_start,dop853_reference,DOP853,1e-11,1e-13,2.0275344180225283,0.36404426552550734,-0.3381439550370119,0.36404426552557245,-0.3381439550373092,6.511458039426543e-14,2.973177259946169e-13,2.973177259946169e-13,0.02431963362503009,-1.8778364915934465,0.024319633624810433,-1.8778364915933246,2.1965762542208722e-13,1.219024881038422e-13,2.5121641867516814e-13,2.1965762542208722e-13,-24.525000000003818,3.815614491031738e-12,-3.815614491031738e-12,-1.5558061125511674e-13,-24.524999999988218,1.1784351272581262e-11,1.1784351272581262e-11,4.805036196771156e-13
screenshot_like_simple_start,dop853_reference,DOP853,1e-11,1e-13,2.032540675844806,0.36437675749103965,-0.32597648036440685,0.3643767574904412,-0.32597648036387766,5.984657214241906e-13,5.291878046875809e-13,5.984657214241906e-13,0.036133043748957705,-1.8816845216084794,0.03613304374889981,-1.881684521608862,5.789813073420191e-14,3.8258285428582894e-13,3.8693905713433294e-13,5.592193375036913e-13,-24.52500000000273,2.7284841053187847e-12,-2.7284841053187847e-12,-1.1125317452879855e-13,-24.524999999996535,3.467448550509289e-12,3.467448550509289e-12,1.4138424263034816e-13
screenshot_like_simple_start,dop853_reference,DOP853,1e-11,1e-13,2.037546933667084,0.3644728482644914,-0.3135479643399566,0.36447284826348414,-0.3135479643388183,1.0072498390911733e-12,1.1382561559969417e-12,1.1382561559969417e-12,0.048021265086225395,-1.8855570387919987,0.04802126508636706,-1.8855570387927088,1.4166445794216997e-13,7.100986465502501e-13,7.240917804232734e-13,9.41080546823514e-13,-24.525000000005356,5.353939513952355e-12,-5.353939513952355e-12,-2.183053828319003e-13,-24.525000000005186,5.183409257369931e-12,-5.183409257369931e-12,-2.1135205942385036e-13
screenshot_like_simple_start,dop853_reference,DOP853,1e-11,1e-13,2.0425531914893615,0.36432976527686173,-0.30085733513454627,0.36432976527567196,-0.30085733513318286,1.189770504339549e-12,1.3634093853909235e-12,1.3634093853909235e-12,0.05998399067863458,-1.8894455693504442,0.059983990678825094,-1.8894455693512722,1.9051427102567686e-13,8.280043317654417e-13,8.496392533815636e-13,1.1116663145571692e-12,-24.52500000000407,4.0678571622265736e-12,-4.0678571622265736e-12,-1.6586573546285723e-13,-24.525000000004688,4.686029342337861e-12,-4.686029342337861e-12,-1.9107153281703815e-13
screenshot_like_simple_start,dop853_reference,DOP853,1e-11,1e-13,2.0475594493116396,0.36394479168605215,-0.28790347709461095,0.3639447916841124,-0.2879034770922663,1.9397261574738422e-12,2.344624494554637e-12,2.344624494554637e-12,0.07202078287118802,-1.8933411714286799,0.0720207828716235,-1.893341171430036,4.3548498140921765e-13,1.3562484468820912e-12,1.4244497248773195e-12,1.812661132305493e-12,-24.52500000000381,3.808509063674137e-12,-3.808509063674137e-12,-1.55290889446448e-13,-24.52500000000625,6.249223361010081e-12,-6.249223361010081e-12,-2.5481033072416233e-13
screenshot_like_simple_start,dop853_reference,DOP853,1e-11,1e-13,2.0525657071339176,0.3633152829790996,-0.2746852488940102,0.3633152829771587,-0.27468524889176354,1.9408918916496987e-12,2.2466473126314668e-12,2.2466473126314668e-12,0.08413105534703524,-1.897234413436792,0.08413105534738347,-1.897234413438091,3.4822145167368035e-13,1.2989609388114332e-12,1.3448262712944022e-12,1.8142154445399683e-12,-24.525000000003033,3.0304647680168273e-12,-3.0304647680168273e-12,-1.2356635139722027e-13,-24.52500000000716,7.158718062783009e-12,-7.158718062783009e-12,-2.918947222337618e-13
screenshot_like_simple_start,dop853_reference,DOP853,1e-11,1e-13,2.057571964956195,0.36243868611722,-0.26120150531125447,0.3624386861164735,-0.2612015053105508,7.465139617579553e-13,7.036593530074242e-13,7.465139617579553e-13,0.09631405334189058,-1.9011153522834476,0.09631405334187237,-1.901115352283894,1.8207657603852567e-14,4.4630965589931293e-13,4.46680901477086e-13,6.979972155818359e-13,-24.525000000007633,7.631228982063476e-12,-7.631228982063476e-12,-3.1116122251023347e-13,-24.524999999998712,1.2896350654045818e-12,1.2896350654045818e-12,5.258450827337744e-14
screenshot_like_simple_start,dop853_reference,DOP853,1e-11,1e-13,2.0625782227784732,0.3613125615745333,-0.2474511231247101,0.36131256157314073,-0.24745112312315387,1.3925527397873338e-12,1.5562273691926976e-12,1.5562273691926976e-12,0.10856883187925145,-1.9049735118565747,0.10856883187945765,-1.9049735118574482,2.061961712485072e-13,8.735234757750732e-13,8.975300127392445e-13,1.3026246747926962e-12,-24.525000000004113,4.1104897263721796e-12,-4.1104897263721796e-12,-1.676040663148697e-13,-24.525000000007942,7.94031507211912e-12,-7.94031507211912e-12,-3.237641211873239e-13
screenshot_like_simple_start,dop853_reference,DOP853,1e-11,1e-13,2.067584480600751,0.35993460862989135,-0.23343303163766607,0.35993460862868026,-0.2334330316363995,1.211086786412352e-12,1.2665701820679942e-12,1.2665701820679942e-12,0.12089423187521789,-1.908797862196069,0.12089423187531662,-1.9087978621967885,9.872658246479205e-14,7.194245199571014e-13,7.261670455209898e-13,1.1334821969910536e-12,-24.525000000004688,4.686029342337861e-12,-4.686029342337861e-12,-1.9107153281703815e-13,-24.525000000001576,1.573852159708622e-12,-1.573852159708622e-12,-6.417338062012728e-14
screenshot_like_simple_start,dop853_reference,DOP853,1e-11,1e-13,2.072590738423029,0.35830269432053524,-0.21914624841026623,0.35830269431974393,-0.2191462484096345,7.913114608015803e-13,6.317169010117141e-13,7.913114608015803e-13,0.1332888539692697,-1.9125767998942766,0.13328885396914525,-1.9125767998946914,1.2445600106048005e-13,4.147793219999585e-13,4.3304870645080033e-13,7.41073868937292e-13,-24.52500000000702,7.016609515630989e-12,-7.016609515630989e-12,-2.861002860603869e-13,-24.52499999997934,2.0662582755903713e-11,2.0662582755903713e-11,8.42511019608714e-13
screenshot_like_simple_start,dop853_reference,DOP853,1e-11,1e-13,2.0775969962453065,0.3564148864545247,-0.20458992077027952,0.356414886455019,-0.20458992077139726,4.94326801714351e-13,1.117744785616992e-12,1.117744785616992e-12,0.1457510299629312,-1.916298130404536,0.14575102996230002,-1.9162981304041367,6.311895450750171e-13,3.992361996552063e-13,7.468532552832175e-13,6.311895450750171e-13,-24.525000000011715,1.1713296999005252e-11,-1.1713296999005252e-11,-4.776064015904282e-13,-24.5249999999487,5.1301185521879233e-11,5.1301185521879233e-11,2.0917914585883477e-12
screenshot_like_simple_start,dop853_reference,DOP853,1e-11,1e-13,2.0826032540675845,0.35426949110954253,-0.18976337371601762,0.3542694911071393,-0.18976337371321278,2.403244270254845e-12,2.80483969383738e-12,2.80483969383738e-12,0.15827879177753126,-1.919949053067643,0.15827879177803175,-1.919949053069006,5.004885395010206e-13,1.3629097850298422e-12,1.4518993974452759e-12,2.253974784593993e-12,-24.52500000000788,7.87636622590071e-12,-7.87636622590071e-12,-3.211566249093052e-13,-24.525000000012383,1.2381207170619746e-11,-1.2381207170619746e-11,-5.048402516052903e-13
screenshot_like_simple_start,dop853_reference,DOP853,1e-11,1e-13,2.0876095118898625,0.3518650950142034,-0.1746661647940755,0.35186509501140945,-0.17466616479057073,2.7939317526204377e-12,3.5047797997123098e-12,3.5047797997123098e-12,0.1708698378934671,-1.923516149844208,0.17086983789429577,-1.92351614984578,8.286704655802168e-13,1.5720758028692217e-12,1.7771091892429798e-12,2.62279087337447e-12,-24.525000000014458,1.4455991959039238e-11,-1.4455991959039238e-11,-5.894390197365642e-13,-24.525000000023514,2.3511859126301715e-11,-2.3511859126301715e-11,-9.586894648848812e-13
screenshot_like_simple_start,dop853_reference,DOP853,1e-11,1e-13,2.09261576971214,0.3492006132083451,-0.15929814653320223,0.349200613208318,-0.1592981465336709,2.708944180085382e-14,4.686528942698942e-13,4.686528942698942e-13,0.1835214972973519,-1.9269853789066067,0.18352149729686376,-1.9269853789065416,4.881373083520657e-13,6.505906924303417e-14,4.9245376868897e-13,4.881373083520657e-13,-24.525000000048145,4.814282306142559e-11,-4.814282306142559e-11,-1.96301011463509e-12,-24.524999999996957,3.0446756227320293e-12,3.0446756227320293e-12,1.2414579501455776e-13
screenshot_like_simple_start,dop853_reference,DOP853,1e-11,1e-13,2.097622027534418,0.3462753422974276,-0.1436595369215505,0.3462753422958958,-0.14365953691993524,1.5318302182265597e-12,1.6152634785271403e-12,1.6152634785271403e-12,0.1962306910540944,-1.930342074456681,0.19623069105425214,-1.9303420744574322,1.5773493622361912e-13,7.511768984613809e-13,7.675591461819271e-13,1.4409029525097594e-12,-24.52500000002168,2.1678658868040657e-11,-2.1678658868040657e-11,-8.839412382483448e-13,-24.524999999983955,1.6047607687141863e-11,1.6047607687141863e-11,6.543367048783633e-13
screenshot_like_simple_start,dop853_reference,DOP853,1e-11,1e-13,2.1026282853566958,0.3430890195230431,-0.12775099828662806,0.3430890195272778,-0.12775099829330505,4.2347236828277346e-12,6.676992292398154e-12,6.676992292398154e-12,0.20899389174755778,-1.9335709543443649,0.2089938917449231,-1.9335709543420896,2.634670259737959e-12,2.275291066666796e-12,3.4811545233731596e-12,3.987921104453562e-12,-24.525000000004145,4.142464149481384e-12,-4.142464149481384e-12,-1.6890781445387905e-13,-24.524999999872975,1.270272775855119e-10,1.270272775855119e-10,5.179501634475511e-12
screenshot_like_simple_start,dop853_reference,DOP853,1e-11,1e-13,2.107634543178974,0.33964188779564836,-0.11157372484854107,0.3396418877948219,-0.11157372484810718,8.264500195309665e-13,4.33889035811319e-13,8.264500195309665e-13,0.22180708115043246,-1.936656137239651,0.22180708115008443,-1.9366561372399747,3.4802716264437095e-13,3.2374103398069565e-13,4.753221676096975e-13,7.792100298331661e-13,-24.525000000001878,1.8758328224066645e-12,-1.8758328224066645e-12,-7.6486557488549e-14,-24.52499999998174,1.8260948309034575e-11,1.8260948309034575e-11,7.445850482786778e-13
screenshot_like_simple_start,dop853_reference,DOP853,1e-11,1e-13,2.1126408010012514,0.33593476654506804,-0.09512953882093114,0.3359347665378447,-0.09512953881104731,7.2233330428161935e-12,9.883829865664495e-12,9.883829865664495e-12,0.23466570671542708,-1.9395811713661268,0.23466570671844666,-1.9395811713694469,3.0195845823755008e-12,3.320010932839068e-12,4.487801649392581e-12,6.819544928760024e-12,-24.525000000015392,1.539035565656377e-11,-1.539035565656377e-11,-6.275374375765043e-13,-24.525000000095407,9.540457313050865e-11,-9.540457313050865e-11,-3.890094724995255e-12
screenshot_like_simple_start,dop853_reference,DOP853,1e-11,1e-13,2.1176470588235294,0.33196912810166335,-0.07842099475227687,0.33196912809791823,-0.07842099474764243,3.7451153289680406e-12,4.634445605056214e-12,4.634445605056214e-12,0.24756463764828368,-1.942329076914599,0.24756463764936326,-1.9423290769161827,1.0795808691455022e-12,1.5836221223253233e-12,1.9165995615524697e-12,3.5406122478320867e-12,-24.52499999999481,5.190514684727532e-12,5.190514684727532e-12,2.116417812325191e-13,-24.525000000011374,1.1372236485840403e-11,-1.1372236485840403e-11,-4.636997547743284e-13
screenshot_like_simple_start,dop853_reference,DOP853,1e-11,1e-13,2.1226533166458075,0.32774717891494887,-0.06145149124821604,0.32774717891293703,-0.06145149124594182,2.011835142923246e-12,2.274222477005594e-12,2.274222477005594e-12,0.2604981216155902,-1.9448824044178386,0.26049812161595537,-1.944882404418626,3.65152352799214e-13,7.87370169064161e-13,8.679216692115292e-13,1.90475413219815e-12,-24.525000000001622,1.6200374375330284e-12,-1.6200374375330284e-12,-6.605657237647415e-14,-24.52500000000842,8.416378705078387e-12,-8.416378705078387e-12,-3.431754823681299e-13
screenshot_like_simple_start,dop853_reference,DOP853,1e-11,1e-13,2.127659574468085,0.32327194461150893,-0.04422538880035837,0.3232719446117591,-0.04422538880124445,2.5018875859927903e-13,8.860828737411452e-13,8.860828737411452e-13,0.27345974339097606,-1.9472233113604793,0.2734597433903281,-1.947223311360361,6.479816683224726e-13,1.1834977442504169e-13,6.587009272715753e-13,6.479816683224726e-13,-24.52500000000857,8.569145393266808e-12,-8.569145393266808e-12,-3.4940450125450793e-13,-24.52499999999624,3.7623237858497305e-12,3.7623237858497305e-12,1.5340769769010113e-13
screenshot_like_simple_start,dop853_reference,DOP853,1e-11,1e-13,2.132665832290363,0.3185473573010582,-0.026748131642868316,0.3185473572973495,-0.026748131638211117,3.7087000137603354e-12,4.657198238167126e-12,4.657198238167126e-12,0.2864423870976498,-1.949333659269993,0.2864423870987832,-1.949333659271279,1.1334266858398223e-12,1.2860823517257813e-12,1.7142531515486153e-12,3.522127034472078e-12,-24.52500000000112,1.1191048088221578e-12,-1.1191048088221578e-12,-4.563118486532753e-14,-24.5250000000456,4.559908006740443e-11,-4.559908006740443e-11,-1.859289707131679e-12
screenshot_like_simple_start,dop853_reference,DOP853,1e-11,1e-13,2.1376720901126407,0.31357834311698096,-0.00902637097197017,0.3135783431132793,-0.00902637096742318,3.701650097553966e-12,4.546989521014844e-12,4.546989521014844e-12,0.2994382039789146,-1.9511951332435489,0.29943820397994025,-1.9511951332447317,1.0256795412999509e-12,1.1828316104356418e-12,1.5656018459643728e-12,3.5211278337499152e-12,-24.52499999999069,9.311662552136113e-12,9.311662552136113e-12,3.7968043026039194e-13,-24.52500000000908,9.07718344933528e-12,-9.07718344933528e-12,-3.701196105743233e-13
screenshot_like_simple_start,dop853_reference,DOP853,1e-11,1e-13,2.1426783479349187,0.3083709073131456,0.008931914049823853,0.3083709073103869,0.00893191405310913,2.758682171588589e-12,3.2852782994030605e-12,3.2852782994030605e-12,0.31243858795848173,-1.9527893854612648,0.3124385879591383,-1.9527893854620726,6.565858967633176e-13,8.077982727172639e-13,1.040981791019173e-12,2.6285640331025206e-12,-24.525000000001008,1.0054179711005418e-12,-1.0054179711005418e-12,-4.099563592662759e-14,-24.525000000011676,1.1674217148538446e-11,-1.1674217148538446e-11,-4.7601293164275e-13
screenshot_like_simple_start,dop853_reference,DOP853,1e-11,1e-13,2.1476846057571968,0.3029322136536995,0.027117301896438864,0.3029322136514132,0.02711730189909898,2.286282274610585e-12,2.6601151836835868e-12,2.6601151836835868e-12,0.3254341614982918,-1.9540982035516534,0.3254341614987688,-1.9540982035522632,4.770073225301985e-13,6.09734485124136e-13,7.74152522502526e-13,2.182143354900745e-12,-24.525000000000418,4.156675004196586e-13,-4.156675004196586e-13,-1.6948725807121655e-14,-24.52500000001919,1.9188206579201506e-11,-1.9188206579201506e-11,-7.823937443099492e-13
screenshot_like_simple_start,dop853_reference,DOP853,1e-11,1e-13,2.1526908635794744,0.2972706542150855,0.04551882614248373,0.2972706542117768,0.04551882614643003,3.3086866579878915e-12,3.946301618817927e-12,3.946301618817927e-12,0.338414774445543,-1.9551037037465093,0.33841477444632173,-1.955103703747299,7.787104294720848e-13,7.895906151134113e-13,1.108982990150784e-12,3.1635249975181523e-12,-24.524999999978384,2.1618262735501048e-11,2.1618262735501048e-11,8.814786028746604e-13,-24.52500000001793,1.7926993223227328e-11,-1.7926993223227328e-11,-7.309681232712467e-13
screenshot_like_simple_start,dop853_reference,DOP853,1e-11,1e-13,2.1576971214017524,0.29139590525988485,0.06412389069788257,0.29139590525682707,0.06412389070155124,3.057776254422606e-12,3.668662595934791e-12,3.668662595934791e-12,0.3513695185857314,-1.9557885475372165,0.3513695185864637,-1.95578854753786,7.323031070427533e-13,6.434852650727407e-13,9.74854413207534e-13,2.9288238501123942e-12,-24.5250000000016,1.5987211554602254e-12,-1.5987211554602254e-12,-6.518740695046791e-14,-24.525000000009996,9.993783578465809e-12,-9.993783578465809e-12,-4.0749372389259155e-13
screenshot_like_simple_start,dop853_reference,DOP853,1e-11,1e-13,2.16270337922403,0.2853189644935328,0.0829182092289622,0.2853189644893117,0.08291820923430193,4.221067939624845e-12,5.339728659237153e-12,5.339728659237153e-12,0.3642867604858413,-1.9561361790825242,0.3642867604871123,-1.9561361790832699,1.2709833185908792e-12,7.456257833382551e-13,1.473552308170657e-12,4.050426660739959e-12,-24.524999999994222,5.780265155408415e-12,5.780265155408415e-12,2.3568869135202504e-13,-24.52500000002788,2.787814423754753e-11,-2.787814423754753e-11,-1.1367235163118258e-12
screenshot_like_simple_start,dop853_reference,DOP853,1e-11,1e-13,2.167709637046308,0.2790521649003748,0.10188577537117535,0.2790521648991118,0.10188577537228607,1.2630452239648093e-12,1.1107226249862379e-12,1.2630452239648093e-12,0.37715419485827484,-1.956131078953702,0.3771541948581656,-1.9561310789539372,1.092459456231154e-13,2.3514523661560816e-13,2.5928354930095167e-13,1.2141954108813025e-12,-24.52499999998246,1.7543300145916874e-11,1.7543300145916874e-11,7.153231456031344e-13,-24.52500000001578,1.5777601447553025e-11,-1.5777601447553025e-11,-6.43327276148951e-13
screenshot_like_simple_start,dop853_reference,DOP853,1e-11,1e-13,2.1727158948685856,0.2726091606771403,0.12100886993952417,0.2726091606740717,0.1210088699431648,3.0686009289127014e-12,3.6406294645630055e-12,3.6406294645630055e-12,0.38995892002914545,-1.9557590280180293,0.3899589200298042,-1.955759028018416,6.587508316613366e-13,3.8680170177940454e-13,7.639163663084762e-13,2.955302669249704e-12,-24.525000000001942,1.9397816686250735e-12,-1.9397816686250735e-12,-7.909405376656772e-14,-24.525000000007438,7.435829729729448e-12,-7.435829729729448e-12,-3.031938727718429e-13
screenshot_like_simple_start,dop853_reference,DOP853,1e-11,1e-13,2.1777221526908637,0.2660048813552457,0.14026811059290772,0.26600488135036277,0.14026811059904626,4.882927395755132e-12,6.138534125454953e-12,6.138534125454953e-12,0.4026875362338143,-1.9550073735525184,0.4026875362351814,-1.9550073735529439,1.3670731213721865e-12,4.2543746303636e-13,1.4317422792294383e-12,4.7111758938456205e-12,-24.52499999999303,6.970424237806583e-12,6.970424237806583e-12,2.8421709430404007e-13,-24.52500000000954,9.539036227579345e-12,-9.539036227579345e-12,-3.889515281377918e-13
screenshot_like_simple_start,dop853_reference,DOP853,1e-11,1e-13,2.1827284105131417,0.2592554513904116,0.15964254782238588,0.25925545138895184,0.15964254782400059,1.459776743928387e-12,1.6147083670148277e-12,1.6147083670148277e-12,0.4153262662887668,-1.9538652881681617,0.41532626628895,-1.9538652881682792,1.8318679906315083e-13,1.1746159600534156e-13,2.1761118971028412e-13,1.4109824419961114e-12,-24.52500000000322,3.218758592993254e-12,-3.218758592993254e-12,-1.3124397932694205e-13,-24.525000000008447,8.44480041450879e-12,-8.44480041450879e-12,-3.443343696028049e-13
screenshot_like_simple_start,dop853_reference,DOP853,1e-11,1e-13,2.1877346683354193,0.25237807399492834,0.1791098091156373,0.25237807399323575,0.17910980911718832,1.6925905121922824e-12,1.551037076552575e-12,1.6925905121922824e-12,0.42786109687212087,-1.9523240110734994,0.42786109687200813,-1.9523240110736457,1.1274314815068465e-13,1.4632739464559563e-13,1.8472337123032136e-13,1.6389667401028873e-12,-24.52500000000208,2.078337502098293e-12,-2.078337502098293e-12,-8.474362903560827e-14,-24.525000000000016,1.4210854715202004e-14,-1.4210854715202004e-14,-5.794436173374924e-16
screenshot_like_simple_start,dop853_reference,DOP853,1e-11,1e-13,2.1927409261576973,0.24539087980798968,0.1986462906810452,0.2453908798043123,0.1986462906855037,3.677391724465906e-12,4.4585168890165505e-12,4.4585168890165505e-12,0.44027793724752773,-1.9503770607767457,0.4402779372483314,-1.9503770607767592,8.036904475261508e-13,1.354472090042691e-14,8.038045750734783e-13,3.567229844847475e-12,-24.525000000000894,8.917311333789257e-13,-8.917311333789257e-13,-3.636008698792765e-14,-24.525000000006653,6.650680006714538e-12,-6.650680006714538e-12,-2.711796129139465e-13
screenshot_like_simple_start,dop853_reference,DOP853,1e-11,1e-13,2.197747183979975,0.23831274331878535,0.21822739296205892,0.23831274331535257,0.21822739296635857,3.4327818365653684e-12,4.299643974192691e-12,4.299643974192691e-12,0.4525627908132902,-1.948020408680193,0.4525627908141522,-1.9480204086800725,8.619771563189715e-13,1.20570220474292e-13,8.703687701663934e-13,3.3357483442131297e-12,-24.525000000018125,1.8122392475561355e-11,-1.8122392475561355e-11,-7.389354730096372e-13,-24.52499999997402,2.5980995133068063e-11,2.5980995133068063e-11,1.0593677933972706e-12
screenshot_like_simple_start,dop853_reference,DOP853,1e-11,1e-13,2.202753441802253,0.2311630718950059,0.23782779352164873,0.2311630718929718,0.23782779352370997,2.0340951145669806e-12,2.0612400675190656e-12,2.0612400675190656e-12,0.46470193374964536,-1.945252604270046,0.4647019337496686,-1.9452526042700264,2.325917236589703e-14,1.9539925233402755e-14,3.037758675855404e-14,1.979971742116504e-12,-24.52500000000201,2.007283228522283e-12,-2.007283228522283e-12,-8.184641094892081e-14,-24.524999999964216,3.5786484886557446e-11,3.5786484886557446e-11,1.4591838893601404e-12
screenshot_like_simple_start,dop853_reference,DOP853,1e-11,1e-13,2.2077596996245306,0.22396157435779684,0.25742174802070955,0.22396157435461325,0.25742174802450074,3.183592278688252e-12,3.7911895844899846e-12,3.7911895844899846e-12,0.4766820941488218,-1.9420748446823548,0.476682094149384,-1.9420748446820966,5.622169396701793e-13,2.582378755278114e-13,6.186878757574124e-13,3.104100310125091e-12,-24.525000000003875,3.872457909892546e-12,-3.872457909892546e-12,-1.578983857244667e-13,-24.52500000000959,9.588774219082552e-12,-9.588774219082552e-12,-3.9097958079847306e-13
screenshot_like_simple_start,dop853_reference,DOP853,1e-11,1e-13,2.2127659574468086,0.21672801759615773,0.27698340788166154,0.21672801759321464,0.27698340788509357,2.9430902159788275e-12,3.4320324360237464e-12,3.4320324360237464e-12,0.48849062463544046,-1.938490984234314,0.48849062463586734,-1.9384909842340083,4.268807529683727e-13,3.057554209817681e-13,5.2508433105034e-13,2.8742563884520678e-12,-24.52500000000929,9.28679355638451e-12,-9.28679355638451e-12,-3.7866640393005134e-13,-24.52500000000466,4.657607632907457e-12,-4.657607632907457e-12,-1.8991264558236316e-13
screenshot_like_simple_start,dop853_reference,DOP853,1e-11,1e-13,2.2177722152690866,0.20948198057950287,0.29648714202886317,0.20948198057720246,0.296487142031386,2.30040986259894e-12,2.5228152900069745e-12,2.5228152900069745e-12,0.5001156616710879,-1.934507482773709,0.5001156616712505,-1.93450748277345,1.6264767310758543e-13,2.589040093425865e-13,3.0575407048963076e-13,2.2501167595834204e-12,-24.52500000000139,1.3891110484109959e-12,-1.3891110484109959e-12,-5.664061359473989e-14,-24.524999999983333,1.666933258093195e-11,1.666933258093195e-11,6.796873631368787e-13
screenshot_like_simple_start,dop853_reference,DOP853,1e-11,1e-13,2.2227784730913642,0.2022426153943701,0.3159078497161245,0.20224261539030822,0.31590784972116626,4.061889713469213e-12,5.041744799427761e-12,5.041744799427761e-12,0.5115462654194523,-1.9301332951183197,0.5115462654202654,-1.9301332951175691,8.131273432354647e-13,7.505107646466058e-13,1.1065452924158135e-12,3.979094831407792e-12,-24.525000000006788,6.785683126508957e-12,-6.785683126508957e-12,-2.7668432727865263e-13,-24.5249999999833,1.6701307004041155e-11,1.6701307004041155e-11,6.809911112758881e-13
screenshot_like_simple_start,dop853_reference,DOP853,1e-11,1e-13,2.2277847309136423,0.1950284243422871,0.33522125223735844,0.19502842433925793,0.3352212522409259,3.0291602559628927e-12,3.5674796450280155e-12,3.5674796450280155e-12,0.5227725352380451,-1.9253797070701288,0.5227725352384422,-1.9253797070695424,3.971267759084185e-13,5.864198016070077e-13,7.082357374915626e-13,2.9717339700141565e-12,-24.525000000001278,1.2754242106893798e-12,-1.2754242106893798e-12,-5.200506465603995e-14,-24.52500000000891,8.906653192752856e-12,-8.906653192752856e-12,-3.631662871662734e-13
screenshot_like_simple_start,dop853_reference,DOP853,1e-11,1e-13,2.23279098873592,0.1878570609215171,0.35440415295906735,0.18785706092040655,0.35440415295990163,1.110556091532544e-12,8.342770918545739e-13,1.110556091532544e-12,0.5337856973787418,-1.9202601261903962,0.5337856973784332,-1.920260126190314,3.086420008457935e-13,8.215650382226158e-14,3.1938937960801403e-13,1.0910161662991413e-12,-24.52499999999607,3.9328540424321545e-12,3.9328540424321545e-12,1.6036102109815103e-13,-24.525000000018238,1.823607931328297e-11,-1.823607931328297e-11,-7.435710219483372e-13
screenshot_like_simple_start,dop853_reference,DOP853,1e-11,1e-13,2.237797246558198,0.1807451607304574,0.37343465753355193,0.1807451607251357,0.3734346575403734,5.32171529066261e-12,6.821487819053118e-12,6.821487819053118e-12,0.5445781631851648,-1.9147898374584686,0.5445781631862812,-1.9147898374569368,1.116329251260595e-12,1.531885729377791e-12,1.895485395641804e-12,5.235006872439385e-12,-24.525000000001572,1.5702994460298214e-12,-1.5702994460298214e-12,-6.402851971579291e-14,-24.5249999999945,5.503153488461976e-12,5.503153488461976e-12,2.2438954081394395e-13
screenshot_like_simple_start,dop853_reference,DOP853,1e-11,1e-13,2.2428035043804755,0.17370820625336014,0.3922923489721294,0.17370820625030114,0.39229234897575427,3.058997499749694e-12,3.624878175401136e-12,3.624878175401136e-12,0.5551435577726649,-1.9089857349874564,0.5551435577730014,-1.9089857349865993,3.3650859876388495e-13,8.570921750106208e-13,9.207850093840962e-13,3.0129509998033654e-12,-24.52500000000172,1.7195134205394424e-12,-1.7195134205394424e-12,-7.011267769783659e-14,-24.52500000000896,8.956391184256063e-12,-8.956391184256063e-12,-3.651943398269546e-13
screenshot_like_simple_start,dop853_reference,DOP853,1e-11,1e-13,2.2478097622027535,0.16676042737054084,0.41095841513372094,0.16676042736813412,0.4109584151364065,2.4067137172067987e-12,2.6855739854170224e-12,2.6855739854170224e-12,0.565476720700292,-1.9028660411378375,0.5654767207003806,-1.902866041137164,8.859579736508749e-14,6.7346128673762e-13,6.792638074011057e-13,2.373323759741197e-12,-24.524999999998197,1.8047785488306545e-12,1.8047785488306545e-12,7.358933940186154e-14,-24.52500000001863,1.8626877817951026e-11,-1.8626877817951026e-11,-7.595057214251183e-13
screenshot_like_simple_start,dop853_reference,DOP853,1e-11,1e-13,2.2528160200250316,0.15991473731573683,0.42941572905643843,0.15991473731335257,0.429415729058984,2.384259456533755e-12,2.54557486201179e-12,2.54557486201179e-12,0.5755736814161695,-1.896450023695262,0.5755736814161302,-1.8964500236945816,3.930189507173054e-14,6.803446694902959e-13,6.8147891255716e-13,2.3538393456590256e-12,-24.524999999993927,6.0751403907488566e-12,6.0751403907488566e-12,2.4771214641177804e-13,-24.525000000040396,4.0394354527961696e-11,-4.0394354527961696e-11,-1.6470684822818223e-12
screenshot_like_simple_start,dop853_reference,DOP853,1e-11,1e-13,2.257822277847309,0.15318270215989324,0.4476488847850268,0.15318270215499288,0.4476488847914716,4.900357897241747e-12,6.4447891467978025e-12,6.4447891467978025e-12,0.5854316131237804,-1.8897577205288563,0.5854316131247471,-1.8897577205268146,9.666711875411238e-13,2.041700142285663e-12,2.2589804460932066e-12,4.842987122444242e-12,-24.52500000000206,2.05702122002549e-12,-2.05702122002549e-12,-8.387446360960203e-14,-24.525000000007118,7.116085498637403e-12,-7.116085498637403e-12,-2.9015639138174933e-13
screenshot_like_simple_start,dop853_reference,DOP853,1e-11,1e-13,2.262828535669587,0.1465745405137886,0.46564419321553674,0.14657454051081126,0.46564419321904943,2.9773405962885136e-12,3.512690138762764e-12,3.512690138762764e-12,0.5950487692429438,-1.8828096794406843,0.595048769243137,-1.882809679439542,1.9317880628477724e-13,1.142419492339286e-12,1.1586372804611303e-12,2.9454216843305403e-12,-24.525000000001302,1.3002932064409833e-12,-1.3002932064409833e-12,-5.301909098638056e-14,-24.52500000000969,9.688250202088966e-12,-9.688250202088966e-12,-3.950356861198355e-13
screenshot_like_simple_start,dop853_reference,DOP853,1e-11,1e-13,2.267834793491865,0.14009914924363176,0.4833896436824716,0.14009914924083378,0.4833896436857335,2.7979840666603195e-12,3.261890757499941e-12,3.261890757499941e-12,0.6044244067997024,-1.875626719021871,0.60442440679982,-1.8756267190207456,1.1757261830780408e-13,1.1253220577600587e-12,1.1314473272128427e-12,2.770561557952078e-12,-24.524999999995547,4.455102953215828e-12,4.455102953215828e-12,1.816555740353039e-13,-24.525000000017364,1.7362111748298048e-11,-1.7362111748298048e-11,-7.079352394820814e-13
screenshot_like_simple_start,dop853_reference,DOP853,1e-11,1e-13,2.272841051314143,0.13376415055947863,0.5008748375838372,0.13376415055630012,0.5008748375876538,3.178513008350592e-12,3.816613691753901e-12,3.816613691753901e-12,0.6135587009341967,-1.868229714448451,0.6135587009343944,-1.8682297144470421,1.9761969838327786e-13,1.4088730182493236e-12,1.4226653600689295e-12,3.1501190544958035e-12,-24.525000000002102,2.099653784171096e-12,-2.099653784171096e-12,-8.561279446161451e-14,-24.525000000021436,2.1433521624203422e-11,-2.1433521624203422e-11,-8.73945835849273e-13
screenshot_like_simple_start,dop853_reference,DOP853,1e-11,1e-13,2.2778473091364204,0.1275759557068169,0.5180909004945448,0.12757595570377872,0.5180909004982334,3.038180818037972e-12,3.68860497701462e-12,3.68860497701462e-12,0.6224526543633228,-1.8606394103818547,0.6224526543635138,-1.8606394103804145,1.9106938253798944e-13,1.440181307543753e-12,1.4528006427386667e-12,3.0134783557400624e-12,-24.525000000002876,2.8741453661496053e-12,-2.8741453661496053e-12,-1.1719247160650784e-13,-24.525000000016743,1.674038685450796e-11,-1.674038685450796e-11,-6.825845812235661e-13
screenshot_like_simple_start,dop853_reference,DOP853,1e-11,1e-13,2.2828535669586985,0.12153984071957766,0.5350303788916192,0.12153984071700243,0.5350303788946255,2.5752316945570897e-12,3.006261906079999e-12,3.006261906079999e-12,0.631108005124549,-1.8528762616386842,0.6311080051245789,-1.8528762616374639,2.986499936241671e-14,1.220357148667972e-12,1.2207225272321062e-12,2.5562330030481917e-12,-24.525000000000798,7.958078640513122e-13,-7.958078640513122e-13,-3.2448842570899574e-14,-24.52500000000935,9.347189688924118e-12,-9.347189688924118e-12,-3.8112903930373565e-13
screenshot_like_simple_start,dop853_reference,DOP853,1e-11,1e-13,2.2878598247809765,0.11566003008913642,0.5516871270582392,0.11566003008576471,0.5516871270623234,3.371705692423177e-12,4.084177440688563e-12,4.084177440688563e-12,0.6395271353496015,-1.8449603010709308,0.6395271353497305,-1.8449603010691793,1.290079154614432e-13,1.751487843648647e-12,1.7562325326393126e-12,3.349182042811094e-12,-24.525000000002823,2.8208546609675977e-12,-2.8208546609675977e-12,-1.1501955804149226e-13,-24.525000000002834,2.8315128020039992e-12,-2.8315128020039992e-12,-1.1545414075449536e-13
screenshot_like_simple_start,dop853_reference,DOP853,1e-11,1e-13,2.292866082603254,0.1099397847462456,0.5680561889846574,0.10993978474327509,0.5680561889882212,2.970512724687069e-12,3.5638159090467525e-12,3.5638159090467525e-12,0.6477129832218217,-1.8369110331858756,0.6477129832218733,-1.836911033184284,5.162537064506978e-14,1.5916157281026244e-12,1.5924527637697416e-12,2.9525826228393726e-12,-24.525000000005914,5.9117155615240335e-12,-5.9117155615240335e-12,-2.4104854481239686e-13,-24.525000000013602,1.3599787962448318e-11,-1.3599787962448318e-11,-5.545275417919802e-13
screenshot_like_simple_start,dop853_reference,DOP853,1e-11,1e-13,2.297872340425532,0.10438149136080149,0.5841336792492319,0.10438149135893618,0.5841336792512941,1.865313459248341e-12,2.0622392682412283e-12,2.0622392682412283e-12,0.6556689597036595,-1.8287473514160946,0.6556689597035247,-1.8287473514151518,1.34781075189494e-13,9.42801392511683e-13,9.52386688247586e-13,1.855154918573021e-12,-24.525000000000016,1.4210854715202004e-14,-1.4210854715202004e-14,-5.794436173374924e-16,-24.52500000001429,1.4289014416135615e-11,-1.4289014416135615e-11,-5.826305572328486e-13
screenshot_like_simple_start,dop853_reference,DOP853,1e-11,1e-13,2.3028785982478097,0.09898675056017511,0.599916666048028,0.0989867505575903,0.5999166660510696,2.5848073681444816e-12,3.0416780205655414e-12,3.0416780205655414e-12,0.6633988711140746,-1.8204874765741796,0.663398871114013,-1.820487476572718,6.161737786669619e-14,1.4617196342214811e-12,1.4630177682870936e-12,2.572150825663755e-12,-24.525000000002628,2.62545540863357e-12,-2.62545540863357e-12,-1.0705220830310173e-13,-24.525000000008973,8.970602038971265e-12,-8.970602038971265e-12,-3.657737834442921e-13
screenshot_like_simple_start,dop853_reference,DOP853,1e-11,1e-13,2.3078848560700878,0.09375646222336974,0.6154030587833818,0.09375646221922336,0.615403058788539,4.146377685643188e-12,5.157207993988777e-12,5.157207993988777e-12,0.6709068482022718,-1.81214891385287,0.6709068482023547,-1.8121489138502809,8.293365993949919e-14,2.589040093425865e-12,2.590368042830511e-12,4.128170028039335e-12,-24.525000000016455,1.645261704652512e-11,-1.645261704652512e-11,-6.708508479724819e-13,-24.524999999990605,9.396927680427325e-12,9.396927680427325e-12,3.831570919644169e-13
screenshot_like_simple_start,dop853_reference,DOP853,1e-11,1e-13,2.3128911138923653,0.08869090654433658,0.6305915018966454,0.0886909065425568,0.6305915018986876,1.7797707752009728e-12,2.0422552537979755e-12,2.0422552537979755e-12,0.6781972820066369,-1.803748425740832,0.6781972820065135,-1.8037484257397856,1.233457780358549e-13,1.0464962230116726e-12,1.0537402553461487e-12,1.7727763701458343e-12,-24.525000000003406,3.40349970429088e-12,-3.40349970429088e-12,-1.3877674635232945e-13,-24.525000000001782,1.779909553079051e-12,-1.779909553079051e-12,-7.257531307152093e-14
screenshot_like_simple_start,dop853_reference,DOP853,1e-11,1e-13,2.3178973717146434,0.08378981997909522,0.6454812760613707,0.08378981997761917,0.6454812760628824,1.4760553890269534e-12,1.5116796703296131e-12,1.5116796703296131e-12,0.6852747665126706,-1.7953020183238664,0.6852747665124072,-1.7953020183230806,2.6345592374354965e-13,7.858158568296858e-13,8.288037069177117e-13,1.4708789741746386e-12,-24.525000000003118,3.1157298963080393e-12,-3.1157298963080393e-12,-1.2704301310124522e-13,-24.525000000021787,2.1785240278404672e-11,-2.1785240278404672e-11,-8.882870653783759e-13
screenshot_like_simple_start,dop853_reference,DOP853,1e-11,1e-13,2.3229036295369214,0.07905246551443507,0.6600722074184804,0.07905246551189518,0.6600722074214787,2.5398849690105862e-12,2.9982683003026978e-12,2.9982683003026978e-12,0.6921440479186188,-1.78682493859753,0.6921440479184554,-1.7868249385958923,1.6342482922482304e-13,1.637801005927031e-12,1.6459343273116206e-12,2.5319468743845164e-12,-24.52500000000586,5.858424856342026e-12,-5.858424856342026e-12,-2.388756312473813e-13,-24.525000000006667,6.66489086142974e-12,-6.66489086142974e-12,-2.7175905653128397e-13
screenshot_like_simple_start,dop853_reference,DOP853,1e-11,1e-13,2.327909887359199,0.07447769707667984,0.6743645850290951,0.07447769707341607,0.6743645850331879,3.263764258853996e-12,4.092726157978177e-12,4.092726157978177e-12,0.6988099801658142,-1.778331680708848,0.6988099801657564,-1.7783316807065352,5.784261958297066e-14,2.312816604899126e-12,2.3135398022375455e-12,3.254715941203301e-12,-24.52500000003805,3.8049563499953365e-11,-3.8049563499953365e-11,-1.551460285421136e-12,-24.524999999999846,1.5631940186722204e-13,1.5631940186722204e-13,6.373879790712417e-15
screenshot_like_simple_start,dop853_reference,DOP853,1e-11,1e-13,2.332916145181477,0.0700640180104659,0.6883590865731222,0.07006401800674884,0.6883590865777244,3.71705444202064e-12,4.6022075039786614e-12,4.6022075039786614e-12,0.7052774863041869,-1.7698359992175279,0.7052774863040331,-1.7698359992148645,1.5376588891058418e-13,2.6634250360757505e-12,2.667859979719246e-12,3.707936735430906e-12,-24.525000000036133,3.6131098113401094e-11,-3.6131098113401094e-11,-1.4732353970805745e-12,-24.524999999975304,2.4698465495021082e-11,2.4698465495021082e-11,1.007073006932562e-12
screenshot_like_simple_start,dop853_reference,DOP853,1e-11,1e-13,2.3379224030037546,0.06580963380516092,0.7020567119932412,0.06580963380416799,0.702056711993967,9.929279620735088e-13,7.258638134999273e-13,9.929279620735088e-13,0.7115515252009671,-1.761350927777992,0.7115515252005306,-1.7613509277775883,4.3653969328261155e-13,4.036770917537069e-13,5.94577243272905e-13,9.907769049632975e-13,-24.525000000027823,2.7821300818686723e-11,-2.7821300818686723e-11,-1.1344057418424758e-12,-24.525000000010444,1.0441425501994672e-11,-1.0441425501994672e-11,-4.2574619783872257e-13
screenshot_like_simple_start,dop853_reference,DOP853,1e-11,1e-13,2.3429286608260327,0.06171249931480782,0.7154587247040821,0.061712499313244046,0.7154587247057553,1.5637768857601486e-12,1.6732171204125734e-12,1.6732171204125734e-12,0.717637063086161,-1.752888801847512,0.7176370630858633,-1.7528888018465107,2.97761815204467e-13,1.0011991236069662e-12,1.0445390292876644e-12,1.5608001002753724e-12,-24.525000000005388,5.3859139370615594e-12,-5.3859139370615594e-12,-2.1960913097090963e-13,-24.525000000015716,1.5713652601334616e-11,-1.5713652601334616e-11,-6.407197798709323e-13
screenshot_like_simple_start,dop853_reference,DOP853,1e-11,1e-13,2.3479349186483103,0.057770360801547196,0.7285665998733073,0.057770360799598165,0.7285665998755919,1.949031214198982e-12,2.284616940073647e-12,2.284616940073647e-12,0.7235390494222306,-1.7444612842580622,0.7235390494219894,-1.7444612842566538,2.41140440948584e-13,1.4084289290394736e-12,1.4289229371859618e-12,1.9457838118519533e-12,-24.525000000005477,5.474731779031572e-12,-5.474731779031572e-12,-2.2323065357926897e-13,-24.52500000000792,7.918998790046317e-12,-7.918998790046317e-12,-3.228949557613177e-13
screenshot_like_simple_start,dop853_reference,DOP853,1e-11,1e-13,2.3529411764705883,0.053980793208628516,0.7413819791861008,0.05398079320710769,0.7413819791878888,1.5208251324949629e-12,1.7880141811588146e-12,1.7880141811588146e-12,0.7292623966026943,-1.7360793927169667,0.7292623966024944,-1.7360793927158413,1.999511667349907e-13,1.1253220577600587e-12,1.142948031522001e-12,1.5186116253396165e-12,-24.525000000007097,7.0947692165646e-12,-7.0947692165646e-12,-2.892872259557431e-13,-24.525000000005594,5.5919713304319885e-12,-5.5919713304319885e-12,-2.2801106342230327e-13
screenshot_like_simple_start,dop853_reference,DOP853,1e-11,1e-13,2.3579474342928664,0.05034123303619263,0.7539066315610388,0.05034123303297454,0.753906631564828,3.2180924591784787e-12,3.789191183045659e-12,3.789191183045659e-12,0.7348119630181409,-1.7277535284319576,0.7348119630176893,-1.7277535284295258,4.516387264175137e-13,2.431832513138943e-12,2.4734160408551774e-12,3.2140123895629813e-12,-24.525000000020846,2.084377115352254e-11,-2.084377115352254e-11,-8.498989257297671e-13,-24.524999999999043,9.592326932761353e-13,9.592326932761353e-13,3.9112444170280743e-14
screenshot_like_simple_start,dop853_reference,DOP853,1e-11,1e-13,2.362953692115144,0.04684900722834038,0.7661424192323885,0.046849007226392694,0.7661424192346231,1.947685068781624e-12,2.234656903965515e-12,2.234656903965515e-12,0.7401925390526272,-1.7194935052425946,0.7401925390522919,-1.7194935052411364,3.352873534367973e-13,1.4581669205426806e-12,1.4962180247342217e-12,1.9455478894592204e-12,-24.525000000005882,5.879741138414829e-12,-5.879741138414829e-12,-2.397447966733875e-13,-24.52500000000653,6.52633502795652e-12,-6.52633502795652e-12,-2.661094812622434e-13
screenshot_like_simple_start,dop853_reference,DOP853,1e-11,1e-13,2.367959949937422,0.04350135849873305,0.7780912686083341,0.04350135849695014,0.7780912686103301,1.7829140941394428e-12,1.9959589536711064e-12,1.9959589536711064e-12,0.7454088356236667,-1.7113085787879674,0.7454088356233071,-1.7113085787866438,3.596012376760882e-13,1.3236078899581116e-12,1.371586999244867e-12,1.7812279429207933e-12,-24.525000000005612,5.609734898825991e-12,-5.609734898825991e-12,-2.2873536794397514e-13,-24.525000000009346,9.343636975245317e-12,-9.343636975245317e-12,-3.809841783994013e-13
screenshot_like_simple_start,dop853_reference,DOP853,1e-11,1e-13,2.3729662077596996,0.04029546741529459,0.7897551454424842,0.04029546741379026,0.7897551454442413,1.5043313816853754e-12,1.7571499810742353e-12,1.7571499810742353e-12,0.750465474901495,-1.7032074752879691,0.750465474901229,-1.7032074752867818,2.660094367001875e-13,1.1872725025341424e-12,1.216707448685688e-12,1.5031101363582877e-12,-24.525000000003246,3.2436275887448573e-12,-3.2436275887448573e-12,-1.3225800565728265e-13,-24.525000000008603,8.601119816376013e-12,-8.601119816376013e-12,-3.507082493935173e-13
screenshot_like_simple_start,dop853_reference,DOP853,1e-11,1e-13,2.3779724655819776,0.03722847165128044,0.8011360337651866,0.03722847164907164,0.8011360337677638,2.208795646385653e-12,2.577160707062376e-12,2.577160707062376e-12,0.755366982899483,-1.6951984196885785,0.7553669828990693,-1.6951984196868097,4.1366909897533333e-13,1.7688073228327994e-12,1.816535567709589e-12,2.2072621508328893e-12,-24.525000000010156,1.0153655694011832e-11,-1.0153655694011832e-11,-4.1401246458763835e-13,-24.525000000008863,8.86046791492845e-12,-8.86046791492845e-12,-3.6128309540992654e-13
screenshot_like_simple_start,dop853_reference,DOP853,1e-11,1e-13,2.382978723404255,0.03429748269190076,0.8122359181651506,0.034297482690371875,0.8122359181669155,1.528888127211303e-12,1.7649215422466114e-12,1.7649215422466114e-12,0.7601177836490092,-1.6872891629300888,0.7601177836486952,-1.68728916292886,3.1397107136399427e-13,1.2287948436551233e-12,1.2682722899467895e-12,1.5279860710037951e-12,-24.525000000006248,6.245670647331281e-12,-6.245670647331281e-12,-2.5466546981982794e-13,-24.525000000010905,1.0903278280238737e-11,-1.0903278280238737e-11,-4.445781154021911e-13
screenshot_like_simple_start,dop853_reference,DOP853,1e-11,1e-13,2.3879849812265332,0.03149960032449972,0.8230567689751973,0.031499600322770965,0.8230567689771907,1.7287560272194469e-12,1.9934054407144686e-12,1.9934054407144686e-12,0.7647221947177616,-1.679487008209795,0.7647221947173892,-1.679487008208388,3.723688024592775e-13,1.4070966614099234e-12,1.455534108015305e-12,1.7278956043753624e-12,-24.52500000000576,5.758948873335612e-12,-5.758948873335612e-12,-2.3481952592601883e-13,-24.525000000007932,7.929656931082718e-12,-7.929656931082718e-12,-3.233295384743208e-13
screenshot_like_simple_start,dop853_reference,DOP853,1e-11,1e-13,2.3929912390488113,0.028831925155528872,0.8336005300219658,0.02883192515396115,0.8336005300237853,1.5677216469445199e-12,1.819544515058169e-12,1.819544515058169e-12,0.7691844238516682,-1.6717988361159872,0.7691844238513242,-1.6717988361146854,3.439470930288735e-13,1.3018475186754586e-12,1.3465164554079764e-12,1.5670693909175526e-12,-24.525000000003573,3.5704772471945034e-12,-3.5704772471945034e-12,-1.45585208856045e-13,-24.5250000000065,6.497913318526116e-12,-6.497913318526116e-12,-2.649505940275684e-13
screenshot_like_simple_start,dop853_reference,DOP853,1e-11,1e-13,2.397997496871089,0.026291569420768324,0.8438691085791208,0.02629156941895489,0.8438691085812389,1.8134348189757787e-12,2.1180834863798736e-12,2.1180834863798736e-12,0.7735085665583835,-1.6642311285898628,0.7735085665579782,-1.6642311285883278,4.0534242629064465e-13,1.5349943538467414e-12,1.5876114603052479e-12,1.812810318524427e-12,-24.5250000000078,7.7982065249671e-12,-7.7982065249671e-12,-3.17969685013949e-13,-24.525000000008525,8.522960115442402e-12,-8.522960115442402e-12,-3.475213094981611e-13
screenshot_like_simple_start,dop853_reference,DOP853,1e-11,1e-13,2.403003754693367,0.0238756662905341,0.8538643672451242,0.023875666288934224,0.8538643672469918,1.599876481295226e-12,1.8676171720244383e-12,1.8676171720244383e-12,0.7776986044682883,-1.6567899916720266,0.777698604467916,-1.6567899916706568,3.72257780156815e-13,1.3697931677825181e-12,1.4194749653977507e-12,1.599418514297568e-12,-24.525000000006628,6.625811010962934e-12,-6.625811010962934e-12,-2.7016558658360583e-13,-24.52500000000898,8.977707466328866e-12,-8.977707466328866e-12,-3.6606350525296086e-13
screenshot_like_simple_start,dop853_reference,DOP853,1e-11,1e-13,2.4080100125156445,0.021581377877672243,0.8635881174652627,0.021581377876336894,0.8635881174668005,1.3353484984435227e-12,1.5378809337107668e-12,1.5378809337107668e-12,0.7817584043378696,-1.6494811770390776,0.7817584043375336,-1.6494811770379374,3.3595348725157237e-13,1.1401990462900358e-12,1.1886625302234438e-12,1.3350362482178468e-12,-24.5250000000058,5.7980287238024175e-12,-5.7980287238024175e-12,-2.364129958736969e-13,-24.525000000010568,1.056577048075269e-11,-1.056577048075269e-11,-4.3081632949042566e-13
screenshot_like_simple_start,dop853_reference,DOP853,1e-11,1e-13,2.4130162703379225,0.01940590210589606,0.8730421144811178,0.01940590210452632,0.8730421144827011,1.3697376566312869e-12,1.5832890554179357e-12,1.5832890554179357e-12,0.7856917175742708,-1.6423101023308941,0.7856917175739185,-1.6423101023297073,3.5227376571356217e-13,1.1868284133242923e-12,1.238005851635553e-12,1.3694809175568423e-12,-24.525000000004173,4.170885858911788e-12,-4.170885858911788e-12,-1.7006670168855403e-13,-24.52500000000761,7.606359986311872e-12,-7.606359986311872e-12,-3.101471961798928e-13
screenshot_like_simple_start,dop853_reference,DOP853,1e-11,1e-13,2.4180225281602,0.017346478599636592,0.8822280534909994,0.017346478598151964,0.8822280534927264,1.4846283924452308e-12,1.726951914804431e-12,1.726951914804431e-12,0.7895021801826567,-1.635281870302876,0.7895021801822697,-1.6352818703015684,3.8702374638432957e-13,1.3076206784035094e-12,1.3636932275456294e-12,1.4844063478403058e-12,-24.52500000000631,6.30961949354969e-12,-6.30961949354969e-12,-2.5727296609784663e-13,-24.52500000000797,7.968736781549524e-12,-7.968736781549524e-12,-3.249230084219989e-13
screenshot_like_simple_start,dop853_reference,DOP853,1e-11,1e-13,2.423028785982478,0.01540039372207219,0.8911475668487325,0.01540039372055547,0.8911475668504967,1.5167207767508017e-12,1.7641443861293737e-12,1.7641443861293737e-12,0.7931933130495228,-1.6284012868338849,0.793193313049115,-1.6284012868325362,4.0778491694482e-13,1.3486989303146402e-12,1.4089987023129398e-12,1.5165403655093002e-12,-24.525000000007385,7.382539024547441e-12,-7.382539024547441e-12,-3.0102095920682734e-13,-24.525000000008493,8.490985692333197e-12,-8.490985692333197e-12,-3.4621756135915175e-13
screenshot_like_simple_start,dop853_reference,DOP853,1e-11,1e-13,2.428035043804756,0.01356498488232452,0.8998022221384787,0.01356498488111679,0.8998022221398706,1.2077300964863369e-12,1.3918866059725588e-12,1.3918866059725588e-12,0.7967685224910734,-1.6216728778366036,0.7967685224907312,-1.6216728778355298,3.4228175849193576e-13,1.0738077094174514e-12,1.1270402827763901e-12,1.2076190741838744e-12,-24.52500000000574,5.737632591262809e-12,-5.737632591262809e-12,-2.3395036050001257e-13,-24.525000000009378,9.375611398354522e-12,-9.375611398354522e-12,-3.8228792653841063e-13
screenshot_like_simple_start,dop853_reference,DOP853,1e-11,1e-13,2.433041301627034,0.011837644210505259,0.9081935209919437,0.01183764420946495,0.9081935209931277,1.0403084643728633e-12,1.183941833460267e-12,1.183941833460267e-12,0.8002311010052163,-1.615100905115222,0.8002311010049045,-1.6151009051143008,3.1186164761720647e-13,9.212630658339549e-13,9.726167404092407e-13,1.0402356059868723e-12,-24.525000000004844,4.842348744205083e-12,-4.842348744205083e-12,-1.9744541260775056e-13,-24.525000000010184,1.0182077403442236e-11,-1.0182077403442236e-11,-4.1517135182231333e-13
screenshot_like_simple_start,dop853_reference,DOP853,1e-11,1e-13,2.438047559449312,0.010215821687949166,0.9163228985305096,0.010215821686768219,0.9163228985318571,1.180947700740731e-12,1.3474776849875525e-12,1.3474776849875525e-12,0.8035842281761284,-1.6086893812190617,0.8035842281757679,-1.6086893812180048,3.6048941609578833e-13,1.056932319443149e-12,1.1167177561947142e-12,1.1808869854190718e-12,-24.525000000004688,4.686029342337861e-12,-4.686029342337861e-12,-1.9107153281703815e-13,-24.5250000000074,7.396749879262643e-12,-7.396749879262643e-12,-3.0160040282416483e-13
screenshot_like_simple_start,dop853_reference,DOP853,1e-11,1e-13,2.4430538172715894,0.008697027813448364,0.924191723324188,0.008697027812036875,0.9241917233258203,1.4114889812510967e-12,1.6323609131063677e-12,1.6323609131063677e-12,0.8068309716899447,-1.6024420833469013,0.8068309716895168,-1.6024420833456108,4.2787995369053533e-13,1.290523243824282e-12,1.3596071114924935e-12,1.4114352048233414e-12,-24.525000000008227,8.22453216642316e-12,-8.22453216642316e-12,-3.3535299353407374e-13,-24.525000000008315,8.313350008393172e-12,-8.313350008393172e-12,-3.389745161424331e-13
screenshot_like_simple_start,dop853_reference,DOP853,1e-11,1e-13,2.4480600750938675,0.007278835867441098,0.9318012977836491,0.007278835866387495,0.9318012977848473,1.0536033850927495e-12,1.1982637104779315e-12,1.1982637104779315e-12,0.8099742884252185,-1.5963625663486445,0.8099742884248794,-1.5963625663476901,3.390621117205228e-13,9.543477119677846e-13,1.0127895491870589e-12,1.053575629517134e-12,-24.525000000005786,5.7838178690872155e-12,-5.7838178690872155e-12,-2.3583355225635943e-13,-24.525000000008703,8.700595799382427e-12,-8.700595799382427e-12,-3.5476435471487974e-13
screenshot_like_simple_start,dop853_reference,DOP853,1e-11,1e-13,2.453066332916145,0.005958883839763134,0.9391528588985286,0.005958883838848636,0.9391528588995561,9.144976442776453e-13,1.0275114092905824e-12,1.0275114092905824e-12,0.8130170255913427,-1.5904541748820797,0.8130170255910348,-1.590454174881256,3.078648447285559e-13,8.237854842718662e-13,8.794335032944622e-13,9.144820317663616e-13,-24.525000000005598,5.595524044110789e-12,-5.595524044110789e-12,-2.2815592432663765e-13,-24.52500000000985,9.848122317634989e-12,-9.848122317634989e-12,-4.0155442681488225e-13
screenshot_like_simple_start,dop853_reference,DOP853,1e-11,1e-13,2.458072590738423,0.004734876059329051,0.9462475792688418,0.0047348760587702515,0.9462475792694353,5.58799534422505e-13,5.934142066621462e-13,5.934142066621462e-13,0.8159619218878943,-1.584720054762895,0.8159619218876825,-1.5847200547624163,2.1183055309847987e-13,4.787281682183675e-13,5.235005656842421e-13,5.58793462890339e-13,-24.5250000000036,3.5988989566249074e-12,-3.5988989566249074e-12,-1.4674409609071997e-13,-24.525000000012284,1.2281731187613332e-11,-1.2281731187613332e-11,-5.007841462839278e-13
screenshot_like_simple_start,dop853_reference,DOP853,1e-11,1e-13,2.463078848560701,0.003604584580916396,0.9530865683575562,0.0036045845800173476,0.9530865683585275,8.990481970005959e-13,9.71223101942087e-13,9.71223101942087e-13,0.818811608669112,-1.5791631635664185,0.8188116086687754,-1.57916316356563,3.3650859876388495e-13,7.884803920887862e-13,8.572860466323474e-13,8.99042559149299e-13,-24.525000000005146,5.144329406903125e-12,-5.144329406903125e-12,-2.0975858947617227e-13,-24.525000000009037,9.034550885189674e-12,-9.034550885189674e-12,-3.6838127972231083e-13
screenshot_like_simple_start,dop853_reference,DOP853,1e-11,1e-13,2.4680851063829787,0.0025658503573418694,0.9596708739249893,0.0025658503559212557,0.9596708739265895,1.4206136267347347e-12,1.6001644453922381e-12,1.6001644453922381e-12,0.8215686110953334,-1.5737862805179421,0.8215686110948309,-1.5737862805166354,5.024869409453459e-13,1.3067324999838092e-12,1.4000153400354395e-12,1.4206088562451757e-12,-24.525000000008948,8.945733043219661e-12,-8.945733043219661e-12,-3.647597571139515e-13,-24.525000000006358,6.355804771374096e-12,-6.355804771374096e-12,-2.591561578541935e-13
screenshot_like_simple_start,dop853_reference,DOP853,1e-11,1e-13,2.4730913642052568,0.0016165842333850037,0.9660014835971662,0.0016165842325801389,0.9660014835980579,8.048648553193871e-13,8.917311333789257e-13,8.917311333789257e-13,0.8242353492603746,-1.5685920157184636,0.8242353492600767,-1.5685920157177313,2.978728375069295e-13,7.323031070427533e-13,7.905669281654146e-13,8.048637711172146e-13,-24.525000000005694,5.6914473134384025e-12,-5.6914473134384025e-12,-2.320671687436657e-13,-24.525000000008678,8.675726803630823e-12,-8.675726803630823e-12,-3.5375032838453915e-13
screenshot_like_simple_start,dop853_reference,DOP853,1e-11,1e-13,2.4780976220275344,0.0007547677914630157,0.9720793265281813,0.0007547677907476871,0.9720793265289458,7.153286209898857e-13,7.644995747568828e-13,7.644995747568828e-13,0.8268141392859358,-1.5635828187489234,0.8268141392856513,-1.563582818748292,2.845501612114276e-13,6.31272811801864e-13,6.924407246585668e-13,7.153284041494512e-13,-24.52500000000541,5.4072302191343624e-12,-5.4072302191343624e-12,-2.2047829639691587e-13,-24.52500000000891,8.906653192752856e-12,-8.906653192752856e-12,-3.631662871662734e-13
screenshot_like_simple_start,dop853_reference,DOP853,1e-11,1e-13,2.4831038798498124,-2.1545937389859946e-05,0.9779052751369942,-2.1545937799105717e-05,0.9779052751373953,4.0924577095202697e-13,4.0112357879706906e-13,4.0924577095202697e-13,0.8293071943724002,-1.5587609866810561,0.8293071943722151,-1.5587609866807233,1.850741782050136e-13,3.3284486278262193e-13,3.808387508106857e-13,4.0924577095202697e-13,-24.52500000000339,3.389288849575678e-12,-3.389288849575678e-12,-1.3819730273499195e-13,-24.52500000001062,1.0619061185934697e-11,-1.0619061185934697e-11,-4.3298924305544124e-13
screenshot_like_simple_start,dop853_reference,DOP853,1e-11,1e-13,2.48811013767209,-0.00071423186485542,0.9834801468770359,-0.0007142318649112781,0.9834801468770029,5.585809592645319e-14,3.297362383136715e-14,5.585809592645319e-14,0.8317166258042651,-1.5541286715422822,0.8317166258041909,-1.5541286715423093,7.416289804496046e-14,2.708944180085382e-14,7.89555147124572e-14,7.416289804496046e-14,-24.525000000001846,1.84385839929746e-12,-1.84385839929746e-12,-7.518280934953964e-14,-24.525000000013417,1.3415046851150692e-11,-1.3415046851150692e-11,-5.469947747665929e-13
screenshot_like_simple_start,dop853_reference,DOP853,1e-11,1e-13,2.493116395494368,-0.0013250923297103306,0.9888047060248782,-0.0013250923304833524,0.988804706025664,7.730218375134879e-13,7.857048345272233e-13,7.857048345272233e-13,0.8340444439035388,-1.5496878872600366,0.8340444439031977,-1.5496878872593791,3.411715354673106e-13,6.574740751830177e-13,7.40722739053478e-13,7.730211869921844e-13,-24.52500000000787,7.86926079854311e-12,-7.86926079854311e-12,-3.2086690310063645e-13,-24.52500000001078,1.077893330148072e-11,-1.077893330148072e-11,-4.3950798375048804e-13
screenshot_like_simple_start,dop853_reference,DOP853,1e-11,1e-13,2.498122653316646,-0.0018558566604639803,0.9938796654682361,-0.001855856661744146,0.9938796654696018,1.2801656436300934e-12,1.365685342591405e-12,1.365685342591405e-12,0.8362925589282894,-1.5454405161161566,0.836292558927754,-1.5454405161150095,5.353495424742505e-13,1.1470824290427117e-12,1.2658582984070204e-12,1.2801634752257485e-12,-24.52500000000997,9.968914582714206e-12,-9.968914582714206e-12,-4.0647969756225095e-13,-24.525000000006326,6.323830348264892e-12,-6.323830348264892e-12,-2.578524097151841e-13
screenshot_like_simple_start,dop853_reference,DOP853,1e-11,1e-13,2.5031289111389237,-0.0023081807972863354,0.9987056884684689,-0.002308180797816458,0.9987056884689927,5.301223869602634e-13,5.238032230181489e-13,5.301223869602634e-13,0.8384627819166025,-1.5413883147464336,0.8384627819163559,-1.541388314745992,2.4658053376924727e-13,4.4164671919588727e-13,5.058199128251257e-13,5.301210859176564e-13,-24.525000000005324,5.32196509084315e-12,-5.32196509084315e-12,-2.1700163469289092e-13,-24.525000000008372,8.37019342725398e-12,-8.37019342725398e-12,-3.4129229061178305e-13
screenshot_like_simple_start,dop853_reference,DOP853,1e-11,1e-13,2.5081351689612017,-0.0026836469687592356,1.0032833903906706,-0.002683646969143687,1.0032833903910081,3.8445158515032496e-13,3.375077994860476e-13,3.8445158515032496e-13,0.8405568254729691,-1.5375329197054217,0.8405568254727661,-1.5375329197051362,2.0294876890147862e-13,2.8554936193359026e-13,3.5032362309628263e-13,3.84450284107718e-13,-24.525000000004905,4.902744876744691e-12,-4.902744876744691e-12,-1.9990804798143489e-13,-24.52500000000914,9.137579581874888e-12,-9.137579581874888e-12,-3.7258224594800766e-13
screenshot_like_simple_start,dop853_reference,DOP853,1e-11,1e-13,2.5131414267834793,-0.002983763416779333,1.007613340392107,-0.0029837634169950153,1.0076133403922185,2.1568250657688637e-13,1.1146639167236572e-13,2.1568250657688637e-13,0.8425763044959648,-1.5338758526181449,0.8425763044958087,-1.53387585261805,1.56097357262297e-13,9.481304630298837e-14,1.8263597316390276e-13,2.1568163921514838e-13,-24.525000000003203,3.2009950245992513e-12,-3.2009950245992513e-12,-1.3051967480527018e-13,-24.525000000009246,9.244160992238903e-12,-9.244160992238903e-12,-3.769280730780388e-13
screenshot_like_simple_start,dop853_reference,DOP853,1e-11,1e-13,2.5181476846057573,-0.003209964153271519,1.011696063047833,-0.0032099641530046173,1.0116960630473382,2.669015182477086e-13,4.949374243778948e-13,4.949374243778948e-13,0.8445227368502858,-1.530418524950036,0.8445227368502901,-1.530418524950456,4.3298697960381105e-15,4.2010839251815923e-13,4.20130704943881e-13,4.2010839251815923e-13,-24.524999999999093,9.094947017729282e-13,9.094947017729282e-13,3.7084391509599515e-14,-24.52500000001107,1.106670310946356e-11,-1.106670310946356e-11,-4.5124171700157226e-13
screenshot_like_simple_start,dop853_reference,DOP853,1e-11,1e-13,2.523153942428035,-0.0033636087490937243,1.0155320399129872,-0.0033636087488843353,1.0155320399125778,2.093889298060425e-13,4.0945025148175773e-13,4.0945025148175773e-13,0.8463975439814361,-1.527162242408553,0.8463975439814296,-1.5271622424089017,6.439293542825908e-15,3.488320743372242e-13,3.488915026017994e-13,3.488320743372242e-13,-24.52500000000159,1.588063014423824e-12,-1.588063014423824e-12,-6.475282423746478e-14,-24.525000000012394,1.2391865311656147e-11,-1.2391865311656147e-11,-5.052748343182934e-13
screenshot_like_simple_start,dop853_reference,DOP853,1e-11,1e-13,2.528160200250313,-0.0034459821500124584,1.0191217110150774,-0.003445982150787951,1.0191217110158954,7.754925174241478e-13,8.180123245438153e-13,8.180123245438153e-13,0.8482020514739909,-1.5241082089944396,0.8482020514736441,-1.52410820899374,3.467226505904364e-13,6.994405055138486e-13,7.806622939440114e-13,7.754877469345889e-13,-24.525000000011605,1.1603162874962436e-11,-1.1603162874962436e-11,-4.731157135560626e-13,-24.525000000010415,1.0413003792564268e-11,-1.0413003792564268e-11,-4.245873106040476e-13
screenshot_like_simple_start,dop853_reference,DOP853,1e-11,1e-13,2.533166458072591,-0.0034582945133088913,1.02246547626737,-0.003458294514349413,1.0224654762684668,1.0405218353604084e-12,1.0969003483296547e-12,1.0969003483296547e-12,0.849937489554994,-1.5212575307218272,0.8499374895545252,-1.5212575307208875,4.688471832992036e-13,9.396927680427325e-13,1.0501619777917166e-12,1.0405157638282425e-12,-24.52500000001258,1.2576606422953773e-11,-1.2576606422953773e-11,-5.128076013436808e-13,-24.525000000007907,7.904787935331115e-12,-7.904787935331115e-12,-3.223155121439802e-13
screenshot_like_simple_start,dop853_reference,DOP853,1e-11,1e-13,2.5381727158948686,-0.003401681057805931,1.0255636967935264,-0.0034016810579936387,1.0255636967935873,1.877074884415464e-13,6.084022174945858e-14,1.877074884415464e-13,0.8516049935447514,-1.5186112190265757,0.8516049935445953,-1.518611219026523,1.56097357262297e-13,5.262457136723242e-14,1.6472926411496571e-13,1.877061873989394e-13,-24.525000000005196,5.194067398406332e-12,-5.194067398406332e-12,-2.117866421368535e-13,-24.525000000008703,8.700595799382427e-12,-8.700595799382427e-12,-3.5476435471487974e-13
screenshot_like_simple_start,dop853_reference,DOP853,1e-11,1e-13,2.5431789737171466,-0.0032772019313170044,1.028416696168788,-0.003277201931339455,1.028416696168627,2.2450791226091837e-14,1.609823385706477e-13,1.609823385706477e-13,0.853205604254245,-1.5161701938685312,0.8532056042541395,-1.5161701938686691,1.0547118733938987e-13,1.3788969965844444e-13,1.7360224834568441e-13,1.3788969965844444e-13,-24.52500000000419,4.1886494273057906e-12,-4.1886494273057906e-12,-1.707910062102259e-13,-24.525000000009182,9.180212146020494e-12,-9.180212146020494e-12,-3.7432057680002013e-13
screenshot_like_simple_start,dop853_reference,DOP853,1e-11,1e-13,2.5481852315394242,-0.0030858420931602713,1.031024761574385,-0.003085842093115452,1.0310247615741228,4.4819183087074776e-14,2.62234678416462e-13,2.62234678416462e-13,0.8547402683302991,-1.5139352865399531,0.8547402683302091,-1.5139352865401783,9.00390872971002e-14,2.2515322939398175e-13,2.4248920377582545e-13,2.2515322939398175e-13,-24.525000000003917,3.915090474038152e-12,-3.915090474038152e-12,-1.5963671657647918e-13,-24.525000000009264,9.261924560632906e-12,-9.261924560632906e-12,-3.776523775997107e-13
screenshot_like_simple_start,dop853_reference,DOP853,1e-11,1e-13,2.5531914893617023,-0.0028285112013601123,1.0333881448512787,-0.0028285112010380097,1.0333881448505415,3.2210258765763555e-13,7.371880883511039e-13,7.371880883511039e-13,0.856209838552379,-1.511907242200714,0.8562098385523237,-1.5119072422013482,5.5289106626332796e-14,6.341593916658894e-13,6.36565015807175e-13,6.341593916658894e-13,-24.52500000000048,4.796163466380676e-13,-4.796163466380676e-13,-1.9556222085140372e-14,-24.525000000009797,9.794831612452981e-12,-9.794831612452981e-12,-3.9938151324986667e-13
screenshot_like_simple_start,dop853_reference,DOP853,1e-11,1e-13,2.55819774718398,-0.0025060435104572636,1.0355070634604582,-0.002506043509791198,1.0355070634591572,6.660657268786618e-13,1.3009593402557584e-12,1.3009593402557584e-12,0.8576150740796067,-1.5100867221420127,0.8576150740796091,-1.510086722143133,2.4424906541753444e-15,1.120437076451708e-12,1.120439738695592e-12,1.120437076451708e-12,-24.52499999999685,3.1512570330960443e-12,3.1512570330960443e-12,1.2849162214458895e-13,-24.525000000010717,1.071498445526231e-11,-1.071498445526231e-11,-4.369004874724693e-13
screenshot_like_simple_start,dop853_reference,DOP853,1e-11,1e-13,2.563204005006258,-0.0021191977766494494,1.0373817013464117,-0.0021191977761222426,1.0373817013453976,5.272067504780154e-13,1.014077710692618e-12,1.014077710692618e-12,0.8589566406502364,-1.5084743057886492,0.858956640650248,-1.5084743057895234,1.1657341758564144e-14,8.741896095898483e-13,8.742673316164383e-13,8.741896095898483e-13,-24.525000000000276,2.7355895326763857e-13,-2.7355895326763857e-13,-1.115428963374673e-14,-24.525000000010984,1.0981437981172348e-11,-1.0981437981172348e-11,-4.477650552975473e-13
screenshot_like_simple_start,dop853_reference,DOP853,1e-11,1e-13,2.568210262828536,-0.0016686571698503604,1.0390122097029793,-0.0016686571700324964,1.0390122097032475,1.8213599031757788e-13,2.682298827494378e-13,2.682298827494378e-13,0.8602351107342658,-1.5070704924469314,0.8602351107342198,-1.5070704924466998,4.6074255521943996e-14,2.3159252293680765e-13,2.361311790131434e-13,2.3159252293680765e-13,-24.525000000011286,1.1283418643870391e-11,-1.1283418643870391e-11,-4.60078232165969e-13,-24.525000000010362,1.035971308738226e-11,-1.035971308738226e-11,-4.22414397039032e-13
screenshot_like_simple_start,dop853_reference,DOP853,1e-11,1e-13,2.5732165206508135,-0.001155029191177763,1.0403987076391212,-0.0011550291917667601,1.040398707640167,5.889971670114402e-13,1.0458300891968975e-12,1.0458300891968975e-12,0.8614509636400266,-1.5058757028059788,0.8614509636399666,-1.505875702805076,5.995204332975845e-14,9.028333636251773e-13,9.048217117057729e-13,9.028333636251773e-13,-24.52500000001762,1.7617907133171684e-11,-1.7617907133171684e-11,-7.183652245941563e-13,-24.525000000009438,9.43600753089413e-12,-9.43600753089413e-12,-3.84750561912095e-13
screenshot_like_simple_start,dop853_reference,DOP853,1e-11,1e-13,2.5782227784730916,-0.0005788455943822623,1.0415412827421433,-0.0005788455943266972,1.0415412827420085,5.5565144499447605e-14,1.34781075189494e-13,1.34781075189494e-13,0.8626045855755126,-1.5048902801994601,0.8626045855755,-1.5048902801995767,1.2545520178264269e-14,1.1657341758564144e-13,1.1724654265324659e-13,1.1657341758564144e-13,-24.525000000007896,7.894129794294713e-12,-7.894129794294713e-12,-3.2188092943097704e-13,-24.52500000000905,9.048761739904876e-12,-9.048761739904876e-12,-3.689607233396483e-13
screenshot_like_simple_start,dop853_reference,DOP853,1e-11,1e-13,2.583229036295369,5.9437689004419945e-05,1.0424399915383986,5.9437689439805234e-05,1.0424399915375275,4.353852890194576e-13,8.710809851208978e-13,8.710809851208978e-13,0.863696269665085,-1.5041144916319145,0.8636962696650813,-1.5041144916326668,3.6637359812630166e-15,7.522871214860061e-13,7.52296042868126e-13,7.522871214860061e-13,-24.525000000002404,2.4016344468691386e-12,-2.4016344468691386e-12,-9.792597133003622e-14,-24.52500000000934,9.336531547887716e-12,-9.336531547887716e-12,-3.8069445659073254e-13
screenshot_like_simple_start,dop853_reference,DOP853,1e-11,1e-13,2.588235294117647,0.0007594406145956831,1.0430948598634928,0.0007594406153177938,1.0430948598622334,7.221107392596515e-13,1.2594369991347776e-12,1.2594369991347776e-12,0.8647262159216508,-1.5035485285627201,0.8647262159217387,-1.5035485285638077,8.79296635503124e-14,1.0875744749228033e-12,1.0911232122155968e-12,1.0875744749228033e-12,-24.52499999999964,3.623767952376511e-13,3.623767952376511e-13,1.4775812242106058e-14,-24.525000000009403,9.400480394106125e-12,-9.400480394106125e-12,-3.833019528687513e-13
screenshot_like_simple_start,dop853_reference,DOP853,1e-11,1e-13,2.593241551939925,0.001520859090260726,1.043505883123138,0.0015208590911139743,1.0435058831217374,8.532482446282907e-13,1.4006573678670975e-12,1.4006573678670975e-12,0.8656945311749991,-1.5031925074667252,0.8656945311751476,-1.5031925074679344,1.4854784069484595e-13,1.2092549184217205e-12,1.2183447454239803e-12,1.2092549184217205e-12,-24.52499999999933,6.714628852932947e-13,6.714628852932947e-13,2.7378710919196518e-14,-24.525000000009772,9.769962616701378e-12,-9.769962616701378e-12,-3.9836748691952607e-13
screenshot_like_simple_start,dop853_reference,DOP853,1e-11,1e-13,2.598247809762203,0.0023434650339832458,1.0436730264580494,0.002343465035122348,1.0436730264556884,1.1391022673723494e-12,2.361000284167858e-12,2.361000284167858e-12,0.8666012289555786,-1.503046470162008,0.8666012289555299,-1.503046470164046,4.8627768478581856e-14,2.0379253840019373e-12,2.0385054649489294e-12,2.0379253840019373e-12,-24.5249999999918,8.203215884350357e-12,8.203215884350357e-12,3.3448382810806753e-13,-24.52500000001044,1.0437872788315872e-11,-1.0437872788315872e-11,-4.2560133693438823e-13
screenshot_like_simple_start,dop853_reference,DOP853,1e-11,1e-13,2.603254067584481,0.0032271064279479596,1.043596224806325,0.0032271064295887044,1.0435962248022232,1.6407448316657636e-12,4.101829986780103e-12,4.101829986780103e-12,0.8674462293336683,-1.5031103839117725,0.8674462293332454,-1.503110383915312,4.2288395007972213e-13,3.539391002504999e-12,3.564564419932451e-12,3.539391002504999e-12,-24.524999999976735,2.326672188246448e-11,2.326672188246448e-11,9.486940624858095e-13,-24.525000000010884,1.0881961998165934e-11,-1.0881961998165934e-11,-4.4370894997618487e-13
screenshot_like_simple_start,dop853_reference,DOP853,1e-11,1e-13,2.6082603254067585,0.0041717073666971555,1.0432753828690506,0.004171707368667432,1.0432753828639252,1.97027637260927e-12,5.125455615484498e-12,5.125455615484498e-12,0.8682293587142981,-1.503384141296062,0.8682293587136883,-1.5033841413004825,6.09734485124136e-13,4.420463994847523e-12,4.46231756737381e-12,4.420463994847523e-12,-24.524999999967378,3.2624569712425e-11,3.2624569712425e-11,1.3302576845025484e-12,-24.52500000001061,1.0608403044898296e-11,-1.0608403044898296e-11,-4.3255466034243814e-13
screenshot_like_simple_start,dop853_reference,DOP853,1e-11,1e-13,2.6132665832290365,0.005177268098618936,1.042710374980098,0.005177268100196108,1.0427103749764375,1.5771715530799035e-12,3.660627356794066e-12,3.660627356794066e-12,0.8689503495871298,-1.5038675598524236,0.8689503495868625,-1.5038675598555773,2.673417043297377e-13,3.1536995237502197e-12,3.165010627624541e-12,3.1536995237502197e-12,-24.524999999979702,2.0300205960666062e-11,2.0300205960666062e-11,8.27735207366608e-13,-24.525000000009484,9.482192808718537e-12,-9.482192808718537e-12,-3.8663375366844184e-13
screenshot_like_simple_start,dop853_reference,DOP853,1e-11,1e-13,2.618272841051314,0.006243865060324073,1.0419010448804482,0.006243865060622183,1.0419010448808972,2.9810962726140033e-13,4.489741911584133e-13,4.489741911584133e-13,0.8696088402303458,-1.5045603814845323,0.8696088402308705,-1.5045603814841426,5.24691401437849e-13,3.8968828164342995e-13,6.535732733160247e-13,5.24691401437849e-13,-24.525000000016092,1.609024025128747e-11,-1.609024025128747e-11,-6.560750357303759e-13,-24.52500000000926,9.258371846954105e-12,-9.258371846954105e-12,-3.775075166953763e-13
screenshot_like_simple_start,dop853_reference,DOP853,1e-11,1e-13,2.623279098873592,0.007371650903471512,1.040847205397364,0.007371650902216752,1.040847205402296,1.2547593172818061e-12,4.93183271998987e-12,4.93183271998987e-12,0.8702043743674541,-1.505462271637118,0.8702043743686924,-1.5054622716328718,1.238231739364437e-12,4.246158979981374e-12,4.42301751337771e-12,4.246158979981374e-12,-24.525000000055222,5.5219828709596186e-11,-5.5219828709596186e-11,-2.2515730360691613e-12,-24.52500000000955,9.546141654936946e-12,-9.546141654936946e-12,-3.8924124994646053e-13
screenshot_like_simple_start,dop853_reference,DOP853,1e-11,1e-13,2.6282853566958697,0.00856085451359764,1.039548638028742,0.008560854512001406,1.039548638034344,1.5962335619956747e-12,5.601963337653615e-12,5.601963337653615e-12,0.8707364007757868,-1.506572818234862,0.8707364007770287,-1.5065728182300457,1.2418954753457001e-12,4.816369525428854e-12,4.973903876952578e-12,4.816369525428854e-12,-24.525000000061148,6.114575512583542e-11,-6.114575512583542e-11,-2.4932010244988955e-12,-24.525000000010124,1.0121681270902627e-11,-1.0121681270902627e-11,-4.12708716448629e-13
screenshot_like_simple_start,dop853_reference,DOP853,1e-11,1e-13,2.6332916145181477,0.009811781020510203,1.0380050924329685,0.009811781020637268,1.0380050924336304,1.2706502516834917e-13,6.619149672815183e-13,6.619149672815183e-13,0.8712042728453511,-1.5078915303822493,0.8712042728458144,-1.507891530381678,4.632960681760778e-13,5.713207684721056e-13,7.355614639681515e-13,5.713207684721056e-13,-24.525000000022644,2.2641444274995592e-11,-2.2641444274995592e-11,-9.231985433229598e-13,-24.52500000001218,1.2178702490928117e-11,-1.2178702490928117e-11,-4.965831800582311e-13
screenshot_like_simple_start,dop853_reference,DOP853,1e-11,1e-13,2.638297872340426,0.011124811798629081,1.036216285827637,0.011124811799683337,1.0362162858260386,1.0542556411197168e-12,1.5982770662503754e-12,1.5982770662503754e-12,0.87160724808694,-1.509417836818085,0.8716072480871799,-1.5094178368194486,2.3991919562149633e-13,1.3635759188446173e-12,1.384521761071529e-12,1.3635759188446173e-12,-24.52500000000566,5.659472890329198e-12,-5.659472890329198e-12,-2.307634206046564e-13,-24.525000000013247,1.3244516594568267e-11,-1.3244516594568267e-11,-5.40041451358543e-13
screenshot_like_simple_start,dop853_reference,DOP853,1e-11,1e-13,2.6433041301627034,0.01250040444531888,1.0341819023284875,0.0125004044464768,1.034181902326708,1.1579192465971389e-12,1.779465463869201e-12,1.779465463869201e-12,0.8719444875923398,-1.511151084093786,0.8719444875925878,-1.5111510840953009,2.4802382370125997e-13,1.5147882947985636e-12,1.5349590858332784e-12,1.5147882947985636e-12,-24.52500000000354,3.538502824085299e-12,-3.538502824085299e-12,-1.4428146071703562e-13,-24.525000000011374,1.1372236485840403e-11,-1.1372236485840403e-11,-4.636997547743284e-13
screenshot_like_simple_start,dop853_reference,DOP853,1e-11,1e-13,2.6483103879849814,0.01393909275278499,1.0319015921793881,0.013939092753934788,1.0319015921775863,1.1497972712826154e-12,1.801891968966629e-12,1.801891968966629e-12,0.8722150554360671,-1.513090534513029,0.8722150554362922,-1.5130905345145593,2.2504220709151923e-13,1.5303314171433158e-12,1.5467896564395856e-12,1.5303314171433158e-12,-24.52500000000125,1.2470025012589758e-12,-1.2470025012589758e-12,-5.0846177421364966e-14,-24.525000000008713,8.711253940418828e-12,-8.711253940418828e-12,-3.551989374278829e-13
screenshot_like_simple_start,dop853_reference,DOP853,1e-11,1e-13,2.653316645807259,0.015441486660302785,1.029374970909933,0.015441486662450817,1.0293749709067677,2.1480317524691372e-12,3.1652458432063213e-12,3.1652458432063213e-12,0.8724179180227419,-1.5152353637960148,0.8724179180232584,-1.5152353637986944,5.164757510556228e-13,2.679634292235278e-12,2.7289534883452534e-12,2.679634292235278e-12,-24.52499999998596,1.404387717229838e-11,1.404387717229838e-11,5.726351548337769e-13,-24.52500000000848,8.476774837617995e-12,-8.476774837617995e-12,-3.4563811774181426e-13
screenshot_like_simple_start,dop853_reference,DOP853,1e-11,1e-13,2.658322903629537,0.01700827218806549,1.0266016184182416,0.017008272191261817,1.0266016184136104,3.1963251490019218e-12,4.631184324921378e-12,4.631184324921378e-12,0.872551943379063,-1.5175846584645045,0.8725519433798612,-1.517584658468412,7.98139332403025e-13,3.907540957470701e-12,3.988220496441964e-12,3.907540957470701e-12,-24.52499999997227,2.773248297671671e-11,2.773248297671671e-11,1.1307842192341165e-12,-24.525000000009783,9.780620757737779e-12,-9.780620757737779e-12,-3.9880206963252917e-13
screenshot_like_simple_start,dop853_reference,DOP853,1e-11,1e-13,2.6633291614518146,0.018640211344766032,1.0235810779871144,0.01864021134701457,1.0235810779838161,2.2485381612202815e-12,3.298250561556415e-12,3.298250561556415e-12,0.8726159003857196,-1.5201374129342131,0.8726159003862516,-1.5201374129369878,5.32018873400375e-13,2.7746693831431912e-12,2.825214021522338e-12,2.7746693831431912e-12,-24.52499999998595,1.4050982599655981e-11,1.4050982599655981e-11,5.729248766424457e-13,-24.525000000009904,9.901413022816996e-12,-9.901413022816996e-12,-4.037273403798979e-13
screenshot_like_simple_start,dop853_reference,DOP853,1e-11,1e-13,2.6683354192740927,0.020338142005774898,1.0203128552390337,0.02033814200505174,1.0203128552399827,7.231576448774035e-13,9.490186414495838e-13,9.490186414495838e-13,0.8726084579481826,-1.5228925263028623,0.8726084579479559,-1.5228925263020683,2.2670754162845697e-13,7.94031507211912e-13,8.257616749864571e-13,7.94031507211912e-13,-24.525000000026473,2.6471269620742532e-11,-2.6471269620742532e-11,-1.0793585981954142e-12,-24.525000000012955,1.2953194072906626e-11,-1.2953194072906626e-11,-5.281628572031244e-13
screenshot_like_simple_start,dop853_reference,DOP853,1e-11,1e-13,2.6733416770963707,0.02210297776005968,1.0167964170327555,0.02210297775745739,1.0167964170364152,2.602289911335376e-12,3.659739178374366e-12,3.659739178374366e-12,0.8725281841054464,-1.5258487988239557,0.8725281841047702,-1.5258487988209009,6.762368442991828e-13,3.0548896745585807e-12,3.128841190171267e-12,3.0548896745585807e-12,-24.525000000053335,5.333333774615312e-11,-5.333333774615312e-11,-2.1746518958676093e-12,-24.52500000002021,2.020783540501725e-11,-2.020783540501725e-11,-8.239688238539143e-13
screenshot_like_simple_start,dop853_reference,DOP853,1e-11,1e-13,2.6783479349186483,0.023935707723999666,1.0130311903042153,0.023935707723729018,1.0130311903045348,2.706480872749495e-13,3.1952218648712005e-13,3.1952218648712005e-13,0.8723735450760605,-1.5290049280557927,0.872373545075959,-1.529004928055528,1.0147438445073931e-13,2.646771690706373e-13,2.8346261574836137e-13,2.705717594420065e-13,-24.525000000028854,2.8851587785538868e-11,-2.8851587785538868e-11,-1.176415404099444e-12,-24.525000000020963,2.0961010704922955e-11,-2.0961010704922955e-11,-8.546793355728014e-13
screenshot_like_simple_start,dop853_reference,DOP853,1e-11,1e-13,2.6833541927409263,0.025837396318504697,1.009016560856919,0.025837396319540684,1.0090165608552417,1.035987268194205e-12,1.6773249456036865e-12,1.6773249456036865e-12,0.8721429042406703,-1.5323595046726362,0.8721429042408124,-1.5323595046740288,1.4210854715202004e-13,1.3926637620897964e-12,1.3998954223125965e-12,1.3926637620897964e-12,-24.52500000000974,9.737988193592173e-12,-9.737988193592173e-12,-3.970637387805167e-13,-24.525000000011183,1.1180389947185176e-11,-1.1180389947185176e-11,-4.558772659402721e-13
screenshot_like_simple_start,dop853_reference,DOP853,1e-11,1e-13,2.688360450563204,0.02780918297334058,1.0047518721524953,0.027809182973934282,1.0047518721513846,5.937021707591583e-13,1.1106671138350066e-12,1.1106671138350066e-12,0.8718345210526388,-1.535911007886952,0.8718345210526366,-1.5359110078878726,2.220446049250313e-15,9.205969320191798e-13,9.205996098325177e-13,9.205969320191798e-13,-24.525000000009282,9.279688129026908e-12,-9.279688129026908e-12,-3.7837668212138257e-13,-24.52500000000309,3.0873081868776353e-12,-3.0873081868776353e-12,-1.2588412586657024e-13
screenshot_like_simple_start,dop853_reference,DOP853,1e-11,1e-13,2.693366708385482,0.02985228178369473,1.0002364240657127,0.029852281785044996,1.00023642406378,1.3502671203369232e-12,1.9326762412674725e-12,1.9326762412674725e-12,0.8714465498846786,-1.5396578005034574,0.8714465498849844,-1.5396578005050436,3.057554209817681e-13,1.5862866575844237e-12,1.6154849852258302e-12,1.5862866575844237e-12,-24.525000000004404,4.401812248033821e-12,-4.401812248033821e-12,-1.7948266047028829e-13,-24.525000000006976,6.973976951485383e-12,-6.973976951485383e-12,-2.843619552083744e-13
screenshot_like_simple_start,dop853_reference,DOP853,1e-11,1e-13,2.6983729662077596,0.031967981103446855,0.9954694716259752,0.03196798110555521,0.9954694716230836,2.1083551571265957e-12,2.8915758676362202e-12,2.8915758676362202e-12,0.8709770388097917,-1.5435981235770848,0.8709770388103256,-1.5435981235794434,5.339062525422378e-13,2.3585577935136826e-12,2.4182329813001533e-12,2.3585577935136826e-12,-24.524999999996595,3.4070524179696804e-12,3.4070524179696804e-12,1.389216072566638e-13,-24.525000000008443,8.44124770082999e-12,-8.44124770082999e-12,-3.441895086984705e-13
screenshot_like_simple_start,dop853_reference,DOP853,1e-11,1e-13,2.7033792240300376,0.03415764305084419,0.9904502237787453,0.03415764305221531,0.9904502237767933,1.3711184965181644e-12,1.9519941218959502e-12,1.9519941218959502e-12,0.8704239283135728,-1.5477300906379121,0.8704239283138728,-1.5477300906394977,2.999822612537173e-13,1.5856205237696486e-12,1.6137477505689754e-12,1.5856205237696486e-12,-24.52500000000624,6.23856521997368e-12,-6.23856521997368e-12,-2.5437574801115917e-13,-24.5250000000087,8.697043085703626e-12,-8.697043085703626e-12,-3.5461949381054536e-13
screenshot_like_simple_start,dop853_reference,DOP853,1e-11,1e-13,2.7083854818523156,0.03642270291655375,0.9851778421797959,0.036422702916311,0.9851778421799241,2.427502643342905e-13,1.2823075934420558e-13,2.427502643342905e-13,0.8697850499396911,-1.5520516814635266,0.8697850499395193,-1.5520516814634286,1.7175150190951172e-13,9.792167077193881e-14,1.9770491145882284e-13,2.425837308805967e-13,-24.52500000002554,2.5536905923218e-11,-2.5536905923218e-11,-1.0412601803554739e-12,-24.52500000001161,1.1606715588641237e-11,-1.1606715588641237e-11,-4.73260574460397e-13
screenshot_like_simple_start,dop853_reference,DOP853,1e-11,1e-13,2.7133917396745932,0.03876466846388034,0.9796514400367159,0.03876466846436364,0.9796514400359003,4.833008993010424e-13,8.1556983388964e-13,8.1556983388964e-13,0.869058124872397,-1.556560735378334,0.8690581248724254,-1.5565607353789925,2.842170943040401e-14,6.585842982076429e-13,6.59197293238223e-13,6.585842982076429e-13,-24.525000000018963,1.8960832903758273e-11,-1.8960832903758273e-11,-7.731226464325493e-13,-24.525000000011428,1.1425527191022411e-11,-1.1425527191022411e-11,-4.658726683393439e-13
screenshot_like_simple_start,dop853_reference,DOP853,1e-11,1e-13,2.7183979974968713,0.04118511911112161,0.9738700810116447,0.04118511911231586,0.9738700810098923,1.1942460909075692e-12,1.7524870443708096e-12,1.7524870443708096e-12,0.8682407624613935,-1.56125494406018,0.8682407624616015,-1.5612549440615802,2.0805579481475434e-13,1.4002132786572474e-12,1.415586252929887e-12,1.4002132786572474e-12,-24.525000000010593,1.0590639476504293e-11,-1.0590639476504293e-11,-4.3183035582076626e-13,-24.52500000000673,6.728839707648149e-12,-6.728839707648149e-12,-2.7436655280930266e-13
screenshot_like_simple_start,dop853_reference,DOP853,1e-11,1e-13,2.723404255319149,0.04368570494883808,0.9678327782472266,0.04368570495016942,0.9678327782453284,1.3313378177670643e-12,1.89814830520163e-12,1.89814830520163e-12,0.8673304586861557,-1.5661318437973577,0.8673304586864092,-1.5661318437988632,2.5357493882438575e-13,1.5054624213917123e-12,1.5266687105663719e-12,1.5054624213917123e-12,-24.525000000010262,1.0260237104375847e-11,-1.0260237104375847e-11,-4.1835829171766956e-13,-24.525000000006912,6.910028105266974e-12,-6.910028105266974e-12,-2.817544589303557e-13
screenshot_like_simple_start,dop853_reference,DOP853,1e-11,1e-13,2.728410513141427,0.046268145589171916,0.9615384935209444,0.04626814559108949,0.961538493518318,1.9175772081325704e-12,2.626454609355733e-12,2.626454609355733e-12,0.8663245945724163,-1.5711888071865707,0.8663245945728287,-1.5711888071886362,4.1244785364824565e-13,2.0654589150126412e-12,2.1062368721452583e-12,2.0654589150126412e-12,-24.525000000004678,4.675371201301459e-12,-4.675371201301459e-12,-1.9063695010403502e-13,-24.52500000000808,8.078870905592339e-12,-8.078870905592339e-12,-3.2941369645636444e-13
screenshot_like_simple_start,dop853_reference,DOP853,1e-11,1e-13,2.7334167709637045,0.04893422882063573,0.9549861365635782,0.048934228822407874,0.9549861365611257,1.7721449308005788e-12,2.4524826613969708e-12,2.4524826613969708e-12,0.865220434569352,-1.576423034239515,0.8652204345697054,-1.5764230342414303,3.5338398873818733e-13,1.91535676208332e-12,1.947683693404761e-12,1.91535676208332e-12,-24.525000000007285,7.283063041541027e-12,-7.283063041541027e-12,-2.969648538854649e-13,-24.52500000000837,8.36664071357518e-12,-8.36664071357518e-12,-3.4114742970744866e-13
screenshot_like_simple_start,dop853_reference,DOP853,1e-11,1e-13,2.7384230287859825,0.05168580902178614,0.9481745646032239,0.051685809022442894,0.9481745646021723,6.567524302170114e-13,1.0516032489249483e-12,1.0516032489249483e-12,0.8640151248942958,-1.5818315428484429,0.8640151248943384,-1.581831542849263,4.263256414560601e-14,8.202327705930657e-13,8.213399621839947e-13,8.202327705930657e-13,-24.525000000019627,1.9625190361693967e-11,-1.9625190361693967e-11,-8.002116355430771e-13,-24.525000000009904,9.901413022816996e-12,-9.901413022816996e-12,-4.037273403798979e-13
screenshot_like_simple_start,dop853_reference,DOP853,1e-11,1e-13,2.7434292866082606,0.05452480530505978,0.9411025821740886,0.054524805306423264,0.9411025821721429,1.3634857132238665e-12,1.945665850655587e-12,1.945665850655587e-12,0.8627056918613258,-1.5874111585823503,0.8627056918615414,-1.5874111585838486,2.156053113822054e-13,1.4983569940341113e-12,1.5137897251161258e-12,1.4983569940341113e-12,-24.525000000013215,1.3212542171459063e-11,-1.3212542171459063e-11,-5.387377032195336e-13,-24.525000000008248,8.245848448495963e-12,-8.245848448495963e-12,-3.3622215896008e-13
screenshot_like_simple_start,dop853_reference,DOP853,1e-11,1e-13,2.748435544430538,0.05745319936026,0.9337689412317781,0.05745319936187315,0.9337689412295181,1.6131540547803525e-12,2.2599699889269687e-12,2.2599699889269687e-12,0.8612890402139292,-1.5931585037873441,0.8612890402141954,-1.5931585037890685,2.6623148130511254e-13,1.7243984018477931e-12,1.7448292323127606e-12,1.7243984018477931e-12,-24.525000000011033,1.1031175972675555e-11,-1.1031175972675555e-11,-4.497931079582285e-13,-24.525000000006962,6.959766096770181e-12,-6.959766096770181e-12,-2.837825115910369e-13
screenshot_like_simple_start,dop853_reference,DOP853,1e-11,1e-13,2.753441802252816,0.06047303291937023,0.9261723416777197,0.060473032921306305,0.9261723416750637,1.936076299280387e-12,2.655986541810762e-12,2.655986541810762e-12,0.8597619514753806,-1.5990699859234858,0.8597619514757172,-1.5990699859254918,3.3661962106634746e-13,2.005950960892733e-12,2.0339990233019604e-12,2.005950960892733e-12,-24.52500000000891,8.906653192752856e-12,-8.906653192752856e-12,-3.631662871662734e-13,-24.525000000007942,7.94031507211912e-12,-7.94031507211912e-12,-3.237641211873239e-13
screenshot_like_simple_start,dop853_reference,DOP853,1e-11,1e-13,2.758448060075094,0.0635864048165394,0.918311432330419,0.06358640481880821,0.9183114323273406,2.2688101397605465e-12,3.078426402680634e-12,3.078426402680634e-12,0.8581210823510783,-1.6051417851273815,0.8581210823514734,-1.6051417851296832,3.951283744640932e-13,2.3017143746528745e-12,2.335383372123367e-12,2.3017143746528745e-12,-24.52500000000618,6.178169087434071e-12,-6.178169087434071e-12,-2.5191311263747487e-13,-24.525000000008102,8.100187187665142e-12,-8.100187187665142e-12,-3.302828618823707e-13
screenshot_like_simple_start,dop853_reference,DOP853,1e-11,1e-13,2.763454317897372,0.06679546756614362,0.9101848124457572,0.06679546756743077,0.9101848124438998,1.287150941386983e-12,1.857403120197887e-12,1.857403120197887e-12,0.8563629632110453,-1.6113698409483657,0.8563629632111899,-1.6113698409497463,1.4455103780619538e-13,1.3806733534238447e-12,1.3882196913260857e-12,1.3806733534238447e-12,-24.52500000001657,1.6566303884246736e-11,-1.6566303884246736e-11,-6.754863969111818e-13,-24.525000000008845,8.842704346534447e-12,-8.842704346534447e-12,-3.6055879088825466e-13
screenshot_like_simple_start,dop853_reference,DOP853,1e-11,1e-13,2.7684605757196494,0.07010242338092157,0.9017910338909081,0.0701024233824188,0.901791033888791,1.4972328932216783e-12,2.117084285657711e-12,2.117084285657711e-12,0.8544839966903002,-1.6177498382151945,0.8544839966904807,-1.6177498382167501,1.8052226380405045e-13,1.5556445021047693e-12,1.566083683797815e-12,1.5556445021047693e-12,-24.52500000001442,1.4416912108572433e-11,-1.4416912108572433e-11,-5.878455497888861e-13,-24.525000000007584,7.581490990560269e-12,-7.581490990560269e-12,-3.091331698495522e-13
screenshot_like_simple_start,dop853_reference,DOP853,1e-11,1e-13,2.7734668335419275,0.07350951956843113,0.8931286040570141,0.0735095195704985,0.8931286040541807,2.0673740497301196e-12,2.833400181145862e-12,2.833400181145862e-12,0.8524804564584781,-1.6242771920166241,0.8524804564587635,-1.6242771920186794,2.8532731732866523e-13,2.0552448631860898e-12,2.07495617439665e-12,2.0617813012435704e-12,-24.525000000010774,1.0771827874123119e-11,-1.0771827874123119e-11,-4.3921826194181927e-13,-24.5250000000078,7.7982065249671e-12,-7.7982065249671e-12,-3.17969685013949e-13
screenshot_like_simple_start,dop853_reference,DOP853,1e-11,1e-13,2.7784730913642055,0.07701904318574573,0.884195989669918,0.07701904318813042,0.8841959896666852,2.384689667955797e-12,3.232747403103531e-12,3.232747403103531e-12,0.8503484862080576,-1.6309470317392067,0.850348486208386,-1.6309470317415236,3.284039706841213e-13,2.3168134077877767e-12,2.3399729772940346e-12,2.3776258739616196e-12,-24.52500000000835,8.348877145181177e-12,-8.348877145181177e-12,-3.4042312518577683e-13,-24.525000000007868,7.865708084864309e-12,-7.865708084864309e-12,-3.2072204219630206e-13
screenshot_like_simple_start,dop853_reference,DOP853,1e-11,1e-13,2.783479349186483,0.08063331486242391,0.8749916216225607,0.0806333148655499,0.874991621618396,3.125985581498014e-12,4.164668609973887e-12,4.164668609973887e-12,0.8480840989315351,-1.6377541841501229,0.8480840989319813,-1.6377541841530676,4.461986335968504e-13,2.9447555505157652e-12,2.978368424644121e-12,3.115827040822694e-12,-24.525000000003033,3.0304647680168273e-12,-3.0304647680168273e-12,-1.2356635139722027e-13,-24.525000000008447,8.44480041450879e-12,-8.44480041450879e-12,-3.443343696028049e-13
screenshot_like_simple_start,dop853_reference,DOP853,1e-11,1e-13,2.788485607008761,0.08435468167239274,0.8655139009904297,0.08435468167367445,0.8655139009885559,1.2817108485663198e-12,1.8738344209623392e-12,1.8738344209623392e-12,0.8456831765655812,-1.6446931555059932,0.8456831765656437,-1.6446931555073119,6.250555628639631e-14,1.318722908649761e-12,1.3202034140102643e-12,1.318722908649761e-12,-24.52500000001961,1.9607426793299965e-11,-1.9607426793299965e-11,-7.994873310214053e-13,-24.52500000000836,8.359535286217579e-12,-8.359535286217579e-12,-3.4085770789877994e-13
screenshot_like_simple_start,dop853_reference,DOP853,1e-11,1e-13,2.7934918648310387,0.08818550889901108,0.8557612064395179,0.08818550890022467,0.8557612064377433,1.2135847882177586e-12,1.7745804825608502e-12,1.7745804825608502e-12,0.8431414700907639,-1.6517581126600112,0.8431414700908092,-1.6517581126612444,4.529709940470639e-14,1.2332357357536239e-12,1.2340673430385644e-12,1.2332357357536239e-12,-24.525000000018956,1.8953727476400672e-11,-1.8953727476400672e-11,-7.728329246238805e-13,-24.525000000007235,7.23332505003782e-12,-7.23332505003782e-12,-2.9493680122478365e-13
screenshot_like_simple_start,dop853_reference,DOP853,1e-11,1e-13,2.7984981226533168,0.09212817057954678,0.8457319031858604,0.09212817058196952,0.8457319031825755,2.4227425621248244e-12,3.284927885260913e-12,3.284927885260913e-12,0.8404546002026454,-1.6589428632046483,0.8404546002028794,-1.6589428632068839,2.34035013590983e-13,2.2355450823852152e-12,2.2477620432250496e-12,2.412459121359234e-12,-24.525000000011218,1.1215917083973181e-11,-1.1215917083973181e-11,-4.573258749836159e-13,-24.525000000007736,7.73425767874869e-12,-7.73425767874869e-12,-3.1536218873593025e-13
screenshot_like_simple_start,dop853_reference,DOP853,1e-11,1e-13,2.8035043804755944,0.096185038619899,0.835424353787081,0.09618503862263726,0.8354243537834011,2.738267945723294e-12,3.679945237422544e-12,3.679945237422544e-12,0.8376180586728728,-1.6662408346369129,0.8376180586731297,-1.666240834639379,2.569056078982612e-13,2.4662494269023227e-12,2.4795940649762838e-12,2.7255975254547593e-12,-24.525000000009896,9.894307595459395e-12,-9.894307595459395e-12,-4.034376185712291e-13,-24.52500000000753,7.528200285378261e-12,-7.528200285378261e-12,-3.0696025628453664e-13
screenshot_like_simple_start,dop853_reference,DOP853,1e-11,1e-13,2.8085106382978724,0.10035847030642435,0.8248369310052162,0.10035847030991553,0.8248369310005993,3.4911795676606516e-12,4.6168624479037135e-12,4.6168624479037135e-12,0.8346272105512835,-1.6736450526036983,0.8346272105516238,-1.6736450526067395,3.402833570476105e-13,3.0411229090532288e-12,3.060101519729691e-12,3.4736241660837663e-12,-24.525000000007335,7.332801033044234e-12,-7.332801033044234e-12,-2.989929065461461e-13,-24.52500000000677,6.767919558114954e-12,-6.767919558114954e-12,-2.759600227569808e-13
screenshot_like_simple_start,dop853_reference,DOP853,1e-11,1e-13,2.8135168961201504,0.10465079401861904,0.8139680330109655,0.10465079401995972,0.8139680330089855,1.3406775689617234e-12,1.9800827644189667e-12,1.9800827644189667e-12,0.8314772973807654,-1.6811481183099142,0.8314772973807393,-1.6811481183112136,2.609024107869118e-14,1.2994050280212832e-12,1.2996669294579038e-12,1.3333500969991974e-12,-24.52500000002393,2.3927526626721374e-11,-2.3927526626721374e-11,-9.75638190692003e-13,-24.525000000007708,7.705835969318287e-12,-7.705835969318287e-12,-3.1420330150125526e-13
screenshot_like_simple_start,dop853_reference,DOP853,1e-11,1e-13,2.818523153942428,0.10906429288112299,0.802816101285395,0.10906429288323768,0.8028161012824748,2.114697306154767e-12,2.9202196216715492e-12,2.9202196216715492e-12,0.8281634416161469,-1.6887421851700566,0.8281634416162205,-1.6887421851719269,7.360778653264788e-14,1.8702817072835387e-12,1.8717296201208294e-12,2.102124030400887e-12,-24.52500000001602,1.601918597771146e-11,-1.601918597771146e-11,-6.531778176436883e-13,-24.52500000000782,7.819522807039903e-12,-7.819522807039903e-12,-3.188388504399552e-13
screenshot_like_simple_start,dop853_reference,DOP853,1e-11,1e-13,2.823529411764706,0.11360118615747478,0.7913796414987873,0.11360118616016428,0.7913796414951711,2.689501399366634e-12,3.6161074135065974e-12,3.6161074135065974e-12,0.8246806524790311,-1.6964189348966796,0.8246806524791617,-1.696418934898947,1.305622276959184e-13,2.2672974608894947e-12,2.271053559794852e-12,2.6721680423946736e-12,-24.525000000012017,1.2015277661703294e-11,-1.2015277661703294e-11,-4.899195784588498e-13,-24.525000000006617,6.615152869926533e-12,-6.615152869926533e-12,-2.6973100387060273e-13
screenshot_like_simple_start,dop853_reference,DOP853,1e-11,1e-13,2.8285356695869837,0.11826360805768353,0.7796572478125844,0.11826360806074147,0.7796572478085501,3.0579427878763e-12,4.034328426882894e-12,4.034328426882894e-12,0.8210238334947826,-1.7041695531827434,0.8210238334949501,-1.7041695531852192,1.6753265441593612e-13,2.475797344914099e-12,2.4814591843065547e-12,3.0365848724400735e-12,-24.525000000015446,1.5443646361745778e-11,-1.5443646361745778e-11,-6.297103511415199e-13,-24.525000000002564,2.561506562415161e-12,-2.561506562415161e-12,-1.0444471202508302e-13
screenshot_like_simple_start,dop853_reference,DOP853,1e-11,1e-13,2.8335419274092617,0.12305358371912403,0.7676476309463728,0.12305358372224286,0.7676476309423031,3.118824642989182e-12,4.069633519065974e-12,4.069633519065974e-12,0.8171877920063546,-1.7119847052835158,0.8171877920065216,-1.7119847052859591,1.6697754290362354e-13,2.4433788325950445e-12,2.4490777079152987e-12,3.0952324037158974e-12,-24.525000000020377,2.0374812947920873e-11,-2.0374812947920873e-11,-8.307772863576298e-13,-24.524999999996528,3.47455397786689e-12,3.47455397786689e-12,1.416739644390169e-13
screenshot_like_simple_start,dop853_reference,DOP853,1e-11,1e-13,2.8385481852315393,0.12797300204693757,0.75534965044613,0.127973002048836,0.7553496504433121,1.8984258609577864e-12,2.81785705880111e-12,2.81785705880111e-12,0.8131672509841097,-1.719854511833112,0.8131672509839412,-1.7198545118348014,1.6853185513809876e-13,1.6893153542696382e-12,1.6977011964322351e-12,1.8828827386130342e-12,-24.525000000033405,3.340261400808231e-11,-3.340261400808231e-11,-1.3619822225517761e-12,-24.52500000001014,1.013944483929663e-11,-1.013944483929663e-11,-4.1343302097030086e-13
screenshot_like_simple_start,dop853_reference,DOP853,1e-11,1e-13,2.8435544430538173,0.13302358510091725,0.7427623515936627,0.13302358510413065,0.7427623515893326,3.2134017668994375e-12,4.3300918406430355e-12,4.3300918406430355e-12,0.8089568634880409,-1.7277685253295765,0.8089568634880363,-1.727768525332079,4.551914400963142e-15,2.502442697505103e-12,2.5024468374415726e-12,3.185007813044649e-12,-24.525000000009907,9.904965736495797e-12,-9.904965736495797e-12,-4.0387220128423226e-13,-24.525000000009175,9.173106718662893e-12,-9.173106718662893e-12,-3.7403085499135136e-13
screenshot_like_simple_start,dop853_reference,DOP853,1e-11,1e-13,2.8485607008760954,0.13820685376267325,0.7298850073426446,0.13820685376540207,0.7298850073390094,2.7288171722261723e-12,3.63520324953015e-12,3.63520324953015e-12,0.8045512301765284,-1.7357157078621426,0.804551230176522,-1.7357157078641907,6.439293542825908e-15,2.0481394358284888e-12,2.0481495582835673e-12,2.7027824422987123e-12,-24.525000000014217,1.4214407428880804e-11,-1.4214407428880804e-11,-5.795884782418268e-13,-24.525000000006763,6.760814130757353e-12,-6.760814130757353e-12,-2.7567030094831203e-13
screenshot_like_simple_start,dop853_reference,DOP853,1e-11,1e-13,2.853566958698373,0.14352408933392094,0.7167171657701586,0.14352408933544653,0.7167171657682619,1.5255852137130432e-12,1.8967050152696174e-12,1.8967050152696174e-12,0.7999449202767075,-1.7436844107097569,0.7999449202767874,-1.7436844107107847,7.993605777301127e-14,1.02784447619797e-12,1.030948127008808e-12,1.5099033134902129e-12,-24.525000000056558,5.6555649052825174e-11,-5.6555649052825174e-11,-2.3060407360988854e-12,-24.52499999999341,6.59383658785373e-12,6.59383658785373e-12,2.688618384445965e-13
screenshot_like_simple_start,dop853_reference,DOP853,1e-11,1e-13,2.858573216520651,0.14897629086488479,0.7032587033528176,0.14897629086643904,0.7032587033508514,1.5542567233239879e-12,1.9662049766111522e-12,1.9662049766111522e-12,0.7951324964695483,-1.7516623566645695,0.7951324964695857,-1.7516623566656104,3.7414515929867775e-14,1.0409451078885468e-12,1.0416172827096163e-12,1.537048266442298e-12,-24.525000000066306,6.630429538745375e-11,-6.630429538745375e-11,-2.7035390575924056e-12,-24.52499999999298,7.02371494298859e-12,7.02371494298859e-12,2.8639000786905566e-13
screenshot_like_simple_start,dop853_reference,DOP853,1e-11,1e-13,2.8635794743429286,0.1545641279707859,0.6895098844226396,0.15456412797765315,0.689509884413109,6.86725676324329e-12,9.530598532592194e-12,9.530598532592194e-12,0.7901085441479007,-1.7596366260272847,0.7901085441473327,-1.7596366260322902,5.679900993982301e-13,5.005551528824981e-12,5.037673953397194e-12,6.785377815177185e-12,-24.525000000051275,5.127276381244883e-11,-5.127276381244883e-11,-2.090632571353673e-12,-24.525000000019347,1.9344525981068728e-11,-1.9344525981068728e-11,-7.887676241006616e-13
screenshot_like_simple_start,dop853_reference,DOP853,1e-11,1e-13,2.8685857321652066,0.16028788902980473,0.6754714269870608,0.1602878890336825,0.6754714269818736,3.877759224835131e-12,5.187184015653656e-12,5.187184015653656e-12,0.7848677055131388,-1.7675936474322116,0.7848677055129186,-1.767593647434836,2.2015722578316854e-13,2.624345185608945e-12,2.633563528243317e-12,3.828076744483155e-12,-24.525000000006344,6.341593916658894e-12,-6.341593916658894e-12,-2.58576714236856e-13,-24.52500000000899,8.988365607365267e-12,-8.988365607365267e-12,-3.6649808796596397e-13
screenshot_like_simple_start,dop853_reference,DOP853,1e-11,1e-13,2.873591989987484,0.166147424678289,0.6611445750709963,0.16614742468190766,0.6611445750661806,3.6186609264632352e-12,4.815703391614079e-12,4.815703391614079e-12,0.7794047189632252,-1.7755191947794973,0.7794047189629929,-1.7755191947818556,2.3225865675158275e-13,2.3583357489087575e-12,2.369745047092003e-12,3.5688396682331813e-12,-24.525000000008617,8.615330671091215e-12,-8.615330671091215e-12,-3.512876930108548e-13,-24.52500000000741,7.407408020299044e-12,-7.407408020299044e-12,-3.0203498553716794e-13
screenshot_like_simple_start,dop853_reference,DOP853,1e-11,1e-13,2.8785982478097623,0.17214208682622606,0.6465311773217659,0.17214208682857302,0.6465311773186794,2.3469559629063497e-12,3.0865310307603977e-12,3.0865310307603977e-12,0.7737144641692375,-1.7833983918524374,0.7737144641690862,-1.7833983918538947,1.5132339825640884e-13,1.4572787421229805e-12,1.4651143651959065e-12,2.3122614933868135e-12,-24.52500000002434,2.4339641413462232e-11,-2.4339641413462232e-11,-9.924420555947903e-13,-24.525000000003395,3.3928415632544784e-12,-3.3928415632544784e-12,-1.3834216363932631e-13
screenshot_like_simple_start,dop853_reference,DOP853,1e-11,1e-13,2.8836045056320403,0.178270663404322,0.6316337716465831,0.1782706634106107,0.6316337716381564,6.288719545111121e-12,8.4267037792074e-12,8.4267037792074e-12,0.7677920131806056,-1.7912157262251036,0.7677920131799939,-1.791215726228964,6.117328865684613e-13,3.860467501226594e-12,3.908634857918566e-12,6.189049273075398e-12,-24.525000000005136,5.133671265866724e-12,-5.133671265866724e-12,-2.0932400676316914e-13,-24.52500000001541,1.5408119224957773e-11,-1.5408119224957773e-11,-6.282617420981762e-13
screenshot_like_simple_start,dop853_reference,DOP853,1e-11,1e-13,2.888610763454318,0.1845313094805191,0.6164556750711194,0.18453130948467836,0.6164556750655854,4.1592562727288396e-12,5.534017688546555e-12,5.534017688546555e-12,0.7616326877655109,-1.7989550743545133,0.7616326877650841,-1.7989550743569496,4.2676973066591017e-13,2.4362734052374435e-12,2.4733702731455113e-12,4.08864608836268e-12,-24.525000000006735,6.732392421326949e-12,-6.732392421326949e-12,-2.7451141371363705e-13,-24.52500000000915,9.14823772291129e-12,-9.14823772291129e-12,-3.7301682866101076e-13
screenshot_like_simple_start,dop853_reference,DOP853,1e-11,1e-13,2.893617021276596,0.19092147550370384,0.6010010778487951,0.1909214755074781,0.6010010778437915,3.774258683364451e-12,5.0035531273806555e-12,5.0035531273806555e-12,0.755232123042783,-1.806599739751901,0.7552321230423618,-1.806599739754014,4.212186155427844e-13,2.112976460466598e-12,2.1545520751575564e-12,3.705674656018232e-12,-24.52500000000861,8.608225243733614e-12,-8.608225243733614e-12,-3.5099797120218607e-13,-24.525000000009392,9.389822253069724e-12,-9.389822253069724e-12,-3.828673701557481e-13
screenshot_like_simple_start,dop853_reference,DOP853,1e-11,1e-13,2.8986232790988735,0.19743783396536635,0.5852751401323246,0.1974378339691443,0.58527514012735,3.7779501749213296e-12,4.974576306437939e-12,4.974576306437939e-12,0.7485863372232999,-1.814132506299535,0.7485863372228578,-1.814132506301542,4.4209080840573733e-13,2.007061183917358e-12,2.0551736858145554e-12,3.704536677417991e-12,-24.525000000007033,7.030820370346191e-12,-7.030820370346191e-12,-2.866797296777244e-13,-24.525000000012025,1.2022383089060895e-11,-1.2022383089060895e-11,-4.902093002675186e-13
screenshot_like_simple_start,dop853_reference,DOP853,1e-11,1e-13,2.9036295369211516,0.2040762059792564,0.5692840892302005,0.20407620598421486,0.5692840892236144,4.9584503170052585e-12,6.586065026681354e-12,6.586065026681354e-12,0.7416918070102538,-1.8215357086305468,0.741691807009562,-1.821535708633092,6.91779966643935e-13,2.545297306255634e-12,2.6376311151262356e-12,4.855560398198122e-12,-24.525000000004432,4.430233957464225e-12,-4.430233957464225e-12,-1.8064154770496327e-13,-24.525000000018846,1.8843593352357857e-11,-1.8843593352357857e-11,-7.68342236589515e-13
screenshot_like_simple_start,dop853_reference,DOP853,1e-11,1e-13,2.908635794743429,0.21083148982604527,0.5530353147295122,0.21083148983052205,0.5530353147235725,4.476780057771634e-12,5.9396931817445875e-12,5.9396931817445875e-12,0.7345455478495432,-1.8287913214068405,0.7345455478488665,-1.8287913214090235,6.766809335090329e-13,2.1829205110179828e-12,2.2853969115227376e-12,4.3776648972482235e-12,-24.525000000006695,6.693312570860144e-12,-6.693312570860144e-12,-2.7291794376595896e-13,-24.525000000008784,8.782308213994838e-12,-8.782308213994838e-12,-3.5809615551457036e-13
screenshot_like_simple_start,dop853_reference,DOP853,1e-11,1e-13,2.913642052565707,0.21769759389741788,0.5365374582351083,0.2176975939019267,0.5365374582291007,4.50880999203207e-12,6.007638830851647e-12,6.007638830851647e-12,0.7271451978185512,-1.8358810689886873,0.7271451978177902,-1.8358810689907843,7.610578833805448e-13,2.0969892489119957e-12,2.2308233932582316e-12,4.402395115121749e-12,-24.525000000005715,5.7127635955112055e-12,-5.7127635955112055e-12,-2.3293633416967197e-13,-24.525000000015446,1.5443646361745778e-11,-1.5443646361745778e-11,-6.297103511415199e-13
screenshot_like_simple_start,dop853_reference,DOP853,1e-11,1e-13,2.9186483103879852,0.22466737691973354,0.5198004938641325,0.22466737692417166,0.5198004938582992,4.438116540939063e-12,5.8333338159854975e-12,5.8333338159854975e-12,0.7194891034823031,-1.8427865565107946,0.7194891034815668,-1.8427865565127033,7.362999099314038e-13,1.908695423935569e-12,2.0457897689443983e-12,4.326566882539851e-12,-24.525000000004646,4.643396778192255e-12,-4.643396778192255e-12,-1.8933320196502567e-13,-24.52500000001498,1.4978240869822912e-11,-1.4978240869822912e-11,-6.10733572673717e-13
screenshot_like_simple_start,dop853_reference,DOP853,1e-11,1e-13,2.923654568210263,0.2317325986882573,0.5028357951498897,0.2317325986929036,0.5028357951437441,4.646311113631896e-12,6.145639552812554e-12,6.145639552812554e-12,0.7115764055636511,-1.8494894226764287,0.7115764055627883,-1.8494894226783234,8.627543124362091e-13,1.894706613825292e-12,2.08188812285881e-12,4.522104912751956e-12,-24.52500000000624,6.23856521997368e-12,-6.23856521997368e-12,-2.5437574801115917e-13,-24.525000000007044,7.041478511382593e-12,-7.041478511382593e-12,-2.8711431239072753e-13
screenshot_like_simple_start,dop853_reference,DOP853,1e-11,1e-13,2.928660826032541,0.23888388481590955,0.4856561836288157,0.2388838848207635,0.4856561836223721,4.853950574812416e-12,6.443567901470715e-12,6.443567901470715e-12,0.7034071217911383,-1.8559715136805206,0.7034071217901559,-1.85597151368238,9.82436354490801e-13,1.859401521642212e-12,2.102987210924153e-12,4.716088630729587e-12,-24.525000000003274,3.2720492981752614e-12,-3.2720492981752614e-12,-1.3341689289195763e-13,-24.52500000000931,9.308109838457312e-12,-9.308109838457312e-12,-3.7953556935605756e-13
screenshot_like_simple_start,dop853_reference,DOP853,1e-11,1e-13,2.9336670838548184,0.24611070910018867,0.4682759542386135,0.24611070910524296,0.4682759542318566,5.054290319606025e-12,6.756928350171165e-12,6.756928350171165e-12,0.6949822238523561,-1.8622150765641843,0.6949822238512285,-1.8622150765660026,1.127542503809309e-12,1.8183232697310814e-12,2.1395447205286682e-12,4.901995476203069e-12,-24.525000000004532,4.529709940470639e-12,-4.529709940470639e-12,-1.846976530263257e-13,-24.52500000001664,1.6637358157822746e-11,-1.6637358157822746e-11,-6.783836149978693e-13
screenshot_like_simple_start,dop853_reference,DOP853,1e-11,1e-13,2.9386733416770965,0.25340139698548014,0.4507108728165464,0.25340139698968966,0.45071087281111716,4.2095216201687435e-12,5.429268146173172e-12,5.429268146173172e-12,0.6863037050435723,-1.86820296902902,0.6863037050427603,-1.86820296903033,8.120171202108395e-13,1.3098411244527597e-12,1.5411215314903542e-12,4.075073611886637e-12,-24.525000000006486,6.483702463810914e-12,-6.483702463810914e-12,-2.643711504102309e-13,-24.52500000000892,8.917311333789257e-12,-8.917311333789257e-12,-3.636008698792765e-13
screenshot_like_simple_start,dop853_reference,DOP853,1e-11,1e-13,2.943679599499374,0.2607431532190455,0.432978141492579,0.2607431532242714,0.4329781414856074,5.225875288061843e-12,6.971589971982439e-12,6.971589971982439e-12,0.6773746350211092,-1.873918881377278,0.6773746350198302,-1.8739188813788559,1.2789769243681803e-12,1.5778489625972725e-12,2.031105443308047e-12,5.049238804843981e-12,-24.52500000000443,4.426681243785424e-12,-4.426681243785424e-12,-1.804966868006289e-13,-24.52500000000755,7.549516567451064e-12,-7.549516567451064e-12,-3.0782942171054285e-13
screenshot_like_simple_start,dop853_reference,DOP853,1e-11,1e-13,2.948685857321652,0.2681221160981579,0.41509632871675894,0.268122116105577,0.41509632870656227,7.41912087320884e-12,1.0196676836216056e-11,1.0196676836216056e-11,0.6681991980897637,-1.8793475648794227,0.668199198087587,-1.8793475648815692,2.176703262080082e-12,2.1465051958102777e-12,3.0570445935233898e-12,7.1539996149283525e-12,-24.52500000000702,7.016609515630989e-12,-7.016609515630989e-12,-2.861002860603869e-13,-24.525000000004297,4.295230837669806e-12,-4.295230837669806e-12,-1.751368333402571e-13
screenshot_like_simple_start,dop853_reference,DOP853,1e-11,1e-13,2.95369211514393,0.27552343972188165,0.397085261992133,0.2755234397274551,0.39708526198467853,5.573430605920748e-12,7.454481476543151e-12,7.454481476543151e-12,0.6587827117445498,-1.8844750596484494,0.6587827117430386,-1.8844750596498159,1.511235581119763e-12,1.3664624987086427e-12,2.037413247728466e-12,5.363209876207975e-12,-24.525000000007655,7.652545264136279e-12,-7.652545264136279e-12,-3.120303879362397e-13,-24.524999999994105,5.8975047068088315e-12,5.8975047068088315e-12,2.4046910119505936e-13
screenshot_like_simple_start,dop853_reference,DOP853,1e-11,1e-13,2.9586983729662077,0.2829314043789926,0.3789658831241583,0.2829314043816089,0.37896588312113505,2.6162960686804126e-12,3.0232483183567638e-12,3.0232483183567638e-12,0.6491316227519979,-1.889288914146939,0.6491316227517013,-1.8892889141473268,2.965405698773793e-13,3.879119248040297e-13,4.88274483245201e-13,2.5122681712730355e-12,-24.525000000010472,1.0469847211425076e-11,-1.0469847211425076e-11,-4.2690508507339755e-13,-24.52499999999515,4.853006885241484e-12,4.853006885241484e-12,1.9787999532075366e-13
screenshot_like_simple_start,dop853_reference,DOP853,1e-11,1e-13,2.963704630788486,0.2903295537221949,0.3607600678100283,0.29032955372707014,0.36076006780357317,4.875266856885219e-12,6.4551142209268164e-12,6.4551142209268164e-12,0.6392534789078859,-1.8937783879223744,0.6392534789065174,-1.8937783879232573,1.368460900152968e-12,8.828493491819245e-13,1.6285294619988976e-12,4.671263376110346e-12,-24.52500000000671,6.707523425575346e-12,-6.707523425575346e-12,-2.7349738738329645e-13,-24.525000000007584,7.581490990560269e-12,-7.581490990560269e-12,-3.091331698495522e-13
screenshot_like_simple_start,dop853_reference,DOP853,1e-11,1e-13,2.9687108886107634,0.2977008558237842,0.3424904135049402,0.2977008558294492,0.3424904134973474,5.665024005452324e-12,7.592815265411446e-12,7.592815265411446e-12,0.6291568756973458,-1.8979346291783392,0.6291568756956099,-1.8979346291792276,1.7359447213038948e-12,8.884004643050503e-13,1.9500665271729283e-12,5.415834447575207e-12,-24.525000000008266,8.263612016889965e-12,-8.263612016889965e-12,-3.369464634817519e-13,-24.52499999997604,2.396305376350938e-11,2.396305376350938e-11,9.770867997353466e-13
screenshot_like_simple_start,dop853_reference,DOP853,1e-11,1e-13,2.9737171464330414,0.30502788366547917,0.3241800015976744,0.3050278836701354,0.32418000159155386,4.656219854126675e-12,6.1205485124560255e-12,6.1205485124560255e-12,0.6188513783531352,-1.901750819403287,0.6188513783517747,-1.9017508194038384,1.3604672943756668e-12,5.513367540288527e-13,1.4679385121349323e-12,4.441280676559245e-12,-24.525000000015808,1.580602315698343e-11,-1.580602315698343e-11,-6.44486163383626e-13,-24.524999999966692,3.3310243452433497e-11,3.3310243452433497e-11,1.3582158390390823e-12
screenshot_like_simple_start,dop853_reference,DOP853,1e-11,1e-13,2.978723404255319,0.3122930093078644,0.30585214170111225,0.3122930093128159,0.30585214169454095,4.951483667525736e-12,6.571299060453839e-12,6.571299060453839e-12,0.6083474211348769,-1.9052222785193418,0.6083474211333224,-1.905222278519799,1.5545342790801442e-12,4.571898415406395e-13,1.6203701355070634e-12,4.711953049962858e-12,-24.525000000007836,7.833733661755105e-12,-7.833733661755105e-12,-3.1941829405729274e-13,-24.525000000006074,6.071587677070056e-12,-6.071587677070056e-12,-2.4756728550744365e-13
screenshot_like_simple_start,dop853_reference,DOP853,1e-11,1e-13,2.983729662077597,0.31947860501473535,0.2875301071737381,0.3194786050194438,0.2875301071675006,4.708455847435289e-12,6.237510508100286e-12,6.237510508100286e-12,0.5976561869242524,-1.9083465258002965,0.5976561869227411,-1.9083465258005867,1.511235581119763e-12,2.902122986370159e-13,1.5388489724214551e-12,4.47020198635073e-12,-24.525000000006195,6.192379942149273e-12,-6.192379942149273e-12,-2.5249255625481236e-13,-24.52500000000916,9.158895863947691e-12,-9.158895863947691e-12,-3.7345141137401387e-13
screenshot_like_simple_start,dop853_reference,DOP853,1e-11,1e-13,2.988735919899875,0.3265672440965955,0.2692368716695533,0.3265672441009356,0.2692368716638982,4.340139359015893e-12,5.655087509381929e-12,5.655087509381929e-12,0.586789471321572,-1.9111232940037821,0.5867894713202315,-1.911123294003894,1.340483279932414e-12,1.1191048088221578e-13,1.3451466014935516e-12,4.110767282128336e-12,-24.525000000014053,1.4050982599655981e-11,-1.4050982599655981e-11,-5.729248766424457e-13,-24.524999999999356,6.465938895416912e-13,6.465938895416912e-13,2.6364684588855907e-14
screenshot_like_simple_start,dop853_reference,DOP853,1e-11,1e-13,2.9937421777221527,0.33354189426371045,0.25099485645930025,0.333541894269466,0.2509948564514891,5.755562693110505e-12,7.811140623203983e-12,7.811140623203983e-12,0.5757595362225529,-1.9135544965721227,0.5757595362204249,-1.9135544965721785,2.1280754936015e-12,5.573319583618286e-14,2.1288051802796286e-12,5.438371974975098e-12,-24.525000000006546,6.544098596350523e-12,-6.544098596350523e-12,-2.6683378578391527e-13,-24.524999999989678,1.0324185950594256e-11,1.0324185950594256e-11,4.2096578799568825e-13
screenshot_like_simple_start,dop853_reference,DOP853,1e-11,1e-13,2.9987484355444307,0.34038609680896836,0.23282569752306798,0.340386096813227,0.23282569751741877,4.258648989008407e-12,5.649203327351415e-12,5.649203327351415e-12,0.5645789582874907,-1.9156441501504946,0.5645789582860081,-1.9156441501503763,1.482591827084434e-12,1.1834977442504169e-13,1.4873080363004897e-12,4.01428890128841e-12,-24.525000000002244,2.241762331323116e-12,-2.241762331323116e-12,-9.140723063498944e-14,-24.52500000001082,1.0818013151947525e-11,-1.0818013151947525e-11,-4.4110145369816613e-13
screenshot_like_simple_start,dop853_reference,DOP853,1e-11,1e-13,3.0037546933667083,0.3470841259564779,0.21475004000958922,0.34708412596069826,0.21475004000412917,4.220346294658839e-12,5.460049079530904e-12,5.460049079530904e-12,0.5532604777418736,-1.9173982568320338,0.5532604777405077,-1.9173982568317616,1.36590738719633e-12,2.722266856380884e-13,1.3927707488208546e-12,3.968658734976316e-12,-24.525000000011406,1.1404210908949608e-11,-1.1404210908949608e-11,-4.650035029133377e-13,-24.525000000022594,2.2591706283492385e-11,-2.2591706283492385e-11,-9.211704906622786e-13
screenshot_like_simple_start,dop853_reference,DOP853,1e-11,1e-13,3.0087609511889863,0.35362112405200674,0.1967873658122444,0.35362112405700374,0.19678736580553713,4.997002811535367e-12,6.707273625394805e-12,6.707273625394805e-12,0.5418168526006925,-1.9188246522781398,0.5418168525988024,-1.9188246522777206,1.8900436771218665e-12,4.192202140984591e-13,1.935977967162102e-12,4.687805699177261e-12,-24.525000000006298,6.295408638834488e-12,-6.295408638834488e-12,-2.5669352248050914e-13,-24.52500000000508,5.076827847005916e-12,-5.076827847005916e-12,-2.0700623229381917e-13
screenshot_like_simple_start,dop853_reference,DOP853,1e-11,1e-13,3.0137672090112644,0.3599832097812936,0.17895585793977195,0.35998320978578824,0.17895585793372154,4.494626892892484e-12,6.050410172875331e-12,6.050410172875331e-12,0.5302607227533009,-1.9199328270600238,0.5302607227515537,-1.9199328270595175,1.7472689961550714e-12,5.062616992290714e-13,1.8191343691522784e-12,4.206524018002256e-12,-24.525000000000105,1.0302869668521453e-13,-1.0302869668521453e-13,-4.2009662256968206e-15,-24.525000000006514,6.512124173241318e-12,-6.512124173241318e-12,-2.655300376449059e-13
screenshot_like_simple_start,dop853_reference,DOP853,1e-11,1e-13,3.018773466833542,0.36615755823709767,0.16127230312587498,0.3661575582418831,0.16127230311947857,4.7854498141930435e-12,6.396411178499761e-12,6.396411178499761e-12,0.5186044874295389,-1.9207337291640396,0.5186044874276937,-1.9207337291633535,1.84519066692701e-12,6.861178292183467e-13,1.9686254780647947e-12,4.468203584906405e-12,-24.525000000000194,1.9184653865522705e-13,-1.9184653865522705e-13,-7.822488834056148e-15,-24.525000000011133,1.113065195568197e-11,-1.113065195568197e-11,-4.5384921327959095e-13
screenshot_like_simple_start,dop853_reference,DOP853,1e-11,1e-13,3.02377972465582,0.3721324530745412,0.14375203218770757,0.3721324530779384,0.14375203218334626,3.3972269442017478e-12,4.361316863210618e-12,4.361316863210618e-12,0.5068601985685283,-1.9212395556264785,0.5068601985673766,-1.9212395556258681,1.1516343434436749e-12,6.104006189389111e-13,1.3033996227557955e-12,3.1646907316940087e-12,-24.525000000007143,7.140954494389007e-12,-7.140954494389007e-12,-2.9117041771209e-13,-24.52500000004081,4.0806469314702554e-11,-4.0806469314702554e-11,-1.6638723471846096e-12
screenshot_like_simple_start,dop853_reference,DOP853,1e-11,1e-13,3.0287859824780976,0.37789731227415446,0.12640889590853116,0.37789731227965084,0.12640889590098786,5.4963811280117625e-12,7.543299318513164e-12,7.543299318513164e-12,0.4950394715646891,-1.921463540786149,0.49503947156231454,-1.921463540785072,2.374545005068285e-12,1.0769163338864018e-12,2.6073382540986257e-12,5.108580225510195e-12,-24.525000000005488,5.4853899200679734e-12,-5.4853899200679734e-12,-2.2366523629227208e-13,-24.52500000001388,1.3876899629394757e-11,-1.3876899629394757e-11,-5.658266923300614e-13
screenshot_like_simple_start,dop853_reference,DOP853,1e-11,1e-13,3.0337922403003756,0.38344269003598774,0.10925527286768749,0.3834426900401244,0.10925527286212651,4.136635478602102e-12,5.560982230257139e-12,5.560982230257139e-12,0.4831534138800375,-1.921419747775429,0.483153413878346,-1.9214197477744879,1.6915358003188885e-12,9.410250356722827e-13,1.935670809182823e-12,3.836264639289766e-12,-24.52500000000071,7.069900220812997e-13,-7.069900220812997e-13,-2.882731996254025e-14,-24.525000000009438,9.43600753089413e-12,-9.43600753089413e-12,-3.84750561912095e-13
screenshot_like_simple_start,dop853_reference,DOP853,1e-11,1e-13,3.0387984981226532,0.38876025795378416,0.09230210480935727,0.38876025795792046,0.09230210480378341,4.1363024116947145e-12,5.573860817342791e-12,5.573860817342791e-12,0.4712125711846662,-1.921122868763006,0.4712125711829437,-1.9211228687619522,1.7225110227059304e-12,1.0538236949741986e-12,2.0193039898520735e-12,3.827660410848921e-12,-24.525000000006322,6.320277634586091e-12,-6.320277634586091e-12,-2.577075488108498e-13,-24.52500000001066,1.0658141036401503e-11,-1.0658141036401503e-11,-4.3458271300311933e-13
screenshot_like_simple_start,dop853_reference,DOP853,1e-11,1e-13,3.0438047559449313,0.3938427690148408,0.07555895462718486,0.39384276901951865,0.07555895462089049,4.677869203106866e-12,6.2943678047489016e-12,6.2943678047489016e-12,0.459226890001425,-1.9205880382241267,0.45922688999946837,-1.9205880382228067,1.956657058599376e-12,1.3200551762793111e-12,2.3603077158261728e-12,4.31971125536279e-12,-24.525000000007317,7.315037464650231e-12,-7.315037464650231e-12,-2.9826860202447426e-13,-24.52500000001523,1.5226930827338947e-11,-1.5226930827338947e-11,-6.208738359771232e-13
screenshot_like_simple_start,dop853_reference,DOP853,1e-11,1e-13,3.0488110137672093,0.39868400805028537,0.05903408195998932,0.3986840080540964,0.059034081954777634,3.811007065479544e-12,5.211685250028353e-12,5.211685250028353e-12,0.4472056953483022,-1.9198306622783434,0.4472056953466117,-1.9198306622771715,1.6904810884454946e-12,1.1719514247943152e-12,2.0569872271040697e-12,3.5121350272504515e-12,-24.52500000000492,4.916955731459893e-12,-4.916955731459893e-12,-2.0048749159877238e-13,-24.525000000026107,2.610534011182608e-11,-2.610534011182608e-11,-1.0644379250489736e-12
screenshot_like_simple_start,dop853_reference,DOP853,1e-11,1e-13,3.053817271589487,0.4032787321429604,0.042734531581271454,0.4032787321466579,0.04273453157627983,3.697486761211621e-12,4.991625168759839e-12,4.991625168759839e-12,0.43515768156220097,-1.9188662659787301,0.4351576815606148,-1.9188662659774924,1.5861756352819611e-12,1.2376766278521245e-12,2.0119136614411512e-12,3.4008906801830108e-12,-24.525000000006678,6.675549002466141e-12,-6.675549002466141e-12,-2.721936392442871e-13,-24.525000000011282,1.127986593019159e-11,-1.127986593019159e-11,-4.599333712616346e-13
screenshot_like_simple_start,dop853_reference,DOP853,1e-11,1e-13,3.058823529411765,0.40762260422206753,0.026666230168420672,0.40762260422612445,0.026666230162872926,4.056921465434016e-12,5.547746290135436e-12,5.547746290135436e-12,0.4230909143368989,-1.9177103594225682,0.4230909143350777,-1.9177103594211078,1.8212098495951068e-12,1.460387366591931e-12,2.334424249523541e-12,3.724520691861244e-12,-24.52500000000882,8.817835350782843e-12,-8.817835350782843e-12,-3.5954476455791406e-13,-24.525000000007953,7.950973213155521e-12,-7.950973213155521e-12,-3.24198703900327e-13
screenshot_like_simple_start,dop853_reference,DOP853,1e-11,1e-13,3.0638297872340425,0.4117121226831612,0.010834087590795162,0.4117121226892723,0.010834087582359389,6.111111616746712e-12,8.435772913539807e-12,8.435772913539807e-12,0.4110128419925962,-1.9163783227177755,0.4110128419897614,-1.9163783227154214,2.8347879599266435e-12,2.354116901415182e-12,3.684818742254994e-12,5.600464536570371e-12,-24.525000000007292,7.290168468898628e-12,-7.290168468898628e-12,-2.972545756941336e-13,-24.524999999971115,2.8887114922326873e-11,2.8887114922326873e-11,1.1778640131427879e-12
screenshot_like_simple_start,dop853_reference,DOP853,1e-11,1e-13,3.0688360450563206,0.41554454944068947,-0.004757900538166576,0.41554454944469776,-0.004757900543755571,4.008293696955434e-12,5.588994544947212e-12,5.588994544947212e-12,0.39893031407477914,-1.914885309185396,0.39893031407285734,-1.914885309183751,1.921796055626146e-12,1.644906433284632e-12,2.5296278883822778e-12,3.6671776726393546e-12,-24.525000000006063,6.0609295360336546e-12,-6.0609295360336546e-12,-2.4713270279444055e-13,-24.525000000010415,1.0413003792564268e-11,-1.0413003792564268e-11,-4.245873106040476e-13
screenshot_like_simple_start,dop853_reference,DOP853,1e-11,1e-13,3.073842302878598,0.419117838374416,-0.02010655167847642,0.41911783837613487,-0.02010655168081571,1.7188472867246674e-12,2.339288485142532e-12,2.339288485142532e-12,0.3868496055302534,-1.913246165702303,0.38684960552948466,-1.9132461657015565,7.687184222504584e-13,7.465139617579553e-13,1.071546129574827e-12,1.5700774014248964e-12,-24.52500000000806,8.057554623519536e-12,-8.057554623519536e-12,-3.285445310303582e-13,-24.525000000045793,4.5790926606059656e-11,-4.5790926606059656e-11,-1.867112195965735e-12
screenshot_like_simple_start,dop853_reference,DOP853,1e-11,1e-13,3.078848560700876,0.4224305656936828,-0.03520939857948449,0.4224305656977445,-0.035209398585029084,4.061695424439904e-12,5.54459256285611e-12,5.54459256285611e-12,0.37477644490409323,-1.9114753687753105,0.3747764449022567,-1.91147536877345,1.836530927334934e-12,1.8605117446668373e-12,2.614258938801004e-12,3.704647699720454e-12,-24.525000000020075,2.007283228522283e-11,-2.007283228522283e-11,-8.184641094892081e-13,-24.5250000000094,9.396927680427325e-12,-9.396927680427325e-12,-3.831570919644169e-13
screenshot_like_simple_start,dop853_reference,DOP853,1e-11,1e-13,3.0838548185231542,0.4254818633604273,-0.05006459639373163,0.42548186336291527,-0.05006459639726582,2.4879542870337445e-12,3.5341937709709725e-12,3.5341937709709725e-12,0.36271604521150325,-1.9095869747533034,0.3627160452102396,-1.9095869747520995,1.2636558466283532e-12,1.2039258479035198e-12,1.745354848152154e-12,2.2661317267136383e-12,-24.525000000000635,6.323830348264892e-13,-6.323830348264892e-13,-2.5785240971518415e-14,-24.525000000000414,4.121147867408581e-13,-4.121147867408581e-13,-1.6803864902787282e-14
screenshot_like_simple_start,dop853_reference,DOP853,1e-11,1e-13,3.088861076345432,0.4282713563438371,-0.06467083568603152,0.42827135634848645,-0.06467083569252496,4.649336471373999e-12,6.493444670852e-12,6.493444670852e-12,0.35067313636385233,-1.9075945825228324,0.3506731363616019,-1.9075945825204819,2.2504220709151923e-12,2.3505641877363814e-12,3.254159107654544e-12,4.229450123460765e-12,-24.52500000000839,8.387956995647983e-12,-8.387956995647983e-12,-3.420165951334549e-13,-24.5249999999757,2.4300561562995426e-11,2.4300561562995426e-11,9.908485856471122e-13
screenshot_like_simple_start,dop853_reference,DOP853,1e-11,1e-13,3.09386733416771,0.4307991042530702,-0.07902726202195179,0.4307991042551547,-0.07902726202494853,2.0844992398849627e-12,2.996741743643838e-12,2.996741743643838e-12,0.3386519982109007,-1.905511307012892,0.3386519982098074,-1.9055113070117848,1.093292123499623e-12,1.1071144001562061e-12,1.555953072023559e-12,1.8940959911617483e-12,-24.52500000001111,1.1109335673609166e-11,-1.1109335673609166e-11,-4.5298004785358474e-13,-24.52500000002745,2.744826588241267e-11,-2.744826588241267e-11,-1.1191953468873667e-12
screenshot_like_simple_start,dop853_reference,DOP853,1e-11,1e-13,3.0988735919899875,0.4330655475511526,-0.09313340236004697,0.4330655475543133,-0.09313340236446123,3.160693928805358e-12,4.41426062369743e-12,4.41426062369743e-12,0.326656493493065,-1.9033497619542414,0.32665649349153886,-1.9033497619525046,1.5261680808009714e-12,1.7368328997235949e-12,2.312093755109855e-12,2.868927317933867e-12,-24.525000000026658,2.665601073204016e-11,-2.665601073204016e-11,-1.0868913652208014e-12,-24.525000000016302,1.6299850358336698e-11,-1.6299850358336698e-11,-6.646218290861039e-13
screenshot_like_simple_start,dop853_reference,DOP853,1e-11,1e-13,3.1038798498122655,0.43507145848619055,-0.10698909837728778,0.43507145848836354,-0.1069890983802936,2.1729840149475876e-12,3.0058316946579566e-12,3.0058316946579566e-12,0.3146901001191751,-1.9011220503907484,0.31469010011815707,-1.9011220503895117,1.0180190024300373e-12,1.2367884494324244e-12,1.6018765114571438e-12,1.9705903575584216e-12,-24.52500000001385,1.3848477919964353e-11,-1.3848477919964353e-11,-5.646678050953864e-13,-24.525000000011786,1.1784351272581262e-11,-1.1784351272581262e-11,-4.805036196771156e-13
screenshot_like_simple_start,dop853_reference,DOP853,1e-11,1e-13,3.108886107634543,0.43681789663562576,-0.12059444653738527,0.4368178966383894,-0.12059444654127802,2.763622664048171e-12,3.892747235667571e-12,3.892747235667571e-12,0.30275594237114656,-1.898839761620486,0.3027559423697862,-1.8988397616188486,1.3603562720732043e-12,1.6373569167171809e-12,2.128733628167343e-12,2.5041080320420406e-12,-24.52500000000832,8.316902722071973e-12,-8.316902722071973e-12,-3.3911937704676746e-13,-24.52500000000411,4.106937012693379e-12,-4.106937012693379e-12,-1.6745920541053532e-13
screenshot_like_simple_start,dop853_reference,DOP853,1e-11,1e-13,3.113892365456821,0.4383061689349685,-0.13394974468359536,0.4383061689376735,-0.133949744687465,2.7050028883479627e-12,3.8696545967553675e-12,3.8696545967553675e-12,0.29085682072337377,-1.896513973346218,0.2908568207219881,-1.896513973344553,1.3856693570346579e-12,1.6648904477278847e-12,2.166088587745293e-12,2.449318525776789e-12,-24.525000000008287,8.284928298962768e-12,-8.284928298962768e-12,-3.378156289077581e-13,-24.52500000000381,3.808509063674137e-12,-3.808509063674137e-12,-1.55290889446448e-13
screenshot_like_simple_start,dop853_reference,DOP853,1e-11,1e-13,3.118898623279099,0.43953779391552705,-0.14705544473771903,0.4395377939172441,-0.14705544474035437,1.7170709298852671e-12,2.635336393552734e-12,2.635336393552734e-12,0.2789952401035162,-1.894155258001695,0.2789952401024631,-1.8941552580005783,1.053046538856961e-12,1.1166623181679824e-12,1.5348751564263842e-12,1.553868145265369e-12,-24.525000000008585,8.58335624798201e-12,-8.58335624798201e-12,-3.499839448718454e-13,-24.525000000018192,1.8189894035458565e-11,-1.8189894035458565e-11,-7.416878301919904e-13
screenshot_like_simple_start,dop853_reference,DOP853,1e-11,1e-13,3.1239048811013768,0.44051446989581466,-0.15991211112553153,0.4405144698982431,-0.15991211112893078,2.428446332913836e-12,3.3992531012216887e-12,3.3992531012216887e-12,0.2671734364664543,-1.891773692323485,0.26717343646529496,-1.8917736923219082,1.1593503934648197e-12,1.5767387395726473e-12,1.9570892641103963e-12,2.1965762542208722e-12,-24.525000000014494,1.4491519095827243e-11,-1.4491519095827243e-11,-5.908876287799079e-13,-24.525000000012565,1.2562395568238571e-11,-1.2562395568238571e-11,-5.122281577263433e-13
screenshot_like_simple_start,dop853_reference,DOP853,1e-11,1e-13,3.128911138923655,0.44123804681003764,-0.17252038446261264,0.44123804681239986,-0.1725203844659315,2.3622215294949456e-12,3.3188451986632117e-12,3.3188451986632117e-12,0.25539340164020774,-1.8893788693902551,0.2553934016390741,-1.8893788693886764,1.1336487304447473e-12,1.5787371410169726e-12,1.9435972845385003e-12,2.1359580770763387e-12,-24.525000000012593,1.2590817277668975e-11,-1.2590817277668975e-11,-5.133870449610183e-13,-24.525000000011843,1.184119469144207e-11,-1.184119469144207e-11,-4.828213941464655e-13
screenshot_like_simple_start,dop853_reference,DOP853,1e-11,1e-13,3.1339173967459324,0.441710501347706,-0.18488095003434357,0.44171050134952067,-0.18488095003699945,1.8146595337498184e-12,2.6558755195082995e-12,2.6558755195082995e-12,0.24365690644285518,-1.8869799124717488,0.2436569064418851,-1.8869799124704847,9.700851233418462e-13,1.2640999358382032e-12,1.5934283147714285e-12,1.6405210523373626e-12,-24.525000000008557,8.554934538551606e-12,-8.554934538551606e-12,-3.4882505763717044e-13,-24.525000000011946,1.1944223388127284e-11,-1.1944223388127284e-11,-4.870223603721624e-13
screenshot_like_simple_start,dop853_reference,DOP853,1e-11,1e-13,3.1389236545682104,0.4419339150980915,-0.19699451062560122,0.4419339150997805,-0.19699451062817275,1.689037798513482e-12,2.5715263252124032e-12,2.5715263252124032e-12,0.23196552210674082,-1.8845854901276355,0.23196552210574575,-1.88458549012641,9.950651413959122e-13,1.2254641745812478e-12,1.5785807165942974e-12,1.526723192313284e-12,-24.52500000000754,7.538858426414663e-12,-7.538858426414663e-12,-3.0739483899753975e-13,-24.52500000001144,1.1436185332058812e-11,-1.1436185332058812e-11,-4.663072510523471e-13
screenshot_like_simple_start,dop853_reference,DOP853,1e-11,1e-13,3.143929912390488,0.44191045538723683,-0.20886176325714562,0.4419104553893842,-0.20886176326033634,2.1473933742299778e-12,3.1907254616214686e-12,3.1907254616214686e-12,0.22032064007332353,-1.8822038321008292,0.22032064007214328,-1.8822038320992491,1.1802503419033883e-12,1.5800694086465228e-12,1.9722094730792764e-12,1.9411139362546237e-12,-24.5250000000107,1.0697220886868308e-11,-1.0697220886868308e-11,-4.361761829507974e-13,-24.52500000000837,8.36664071357518e-12,-8.36664071357518e-12,-3.4114742970744866e-13
screenshot_like_simple_start,dop853_reference,DOP853,1e-11,1e-13,3.148936170212766,0.44164235851675304,-0.22048337941533577,0.4416423585184311,-0.2204833794178696,1.6780465905696929e-12,2.533834253526379e-12,2.533834253526379e-12,0.20872349023996736,-1.8798427456296687,0.20872349023901193,-1.8798427456283973,9.55430179416794e-13,1.2714274078007293e-12,1.5904007297053436e-12,1.5170642519990452e-12,-24.52500000000869,8.686384944667225e-12,-8.686384944667225e-12,-3.5418491109754225e-13,-24.52500000001218,1.2178702490928117e-11,-1.2178702490928117e-11,-4.965831800582311e-13
screenshot_like_simple_start,dop853_reference,DOP853,1e-11,1e-13,3.153942428035044,0.44113191512791333,-0.23185998838508923,0.4411319151294256,-0.23185998838737917,1.512290292993157e-12,2.289946010591848e-12,2.289946010591848e-12,0.1971751577521863,-1.877509631877992,0.19717515775132516,-1.87750963187682,8.611444890505027e-13,1.1719514247943152e-12,1.4543177001946571e-12,1.3675172105820366e-12,-24.525000000008475,8.473222123939195e-12,-8.473222123939195e-12,-3.4549325683747987e-13,-24.525000000012334,1.2331469179116539e-11,-1.2331469179116539e-11,-5.02812198944609e-13
screenshot_like_simple_start,dop853_reference,DOP853,1e-11,1e-13,3.1589486858573217,0.44038145744602175,-0.2429921633379167,0.4403814574469612,-0.2429921633394577,9.394707234378075e-13,1.5409895581797173e-12,1.5409895581797173e-12,0.185676598439766,-1.8752115022361733,0.1856765984391201,-1.875211502235402,6.459000001513004e-13,7.713829575095588e-13,1.0060906904109807e-12,8.498202141993261e-13,-24.52500000000769,7.688072400924284e-12,-7.688072400924284e-12,-3.1347899697958344e-13,-24.525000000018444,1.84421367066534e-11,-1.84421367066534e-11,-7.519729543997308e-13
screenshot_like_simple_start,dop853_reference,DOP853,1e-11,1e-13,3.1639549436795997,0.4393933481670154,-0.2538804098423057,0.43939334816765263,-0.2538804098433802,6.372125049836086e-13,1.0744738432322265e-12,1.0744738432322265e-12,0.1742286529999274,-1.8729549943072217,0.17422865299946405,-1.8729549943066808,4.633515793273091e-13,5.409006575973763e-13,7.122276373845553e-13,5.766498389903063e-13,-24.525000000010774,1.0771827874123119e-11,-1.0771827874123119e-11,-4.3921826194181927e-13,-24.52500000002602,2.6016522269856068e-11,-2.6016522269856068e-11,-1.0608164024406142e-12
screenshot_like_simple_start,dop853_reference,DOP853,1e-11,1e-13,3.1689612015018773,0.4381699707832919,-0.2645251565086909,0.4381699707848237,-0.2645251565110952,1.5318302182265597e-12,2.404298982128239e-12,2.404298982128239e-12,0.1628320600286805,-1.8707463874263177,0.16283206002774697,-1.8707463874250392,9.335310302560629e-13,1.2785328351583303e-12,1.5830749808612807e-12,1.3871126469666706e-12,-24.525000000008458,8.455458555545192e-12,-8.455458555545192e-12,-3.44768952315808e-13,-24.525000000007488,7.485567721232655e-12,-7.485567721232655e-12,-3.0522192543252417e-13
screenshot_like_simple_start,dop853_reference,DOP853,1e-11,1e-13,3.1739674593241554,0.43671372115336127,-0.2749267474965647,0.4367137211552082,-0.2749267474994298,1.846911512615179e-12,2.8650970484989102e-12,2.8650970484989102e-12,0.15148746800090457,-1.868591617606887,0.15148746799982066,-1.868591617605328,1.0839107389415403e-12,1.5589751711786448e-12,1.8987538214166366e-12,1.6736056984711922e-12,-24.5250000000079,7.897682507973514e-12,-7.897682507973514e-12,-3.2202579033531143e-13,-24.524999999999345,6.572520305780927e-13,6.572520305780927e-13,2.6799267301859026e-14
screenshot_like_simple_start,dop853_reference,DOP853,1e-11,1e-13,3.178973717146433,0.43502700015578166,-0.28508543665620667,0.43502700015656987,-0.2850854366576174,7.882028363326299e-13,1.4107048862399552e-12,1.4107048862399552e-12,0.1401954462937114,-1.8664962918247314,0.1401954462930724,-1.8664962918240025,6.389888618230088e-13,7.289724379688778e-13,9.693851560923314e-13,7.289724379688778e-13,-24.525000000006738,6.73594513500575e-12,-6.73594513500575e-12,-2.7465627461797143e-13,-24.525000000013335,1.333333443653828e-11,-1.333333443653828e-11,-5.436629739669023e-13
screenshot_like_simple_start,dop853_reference,DOP853,1e-11,1e-13,3.183979974968711,0.4331122072692405,-0.2950013830848964,0.4331122072703574,-0.29500138308658036,1.1168843627729075e-12,1.6839862837514374e-12,1.6839862837514374e-12,0.1289564953451079,-1.8644657015876467,0.12895649534451048,-1.8644657015866883,5.974110095507967e-13,9.583445148564351e-13,1.1293024942361183e-12,1.0138001549364617e-12,-24.525000000012326,1.2324363751758938e-11,-1.2324363751758938e-11,-5.025224771359404e-13,-24.52500000001327,1.3269385590319871e-11,-1.3269385590319871e-11,-5.410554776888836e-13
screenshot_like_simple_start,dop853_reference,DOP853,1e-11,1e-13,3.188986232790989,0.4309717349542557,-0.30467464791870214,0.4309717349543121,-0.30467464791908033,5.639932965095795e-14,3.781974733385596e-13,3.781974733385596e-13,0.11777105603248217,-1.8625048357458445,0.1177710560321727,-1.8625048357457072,3.094746681142624e-13,1.3722356584366935e-13,3.38533421137832e-13,3.094746681142624e-13,-24.52500000000856,8.558487252230407e-12,-8.558487252230407e-12,-3.489699185415048e-13,-24.525000000024797,2.4794388764348696e-11,-2.4794388764348696e-11,-1.01098425134959e-12
screenshot_like_simple_start,dop853_reference,DOP853,1e-11,1e-13,3.1939924906132666,0.4286079637085355,-0.31410519218227356,0.42860796370773524,-0.31410519218150956,8.002487561498128e-13,7.639999743958015e-13,8.002487561498128e-13,0.10663951835170304,-1.8606183925277084,0.10663951835170182,-1.860618392528277,1.2212453270876722e-15,5.686562332130052e-13,5.686575445838669e-13,7.278622149442526e-13,-24.52500000000819,8.189005029635155e-12,-8.189005029635155e-12,-3.3390438449073004e-13,-24.52500000003787,3.786837510233454e-11,-3.786837510233454e-11,-1.544072379300083e-12
screenshot_like_simple_start,dop853_reference,DOP853,1e-11,1e-13,3.1989987484355447,0.4260232577085667,-0.3232928755659986,0.42602325770891447,-0.32329287556683417,3.477773624638303e-13,8.355538483328928e-13,8.355538483328928e-13,0.09556222946921816,-1.8588107907788012,0.0955622294687426,-1.8588107907783922,4.755640325981858e-13,4.0900616227190767e-13,6.272536886120658e-13,4.755640325981858e-13,-24.525000000005317,5.314859663485549e-12,-5.314859663485549e-12,-2.1671191288422217e-13,-24.525000000013954,1.3951506616649567e-11,-1.3951506616649567e-11,-5.688687713210832e-13
screenshot_like_simple_start,dop853_reference,DOP853,1e-11,1e-13,3.2040050062578223,0.4232199609335477,-0.33223745598689186,0.423219960935657,-0.33223745598999765,2.109312724485335e-12,3.105793400237644e-12,3.105793400237644e-12,0.08453950121618076,-1.8570861804127645,0.08453950121516807,-1.8570861804108851,1.0126899319118365e-12,1.879385536085465e-12,2.134860859972577e-12,1.9232393455581587e-12,-24.525000000009516,9.514167231827741e-12,-9.514167231827741e-12,-3.879375018074512e-13,-24.524999999987916,1.2086331935279304e-11,1.2086331935279304e-11,4.928167965455373e-13
screenshot_like_simple_start,dop853_reference,DOP853,1e-11,1e-13,3.2090112640801003,0.42020039370558177,-0.34093858983197595,0.42020039370634493,-0.34093858983321873,7.631673071273326e-13,1.2427836537654002e-12,1.2427836537654002e-12,0.07357161708612647,-1.8554484520712125,0.07357161708565196,-1.8554484520704857,4.745093207247919e-13,7.267519919196275e-13,8.679444413174439e-13,7.267519919196275e-13,-24.525000000012927,1.2924772363476222e-11,-1.2924772363476222e-11,-5.270039699684494e-13,-24.525000000011786,1.1784351272581262e-11,-1.1784351272581262e-11,-4.805036196771156e-13
screenshot_like_simple_start,dop853_reference,DOP853,1e-11,1e-13,3.214017521902378,0.41696684957024543,-0.3493958327766929,0.41696684957028984,-0.3493958327770466,4.440892098500626e-14,3.5371705564557487e-13,3.5371705564557487e-13,0.06265883879305367,-1.853901246009714,0.0626588387927619,-1.853901246009575,2.9176661087149114e-13,1.389999226830696e-13,3.2318529317612125e-13,2.9176661087149114e-13,-24.52500000000806,8.057554623519536e-12,-8.057554623519536e-12,-3.285445310303582e-13,-24.525000000015496,1.5493384353248985e-11,-1.5493384353248985e-11,-6.317384038022012e-13
screenshot_like_simple_start,dop853_reference,DOP853,1e-11,1e-13,3.219023779724656,0.4135215924628645,-0.357608641094555,0.4135215924627114,-0.35760864109463786,1.5309975509580909e-13,8.287814878826794e-14,1.5309975509580909e-13,0.05180141244157832,-1.8524479602225143,0.051801412441360495,-1.8524479602225468,2.1782575743145571e-13,3.241851231905457e-14,2.202249316984071e-13,2.1782575743145571e-13,-24.525000000007598,7.595701845275471e-12,-7.595701845275471e-12,-3.097126134668897e-13,-24.52500000001659,1.658762016631954e-11,-1.658762016631954e-11,-6.763555623371881e-13
screenshot_like_simple_start,dop853_reference,DOP853,1e-11,1e-13,3.224030037546934,0.40986685411674495,-0.3655763733887912,0.4098668541152107,-0.3655763733871785,1.534272708880735e-12,1.6126544544192711e-12,1.6126544544192711e-12,0.04099957435506324,-1.85109175781891,0.04099957435516216,-1.851091757820098,9.892087149410145e-14,1.1879386363489175e-12,1.1920501426314576e-12,1.4071521725611547e-12,-24.52500000000371,3.709033080667723e-12,-3.709033080667723e-12,-1.5123478412508552e-13,-24.525000000033177,3.317524033263908e-11,-3.317524033263908e-11,-1.3527111246743762e-12
screenshot_like_simple_start,dop853_reference,DOP853,1e-11,1e-13,3.2290362953692116,0.4060048316600614,-0.37329829266857734,0.40600483165834733,-0.3732982926665745,1.7140733277187792e-12,2.0028423364237824e-12,2.0028423364237824e-12,0.03025355660432849,-1.8498355736788732,0.03025355660461876,-1.8498355736802807,2.902678097882472e-13,1.4075407506197735e-12,1.4371591303869384e-12,1.5746848269770908e-12,-24.525000000008525,8.522960115442402e-12,-8.522960115442402e-12,-3.475213094981611e-13,-24.525000000040613,4.0611070062368526e-11,-4.0611070062368526e-11,-1.6559049974462191e-12
screenshot_like_simple_start,dop853_reference,DOP853,1e-11,1e-13,3.2340425531914896,0.4019376853786705,-0.3807735687255407,0.4019376853791576,-0.3807735687261656,4.871103520542874e-13,6.248890294102694e-13,6.248890294102694e-13,0.01956359227420046,-1.848682120398292,0.01956359227406862,-1.848682120397869,1.3183898417423734e-13,4.2299497238218464e-13,4.430646278012949e-13,4.4825254619240695e-13,-24.525000000016554,1.6552093029531534e-11,-1.6552093029531534e-11,-6.749069532938444e-13,-24.525000000014455,1.4452439245360438e-11,-1.4452439245360438e-11,-5.892941588322299e-13
screenshot_like_simple_start,dop853_reference,DOP853,1e-11,1e-13,3.239048811013767,0.3976675366068251,-0.38800128075285134,0.39766753660824145,-0.3880012807548708,1.4163670236655435e-12,2.0194401706419285e-12,2.0194401706419285e-12,0.008929920501584532,-1.847633893550185,0.008929920501021094,-1.8476338935488725,5.634381849972669e-13,1.31250565971186e-12,1.4283324875842737e-12,1.31250565971186e-12,-24.52500000000827,8.267164730568766e-12,-8.267164730568766e-12,-3.370913243860862e-13,-24.524999999988655,1.13473674900888e-11,1.13473674900888e-11,4.626857284439878e-13
screenshot_like_simple_start,dop853_reference,DOP853,1e-11,1e-13,3.244055068836045,0.39319646572074346,-0.3949804201630507,0.3931964657206129,-0.39498042016313434,1.305622276959184e-13,8.365530490550555e-14,1.305622276959184e-13,-0.0016472086845563672,-1.8466931762824945,-0.001647208684754209,-1.8466931762825123,1.978417429882029e-13,1.7763568394002505e-14,1.9863760880230746e-13,1.978417429882029e-13,-24.525000000007047,7.045031225061393e-12,-7.045031225061393e-12,-2.8725917329506187e-13,-24.52500000000846,8.459011269223993e-12,-8.459011269223993e-12,-3.449138132201424e-13
screenshot_like_simple_start,dop853_reference,DOP853,1e-11,1e-13,3.249061326658323,0.3885265102307267,-0.4017098935838804,0.38852651022969076,-0.40170989358279197,1.0359491042777336e-12,1.0884071421912722e-12,1.0884071421912722e-12,-0.012167529695181145,-1.8458620432595834,-0.012167529695138124,-1.8458620432604014,4.3021142204224816e-14,8.180123245438153e-13,8.191428335657539e-13,9.58733092915054e-13,-24.5250000000034,3.396394276933279e-12,-3.396394276933279e-12,-1.384870245436607e-13,-24.525000000016572,1.6569856597925536e-11,-1.6569856597925536e-11,-6.756312578155162e-13
screenshot_like_simple_start,dop853_reference,DOP853,1e-11,1e-13,3.254067584480601,0.38365966293793774,-0.4081885259824054,0.3836596629362945,-0.4081885259805555,1.6432410987476942e-12,1.849909114781667e-12,1.849909114781667e-12,-0.022630756861269974,-1.8451423639795963,-0.022630756861095835,-1.8451423639809454,1.741384814124558e-13,1.3491430195244902e-12,1.3603349212015015e-12,1.5237811012980274e-12,-24.524999999996073,3.929301328753354e-12,3.929301328753354e-12,1.6021616019381667e-13,-24.525000000016632,1.6630252730465145e-11,-1.6630252730465145e-11,-6.780938931892005e-13
screenshot_like_simple_start,dop853_reference,DOP853,1e-11,1e-13,3.259073842302879,0.37859787015649143,-0.41441506390312804,0.3785978701550738,-0.4144150639014292,1.4176437801438624e-12,1.6988632722814145e-12,1.6988632722814145e-12,-0.033036580041058805,-1.8445358054751906,-0.033036580040820995,-1.8445358054763987,2.3780977187470853e-13,1.2081446953970953e-12,1.2313273702047076e-12,1.317224107566517e-12,-24.5250000000082,8.196110456992756e-12,-8.196110456992756e-12,-3.3419410629939876e-13,-24.525000000024182,2.417976929791621e-11,-2.417976929791621e-11,-9.859233148997434e-13
screenshot_like_simple_start,dop853_reference,DOP853,1e-11,1e-13,3.2640801001251565,0.3733430299969803,-0.4203881788042861,0.3733430299959036,-0.42038817880278256,1.076749800432708e-12,1.5035195310986182e-12,1.5035195310986182e-12,-0.043384660337584535,-1.844043834408897,-0.0433846603372145,-1.8440438344099035,3.700373341075647e-13,1.006528194125167e-12,1.072392947665315e-12,1.006528194125167e-12,-24.525000000029223,2.922107000813412e-11,-2.922107000813412e-11,-1.191480938150219e-12,-24.525000000038368,3.836575501736661e-11,-3.836575501736661e-11,-1.5643529059068953e-12
screenshot_like_simple_start,dop853_reference,DOP853,1e-11,1e-13,3.2690863579474345,0.3678969906988257,-0.42610647046582395,0.3678969906964976,-0.42610647046275846,2.328082171487722e-12,3.065492304443751e-12,3.065492304443751e-12,-0.05367462590955213,-1.8436677185831192,-0.053674625908933016,-1.8436677185852233,6.191158696822185e-13,2.1040946762695967e-12,2.193289508204156e-12,2.1722623699815813e-12,-24.52500000001121,1.120881165661558e-11,-1.120881165661558e-11,-4.570361531749471e-13,-24.525000000037462,3.745981302927248e-11,-3.745981302927248e-11,-1.52741337530163e-12
screenshot_like_simple_start,dop853_reference,DOP853,1e-11,1e-13,3.274092615769712,0.36226154900566804,-0.4315684704508088,0.3622615490043257,-0.43156847044888713,1.3423151479230455e-12,1.9216850333236835e-12,1.9216850333236835e-12,-0.06390606786144087,-1.8434085278799863,-0.0639060678609506,-1.843408527881266,4.902744876744691e-13,1.2796430581829554e-12,1.370348652577252e-12,1.2796430581829554e-12,-24.52500000000273,2.7284841053187847e-12,-2.7284841053187847e-12,-1.1125317452879855e-13,-24.525000000016533,1.653077674745873e-11,-1.653077674745873e-11,-6.740377878678381e-13
screenshot_like_simple_start,dop853_reference,DOP853,1e-11,1e-13,3.27909887359199,0.35643844861539997,-0.4367726456459499,0.35643844861513563,-0.43677264564546714,2.6434410216324977e-13,4.827804822582493e-13,4.827804822582493e-13,-0.07407853620496918,-1.8432671346153815,-0.0740785362047795,-1.8432671346156777,1.89681603757208e-13,2.9620750296999176e-13,3.51735689999784e-13,2.9620750296999176e-13,-24.52500000000216,2.156497203031904e-12,-2.156497203031904e-12,-8.793056893096447e-14,-24.525000000000936,9.343636975245317e-13,-9.343636975245317e-13,-3.8098417839940126e-14
screenshot_like_simple_start,dop853_reference,DOP853,1e-11,1e-13,3.2841051314142677,0.35042937867825674,-0.44171740184238223,0.35042937867593976,-0.4417174018389443,2.3169799412414704e-12,3.4379166180542597e-12,3.4379166180542597e-12,-0.0841915358804648,-1.84324421333965,-0.08419153587953299,-1.8432442133419151,9.318101845678939e-13,2.2650770148402444e-12,2.449253784976568e-12,2.2650770148402444e-12,-24.524999999982604,1.7397638885086053e-11,1.7397638885086053e-11,7.093838485254251e-13,-24.525000000010483,1.0480505352461478e-11,-1.0480505352461478e-11,-4.273396677864007e-13
screenshot_like_simple_start,dop853_reference,DOP853,1e-11,1e-13,3.289111389236546,0.3442359723625022,-0.4464010873644444,0.3442359723581644,-0.44640108735791634,4.33780789066418e-12,6.528055873644689e-12,6.528055873644689e-12,-0.09424452282743218,-1.8433402400823993,-0.09424452282562717,-1.8433402400866816,1.8050005934355795e-12,4.282352250584154e-12,4.6472107699550234e-12,4.282352250584154e-12,-24.524999999960425,3.957723038183758e-11,3.957723038183758e-11,1.6137504742849164e-12,-24.525000000018817,1.8815171642927453e-11,-1.8815171642927453e-11,-7.6718334935484e-13
screenshot_like_simple_start,dop853_reference,DOP853,1e-11,1e-13,3.294117647058824,0.337859805503896,-0.45082199676234713,0.3378598055013669,-0.4508219967589551,2.5290880500961066e-12,3.3920088959860095e-12,3.3920088959860095e-12,-0.1042369001046991,-1.8435554910371152,-0.10423690010403208,-1.8435554910394312,6.67021993194794e-13,2.3159252293680765e-12,2.4100680503730873e-12,2.3860913245243864e-12,-24.52499999999592,4.0820680169417756e-12,4.0820680169417756e-12,1.6644517908019472e-13,-24.52500000001902,1.901767632261908e-11,-1.901767632261908e-11,-7.754404209018993e-13
screenshot_like_simple_start,dop853_reference,DOP853,1e-11,1e-13,3.2991239048811014,0.33130239535632433,-0.45497837458155593,0.33130239535767897,-0.45497837458466955,1.3546386234963848e-12,3.1136204725612515e-12,3.1136204725612515e-12,-0.11416801405715865,-1.8438900406828922,-0.11416801405867455,-1.8438900406810832,1.5158985178231887e-12,1.80899739632423e-12,2.3601737004395214e-12,1.80899739632423e-12,-24.52500000007559,7.558753623015946e-11,-7.558753623015946e-11,-3.0820606006181223e-12,-24.525000000028893,2.8890667636005674e-11,-2.8890667636005674e-11,-1.1780088740471222e-12
screenshot_like_simple_start,dop853_reference,DOP853,1e-11,1e-13,3.3041301627033794,0.32456519944976026,-0.45886841920325205,0.324565199449113,-0.4588684192031848,6.472600233564663e-13,6.727951529228449e-14,6.472600233564663e-13,-0.12403715052081626,-1.8443437593533405,-0.12403715052136938,-1.8443437593535768,5.53113110868253e-13,2.362554596402333e-13,6.014571935093754e-13,6.134537322566302e-13,-24.5250000000724,7.239719934659661e-11,-7.239719934659661e-11,-2.951975508525855e-12,-24.525000000058288,5.828582061440102e-11,-5.828582061440102e-11,-2.3765879965097253e-12
screenshot_like_simple_start,dop853_reference,DOP853,1e-11,1e-13,3.309136420525657,0.31764961456203195,-0.46249028675083886,0.3176496145568265,-0.462490286743276,5.20544718440874e-12,7.562839243746566e-12,7.562839243746566e-12,-0.13384353105919555,-1.844916310263534,-0.1338435310573723,-1.8449163102685342,1.8232637621906633e-12,5.00022245830678e-12,5.322266000405575e-12,5.00022245830678e-12,-24.5250000000091,9.098499731408083e-12,-9.098499731408083e-12,-3.7098877600032957e-13,-24.525000000071365,7.136335966606566e-11,-7.136335966606566e-11,-2.909820985364553e-12
screenshot_like_simple_start,dop853_reference,DOP853,1e-11,1e-13,3.314142678347935,0.3105569758626239,-0.4658420951421414,0.3105569758591973,-0.46584209513719377,3.426592343203083e-12,4.947653398090779e-12,4.947653398090779e-12,-0.143586309251643,-1.8456071459532346,-0.14358630925048532,-1.845607145956504,1.157685058927882e-12,3.269384762916161e-12,3.468300941909917e-12,3.269384762916161e-12,-24.525000000008344,8.341771717823576e-12,-8.341771717823576e-12,-3.4013340337710806e-13,-24.525000000042954,4.2952308376698056e-11,-4.2952308376698056e-11,-1.751368333402571e-12
screenshot_like_simple_start,dop853_reference,DOP853,1e-11,1e-13,3.3191489361702127,0.3032885562530693,-0.46892192830923135,0.3032885562522095,-0.4689219283080113,8.597567102697212e-13,1.2200240817605845e-12,1.2200240817605845e-12,-0.1532645670339614,-1.8464155041430226,-0.15326456703369362,-1.8464155041438306,2.6778579353958776e-13,8.080203173221889e-13,8.512379599307573e-13,8.205658375004532e-13,-24.52500000000346,3.4567904094728874e-12,-3.4567904094728874e-12,-1.4094965991734503e-13,-24.525000000000468,4.654054919228656e-13,-4.654054919228656e-13,-1.8976778467802877e-14
screenshot_like_simple_start,dop853_reference,DOP853,1e-11,1e-13,3.3241551939924907,0.2958455658871862,-0.4717278405405428,0.2958455658864809,-0.4717278405395383,7.052691763931307e-13,1.0044742815296104e-12,1.0044742815296104e-12,-0.16287731107218073,-1.8473404030452416,-0.16287731107196057,-1.8473404030459037,2.2015722578316854e-13,6.621370118864434e-13,6.977783506060137e-13,6.746270209134764e-13,-24.52500000000075,7.496225862269057e-13,-7.496225862269057e-13,-3.0565650814552726e-14,-24.524999999993934,6.0680349633912556e-12,6.0680349633912556e-12,2.4742242460310927e-13
screenshot_like_simple_start,dop853_reference,DOP853,1e-11,1e-13,3.3291614518147687,0.28822915195653687,-0.4742578610682069,0.28822915195529913,-0.4742578610668196,1.2377321390033558e-12,1.3872791804203644e-12,1.3872791804203644e-12,-0.17242346920433704,-1.8483806360676773,-0.17242346920428958,-1.8483806360686628,4.746203430272544e-14,9.85433956657289e-13,9.865762654926343e-13,1.1866618798705986e-12,-24.525000000018693,1.8690826664169435e-11,-1.8690826664169435e-11,-7.621132177031369e-13,-24.525000000011662,1.1660006293823244e-11,-1.1660006293823244e-11,-4.754334880254126e-13
screenshot_like_simple_start,dop853_reference,DOP853,1e-11,1e-13,3.3341677096370463,0.280440398762331,-0.4765099989163013,0.28044039876109117,-0.47650999891498996,1.2398415627501436e-12,1.3113399255360036e-12,1.3113399255360036e-12,-0.18190188695047516,-1.849534765919708,-0.1819018869505013,-1.8495347659206525,2.6145752229922437e-14,9.445777493510832e-13,9.44939535064983e-13,1.1913803277252555e-12,-24.525000000021596,2.1593393739749445e-11,-2.1593393739749445e-11,-8.804645765443198e-13,-24.525000000012987,1.2985168496015831e-11,-1.2985168496015831e-11,-5.294666053421338e-13
screenshot_like_simple_start,dop853_reference,DOP853,1e-11,1e-13,3.3391739674593244,0.2724803281089795,-0.47848224804510814,0.27248032810674466,-0.4784822480420269,2.234823437419209e-12,3.0812574713934282e-12,3.0812574713934282e-12,-0.19131132409634188,-1.8508011181221593,-0.19131132409575907,-1.8508011181241795,5.828115767769759e-13,2.020161815607935e-12,2.102551567801754e-12,2.152389377840791e-12,-24.52500000000915,9.14823772291129e-12,-9.14823772291129e-12,-3.7301682866101076e-13,-24.525000000015556,1.5553780485788593e-11,-1.5553780485788593e-11,-6.342010391758854e-13
screenshot_like_simple_start,dop853_reference,DOP853,1e-11,1e-13,3.344180225281602,0.2643499000814208,-0.4801725928762619,0.2643499000781897,-0.48017259287168274,3.231082068566593e-12,4.5791703762176894e-12,4.5791703762176894e-12,-0.2006504513757355,-1.8521777738973073,-0.20065045137479298,-1.8521777739002667,9.425238367555266e-13,2.9594104944408173e-12,3.105875344803587e-12,3.1188385207769898e-12,-24.525000000008692,8.689937658346025e-12,-8.689937658346025e-12,-3.5432977200187664e-13,-24.52500000002958,2.957634137601417e-11,-2.957634137601417e-11,-1.2059670285836563e-12
screenshot_like_simple_start,dop853_reference,DOP853,1e-11,1e-13,3.34918648310388,0.2560500142619767,-0.4815790142677177,0.25605001425844737,-0.4815790142625653,3.5293434841321414e-12,5.152434034982889e-12,5.152434034982889e-12,-0.20991784726937723,-1.8536625624315881,-0.2099178472682251,-1.8536625624348684,1.1521339438047562e-12,3.2802649485574875e-12,3.4767155128370737e-12,3.414268867629744e-12,-24.52500000000529,5.286437954055145e-12,-5.286437954055145e-12,-2.155530256495472e-13,-24.525000000030374,3.037214924006548e-11,-3.037214924006548e-11,-1.2384158711545558e-12
screenshot_like_simple_start,dop853_reference,DOP853,1e-11,1e-13,3.3541927409261576,0.24758151143534207,-0.48269949599290923,0.24758151143354923,-0.48269949599037815,1.792843651315934e-12,2.531086451540432e-12,2.531086451540432e-12,-0.21911199493382202,-1.8552530525202606,-0.21911199493331832,-1.855253052521875,5.037081862724335e-13,1.6142642778049776e-12,1.6910266395048572e-12,1.738165167353145e-12,-24.525000000012202,1.220001877300092e-11,-1.220001877300092e-11,-4.974523454842373e-13,-24.525000000009012,9.00968188943807e-12,-9.00968188943807e-12,-3.6736725339197023e-13
screenshot_like_simple_start,dop853_reference,DOP853,1e-11,1e-13,3.3591989987484356,0.23894517586680206,-0.48353203184315435,0.23894517586574104,-0.48353203184176385,1.0610123890586465e-12,1.3904988271917773e-12,1.3904988271917773e-12,-0.2282312792980289,-1.8569465435734522,-0.2282312792978287,-1.85694654357435,2.0020096691553135e-13,8.977263377119016e-13,9.197787802376921e-13,1.0308698339400735e-12,-24.525000000015186,1.518429826319334e-11,-1.518429826319334e-11,-6.191355051251107e-13,-24.524999999999757,2.4513724383723456e-13,2.4513724383723456e-13,9.995402399071745e-15
screenshot_like_simple_start,dop853_reference,DOP853,1e-11,1e-13,3.3642052565707137,0.23014173821851686,-0.4840746334311605,0.23014173821617712,-0.4840746334278232,2.339739513246286e-12,3.3372749008719893e-12,3.3372749008719893e-12,-0.23727398435047065,-1.8587400559989906,-0.23727398434979483,-1.8587400560010774,6.758205106649484e-13,2.0867751970854442e-12,2.193482182696369e-12,2.278038868652743e-12,-24.525000000009403,9.400480394106125e-12,-9.400480394106125e-12,-3.833019528687513e-13,-24.52500000001165,1.1649348152786843e-11,-1.1649348152786843e-11,-4.749989053124094e-13
screenshot_like_simple_start,dop853_reference,DOP853,1e-11,1e-13,3.3692115143929913,0.22117187919504747,-0.4843253388196628,0.22117187919252068,-0.4843253388161008,2.5267843373200094e-12,3.561984041056121e-12,3.561984041056121e-12,-0.24623829065804462,-1.860630320962797,-0.24623829065735753,-1.8606303209650097,6.870892743648938e-13,2.212674488077937e-12,2.3168988025242354e-12,2.4652224706045445e-12,-24.525000000008795,8.79296635503124e-12,-8.79296635503124e-12,-3.5853073822757347e-13,-24.52500000000964,9.638512210585759e-12,-9.638512210585759e-12,-3.9300763345915426e-13
screenshot_like_simple_start,dop853_reference,DOP853,1e-11,1e-13,3.3742177722152693,0.21203623401618094,-0.4842822221069503,0.21203623401327273,-0.4842822221028545,2.908201457429982e-12,4.0958347824471275e-12,4.0958347824471275e-12,-0.2551222731615801,-1.8626137695385119,-0.2551222731607983,-1.862613769541031,7.818190539410352e-13,2.51909604287448e-12,2.637628841655156e-12,2.8430868770357165e-12,-24.525000000008554,8.551381824872806e-12,-8.551381824872806e-12,-3.486801967328361e-13,-24.525000000010742,1.0739853451013914e-11,-1.0739853451013914e-11,-4.3791451380280995e-13
screenshot_like_simple_start,dop853_reference,DOP853,1e-11,1e-13,3.379224030037547,0.20273539781364908,-0.4839434040954015,0.20273539780995478,-0.4839434040904292,3.694294870015824e-12,4.972300349237457e-12,4.972300349237457e-12,-0.26392389929343585,-1.864686521279368,-0.2639238992926532,-1.8646865212824253,7.826517212095041e-13,3.057332165212756e-12,3.155918833740297e-12,3.6186609264632352e-12,-24.525000000013442,1.3439915846902295e-11,-1.3439915846902295e-11,-5.480088010969335e-13,-24.52500000001629,1.6289192217300297e-11,-1.6289192217300297e-11,-6.641872463731007e-13
screenshot_like_simple_start,dop853_reference,DOP853,1e-11,1e-13,3.384230287859825,0.1932699320760047,-0.4833070642146935,0.1932699320720344,-0.48330706420902214,3.970296313937638e-12,5.671352276692687e-12,5.671352276692687e-12,-0.2726410274810987,-1.8668443722393009,-0.2726410274799733,-1.8668443722426988,1.12537756891129e-12,3.397948589167754e-12,3.579459356835305e-12,3.896383216073218e-12,-24.525000000009534,9.531930800221744e-12,-9.531930800221744e-12,-3.8866180632912304e-13,-24.525000000018434,1.8431478565617e-11,-1.8431478565617e-11,-7.515383716867277e-13
screenshot_like_simple_start,dop853_reference,DOP853,1e-11,1e-13,3.3892365456821025,0.1836403722593974,-0.4823714538556261,0.18364037225673688,-0.4823714538511396,2.6605107006361095e-12,4.486466753661489e-12,4.486466753661489e-12,-0.2812714060991452,-1.8690827825037104,-0.28127140609778645,-1.8690827825062775,1.3587464486874978e-12,2.567057677538287e-12,2.9044753453298844e-12,2.6157964683193313e-12,-24.525000000009356,9.354295116281719e-12,-9.354295116281719e-12,-3.814187611124044e-13,-24.525000000012184,1.2182255204606918e-11,-1.2182255204606918e-11,-4.967280409625654e-13
screenshot_like_simple_start,dop853_reference,DOP853,1e-11,1e-13,3.3942428035043806,0.1738472367137729,-0.48113491132261405,0.17384723671131985,-0.4811349113183252,2.4530377729092834e-12,4.288847055278211e-12,4.288847055278211e-12,-0.2898126729540652,-1.8713968632877132,-0.2898126729526793,-1.8713968632901223,1.385891401639583e-12,2.4091839634365897e-12,2.779363658612986e-12,2.4160673461892657e-12,-24.525000000008728,8.72546479513403e-12,-8.72546479513403e-12,-3.557783810452204e-13,-24.52500000000721,7.208456054286216e-12,-7.208456054286216e-12,-2.9392277489444305e-13
screenshot_like_simple_start,dop853_reference,DOP853,1e-11,1e-13,3.3992490613266586,0.1638910370639492,-0.4795958785907449,0.16389103706116503,-0.4795958785866996,2.7841617900037363e-12,4.045264123675452e-12,4.045264123675452e-12,-0.29826235538499024,-1.8737813637042475,-0.2982623553841482,-1.8737813637065681,8.4204865302695e-13,2.320588166071502e-12,2.4686383636684412e-12,2.7468305408007154e-12,-24.52500000001357,1.3567813539339113e-11,-1.3567813539339113e-11,-5.532237936529709e-13,-24.52500000001347,1.3468337556332699e-11,-1.3468337556332699e-11,-5.491676883316085e-13
screenshot_like_simple_start,dop853_reference,DOP853,1e-11,1e-13,3.404255319148936,0.15377229021640842,-0.4777529201044665,0.15377229021362945,-0.47775292010041237,2.7789714973636137e-12,4.054145907872453e-12,4.054145907872453e-12,-0.3066178710875074,-1.8762306573108902,-0.3066178710866534,-1.87623065731318,8.539835505416704e-13,2.289723965986923e-12,2.4437929014158792e-12,2.7461644069859403e-12,-24.525000000009502,9.49995637711254e-12,-9.49995637711254e-12,-3.873580581901137e-13,-24.525000000006507,6.505018745883717e-12,-6.505018745883717e-12,-2.652403158362372e-13
screenshot_like_simple_start,dop853_reference,DOP853,1e-11,1e-13,3.4092615769712142,0.14349153215437987,-0.47560474383628165,0.14349153215191782,-0.47560474383288015,2.4620583349843628e-12,3.4015013028465546e-12,3.4015013028465546e-12,-0.3148765297703388,-1.8787387285951191,-0.31487652976975156,-1.8787387285970287,5.872524688754766e-13,1.9095836023552692e-12,1.997842585536826e-12,2.4367452500229092e-12,-24.525000000009854,9.851675031313789e-12,-9.851675031313789e-12,-4.0169928771921663e-13,-24.5249999999867,1.3301360013429075e-11,1.3301360013429075e-11,5.42359225827893e-13
screenshot_like_simple_start,dop853_reference,DOP853,1e-11,1e-13,3.414267834793492,0.13304933371526273,-0.4731502248751938,0.13304933371346925,-0.47315022487303565,1.7934820295550935e-12,2.158162537568842e-12,2.158162537568842e-12,-0.32303553578173805,-1.8812991595739132,-0.3230355357815946,-1.8812991595751347,1.4344081478157023e-13,1.2214673716925972e-12,1.2298608894727982e-12,1.7776335958785694e-12,-24.525000000012515,1.2512657576735364e-11,-1.2512657576735364e-11,-5.102001050656621e-13,-24.52499999994867,5.133315994498844e-11,5.133315994498844e-11,2.093095206727357e-12
screenshot_like_simple_start,dop853_reference,DOP853,1e-11,1e-13,3.41927409261577,0.12244631852839238,-0.47038843178343187,0.12244631852547293,-0.47038843177882145,2.9194563433421195e-12,4.6104231543608876e-12,4.6104231543608876e-12,-0.3310919918446456,-1.8839051167504288,-0.33109199184343346,-1.8839051167528749,1.212141498285746e-12,2.446043367854145e-12,2.7299112017224408e-12,2.8975988275448117e-12,-24.525000000016735,1.673328142715036e-11,-1.673328142715036e-11,-6.822948594148973e-13,-24.52499999999208,7.922551503725117e-12,7.922551503725117e-12,3.2303981666565203e-13
screenshot_like_simple_start,dop853_reference,DOP853,1e-11,1e-13,3.4242803504380475,0.11168318331610536,-0.4673186560018875,0.11168318331090094,-0.4673186559927963,5.204420228110962e-12,9.091172259445557e-12,9.091172259445557e-12,-0.3390429040677891,-1.886549338701383,-0.3390429040648447,-1.8865493387060586,2.9443669724571464e-12,4.675593245906384e-12,5.5254383599549694e-12,5.1719878380040996e-12,-24.525000000019727,1.972466634470038e-11,-1.972466634470038e-11,-8.042677408644396e-13,-24.52500000005326,5.325873075889831e-11,-5.325873075889831e-11,-2.1716098168765873e-12
screenshot_like_simple_start,dop853_reference,DOP853,1e-11,1e-13,3.4292866082603255,0.10076072074382837,-0.4639404445530683,0.10076072073987613,-0.46394044454688055,3.952241311999671e-12,6.187772516597079e-12,6.187772516597079e-12,-0.3468851884058259,-1.8892241246437187,-0.34688518840422433,-1.889224124646885,1.6015522241730196e-12,3.1663560662309465e-12,3.5483489491467803e-12,3.932201786405187e-12,-24.525000000015357,1.5354828519775765e-11,-1.5354828519775765e-11,-6.260888285331606e-13,-24.52500000002368,2.367883666920534e-11,-2.367883666920534e-11,-9.654979273885968e-13
screenshot_like_simple_start,dop853_reference,DOP853,1e-11,1e-13,3.4342928660826035,0.08967984500914551,-0.4602536362988181,0.08967984500652786,-0.46025363629484184,2.6176560918855785e-12,3.976263762694998e-12,3.976263762694998e-12,-0.35461567876311795,-1.8919213243852826,-0.3546156787621626,-1.8919213243872832,9.553469126899472e-13,2.000621890374532e-12,2.2170195470117037e-12,2.607136728727255e-12,-24.525000000019276,1.9273471707492718e-11,-1.9273471707492718e-11,-7.858704060139741e-13,-24.52500000000414,4.1389114358025836e-12,-4.1389114358025836e-12,-1.6876295354954469e-13
screenshot_like_simple_start,dop853_reference,DOP853,1e-11,1e-13,3.439299123904881,0.07844162034331045,-0.45625840198789064,0.07844162034259816,-0.4562584019866422,7.122913370238848e-13,1.2484457911909885e-12,1.2484457911909885e-12,-0.36223113695139003,-1.8946323301390455,-0.3622311369509794,-1.8946323301396513,4.1061598565761415e-13,6.057376822354854e-13,7.317947986680364e-13,7.100986465502501e-13,-24.525000000065532,6.552980380547524e-11,-6.552980380547524e-11,-2.671959380447512e-12,-24.524999999986868,1.3134382470525452e-11,1.3134382470525452e-11,5.355507633241774e-13
screenshot_like_simple_start,dop853_reference,DOP853,1e-11,1e-13,3.444305381727159,0.06704729257306871,-0.4519552882832953,0.06704729257523266,-0.4519552882870198,2.1639495750847004e-12,3.724520691861244e-12,3.724520691861244e-12,-0.3697282647159792,-1.897348070765816,-0.3697282647171707,-1.8973480707640444,1.191491350027718e-12,1.7714718580918998e-12,2.134892077179182e-12,2.1590784715641576e-12,-24.52500000004931,4.930811314807215e-11,-4.930811314807215e-11,-2.0105244912567643e-12,-24.52499999989289,1.071107647021563e-10,1.071107647021563e-10,4.367411404777015e-12
screenshot_like_simple_start,dop853_reference,DOP853,1e-11,1e-13,3.4493116395494368,0.05549832383470735,-0.4473452658889375,0.055498323830729224,-0.4473452658831186,3.978123386261245e-12,5.8189009166653705e-12,5.8189009166653705e-12,-0.3771037180568901,-1.9000590091055742,-0.37710371805561577,-1.900059009108312,1.2743139876647547e-12,2.737809978725636e-12,3.0198476151567177e-12,3.971996342944095e-12,-24.525000000032342,3.234035261812096e-11,-3.234035261812096e-11,-1.3186688121557986e-12,-24.524999999960116,3.9886316471893224e-11,3.9886316471893224e-11,1.6263533729620069e-12
screenshot_like_simple_start,dop853_reference,DOP853,1e-11,1e-13,3.454317897371715,0.04379643051362,-0.44242978185909027,0.04379643050405416,-0.4424297818429712,9.565841174730139e-12,1.611905053877649e-11,1.611905053877649e-11,-0.3843541240745693,-1.9027551431277154,-0.38435412406955893,-1.9027551431350354,5.0103809989821e-12,7.319922445958582e-12,8.87046686312559e-12,9.556667956989173e-12,-24.52500000000617,6.16751094639767e-12,-6.16751094639767e-12,-2.514785299244717e-13,-24.5250000001114,1.1139889011246851e-10,-1.1139889011246851e-10,-4.542258516308604e-12
screenshot_like_simple_start,dop853_reference,DOP853,1e-11,1e-13,3.4593241551939924,0.03194362440863655,-0.43721081607247425,0.03194362440331515,-0.4372108160642141,5.321403040436934e-12,8.260170325513627e-12,8.260170325513627e-12,-0.39147610056760573,-1.905426011724828,-0.39147610056544124,-1.9054260117284958,2.164490808809205e-12,3.667732784151667e-12,4.258789057626647e-12,5.318689932920506e-12,-24.525000000009,8.999023748401669e-12,-8.999023748401669e-12,-3.669326706789671e-13,-24.52500000003004,3.0038194154258235e-11,-3.0038194154258235e-11,-1.2247989461471248e-12
screenshot_like_simple_start,dop853_reference,DOP853,1e-11,1e-13,3.4643304130162704,0.019942256929363193,-0.43169094158572,0.01994225692542999,-0.431690941579685,3.93320098712735e-12,6.035005828408657e-12,6.035005828408657e-12,-0.39846627856950695,-1.9080607061242572,-0.398466278567958,-1.9080607061268606,1.5489276528057871e-12,2.603472992745992e-12,3.029397381920077e-12,3.932416892116208e-12,-24.525000000018444,1.84421367066534e-11,-1.84421367066534e-11,-7.519729543997308e-13,-24.525000000017855,1.7852386235972517e-11,-1.7852386235972517e-11,-7.279260442802249e-13
screenshot_like_simple_start,dop853_reference,DOP853,1e-11,1e-13,3.4693366708385485,0.007795066185801808,-0.4258733886426659,0.007795066180880817,-0.42587338863530955,4.920990698265015e-12,7.356337761166287e-12,7.356337761166287e-12,-0.40532132801989434,-1.9106478878636581,-0.40532132801811593,-1.9106478878667355,1.778410751995807e-12,3.077316179656009e-12,3.554239675709412e-12,4.920841512046081e-12,-24.524999999999363,6.394884621840902e-13,6.394884621840902e-13,2.607496278018716e-14,-24.52500000000389,3.886668764607748e-12,-3.886668764607748e-12,-1.584778293418042e-13
screenshot_like_simple_start,dop853_reference,DOP853,1e-11,1e-13,3.474342928660826,-0.004494773492642989,-0.41976211166997857,-0.004494773495179849,-0.4197621116660504,2.5368596112684827e-12,3.928191105728729e-12,3.928191105728729e-12,-0.4120379866787054,-1.9131758144510091,-0.41203798667765507,-1.9131758144525985,1.0503264924466293e-12,1.5893952820533741e-12,1.9050887389695954e-12,2.536833590416343e-12,-24.5250000000061,6.0964566728216596e-12,-6.0964566728216596e-12,-2.4858131183778425e-13,-24.524999999999583,4.192202140984591e-13,4.192202140984591e-13,1.7093586711456028e-14
screenshot_like_simple_start,dop853_reference,DOP853,1e-11,1e-13,3.479349186483104,-0.016923600102514095,-0.41336185854290164,-0.016923600108666476,-0.4133618585331136,6.1523806882402e-12,9.788059252002768e-12,9.788059252002768e-12,-0.41861309236295496,-1.9156323737764858,-0.4186130923601428,-1.9156323737803134,2.8121394102242903e-12,3.82760489969769e-12,4.749598649436221e-12,6.151499448714404e-12,-24.525000000008962,8.959943897934863e-12,-8.959943897934863e-12,-3.65339200731289e-13,-24.525000000061112,6.111022798904742e-11,-6.111022798904742e-11,-2.491752415455552e-12
screenshot_like_simple_start,dop853_reference,DOP853,1e-11,1e-13,3.4843554443053817,-0.02948721141670385,-0.40667824091440596,-0.02948721142085635,-0.4066782409079671,4.152497790066434e-12,6.438849453616058e-12,6.438849453616058e-12,-0.4250436184543751,-1.9180051284307154,-0.42504361845261207,-1.91800512843314,1.7630341631047486e-12,2.424727085781342e-12,2.997931103410507e-12,4.150690208204466e-12,-24.52500000001679,1.6786572132332367e-11,-1.6786572132332367e-11,-6.84467772979913e-13,-24.52500000001818,1.8179235894422163e-11,-1.8179235894422163e-11,-7.412532474789872e-13
screenshot_like_simple_start,dop853_reference,DOP853,1e-11,1e-13,3.4893617021276597,-0.04218081226914664,-0.3997178042816415,-0.04218081227681157,-0.3997178042701332,7.664931189754753e-12,1.1508294317508216e-11,1.1508294317508216e-11,-0.43132671255557076,-1.92028137094766,-0.4313267125526278,-1.9202813709518152,2.942979193676365e-12,4.155120691962111e-12,5.0917732175720155e-12,7.658110257047213e-12,-24.52499999997776,2.2243540342969936e-11,2.2243540342969936e-11,9.069741220375101e-13,-24.52500000001751,1.750777300912887e-11,-1.750777300912887e-11,-7.138745365597908e-13
screenshot_like_simple_start,dop853_reference,DOP853,1e-11,1e-13,3.4943679599499373,-0.054998962983456794,-0.39248809592568185,-0.054998962988553335,-0.39248809591787204,5.096541244586916e-12,7.809808355574432e-12,7.809808355574432e-12,-0.43745973799018245,-1.922448190951469,-0.4374597379880554,-1.922448190954176,2.1270762928793374e-12,2.7069457786410567e-12,3.44267468754048e-12,5.088832133459675e-12,-24.52500000000634,6.338041202980094e-12,-6.338041202980094e-12,-2.584318533325216e-13,-24.525000000025006,2.5003998871397926e-11,-2.5003998871397926e-11,-1.019531044705318e-12
screenshot_like_simple_start,dop853_reference,DOP853,1e-11,1e-13,3.4993742177722154,-0.06793553035953266,-0.38499772872223803,-0.06793553036460526,-0.3849977287144398,5.0725951217245324e-12,7.7982065249671e-12,7.7982065249671e-12,-0.4434403177260614,-1.9244925549076841,-0.4434403177238949,-1.9244925549102685,2.1664892102535305e-12,2.5843771567224394e-12,3.3723405501719018e-12,5.060896146602545e-12,-24.525000000006262,6.259881502046483e-12,-6.259881502046483e-12,-2.5524491343716543e-13,-24.525000000028896,2.8894220349684474e-11,-2.8894220349684474e-11,-1.1781537349514565e-12
screenshot_like_simple_start,dop853_reference,DOP853,1e-11,1e-13,3.5043804755944934,-0.08098364308587325,-0.37725643817963905,-0.0809836430914479,-0.3772564381711121,5.574651851247836e-12,8.526956918331052e-12,8.526956918331052e-12,-0.4492663800451079,-1.9264013989994733,-0.44926638004273695,-1.9264013990021636,2.370936780238253e-12,2.6902924332716793e-12,3.5859468195171814e-12,5.556374804704944e-12,-24.524999999999963,3.907985046680551e-14,3.907985046680551e-14,1.5934699476781043e-15,-24.525000000018636,1.8633983245308627e-11,-1.8633983245308627e-11,-7.597954432337869e-13
screenshot_like_simple_start,dop853_reference,DOP853,1e-11,1e-13,3.509386733416771,-0.09413565345188693,-0.3692751300650973,-0.09413565345760565,-0.3692751300563411,5.718717166480758e-12,8.756217972916147e-12,8.756217972916147e-12,-0.45493620515008426,-1.9281617351465665,-0.4549362051476117,-1.9281617351491893,2.472577698142686e-12,2.62279087337447e-12,3.6045349823255978e-12,5.6933902037314965e-12,-24.525000000006834,6.831868404333363e-12,-6.831868404333363e-12,-2.785675190349995e-13,-24.52500000001735,1.7347900893582846e-11,-1.7347900893582846e-11,-7.073557958647439e-13
screenshot_like_simple_start,dop853_reference,DOP853,1e-11,1e-13,3.514392991239049,-0.10738310755776122,-0.3610659155276777,-0.10738310756460938,-0.36106591551720296,6.8481609272197375e-12,1.0474732192733427e-11,1.0474732192733427e-11,-0.46044847163777347,-1.9297607697703376,-0.46044847163478286,-1.9297607697733041,2.990607761432784e-12,2.9665159217984183e-12,4.212357000187131e-12,6.808720254269929e-12,-24.52500000000495,4.948930154569098e-12,-4.948930154569098e-12,-2.0179123973778175e-13,-24.525000000039466,3.9463543544115964e-11,-3.9463543544115964e-11,-1.6091149253462165e-12
screenshot_like_simple_start,dop853_reference,DOP853,1e-11,1e-13,3.5193992490613266,-0.12071672625222842,-0.35264213059198607,-0.12071672625739893,-0.3526421305841044,5.170516792496471e-12,7.881695296418911e-12,7.881695296418911e-12,-0.46580230158346203,-1.931186034282835,-0.46580230158119823,-1.9311860342849345,2.2638002583619254e-12,2.099431739566171e-12,3.0874593501546475e-12,5.1328802319616784e-12,-24.525000000001658,1.6555645743210334e-12,-1.6555645743210334e-12,-6.750518141981787e-14,-24.525000000030882,3.0880187296133954e-11,-3.0880187296133954e-11,-1.259130980474371e-12
screenshot_like_simple_start,dop853_reference,DOP853,1e-11,1e-13,3.5244055068836047,-0.13412639901649115,-0.3440183369247485,-0.13412639902119616,-0.3440183369175401,4.705014156058951e-12,7.208400543134985e-12,7.208400543134985e-12,-0.4709973028013513,-1.932425525604242,-0.470997302799228,-1.932425525606044,2.123301534595612e-12,1.802114013571554e-12,2.7849639718903108e-12,4.662770169971964e-12,-24.525000000003107,3.105071755271638e-12,-3.105071755271638e-12,-1.266084303882421e-13,-24.52500000001878,1.8779644506139448e-11,-1.8779644506139448e-11,-7.657347403114962e-13
screenshot_like_simple_start,dop853_reference,DOP853,1e-11,1e-13,3.5294117647058822,-0.14760119287171503,-0.3352103009869671,-0.14760119287776657,-0.33521030097770216,6.051548151475572e-12,9.264922162799394e-12,9.264922162799394e-12,-0.4760336067069416,-1.9334678542886268,-0.4760336067041781,-1.9334678542907846,2.7635116417457084e-12,2.1578294706614543e-12,3.5061695079558194e-12,5.985739681690916e-12,-24.525000000006315,6.31317220722849e-12,-6.31317220722849e-12,-2.57417827002181e-13,-24.52500000001503,1.502797886132612e-11,-1.502797886132612e-11,-6.127616253343983e-13
screenshot_like_simple_start,dop853_reference,DOP853,1e-11,1e-13,3.5344180225281603,-0.16112937807364275,-0.3262349491402256,-0.16112937808223948,-0.3262349491271821,8.596734435428743e-12,1.3043510715959883e-11,1.3043510715959883e-11,-0.4809119001405748,-1.934302397096824,-0.48091190013670465,-1.934302397099625,3.870126441540833e-12,2.800870646524345e-12,4.777316720929774e-12,8.48537906605884e-12,-24.525000000002205,2.2026824808563106e-12,-2.2026824808563106e-12,-8.981376068731134e-14,-24.525000000021187,2.1184831666687387e-11,-2.1184831666687387e-11,-8.638055725458669e-13
screenshot_like_simple_start,dop853_reference,DOP853,1e-11,1e-13,3.5394242803504383,-0.1746984718832209,-0.3171102969580647,-0.1746984718869306,-0.31711029695228804,3.709699214482498e-12,5.776656930578383e-12,5.776656930578383e-12,-0.4856334495280681,-1.9349194501649525,-0.48563344952623266,-1.9349194501661091,1.8354207043103088e-12,1.156630347054488e-12,2.16946143582649e-12,3.653244373680309e-12,-24.52500000000021,2.0961010704922955e-13,-2.0961010704922955e-13,-8.546793355728014e-15,-24.5250000000105,1.049826892085548e-11,-1.049826892085548e-11,-4.2806397230807254e-13
screenshot_like_simple_start,dop853_reference,DOP853,1e-11,1e-13,3.544430538172716,-0.18829530103829717,-0.3078553519429621,-0.1882953010429387,-0.307855351935865,4.6415371546260076e-12,7.097100684916313e-12,7.097100684916313e-12,-0.4902001158836855,-1.9353103783329622,-0.4902001158814815,-1.9353103783342438,2.2040147484858608e-12,1.2816414596272807e-12,2.5495658145219037e-12,4.5594916731062085e-12,-24.525000000006777,6.775024985472555e-12,-6.775024985472555e-12,-2.762497445656495e-13,-24.525000000009918,9.915623877532198e-12,-9.915623877532198e-12,-4.0430678399723537e-13
screenshot_like_simple_start,dop853_reference,DOP853,1e-11,1e-13,3.549436795994994,-0.2019060828506017,-0.2984899898466681,-0.20190608285722633,-0.29848998983656805,6.624645276787078e-12,1.0100031921922437e-11,1.0100031921922437e-11,-0.49461435936138565,-1.9354677558241646,-0.49461435935822223,-1.9354677558258064,3.1634139752156898e-12,1.6417978088156815e-12,3.5640830550959254e-12,6.490058490626893e-12,-24.52500000000562,5.616840326183592e-12,-5.616840326183592e-12,-2.290250897526439e-13,-24.525000000012888,1.2885692513009417e-11,-1.2885692513009417e-11,-5.254105000207713e-13
screenshot_like_simple_start,dop853_reference,DOP853,1e-11,1e-13,3.5544430538172715,-0.21551652382662295,-0.2890348062517733,-0.2155165238327414,-0.28903480624232386,6.118439088709238e-12,9.449441229492095e-12,9.449441229492095e-12,-0.4988792324579172,-1.935385493274917,-0.4988792324548367,-1.9353854932763022,3.080535826427422e-12,1.3851142455223453e-12,3.377608984333713e-12,5.97688565306953e-12,-24.525000000021144,2.114219910254178e-11,-2.114219910254178e-11,-8.620672416938544e-13,-24.52499999998659,1.3411494137471891e-11,1.3411494137471891e-11,5.468499138622585e-13
screenshot_like_simple_start,dop853_reference,DOP853,1e-11,1e-13,3.5594493116395496,-0.22911193393169765,-0.2795109461738457,-0.22911193393767718,-0.27951094616472844,5.979522432753015e-12,9.117262500524248e-12,9.117262500524248e-12,-0.5029983613581744,-1.935058946298382,-0.5029983613552342,-1.9350589462995393,2.940203636114802e-12,1.1572964808692632e-12,3.159767802617003e-12,5.823258542037024e-12,-24.5250000000067,6.696865284538944e-12,-6.696865284538944e-12,-2.7306280467029334e-13,-24.524999999970664,2.9338309559534537e-11,2.9338309559534537e-11,1.1962613479932531e-12
screenshot_like_simple_start,dop853_reference,DOP853,1e-11,1e-13,3.564455569461827,-0.24267735367859242,-0.2699399157715282,-0.24267735368320414,-0.2699399157644763,4.611727666414822e-12,7.051914607814069e-12,7.051914607814069e-12,-0.5069759154447913,-1.934485001208491,-0.5069759154424713,-1.9344850012092634,2.319922032256727e-12,7.722711359292589e-13,2.4450850584672203e-12,4.4766135243179406e-12,-24.525000000006084,6.0822458181064576e-12,-6.0822458181064576e-12,-2.4800186822044676e-13,-24.524999999985674,1.432809426660242e-11,1.432809426660242e-11,5.842240271805268e-13
screenshot_like_simple_start,dop853_reference,DOP853,1e-11,1e-13,3.569461827284105,-0.25619769039413554,-0.2603433814204705,-0.25619769039983065,-0.2603433814117088,5.6951110494196655e-12,8.76165806573681e-12,8.76165806573681e-12,-0.5108165655658279,-1.9336621342970084,-0.5108165655628707,-1.9336621342978204,2.957190048391567e-12,8.120171202108395e-13,3.066650417935116e-12,5.509204203946183e-12,-24.525000000029067,2.9064750606266898e-11,-2.9064750606266898e-11,-1.1851070583595064e-12,-24.525000000015247,1.524469439573295e-11,-1.524469439573295e-11,-6.21598140498795e-13
screenshot_like_simple_start,dop853_reference,DOP853,1e-11,1e-13,3.5744680851063833,-0.2696578595393029,-0.2507429620744424,-0.2696578595445095,-0.2507429620664259,5.206612918584597e-12,8.016531882759637e-12,8.016531882759637e-12,-0.5145254321534756,-1.9325904421236952,-0.5145254321507282,-1.9325904421242974,2.7473578967374124e-12,6.021849685566849e-13,2.812579269837747e-12,5.0184301159106326e-12,-24.525000000006052,6.050271394997253e-12,-6.050271394997253e-12,-2.466981200814374e-13,-24.525000000004425,4.423128530106624e-12,-4.423128530106624e-12,-1.8035182589629452e-13
screenshot_like_simple_start,dop853_reference,DOP853,1e-11,1e-13,3.579474342928661,-0.2830429265510644,-0.24116002140545797,-0.28304292655676544,-0.2411600213966406,5.70105074260141e-12,8.817363505997378e-12,8.817363505997378e-12,-0.5181080248032757,-1.9312716415109281,-0.5181080248001876,-1.931271641511442,3.088085342994873e-12,5.138112157965224e-13,3.13053877968283e-12,5.474176667519259e-12,-24.525000000004113,4.1104897263721796e-12,-4.1104897263721796e-12,-1.676040663148697e-13,-24.52499999999187,8.132161610774347e-12,8.132161610774347e-12,3.3158661002138007e-13
screenshot_like_simple_start,dop853_reference,DOP853,1e-11,1e-13,3.584480600750939,-0.29633824464992353,-0.2316154662370472,-0.2963382446564107,-0.23161546622712575,6.487144155187252e-12,9.92145254841148e-12,9.92145254841148e-12,-0.5215701753050297,-1.9297090392904486,-0.5215701753015776,-1.9297090392908318,3.4521274727694617e-12,3.8324898810060404e-13,3.47333613045582e-12,6.204370350815225e-12,-24.525000000017624,1.7621459846850485e-11,-1.7621459846850485e-11,-7.185100854984907e-13,-24.52500000001047,1.0466294497746276e-11,-1.0466294497746276e-11,-4.267602241690632e-13
screenshot_like_simple_start,dop853_reference,DOP853,1e-11,1e-13,3.5894868585732165,-0.30952958431579614,-0.2221295574057915,-0.30952958432142424,-0.2221295573971407,5.628109089883537e-12,8.650802296727989e-12,8.650802296727989e-12,-0.5249179663722384,-1.9279074731942707,-0.5249179663691608,-1.927907473194462,3.0776492465633964e-12,1.91402449445377e-13,3.083595268923263e-12,5.360600852100106e-12,-24.525000000005825,5.822897719554021e-12,-5.822897719554021e-12,-2.374270222040375e-13,-24.525000000016,1.5997869695638656e-11,-1.5997869695638656e-11,-6.523086522176821e-13
screenshot_like_simple_start,dop853_reference,DOP853,1e-11,1e-13,3.5944931163954945,-0.32260325061007833,-0.21272173850088502,-0.32260325061390355,-0.2127217384949159,3.825217920194746e-12,5.969114091897154e-12,5.969114091897154e-12,-0.5281576584464195,-1.9258732265083922,-0.5281576584442129,-1.9258732265084397,2.2065682614424986e-12,4.75175454539567e-14,2.207079837597938e-12,3.6279312887188553e-12,-24.525000000001384,1.3820056210533949e-12,-1.3820056210533949e-12,-5.6350891786071144e-14,-24.525000000023883,2.3881341348896967e-11,-2.3881341348896967e-11,-9.73754998935656e-13
screenshot_like_simple_start,dop853_reference,DOP853,1e-11,1e-13,3.599499374217772,-0.3355461852904972,-0.20341048682886953,-0.33554618529772534,-0.20341048681774374,7.228162512973313e-12,1.1125794729949234e-11,1.1125794729949234e-11,-0.531295616897026,-1.923613920130634,-0.5312956168929546,-1.9236139201305016,4.071409875905374e-12,1.3233858453531866e-13,4.073560098805052e-12,6.82509604388315e-12,-24.525000000007246,7.243983191074221e-12,-7.243983191074221e-12,-2.9537138393778675e-13,-24.52500000000116,1.1581846592889633e-12,-1.1581846592889633e-12,-4.7224654813005635e-14
screenshot_like_simple_start,dop853_reference,DOP853,1e-11,1e-13,3.60450563204005,-0.34834605149966485,-0.1942131897575921,-0.348346051505279,-0.19421318974896895,5.61412027977326e-12,8.623157743414822e-12,8.623157743414822e-12,-0.534338241777762,-1.9211383864144862,-0.5343382417745779,-1.921138386414234,3.184119634624949e-12,2.5224267119483557e-13,3.194095210349188e-12,5.2769455471946e-12,-24.525000000006877,6.874500968478969e-12,-6.874500968478969e-12,-2.8030584988701197e-13,-24.525000000015076,1.5074164139150525e-11,-1.5074164139150525e-11,-6.146448170907451e-13
screenshot_like_simple_start,dop853_reference,DOP853,1e-11,1e-13,3.609511889862328,-0.36099129973914745,-0.18514604826354042,-0.3609912997442201,-0.18514604825572378,5.0726645106635715e-12,7.816636227175877e-12,7.816636227175877e-12,-0.5372919020130744,-1.9184565296137843,-0.5372919020101371,-1.9184565296134317,2.9373170562507767e-12,3.526068326209497e-13,2.9584054940715456e-12,4.745703829911463e-12,-24.52500000000436,4.359179683888215e-12,-4.359179683888215e-12,-1.777443296182758e-13,-24.52500000001989,1.9888091173925204e-11,-1.9888091173925204e-11,-8.109313424638207e-13
screenshot_like_simple_start,dop853_reference,DOP853,1e-11,1e-13,3.6145181476846058,-0.3734712147903188,-0.17622400815120362,-0.37347121479397916,-0.17622400814551856,3.66034980103791e-12,5.685063531046808e-12,5.685063531046808e-12,-0.5401628755061129,-1.915579177857698,-0.540162875503924,-1.9155791778573592,2.1889157153509586e-12,3.388400671155978e-13,2.2149863656450125e-12,3.408051618691843e-12,-24.525000000000666,6.643574579356937e-13,-6.643574579356937e-13,-2.7088989110527772e-14,-24.525000000045548,4.554578936222242e-11,-4.554578936222242e-11,-1.8571167935666632e-12
screenshot_like_simple_start,dop853_reference,DOP853,1e-11,1e-13,3.619524405506884,-0.3857759440345233,-0.16746071828445358,-0.38577594404180515,-0.16746071827323972,7.28184179621394e-12,1.1213863171377625e-11,1.1213863171377625e-11,-0.5429572962696164,-1.9125179314167533,-0.5429572962653061,-1.9125179314158824,4.310329870804708e-12,8.708589405159728e-13,4.397424119803312e-12,6.746714298344614e-12,-24.525000000002716,2.7142732506035827e-12,-2.7142732506035827e-12,-1.1067373091146105e-13,-24.52500000001347,1.3468337556332699e-11,-1.3468337556332699e-11,-5.491676883316085e-13
screenshot_like_simple_start,dop853_reference,DOP853,1e-11,1e-13,3.6245306633291614,-0.39789650835753493,-0.15886851412439496,-0.3978965083626677,-0.15886851411649464,5.132783087447024e-12,7.900319287656998e-12,7.900319287656998e-12,-0.5456811092505021,-1.9092850116130937,-0.545681109247433,-1.9092850116123548,3.0691005292737827e-12,7.389644451905042e-13,3.1568095460518874e-12,4.731770530952417e-12,-24.52500000000635,6.348699344016495e-12,-6.348699344016495e-12,-2.5886643604552477e-13,-24.52500000001506,1.5056400570756523e-11,-1.5056400570756523e-11,-6.139205125690733e-13
screenshot_like_simple_start,dop853_reference,DOP853,1e-11,1e-13,3.6295369211514394,-0.4098247973365209,-0.1504584241357595,-0.40982479734157484,-0.15045842412798419,5.053957252698638e-12,7.775308175084206e-12,7.775308175084206e-12,-0.5483400331386822,-1.905893114151505,-0.5483400331356302,-1.9058931141506568,3.0520030946945553e-12,8.482103908136196e-13,3.1676779756012663e-12,4.635458683566185e-12,-24.525000000005747,5.74473801862041e-12,-5.74473801862041e-12,-2.3424008230868134e-13,-24.525000000016714,1.6711965145077556e-11,-1.6711965145077556e-11,-6.814256939888911e-13
screenshot_like_simple_start,dop853_reference,DOP853,1e-11,1e-13,3.634543178973717,-0.4215535508023458,-0.14224019605963956,-0.4215535508072536,-0.14224019605209037,4.907796391506736e-12,7.549183500543677e-12,7.549183500543677e-12,-0.5509395310907141,-1.9023552699598585,-0.5509395310877194,-1.9023552699589206,2.9947155866238973e-12,9.379164112033322e-13,3.1381536990996236e-12,4.4781400809768e-12,-24.52499999999513,4.870770453635487e-12,4.870770453635487e-12,1.9860429984242554e-13,-24.52500000002545,2.5448088081247988e-11,-2.5448088081247988e-11,-1.0376386577471146e-12
screenshot_like_simple_start,dop853_reference,DOP853,1e-11,1e-13,3.639549436795995,-0.4330763290329298,-0.1342223398170172,-0.43307632903803966,-0.13422233980918008,5.109856981988514e-12,7.837119841980211e-12,7.837119841980211e-12,-0.5534847890322179,-1.8986847159068398,-0.5534847890290893,-1.8986847159057443,3.128608483393691e-12,1.0955680807001045e-12,3.314884683033768e-12,4.638123218825285e-12,-24.52500000000644,6.437517185986508e-12,-6.437517185986508e-12,-2.624879586538841e-13,-24.525000000025596,2.559374934207881e-11,-2.559374934207881e-11,-1.0435779548248239e-12
screenshot_like_simple_start,dop853_reference,DOP853,1e-11,1e-13,3.644555694618273,-0.4443874739123758,-0.1264121836927163,-0.44438747391718275,-0.12641218368532633,4.80693262971954e-12,7.38997751881243e-12,7.38997751881243e-12,-0.5559807009726551,-1.8948947770477114,-0.5559807009696641,-1.8948947770465765,2.9909408283401717e-12,1.134869975771835e-12,3.1990087371779026e-12,4.340028336713431e-12,-24.525000000009246,9.244160992238903e-12,-9.244160992238903e-12,-3.769280730780388e-13,-24.525000000016547,1.6544987602173933e-11,-1.6544987602173933e-11,-6.746172314851756e-13
screenshot_like_simple_start,dop853_reference,DOP853,1e-11,1e-13,3.6495619524405507,-0.4554820633003908,-0.11881594057660369,-0.4554820633045444,-0.11881594057015993,4.153566379727636e-12,6.443762190500024e-12,6.443762190500024e-12,-0.55843186062735,-1.8909987613929093,-0.5584318606246816,-1.890998761391846,2.6683100173841012e-12,1.063371612985975e-12,2.8723923019282616e-12,3.730127318135601e-12,-24.524999999999128,8.739675649849232e-13,8.739675649849232e-13,3.5635782466255786e-14,-24.525000000015787,1.5784706874910626e-11,-1.5784706874910626e-11,-6.436169979576197e-13
screenshot_like_simple_start,dop853_reference,DOP853,1e-11,1e-13,3.6545682102628287,-0.46635586069834645,-0.11143878126242136,-0.46635586070353263,-0.11143878125444423,5.186184814931494e-12,7.977132843173251e-12,7.977132843173251e-12,-0.5608425585532846,-1.8870098676173517,-0.5608425585499893,-1.8870098676159066,3.295252959389927e-12,1.4450662888521038e-12,3.5981812969255545e-12,4.6323500590972344e-12,-24.525000000006788,6.785683126508957e-12,-6.785683126508957e-12,-2.7668432727865263e-13,-24.525000000008397,8.395062423005584e-12,-8.395062423005584e-12,-3.4230631694212364e-13
screenshot_like_simple_start,dop853_reference,DOP853,1e-11,1e-13,3.6595744680851063,-0.477005262089844,-0.10428491210029797,-0.477005262094234,-0.10428491209363325,4.389988372821563e-12,6.664724327976046e-12,6.664724327976046e-12,-0.5632167839641801,-1.8829411056443062,-0.5632167839614515,-1.8829411056429843,2.7285951276212472e-12,1.3218315331187114e-12,3.031908635237113e-12,3.89999144090325e-12,-24.525000000011172,1.1169731806148775e-11,-1.1169731806148775e-11,-4.554426832272691e-13,-24.52500000002451,2.4506618956365855e-11,-2.4506618956365855e-11,-9.992505180985057e-13
screenshot_like_simple_start,dop853_reference,DOP853,1e-11,1e-13,3.6645807259073844,-0.48742724154260686,-0.09735765471328596,-0.48742724154639167,-0.09735765470742447,3.78480580209839e-12,5.861491847447553e-12,5.861491847447553e-12,-0.5655582304176122,-1.8788052296686184,-0.5655582304151225,-1.8788052296674156,2.4896751327219135e-12,1.2028156248788946e-12,2.765004103784782e-12,3.3440472613222028e-12,-24.52500000000462,4.618527782440651e-12,-4.618527782440651e-12,-1.8831917563468505e-13,-24.52500000001843,1.8427925851938198e-11,-1.8427925851938198e-11,-7.513935107823934e-13
screenshot_like_simple_start,dop853_reference,DOP853,1e-11,1e-13,3.669586983729662,-0.49761929692061674,-0.09065952582623912,-0.4976192969246634,-0.09065952581999202,4.046651902456233e-12,6.2471000594754855e-12,6.2471000594754855e-12,-0.5678703045916398,-1.874614682896388,-0.5678703045889743,-1.874614682895022,2.6655344598225383e-12,1.3660184094987926e-12,2.995176163699064e-12,3.5558778144206826e-12,-24.525000000005942,5.9401372709544376e-12,-5.9401372709544376e-12,-2.4220743204707184e-13,-24.525000000015655,1.5653256468795007e-11,-1.5653256468795007e-11,-6.382571444972479e-13
screenshot_like_simple_start,dop853_reference,DOP853,1e-11,1e-13,3.67459324155194,-0.5075793967818953,-0.08419231564530784,-0.5075793967867609,-0.08419231563779697,4.8655524054197485e-12,7.510866928406301e-12,7.510866928406301e-12,-0.5701561374364839,-1.8703815530887842,-0.5701561374332518,-1.870381553087051,3.2320812692887557e-12,1.7332801860447944e-12,3.66750726442671e-12,4.252098673163118e-12,-24.525000000007477,7.474909580196254e-12,-7.474909580196254e-12,-3.04787342719521e-13,-24.52500000000013,1.2789769243681803e-13,-1.2789769243681803e-13,-5.214992556037432e-15
screenshot_like_simple_start,dop853_reference,DOP853,1e-11,1e-13,3.679599499374218,-0.5173059292726261,-0.07795716360403158,-0.517305929277695,-0.07795716359635402,5.068945263531077e-12,7.677566915553768e-12,7.677566915553768e-12,-0.572418597073224,-1.8661175378898842,-0.5724185970699753,-1.866117537887975,3.2486235923556706e-12,1.909139513145419e-12,3.768072308948302e-12,4.405698028620009e-12,-24.525000000020782,2.077982230730413e-11,-2.077982230730413e-11,-8.472914294517484e-13,-24.52500000000734,7.336353746723034e-12,-7.336353746723034e-12,-2.991377674504805e-13
screenshot_like_simple_start,dop853_reference,DOP853,1e-11,1e-13,3.6846057571964956,-0.5267976536374336,-0.07195463056451049,-0.5267976536393747,-0.07195463056156443,1.9411139362546237e-12,2.9460600625696998e-12,2.9460600625696998e-12,-0.5746603028774202,-1.861833918856844,-0.5746603028761597,-1.86183391885608,1.2605472221594027e-12,7.640554855470327e-13,1.4740285222098989e-12,1.677880057115999e-12,-24.525000000004024,4.021671884402167e-12,-4.021671884402167e-12,-1.6398254370651037e-13,-24.525000000032,3.199929210495611e-11,-3.199929210495611e-11,-1.3047621653396985e-12
screenshot_like_simple_start,dop853_reference,DOP853,1e-11,1e-13,3.6896120150187737,-0.5360536547335464,-0.0661847668941125,-0.5360536547370857,-0.06618476688864258,3.5392799802025365e-12,5.46991618666226e-12,5.46991618666226e-12,-0.5768836402906696,-1.8575415431229585,-0.5768836402882545,-1.8575415431215128,2.4151791677695655e-12,1.4457324226668788e-12,2.8148237334473244e-12,3.0427882435901665e-12,-24.525000000006333,6.330935775622493e-12,-6.330935775622493e-12,-2.581421315238529e-13,-24.525000000014977,1.497468815614411e-11,-1.497468815614411e-11,-6.105887117693827e-13
screenshot_like_simple_start,dop853_reference,DOP853,1e-11,1e-13,3.6946182728410513,-0.5450733008370007,-0.06064717598152323,-0.5450733008406887,-0.06064717597583968,3.6880498655023075e-12,5.683550852175756e-12,5.683550852175756e-12,-0.5790907759488579,-1.853250811634945,-0.5790907759463384,-1.8532508116333775,2.5195401320843303e-12,1.567634910770721e-12,2.9674166695377734e-12,3.153588501447757e-12,-24.525000000008696,8.693490372024826e-12,-8.693490372024826e-12,-3.54474632906211e-13,-24.52500000001301,1.3006484778088634e-11,-1.3006484778088634e-11,-5.3033577076814e-13
screenshot_like_simple_start,dop853_reference,DOP853,1e-11,1e-13,3.6996245306633293,-0.5538562048099503,-0.05534107306917911,-0.5538562048147155,-0.05534107306187271,4.765188243993634e-12,7.306398541739867e-12,7.306398541739867e-12,-0.5812836728374919,-1.8489716730000725,-0.5812836728342495,-1.8489716729979704,3.2424063434177697e-12,2.1020962748252714e-12,3.864195601217681e-12,4.052869151394134e-12,-24.525000000024068,2.4066082460194593e-11,-2.4066082460194593e-11,-9.812877659610435e-13,-24.524999999993035,6.966871524127782e-12,6.966871524127782e-12,2.840722333997057e-13
screenshot_like_simple_start,dop853_reference,DOP853,1e-11,1e-13,3.704630788485607,-0.5624021886813999,-0.05026533930566716,-0.5624021886855123,-0.050265339299489245,4.112377105514042e-12,6.1779123483596265e-12,6.1779123483596265e-12,-0.5834641052031848,-1.8447136220207638,-0.5834641052004936,-1.8447136220188816,2.6911806116913795e-12,1.8822721159494904e-12,3.2841134881767652e-12,3.4789948699653905e-12,-24.525000000030932,3.092992528763716e-11,-3.092992528763716e-11,-1.2611590331350524e-12,-24.525000000008067,8.064660050877137e-12,-8.064660050877137e-12,-3.2883425283902695e-13
screenshot_like_simple_start,dop853_reference,DOP853,1e-11,1e-13,3.709637046307885,-0.5707112515544821,-0.045418571120009646,-0.5707112515557505,-0.04541857111796208,1.2684298056342413e-12,2.0475635076344645e-12,2.0475635076344645e-12,-0.5856336730395957,-1.8404857021033993,-0.5856336730386176,-1.8404857021028072,9.78106484694763e-13,5.921929613350585e-13,1.1434092875504958e-12,1.0673684158746255e-12,-24.525000000018537,1.8534507262302213e-11,-1.8534507262302213e-11,-7.557393379124245e-13,-24.525000000028662,2.865974124688364e-11,-2.865974124688364e-11,-1.1685929152653878e-12
screenshot_like_simple_start,dop853_reference,DOP853,1e-11,1e-13,3.714643304130163,-0.578783540712701,-0.04079912508076169,-0.5787835407157121,-0.04079912507613537,3.0111468873883496e-12,4.626320160294739e-12,4.626320160294739e-12,-0.5877938160073087,-1.8362965108103597,-0.587793816005207,-1.836296510808901,2.101763207917884e-12,1.4586110097525307e-12,2.5583108997791044e-12,2.520761377411418e-12,-24.52500000000868,8.679279517309624e-12,-8.679279517309624e-12,-3.5389518928887353e-13,-24.525000000016053,1.6051160400820663e-11,-1.6051160400820663e-11,-6.544815657826977e-13
screenshot_like_simple_start,dop853_reference,DOP853,1e-11,1e-13,3.7196495619524406,-0.5866193257845762,-0.0364051584254315,-0.5866193257874706,-0.0364051584209797,2.894351425197783e-12,4.451800039717568e-12,4.451800039717568e-12,-0.5899458266747226,-1.8321542078983257,-0.5899458266726841,-1.8321542078968855,2.03848049551425e-12,1.440181307543753e-12,2.4959016265050305e-12,2.4104052087636774e-12,-24.525000000008692,8.689937658346025e-12,-8.689937658346025e-12,-3.5432977200187664e-13,-24.525000000015456,1.545430450278218e-11,-1.545430450278218e-11,-6.301449338545231e-13
screenshot_like_simple_start,dop853_reference,DOP853,1e-11,1e-13,3.7246558197747186,-0.5942189757277017,-0.032234665578680446,-0.5942189757302692,-0.032234665574711496,2.567501766748137e-12,3.96895016852028e-12,3.96895016852028e-12,-0.5920908630343318,-1.8280665253047301,-0.5920908630324921,-1.828066525303421,1.8396395518038844e-12,1.3091749906379846e-12,2.2579222388455197e-12,2.1272983374842624e-12,-24.52500000000775,7.748468533463893e-12,-7.748468533463893e-12,-3.1594163235326774e-13,-24.52500000001186,1.1858958259836072e-11,-1.1858958259836072e-11,-4.835456986681375e-13
screenshot_like_simple_start,dop853_reference,DOP853,1e-11,1e-13,3.729662077596996,-0.6015829384647292,-0.02828551089059573,-0.6015829384675007,-0.028285510886319844,2.7714497363717783e-12,4.275885201465712e-12,4.275885201465712e-12,-0.5942299602394877,-1.8240407785813348,-0.5942299602374985,-1.8240407785798873,1.989186593220893e-12,1.447508779506279e-12,2.4601107636440883e-12,2.2849500069810347e-12,-24.525000000012824,1.2821743666791008e-11,-1.2821743666791008e-11,-5.228030037427525e-13,-24.525000000012923,1.2921219649797422e-11,-1.2921219649797422e-11,-5.26859109064115e-13
screenshot_like_simple_start,dop853_reference,DOP853,1e-11,1e-13,3.7346683354192742,-0.6087117229367892,-0.0245554579110838,-0.6087117229397265,-0.024555457906612028,2.9373170562507767e-12,4.471773645819965e-12,4.471773645819965e-12,-0.5963640415519972,-1.8200838793749075,-0.5963640415499365,-1.8200838793733376,2.060684956006753e-12,1.5698553568199713e-12,2.5905343713699134e-12,2.4097390749489023e-12,-24.525000000017847,1.7845280808614916e-11,-1.7845280808614916e-11,-7.276363224715562e-13,-24.525000000016124,1.6122214674396673e-11,-1.6122214674396673e-11,-6.573787838693852e-13
screenshot_like_simple_start,dop853_reference,DOP853,1e-11,1e-13,3.739674593241552,-0.6156058833611677,-0.021042195495191724,-0.6156058833635631,-0.021042195491524973,2.3954171979312378e-12,3.666750930664264e-12,3.666750930664264e-12,-0.5984939285040056,-1.8162023486098489,-0.5984939285022953,-1.8162023486085428,1.7102985694350537e-12,1.3060663661690342e-12,2.1519596997735753e-12,1.9556578578772132e-12,-24.52500000000896,8.956391184256063e-12,-8.956391184256063e-12,-3.651943398269546e-13,-24.525000000016064,1.6061818541857065e-11,-1.6061818541857065e-11,-6.549161484957009e-13
screenshot_like_simple_start,dop853_reference,DOP853,1e-11,1e-13,3.74468085106383,-0.6222660054839684,-0.017743361026374523,-0.6222660054861855,-0.017743361022981317,2.2171153801764376e-12,3.3932058551844335e-12,3.3932058551844335e-12,-0.6006203502881989,-1.8124023300858123,-0.6006203502866078,-1.8124023300845802,1.5911716388927744e-12,1.2321255127289987e-12,2.012451356811989e-12,1.8015589020592415e-12,-24.525000000008337,8.334666290465975e-12,-8.334666290465975e-12,-3.3984368156843934e-13,-24.525000000016007,1.6004975122996257e-11,-1.6004975122996257e-11,-6.525983740263509e-13
screenshot_like_simple_start,dop853_reference,DOP853,1e-11,1e-13,3.749687108886108,-0.6286926946367102,-0.01465656101903753,-0.6286926946386374,-0.01465656101608204,1.9272361484468092e-12,2.9554900193851097e-12,2.9554900193851097e-12,-0.602743952393478,-1.8086896042483174,-0.6027439523920816,-1.8086896042472271,1.3964385203735219e-12,1.0902390101819037e-12,1.7716268344392982e-12,1.5587531265737198e-12,-24.525000000008053,8.050449196161935e-12,-8.050449196161935e-12,-3.2825480922168945e-13,-24.52500000001742,1.7418955167158856e-11,-1.7418955167158856e-11,-7.102530139514314e-13
screenshot_like_simple_start,dop853_reference,DOP853,1e-11,1e-13,3.7546933667083855,-0.6348865653950989,-0.01177938938164768,-0.6348865653973922,-0.011779389378123126,2.2932766796657233e-12,3.5245539126149694e-12,3.5245539126149694e-12,-0.6048653045271505,-1.805069601945791,-0.6048653045254726,-1.8050696019444723,1.677880057115999e-12,1.318722908649761e-12,2.1340833151180566e-12,1.846411912254098e-12,-24.52500000001325,1.3248069308247068e-11,-1.3248069308247068e-11,-5.401863122628774e-13,-24.5250000000162,1.6196821661651484e-11,-1.6196821661651484e-11,-6.60420862860407e-13
screenshot_like_simple_start,dop853_reference,DOP853,1e-11,1e-13,3.7596996245306635,-0.6408482326756003,-0.009109443564983258,-0.6408482326776583,-0.009109443561831175,2.0580204207476527e-12,3.1520827614706093e-12,3.1520827614706093e-12,-0.6069849078498751,-1.8015474180104398,-0.6069849078483728,-1.8015474180092381,1.5023537969227618e-12,1.2017054018542694e-12,1.9238406389236012e-12,1.6496803922905201e-12,-24.525000000009108,9.105605158765684e-12,-9.105605158765684e-12,-3.712784978089983e-13,-24.525000000013723,1.3720580227527535e-11,-1.3720580227527535e-11,-5.594528125393489e-13
screenshot_like_simple_start,dop853_reference,DOP853,1e-11,1e-13,3.764705882352941,-0.6465783040965657,-0.006644338836937467,-0.6465783040983389,-0.006644338834231083,1.7732482149313e-12,2.70638372823484e-12,2.70638372823484e-12,-0.6091032015693162,-1.7981278245443986,-0.6091032015680252,-1.7981278245433483,1.290967333034132e-12,1.050270981295398e-12,1.6642312907503145e-12,1.4153123117921496e-12,-24.525000000008827,8.824940778140444e-12,-8.824940778140444e-12,-3.5983448636658283e-13,-24.525000000016004,1.6001422409317456e-11,-1.6001422409317456e-11,-6.524535131220165e-13
screenshot_like_simple_start,dop853_reference,DOP853,1e-11,1e-13,3.769712140175219,-0.6520773734679614,-0.004381720869669029,-0.6520773734695552,-0.004381720867237494,1.5938361741518747e-12,2.431535008062813e-12,2.431535008062813e-12,-0.6112205689219082,-1.7948152838058669,-0.6112205689207435,-1.7948152838049103,1.1647349751342517e-12,9.565681580170349e-13,1.5071928221807219e-12,1.2667644710973036e-12,-24.525000000008202,8.199663170671556e-12,-8.199663170671556e-12,-3.3433896720373314e-13,-24.52500000001612,1.6118661960717873e-11,-1.6118661960717873e-11,-6.572339229650508e-13
screenshot_like_simple_start,dop853_reference,DOP853,1e-11,1e-13,3.7747183979974968,-0.6573460152622902,-0.0023192768449438296,-0.6573460152639374,-0.002319276842430667,1.6472379016363448e-12,2.5131624212249015e-12,2.5131624212249015e-12,-0.6133373425907501,-1.7916139606265347,-0.613337342589541,-1.7916139606255341,1.209143896119258e-12,1.000532989792191e-12,1.5694251257020705e-12,1.3039569424222464e-12,-24.52500000001128,1.127631321651279e-11,-1.127631321651279e-11,-4.597885103573003e-13,-24.525000000016927,1.6925127965805586e-11,-1.6925127965805586e-11,-6.901173482489535e-13
screenshot_like_simple_start,dop853_reference,DOP853,1e-11,1e-13,3.779724655819775,-0.6623847799526356,-0.00045474523393955674,-0.6623847799541183,-0.0004547452316705936,1.4827028493868966e-12,2.268963120687084e-12,2.268963120687084e-12,-0.6154538095916611,-1.7885277342983226,-0.6154538095905613,-1.7885277342974117,1.09978692819368e-12,9.108269694024784e-13,1.4279835627963629e-12,1.1691758672327524e-12,-24.525000000009147,9.14468500923249e-12,-9.14468500923249e-12,-3.728719677566764e-13,-24.525000000015282,1.5280221532520954e-11,-1.5280221532520954e-11,-6.230467495421388e-13
screenshot_like_simple_start,dop853_reference,DOP853,1e-11,1e-13,3.784730913642053,-0.6671941901003549,0.0012140755850222674,-0.667194190101667,0.0012140755870213883,1.3121725928044725e-12,1.999120920886943e-12,1.999120920886943e-12,-0.6175702156697641,-1.7855602098918673,-0.6175702156687958,-1.7855602098910528,9.683365220780615e-13,8.144596108650148e-13,1.2653142209430145e-12,1.0307310560619953e-12,-24.52500000000896,8.956391184256063e-12,-8.956391184256063e-12,-3.651943398269546e-13,-24.525000000015844,1.5841550293771434e-11,-1.5841550293771434e-11,-6.459347724269697e-13
screenshot_like_simple_start,dop853_reference,DOP853,1e-11,1e-13,3.7897371714643304,-0.6717747371011635,0.002689319745993318,-0.6717747371023083,0.002689319747736349,1.144750960690999e-12,1.74303106670326e-12,1.74303106670326e-12,-0.6196867692362078,-1.782714728972719,-0.6196867692353608,-1.7827147289720018,8.469891454865319e-13,7.172040739078511e-13,1.1098523758599717e-12,8.960610031749638e-13,-24.52500000000846,8.459011269223993e-12,-8.459011269223993e-12,-3.449138132201424e-13,-24.52500000001601,1.6008527836675057e-11,-1.6008527836675057e-11,-6.527432349306853e-13
screenshot_like_simple_start,dop853_reference,DOP853,1e-11,1e-13,3.7947434292866085,-0.676126878494297,0.0039730472195333355,-0.6761268784954227,0.003973047221243161,1.1257661469699087e-12,1.70982585728785e-12,1.70982585728785e-12,-0.6218036448835436,-1.7799943797000801,-0.6218036448827118,-1.779994379699369,8.317790900491673e-13,7.112088695748753e-13,1.0943831645292213e-12,8.780753901760363e-13,-24.52500000001052,1.0519585202928283e-11,-1.0519585202928283e-11,-4.289331377340788e-13,-24.525000000016796,1.6793677559689968e-11,-1.6793677559689968e-11,-6.847574947885817e-13
screenshot_like_simple_start,dop853_reference,DOP853,1e-11,1e-13,3.799749687108886,-0.6802510357611147,0.005067237940762707,-0.6802510357620333,0.005067237942160406,9.185985305748545e-13,1.397698796978819e-12,1.397698796978819e-12,-0.623920986507123,-1.7774020062936053,-0.6239209865064395,-1.7774020062930203,6.835643162617089e-13,5.850875339774575e-13,8.99770857986721e-13,7.142064717413632e-13,-24.525000000009143,9.141132295553689e-12,-9.141132295553689e-12,-3.7272710685234204e-13,-24.52500000001664,1.6637358157822746e-11,-1.6637358157822746e-11,-6.783836149978693e-13
screenshot_like_simple_start,dop853_reference,DOP853,1e-11,1e-13,3.804755944931164,-0.6841475925389308,0.00597378663844511,-0.6841475925398437,0.005973786639852721,9.129363931492662e-13,1.4076110069205505e-12,1.4076110069205505e-12,-0.6260389100646907,-1.7749402178658915,-0.6260389100639905,-1.7749402178653062,7.002176616310862e-13,5.853095785823825e-13,9.126292108191543e-13,7.074341112911497e-13,-24.525000000008987,8.984812893686467e-12,-8.984812893686467e-12,-3.663532270616296e-13,-24.525000000014778,1.4775736190131283e-11,-1.4775736190131283e-11,-6.024765011266577e-13
screenshot_like_simple_start,dop853_reference,DOP853,1e-11,1e-13,3.8097622027534417,-0.6878168931935681,0.0066944982882225085,-0.6878168931942146,0.006694498289206047,6.464828672392287e-13,9.835387712597843e-13,9.835387712597843e-13,-0.6281575059967727,-1.7726113966170691,-0.6281575059962886,-1.7726113966166521,4.840572387365683e-13,4.169997680492088e-13,6.389054835626041e-13,4.994893387788579e-13,-24.525000000008056,8.054001909840736e-12,-8.054001909840736e-12,-3.2839967012602384e-13,-24.525000000016036,1.603339683242666e-11,-1.603339683242666e-11,-6.537572612610259e-13
screenshot_like_simple_start,dop853_reference,DOP853,1e-11,1e-13,3.8147684605757197,-0.6912592416915955,0.007231084108187199,-0.6912592416922609,0.0072310841091992005,6.654676809603188e-13,1.0120012466918737e-12,1.0120012466918737e-12,-0.6302768413355541,-1.7704177053977421,-0.6302768413350548,-1.7704177053973107,4.992672941739329e-13,4.3143266736933583e-13,6.598499659052658e-13,5.127009927718973e-13,-24.525000000010138,1.0135892125617829e-11,-1.0135892125617829e-11,-4.1328816006596647e-13,-24.525000000016156,1.6154189097505878e-11,-1.6154189097505878e-11,-6.586825320083946e-13
screenshot_like_simple_start,dop853_reference,DOP853,1e-11,1e-13,3.8197747183979978,-0.6944749007287563,0.007585158037859218,-0.6944749007291721,0.0075851580384785275,4.157785227221211e-13,6.1930929134979e-13,6.1930929134979e-13,-0.6323969615208979,-1.7683610946434936,-0.632396961520598,-1.7683610946432229,2.998712389512548e-13,2.7067237340361316e-13,4.039632330721517e-13,3.1941116418465754e-13,-24.52500000000964,9.638512210585759e-12,-9.638512210585759e-12,-3.9300763345915426e-13,-24.525000000017638,1.7635670701565687e-11,-1.7635670701565687e-11,-7.190895291158281e-13
screenshot_like_simple_start,dop853_reference,DOP853,1e-11,1e-13,3.8247809762202754,-0.6974640910688562,0.0077582336373765975,-0.6974640910691134,0.007758233637766047,2.5723867480564877e-13,3.8944975716548313e-13,3.8944975716548313e-13,-0.6345178919461023,-1.766443308691243,-0.63451789194591,-1.7664433086910747,1.9229062786507711e-13,1.6830981053317373e-13,2.555462343421605e-13,1.971756091734278e-13,-24.52500000000897,8.967049325292464e-12,-8.967049325292464e-12,-3.6562892253995775e-13,-24.52500000001753,1.752908929120167e-11,-1.752908929120167e-11,-7.14743701985797e-13
screenshot_like_simple_start,dop853_reference,DOP853,1e-11,1e-13,3.8297872340425534,-0.7002269910611825,0.007751721364000935,-0.7002269910615212,0.007751721364563625,3.3872904481313526e-13,5.626905191791209e-13,5.626905191791209e-13,-0.6366396392474908,-1.7646658914834545,-0.6366396392471871,-1.7646658914832318,3.036459972349803e-13,2.227107387398064e-13,3.7656468871477576e-13,3.036459972349803e-13,-24.525000000008365,8.363087999896379e-12,-8.363087999896379e-12,-3.410025688031143e-13,-24.525000000014092,1.4090062450122787e-11,-1.4090062450122787e-11,-5.745183465901237e-13
screenshot_like_simple_start,dop853_reference,DOP853,1e-11,1e-13,3.834793491864831,-0.7027637363025886,0.007566926179374946,-0.7027637363026444,0.007566926179474186,5.5844218138645374e-14,9.924006061368118e-14,9.924006061368118e-14,-0.6387621923549696,-1.7630301916711786,-0.6387621923549129,-1.7630301916711417,5.6621374255882984e-14,3.68594044175552e-14,6.756179184007524e-14,5.6621374255882984e-14,-24.525000000007743,7.741363106106292e-12,-7.741363106106292e-12,-3.15651910544599e-13,-24.525000000015783,1.5781154161231825e-11,-1.5781154161231825e-11,-6.434721370532854e-13
screenshot_like_simple_start,dop853_reference,DOP853,1e-11,1e-13,3.839799749687109,-0.7050744194181027,0.0072050454521994725,-0.7050744194182476,0.0072050454524146745,1.4488410471358293e-13,2.152019881740408e-13,2.152019881740408e-13,-0.6408855233160792,-1.761537367124908,-0.6408855233159744,-1.7615373671248125,1.0480505352461478e-13,9.547918011776346e-14,1.4177578453409342e-13,1.1035616864774056e-13,-24.525000000011136,1.113420466936077e-11,-1.113420466936077e-11,-4.5399407418392533e-13,-24.525000000016366,1.6363799204555107e-11,-1.6363799204555107e-11,-6.672293253641225e-13
screenshot_like_simple_start,dop853_reference,DOP853,1e-11,1e-13,3.844806007509387,-0.7071590899392834,0.0066671671283699,-0.7071590899391591,0.006667167128177682,1.2434497875801753e-13,1.9221776947908609e-13,1.9221776947908609e-13,-0.64300958790328,-1.7601883888611087,-0.6430095879033777,-1.7601883888611907,9.769962616701378e-14,8.193445921733655e-14,1.275087156252922e-13,9.769962616701378e-14,-24.52500000000964,9.638512210585759e-12,-9.638512210585759e-12,-3.9300763345915426e-13,-24.525000000016938,1.6935786106841988e-11,-1.6935786106841988e-11,-6.905519309619566e-13
screenshot_like_simple_start,dop853_reference,DOP853,1e-11,1e-13,3.8498122653316647,-0.7090177542565153,0.005954268135928517,-0.7090177542560552,0.005954268135215511,4.600764214046649e-13,7.130060430959873e-13,7.130060430959873e-13,-0.6451343260169284,-1.7589840443961737,-0.6451343260172921,-1.7589840443964775,3.637090628672013e-13,3.0375701953744283e-13,4.738698231898801e-13,3.637090628672013e-13,-24.525000000008774,8.771650072958437e-12,-8.771650072958437e-12,-3.576615728015672e-13,-24.525000000018995,1.8992807326867478e-11,-1.8992807326867478e-11,-7.744263945715587e-13
screenshot_like_simple_start,dop853_reference,DOP853,1e-11,1e-13,3.8548185231539427,-0.7106503756365092,0.0050672130139011815,-0.710650375636045,0.005067213013226724,4.64184246595778e-13,6.744578853745686e-13,6.744578853745686e-13,-0.6472596618863995,-1.7579249405311161,-0.6472596618867221,-1.7579249405314223,3.226308109560705e-13,3.0619951019161817e-13,4.4480195617798106e-13,3.518296765037121e-13,-24.52500000000822,8.217426739065559e-12,-8.217426739065559e-12,-3.35063271725405e-13,-24.52500000001694,1.693933882052079e-11,-1.693933882052079e-11,-6.90696791866291e-13
screenshot_like_simple_start,dop853_reference,DOP853,1e-11,1e-13,3.8598247809762203,-0.7120568742873675,0.004006752740737513,-0.7120568742869368,0.004006752740194906,4.3076653355456074e-13,5.426067581359995e-13,5.426067581359995e-13,-0.6493855040784705,-1.7570115055773177,-0.6493855040786871,-1.7570115055776014,2.1660451210436804e-13,2.8377300509419e-13,3.5699388381897877e-13,3.260725023324085e-13,-24.52500000000644,6.437517185986508e-12,-6.437517185986508e-12,-2.624879586538841e-13,-24.525000000013222,1.3219647598816664e-11,-1.3219647598816664e-11,-5.390274250282024e-13
screenshot_like_simple_start,dop853_reference,DOP853,1e-11,1e-13,3.8648310387984983,-0.7132371274632804,0.0027735237521417386,-0.7132371274627821,0.0027735237513927674,4.982680934517703e-13,7.489711975616764e-13,7.489711975616764e-13,-0.6515117453154475,-1.7562439910281507,-0.6515117453158197,-1.7562439910284788,3.7214675785435247e-13,3.2818192607919627e-13,4.961820089307523e-13,3.7680969455777813e-13,-24.525000000009832,9.830358749240986e-12,-9.830358749240986e-12,-4.008301222932104e-13,-24.525000000015957,1.595523713149305e-11,-1.595523713149305e-11,-6.505703213656697e-13
screenshot_like_simple_start,dop853_reference,DOP853,1e-11,1e-13,3.869837296620776,-0.7141909696048684,0.0013680471431830555,-0.7141909696044901,0.001368047142573913,3.7825298448979083e-13,6.091425107379589e-13,6.091425107379589e-13,-0.6536382621033475,-1.7556224726793852,-0.6536382621036708,-1.755622472679634,3.232969447708456e-13,2.4868995751603507e-13,4.078818572423766e-13,3.232969447708456e-13,-24.52500000001343,1.3429257705865894e-11,-1.3429257705865894e-11,-5.475742183839303e-13,-24.52500000001648,1.6477486042276723e-11,-1.6477486042276723e-11,-6.718648743028225e-13
screenshot_like_simple_start,dop853_reference,DOP853,1e-11,1e-13,3.874843554443054,-0.7149181925071022,-0.0002092719559982289,-0.7149181925061787,-0.00020927195737891618,9.234835118832052e-13,1.3806872854217611e-12,1.3806872854217611e-12,-0.6557649141728638,-1.7551468512045596,-0.655764914173547,-1.7551468512051647,6.832312493543213e-13,6.050715484207103e-13,9.12642601899836e-13,6.974421040695233e-13,-24.525000000008557,8.554934538551606e-12,-8.554934538551606e-12,-3.4882505763717044e-13,-24.52500000001719,1.7188028778036823e-11,-1.7188028778036823e-11,-7.008370551696972e-13
screenshot_like_simple_start,dop853_reference,DOP853,1e-11,1e-13,3.879849812265332,-0.7154185455144871,-0.0019581448309312893,-0.7154185455130246,-0.001958144833108527,1.4624967903387187e-12,2.1772375569106828e-12,2.1772375569106828e-12,-0.6578915437309678,-1.7548168521868623,-0.6578915437320412,-1.7548168521878171,1.0733636202076013e-12,9.547918011776346e-13,1.436571211176529e-12,1.1038947533847931e-12,-24.525000000005445,5.4427573559223674e-12,-5.4427573559223674e-12,-2.219269054402596e-13,-24.525000000019592,1.9589663224905962e-11,-1.9589663224905962e-11,-7.987630264997333e-13
screenshot_like_simple_start,dop853_reference,DOP853,1e-11,1e-13,3.8848560700876096,-0.7156917357502554,-0.0038783994504942385,-0.7156917357485674,-0.0038783994529263495,1.687983086640088e-12,2.432110936256837e-12,2.432110936256837e-12,-0.6600179745166536,-1.7546320256049526,-0.6600179745178119,-1.7546320256060506,1.1582956815914258e-12,1.0980105713542798e-12,1.5960188284600836e-12,1.2738698984549046e-12,-24.525000000001857,1.8545165403338615e-12,-1.8545165403338615e-12,-7.561739206254276e-14,-24.525000000017553,1.7550405573274475e-11,-1.7550405573274475e-11,-7.156128674118032e-13
screenshot_like_simple_start,dop853_reference,DOP853,1e-11,1e-13,3.8898623279098876,-0.7157374283768392,-0.005969980554829181,-0.7157374283742128,-0.005969980558389112,2.6263435870532703e-12,3.5599309958223024e-12,3.5599309958223024e-12,-0.6621440106598776,-1.7545917447768902,-0.6621440106614556,-1.7545917447785921,1.577959984899735e-12,1.701971896750365e-12,2.320919225495107e-12,1.981859121258367e-12,-24.52499999998612,1.3880452343073557e-11,1.3880452343073557e-11,5.659715532343958e-13,-24.525000000013016,1.3013590205446235e-11,-1.3013590205446235e-11,-5.306254925768087e-13
screenshot_like_simple_start,dop853_reference,DOP853,1e-11,1e-13,3.894868585732165,-0.7155552468934426,-0.008232949555122635,-0.715555246890627,-0.008232949559052568,2.8156366127518595e-12,3.9299327680986096e-12,3.9299327680986096e-12,-0.664269435337458,-1.754695204761306,-0.6642694353392629,-1.7546952047631208,1.804889571133117e-12,1.8147705560522809e-12,2.55949575797644e-12,2.1249668691325496e-12,-24.524999999987852,1.2150280781497713e-11,1.2150280781497713e-11,4.954242928235561e-13,-24.525000000015588,1.5585754908897798e-11,-1.5585754908897798e-11,-6.355047873148948e-13
screenshot_like_simple_start,dop853_reference,DOP853,1e-11,1e-13,3.8998748435544432,-0.7151447734913327,-0.010667484217225319,-0.7151447734914232,-0.010667484217357871,9.059419880941277e-14,1.325519555228638e-13,1.325519555228638e-13,-0.6663940092111668,-1.7549414202061455,-0.6663940092113676,-1.7549414202060847,2.0083934515469082e-13,6.084022174945858e-14,2.0985226981066542e-13,2.0083934515469082e-13,-24.52500000002812,2.8116176054027164e-11,-2.8116176054027164e-11,-1.1464291969022287e-12,-24.525000000016465,1.646327518756152e-11,-1.646327518756152e-11,-6.71285430685485e-13
screenshot_like_simple_start,dop853_reference,DOP853,1e-11,1e-13,3.904881101376721,-0.7145055494733875,-0.013273878119434375,-0.7145055494752822,-0.013273878117195603,1.894706613825292e-12,2.238771668050532e-12,2.238771668050532e-12,-0.6685174686410065,-1.7553292226455588,-0.6685174686401991,-1.755329222644347,8.073541835074138e-13,1.2116974090758958e-12,1.4560327567703146e-12,1.4312995233467518e-12,-24.525000000053033,5.303135708345508e-11,-5.303135708345508e-11,-2.1623387189991875e-12,-24.525000000017172,1.717026520964282e-11,-1.717026520964282e-11,-7.001127506480252e-13
screenshot_like_simple_start,dop853_reference,DOP853,1e-11,1e-13,3.909887359198999,-0.7136370757411886,-0.016052539879106157,-0.7136370757394579,-0.016052539881728153,1.7307266730881565e-12,2.6219963700224724e-12,2.6219963700224724e-12,-0.6706395236686709,-1.7558572572486817,-0.6706395236699841,-1.7558572572497728,1.3132828158290977e-12,1.0911271886016038e-12,1.7074162632637782e-12,1.3132828158290977e-12,-24.525000000011627,1.1624479157035239e-11,-1.1624479157035239e-11,-4.739848789820688e-13,-24.525000000020395,2.0392576516314875e-11,-2.0392576516314875e-11,-8.315015908793016e-13
screenshot_like_simple_start,dop853_reference,DOP853,1e-11,1e-13,3.914893617021277,-0.7125388133726929,-0.019003992116516582,-0.7125388133708129,-0.019003992119308,1.8799406475977776e-12,2.7914164035802713e-12,2.7914164035802713e-12,-0.67275985575504,-1.7565239790127714,-0.6727598557564084,-1.7565239790139473,1.3683498778505054e-12,1.1759482276829658e-12,1.8042271537708885e-12,1.422528761452213e-12,-24.525000000009047,9.045209026226075e-12,-9.045209026226075e-12,-3.6881586243531393e-13,-24.525000000018014,1.801225835151854e-11,-1.801225835151854e-11,-7.344447849752717e-13
screenshot_like_simple_start,dop853_reference,DOP853,1e-11,1e-13,3.9198998748435545,-0.7112101843563459,-0.022128870067119707,-0.7112101843546245,-0.02212887006961079,1.7214007996813052e-12,2.4910837281844067e-12,2.4910837281844067e-12,-0.6748781152310996,-1.757327648368502,-0.674878115232286,-1.7573276483695706,1.1863843241144423e-12,1.0684786388992507e-12,1.5966071421262269e-12,1.3040679647247089e-12,-24.52500000000716,7.158718062783009e-12,-7.158718062783009e-12,-2.918947222337618e-13,-24.525000000012344,1.234212732015294e-11,-1.234212732015294e-11,-5.032467816576122e-13
screenshot_like_simple_start,dop853_reference,DOP853,1e-11,1e-13,3.9249061326658325,-0.7096505724340813,-0.025427919903521067,-0.7096505724316866,-0.02542791990701828,2.394640041814e-12,3.497212935910099e-12,3.497212935910099e-12,-0.6769939184866556,-1.758266326239686,-0.6769939184883351,-1.7582663262411575,1.6795453916529368e-12,1.4714895968381825e-12,2.2329698511680835e-12,1.8165469128916811e-12,-24.525000000002926,2.9238833576528123e-12,-2.9238833576528123e-12,-1.1922052426718908e-13,-24.52500000001563,1.5628387473043404e-11,-1.5628387473043404e-11,-6.372431181669073e-13
screenshot_like_simple_start,dop853_reference,DOP853,1e-11,1e-13,3.92991239048811,-0.707859324137561,-0.028901996653632463,-0.7078593241357284,-0.02890199665640049,1.832645146748746e-12,2.7680253922302e-12,2.7680253922302e-12,-0.6791068448468103,-1.7593378685189582,-0.6791068448481848,-1.7593378685200698,1.3745671267884063e-12,1.1115552922547067e-12,1.7677641114658882e-12,1.3923306951824088e-12,-24.52500000001298,1.297806306865823e-11,-1.297806306865823e-11,-5.29176883533465e-13,-24.525000000016377,1.637445734559151e-11,-1.637445734559151e-11,-6.676639080771257e-13
screenshot_like_simple_start,dop853_reference,DOP853,1e-11,1e-13,3.934918648310388,-0.7058357500408282,-0.032552061681764055,-0.7058357500393463,-0.03255206168408484,1.481925693269659e-12,2.3207824551008116e-12,2.3207824551008116e-12,-0.6812164331213061,-1.76053991996419,-0.6812164331224978,-1.7605399199650758,1.191713394632643e-12,8.857359290459499e-13,1.4848262359447148e-12,1.191713394632643e-12,-24.525000000020025,2.0023094293719623e-11,-2.0023094293719623e-11,-8.164360568285269e-13,-24.52500000001782,1.7816859099184512e-11,-1.7816859099184512e-11,-7.264774352368812e-13
screenshot_like_simple_start,dop853_reference,DOP853,1e-11,1e-13,3.9399249061326658,-0.7035791262616098,-0.03637917968759858,-0.7035791262588733,-0.03637917969167607,2.736477711096086e-12,4.077488346965197e-12,4.077488346965197e-12,-0.6833221778081661,-1.7618699075191713,-0.6833221778101541,-1.7618699075207935,1.988076370196268e-12,1.6222578835822787e-12,2.5659634242478247e-12,2.0866641747829817e-12,-24.525000000009396,9.393374966748524e-12,-9.393374966748524e-12,-3.830122310600825e-13,-24.525000000022057,2.205524651799351e-11,-2.205524651799351e-11,-8.992964941077883e-13
screenshot_like_simple_start,dop853_reference,DOP853,1e-11,1e-13,3.944931163954944,-0.7010886962636644,-0.040384515150506325,-0.7010886962610878,-0.04038451515431125,2.5766055955500633e-12,3.804921655525817e-12,3.804921655525817e-12,-0.6854235249225591,-1.763325033055431,-0.685423524924392,-1.7633250330569394,1.832867191353671e-12,1.5083490012557377e-12,2.373714146802406e-12,1.968980534172715e-12,-24.525000000008674,8.672174089952023e-12,-8.672174089952023e-12,-3.5360546748020476e-13,-24.525000000017158,1.715605435492762e-11,-1.715605435492762e-11,-6.995333070306878e-13
screenshot_like_simple_start,dop853_reference,DOP853,1e-11,1e-13,3.949937421777222,-0.6983636730252775,-0.04456932812896013,-0.6983636730224502,-0.044569328133047884,2.8272939545104236e-12,4.0877509710490756e-12,4.0877509710490756e-12,-0.6875198674160141,-1.7649022655318323,-0.6875198674179324,-1.764902265533468,1.9182433419473455e-12,1.6358026044827056e-12,2.52101322482801e-12,2.1653789872289053e-12,-24.52500000000085,8.490985692333197e-13,-8.490985692333197e-13,-3.4621756135915175e-14,-24.525000000010888,1.0885514711844735e-11,-1.0885514711844735e-11,-4.438538108805192e-13
screenshot_like_simple_start,dop853_reference,DOP853,1e-11,1e-13,3.9549436795994994,-0.6954032416114582,-0.04893496936197894,-0.6954032416081112,-0.04893496936688097,3.3469893523374594e-12,4.902030170672589e-12,4.902030170672589e-12,-0.6896105401698763,-1.7665983325933992,-0.6896105401722027,-1.7665983325953039,2.326361325799553e-12,1.9046986210469186e-12,3.006631646077365e-12,2.56983323509985e-12,-24.525000000000684,6.821210263296962e-13,-6.821210263296962e-13,-2.7813293632199637e-14,-24.525000000015854,1.5852208434807835e-11,-1.5852208434807835e-11,-6.463693551399728e-13
screenshot_like_simple_start,dop853_reference,DOP853,1e-11,1e-13,3.9599499374217775,-0.6922065622386672,-0.053482874549535625,-0.6922065622371842,-0.053482874551877266,1.4829248939918216e-12,2.3416407701759567e-12,2.3416407701759567e-12,-0.6916948145192698,-1.7684097116101882,-0.6916948145204665,-1.7684097116110093,1.1967093982434562e-12,8.211209490127658e-13,1.451328011426721e-12,1.1967093982434562e-12,-24.525000000026637,2.6634694449967355e-11,-2.6634694449967355e-11,-1.0860221997947953e-12,-24.525000000015943,1.5941026276777848e-11,-1.5941026276777848e-11,-6.499908777483322e-13
screenshot_like_simple_start,dop853_reference,DOP853,1e-11,1e-13,3.964956195244055,-0.6887727739066878,-0.05821455770762318,-0.6887727739043414,-0.05821455771118619,2.346345340242806e-12,3.5630109973538993e-12,3.5630109973538993e-12,-0.6937718922757884,-1.7703326201778897,-0.693771892277534,-1.7703326201791738,1.7456036616181336e-12,1.284083950281456e-12,2.1670264730328202e-12,1.8114398869784054e-12,-24.525000000018984,1.8982149185831076e-11,-1.8982149185831076e-11,-7.739918118585555e-13,-24.52500000001835,1.8346213437325787e-11,-1.8346213437325787e-11,-7.480617099827027e-13
screenshot_like_simple_start,dop853_reference,DOP853,1e-11,1e-13,3.969962453066333,-0.6851009986593699,-0.06313160351156057,-0.6851009986560115,-0.0631316035165364,3.3584246494910985e-12,4.97583918512845e-12,4.97583918512845e-12,-0.6958408992296397,-1.7723630061224436,-0.6958408992320049,-1.7723630061242546,2.3652191316614335e-12,1.8109957977685553e-12,2.9789204958025704e-12,2.600697435184429e-12,-24.525000000009268,9.265477274311706e-12,-9.265477274311706e-12,-3.777972385040451e-13,-24.525000000019496,1.949373995557835e-11,-1.949373995557835e-11,-7.948517820827053e-13
screenshot_like_simple_start,dop853_reference,DOP853,1e-11,1e-13,3.9749687108886107,-0.6811903466120236,-0.06823565843575974,-0.6811903466088487,-0.06823565844042946,3.17490478352056e-12,4.669722941663679e-12,4.669722941663679e-12,-0.6979008780709207,-1.7744965370243184,-0.6979008780731132,-1.7744965370259993,2.192468429029759e-12,1.680877659282487e-12,2.7626558811707245e-12,2.4663604492047853e-12,-24.525000000007616,7.613465413669473e-12,-7.613465413669473e-12,-3.104369179885616e-13,-24.52500000001322,1.3216094885137863e-11,-1.3216094885137863e-11,-5.38882564123868e-13
screenshot_like_simple_start,dop853_reference,DOP853,1e-11,1e-13,3.9799749687108887,-0.677039921823647,-0.07352842058021399,-0.677039921819797,-0.07352842058586496,3.850031404795118e-12,5.6509796841908155e-12,5.6509796841908155e-12,-0.6999507807125838,-1.776728589331288,-0.6999507807152185,-1.776728589333285,2.6347812820404215e-12,1.9968471320908066e-12,3.3059750260898593e-12,3.0008218132593356e-12,-24.525000000002613,2.611244553918368e-12,-2.611244553918368e-12,-1.0647276468576424e-13,-24.52500000001468,1.467626020712487e-11,-1.467626020712487e-11,-5.984203958052953e-13
screenshot_like_simple_start,dop853_reference,DOP853,1e-11,1e-13,3.9849812265331668,-0.6726488291352107,-0.07901162801437045,-0.6726488291324098,-0.07901162801857603,2.8009816688268074e-12,4.205580328431324e-12,4.205580328431324e-12,-0.7019894599790064,-1.7790542371257516,-0.701989459981008,-1.779054237127165,2.0016210910966947e-12,1.4133139103478243e-12,2.450294513217907e-12,2.1908030944928214e-12,-24.525000000018704,1.8701484805205837e-11,-1.8701484805205837e-11,-7.625478004161401e-13,-24.525000000015915,1.5912604567347444e-11,-1.5912604567347444e-11,-6.488319905136572e-13
screenshot_like_simple_start,dop853_reference,DOP853,1e-11,1e-13,3.9899874843554444,-0.6680161821229618,-0.08468704543011968,-0.6680161821201634,-0.08468704543433238,2.798317133567707e-12,4.212699633576733e-12,4.212699633576733e-12,-0.7040156606161971,-1.7814682406238018,-0.7040156606181978,-1.7814682406251787,2.000621890374532e-12,1.3768985951401191e-12,2.4286493550005526e-12,2.1969093211282598e-12,-24.525000000019542,1.9539925233402755e-11,-1.9539925233402755e-11,-7.967349738390521e-13,-24.525000000015964,1.596234255885065e-11,-1.596234255885065e-11,-6.508600431743384e-13
screenshot_like_simple_start,dop853_reference,DOP853,1e-11,1e-13,3.9949937421777224,-0.663141112281434,-0.09055644894340903,-0.663141112277777,-0.09055644894883313,3.657074643115266e-12,5.424105609108665e-12,5.424105609108665e-12,-0.7060280096113403,-1.783965034530267,-0.7060280096138601,-1.7839650345320277,2.519873198991718e-12,1.7608137170554983e-12,3.0741219697935788e-12,2.882027949624444e-12,-24.52500000000988,9.876544027065393e-12,-9.876544027065393e-12,-4.027133140495573e-13,-24.52500000001585,1.5848655721129035e-11,-1.5848655721129035e-11,-6.462244942356384e-13
screenshot_like_simple_start,dop853_reference,DOP853,1e-11,1e-13,4.0,-0.658022779616796,-0.0966216087917021,-0.6580227796130061,-0.09662160879732247,3.789857316860434e-12,5.620365284286777e-12,5.620365284286777e-12,-0.7080250057811472,-1.7865387163724178,-0.7080250057837427,-1.7865387163741935,2.595479386968691e-12,1.7756907055854754e-12,3.1447719678987878e-12,2.9986013672100853e-12,-24.525000000009882,9.880096740744193e-12,-9.880096740744193e-12,-4.028581749538916e-13,-24.52500000001595,1.594813170413545e-11,-1.594813170413545e-11,-6.502805995570009e-13
