case_name,solver_config,solver_method,rtol,atol,t,lagrangian_theta1_rad,lagrangian_theta2_rad,hamiltonian_theta1_rad,hamiltonian_theta2_rad,abs_theta1_diff_rad,abs_theta2_diff_rad,max_abs_theta_diff_rad,lagrangian_x2,lagrangian_y2,hamiltonian_x2,hamiltonian_y2,abs_x2_diff,abs_y2_diff,second_bob_position_diff,max_bob_position_abs_diff,lagrangian_energy,lagrangian_energy_abs_drift,lagrangian_energy_signed_drift,lagrangian_energy_relative_drift,hamiltonian_energy,hamiltonian_energy_abs_drift,hamiltonian_energy_signed_drift,hamiltonian_energy_relative_drift
screenshot_like_simple_start,dop853_moderate,DOP853,1e-06,1e-08,0.0,0.0,1.0471975511965976,0.0,1.0471975511965976,0.0,0.0,0.0,0.8660254037844386,-1.5,0.8660254037844386,-1.5,0.0,0.0,0.0,0.0,-24.525000000000002,0.0,0.0,0.0,-24.525000000000002,0.0,0.0,0.0
screenshot_like_simple_start,dop853_moderate,DOP853,1e-06,1e-08,0.0050062578222778474,3.0420982598302837e-05,1.0470758786620904,3.0420982598305927e-05,1.0470758786620906,3.0899761915836876e-18,2.220446049250313e-16,2.220446049250313e-16,0.8659949820895196,-1.5001053673417966,0.8659949820895197,-1.5001053673417966,1.1102230246251565e-16,0.0,1.1102230246251565e-16,1.1102230246251565e-16,-24.525000000000002,0.0,0.0,0.0,-24.525000000000002,0.0,0.0,0.0
screenshot_like_simple_start,dop853_moderate,DOP853,1e-06,1e-08,0.010012515644555695,0.00012172193385381297,1.0467108457877494,0.0001217219338538174,1.0467108457877494,4.431676380034499e-18,0.0,4.431676380034499e-18,0.8659036704501953,-1.5004214326029288,0.8659036704501953,-1.5004214326029288,0.0,0.0,0.0,4.431676380034499e-18,-24.525000000000002,0.0,0.0,0.0,-24.525000000000002,0.0,0.0,0.0
screenshot_like_simple_start,dop853_moderate,DOP853,1e-06,1e-08,0.015018773466833543,0.00027401683656401703,1.046102406750682,0.000274016891245365,1.0461024066724305,5.46813479912478e-11,7.825140535544506e-11,7.825140535544506e-11,0.8657513291740802,-1.5009480853434736,0.8657513291895617,-1.5009480854111834,1.5481504966885495e-11,6.77098377366292e-11,6.945717473638239e-11,6.77098377366292e-11,-24.52499999963475,3.652509406038007e-10,3.652509406038007e-10,1.4893004713712566e-11,-24.52500000035988,3.5987923752145434e-10,-3.5987923752145434e-10,-1.4673975026358992e-11
screenshot_like_simple_start,dop853_moderate,DOP853,1e-06,1e-08,0.02002503128911139,0.00048749570521690094,1.045250484935499,0.00048749595750424593,1.0452504845746853,2.522873449864113e-10,3.608138232635838e-10,3.608138232635838e-10,0.8655377253752616,-1.5016851411870555,0.865537725446534,-1.5016851414990549,7.12723213780464e-11,3.1199931527226e-10,3.200364299966093e-10,3.1199931527226e-10,-24.524999999030676,9.693259528376075e-10,9.693259528376075e-10,3.95239939994947e-11,-24.525000002379382,2.3793802483851323e-09,-2.3793802483851323e-09,-9.701856262528572e-11
screenshot_like_simple_start,dop853_moderate,DOP853,1e-06,1e-08,0.025031289111389236,0.0007624245809434785,1.0441549726873676,0.0007624249587799601,1.0441549721261334,3.778364816115973e-10,5.612341702487811e-10,5.612341702487811e-10,0.8652625328656104,-1.5026323412517724,0.8652625329613522,-1.5026323417366712,9.574185888538977e-11,4.848987877892341e-10,4.942603948753112e-10,4.848987877892341e-10,-24.524999998829898,1.170104013681339e-09,1.170104013681339e-09,4.7710663147047456e-11,-24.5250000039747,3.974697904141067e-09,-3.974697904141067e-09,-1.6206719282940128e-10
screenshot_like_simple_start,dop853_moderate,DOP853,1e-06,1e-08,0.030037546933667086,0.0010991454302726187,1.0428157310999653,0.001099145825630505,1.0428157304771042,3.95357886403061e-10,6.22861096033489e-10,6.22861096033489e-10,0.8649253319751259,-1.5037893512355955,0.8649253320566924,-1.5037893517732046,8.156653130697578e-11,5.376090683739676e-10,5.437615372820858e-10,5.376090683739676e-10,-24.524999998873746,1.1262564214575832e-09,1.1262564214575832e-09,4.592278986575262e-11,-24.525000004434652,4.434649980566974e-09,-4.434649980566974e-09,-1.808216098090509e-10
screenshot_like_simple_start,dop853_moderate,DOP853,1e-06,1e-08,0.03504380475594493,0.0014980761566050272,1.0412325895213597,0.001498076544676612,1.041232588877674,3.880715848496308e-10,6.43685771350988e-10,6.43685771350988e-10,0.8645256093508354,-1.505155760428059,0.8645256094137442,-1.5051557609829964,6.290878928894017e-11,5.54937429342317e-10,5.584917781443693e-10,5.54937429342317e-10,-24.52499999867117,1.3288321554227878e-09,1.3288321554227878e-09,5.418275863089858e-11,-24.525000004345912,4.345910298297895e-09,-4.345910298297895e-09,-1.7720327414058693e-10
screenshot_like_simple_start,dop853_moderate,DOP853,1e-06,1e-08,0.04005006257822278,0.0019597105983689407,1.0394053449777425,0.0019597110611481987,1.0394053442240583,4.627792580570722e-10,7.536842261401944e-10,7.536842261401944e-10,0.8640627577073936,-1.5067310804718672,0.8640627577882553,-1.506731081120714,8.086165070864126e-11,6.488467541032605e-10,6.538659777551232e-10,6.488467541032605e-10,-24.524999997796733,2.2032686786133127e-09,2.2032686786133127e-09,8.983766273652651e-11,-24.52500000478289,4.782886975362999e-09,-4.782886975362999e-09,-1.9502087565190614e-10
screenshot_like_simple_start,dop853_moderate,DOP853,1e-06,1e-08,0.04505632040050063,0.0024846185117971325,1.0373337615176763,0.0024846192033396775,1.0373337604770814,6.915425450164381e-10,1.04059494354658e-09,1.04059494354658e-09,0.8635360755278209,-1.5085147438682633,0.8635360756902002,-1.508514744762551,1.6237933220253353e-10,8.942877549600325e-10,9.089101364810472e-10,8.942877549600325e-10,-24.524999996141794,3.858207975326877e-09,3.858207975326877e-09,1.5731734863718152e-10,-24.525000006712915,6.712912892226086e-09,-6.712912892226086e-09,-2.737171413751717e-10
screenshot_like_simple_start,dop853_moderate,DOP853,1e-06,1e-08,0.05006257822277847,0.003073445538201425,1.0350175694764825,0.003073446622511822,1.035017567960769,1.084310397112681e-09,1.5157135546672862e-09,1.5157135546672862e-09,0.8629447667132292,-1.5105061022219641,0.8629447670237462,-1.5105061035219502,3.1051705651208295e-10,1.299986118752372e-09,1.3365570512828042e-09,1.299986118752372e-09,-24.5249999940019,5.9981033473377465e-09,5.9981033473377465e-09,2.4457098256219147e-10,-24.525000010627625,1.0627623225900606e-08,-1.0627623225900606e-08,-4.3333835783488707e-10
screenshot_like_simple_start,dop853_moderate,DOP853,1e-06,1e-08,0.05506883604505632,0.0037269131556208934,1.0324564646604042,0.003726914741777848,1.0324564625490995,1.5861569544785292e-09,2.1113046866361174e-09,2.1113046866361174e-09,0.8622879401803679,-1.5127044242208005,0.8622879406840239,-1.512704426027573,5.036560057902761e-10,1.8067725093828813e-09,1.8756588903183673e-09,1.8067725093828813e-09,-24.524999992010983,7.989019223941796e-09,7.989019223941796e-09,3.2575001932484383e-10,-24.525000016389953,1.6389950729944758e-08,-1.6389950729944758e-08,-6.682956464809279e-10
screenshot_like_simple_start,dop853_moderate,DOP853,1e-06,1e-08,0.06007509386733417,0.004445818614719952,1.0296501074501756,0.0044458207075113824,1.029650104748962,2.0927914306037576e-09,2.701213697164917e-09,2.701213697164917e-09,0.8615646094058304,-1.5151088933445285,0.8615646101071552,-1.5151088956504855,7.013248870535449e-10,2.305956980919177e-09,2.4102477455752456e-09,2.305956980919177e-09,-24.52499999095654,9.043461091096106e-09,9.043461091096106e-09,3.6874459087038145e-10,-24.525000023267676,2.32676740097304e-08,-2.32676740097304e-08,-9.487328852081712e-10
screenshot_like_simple_start,dop853_moderate,DOP853,1e-06,1e-08,0.06508135168961202,0.005231034858812479,1.0265981218236309,0.005231037336814006,1.0265981186873545,2.4780015270634004e-09,3.1362763497355672e-09,3.1362763497355672e-09,0.860773691915766,-1.5177186052965737,0.8607736927699821,-1.5177186079668294,8.542160312430269e-10,2.6702557942570593e-09,2.8035604211067015e-09,2.6702557942570593e-09,-24.524999991527956,8.472046175711512e-09,8.472046175711512e-09,3.454453078781452e-10,-24.525000030110544,3.011054161561333e-08,-3.011054161561333e-08,-1.22774889360299e-09
screenshot_like_simple_start,dop853_moderate,DOP853,1e-06,1e-08,0.07008760951188986,0.006083510427888235,1.0233000942969808,0.006083513054580033,1.0233000910108707,2.626691798096603e-09,3.286110050737534e-09,3.286110050737534e-09,0.8599140087199746,-1.5205325651517638,0.8599140096360298,-1.5205325679415655,9.160552316700432e-10,2.789801722968832e-09,2.9363499180019264e-09,2.789801722968832e-09,-24.524999994061922,5.938080249734412e-09,5.938080249734412e-09,2.4212355758346223e-10,-24.52500003561736,3.561735795187815e-08,-3.561735795187815e-08,-1.4522877860093025e-09
screenshot_like_simple_start,dop853_moderate,DOP853,1e-06,1e-08,0.07509386733416772,0.00700426934651767,1.0197555727843957,0.007004271813696204,1.019755569705511,2.4671785335203533e-09,3.0788847027451993e-09,3.0788847027451993e-09,0.8589842836893054,-1.5235496842123601,0.8589842845443988,-1.5235496868182279,8.550934404993882e-10,2.6058677438101085e-09,2.7425775267465214e-09,2.6058677438101085e-09,-24.524999998353113,1.6468888475174026e-09,1.6468888475174026e-09,6.715143109143333e-11,-24.525000038634026,3.8634023979966514e-08,-3.8634023979966514e-08,-1.5752914976540882e-09
screenshot_like_simple_start,dop853_moderate,DOP853,1e-06,1e-08,0.08010012515644556,0.007994410995511387,1.0159640653755193,0.007994412991913965,1.015964062844862,1.996402577975065e-09,2.530657239319112e-09,2.530657239319112e-09,0.8579831428753375,-1.5267687765639564,0.8579831435385241,-1.5267687786990267,6.63186616733924e-10,2.1350703427458484e-09,2.2356971747282463e-09,2.1350703427458484e-09,-24.525000003594027,3.594024633457593e-09,-3.594024633457593e-09,-1.465453469299732e-10,-24.525000038422792,3.842279028276607e-08,-3.842279028276607e-08,-1.5666785028650794e-09
screenshot_like_simple_start,dop853_moderate,DOP853,1e-06,1e-08,0.0851063829787234,0.009055109967210406,1.011925039030552,0.00905511125893201,1.0119250372746849,1.2917216046792745e-09,1.7558672293915834e-09,1.7558672293915834e-09,0.8569091137714174,-1.5301885553220238,0.8569091141320734,-1.5301885567990465,3.606559495494821e-10,1.4770227263483093e-09,1.52041732695166e-09,1.4770227263483093e-09,-24.525000008493816,8.493813652421522e-09,-8.493813652421522e-09,-3.463328706390019e-10,-24.52500003484789,3.4847886354327784e-08,-3.4847886354327784e-08,-1.4209127973222336e-09
screenshot_like_simple_start,dop853_moderate,DOP853,1e-06,1e-08,0.09011264080100126,0.010187615904283409,1.0076379181925317,0.010187616407226778,1.0076379172419523,5.029433692432805e-10,9.505793929776019e-10,9.505793929776019e-10,0.8557606245142267,-1.5338076285590896,0.855760624509668,-1.5338076293577503,4.558686761413355e-12,7.98660693135389e-10,7.986737033260132e-10,7.98660693135389e-10,-24.525000011600493,1.1600491234275978e-08,-1.1600491234275978e-08,-4.730067781560031e-10,-24.52500002843385,2.843384905304447e-08,-2.843384905304447e-08,-1.1593822243850955e-09
screenshot_like_simple_start,dop853_moderate,DOP853,1e-06,1e-08,0.0951188986232791,0.011393253321907187,1.0031020833164437,0.011393253140168511,1.0031020829763786,1.8173867619153405e-10,3.4006508720096917e-10,3.4006508720096917e-10,0.8545360030251934,-1.5376244949017122,0.8545360026606171,-1.537624495190506,3.64576258071736e-10,2.887938777007548e-10,4.6509972236825467e-10,3.64576258071736e-10,-24.525000011813233,1.1813231282076231e-08,-1.1813231282076231e-08,-4.816811939684497e-10,-24.52500002027096,2.0270956468948498e-08,-2.0270956468948498e-08,-8.265425675412231e-10
screenshot_like_simple_start,dop853_moderate,DOP853,1e-06,1e-08,0.10012515644555695,0.012673421413206449,0.9983168693147968,0.01267342081096066,0.9983168692324798,6.022457896964761e-10,8.231704207162238e-11,6.022457896964761e-10,0.853233476091237,-1.5416375387855603,0.853233475444447,-1.541637538862385,6.4678995492784e-10,7.682476876880173e-11,6.513365419596363e-10,6.4678995492784e-10,-24.52500000901911,9.019107238827928e-09,-9.019107238827928e-09,-3.677515693711693e-10,-24.525000011767755,1.1767752994273906e-08,-1.1767752994273906e-08,-4.798268295320654e-10
screenshot_like_simple_start,dop853_moderate,DOP853,1e-06,1e-08,0.1051314142678348,0.014029593837829197,0.9932815639192902,0.014029593105940187,0.9932815638002092,7.318890094670794e-10,1.1908107833136228e-10,7.318890094670794e-10,0.8518511683845243,-1.54584502535604,0.8518511675876957,-1.5458450254660767,7.968286031001526e-10,1.1003664646125344e-10,8.043903817693119e-10,7.968286031001526e-10,-24.525000004720837,4.720835278249069e-09,-4.720835278249069e-09,-1.92490735096802e-10,-24.52500000428496,4.2849563897107146e-09,-4.2849563897107146e-09,-1.747178956049221e-10
screenshot_like_simple_start,dop853_moderate,DOP853,1e-06,1e-08,0.11013767209011265,0.015463318477448357,0.9879954059792795,0.01546331766577654,0.9879954059922056,8.116718165640524e-10,1.2926104631105773e-11,8.116718165640524e-10,0.8503871014166807,-1.5502450949836604,0.85038710061222,-1.5502450949854185,8.044607202606358e-10,1.7581491817963979e-12,8.044626414761635e-10,8.115747778675297e-10,-24.525000002201608,2.201606008611634e-09,-2.201606008611634e-09,-8.976986783329801e-11,-24.524999998728944,1.271057925578134e-09,1.271057925578134e-09,5.1827030604613e-11
screenshot_like_simple_start,dop853_moderate,DOP853,1e-06,1e-08,0.11514392991239049,0.016976213326811523,0.9824575888519976,0.016976215638106928,0.9824575851156983,2.3112954050663603e-09,3.7362993809963996e-09,3.7362993809963996e-09,0.8488391914587464,-1.5548357531568784,0.848839191696138,-1.5548357562257353,2.3739155086133223e-10,3.06885694634218e-09,3.078024968308899e-09,3.06885694634218e-09,-24.52499995472963,4.527037233970077e-08,4.527037233970077e-08,1.8458867416799497e-09,-24.5249999952371,4.762902960919746e-09,4.762902960919746e-09,1.942060330650253e-10
screenshot_like_simple_start,dop853_moderate,DOP853,1e-06,1e-08,0.12015018773466835,0.01856997497016821,0.9766672473421247,0.018569981155145555,0.9766672389371084,6.1849773462518964e-09,8.405016349577465e-09,8.405016349577465e-09,0.8472052509906186,-1.5596148734421038,0.8472052524695082,-1.5596148802919574,1.4788895663642165e-09,6.849853573243081e-09,7.007682093557894e-09,6.849853573243081e-09,-24.524999903538763,9.646123899642589e-08,9.646123899642589e-08,3.933179979466906e-09,-24.524999993153603,6.846399003279657e-09,6.846399003279657e-09,2.791600001337271e-10
screenshot_like_simple_start,dop853_moderate,DOP853,1e-06,1e-08,0.1251564455569462,0.020246373023713266,0.9706234622509924,0.020246380729804513,0.9706234521473885,7.706091247755564e-09,1.0103603842459563e-08,1.0103603842459563e-08,0.8454829857497663,-1.564580185413479,0.845482987747913,-1.5645801935953472,1.9981466481411303e-09,8.181868071943654e-09,8.42232480816126e-09,8.181868071943654e-09,-24.524999891635982,1.0836401997948997e-07,1.0836401997948997e-07,4.418512537390009e-09,-24.524999991573072,8.426930264704424e-09,8.426930264704424e-09,3.43605719254003e-10
screenshot_like_simple_start,dop853_moderate,DOP853,1e-06,1e-08,0.13016270337922403,0.022007245215305136,0.9643252644632715,0.02200725257925488,0.9643252548225102,7.363949745126108e-09,9.640761300389045e-09,9.640761300389045e-09,0.8436699923487054,-1.5697292626210158,0.8436699942159136,-1.56972927038044,1.8672081658621664e-09,7.759424214270894e-09,7.980922908516022e-09,7.759424214270894e-09,-24.524999904663666,9.533633615887993e-08,9.533633615887993e-08,3.887312381605705e-09,-24.524999990955255,9.044747173447831e-09,9.044747173447831e-09,3.687970305177505e-10
screenshot_like_simple_start,dop853_moderate,DOP853,1e-06,1e-08,0.13516896120150187,0.023854498633895972,0.9577716309443235,0.02385450631580375,0.9577716208145339,7.68190777655775e-09,1.0129789562718372e-08,1.0129789562718372e-08,0.8417637576183166,-1.5750595166991301,0.841763759469925,-1.5750595248011712,1.8516084221431584e-09,8.102041038071661e-09,8.310927910380934e-09,8.102041038071661e-09,-24.524999906416898,9.358310393281499e-08,9.358310393281499e-08,3.815824829064831e-09,-24.524999995627706,4.372296302790346e-09,4.372296302790346e-09,1.7827915607707833e-10
screenshot_like_simple_start,dop853_moderate,DOP853,1e-06,1e-08,0.14017521902377972,0.02579011023415241,0.9509614815741625,0.025790120696732272,0.9509614679683331,1.046257986150878e-08,1.3605829352059118e-08,1.3605829352059118e-08,0.8397616576635467,-1.5805681902367512,0.8397616602190109,-1.5805682010417466,2.5554641736036388e-09,1.0804995342894586e-08,1.1103077118643524e-08,1.0804995342894586e-08,-24.524999863401074,1.3659892772466264e-07,1.3659892772466264e-07,5.569782985715092e-09,-24.52499999744251,2.5574919959581166e-09,2.5574919959581166e-09,1.0428101920318517e-10
screenshot_like_simple_start,dop853_moderate,DOP853,1e-06,1e-08,0.1451814768460576,0.027816126625309523,0.9438936767877266,0.027816143610290597,0.9438936551112566,1.6984981074386063e-08,2.1676470063347608e-08,2.1676470063347608e-08,0.8376609566757626,-1.5862523484400397,0.837660960937906,-1.586252365522299,4.262143415978414e-09,1.708225938479302e-08,1.7605949340712e-08,1.708225938479302e-08,-24.524999759250868,2.407491344058599e-07,2.407491344058599e-07,9.816478467109474e-09,-24.52499999575981,4.240192197357828e-09,4.240192197357828e-09,1.7289264821030898e-10
screenshot_like_simple_start,dop853_moderate,DOP853,1e-06,1e-08,0.15018773466833543,0.029934663173300347,0.9365670159911536,0.029934690715314523,0.9365669812153966,2.7542014176262786e-08,3.477575694077473e-08,3.477575694077473e-08,0.8354588055502493,-1.5921088696224504,0.8354588124733099,-1.5921088968109791,6.923060569263839e-09,2.7188528761712405e-08,2.805610207908715e-08,2.7529675108994844e-08,-24.524999600304714,3.9969528842220825e-07,3.9969528842220825e-07,1.6297463340355076e-08,-24.524999995962965,4.037037371062979e-09,4.037037371062979e-09,1.6460906711775653e-10
screenshot_like_simple_start,dop853_moderate,DOP853,1e-06,1e-08,0.15519399249061328,0.03214790244520364,0.928980236723756,0.03214794332912657,0.9289801853125744,4.0883922934609185e-08,5.1411181534177786e-08,5.1411181534177786e-08,0.8331522403613043,-1.598134434560641,0.8331522504467392,-1.5981344744273973,1.008543493163927e-08,3.986675634060077e-08,4.112267329443894e-08,4.086279821458039e-08,-24.524999414006206,5.859937957097827e-07,5.859937957097827e-07,2.3893732750653726e-08,-24.52500000269657,2.696566525628441e-09,-2.696566525628441e-09,-1.0995174416425854e-10
screenshot_like_simple_start,dop853_moderate,DOP853,1e-06,1e-08,0.16020025031289112,0.034458092025052095,0.9211320145353941,0.03445814629064396,0.9211319463461077,5.42655918672752e-08,6.818928632856824e-08,6.818928632856824e-08,0.8307381807510823,-1.6043255147587203,0.8307381937354549,-1.6043255671874346,1.2984372577129477e-08,5.242871425892304e-08,5.4012628246230634e-08,5.423337860049893e-08,-24.524999242076277,7.579237255583848e-07,7.579237255583848e-07,3.090412744376696e-08,-24.525000016893582,1.6893579868337838e-08,-1.6893579868337838e-08,-6.888309834184643e-10
screenshot_like_simple_start,dop853_moderate,DOP853,1e-06,1e-08,0.16520650813516896,0.03686754173004368,0.9130209635489407,0.03686760567328544,0.913020883126191,6.394324175706956e-08,8.042274968200758e-08,8.042274968200758e-08,0.8282134282917857,-1.6106783596674514,0.8282134430244908,-1.610678420953435,1.473270516694214e-08,6.128598362131754e-08,6.303193151069103e-08,6.38997902716043e-08,-24.52499913055766,8.694423421218289e-07,8.694423421218289e-07,3.545126777255163e-08,-24.52500003549458,3.54945761671388e-08,-3.54945761671388e-08,-1.4472813931555067e-09
screenshot_like_simple_start,dop853_moderate,DOP853,1e-06,1e-08,0.1702127659574468,0.039378620256198496,0.9046456376775356,0.039378686222268554,0.9046455545557153,6.596607005776578e-08,8.312182031566806e-08,8.312182031566806e-08,0.8255746648839595,-1.617188982909362,0.8255746794325763,-1.6171890456632685,1.4548616866782993e-08,6.275390651566681e-08,6.441828184384844e-08,6.591493059010523e-08,-24.524999118868635,8.811313669809806e-07,8.811313669809806e-07,3.592788448444365e-08,-24.52500005283981,5.283980897274887e-08,-5.283980897274887e-08,-2.1545283984810953e-09
screenshot_like_simple_start,dop853_moderate,DOP853,1e-06,1e-08,0.17521902377972465,0.04199375128250365,0.8960045324663239,0.04199380839088912,0.8960044602933557,5.7108385471960066e-08,7.217296826844688e-08,7.217296826844688e-08,0.8228184512565322,-1.623853147565254,0.8228184632256067,-1.623853201523087,1.1969074509288191e-08,5.395783309047886e-08,5.526939927689524e-08,5.7058038190060945e-08,-24.524999229907717,7.7009228505176e-07,7.7009228505176e-07,3.140029704594332e-08,-24.525000062828198,6.282819597913658e-08,-6.282819597913658e-08,-2.561802078660003e-09
screenshot_like_simple_start,dop853_moderate,DOP853,1e-06,1e-08,0.18022528160200252,0.044715409062588654,0.8870960875283769,0.04471544485037465,0.8870960420207555,3.578778599855337e-08,4.550762133792574e-08,4.550762133792574e-08,0.819941225636844,-1.6306663505823407,0.8199412326432435,-1.630666384261968,7.0063994606073265e-09,3.367962730926877e-08,3.440068210214502e-08,3.5752013669010374e-08,-24.524999463020194,5.369798081744648e-07,5.369798081744648e-07,2.18952011488059e-08,-24.52500006108434,6.108433936447e-08,-6.108433936447e-08,-2.4906968140456673e-09
screenshot_like_simple_start,dop853_moderate,DOP853,1e-06,1e-08,0.18523153942428036,0.04754611353297365,0.8779186895444886,0.04754611634790334,0.8779186854806347,2.8149296851798233e-09,4.06385392004438e-09,4.06385392004438e-09,0.8169393026611881,-1.6376238063692217,0.816939302877134,-1.6376238093622075,2.159459278061604e-10,2.9929858591515313e-09,3.0007660683260688e-09,2.9929858591515313e-09,-24.524999791267092,2.087329100675106e-07,2.087329100675106e-07,8.511025894699719e-09,-24.525000046549604,4.6549601506740146e-08,-4.6549601506740146e-08,-1.8980469523645317e-09
screenshot_like_simple_start,dop853_moderate,DOP853,1e-06,1e-08,0.1902377972465582,0.050488424966933336,0.8684706757965471,0.05048838678738056,0.8684707234526492,3.8179552776240744e-08,4.765610206458604e-08,4.765610206458604e-08,0.8138088725983778,-1.6447204296480806,0.8138088652530644,-1.6447203951969864,7.345313357554062e-09,3.445109419963899e-08,3.5225438533438606e-08,3.8130901762467584e-08,-24.525000163926343,1.6392634094586356e-07,-1.6392634094586356e-07,-6.6840505992197165e-09,-24.525000022109957,2.210995475593336e-08,-2.210995475593336e-08,-9.015272071736333e-10
screenshot_like_simple_start,dop853_moderate,DOP853,1e-06,1e-08,0.19524405506883605,0.05354493820301855,0.8587503382041751,0.053544857407564275,0.8587504398338331,8.079545427142065e-08,1.0162965802251733e-07,1.0162965802251733e-07,0.8105460009604951,-1.6519508176398978,0.8105459866840249,-1.651950745027653,1.427647022822498e-08,7.26122448835298e-08,7.400240340153213e-08,8.067965939079214e-08,-24.525000514508445,5.145084429614144e-07,-5.145084429614144e-07,-2.097893753155614e-08,-24.52499999408062,5.919382317642885e-09,5.919382317642885e-09,2.4136115464395045e-10
screenshot_like_simple_start,dop853_moderate,DOP853,1e-06,1e-08,0.2002503128911139,0.056718276477278354,0.848755927834335,0.056718159932131376,0.8487560749904468,1.1654514697756468e-07,1.4715611185156519e-07,1.4715611185156519e-07,0.8071466285762853,-1.6593092316640878,0.8071466094765577,-1.6593091278361773,1.909972757729861e-08,1.0382791049146078e-07,1.0557004589631386e-07,1.1635773690399365e-07,-24.52500077379205,7.737920491024397e-07,-7.737920491024397e-07,-3.1551153887969e-08,-24.524999970571827,2.9428175452039795e-08,2.9428175452039795e-08,1.1999256045683912e-09
screenshot_like_simple_start,dop853_moderate,DOP853,1e-06,1e-08,0.20525657071339173,0.060011084888225034,0.8384856598535972,0.06001094856627644,0.8384858325480634,1.3632194859752866e-07,1.726944661717411e-07,1.726944661717411e-07,0.8036065722035992,-1.6667895782397673,0.8036065515887773,-1.6667894579946219,2.061482196058506e-08,1.2024514539632492e-07,1.2199945030962204e-07,1.3607655263009333e-07,-24.525000886492506,8.864925042928462e-07,-8.864925042928462e-07,-3.614648335546773e-08,-24.52499995894184,4.1058161315277175e-08,4.1058161315277175e-08,1.6741350179521782e-09
screenshot_like_simple_start,dop853_moderate,DOP853,1e-06,1e-08,0.2102628285356696,0.0634260235235844,0.8279377188927659,0.06342589071443482,0.8279378877867198,1.3280914958058165e-07,1.6889395393349105e-07,1.6889395393349105e-07,0.7999215257578474,-1.674385389781866,0.799921507454953,-1.6743852738029386,1.8302894311261753e-08,1.1597892735082382e-07,1.1741425607487742e-07,1.3254210333435434e-07,-24.525000829190304,8.291903021984126e-07,-8.291903021984126e-07,-3.3810002128375636e-08,-24.524999962677622,3.732237985332176e-08,3.732237985332176e-08,1.5218095760783592e-09
screenshot_like_simple_start,dop853_moderate,DOP853,1e-06,1e-08,0.21526908635794745,0.06696576027787376,0.8171102647935584,0.06696565629372163,0.8171103978079595,1.0398415213608292e-07,1.3301440104918072e-07,1.3301440104918072e-07,0.7960870622335767,-1.6820898049914166,0.7960870495083858,-1.6820897149592904,1.2725190901008432e-08,9.00321261987358e-08,9.092697196834498e-08,1.0375108566718083e-07,-24.52500062609616,6.260961562531975e-07,-6.260961562531975e-07,-2.552889526006921e-08,-24.524999978097675,2.19023270631169e-08,2.19023270631169e-08,8.930612462025238e-10
screenshot_like_simple_start,dop853_moderate,DOP853,1e-06,1e-08,0.2202753441802253,0.07063296338985062,0.8060014387070356,0.07063290551767848,0.8060015136405974,5.787217213781837e-08,7.493356179999466e-08,7.493356179999466e-08,0.792098636396008,-1.6898955490456518,0.7920986305513117,-1.6898954990635406,5.844696282508721e-09,4.9982111116619876e-08,5.032267785312013e-08,5.7727869678947386e-08,-24.525000358156603,3.5815660126559123e-07,-3.5815660126559123e-07,-1.4603735015926247e-08,-24.52499999120484,8.795161932084739e-09,8.795161932084739e-09,3.586202622664521e-10
screenshot_like_simple_start,dop853_moderate,DOP853,1e-06,1e-08,0.22528160200250313,0.07443029372887361,0.7946093695134772,0.0744302746094245,0.7946093955244489,1.9119449107263264e-08,2.6010971709844455e-08,2.6010971709844455e-08,0.7879515883186398,-1.6977949136998847,0.7879515874744648,-1.6977948965604677,8.441749521637121e-10,1.7139416996769796e-08,1.716019365680417e-08,1.9066513951004893e-08,-24.52500015996167,1.5996166879972407e-07,-1.5996166879972407e-07,-6.522392203862347e-09,-24.52499995434771,4.5652292612885503e-08,4.5652292612885503e-08,1.8614594337567992e-09
screenshot_like_simple_start,dop853_moderate,DOP853,1e-06,1e-08,0.23028785982478098,0.07836038076594218,0.7829322009270566,0.07836036507427968,0.7829322228559227,1.5691662497152592e-08,2.1928866056342144e-08,2.1928866056342144e-08,0.7836411462539334,-1.7057797242944694,0.7836411461546624,-1.7057797100550505,9.927103583606822e-11,1.423941897726877e-08,1.4239765010306804e-08,1.5643511014351574e-08,-24.525000214661045,2.1466104271894437e-07,-2.1466104271894437e-07,-8.752743841751043e-09,-24.524999923621685,7.637831700435527e-08,7.637831700435527e-08,3.1143044650093887e-09
screenshot_like_simple_start,dop853_moderate,DOP853,1e-06,1e-08,0.23529411764705882,0.08242573866219673,0.7709681953544102,0.08242572039451884,0.770968220620013,1.8267677884264977e-08,2.5265602832114098e-08,2.5265602832114098e-08,0.7791624269327698,-1.7138412599636677,0.7791624268485204,-1.71384124386186,8.424938524598247e-11,1.6101807664981038e-08,1.610202807223228e-08,1.820565770360716e-08,-24.525000366018933,3.66018930719747e-07,-3.66018930719747e-07,-1.4924319295402526e-08,-24.524999935577476,6.442252598048981e-08,6.442252598048981e-08,2.6268104375327136e-09
screenshot_like_simple_start,dop853_moderate,DOP853,1e-06,1e-08,0.2403003754693367,0.08662882437428855,0.7587156574197518,0.08662880236506701,0.7587156873522839,2.200922154249607e-08,2.993253211958091e-08,2.993253211958091e-08,0.7745104526671891,-1.7219702932260963,0.7745104524631442,-1.721970274537064,2.0404489209369103e-10,1.8689032321717036e-08,1.8690146158876703e-08,2.1926688520412796e-08,-24.52500034491914,3.449191368076754e-07,-3.449191368076754e-07,-1.4063981113462808e-08,-24.524999934000732,6.599927004913297e-08,6.599927004913297e-08,2.691101734928969e-09
screenshot_like_simple_start,dop853_moderate,DOP853,1e-06,1e-08,0.24530663329161453,0.09097199651924275,0.7461729826304143,0.09097197029988871,0.746173018178854,2.621935403512854e-08,3.5548439636379214e-08,3.5548439636379214e-08,0.7696801583704344,-1.7301570486188607,0.7696801583624395,-1.7301570268693234,7.994827022628215e-12,2.1749537282289566e-08,2.1749538751683055e-08,2.611093444238044e-08,-24.52500028469428,2.8469427704180816e-07,-2.8469427704180816e-07,-1.1608329339115521e-08,-24.524999867446077,1.325539251695318e-07,1.325539251695318e-07,5.404849140449818e-09
screenshot_like_simple_start,dop853_moderate,DOP853,1e-06,1e-08,0.2503128911138924,0.09545748492296258,0.7333386937638166,0.09545745525799273,0.7333387346699688,2.9664969841691757e-08,4.090615224328076e-08,4.090615224328076e-08,0.7646664035251761,-1.7383911726679917,0.7646664043862299,-1.7383911481147463,8.610537838293908e-10,2.4553245436820248e-08,2.456833887545882e-08,2.9529916928394684e-08,-24.525000384104487,3.841044851071729e-07,-3.841044851071729e-07,-1.5661752705695122e-08,-24.524999731469045,2.6853095747014777e-07,2.6853095747014777e-07,1.0949274514582987e-08
screenshot_like_simple_start,dop853_moderate,DOP853,1e-06,1e-08,0.2553191489361702,0.10008736033020718,0.7202114772524871,0.10008732930221245,0.7202115215021487,3.102799472909368e-08,4.424966160154753e-08,4.424966160154753e-08,0.7594639871937812,-1.7466617074727524,0.7594639895820453,-1.7466616813884959,2.3882641420058803e-09,2.608425653249924e-08,2.61933626032478e-08,3.087271331636554e-08,-24.52500072302052,7.230205163466508e-07,-7.230205163466508e-07,-2.9480958872442434e-08,-24.5249995696629,4.303371028413494e-07,4.303371028413494e-07,1.7546874733592228e-08
screenshot_like_simple_start,dop853_moderate,DOP853,1e-06,1e-08,0.26032540675844806,0.10486349913236377,0.706790226108703,0.1048634698556761,0.7067902698406096,2.9276687671386803e-08,4.373190654050063e-08,4.373190654050063e-08,0.7540676660025734,-1.7549570646060553,0.7540676701426432,-1.7549570392711504,4.1400698425064775e-09,2.5334904840690342e-08,2.5670948201959087e-08,2.9115866759243936e-08,-24.525001226546152,1.2265461499794128e-06,-1.2265461499794128e-06,-5.0012075432391955e-08,-24.52499944978928,5.502107214283569e-07,5.502107214283569e-07,2.2434687927761747e-08
screenshot_like_simple_start,dop853_moderate,DOP853,1e-06,1e-08,0.26533166458072593,0.1097875431591448,0.6930740894102488,0.10978751922088065,0.6930741273536607,2.3938264148704036e-08,3.794341185692218e-08,3.794341185692218e-08,0.7484721756398877,-1.763265000398431,0.7484721810350662,-1.7632649787790395,5.3951785261574514e-09,2.1619391388227882e-08,2.2282415383582014e-08,2.379414143494074e-08,-24.525001722456523,1.7224565205253839e-06,-1.7224565205253839e-06,-7.023268177473532e-08,-24.52499943074708,5.692529221335008e-07,5.692529221335008e-07,2.3211128323486266e-08
screenshot_like_simple_start,dop853_moderate,DOP853,1e-06,1e-08,0.27033792240300375,0.1148608545803422,0.6790625283687998,0.11486083932628352,0.679062554770776,1.5254058682856453e-08,2.640197627190588e-08,2.640197627190588e-08,0.7426722564010314,-1.7715725937739364,0.7426722617924961,-1.771572578940055,5.391464719117778e-09,1.4833881456510767e-08,1.578328010533e-08,1.515354575154504e-08,-24.52500203838621,2.0383862064932146e-06,-2.0383862064932146e-06,-8.311462615670599e-08,-24.52499953432398,4.6567602041136524e-07,4.6567602041136524e-07,1.8987809191085226e-08
screenshot_like_simple_start,dop853_moderate,DOP853,1e-06,1e-08,0.2753441802252816,0.12008446596376975,0.6647553790024331,0.1200844617653265,0.6647553888960427,4.198443245839734e-09,9.893609598243813e-09,9.893609598243813e-09,0.7366626832988347,-1.7798662279085207,0.7366626869175671,-1.7798662223084403,3.618732424826021e-09,5.600080399403851e-09,6.667542638954355e-09,5.600080399403851e-09,-24.525002091243657,2.0912436546893787e-06,-2.0912436546893787e-06,-8.52698737895771e-08,-24.524999732435205,2.6756479698519797e-07,2.6756479698519797e-07,1.0909879591649254e-08
screenshot_like_simple_start,dop853_moderate,DOP853,1e-06,1e-08,0.28035043804755944,0.12545902553552385,0.6501529214337755,0.1254590331928045,0.6501529119886844,7.657280642892061e-09,9.445091042614706e-09,9.445091042614706e-09,0.7304383012353324,-1.7881315770832082,0.7304383013142197,-1.7881315818422419,7.888734110395035e-11,4.759033611634322e-09,4.75968739827015e-09,7.59709697928379e-09,-24.525001932148477,1.9321484749923457e-06,-1.9321484749923457e-06,-7.878281243597739e-08,-24.524999955726106,4.427389654892977e-08,4.427389654892977e-08,1.8052557206495318e-09
screenshot_like_simple_start,dop853_moderate,DOP853,1e-06,1e-08,0.2853566958698373,0.130984737688696,0.6352559558352854,0.13098475614349508,0.6352559274223625,1.8454799077805006e-08,2.841292290334252e-08,2.841292290334252e-08,0.7239940656972179,-1.7963536002040454,0.7239940611238029,-1.7963536146534156,4.573414980058033e-09,1.4449370144831164e-08,1.5155870881020245e-08,1.8296710785348225e-08,-24.525001725909345,1.7259093425536776e-06,-1.7259093425536776e-06,-7.037346962502253e-08,-24.525000122922275,1.229222732490598e-07,-1.229222732490598e-07,-5.0121212333969336e-09
screenshot_like_simple_start,dop853_moderate,DOP853,1e-06,1e-08,0.2903629536921152,0.13666129878666589,0.6200658850431813,0.13666132533796108,0.6200658415349524,2.6551295190246904e-08,4.350822890852868e-08,4.350822890852868e-08,0.7173250893940253,-1.8045165425557421,0.7173250802890208,-1.8045165642206344,9.105004528109362e-09,2.166489232457991e-08,2.3500397164570077e-08,2.6303740657818153e-08,-24.525001664568,1.6645679963289695e-06,-1.6645679963289695e-06,-6.78722934282964e-08,-24.52500018219702,1.821970165849507e-07,-1.821970165849507e-07,-7.429032276654462e-09
screenshot_like_simple_start,dop853_moderate,DOP853,1e-06,1e-08,0.295369211514393,0.14248782830710827,0.6045848038615156,0.14248785954044102,0.604584751580499,3.12333327534553e-08,5.228101662702045e-08,5.228101662702045e-08,0.710426695202452,-1.8126039474435274,0.7104266831056701,-1.8126039727258028,1.2096781909498588e-08,2.52822753843418e-08,2.802722928110568e-08,3.091680697564492e-08,-24.525001839385794,1.8393857921239487e-06,-1.8393857921239487e-06,-7.500044004582868e-08,-24.525000146313193,1.463131908963078e-07,-1.463131908963078e-07,-5.965879343376464e-09
screenshot_like_simple_start,dop853_moderate,DOP853,1e-06,1e-08,0.30037546933667086,0.148462795372844,0.5888155950779005,0.14846282903374186,0.5888155396950465,3.3660897874598916e-08,5.5382853969554446e-08,5.5382853969554446e-08,0.7032944757118598,-1.8205986794545774,0.7032944629461454,-1.8205987052338561,1.2765714374474157e-08,2.577927871172392e-08,2.876690241210197e-08,3.329061534773636e-08,-24.525002123971845,2.1239718428489596e-06,-2.1239718428489596e-06,-8.660435648721548e-08,-24.52500009285819,9.285818691751047e-08,-9.285818691751047e-08,-3.7862665409790194e-09
screenshot_like_simple_start,dop853_moderate,DOP853,1e-06,1e-08,0.3053817271589487,0.15458394071566628,0.5727620322123921,0.15458397877604663,0.5727619727880504,3.8060380347371137e-08,5.9424341669611636e-08,5.9424341669611636e-08,0.6959243595838782,-1.8284829611326376,0.6959243472497637,-1.8284829874778559,1.2334114507517313e-08,2.6345218229195666e-08,2.9089532554313975e-08,3.76065359408706e-08,-24.52500215164971,2.1516497064055784e-06,-2.1516497064055784e-06,-8.773291361490634e-08,-24.525000090326518,9.032651604456987e-08,-9.032651604456987e-08,-3.683038370828537e-09
screenshot_like_simple_start,dop853_moderate,DOP853,1e-06,1e-08,0.31038798498122655,0.16084819411927442,0.5564288890210332,0.16084824291126304,0.5564288166549545,4.879198861607037e-08,7.236607868499334e-08,7.236607868499334e-08,0.6883126848424516,-1.8362384249026704,0.6883126715552098,-1.836238455309025,1.3287241751314127e-08,3.040635454532037e-08,3.318278454400097e-08,4.816217144543167e-08,-24.525001500615346,1.5006153439856007e-06,-1.5006153439856007e-06,-6.118716998921919e-08,-24.525000198119944,1.9811994178553505e-07,-1.9811994178553505e-07,-8.07828508809521e-09
screenshot_like_simple_start,dop853_moderate,DOP853,1e-06,1e-08,0.31539424280350437,0.1672515873874449,0.5398220557755655,0.16725163776898555,0.5398219838405709,5.038154066161482e-08,7.193499462765374e-08,7.193499462765374e-08,0.6804562790990962,-1.8438461821015757,0.6804562670717631,-1.8438462106878002,1.2027333129438489e-08,2.8586224498639012e-08,3.1013367654820686e-08,4.967851777171184e-08,-24.52500022825778,2.282577789003426e-07,-2.282577789003426e-07,-9.307146948026201e-09,-24.525000254685594,2.5468559172736605e-07,-2.5468559172736605e-07,-1.0384733607639797e-08
screenshot_like_simple_start,dop853_moderate,DOP853,1e-06,1e-08,0.32040050062578224,0.1737891600549237,0.5229486658488665,0.17378921168243514,0.5229485934860637,5.162751143261701e-08,7.236280274991458e-08,7.236280274991458e-08,0.6723525468445442,-1.8512869096976603,0.6723525350028359,-1.851286936911104,1.1841708280613261e-08,2.7213443720697228e-08,2.967823401320739e-08,5.084982709901986e-08,-24.52499968074408,3.19255921255035e-07,3.19255921255035e-07,1.3017570693375534e-08,-24.52500021789709,2.1789708881669867e-07,-2.1789708881669867e-07,-8.884692714238478e-09
screenshot_like_simple_start,dop853_moderate,DOP853,1e-06,1e-08,0.3254067584480601,0.18045488676514604,0.505817188260887,0.18045496866760463,0.5058170748436202,8.190245859296397e-08,1.1341726680047515e-07,1.1341726680047515e-07,0.66399955337124,-1.8585409733081395,0.6639995347287524,-1.8585410135617284,1.8642487553677256e-08,4.025358890658026e-08,4.436094861529646e-08,8.057253839122147e-08,-24.524999571122947,4.288770547589138e-07,4.288770547589138e-07,1.7487341682320643e-08,-24.525000296141485,2.961414828916986e-07,-2.961414828916986e-07,-1.2075085948693113e-08
screenshot_like_simple_start,dop853_moderate,DOP853,1e-06,1e-08,0.3304130162703379,0.18724168212303952,0.48843742443466887,0.1872417842480921,0.48843728254522734,1.0212505258122562e-07,1.418894415294858e-07,1.418894415294858e-07,0.655396102542425,-1.8655886012789886,0.6553960775845646,-1.8655886488495854,2.4957860333962856e-08,4.75705967950546e-08,5.3720168204197344e-08,1.0034005190617812e-07,-24.524999565058124,4.349418780691394e-07,4.349418780691394e-07,1.7734633152666232e-08,-24.525000577978428,5.779784260084853e-07,-5.779784260084853e-07,-2.3566908298001436e-08
screenshot_like_simple_start,dop853_moderate,DOP853,1e-06,1e-08,0.3354192740926158,0.19414122439550552,0.4708207484277028,0.1941413404684142,0.47082058584625625,1.1607290867354791e-07,1.625814465278097e-07,1.625814465278097e-07,0.6465418498387608,-1.872409991980951,0.6465418188391021,-1.8724100433375388,3.0999658728880775e-08,5.135658787125408e-08,5.998731498479421e-08,1.1389232801306548e-07,-24.524999561642282,4.3835771990075045e-07,4.3835771990075045e-07,1.7873913145800222e-08,-24.525000973456738,9.73456735664513e-07,-9.73456735664513e-07,-3.969242551129512e-08
screenshot_like_simple_start,dop853_moderate,DOP853,1e-06,1e-08,0.3404255319148936,0.20114393891507637,0.4529801301651236,0.2011440815386622,0.4529799301366118,1.4262358583039259e-07,2.0002851180977999e-07,2.0002851180977999e-07,0.6374373850691065,-1.8789855229072727,0.6374373449621938,-1.8789855819543182,4.010691267986033e-08,5.9047045475324467e-08,7.138009543335576e-08,1.397481027565206e-07,-24.52499966541916,3.345808430310626e-07,3.345808430310626e-07,1.3642440082816008e-08,-24.525001317408186,1.3174081843203567e-06,-1.3174081843203567e-06,-5.371694941163533e-08
screenshot_like_simple_start,dop853_moderate,DOP853,1e-06,1e-08,0.3454317897371715,0.20823900573363274,0.43493012750572085,0.20823919146020636,0.4349298691110608,1.8572657362048162e-07,2.583946600576148e-07,2.583946600576148e-07,0.628084305741776,-1.8852959798184001,0.6280842531180029,-1.885296050295572,5.2623773116877715e-08,7.047717187624869e-08,8.795620076339656e-08,1.8171422505597334e-07,-24.525000125236524,1.2523652159757148e-07,-1.2523652159757148e-07,-5.106484061063057e-09,-24.5250015012877,1.5012876986020274e-06,-1.5012876986020274e-06,-6.121458506022537e-08
screenshot_like_simple_start,dop853_moderate,DOP853,1e-06,1e-08,0.3504380475594493,0.21541436843513623,0.4166868774619455,0.21541459498214868,0.4166865659903619,2.265470124551694e-07,3.1147158358058036e-07,3.1147158358058036e-07,0.6184852832529039,-1.8913227926992546,0.6184852197434331,-1.8913228703370968,6.350947079347691e-08,7.76378421551982e-08,1.0030497203520355e-07,2.2131103111222572e-07,-24.52500097735924,9.773592388739871e-07,-9.773592388739871e-07,-3.985154898568754e-08,-24.525001540703457,1.5407034545944498e-06,-1.5407034545944498e-06,-6.282175146154738e-08
screenshot_like_simple_start,dop853_moderate,DOP853,1e-06,1e-08,0.35544430538172717,0.22265675215338188,0.3982680756921282,0.22265698323823088,0.39826776218481047,2.3108484900613568e-07,3.135073177173986e-07,3.135073177173986e-07,0.6086441186522464,-1.8970482792588717,0.6086440550621902,-1.8970483498154895,6.359005622069702e-08,7.055661788157863e-08,9.498384903255138e-08,2.2538033428443072e-07,-24.52500179394022,1.7939402177091779e-06,-1.7939402177091779e-06,-7.314740948865148e-08,-24.52500153906144,1.539061436517386e-06,-1.539061436517386e-06,-6.27547986347558e-08
screenshot_like_simple_start,dop853_moderate,DOP853,1e-06,1e-08,0.36045056320400504,0.22995169884077055,0.3796929333831346,0.22995186541389762,0.3796927117918193,1.6657312706946925e-07,2.2159131529697618e-07,2.2159131529697618e-07,0.5985657840762759,-1.9024558945347911,0.5985657404555069,-1.902455938697221,4.362076899688816e-08,4.41624299352128e-08,6.207327690449779e-08,1.6218848702953537e-07,-24.52500175313127,1.7531312686003275e-06,-1.7531312686003275e-06,-7.148343602855565e-08,-24.525001567961578,1.5679615756880594e-06,-1.5679615756880594e-06,-6.393319370797387e-08
screenshot_like_simple_start,dop853_moderate,DOP853,1e-06,1e-08,0.36545682102628285,0.23728362783410595,0.3609821006416717,0.23728364779322075,0.36098208031915113,1.9959114805345735e-08,2.0322520555282608e-08,2.0322520555282608e-08,0.588256445378716,-1.9075304829000759,0.5882564457658356,-1.9075304853861976,3.871195586313547e-10,2.4861217529092983e-09,2.516080865744131e-09,1.93998619391067e-08,-24.525000054987885,5.498788269164834e-08,-5.498788269164834e-08,-2.242115502207883e-09,-24.52500154364097,1.5436409661617745e-06,-1.5436409661617745e-06,-6.29415276722436e-08
screenshot_like_simple_start,dop853_moderate,DOP853,1e-06,1e-08,0.3704630788485607,0.2446359297634182,0.34215754551246835,0.24463574153538667,0.34215780602542156,1.882280315224083e-07,2.605129532096129e-07,2.605129532096129e-07,0.5777234610652463,-1.9122585264603509,0.5777235238533698,-1.9122584846423192,6.278812347826346e-08,4.181803170411058e-08,7.543935462030185e-08,1.8262365311660922e-07,-24.524996528722184,3.4712778180789883e-06,3.4712778180789883e-06,1.4154037994205864e-07,-24.525001225413213,1.2254132109035254e-06,-1.2254132109035254e-06,-4.996588015916515e-08
screenshot_like_simple_start,dop853_moderate,DOP853,1e-06,1e-08,0.37546933667083854,0.2519911018498152,0.3232423777415502,0.25199070053044986,0.3232429222694906,4.013193653507052e-07,5.445279404048264e-07,5.445279404048264e-07,0.566975352374932,-1.9166283815329028,0.5669754800571132,-1.9166283086293983,1.2768218116132601e-07,7.290350456656824e-08,1.470294540702689e-07,3.886448750600735e-07,-24.524992134423194,7.865576808541164e-06,7.865576808541164e-06,3.20716689441026e-07,-24.525000485725098,4.857250957002179e-07,-4.857250957002179e-07,-1.9805304615707153e-08
screenshot_like_simple_start,dop853_moderate,DOP853,1e-06,1e-08,0.3804755944931164,0.25933093263836676,0.30426060640282515,0.259330390611944,0.30426133930399973,5.420264227451455e-07,7.329011745826897e-07,7.329011745826897e-07,0.5560217392647584,-1.9206304926885744,0.5560219146007144,-1.9206304121138644,1.7533595597640783e-07,8.057471001521321e-08,1.929636788418912e-07,5.239020540170891e-07,-24.524988977674365,1.1022325637100039e-05,1.1022325637100039e-05,4.4943223800611774e-07,-24.52499998031485,1.9685153063164762e-08,1.9685153063164762e-08,8.026565978864326e-10
screenshot_like_simple_start,dop853_moderate,DOP853,1e-06,1e-08,0.3854818523153943,0.26663674421202177,0.28523682050620414,0.26663622031444445,0.2852375329514448,5.238975773202981e-07,7.124452406914727e-07,7.124452406914727e-07,0.5448732371580252,-1.9242575717831698,0.5448734154324758,-1.9242575093525962,1.7827445064622083e-07,6.243057359966997e-08,1.8888979928306248e-07,5.053843984970108e-07,-24.524989445659102,1.055434089991536e-05,1.055434089991536e-05,4.3035029153579443e-07,-24.525000076029524,7.602952223351167e-08,-7.602952223351167e-08,-3.100082456004553e-09
screenshot_like_simple_start,dop853_moderate,DOP853,1e-06,1e-08,0.3904881101376721,0.2738896999325625,0.266195781705473,0.2738894104529758,0.2661961812039296,2.8947958669034435e-07,3.9949845664910555e-07,3.9949845664910555e-07,0.5335413096168367,-1.9275047275808905,0.5335414163548216,-1.9275047007853767,1.0673798489513331e-07,2.6795513807797988e-08,1.100499749191139e-07,2.78689565702539e-07,-24.524994147526133,5.8524738690834965e-06,5.8524738690834965e-06,2.386329814101324e-07,-24.525000065370534,6.537053209854093e-08,-6.537053209854093e-08,-2.6654651212452977e-09
screenshot_like_simple_start,dop853_moderate,DOP853,1e-06,1e-08,0.39549436795994997,0.2810711857545981,0.2471619182241354,0.2810711123550068,0.2471620275438345,7.339959129382123e-08,1.0931969909866446e-07,1.0931969909866446e-07,0.5220380725884598,-1.9303695300425816,0.5220381080666969,-1.9303695236571112,3.54782371259077e-08,6.38547037468129e-09,3.604829457086795e-08,7.051930828172459e-08,-24.524998498387344,1.5016126582168e-06,1.5016126582168e-06,6.122783519742303e-08,-24.525000028951528,2.8951525621323526e-08,-2.8951525621323526e-08,-1.18049034133837e-09
screenshot_like_simple_start,dop853_moderate,DOP853,1e-06,1e-08,0.4005006257822278,0.28816276397406343,0.22815939472930893,0.288162662231002,0.22815954328167898,1.0174306142030076e-07,1.4855237004396393e-07,1.4855237004396393e-07,0.51037622619329,-1.932851981795022,0.5103762733478739,-1.932851977109173,4.715458390425198e-08,4.685849042118662e-09,4.7386833239083026e-08,9.754795426974994e-08,-24.524998329841786,1.6701582161715578e-06,1.6701582161715578e-06,6.810023307529287e-08,-24.525000198818958,1.9881895596540744e-07,-1.9881895596540744e-07,-8.106787195327519e-09
screenshot_like_simple_start,dop853_moderate,DOP853,1e-06,1e-08,0.40550688360450565,0.29514597623576483,0.20921238730576536,0.29514583064964556,0.20921259809287596,1.4558611927117937e-07,2.1078711059940858e-07,2.1078711059940858e-07,0.4985690431051552,-1.9349544880357301,0.49856911000507187,-1.9349544866054433,6.68999166619777e-08,1.4302867779036887e-09,6.691520432343167e-08,1.3929093356512823e-07,-24.524998341989395,1.6580106070307465e-06,1.6580106070307465e-06,6.760491771786938e-08,-24.52500064332792,6.433279189366203e-07,-6.433279189366203e-07,-2.6231515552971266e-08
screenshot_like_simple_start,dop853_moderate,DOP853,1e-06,1e-08,0.41051314142678347,0.3020032249931264,0.19034390775301965,0.3020030314139266,0.1903441876014929,1.9357919978091331e-07,2.7984847325579487e-07,2.7984847325579487e-07,0.4866299690367826,-1.9366818062266449,0.48663005901265866,-1.936681810857121,8.997587608305935e-08,4.630476224676272e-09,9.009494762183584e-08,1.848183100450207e-07,-24.524998382788695,1.6172113070922478e-06,1.6172113070922478e-06,6.594133769998971e-08,-24.525001171154035,1.1711540324199632e-06,-1.1711540324199632e-06,-4.77534773667671e-08
screenshot_like_simple_start,dop853_moderate,DOP853,1e-06,1e-08,0.41551939924906134,0.30871773846253997,0.17157586013279436,0.308717493313334,0.17157621274084855,2.4514920599072454e-07,3.526080541993437e-07,3.526080541993437e-07,0.47457252738035904,-1.938040887356371,0.47457264125150644,-1.938040901639105,1.1387114740024629e-07,1.428273388448531e-08,1.1476338570059547e-07,2.3355952943893143e-07,-24.5249980280881,1.971911903098089e-06,1.971911903098089e-06,8.040415507025847e-08,-24.52500142781644,1.4278164393033421e-06,-1.4278164393033421e-06,-5.821881505824024e-08
screenshot_like_simple_start,dop853_moderate,DOP853,1e-06,1e-08,0.4205256570713392,0.3152736830706957,0.15292889959788467,0.3152733982274013,0.1529293056207867,2.848432943958201e-07,4.06022902021963e-07,4.06022902021963e-07,0.46241017506602955,-1.939040699999146,0.46241030554646284,-1.939040726471399,1.3048043329133563e-07,2.647225283425314e-08,1.3313873832215518e-07,2.7080382303257267e-07,-24.524997260345813,2.7396541888435877e-06,2.7396541888435877e-06,1.1170863155325535e-07,-24.525001099100255,1.0991002525884142e-06,-1.0991002525884142e-06,-4.481550469269782e-08
screenshot_like_simple_start,dop853_moderate,DOP853,1e-06,1e-08,0.425531914893617,0.32165627344072745,0.1344222954870216,0.32165598905585013,0.13442269663145598,2.8438487731374806e-07,4.011444343920978e-07,4.011444343920978e-07,0.4501561622522953,-1.9396920273675153,0.45015628997828905,-1.9396920635118444,1.2772599372601334e-07,3.614432908527476e-08,1.3274163626504774e-07,2.6979967360230006e-07,-24.524996477287964,3.522712038517284e-06,3.522712038517284e-06,1.4363759586207069e-07,-24.525000113010503,1.1301050051315542e-07,-1.1301050051315542e-07,-4.6079714786199965e-09
screenshot_like_simple_start,dop853_moderate,DOP853,1e-06,1e-08,0.4305381727158949,0.32785187105719926,0.1160738102370536,0.3278516509505735,0.1160741175134345,2.2010662575899786e-07,3.0727638089533826e-07,3.0727638089533826e-07,0.4378234008994862,-1.9400072419087873,0.4378234977252689,-1.940007277198562,9.6825782724963e-08,3.528977465805383e-08,1.0305629721525009e-07,2.0838292852376483e-07,-24.52499617448116,3.825518842148767e-06,3.825518842148767e-06,1.559844583954645e-07,-24.524998742034654,1.257965347889467e-06,1.257965347889467e-06,5.129318441955013e-08
screenshot_like_simple_start,dop853_moderate,DOP853,1e-06,1e-08,0.4355444305381727,0.3338480630707601,0.09789960523185734,0.33384796932470456,0.09789973512403352,9.374605552947557e-08,1.2989217618164517e-07,1.2989217618164517e-07,0.4254243472960323,-1.9400000642017248,0.4254243879960521,-1.9400000822244288,4.0700019798833864e-08,1.8022703995868028e-08,4.4511902576144125e-08,8.857018762853386e-08,-24.524996597394274,3.402605727842456e-06,3.402605727842456e-06,1.3874029471325e-07,-24.52499754254869,2.457451312665171e-06,2.457451312665171e-06,1.0020188838593969e-07
screenshot_like_simple_start,dop853_moderate,DOP853,1e-06,1e-08,0.4405506883604506,0.33963371270329273,0.0799141847073809,0.3396337681140158,0.07991411062961298,5.541072306547434e-08,7.407776791978904e-08,7.407776791978904e-08,0.4129709035641749,-1.9396853149031932,0.41297088196830367,-1.9396853023571292,2.1595871202428896e-08,1.254606396550173e-08,2.4975695666354497e-08,5.224548221827163e-08,-24.52499756895968,2.4310403219374166e-06,2.4310403219374166e-06,9.912498764270811e-08,-24.52499711763186,2.882368143275471e-06,2.882368143275471e-06,1.1752775303875518e-07
screenshot_like_simple_start,dop853_moderate,DOP853,1e-06,1e-08,0.4455569461827284,0.34519897271438377,0.062130388832235095,0.3451991317658918,0.062130178853748025,1.5905150801964751e-07,2.0997848707016153e-07,2.0997848707016153e-07,0.40047434296767925,-1.9390786702555738,0.4004742830630982,-1.9390786294727205,5.990458107341112e-08,4.078285331665654e-08,7.246930355832605e-08,1.496687597746238e-07,-24.52499858014177,1.4198582327651366e-06,1.4198582327651366e-06,5.789432141753869e-08,-24.5249977424411,2.2575589007090002e-06,2.2575589007090002e-06,9.205133132350662e-08
screenshot_like_simple_start,dop853_moderate,DOP853,1e-06,1e-08,0.45056320400500627,0.3505352533899405,0.04455944708323448,0.3505354144311217,0.044559242511075625,1.6104118116810895e-07,2.0457215885172353e-07,2.0457215885172353e-07,0.38794526349516634,-1.938196433171991,0.3879452103741745,-1.938196386982932,5.312099182752661e-08,4.618905902198378e-08,7.039367120754855e-08,1.5124810803790467e-07,-24.524999103753295,8.962467070716684e-07,8.962467070716684e-07,3.654420823941563e-08,-24.52499893814653,1.0618534709294636e-06,1.0618534709294636e-06,4.329677761180279e-08
screenshot_like_simple_start,dop853_moderate,DOP853,1e-06,1e-08,0.45556946182728414,0.35563513651378176,0.02721110303530347,0.3556352248971456,0.027210997832121338,8.838336384986434e-08,1.0520318213108615e-07,1.0520318213108615e-07,0.3753935737184972,-1.9370553331581561,0.37539355140708164,-1.9370553052466535,2.2311415548426083e-08,2.7911502664679233e-08,3.573305535180199e-08,8.28528205487622e-08,-24.524998974695343,1.0253046589525638e-06,1.0253046589525638e-06,4.18065100490342e-08,-24.52499931077481,6.892251924739412e-07,6.892251924739412e-07,2.8102964015247346e-08
screenshot_like_simple_start,dop853_moderate,DOP853,1e-06,1e-08,0.46057571964956195,0.36049222678302817,0.010093821685151133,0.36049217798111,0.01009389804367496,4.880191817324686e-08,7.635852382684161e-08,7.635852382684161e-08,0.3628285143476069,-1.935672369308855,0.36282854503714795,-1.9356723857522526,3.06895410751018e-08,1.6443397754528633e-08,3.481714033509929e-08,4.566509287373677e-08,-24.52499858872516,1.4112748409900178e-06,1.4112748409900178e-06,5.7544336024057804e-08,-24.524999272044674,7.279553280170603e-07,7.279553280170603e-07,2.9682174434946392e-08
screenshot_like_simple_start,dop853_moderate,DOP853,1e-06,1e-08,0.4655819774718398,0.36510100946996965,-0.006785012106228052,0.36510092879685485,-0.006784893473427325,8.067311479953432e-08,1.1863280072708926e-07,1.1863280072708926e-07,0.3502586879550195,-1.9340646830339667,0.35025873122932405,-1.9340647126426989,4.32743045286621e-08,2.960873213275761e-08,5.24341725494813e-08,7.53557655164272e-08,-24.524998543987223,1.4560127787888177e-06,1.4560127787888177e-06,5.936851289658787e-08,-24.524999281972285,7.180277172835758e-07,7.180277172835758e-07,2.927737889025793e-08
screenshot_like_simple_start,dop853_moderate,DOP853,1e-06,1e-08,0.47058823529411764,0.36945721944705145,-0.02341957379798271,0.3694571419084586,-0.023419459148284208,7.753859287973341e-08,1.14649698502306e-07,1.14649698502306e-07,0.33769189656044735,-1.932249260399462,0.3376919388721461,-1.9322492910841638,4.231169875579255e-08,3.068470166844861e-08,5.226691848657839e-08,7.230656001722124e-08,-24.524998573959643,1.4260403595756088e-06,1.4260403595756088e-06,5.8146395905223595e-08,-24.524999276421624,7.235783776593507e-07,7.235783776593507e-07,2.9503705511084635e-08
screenshot_like_simple_start,dop853_moderate,DOP853,1e-06,1e-08,0.4755944931163955,0.3735574523588418,-0.039805076402287996,0.3735573787402687,-0.03980496675893455,7.361857312648823e-08,1.0964335344504361e-07,1.0964335344504361e-07,0.3251352811317898,-1.9302429016785112,0.32513532214682245,-1.9302429329073267,4.1015032647973015e-08,3.122881553352386e-08,5.155067237913734e-08,6.854147061030602e-08,-24.524998554028752,1.4459712502912225e-06,1.4459712502912225e-06,5.895907238700193e-08,-24.524999189573638,8.104263642394471e-07,8.104263642394471e-07,3.3044907818122207e-08
screenshot_like_simple_start,dop853_moderate,DOP853,1e-06,1e-08,0.4806007509386734,0.37739907698897723,-0.05593764748092582,0.37739901283055666,-0.05593754998465239,6.415842057627685e-08,9.7496273429587e-08,9.7496273429587e-08,0.3125953519441499,-1.9280621266625286,0.31259538964457806,-1.928062155756014,3.7700428168196964e-08,2.9093485398590246e-08,4.7620932127619706e-08,5.964335136887655e-08,-24.52499858868971,1.4113102935198185e-06,1.4113102935198185e-06,5.754578159102216e-08,-24.52499903091712,9.690828832731313e-07,9.690828832731313e-07,3.951408290614194e-08
screenshot_like_simple_start,dop853_moderate,DOP853,1e-06,1e-08,0.4856070087609512,0.38098019856581566,-0.07181427395932306,0.38098015002400704,-0.07181419654199407,4.8541808628232985e-08,7.741732899191334e-08,7.741732899191334e-08,0.300078004786991,-1.925723076869457,0.300078036943383,-1.925723100473673,3.2156391993609645e-08,2.3604215915185023e-08,3.988975501325317e-08,4.506139117399499e-08,-24.524998730660005,1.2693399966678953e-06,1.2693399966678953e-06,5.17569825348785e-08,-24.52499887748046,1.122519542207101e-06,1.122519542207101e-06,4.5770419661859366e-08
screenshot_like_simple_start,dop853_moderate,DOP853,1e-06,1e-08,0.49061326658322907,0.38429958646946244,-0.08743270108919068,0.38429955331312904,-0.08743264347542201,3.3156333401063165e-08,5.761376867252643e-08,5.761376867252643e-08,0.2875885550730777,-1.923241447706356,0.287588581728821,-1.9232414651679033,2.6655743334824678e-08,1.7461547319186366e-08,3.186587967579484e-08,3.073795218355713e-08,-24.52499892383001,1.0761699904549005e-06,1.0761699904549005e-06,4.3880529682157e-08,-24.52499882462885,1.1753711532946909e-06,1.1753711532946909e-06,4.792542928826466e-08
screenshot_like_simple_start,dop853_moderate,DOP853,1e-06,1e-08,0.4956195244055069,0.3873566003122421,-0.10279133046653871,0.3873565720386812,-0.10279127917333075,2.827356093693112e-08,5.129320795882464e-08,5.129320795882464e-08,0.27513177580222103,-1.9206324384816111,0.27513180064588805,-1.9206324544249431,2.4843667012497406e-08,1.594333198795539e-08,2.951944487123722e-08,2.617879607536011e-08,-24.524999051253822,9.487461802848429e-07,9.487461802848429e-07,3.868485954270511e-08,-24.524998930232574,1.0697674284187997e-06,1.0697674284187997e-06,4.361946700994086e-08
screenshot_like_simple_start,dop853_moderate,DOP853,1e-06,1e-08,0.5006257822277848,0.3901511170842984,-0.11788912049345918,0.39015107515919834,-0.11788905168030545,4.1925100058293197e-08,6.881315373075125e-08,6.881315373075125e-08,0.2627119376074784,-1.917910718159583,0.26271196716851264,-1.9179107421984214,2.9561034231573302e-08,2.403883847534871e-08,3.810145010474213e-08,3.877449605838024e-08,-24.52499901516879,9.84831210359971e-07,9.84831210359971e-07,4.015621652843918e-08,-24.524999177092607,8.229073955590138e-07,8.229073955590138e-07,3.355381837141748e-08
screenshot_like_simple_start,dop853_moderate,DOP853,1e-06,1e-08,0.5056320400500626,0.39268346205600585,-0.13272549267205913,0.39268338829971094,-0.1327253828764352,7.37562949049142e-08,1.0979562392599007e-07,1.0979562392599007e-07,0.2503328491821356,-1.9150904042110901,0.2503328898697231,-1.9150904469652599,4.068758746589296e-08,4.275416976007307e-08,5.902032536057249e-08,6.814237313301774e-08,-24.524998800292956,1.199707046595222e-06,1.199707046595222e-06,4.891771851560538e-08,-24.52499946861617,5.313838329357168e-07,5.313838329357168e-07,2.1667026827144415e-08
screenshot_like_simple_start,dop853_moderate,DOP853,1e-06,1e-08,0.5106382978723404,0.3949543461288774,-0.1473002471189365,0.39495423428974596,-0.1473000880945123,1.1183913145584867e-07,1.5902442418447293e-07,1.5902442418447293e-07,0.23799789649299788,-1.9121850514506202,0.23799795056623455,-1.9121851178222238,5.407323666606345e-08,6.637160354650007e-08,8.561019028642496e-08,1.0322910115601047e-07,-24.524998493700377,1.506299625475549e-06,1.506299625475549e-06,6.141894497351881e-08,-24.52499966383973,3.3616027295124695e-07,3.3616027295124695e-07,1.370684089505594e-08
screenshot_like_simple_start,dop853_moderate,DOP853,1e-06,1e-08,0.5156445556946183,0.39696481232664943,-0.16161349068858233,0.3969646769006998,-0.16161330074594077,1.354259496211263e-07,1.8994264155969276e-07,1.8994264155969276e-07,0.2257100793234694,-1.909207647363441,0.2257101418959036,-1.9092077302857633,6.257243420626502e-08,8.292232234197172e-08,1.0388176483427314e-07,1.2489505629709186e-07,-24.524998252400273,1.747599728929572e-06,1.747599728929572e-06,7.125788904911608e-08,-24.524999650586395,3.49413607381166e-07,3.49413607381166e-07,1.4247241891179041e-08
screenshot_like_simple_start,dop853_moderate,DOP853,1e-06,1e-08,0.5206508135168961,0.39871619411822895,-0.17566558109409747,0.39871606749267186,-0.17566540152618107,1.2662555709530565e-07,1.79567916397394e-07,1.79567916397394e-07,0.2134720438529871,-1.9061706101099216,0.2134721039643613,-1.9061706906523623,6.011137421157997e-08,8.054244071686867e-08,1.0050105505035708e-07,1.166930733709215e-07,-24.52499822202621,1.7779737930823103e-06,1.7779737930823103e-06,7.249638300029807e-08,-24.524999450105156,5.498948461024611e-07,5.498948461024611e-07,2.2421808199896476e-08
screenshot_like_simple_start,dop853_moderate,DOP853,1e-06,1e-08,0.5256570713391739,0.40021008826418647,-0.18945709041361566,0.400209994897711,-0.18945695254406458,9.336647549540444e-08,1.3786955108119336e-07,1.3786955108119336e-07,0.20128611016235337,-1.9030857851469554,0.20128615957637444,-1.90308584748801,4.9414021069393854e-08,6.23410545408376e-08,7.954968610566725e-08,8.598858003416865e-08,-24.524998416044077,1.5839559246444423e-06,1.5839559246444423e-06,6.458535880303536e-08,-24.524999331572133,6.684278694990553e-07,6.684278694990553e-07,2.7254959000980846e-08
screenshot_like_simple_start,dop853_moderate,DOP853,1e-06,1e-08,0.5306633291614519,0.401448344410944,-0.2029887907609346,0.4014482727044275,-0.202988679820258,7.170651650234561e-08,1.1094067658978801e-07,1.1094067658978801e-07,0.1891542939194493,-1.8999644365295076,0.189154336576776,-1.8999644869143402,4.265732669872513e-08,5.0384832528393986e-08,6.601726190926186e-08,6.600556379243727e-08,-24.524998566927977,1.4330720254918106e-06,1.4330720254918106e-06,5.843311011179655e-08,-24.524999334327973,6.656720294984098e-07,6.656720294984098e-07,2.7142590397488672e-08
screenshot_like_simple_start,dop853_moderate,DOP853,1e-06,1e-08,0.5356695869837297,0.40243298042103404,-0.2162615457146477,0.40243290554790495,-0.21626143096737993,7.48731290856064e-08,1.1474726777094268e-07,1.1474726777094268e-07,0.17707835231679295,-1.8968172909918481,0.17707839549961568,-1.8968173449389485,4.3182822734300075e-08,5.39471003424552e-08,6.910170630788297e-08,6.889157744272012e-08,-24.52499851160087,1.4883991319436518e-06,1.4883991319436518e-06,6.068905736773299e-08,-24.524999330979092,6.690209097826028e-07,6.690209097826028e-07,2.7279140052297767e-08
screenshot_like_simple_start,dop853_moderate,DOP853,1e-06,1e-08,0.5406758448060075,0.4031661168370766,-0.22927622975427706,0.40316604071817597,-0.22927611303025908,7.611890062708682e-08,1.1672401797890863e-07,1.1672401797890863e-07,0.16505981921842386,-1.8936545789173171,0.16505986287195948,-1.8936546353094208,4.3653535619636585e-08,5.639210365337988e-08,7.131409767043554e-08,7.001594981570491e-08,-24.524998479167497,1.5208325052640248e-06,1.5208325052640248e-06,6.201151907294698e-08,-24.52499932398854,6.760114636961134e-07,6.760114636961134e-07,2.7564177928485764e-08
screenshot_like_simple_start,dop853_moderate,DOP853,1e-06,1e-08,0.5456821026282854,0.4036500238519519,-0.24203378516060509,0.4036499492767947,-0.2420336691979444,7.457515721620567e-08,1.1596266069613392e-07,1.1596266069613392e-07,0.153100009174941,-1.8904860056780575,0.15310005317577305,-1.8904860627631574,4.4000832061241724e-08,5.708509998036959e-08,7.20748351496581e-08,6.858181211821801e-08,-24.524998492796314,1.507203688078107e-06,1.507203688078107e-06,6.145580787270569e-08,-24.52499932464339,6.753566132999822e-07,6.753566132999822e-07,2.7537476587155235e-08
screenshot_like_simple_start,dop853_moderate,DOP853,1e-06,1e-08,0.5506883604505632,0.40388707915356153,-0.25453516976715257,0.4038870045622066,-0.2545350529650687,7.459135492604574e-08,1.1680208389375224e-07,1.1680208389375224e-07,0.14120004610519254,-1.8873207820070668,0.14120009055420574,-1.8873208407313826,4.444901319233807e-08,5.8724315854519205e-08,7.364957600932934e-08,6.858976098200742e-08,-24.524998499589493,1.5004105087257358e-06,1.5004105087257358e-06,6.117881788891889e-08,-24.524999342815136,6.57184866525995e-07,6.57184866525995e-07,2.6796528706462585e-08
screenshot_like_simple_start,dop853_moderate,DOP853,1e-06,1e-08,0.5556946182728411,0.40387974330666043,-0.2667813288958668,0.4038796628946111,-0.2667812054559609,8.041204935249624e-08,1.2343990590801823e-07,1.2343990590801823e-07,0.1293608838689832,-1.88416764589959,0.12936092899977703,-1.8841677100428362,4.513079382428842e-08,6.414324627002088e-08,7.842923302740488e-08,7.394235623792156e-08,-24.524998443032494,1.556967507809759e-06,1.556967507809759e-06,6.348491367216141e-08,-24.524999380184678,6.198153243985871e-07,6.198153243985871e-07,2.5272796101879186e-08
screenshot_like_simple_start,dop853_moderate,DOP853,1e-06,1e-08,0.5607008760951189,0.4036305397020196,-0.278773172828468,0.40363044636033735,-0.2787730357449252,9.334168227237427e-08,1.3708354279495794e-07,1.3708354279495794e-07,0.117583325083221,-1.881034883793883,0.11758337103363392,-1.8810349581768775,4.595041291910462e-08,7.438299443052188e-08,8.743151781758833e-08,8.584085170459943e-08,-24.5249983010851,1.6989149038693085e-06,1.6989149038693085e-06,6.927277895491574e-08,-24.52499942813849,5.718615128103011e-07,5.718615128103011e-07,2.3317492877076495e-08
screenshot_like_simple_start,dop853_moderate,DOP853,1e-06,1e-08,0.5657071339173968,0.40314203846099783,-0.29051155913977755,0.4031419275557529,-0.29051140400611586,1.1090524493218012e-07,1.5513366169450649e-07,1.5513366169450649e-07,0.10586803828828378,-1.8779303507290814,0.10586808490716232,-1.877930438675204,4.6618878535298336e-08,8.794612260665247e-08,9.953813499073231e-08,1.0201429351264224e-07,-24.52499809744262,1.902557382749137e-06,1.902557382749137e-06,7.757624394491893e-08,-24.524999470043582,5.299564200811346e-07,5.299564200811346e-07,2.1608824468140044e-08
screenshot_like_simple_start,dop853_moderate,DOP853,1e-06,1e-08,0.5707133917396746,0.4024168436836015,-0.3019972792193464,0.4024167161707245,-0.3019971073264281,1.2751287697954083e-07,1.7189291828811903e-07,1.7189291828811903e-07,0.0942155735886685,-1.8748614893124933,0.09421562037567799,-1.8748615903777446,4.678700948890224e-08,1.0106525127895338e-07,1.113696963854738e-07,1.1732678706355415e-07,-24.52499789362545,2.106374552113266e-06,2.106374552113266e-06,8.588683189044917e-08,-24.524999486671028,5.133289739944757e-07,5.133289739944757e-07,2.093084501506527e-08
screenshot_like_simple_start,dop853_moderate,DOP853,1e-06,1e-08,0.5757196495619524,0.40145758342811166,-0.3132310483077064,0.4014574472916511,-0.3132308680148328,1.3613646054899675e-07,1.8029287357501644e-07,1.8029287357501644e-07,0.08262637690114621,-1.8718353474502694,0.0826264231089221,-1.8718354562013677,4.620777588337788e-08,1.0875109834884711e-07,1.1816073774384237e-07,1.2531258175574322e-07,-24.524997769174817,2.2308251850233773e-06,2.2308251850233773e-06,9.096127156058622e-08,-24.52499946303935,5.369606519423087e-07,5.369606519423087e-07,2.189442005880973e-08
screenshot_like_simple_start,dop853_moderate,DOP853,1e-06,1e-08,0.5807259073842304,0.40026690181035696,-0.3242134983735603,0.4002667713040891,-0.32421332424157523,1.3050626784805175e-07,1.741319850534495e-07,1.741319850534495e-07,0.07110080294562221,-1.8688585949041356,0.07110084781494158,-1.8688587012297988,4.486931937108807e-08,1.0632566316282066e-07,1.154053831839672e-07,1.2019066747415152e-07,-24.524997796564804,2.2034351978561517e-06,2.2034351978561517e-06,8.984445251197356e-08,-24.52499939478419,6.052158134650654e-07,6.052158134650654e-07,2.4677505136190228e-08
screenshot_like_simple_start,dop853_moderate,DOP853,1e-06,1e-08,0.5857321652065082,0.3988474526107118,-0.33494517315823324,0.39884734527498855,-0.334945022840662,1.0733572325394292e-07,1.5031757122363487e-07,1.5031757122363487e-07,0.05963912710956537,-1.865937538832986,0.05963917016288317,-1.8659376299294974,4.305331779974608e-08,9.109651144534325e-08,1.0075794048648219e-07,9.891085922530962e-08,-24.524998016659872,1.9833401303515075e-06,1.9833401303515075e-06,8.08701378328851e-08,-24.524999292241436,7.077585664205799e-07,7.077585664205799e-07,2.8858657142531287e-08
screenshot_like_simple_start,dop853_moderate,DOP853,1e-06,1e-08,0.590738423028786,0.39720189377689813,-0.34542652471370716,0.39720182569456136,-0.3454264141090646,6.808233676824926e-08,1.10604642555856e-07,1.10604642555856e-07,0.04824155630712201,-1.8630781385617836,0.04824159759654911,-1.8630782023492345,4.1289427099577836e-08,6.378745087687321e-08,7.598457527407037e-08,6.378745087687321e-08,-24.524998419788286,1.5802117161456408e-06,1.5802117161456408e-06,6.443268975109646e-08,-24.52499918068355,8.193164511283157e-07,8.193164511283157e-07,3.340739861889157e-08
screenshot_like_simple_start,dop853_moderate,DOP853,1e-06,1e-08,0.5957446808510638,0.3953328822106703,-0.35565791076055375,0.3953328624578004,-0.35565784843605686,1.9752869895306446e-08,6.232449689669295e-08,6.232449689669295e-08,0.036908238939725224,-1.8602860198917908,0.036908279134506505,-1.8602860492007607,4.019478128114429e-08,2.9308969917707373e-08,4.974571499009842e-08,4.019478128114429e-08,-24.52499893686584,1.0631341638145386e-06,1.0631341638145386e-06,4.334899750517996e-08,-24.524999095514183,9.044858195750294e-07,9.044858195750294e-07,3.688015574210109e-08
screenshot_like_simple_start,dop853_moderate,DOP853,1e-06,1e-08,0.6007509386733417,0.39324306822646155,-0.3656395921920909,0.3932430939656691,-0.36563957459611524,2.5739207543118425e-08,1.7595975676520936e-08,2.5739207543118425e-08,0.02563927404696048,-1.8575664893258317,0.025639314254324086,-1.857566485754311,4.020736360521582e-08,3.571520634793046e-09,4.036567660434773e-08,4.020736360521582e-08,-24.524999444560798,5.554392039641698e-07,5.554392039641698e-07,2.2647877837478888e-08,-24.524999071655486,9.283445159269377e-07,9.283445159269377e-07,3.7852987397632524e-08
screenshot_like_simple_start,dop853_moderate,DOP853,1e-06,1e-08,0.6057571964956195,0.3909350890700718,-0.3753717300510778,0.3909351432259821,-0.37537173953880265,5.415591031177058e-08,9.48772482800564e-09,5.415591031177058e-08,0.014434719715501865,-1.8549245486304904,0.01443476095841073,-1.854924524515836,4.1242908865868344e-08,2.411465449547734e-08,4.7775454923575214e-08,5.0070016688330554e-08,-24.524999788289314,2.1171068809167082e-07,2.1171068809167082e-07,8.63244395888566e-09,-24.524999126817995,8.731820066998353e-07,8.731820066998353e-07,3.560375154739389e-08
screenshot_like_simple_start,dop853_moderate,DOP853,1e-06,1e-08,0.6107634543178974,0.38841156088547424,-0.3848543813052746,0.3884116148339959,-0.38485438950906337,5.3948521649971326e-08,8.203788759431063e-09,5.3948521649971326e-08,0.0032946007908375985,-1.8523649101940831,0.003294643117123297,-1.852364886682863,4.232628569855734e-08,2.351122008192874e-08,4.841788854108355e-08,4.992999280695187e-08,-24.524999826894803,1.7310519950797243e-07,1.7310519950797243e-07,7.058315984015185e-09,-24.52499923879425,7.612057508765702e-07,7.612057508765702e-07,3.1037951106078294e-08
screenshot_like_simple_start,dop853_moderate,DOP853,1e-06,1e-08,0.6157697121401753,0.38567506851782124,-0.394087492748181,0.3856750927127294,-0.3940874723313485,2.4194908132546544e-08,2.0416832502423432e-08,2.4194908132546544e-08,-0.007781084087925438,-1.8498920136652397,-0.0077810428184341696,-1.8498920124028502,4.126949126881385e-08,1.2623895262464657e-09,4.128879432609627e-08,4.126949126881385e-08,-24.524999503207663,4.967923388221607e-07,4.967923388221607e-07,2.0256568351566182e-08,-24.524999317341422,6.826585803310081e-07,6.826585803310081e-07,2.7835212245912662e-08
screenshot_like_simple_start,dop853_moderate,DOP853,1e-06,1e-08,0.6207759699624531,0.38272815254072795,-0.4030708923512763,0.38272812723875677,-0.4030708248961052,2.530197118488786e-08,6.74551711155047e-08,6.74551711155047e-08,-0.018792356134951782,-1.8475100443722599,-0.01879231755693861,-1.8475100802802975,3.8578013172863024e-08,3.590803765440853e-08,5.270341799690048e-08,3.8578013172863024e-08,-24.524998945298652,1.0547013502559821e-06,1.0547013502559821e-06,4.300515189626838e-08,-24.52499935879821,6.412017938828285e-07,6.412017938828285e-07,2.6144823399911455e-08
screenshot_like_simple_start,dop853_moderate,DOP853,1e-06,1e-08,0.6257822277847309,0.3795732929399107,-0.41180427743606934,0.37957323412546184,-0.411804176325838,5.881444886668419e-08,1.0111023135417341e-07,1.0111023135417341e-07,-0.029739250773585746,-1.8452229539951626,-0.029739212744357868,-1.8452230162580578,3.8029227877878213e-08,6.22628952839932e-08,7.295814075298995e-08,6.22628952839932e-08,-24.524998603620457,1.3963795453264538e-06,1.3963795453264538e-06,5.693698451891758e-08,-24.524999426755144,5.732448578044114e-07,5.732448578044114e-07,2.33738983814235e-08
screenshot_like_simple_start,dop853_moderate,DOP853,1e-06,1e-08,0.6307884856070087,0.37621296357894535,-0.42028727069160454,0.3762129025179652,-0.42028716565681423,6.106098016100958e-08,1.0503479030976592e-07,1.0503479030976592e-07,-0.040621808702454354,-1.843034427275143,-0.04062176959919267,-1.8430344925655802,3.910326168421463e-08,6.52904370568308e-08,7.61045744053283e-08,6.52904370568308e-08,-24.52499859856106,1.4014389435601515e-06,1.4014389435601515e-06,5.7143280063614736e-08,-24.524999469735874,5.302641277182829e-07,5.302641277182829e-07,2.1621371160786254e-08
screenshot_like_simple_start,dop853_moderate,DOP853,1e-06,1e-08,0.6357947434292867,0.37264964357106733,-0.42851943662983205,0.3726495825901575,-0.42851933050380475,6.098090982176174e-08,1.0612602729942466e-07,1.0612602729942466e-07,-0.05144006977078375,-1.840947878803172,-0.05144003003600378,-1.84094794510334,3.973477996632724e-08,6.63001680223374e-08,7.729531045776717e-08,6.63001680223374e-08,-24.52499859431503,1.4056849728660836e-06,1.4056849728660836e-06,5.731641071829087e-08,-24.524999478562137,5.21437865330654e-07,5.21437865330654e-07,2.126148278616326e-08
screenshot_like_simple_start,dop853_moderate,DOP853,1e-06,1e-08,0.6408010012515645,0.36888574357020126,-0.4365002159099332,0.36888568440359165,-0.4365001109679763,5.9166609611693843e-08,1.0494195690213814e-07,1.0494195690213814e-07,-0.06219407154344059,-1.8389665144946927,-0.062194031627628044,-1.8389665801951225,3.991581254414456e-08,6.570042976328239e-08,7.687534430582598e-08,6.570042976328239e-08,-24.524998594337777,1.4056622248403983e-06,1.4056622248403983e-06,5.7315483173920414e-08,-24.524999466542695,5.334573067727888e-07,5.334573067727888e-07,2.1751572141601986e-08
screenshot_like_simple_start,dop853_moderate,DOP853,1e-06,1e-08,0.6458072590738423,0.3649236339624601,-0.44422895683414465,0.36492357661441777,-0.4442288534280964,5.734804231494195e-08,1.0340604822411947e-07,1.0340604822411947e-07,-0.07288384252371333,-1.8370933159096903,-0.07288380272574879,-1.8370933808159053,3.9797964535015495e-08,6.490621506927141e-08,7.613602784325478e-08,6.490621506927141e-08,-24.52499859467013,1.4053298720284602e-06,1.4053298720284602e-06,5.730193158118084e-08,-24.52499945527035,5.447296516081224e-07,5.447296516081224e-07,2.2211198842329148e-08
screenshot_like_simple_start,dop853_moderate,DOP853,1e-06,1e-08,0.6508135168961202,0.3607656423946588,-0.4517049178335947,0.3607655850344946,-0.4517048142084962,5.736016422952517e-08,1.0362509850203594e-07,1.0362509850203594e-07,-0.08350939728646861,-1.8353310468327044,-0.08350935772223789,-1.835331112312667,3.956423072493109e-08,6.547996256323074e-08,7.650460018938523e-08,6.547996256323074e-08,-24.524998590380697,1.4096193048374062e-06,1.4096193048374062e-06,5.747683200152522e-08,-24.524999465234803,5.347651992337887e-07,5.347651992337887e-07,2.180490109006274e-08
screenshot_like_simple_start,dop853_moderate,DOP853,1e-06,1e-08,0.655819774718398,0.35641405156730765,-0.4589272702834872,0.35641399106876553,-0.45892716313922743,6.049854212042405e-08,1.0714425974223118e-07,1.0714425974223118e-07,-0.09407073180147685,-1.8336822590462623,-0.09407069244007588,-1.8336823276186327,3.9361400971937854e-08,6.857237044854969e-08,7.906636374215524e-08,6.857237044854969e-08,-24.52499857904608,1.4209539216381017e-06,1.4209539216381017e-06,5.7938997824183554e-08,-24.524999510312316,4.896876859561416e-07,4.896876859561416e-07,1.996687812257458e-08
screenshot_like_simple_start,dop853_moderate,DOP853,1e-06,1e-08,0.6608260325406758,0.3518710972511993,-0.4658951015928277,0.35187103005098863,-0.46589498702384957,6.720021067385673e-08,1.1456897813788558e-07,1.1456897813788558e-07,-0.10456781891874012,-1.8321492973315345,-0.10456777964336006,-1.8321493719593898,3.927538005932263e-08,7.462785522882598e-08,8.433191717765491e-08,7.462785522882598e-08,-24.524998562019647,1.4379803552344583e-06,1.4379803552344583e-06,5.86332458811196e-08,-24.524999595294336,4.047056663125659e-07,4.047056663125659e-07,1.6501760094294223e-08
screenshot_like_simple_start,dop853_moderate,DOP853,1e-06,1e-08,0.6658322903629537,0.3471389664867105,-0.4726074185138819,0.347138889499911,-0.4726072930302758,7.698679949097453e-08,1.254836060615716e-07,1.254836060615716e-07,-0.11500060399058898,-1.8307343037345811,-0.11500056465647163,-1.830734387047482,3.9334117352129994e-08,8.33129008004363e-08,9.213149422241274e-08,8.33129008004363e-08,-24.52499854409276,1.4559072418762753e-06,1.4559072418762753e-06,5.9364209658563714e-08,-24.52499971570849,2.842915129974699e-07,2.842915129974699e-07,1.1591906748112941e-08
screenshot_like_simple_start,dop853_moderate,DOP853,1e-06,1e-08,0.6708385481852316,0.3422197959249321,-0.479063150616562,0.34221970731797646,-0.4790630120201161,8.860695566159649e-08,1.3859644593106069e-07,1.3859644593106069e-07,-0.12536900060835826,-1.8294392211402086,-0.12536896108292772,-1.8294393147605827,3.952543053964419e-08,9.362037411975166e-08,1.0162201587090518e-07,9.362037411975166e-08,-24.52499853205652,1.4679434805486835e-06,1.4679434805486835e-06,5.985498391635814e-08,-24.52499985926859,1.4073141230142028e-07,1.4073141230142028e-07,5.738283885888696e-09
screenshot_like_simple_start,dop853_moderate,DOP853,1e-06,1e-08,0.6758448060075094,0.33711567026974654,-0.4852611538729333,0.3371155699546567,-0.4852610018319487,1.0031508984598148e-07,1.5204098458010407e-07,1.5204098458010407e-07,-0.13567288643451725,-1.8282657961983264,-0.13567284661479634,-1.8282659002970845,3.981972090949526e-08,1.0409875805805768e-07,1.114547513681679e-07,1.0409875805805768e-07,-24.524998532619776,1.4673802262166191e-06,1.4673802262166191e-06,5.983201737886316e-08,-24.525000008367698,8.367695869537783e-09,-8.367695869537783e-09,-3.41190453396036e-10
screenshot_like_simple_start,dop853_moderate,DOP853,1e-06,1e-08,0.6808510638297872,0.3318286207799674,-0.49120021429703575,0.3318285105564938,-0.491200050533956,1.1022347357059203e-07,1.6376307976351256e-07,1.6376307976351256e-07,-0.14591209911419928,-1.8272155816497153,-0.14591205892384035,-1.82721569480198,4.01903589297703e-08,1.131522646691252e-07,1.2007789118174722e-07,1.131522646691252e-07,-24.52499855012551,1.4498744924651419e-06,1.4498744924651419e-06,5.911822599246246e-08,-24.525000143101668,1.4310166562836457e-07,-1.4310166562836457e-07,-5.834930300850747e-09
screenshot_like_simple_start,dop853_moderate,DOP853,1e-06,1e-08,0.6858573216520651,0.3263606237906608,-0.49687905158521184,0.3263605071259462,-0.49687887966135613,1.1666471455562544e-07,1.719238557074121e-07,1.719238557074121e-07,-0.1560864322530658,-1.826289938099371,-0.1560863916257883,-1.826290057455218,4.062727748666006e-08,1.1935584720568215e-07,1.260809023530694e-07,1.1935584720568215e-07,-24.524998584524113,1.4154758893880626e-06,1.4154758893880626e-06,5.7715632594824156e-08,-24.525000244381935,2.443819333564079e-07,-2.443819333564079e-07,-9.964604825949352e-09
screenshot_like_simple_start,dop853_moderate,DOP853,1e-06,1e-08,0.690863579474343,0.32071359921276327,-0.5022963227021345,0.3207134807111258,-0.5022961474540651,1.1850163744719922e-07,1.7524806938951087e-07,1.7524806938951087e-07,-0.16619563145133592,-1.8254900352860781,-0.16619559030934183,-1.8254901570143112,4.114199408933317e-08,1.2172823304901215e-07,1.2849290407988038e-07,1.2172823304901215e-07,-24.524998630102786,1.3698972161080292e-06,1.3698972161080292e-06,5.5857174968726976e-08,-24.525000296767015,2.967670127418387e-07,-2.967670127418387e-07,-1.210059175298017e-08
screenshot_like_simple_start,dop853_moderate,DOP853,1e-06,1e-08,0.6958698372966208,0.31488940897011386,-0.5074506253577312,0.3148892936485157,-0.5074504521100253,1.1532159815974552e-07,1.7324770595905647e-07,1.7324770595905647e-07,-0.17623939038653774,-1.824816852896603,-0.17623934862173396,-1.8248169728028334,4.1764803782040616e-08,1.1990623050017746e-07,1.269716619868939e-07,1.1990623050017746e-07,-24.524998675527634,1.3244723682248605e-06,1.3244723682248605e-06,5.400498953006566e-08,-24.525000290713436,2.907134337704065e-07,-2.907134337704065e-07,-1.1853758767396798e-08
screenshot_like_simple_start,dop853_moderate,DOP853,1e-06,1e-08,0.7008760951188986,0.3088898553330173,-0.5123405013201925,0.308889747880759,-0.5123403350696301,1.0745225831332306e-07,1.6625056242780545e-07,1.6625056242780545e-07,-0.18621734694005926,-1.8242711809719045,-0.18621730440286005,-1.8242712951366173,4.253719920743748e-08,1.1416471279446228e-07,1.2183183066774987e-07,1.1416471279446228e-07,-24.524998705822306,1.2941776965647023e-06,1.2941776965647023e-06,5.276973278551283e-08,-24.525000224020943,2.2402094046469756e-07,-2.2402094046469756e-07,-9.134391048509583e-09
screenshot_like_simple_start,dop853_moderate,DOP853,1e-06,1e-08,0.7058823529411765,0.30271667910745576,-0.5169644395102626,0.30271658337160834,-0.5169642843466821,9.573584741628949e-08,1.551635805396856e-07,1.551635805396856e-07,-0.19612907936485496,-1.8238536199510618,-0.1961290358602562,-1.8238537251798836,4.350459875679391e-08,1.0522882187835592e-07,1.1386726951541602e-07,1.0522882187835592e-07,-24.52499870697661,1.2930233914687506e-06,1.2930233914687506e-06,5.272266631880736e-08,-24.52500010232323,1.0232322722458775e-07,-1.0232322722458775e-07,-4.1722009062013354e-09
screenshot_like_simple_start,dop853_moderate,DOP853,1e-06,1e-08,0.7108886107634543,0.29637155763906514,-0.5213208788220043,0.2963714766401245,-0.5213207379213167,8.09989406658218e-08,1.4090068756189567e-07,1.4090068756189567e-07,-0.20597410249364967,-1.8235645803961904,-0.2059740577774964,-1.8235646742242761,4.471615328016654e-08,9.382808574542878e-08,1.0393865517134077e-07,9.382808574542878e-08,-24.52499867394418,1.326055823369643e-06,1.326055823369643e-06,5.406955446971021e-08,-24.524999938557166,6.14428365963704e-08,6.14428365963704e-08,2.50531443818024e-09
screenshot_like_simple_start,dop853_moderate,DOP853,1e-06,1e-08,0.7158948685857321,0.2898561025909931,-0.5254082106152291,0.2898560394362144,-0.5254080872103265,6.315477868445996e-08,1.234049026299644e-07,1.234049026299644e-07,-0.21575186398863033,-1.8234042824385324,-0.21575181774894586,-1.8234043623847926,4.623968447026172e-08,7.994626027851837e-08,9.235536233717004e-08,7.994626027851837e-08,-24.52499862284193,1.377158071136364e-06,1.377158071136364e-06,5.615323429709945e-08,-24.524999751429384,2.485706183108505e-07,2.485706183108505e-07,1.0135397280768622e-08
screenshot_like_simple_start,dop853_moderate,DOP853,1e-06,1e-08,0.7209011264080101,0.2831718580352168,-0.5292247815574149,0.283171817579598,-0.5292246806303177,4.045561879939541e-08,1.0092709723519278e-07,1.0092709723519278e-07,-0.2254617407099644,-1.8233727544500313,-0.225461692434257,-1.8233728167079217,4.827570737608866e-08,6.225789039859819e-08,7.878190680318424e-08,6.225789039859819e-08,-24.524998599811624,1.4001883776870727e-06,1.4001883776870727e-06,5.7092288590706323e-08,-24.524999562991496,4.370085058269524e-07,4.370085058269524e-07,1.7818899320161156e-08
screenshot_like_simple_start,dop853_moderate,DOP853,1e-06,1e-08,0.7259073842302879,0.27632030792220996,-0.5327689068988111,0.27632028998429414,-0.5327688272691349,1.7937915819388195e-08,7.962967618624361e-08,7.962967618624361e-08,-0.2351030351624135,-1.8234698233496056,-0.2351029838265471,-1.823469868688918,5.133586639116672e-08,4.5339312304548685e-08,6.849105356454317e-08,5.133586639116672e-08,-24.524998563433634,1.4365663680848684e-06,1.4365663680848684e-06,5.8575590951472715e-08,-24.524999395533417,6.044665852300568e-07,6.044665852300568e-07,2.4646955564936057e-08
screenshot_like_simple_start,dop853_moderate,DOP853,1e-06,1e-08,0.7309136420525657,0.26930286497622496,-0.5360388600894933,0.269302867890713,-0.5360388006809877,2.9144880397957706e-09,5.9408505559410685e-08,5.9408505559410685e-08,-0.24467496941408817,-1.823695121630537,-0.2446749155288671,-1.8236951511970796,5.3885221062976996e-08,2.956654254759883e-08,6.14637900493036e-08,5.3885221062976996e-08,-24.524998537191223,1.46280877899585e-06,1.46280877899585e-06,5.964561789993271e-08,-24.524999268109248,7.318907542241959e-07,7.318907542241959e-07,2.984264033533928e-08
screenshot_like_simple_start,dop853_moderate,DOP853,1e-06,1e-08,0.7359198998748435,0.2621208738626871,-0.5390328841444678,0.2621208943274473,-0.5390328428207114,2.0464760164262685e-08,4.132375641674457e-08,4.132375641674457e-08,-0.25417668426437134,-1.8240480789014164,-0.254176629034359,-1.8240480948101334,5.523001234131186e-08,1.5908717010404416e-08,5.7475573421572676e-08,5.523001234131186e-08,-24.524998535905986,1.4640940158017202e-06,1.4640940158017202e-06,5.969802307040653e-08,-24.524999193121605,8.068783969861215e-07,8.068783969861215e-07,3.290024044795602e-08
screenshot_like_simple_start,dop853_moderate,DOP853,1e-06,1e-08,0.7409261576971214,0.2547756123303454,-0.5417491973114437,0.2547756438248493,-0.5417491681325965,3.149450389372532e-08,2.91788471162846e-08,3.149450389372532e-08,-0.26360723548497306,-1.824527916453271,-0.2636071800064448,-1.8245279235614145,5.547852827136879e-08,7.108143407208445e-09,5.59320373476106e-08,5.547852827136879e-08,-24.524998542478198,1.4575218045820293e-06,1.4575218045820293e-06,5.9430043000286615e-08,-24.524999173508522,8.264914796995981e-07,8.264914796995981e-07,3.369995839753713e-08
screenshot_like_simple_start,dop853_moderate,DOP853,1e-06,1e-08,0.7459324155193993,0.24726828945433557,-0.544185994692845,0.2472683224024862,-0.544185967809222,3.294815062448997e-08,2.6883622994411382e-08,3.294815062448997e-08,-0.27296558950275024,-1.8251336442524415,-0.27296553455647254,-1.8251336501064137,5.4946277694423173e-08,5.853972195879464e-09,5.525723864746406e-08,5.4946277694423173e-08,-24.524998531295388,1.4687046139272297e-06,1.4687046139272297e-06,5.988601891650274e-08,-24.524999201200433,7.987995687130933e-07,7.987995687130933e-07,3.257082848983051e-08
screenshot_like_simple_start,dop853_moderate,DOP853,1e-06,1e-08,0.7509386733416771,0.23960004456219453,-0.5463414507903108,0.23960006785255852,-0.5463414142357244,2.3290363998507146e-08,3.655458646889542e-08,3.655458646889542e-08,-0.28225061937591245,-1.8258640568531899,-0.2822505655175095,-1.8258640703185307,5.385840295968336e-08,1.346534084234463e-08,5.551615056331035e-08,5.385840295968336e-08,-24.52499848376707,1.5162329312090606e-06,1.5162329312090606e-06,6.182397273023691e-08,-24.524999257644126,7.423558763264282e-07,7.423558763264282e-07,3.0269352755409914e-08
screenshot_like_simple_start,dop853_moderate,DOP853,1e-06,1e-08,0.755944931163955,0.23177194683360422,-0.5482137229307513,0.23177195034137696,-0.5482136656349369,3.5077727389420943e-09,5.7295814426261416e-08,5.7295814426261416e-08,-0.2914611010278655,-1.8267177282727045,-0.2914610487143828,-1.8267177573274491,5.231348271239611e-08,2.905474461023516e-08,5.984044332945867e-08,5.231348271239611e-08,-24.52499839654952,1.6034504817241668e-06,1.6034504817241668e-06,6.538024390312606e-08,-24.524999317322493,6.826775091894888e-07,6.826775091894888e-07,2.7835984064810958e-08
screenshot_like_simple_start,dop853_moderate,DOP853,1e-06,1e-08,0.7609511889862328,0.22378499556464063,-0.5498009555330321,0.22378497335098343,-0.5498008709288331,2.2213657191461067e-08,8.460419897993177e-08,8.460419897993177e-08,-0.30059570970789357,-1.8276930058806506,-0.3005956592316846,-1.8276930550175197,5.047620899034655e-08,4.9136869018084894e-08,7.044344945371126e-08,5.047620899034655e-08,-24.52499828342419,1.7165758130488484e-06,1.7165758130488484e-06,6.999289757589596e-08,-24.524999355333343,6.446666596104933e-07,6.446666596104933e-07,2.6286102328664352e-08
screenshot_like_simple_start,dop853_moderate,DOP853,1e-06,1e-08,0.7659574468085106,0.21564012108730235,-0.5511012851743587,0.21564007498300547,-0.5511011748317092,4.6104296880233875e-08,1.10342649572992e-07,1.10342649572992e-07,-0.309653016652992,-1.8287880033645538,-0.3096529676832519,-1.828788071007868,4.896974009627186e-08,6.764331428321668e-08,8.35084032437122e-08,6.764331428321668e-08,-24.524998172109033,1.8278909692526213e-06,1.8278909692526213e-06,7.45317418655503e-08,-24.524999360223546,6.397764558130348e-07,6.397764558130348e-07,2.6086705639675218e-08
screenshot_like_simple_start,dop853_moderate,DOP853,1e-06,1e-08,0.7709637046307886,0.20733818633509782,-0.5521128464154291,0.2073381294134757,-0.552112723021876,5.692162211023977e-08,1.2339355315305056e-07,1.2339355315305056e-07,-0.31863148593039353,-1.8300005928411691,-0.3186314365733589,-1.830000669277162,4.93570346260519e-08,7.643599286843994e-08,9.098669063583688e-08,7.643599286843994e-08,-24.524998097508306,1.9024916966259298e-06,1.9024916966259298e-06,7.75735656116587e-08,-24.524999352001714,6.47998287917062e-07,6.47998287917062e-07,2.6421948538921996e-08
screenshot_like_simple_start,dop853_moderate,DOP853,1e-06,1e-08,0.7759699624530664,0.19887998904546683,-0.5528337783434274,0.19887993241317278,-0.5528336553748229,5.6632294048730714e-08,1.2296860452121194e-07,1.2296860452121194e-07,-0.3275294714456428,-1.8313283961925686,-0.3275294223104328,-1.8313284719524252,4.91352100118192e-08,7.575985661034679e-08,9.029853119805373e-08,7.575985661034679e-08,-24.52499809303901,1.9069609926702924e-06,1.9069609926702924e-06,7.775579990500682e-08,-24.524999321547927,6.784520749647527e-07,6.784520749647527e-07,2.7663693168797252e-08
screenshot_like_simple_start,dop853_moderate,DOP853,1e-06,1e-08,0.7809762202753442,0.19026626458980977,-0.5532622317919291,0.1902662144286521,-0.553262119685035,5.0161157671979595e-08,1.121068941012382e-07,1.121068941012382e-07,-0.3363452141064143,-1.8327687757140212,-0.3363451679801448,-1.8327688441088246,4.6126269526158836e-08,6.839480337639259e-08,8.249534453104159e-08,6.839480337639259e-08,-24.524998181709535,1.818290467525685e-06,1.818290467525685e-06,7.414028409890662e-08,-24.524999291609777,7.083902247018159e-07,7.083902247018159e-07,2.888441283187832e-08
screenshot_like_simple_start,dop853_moderate,DOP853,1e-06,1e-08,0.785982478097622,0.18149768942190547,-0.5533963771967881,0.1814976523961687,-0.5533962868978266,3.7025736782103635e-08,9.0298961530344e-08,9.0298961530344e-08,-0.3450768391375725,-1.8343188241688495,-0.3450767987338067,-1.8343188783113984,4.040376577751914e-08,5.414254888869152e-08,6.755649405622658e-08,5.414254888869152e-08,-24.52499836857085,1.6314291535479697e-06,1.6314291535479697e-06,6.652106640358693e-08,-24.52499928362132,7.163786825969964e-07,7.163786825969964e-07,2.921013996318028e-08
screenshot_like_simple_start,dop853_moderate,DOP853,1e-06,1e-08,0.7909887359198999,0.17257488513549013,-0.5532344130470761,0.17257486719246337,-0.5532343543558383,1.7943026758837632e-08,5.869123775870122e-08,5.869123775870122e-08,-0.3537223535482289,-1.8359753543533484,-0.35372232128849146,-1.8359753882733512,3.2259737436923785e-08,3.3920002806553384e-08,4.681086679282762e-08,3.3920002806553384e-08,-24.524998636016825,1.3639831770717592e-06,1.3639831770717592e-06,5.561603168488314e-08,-24.52499928736883,7.126311736271873e-07,7.126311736271873e-07,2.9057336335461252e-08
screenshot_like_simple_start,dop853_moderate,DOP853,1e-06,1e-08,0.7959949937421777,0.16349842312177668,-0.552774574890146,0.16349842796663072,-0.5527745540238286,4.844854045726876e-09,2.0866317451684324e-08,2.0866317451684324e-08,-0.362279643756673,-1.837734888282554,-0.36227962121771257,-1.837734898449825,2.2538960420259713e-08,1.0167271025096625e-08,2.472606189678824e-08,2.2538960420259713e-08,-24.524998943189125,1.0568108770314666e-06,1.0568108770314666e-06,4.309116725918314e-08,-24.524999280772413,7.192275894851718e-07,7.192275894851718e-07,2.93263033429224e-08
screenshot_like_simple_start,dop853_moderate,DOP853,1e-06,1e-08,0.8010012515644556,0.1542688298176868,-0.5520151448498904,0.1542688573309253,-0.5520151617858667,2.7513238493037662e-08,1.6935976288046106e-08,2.7513238493037662e-08,-0.3707464733840242,-1.8395936461151479,-0.3707464606179962,-1.8395936330062317,1.2766028012478614e-08,1.31089161747866e-08,1.8297954926520353e-08,2.7186495193953775e-08,-24.52499923045586,7.695441404109715e-07,7.695441404109715e-07,3.1377946601874475e-08,-24.524999245073634,7.549263685291407e-07,7.549263685291407e-07,3.078191105113724e-08
screenshot_like_simple_start,dop853_moderate,DOP853,1e-06,1e-08,0.8060075093867335,0.14488659253557676,-0.5509544616172634,0.1448866375647525,-0.5509545080123334,4.5029175749222716e-08,4.639507000803178e-08,4.639507000803178e-08,-0.37912048123219566,-1.8415475349431008,-0.37912047620459344,-1.8415475041539258,5.027602223428573e-09,3.078917498733347e-08,3.119695627008611e-08,4.455737279140948e-08,-24.524999429603472,5.703965300085656e-07,5.703965300085656e-07,2.3257758614008788e-08,-24.524999174178653,8.258213490819344e-07,8.258213490819344e-07,3.367263400945706e-08
screenshot_like_simple_start,dop853_moderate,DOP853,1e-06,1e-08,0.8110137672090113,0.13535216586523063,-0.5495909308721402,0.1353522179860851,-0.5495909895941351,5.212085446570924e-08,5.8721994933286226e-08,5.8721994933286226e-08,-0.38739917946626923,-1.8435921375787572,-0.38739917789661016,-1.8435920998728492,1.5696590693892176e-09,3.770590795149076e-08,3.7738565474066574e-08,5.164415026182034e-08,-24.524999480031873,5.199681289980163e-07,5.199681289980163e-07,2.1201554699205555e-08,-24.524999077858766,9.221412362592218e-07,9.221412362592218e-07,3.7600050408123213e-08
screenshot_like_simple_start,dop853_moderate,DOP853,1e-06,1e-08,0.8160200250312891,0.1256659786388957,-0.5479230360955827,0.12566602364454527,-0.5479230836415386,4.50056495682194e-08,4.7545955950134555e-08,4.7545955950134555e-08,-0.39557995202556523,-1.8457227014789632,-0.39557994796043294,-1.8457226710707335,4.065132286346085e-09,3.040822971200896e-08,3.0678750540460376e-08,4.4650753622255124e-08,-24.52499935090742,6.490925805735515e-07,6.490925805735515e-07,2.6466568015231455e-08,-24.524998979378076,1.02062192652852e-06,1.02062192652852e-06,4.161557294713638e-08
screenshot_like_simple_start,dop853_moderate,DOP853,1e-06,1e-08,0.8210262828535669,0.11582844145014035,-0.5459493497315824,0.11582846549039952,-0.5459493630450319,2.4040259172242173e-08,1.3313449565011126e-08,2.4040259172242173e-08,-0.4036600532915361,-1.8479341279524972,-0.40366004079049794,-1.8479341182614353,1.2501038149093091e-08,9.691061952921132e-09,1.58174788313573e-08,2.387917456825317e-08,-24.52499906894604,9.310539610396518e-07,9.310539610396518e-07,3.7963464262574995e-08,-24.524998908863715,1.0911362871013353e-06,1.0911362871013353e-06,4.449077623247034e-08
screenshot_like_simple_start,dop853_moderate,DOP853,1e-06,1e-08,0.8260325406758449,0.10583995471730745,-0.5436685446573516,0.10583995217370507,-0.543668514095617,2.54360238427509e-09,3.0561734587486455e-08,3.0561734587486455e-08,-0.41163660704406535,-1.8502209618034553,-0.41163658341818854,-1.8502209778811132,2.362587681048467e-08,1.6077657871704787e-08,2.8577493551810807e-08,2.362587681048467e-08,-24.524998751317145,1.2486828566693475e-06,1.2486828566693475e-06,5.091469344217523e-08,-24.52499889431749,1.1056825108823887e-06,1.1056825108823887e-06,4.5083894429455195e-08
screenshot_like_simple_start,dop853_moderate,DOP853,1e-06,1e-08,0.8310387984981227,0.09570091819254918,-0.5410794074712163,0.0957009036278529,-0.5410793563619412,1.456469628235979e-08,5.110927514540009e-08,5.110927514540009e-08,-0.41950660616330304,-1.8525773806840329,-0.41950657685287324,-1.85257740840018,2.9310429805473603e-08,2.7716147155132376e-08,4.0339634461736855e-08,2.9310429805473603e-08,-24.52499863883093,1.3611690725667813e-06,1.3611690725667813e-06,5.5501287362559884e-08,-24.52499895253804,1.0474619607236946e-06,1.0474619607236946e-06,4.27099678174799e-08
screenshot_like_simple_start,dop853_moderate,DOP853,1e-06,1e-08,0.8360450563204005,0.08541178107073348,-0.5381809183373065,0.08541176659174647,-0.5381808650216735,1.4478987009347577e-08,5.331563301957942e-08,5.331563301957942e-08,-0.4272669297266268,-1.8549971478678495,-0.4272668983737624,-1.8549971764312765,3.1352864360290056e-08,2.8563426957006754e-08,4.241310485124859e-08,3.1352864360290056e-08,-24.524998745884865,1.2541151370726311e-06,1.2541151370726311e-06,5.11361931528086e-08,-24.52499908232506,9.176749422579178e-07,9.176749422579178e-07,3.7417938522239254e-08
screenshot_like_simple_start,dop853_moderate,DOP853,1e-06,1e-08,0.8410513141426784,0.07497304825198489,-0.5349722544045733,0.07497303222486287,-0.5349721958445318,1.6027122018424933e-08,5.856004148263594e-08,5.856004148263594e-08,-0.4349143393033283,-1.8574736120234598,-0.4349143049072317,-1.8574736430788494,3.439609658206777e-08,3.1055389593248606e-08,4.634143591723705e-08,3.439609658206777e-08,-24.5249987771972,1.2228028012373215e-06,1.2228028012373215e-06,4.9859441436791903e-08,-24.52499926210817,7.378918311928828e-07,7.378918311928828e-07,3.00873325664784e-08
screenshot_like_simple_start,dop853_moderate,DOP853,1e-06,1e-08,0.8460575719649562,0.06438527618071554,-0.5314527808889097,0.06438525596943687,-0.5314527130243666,2.0211278678461397e-08,6.786454309626322e-08,6.786454309626322e-08,-0.4424454759761216,-1.8599997151309813,-0.44244543764141697,-1.859999750824208,3.83347046328808e-08,3.569322681862275e-08,5.2378965434760764e-08,3.83347046328808e-08,-24.524998742681383,1.2573186189968055e-06,1.2573186189968055e-06,5.126681423024691e-08,-24.524999453514692,5.464853103376299e-07,5.464853103376299e-07,2.2282785334867682e-08
screenshot_like_simple_start,dop853_moderate,DOP853,1e-06,1e-08,0.851063829787234,0.05364910444454822,-0.5276220974926231,0.053649079814008016,-0.5276220200577074,2.4630540204628737e-08,7.743491570177952e-08,7.743491570177952e-08,-0.4498568703572323,-1.8625679709832337,-0.44985682804804433,-1.862568011290954,4.230918798642236e-08,4.0307720272636516e-08,5.8436116414829785e-08,4.230918798642236e-08,-24.52499876203149,1.2379685117025474e-06,1.2379685117025474e-06,5.047781902966554e-08,-24.524999611291076,3.887089263798771e-07,3.887089263798771e-07,1.584949750784412e-08
screenshot_like_simple_start,dop853_moderate,DOP853,1e-06,1e-08,0.8560700876095119,0.042765283063505515,-0.5234800758542374,0.0427652571125785,-0.5234799938661799,2.5950927011464398e-08,8.198805745429638e-08,8.198805745429638e-08,-0.45714495058178517,-1.8651704521942372,-0.4571449055003777,-1.8651704942892948,4.508140749592826e-08,4.209505766183952e-08,6.167922811909639e-08,4.508140749592826e-08,-24.52499891246864,1.087531362742311e-06,1.087531362742311e-06,4.434378645228587e-08,-24.524999698349788,3.016502141406363e-07,3.016502141406363e-07,1.2299702921126862e-08
screenshot_like_simple_start,dop853_moderate,DOP853,1e-06,1e-08,0.8610763454317898,0.031734701890139966,-0.5190268997881088,0.03173468011361949,-0.5190268223601971,2.1776520475746963e-08,7.742791163778406e-08,7.742791163778406e-08,-0.464306052160899,-1.8677987794956372,-0.46430600669562094,-1.867798818593577,4.54652780423892e-08,3.909793977463494e-08,5.996449284445535e-08,4.54652780423892e-08,-24.524999179082744,8.209172577267054e-07,8.209172577267054e-07,3.347267105919288e-08,-24.524999702460725,2.975392767723406e-07,2.975392767723406e-07,1.2132080602338046e-08
screenshot_like_simple_start,dop853_moderate,DOP853,1e-06,1e-08,0.8660826032540676,0.02055842226695491,-0.5142631084823471,0.02055841035317188,-0.5142630456413332,1.1913783029560143e-08,6.284101394804509e-08,6.284101394804509e-08,-0.4713364299113689,-1.8704441138090342,-0.47133638710976333,-1.870444144965024,4.280160559311241e-08,3.1155989788089755e-08,5.2940279004024005e-08,4.280160559311241e-08,-24.52499947355907,5.264409317362606e-07,5.264409317362606e-07,2.1465481416361287e-08,-24.524999648190445,3.5180955748614906e-07,3.5180955748614906e-07,1.4344936085062142e-08
screenshot_like_simple_start,dop853_moderate,DOP853,1e-06,1e-08,0.8710888610763454,0.009237711087458009,-0.509189642823528,0.009237712066280351,-0.5091896010407835,9.788223426232534e-10,4.17827444865182e-08,4.17827444865182e-08,-0.47823227219330905,-1.8730971516318373,-0.47823223473235005,-1.8730971719906229,3.74609590014785e-08,2.035878554629278e-08,4.263570801840158e-08,3.74609590014785e-08,-24.524999687289686,3.1271031630808466e-07,3.1271031630808466e-07,1.275067548656818e-08,-24.5249995940839,4.0591610073192896e-07,4.0591610073192896e-07,1.6551115218427275e-08
screenshot_like_simple_start,dop853_moderate,DOP853,1e-06,1e-08,0.8760951188986233,-0.002225922592801452,-0.5038078950166893,-0.0022259112289929883,-0.5038078721913201,1.1363808463671354e-08,2.2825369261347817e-08,2.2825369261347817e-08,-0.4849897177007058,-1.8757481243240954,-0.4849896863475945,-1.875748135368652,3.1353111329401884e-08,1.1044556602612943e-08,3.3241537578490405e-08,3.1353111329401884e-08,-24.524999748201477,2.5179852514156664e-07,2.5179852514156664e-07,1.0267014276924225e-08,-24.52499960079257,3.9920743333254904e-07,3.9920743333254904e-07,1.6277571185832783e-08
screenshot_like_simple_start,dop853_moderate,DOP853,1e-06,1e-08,0.8811013767209012,-0.013830688248867351,-0.4981197616690982,-0.013830676820734161,-0.49811974233014694,1.1428133189772538e-08,1.933895127370633e-08,1.933895127370633e-08,-0.49160487506210837,-1.878386801932947,-0.49160484664613885,-1.878386811330661,2.8415969521855544e-08,9.397713940373364e-09,2.992965671657647e-08,2.8415969521855544e-08,-24.524999657042905,3.4295709738785263e-07,3.4295709738785263e-07,1.3983979506130584e-08,-24.52499965094478,3.490552238361033e-07,3.490552238361033e-07,1.4232628902593406e-08
screenshot_like_simple_start,dop853_moderate,DOP853,1e-06,1e-08,0.886107634543179,-0.02557447173633977,-0.4921277005062778,-0.025574472824853846,-0.4921276648225294,1.0885140774852253e-09,3.568374840057231e-08,3.568374840057231e-08,-0.4980738455191959,-1.881002502238911,-0.4980738151582132,-1.8810025190717234,3.0360982727906105e-08,1.6832812477218795e-08,3.471502337745757e-08,3.0360982727906105e-08,-24.52499948818605,5.118139512205744e-07,5.118139512205744e-07,2.0869070386160013e-08,-24.524999686371896,3.136281065962976e-07,3.136281065962976e-07,1.2788098128289402e-08
screenshot_like_simple_start,dop853_moderate,DOP853,1e-06,1e-08,0.8911138923654568,-0.03745479015231501,-0.48583479088878445,-0.03745481313001332,-0.4858347260546915,2.297769831349772e-08,6.483409292767917e-08,6.483409292767917e-08,-0.5043927489592147,-1.8835841057530271,-0.5043927145889514,-1.8835841351666682,3.437026330210813e-08,2.9413641078335218e-08,4.523800703989257e-08,3.437026330210813e-08,-24.52499935187415,6.481258516544131e-07,6.481258516544131e-07,2.6427149914553027e-08,-24.524999710588133,2.894118686924685e-07,2.894118686924685e-07,1.1800687816206666e-08
screenshot_like_simple_start,dop853_moderate,DOP853,1e-06,1e-08,0.8961201501877347,-0.04946874356096051,-0.4792447982982231,-0.04946879340150959,-0.4792446974589619,4.984054908369062e-08,1.0083926116344344e-07,1.0083926116344344e-07,-0.5105577535827579,-1.8861200774344975,-0.5105577138832798,-1.8861201214678571,3.969947814930208e-08,4.403335962521737e-08,5.92873116713065e-08,4.977957764745744e-08,-24.524999328733443,6.712665587826905e-07,6.712665587826905e-07,2.7370705760762098e-08,-24.524999701131524,2.98868478409986e-07,2.98868478409986e-07,1.2186278426502994e-08
screenshot_like_simple_start,dop853_moderate,DOP853,1e-06,1e-08,0.9011264080100125,-0.06161296343737513,-0.4723622429609907,-0.061613033713927845,-0.4723621149291956,7.027655271607536e-08,1.2803179511022833e-07,1.2803179511022833e-07,-0.5165651094904765,-1.8885984959333375,-0.516565065621879,-1.88859854985945,4.386859753235939e-08,5.392611246435308e-08,6.951603739407321e-08,7.014320432818799e-08,-24.524999402496928,5.975030745730692e-07,5.975030745730692e-07,2.436302036995185e-08,-24.524999714305252,2.856947496354678e-07,2.856947496354678e-07,1.1649123328663314e-08
screenshot_like_simple_start,dop853_moderate,DOP853,1e-06,1e-08,0.9061326658322904,-0.07388355768339311,-0.4651924727782356,-0.07388362990208264,-0.4651923429025214,7.221868952855814e-08,1.2987571418321409e-07,1.2987571418321409e-07,-0.522411186470484,-1.8910070911898111,-0.5224111424176436,-1.8910071441204543,4.405284037556356e-08,5.2930643201776206e-08,6.886440107129823e-08,7.202166601993909e-08,-24.52499943222573,5.67774272042243e-07,5.67774272042243e-07,2.315083678051959e-08,-24.52499979221912,2.0778088227757507e-07,2.0778088227757507e-07,8.472207228443427e-09
screenshot_like_simple_start,dop853_moderate,DOP853,1e-06,1e-08,0.9111389236545683,-0.08627605206897962,-0.4577417407305236,-0.08627610160492617,-0.457741642704259,4.9535946552992094e-08,9.802626460553299e-08,9.802626460553299e-08,-0.5280925162618014,-1.8933332912399155,-0.5280924776787669,-1.8933333302915498,3.858303454506995e-08,3.905163437067927e-08,5.489700084455688e-08,4.93516989497067e-08,-24.52499921956656,7.804334423155979e-07,7.804334423155979e-07,3.182195483447901e-08,-24.524999927974974,7.20250277197465e-08,7.20250277197465e-08,2.9368003147704995e-09
screenshot_like_simple_start,dop853_moderate,DOP853,1e-06,1e-08,0.9161451814768461,-0.09878532795287498,-0.45001728692569953,-0.09878533925460292,-0.45001724200390064,1.1301727942392148e-08,4.492179889181713e-08,4.492179889181713e-08,-0.5336058395575762,-1.8955642790815364,-0.5336058103548385,-1.8955642975070388,2.9202737783506905e-08,1.8425502457120047e-08,3.4529683387624604e-08,2.9202737783506905e-08,-24.524998738196526,1.2618034759270813e-06,1.2618034759270813e-06,5.144968301435601e-08,-24.525000076931715,7.693171255596098e-08,-7.693171255596098e-08,-3.136869013494841e-09
screenshot_like_simple_start,dop853_moderate,DOP853,1e-06,1e-08,0.9211514392991239,-0.11140555330949725,-0.4420274297299307,-0.1114055523575959,-0.4420274020631113,9.519013494108108e-10,2.7666819391036768e-08,2.7666819391036768e-08,-0.5389481590461441,-1.8976870589333699,-0.5389481330924862,-1.8976870708743132,2.5953657889488113e-08,1.1940943345223332e-08,2.8568837670063198e-08,2.5953657889488113e-08,-24.524998520353783,1.4796462188826354e-06,1.4796462188826354e-06,6.033215979134088e-08,-24.525000192055185,1.9205518242415565e-07,-1.9205518242415565e-07,-7.830996225245898e-09
screenshot_like_simple_start,dop853_moderate,DOP853,1e-06,1e-08,0.9261576971214017,-0.12413017064751475,-0.4337815803905801,-0.12413022141490247,-0.43378147945670253,5.0767387724248714e-08,1.0093387758924877e-07,1.0093387758924877e-07,-0.5441167842707018,-1.8996885613320869,-0.5441167430618027,-1.899688597469515,4.1208899070888094e-08,3.61374281609983e-08,5.480955278713697e-08,5.037676996388907e-08,-24.52499852477996,1.4752200421241923e-06,1.4752200421241923e-06,6.015168367478867e-08,-24.525000258298952,2.5829895022866367e-07,-2.5829895022866367e-07,-1.0532067287611158e-08
screenshot_like_simple_start,dop853_moderate,DOP853,1e-06,1e-08,0.9311639549436797,-0.13695197285876556,-0.42529012577659403,-0.13695205582818692,-0.42528997894753273,8.296942136110097e-08,1.4682906129825923e-07,1.4682906129825923e-07,-0.5491093460819882,-1.901555796698973,-0.5491092945251473,-1.9015558459511004,5.1556840907629464e-08,4.925212748752017e-08,7.130133172964973e-08,8.219255553942872e-08,-24.524998483586565,1.516413437485653e-06,1.516413437485653e-06,6.183133282306434e-08,-24.525000303931552,3.039315501496276e-07,-3.039315501496276e-07,-1.2392723757375231e-08
screenshot_like_simple_start,dop853_moderate,DOP853,1e-06,1e-08,0.9361702127659575,-0.1498628714264469,-0.41656474973555163,-0.1498629601388492,-0.4165645941962895,8.871240231300703e-08,1.5553926213662805e-07,1.5553926213662805e-07,-0.5539239065298625,-1.9032758699882382,-0.5539238520097172,-1.9032759196777445,5.452014528728455e-08,4.968950628736479e-08,7.376647800477315e-08,8.771807416541044e-08,-24.5249983824558,1.6175442034693788e-06,1.6175442034693788e-06,6.595491145644765e-08,-24.525000376544153,3.7654415052656987e-07,-3.7654415052656987e-07,-1.535348218253088e-08
screenshot_like_simple_start,dop853_moderate,DOP853,1e-06,1e-08,0.9411764705882353,-0.1628539043734283,-0.4076184147515078,-0.16285401094695792,-0.4076182329871042,1.0657352961240818e-07,1.8176440358397272e-07,1.8176440358397272e-07,-0.5585590044278911,-1.904836127784188,-0.5585589427192952,-1.904836182560639,6.170859589982314e-08,5.47764509306603e-08,8.251309220049085e-08,1.0516341006350238e-07,-24.52499847274776,1.527252241118049e-06,1.527252241118049e-06,6.227328200277468e-08,-24.52500048839127,4.883912687603242e-07,-4.883912687603242e-07,-1.991401707483483e-08
screenshot_like_simple_start,dop853_moderate,DOP853,1e-06,1e-08,0.9461827284105132,-0.17591527632937248,-0.3984652970065977,-0.175915446856984,-0.3984650236499583,1.7052761150382345e-07,2.733566394352849e-07,2.733566394352849e-07,-0.56301369062979,-1.9062243199727908,-0.5630136065843817,-1.9062243961923733,8.404540829953788e-08,7.621958242332028e-08,1.1345948792860536e-07,1.6789581699927503e-07,-24.524999124420226,8.755797757942219e-07,8.755797757942219e-07,3.5701519910060014e-08,-24.525000559163548,5.591635456880795e-07,-5.591635456880795e-07,-2.279973682724075e-08
screenshot_like_simple_start,dop853_moderate,DOP853,1e-06,1e-08,0.951188986232791,-0.18903638967677633,-0.3891207341097052,-0.18903667379728187,-0.38912029936083103,2.841205055392759e-07,4.3474887417849217e-07,4.3474887417849217e-07,-0.5672875652991158,-1.9074287545445188,-0.5672874421098408,-1.9074288660874525,1.231892750030994e-07,1.1154293377835245e-07,1.6618490771327933e-07,2.790591086543337e-07,-24.52500052612274,5.261227364883325e-07,-5.261227364883325e-07,-2.1452507094325482e-08,-24.525000412645873,4.1264587125056096e-07,-4.1264587125056096e-07,-1.6825519724793513e-08
screenshot_like_simple_start,dop853_moderate,DOP853,1e-06,1e-08,0.9561952440550688,-0.20220587220110087,-0.37960117783882386,-0.20220628806026228,-0.3796005570005432,4.1585916141229085e-07,6.2083828067383e-07,6.2083828067383e-07,-0.5713808151981979,-1.9084384476237943,-0.571380645942186,-1.9084385941578916,1.6925601198369833e-07,1.4653409730058797e-07,2.238746061176301e-07,4.073864106057812e-07,-24.52500244643679,2.446436788261508e-06,-2.446436788261508e-06,-9.975277424104007e-08,-24.52499991417313,8.582687271996292e-08,8.582687271996292e-08,3.4995666756355927e-09
screenshot_like_simple_start,dop853_moderate,DOP853,1e-06,1e-08,0.9612015018773468,-0.2154116066701494,-0.36992414424374526,-0.2154121194101959,-0.36992338725325247,5.127400464766119e-07,7.569904927895443e-07,7.569904927895443e-07,-0.5752942487459627,-1.909243269760823,-0.5752940438519845,-1.9092434338483852,2.0489397822842648e-07,1.640875622044291e-07,2.6250003882754627e-07,5.008898248393123e-07,-24.52500418509328,4.185093278152863e-06,-4.185093278152863e-06,-1.7064600522539703e-07,-24.52499936440022,6.355997825835402e-07,6.355997825835402e-07,2.5916402959573504e-08
screenshot_like_simple_start,dop853_moderate,DOP853,1e-06,1e-08,0.9662077596996246,-0.22864076776786235,-0.3601081534557042,-0.22864127871335166,-0.3601074001901089,5.109454893070797e-07,7.532655952879885e-07,7.532655952879885e-07,-0.579029326289907,-1.9098340884066405,-0.5790291189879246,-1.9098342380307773,2.073019823578548e-07,1.496241368581508e-07,2.5565894120887496e-07,4.976482923524372e-07,-24.52500475497297,4.754972966480864e-06,-4.754972966480864e-06,-1.9388268976476506e-07,-24.524999223600695,7.763993075116105e-07,7.763993075116105e-07,3.16574641187201e-08
screenshot_like_simple_start,dop853_moderate,DOP853,1e-06,1e-08,0.9712140175219024,-0.241879871807696,-0.3501726515506099,-0.24188022093373202,-0.35017213012941406,3.491260360255488e-07,5.214211958315396e-07,5.214211958315396e-07,-0.5825881827151218,-1.9102029053441472,-0.5825880318998642,-1.910203000597179,1.508152576157329e-07,9.525303190649481e-08,1.7837707817171912e-07,3.389627559469144e-07,-24.525003253017807,3.2530178053491454e-06,-3.2530178053491454e-06,-1.326408891069988e-07,-24.524999149319147,8.506808555353018e-07,8.506808555353018e-07,3.4686273416322194e-08
screenshot_like_simple_start,dop853_moderate,DOP853,1e-06,1e-08,0.9762202753441802,-0.25511484465074497,-0.34013790681249767,-0.25511486394111366,-0.3401378561727731,1.929036869130485e-08,5.0639724580303636e-08,5.0639724580303636e-08,-0.5859736391840121,-1.9103429866932005,-0.5859736101115272,-1.9103429987194263,2.907248497496795e-08,1.2026225792993728e-08,3.1461714661534335e-08,2.907248497496795e-08,-24.524999309477433,6.905225689024519e-07,6.905225689024519e-07,2.8155864175431267e-08,-24.52499920497754,7.950224620856261e-07,7.950224620856261e-07,3.2416818025917474e-08
screenshot_like_simple_start,dop853_moderate,DOP853,1e-06,1e-08,0.9812265331664581,-0.2683311132537787,-0.3300248727438298,-0.26833068219225775,-0.3300254640526343,4.3106152092242667e-07,5.913088044762205e-07,5.913088044762205e-07,-0.5891892004757702,-1.9102489819764297,-0.5891893442382355,-1.9102489046369344,1.4376246537661785e-07,7.733949525245976e-08,1.632453490212462e-07,4.156358791029824e-07,-24.524993458307254,6.5416927483852305e-06,6.5416927483852305e-06,2.667356880075527e-07,-24.52499917445603,8.25543970961462e-07,8.25543970961462e-07,3.366132399435115e-08
screenshot_like_simple_start,dop853_moderate,DOP853,1e-06,1e-08,0.986232790988736,-0.28151372627235327,-0.3198550101692779,-0.28151283750391454,-0.31985625341505974,8.887684387337558e-07,1.2432457818234433e-06,1.2432457818234433e-06,-0.5922390340862242,-1.9099170276567434,-0.5922393604925245,-1.9099168836520466,3.2640630021063544e-07,1.4400469683373274e-07,3.5676102019050615e-07,8.537830770150023e-07,-24.524987253610735,1.2746389266737879e-05,1.2746389266737879e-05,5.197304492043987e-07,-24.52499893572773,1.0642722720888287e-06,1.0642722720888287e-06,4.339540355102257e-08
screenshot_like_simple_start,dop853_moderate,DOP853,1e-06,1e-08,0.9912390488110138,-0.2946475091441683,-0.3096500607796159,-0.29464631728462415,-0.3096517352605116,1.19185954416956e-06,1.6744808957191992e-06,1.6744808957191992e-06,-0.5951279269673355,-1.9093448295710171,-0.5951283813138879,-1.909344665431283,4.5434655238096866e-07,1.641397342488915e-07,4.830865781821815e-07,1.1404960461591784e-06,-24.524982971790056,1.7028209946090556e-05,1.7028209946090556e-05,6.943204870984936e-07,-24.524998536791273,1.4632087292909546e-06,1.4632087292909546e-06,5.966192576109906e-08
screenshot_like_simple_start,dop853_moderate,DOP853,1e-06,1e-08,0.9962453066332917,-0.3077172590778291,-0.29943176446235714,-0.3077160763810617,-0.2994334250107989,1.1826967674100075e-06,1.6605484417508976e-06,1.6605484417508976e-06,-0.5978612155408469,-1.9085317178196766,-0.5978616750588448,-1.9085315862134165,4.5951799787502523e-07,1.3160626011199383e-07,4.779926757511431e-07,1.1271427055037364e-06,-24.524982787088764,1.721291123857327e-05,1.721291123857327e-05,7.018516305228652e-07,-24.52499811198238,1.8880176213542654e-06,1.8880176213542654e-06,7.698338924991907e-08
screenshot_like_simple_start,dop853_moderate,DOP853,1e-06,1e-08,1.0012515644555695,-0.32070798537218137,-0.2892215127657666,-0.3207071791990743,-0.28922263589693037,8.061731070485578e-07,1.1231311637938113e-06,1.1231311637938113e-06,-0.6004446844197859,-1.9074786669574966,-0.6004449958344242,-1.907478600769482,3.1141463829875704e-07,6.61880146246574e-08,3.1837074335858743e-07,7.650684353266435e-07,-24.524987386007794,1.261399220808812e-05,1.261399220808812e-05,5.143319962523188e-07,-24.524997767150854,2.2328491482426216e-06,2.2328491482426216e-06,9.104379809348099e-08
screenshot_like_simple_start,dop853_moderate,DOP853,1e-06,1e-08,1.0062578222778473,-0.3336052004913866,-0.27903993084287504,-0.3336049387595611,-0.27904027736261383,2.6173182549049656e-07,3.4651973879196163e-07,3.4651973879196163e-07,-0.6028844291189255,-1.90618827378825,-0.602884514933347,-1.9061882640497454,8.581442156874175e-08,9.738504669343229e-09,8.636523271764251e-08,2.473020266902104e-07,-24.52499408608665,5.913913351918154e-06,5.913913351918154e-06,2.411381590996189e-07,-24.52499751441423,2.485585770983789e-06,2.485585770983789e-06,1.0134906303705562e-07
screenshot_like_simple_start,dop853_moderate,DOP853,1e-06,1e-08,1.0112640801001251,-0.34639515483563343,-0.26890654044655515,-0.34639504934933557,-0.2689066631781529,1.0548629786333308e-07,1.2273159777365095e-07,1.2273159777365095e-07,-0.6051867265933268,-1.904664680325928,-0.6051867456934935,-1.904664683532478,1.9100166670504848e-08,3.2065501365252658e-09,1.9367455450293786e-08,9.922069849066517e-08,-24.52499595859375,4.041406253207924e-06,4.041406253207924e-06,1.6478720706250453e-07,-24.524997286884428,2.71311557398235e-06,2.71311557398235e-06,1.1062652697175737e-07
screenshot_like_simple_start,dop853_moderate,DOP853,1e-06,1e-08,1.016270337922403,-0.359063815474433,-0.25884121207729427,-0.3590637094271228,-0.25884133395948167,1.0604731021102154e-07,1.2188218739828116e-07,1.2188218739828116e-07,-0.6073584454103398,-1.9029134382638242,-0.6073584639480192,-1.9029134443315843,1.8537679391528172e-08,6.067760072170358e-09,1.9505467682588725e-08,9.928427302519083e-08,-24.524995903148287,4.096851714763261e-06,4.096851714763261e-06,1.6704798021460798e-07,-24.524997018487245,2.981512757571636e-06,2.981512757571636e-06,1.2157034689384854e-07
screenshot_like_simple_start,dop853_moderate,DOP853,1e-06,1e-08,1.0212765957446808,-0.3715978338839661,-0.24886278366279738,-0.3715977314448352,-0.24886289878708417,1.0243913090013379e-07,1.1512428679805176e-07,1.1512428679805176e-07,-0.6094066104174168,-1.9009415012581465,-0.6094066265475915,-1.9009415100989278,1.6130174640416328e-08,8.840781218211191e-09,1.8394073678187923e-08,9.544749351997339e-08,-24.524995931342595,4.06865740743001e-06,4.06865740743001e-06,1.6589836523669763e-07,-24.52499674023298,3.259767023422455e-06,3.259767023422455e-06,1.3291608658195535e-07
screenshot_like_simple_start,dop853_moderate,DOP853,1e-06,1e-08,1.0262828535669588,-0.38398473644465514,-0.2389887882859021,-0.38398463524427473,-0.2389889006195426,1.012003804090611e-07,1.1233364050067252e-07,1.1233364050067252e-07,-0.6113382754063534,-1.8987570923297437,-0.6113382907163339,-1.8987571036495665,1.530998050558452e-08,1.131982285684785e-08,1.9040322806921974e-08,9.383089438763648e-08,-24.524995890922057,4.109077945457784e-06,4.109077945457784e-06,1.675465013438444e-07,-24.524996626482768,3.3735172344506736e-06,3.3735172344506736e-06,1.375542195494668e-07
screenshot_like_simple_start,dop853_moderate,DOP853,1e-06,1e-08,1.0312891113892366,-0.39621282738908326,-0.22923559140330463,-0.39621272168940536,-0.22923571019646177,1.0569967789919588e-07,1.1879315714447003e-07,1.1879315714447003e-07,-0.6131605190693228,-1.8963695582263038,-0.6131605372438551,-1.896369572024941,1.8174532323556036e-08,1.3798637121809065e-08,2.2819202694208016e-08,9.751103929867e-08,-24.524995705885228,4.2941147739838925e-06,4.2941147739838925e-06,1.7509132615632587e-07,-24.524996924747384,3.0752526178901007e-06,3.0752526178901007e-06,1.2539256342059534e-07
screenshot_like_simple_start,dop853_moderate,DOP853,1e-06,1e-08,1.0362953692115144,-0.40827123386803194,-0.2196183260602278,-0.40827112319434955,-0.2196184531255085,1.1067368238526498e-07,1.2706528071393386e-07,1.2706528071393386e-07,-0.6148803782788523,-1.8937892251180037,-0.6148804007148535,-1.893789241375937,2.243600116802469e-08,1.625793322190816e-08,2.7707301222956202e-08,1.0157725488513236e-07,-24.524995460604547,4.539395455083195e-06,4.539395455083195e-06,1.850925771695492e-07,-24.52499771959245,2.280407553456598e-06,2.280407553456598e-06,9.298297873421399e-08
screenshot_like_simple_start,dop853_moderate,DOP853,1e-06,1e-08,1.0413016270337923,-0.4201499399652958,-0.2101508443245425,-0.4201498278072455,-0.21015097484831935,1.1215805029163306e-07,1.305237768423062e-07,1.305237768423062e-07,-0.6165047848860498,-1.8910272490647453,-0.6165048101348116,-1.891027267585474,2.524876185905356e-08,1.85207287284328e-08,3.131321395269725e-08,1.0240341941081255e-07,-24.52499530067125,4.69932875191148e-06,4.69932875191148e-06,1.9161381251422956e-07,-24.52499851232487,1.4876751315284764e-06,1.4876751315284764e-06,6.06595364537605e-08
screenshot_like_simple_start,dop853_moderate,DOP853,1e-06,1e-08,1.04630788485607,-0.43183980801925864,-0.2008456872262655,-0.43183969678353645,-0.20084581643629806,1.1123572218885158e-07,1.2921003256227692e-07,1.2921003256227692e-07,-0.6180405078690006,-1.888095464767149,-0.6180405334576997,-1.8880954855468488,2.5588699159584394e-08,2.077969973868221e-08,3.2963274198864175e-08,1.0102397951516906e-07,-24.524995308169572,4.691830429948141e-06,4.691830429948141e-06,1.9130807053815047e-07,-24.524998539311255,1.4606887468460172e-06,1.4606887468460172e-06,5.955917418332384e-08
screenshot_like_simple_start,dop853_moderate,DOP853,1e-06,1e-08,1.0513141426783479,-0.4433325856092049,-0.19171407548836286,-0.4433324946522702,-0.19171417587929668,9.095693470628774e-08,1.0039093381597475e-07,1.0039093381597475e-07,-0.6194941026932758,-1.8850062362594446,-0.6194941190810823,-1.8850062561469447,1.63878065562173e-08,1.9887500091186894e-08,2.5769611242720706e-08,8.216387142878645e-08,-24.524995445647537,4.554352464936073e-06,4.554352464936073e-06,1.8570244505345864e-07,-24.524998526642545,1.473357457371094e-06,1.473357457371094e-06,6.007573730361238e-08
screenshot_like_simple_start,dop853_moderate,DOP853,1e-06,1e-08,1.0563204005006257,-0.4546208965643447,-0.18276592333478786,-0.4546208366822414,-0.18276597979667414,5.988210327600996e-08,5.646188627750348e-08,5.988210327600996e-08,-0.6208718697588536,-1.88177231328056,-0.6208718714806195,-1.881772329314136,1.7217659520341044e-09,1.6033576022422835e-08,1.6125756976352965e-08,5.379973305741359e-08,-24.524995597614076,4.402385926027819e-06,4.402385926027819e-06,1.795060520296766e-07,-24.524998533706732,1.4662932699138764e-06,1.4662932699138764e-06,5.978769704032116e-08
screenshot_like_simple_start,dop853_moderate,DOP853,1e-06,1e-08,1.0613266583229037,-0.4656982143535282,-0.17400987766168058,-0.46569818050151157,-0.17400989716444842,3.3852016634305926e-08,1.950276784512539e-08,3.3852016634305926e-08,-0.6221798238045593,-1.878406697073884,-0.6221798127657485,-1.8784067088984484,1.1038810754371298e-08,1.1824564438711604e-08,1.6176392275042865e-08,3.024705647058923e-08,-24.524995677817643,4.322182359572935e-06,4.322182359572935e-06,1.7623577409063953e-07,-24.52499852875429,1.4712457137022739e-06,1.4712457137022739e-06,5.998963154749332e-08
screenshot_like_simple_start,dop853_moderate,DOP853,1e-06,1e-08,1.0663329161451816,-0.47655881621362584,-0.1654533848576595,-0.4765587830801987,-0.1654534027690895,3.3133427113085645e-08,1.791143000584583e-08,3.3133427113085645e-08,-0.6234236761247277,-1.8749225193219687,-0.6234236643498964,-1.8749225315710665,1.1774831332189706e-08,1.224909773611671e-08,1.6990793043600286e-08,2.9441658999651565e-08,-24.524995720406544,4.279593458278441e-06,4.279593458278441e-06,1.7449922357914133e-07,-24.524998476011937,1.5239880646333859e-06,1.5239880646333859e-06,6.214018612164672e-08
screenshot_like_simple_start,dop853_moderate,DOP853,1e-06,1e-08,1.0713391739674594,-0.4871977163745559,-0.15710278755912818,-0.4871976534130787,-0.15710284670827768,6.296147719853096e-08,5.9149149495008047e-08,6.296147719853096e-08,-0.624608831425536,-1.8713329378267205,-0.6246088342104487,-1.8713329580479086,2.7849126338352903e-09,2.0221188057334416e-08,2.041205978896249e-08,5.563579813516739e-08,-24.524995837309667,4.162690334652552e-06,4.162690334652552e-06,1.6973253148430384e-07,-24.524998370945323,1.629054679597175e-06,1.629054679597175e-06,6.642424789387053e-08
screenshot_like_simple_start,dop853_moderate,DOP853,1e-06,1e-08,1.0763454317897372,-0.49761058059923474,-0.14896344816680485,-0.49761050270354656,-0.14896352746762406,7.789568817750947e-08,7.930081921680987e-08,7.930081921680987e-08,-0.6257403991054661,-1.867651051373679,-0.6257404090791266,-1.867651076786125,9.973660564099873e-09,2.5412445925354632e-08,2.7299566167925715e-08,6.844893707391719e-08,-24.52499592858837,4.071411630945931e-06,4.071411630945931e-06,1.6601066792847834e-07,-24.524998249922294,1.7500777076406848e-06,1.7500777076406848e-06,7.135892793641935e-08
screenshot_like_simple_start,dop853_moderate,DOP853,1e-06,1e-08,1.081351689612015,-0.5077937664943339,-0.14103969470433225,-0.5077936926937713,-0.1410397677059837,7.380056266104162e-08,7.300165144608073e-08,7.380056266104162e-08,-0.6268231435431781,-1.8638897945514672,-0.6268231513315846,-1.8638898201749996,7.78840647530643e-09,2.5623532406982008e-08,2.6781050921057078e-08,6.448836586958606e-08,-24.524995947454283,4.052545719446243e-06,4.052545719446243e-06,1.6524141567568778e-07,-24.524998175670667,1.8243293347097733e-06,1.8243293347097733e-06,7.438651721548514e-08
screenshot_like_simple_start,dop853_moderate,DOP853,1e-06,1e-08,1.0863579474342928,-0.5177442601681823,-0.13333491336317083,-0.517744182785868,-0.13333499188199738,7.73823143340735e-08,7.851882655174336e-08,7.851882655174336e-08,-0.627861489689017,-1.8600618651434275,-0.6278615002704951,-1.86006189300327,1.0581478138149691e-08,2.785984243303119e-08,2.9801652638427036e-08,6.724041973216188e-08,-24.5249959412099,4.058790100458509e-06,4.058790100458509e-06,1.6549602856099933e-07,-24.52499820789782,1.7921021822076e-06,1.7921021822076e-06,7.307246410632415e-08
screenshot_like_simple_start,dop853_moderate,DOP853,1e-06,1e-08,1.0913642052565709,-0.5274595650639454,-0.12585170904681148,-0.5274594765989146,-0.1258518048544976,8.846503085635504e-08,9.580768611794355e-08,9.580768611794355e-08,-0.6288595588228435,-1.8561796802695245,-0.6288595774311746,-1.8561797127717312,1.8608331098235453e-08,3.2502206703810543e-08,3.745214849482982e-08,7.644162303144242e-08,-24.524995946782767,4.053217235622242e-06,4.053217235622242e-06,1.6526879655952055e-07,-24.524998371862985,1.6281370172066545e-06,1.6281370172066545e-06,6.638683046714186e-08
screenshot_like_simple_start,dop853_moderate,DOP853,1e-06,1e-08,1.0963704630788487,-0.5369376717403509,-0.11859195153389027,-0.5369375686066374,-0.11859207058941548,1.0313371345826994e-07,1.190555252161829e-07,1.190555252161829e-07,-0.6298211658838345,-1.8522553225658636,-0.6298211954824899,-1.8522553612335129,2.9598655415519204e-08,3.8667649304713336e-08,4.86956620774268e-08,8.86206482642038e-08,-24.524995997569345,4.002430657124023e-06,4.002430657124023e-06,1.6319798805806412e-07,-24.524998637538665,1.3624613366403082e-06,1.3624613366403082e-06,5.555397906790247e-08
screenshot_like_simple_start,dop853_moderate,DOP853,1e-06,1e-08,1.1013767209011265,-0.5461770085001345,-0.1115568488364292,-0.5461768915005999,-0.11155699010581892,1.1699953461619117e-07,1.4126938971403824e-07,1.4126938971403824e-07,-0.6307498298346469,-1.8483005013389118,-0.6307498702478648,-1.848300546384388,4.041321788328389e-08,4.504547623795929e-08,6.051713070847239e-08,9.99780381816251e-08,-24.524996079240083,3.920759919395778e-06,3.920759919395778e-06,1.598678866216423e-07,-24.524998919281668,1.0807183343786164e-06,1.0807183343786164e-06,4.406598713062656e-08
screenshot_like_simple_start,dop853_moderate,DOP853,1e-06,1e-08,1.1063829787234043,-0.5551763919236357,-0.10474702079305769,-0.555176264923709,-0.1047471777937233,1.2699992668618876e-07,1.5700066562096548e-07,1.5700066562096548e-07,-0.6316487871163781,-1.8443265234656567,-0.6316488353310371,-1.8443265739911407,4.8214659043033237e-08,5.052548401884849e-08,6.983894244599398e-08,1.0792549165472565e-07,-24.524996143088483,3.856911519051209e-06,3.856911519051209e-06,1.5726448599597182e-07,-24.524999101608874,8.983911286009061e-07,8.983911286009061e-07,3.663164642613276e-08
screenshot_like_simple_start,dop853_moderate,DOP853,1e-06,1e-08,1.1113892365456821,-0.5639349785715123,-0.09816257108590973,-0.5639348462188774,-0.09816273523630586,1.323526349628068e-07,1.641503961369306e-07,1.641503961369306e-07,-0.6325210072969774,-1.8403442729792188,-0.6325210587982001,-1.8403443276362403,5.150122273089863e-08,5.4657021575366116e-08,7.509837515064933e-08,1.1185893933340907e-07,-24.524996141144555,3.8588554467366976e-06,3.8588554467366976e-06,1.5734374910241375e-07,-24.52499909156211,9.084378937984638e-07,9.084378937984638e-07,3.7041300460691694e-08
screenshot_like_simple_start,dop853_moderate,DOP853,1e-06,1e-08,1.11639549436796,-0.5724522191205327,-0.09180315586989893,-0.5724520838376607,-0.09180332166915968,1.3528287201580724e-07,1.6579926075122042e-07,1.6579926075122042e-07,-0.633369209955929,-1.8363641980878944,-0.6333692613415908,-1.836364256170397,5.138566172568915e-08,5.808250258532155e-08,7.755039224633773e-08,1.1371542518734401e-07,-24.52499605822246,3.941777542593172e-06,3.941777542593172e-06,1.6072487431572565e-07,-24.524998892912052,1.1070879502028674e-06,1.1070879502028674e-06,4.5141200823766254e-08
screenshot_like_simple_start,dop853_moderate,DOP853,1e-06,1e-08,1.1214017521902377,-0.5807278161964075,-0.08566804720307143,-0.5807276740537004,-0.0856682202092234,1.4214270704915322e-07,1.73006151973909e-07,1.73006151973909e-07,-0.6341958817975502,-1.832396304218258,-0.6341959353288975,-1.832396367399378,5.3531347354862646e-08,6.318111989145336e-08,8.280977635741546e-08,1.1884034423204071e-07,-24.524995926100974,4.073899027901007e-06,4.073899027901007e-06,1.66112090842039e-07,-24.52499869259341,1.3074065918772249e-06,1.3074065918772249e-06,5.330913728347501e-08
screenshot_like_simple_start,dop853_moderate,DOP853,1e-06,1e-08,1.1264080100125158,-0.5887616871676229,-0.07975618946673607,-0.5887615316011822,-0.07975638135663718,1.5556644072933778e-07,1.9188990110774462e-07,1.9188990110774462e-07,-0.6350032929435473,-1.8284501515481515,-0.635003354849891,-1.8284502226509014,6.190634371794346e-08,7.110274991006804e-08,9.42761711001133e-08,1.2937356885789342e-07,-24.524995813328466,4.186671535677533e-06,4.186671535677533e-06,1.7071035823353855e-07,-24.5249986808084,1.3191916004018367e-06,1.3191916004018367e-06,5.378966770241943e-08
screenshot_like_simple_start,dop853_moderate,DOP853,1e-06,1e-08,1.1314142678347936,-0.5965539331642354,-0.0740662469640742,-0.5965537728058915,-0.07406644556074524,1.6035834393690607e-07,1.9859667103883094e-07,1.9859667103883094e-07,-0.6357935113220048,-1.8245348554012257,-0.6357935767134939,-1.8245349307938405,6.539148911244297e-08,7.539261481781523e-08,9.980026661993544e-08,1.3266069776030065e-07,-24.52499579015043,4.209849571168434e-06,4.209849571168434e-06,1.7165543613326944e-07,-24.524998672895123,1.3271048793228601e-06,1.3271048793228601e-06,5.4112329432124774e-08
screenshot_like_simple_start,dop853_moderate,DOP853,1e-06,1e-08,1.1364205256570714,-0.6041048155855937,-0.06859664088592479,-0.6041046627793888,-0.06859682872960421,1.5280620491164854e-07,1.8784367941671043e-07,1.8784367941671043e-07,-0.6365684140442107,-1.8206590878090805,-0.6365684756849319,-1.8206591617315406,6.164072119396735e-08,7.392246015314186e-08,9.625023960700182e-08,1.2576118113560852e-07,-24.524995871458035,4.128541966963439e-06,4.128541966963439e-06,1.6834014136446234e-07,-24.524998669508236,1.330491766537989e-06,1.330491766537989e-06,5.4250428808888437e-08
screenshot_like_simple_start,dop853_moderate,DOP853,1e-06,1e-08,1.1414267834793492,-0.6114147412320123,-0.06334557401438513,-0.6114145950235497,-0.06334575246773558,1.4620846267021648e-07,1.7845335044397448e-07,1.7845335044397448e-07,-0.6373296947182281,-1.8168310785704984,-0.6373297530927939,-1.816831151201331,5.837456584778522e-08,7.263083268149728e-08,9.318169237530013e-08,1.1972086688682992e-07,-24.524995942220514,4.05777948842001e-06,4.05777948842001e-06,1.6545482113843058e-07,-24.524998668684425,1.3313155768912566e-06,1.3313155768912566e-06,5.42840194451073e-08
screenshot_like_simple_start,dop853_moderate,DOP853,1e-06,1e-08,1.146433041301627,-0.6184842183747049,-0.05831109652489051,-0.618484068376987,-0.05831128033910708,1.4999771791313066e-07,1.8381421656998853e-07,1.8381421656998853e-07,-0.6380788889082346,-1.8130586334395788,-0.638078950198154,-1.8130587096960187,6.128991936193984e-08,7.625643982933639e-08,9.783403717949233e-08,1.222118837240771e-07,-24.524995933472162,4.066527839796663e-06,4.066527839796663e-06,1.6581153271342152e-07,-24.52499866865349,1.3313465103692579e-06,1.3313465103692579e-06,5.4285280749001334e-08
screenshot_like_simple_start,dop853_moderate,DOP853,1e-06,1e-08,1.1514392991239049,-0.6253138201229697,-0.053491161704716794,-0.6253136661552988,-0.05349135103166337,1.5396767083508678e-07,1.8932694657858296e-07,1.8932694657858296e-07,-0.6388173969424643,-1.8093491531818409,-0.6388174611647809,-1.8093492331845682,6.422231657587929e-08,8.000272733177383e-08,1.0259114156151403e-07,1.248338326043097e-07,-24.52499593006093,4.069939073758633e-06,4.069939073758633e-06,1.6595062482196259e-07,-24.524998669452387,1.3305476151970197e-06,1.3305476151970197e-06,5.425270602230457e-08
screenshot_like_simple_start,dop853_moderate,DOP853,1e-06,1e-08,1.1564455569461827,-0.6319041952901993,-0.04888361378249258,-0.6319040375709348,-0.04888380821687276,1.577192644264258e-07,1.944343801796311e-07,1.944343801796311e-07,-0.6395464784127302,-1.8057096314385153,-0.6395465453505008,-1.8057097150995989,6.693777065969186e-08,8.366108361634872e-08,1.0714402481123805e-07,1.2726434384102703e-07,-24.524995932929606,4.067070396018835e-06,4.067070396018835e-06,1.6583365529128785e-07,-24.524998671534156,1.3284658457735077e-06,1.3284658457735077e-06,5.416782245763537e-08
screenshot_like_simple_start,dop853_moderate,DOP853,1e-06,1e-08,1.1614518147684607,-0.6382560429926816,-0.044486227403141274,-0.6382558812875576,-0.044486427307419515,1.6170512395774495e-07,1.999042782419025e-07,1.999042782419025e-07,-0.6402672690364498,-1.802146671753981,-0.6402673388717345,-1.8021467592071159,6.98352846661976e-08,8.745313495595042e-08,1.1191522594371389e-07,1.2987121755791975e-07,-24.52499592918111,4.070818892643047e-06,4.070818892643047e-06,1.6598649919033828e-07,-24.524998674142953,1.325857049039314e-06,1.325857049039314e-06,5.40614495021127e-08
screenshot_like_simple_start,dop853_moderate,DOP853,1e-06,1e-08,1.1664580725907385,-0.6443700971086529,-0.040296733165495854,-0.6443699309637752,-0.04029693931617234,1.6614487774457842e-07,2.0615067648777075e-07,2.0615067648777075e-07,-0.6409807922549614,-1.7986665015295047,-0.6409808654090497,-1.7986665930269132,7.315408834251969e-08,9.14974085386433e-08,1.171464741702138e-07,1.3282923350121933e-07,-24.524995909040765,4.090959237146308e-06,4.090959237146308e-06,1.6680771609159255e-07,-24.524998674737816,1.3252621862136493e-06,1.3252621862136493e-06,5.403719413715185e-08
screenshot_like_simple_start,dop853_moderate,DOP853,1e-06,1e-08,1.1714643304130163,-0.6502471132511712,-0.03631283943839167,-0.6502469426411248,-0.03631305201955551,1.706100464238247e-07,2.1258116383870984e-07,2.1258116383870984e-07,-0.6416879695897055,-1.795274985955189,-0.641688046236343,-1.7952750815218663,7.664663748130351e-08,9.556667723842338e-08,1.2250590530902316e-07,1.3579438384869746e-07,-24.524995873869702,4.126130299653141e-06,4.126130299653141e-06,1.6824180630593847e-07,-24.52499866972817,1.3302718322449891e-06,1.3302718322449891e-06,5.424146104974471e-08
screenshot_like_simple_start,dop853_moderate,DOP853,1e-06,1e-08,1.1764705882352942,-0.6558878579346221,-0.03253225092447072,-0.6558876838311806,-0.03253246862845618,1.741034415525533e-07,2.177039854570073e-07,2.177039854570073e-07,-0.6423896298593625,-1.791977641722588,-0.6423897094699891,-1.7919777408206685,7.961062653549789e-08,9.909808040831081e-08,1.2711522882010068e-07,1.3797816511562644e-07,-24.52499583665246,4.163347540497853e-06,4.163347540497853e-06,1.6975932886841394e-07,-24.5249986561483,1.343851703694554e-06,1.343851703694554e-06,5.479517650130699e-08
screenshot_like_simple_start,dop853_moderate,DOP853,1e-06,1e-08,1.181476846057572,-0.6612930996146844,-0.028952684440923734,-0.6612929241566652,-0.028952904169794375,1.7545801922480564e-07,2.1972887064014568e-07,2.1972887064014568e-07,-0.6430865173814713,-1.7887796503869393,-0.643086598546994,-1.7887797517814668,8.116552274728406e-08,1.0139452744084565e-07,1.2987952986437966e-07,1.3847125890364964e-07,-24.524995817025598,4.182974404187689e-06,4.182974404187689e-06,1.7055960873344296e-07,-24.524998633569197,1.366430804949914e-06,1.366430804949914e-06,5.5715833025480694e-08
screenshot_like_simple_start,dop853_moderate,DOP853,1e-06,1e-08,1.1864831038798498,-0.6664636012815741,-0.025571882386400797,-0.6664634274014419,-0.0255720997818863,1.7388013218155862e-07,2.1739548550225862e-07,2.1739548550225862e-07,-0.6437792993004954,-1.7856858713074517,-0.643779379952883,-1.7856859732432822,8.065238765730953e-08,1.0193583044326715e-07,1.2998354189274672e-07,1.366720213669126e-07,-24.524995833245466,4.1667545360724034e-06,4.1667545360724034e-06,1.6989824815789616e-07,-24.524998605455078,1.3945449239827212e-06,1.3945449239827212e-06,5.686217834791931e-08
screenshot_like_simple_start,dop853_moderate,DOP853,1e-06,1e-08,1.1914893617021276,-0.6714001142863864,-0.022387624363319668,-0.6713999448242631,-0.022387835126730295,1.6946212322288545e-07,2.1076341062686854e-07,2.1076341062686854e-07,-0.6444685722007893,-1.7827008541467708,-0.6444686502307604,-1.7827009548481145,7.802997104011666e-08,1.0070134370820938e-07,1.2739480760674812e-07,1.326806233770128e-07,-24.524995893619224,4.106380778523544e-06,4.106380778523544e-06,1.674365251181873e-07,-24.52499857925855,1.420741451596541e-06,1.420741451596541e-06,5.793033441779983e-08
screenshot_like_simple_start,dop853_moderate,DOP853,1e-06,1e-08,1.1964956195244056,-0.6761033730803583,-0.019397737424801026,-0.6761032095911538,-0.019397939122344804,1.634892045077052e-07,2.0169754377796778e-07,2.0169754377796778e-07,-0.6451548681775138,-1.7798288509567834,-0.6451549423127477,-1.7798289493492565,7.413523395172206e-08,9.839247305798438e-08,1.2319542064355618e-07,1.2752436406859857e-07,-24.524995989929923,4.01007007866383e-06,4.01007007866383e-06,1.6350948332981977e-07,-24.524998564763294,1.4352367081471584e-06,1.4352367081471584e-06,5.8521374440251104e-08
screenshot_like_simple_start,dop853_moderate,DOP853,1e-06,1e-08,1.2015018773466835,-0.6805740905468698,-0.01660010541546092,-0.6805739321813045,-0.01660029919828865,1.583655653281113e-07,1.937828277287501e-07,1.937828277287501e-07,-0.6458386605512754,-1.7770738279175795,-0.6458387312238403,-1.7770739243507236,7.067256491133378e-08,9.643314413665394e-08,1.1955736162707573e-07,1.2308356334145287e-07,-24.524996095343578,3.9046564239697545e-06,3.9046564239697545e-06,1.5921127110987784e-07,-24.52499857048324,1.4295167609645887e-06,1.4295167609645887e-06,5.8288145197332864e-08
screenshot_like_simple_start,dop853_moderate,DOP853,1e-06,1e-08,1.2065081351689613,-0.6848129536060086,-0.013992677875287816,-0.6848127966213549,-0.013992869277491049,1.5698465372082637e-07,1.914022032326046e-07,1.914022032326046e-07,-0.646520369423191,-1.7744394768298286,-0.6465204392161674,-1.7744395734488712,6.979297639819748e-08,9.661904254443243e-08,1.1919017969917738e-07,1.2159048901061453e-07,-24.524996169245227,3.830754774725165e-06,3.830754774725165e-06,1.5619795207849803e-07,-24.524998598278913,1.4017210894223808e-06,1.4017210894223808e-06,5.715478448205426e-08
screenshot_like_simple_start,dop853_moderate,DOP853,1e-06,1e-08,1.211514392991239,-0.6888206187715138,-0.011573478975836313,-0.6888204574029406,-0.01157367668752364,1.6136857317050612e-07,1.9771168732751754e-07,1.9771168732751754e-07,-0.647200367276203,-1.7719292264883346,-0.6472004403987156,-1.77192932677039,7.312251260049862e-08,1.0028205532641721e-07,1.2411040435636603e-07,1.245759333468044e-07,-24.52499617145212,3.828547882278599e-06,3.828547882278599e-06,1.561079666576391e-07,-24.524998636727425,1.3632725774925802e-06,1.3632725774925802e-06,5.55870571862418e-08
screenshot_like_simple_start,dop853_moderate,DOP853,1e-06,1e-08,1.216520650813517,-0.6925977073399234,-0.009340616957964974,-0.6925975368601534,-0.009340828319260336,1.7047977007855764e-07,2.1136129536164505e-07,2.1136129536164505e-07,-0.6478789848358464,-1.769546254086244,-0.6478790649884066,-1.7695463609698918,8.015256025561968e-08,1.0688364771027636e-07,1.33598454569599e-07,1.3119951458584467e-07,-24.524996088322244,3.911677758594578e-06,3.911677758594578e-06,1.59497564060941e-07,-24.52499865525726,1.3447427420487656e-06,1.3447427420487656e-06,5.483150834041858e-08
screenshot_like_simple_start,dop853_moderate,DOP853,1e-06,1e-08,1.2215269086357947,-0.6961447998917446,-0.007292294540348403,-0.696144617940361,-0.007292523286480843,1.8195138362653296e-07,2.2874613244024122e-07,2.2874613244024122e-07,-0.6485565174093051,-1.767293496815563,-0.6485566065343935,-1.7672936118263793,8.912508842051636e-08,1.1501081642606437e-07,1.4550178445969223e-07,1.396149618138054e-07,-24.524995973433455,4.0265665468552925e-06,4.0265665468552925e-06,1.6418212219593444e-07,-24.52499867098114,1.3290188611847498e-06,1.3290188611847498e-06,5.419037150600406e-08
screenshot_like_simple_start,dop853_moderate,DOP853,1e-06,1e-08,1.2265331664580725,-0.6994624337927898,-0.005426814655326067,-0.699462247131202,-0.005427050406027148,1.8666158785318743e-07,2.357507010806309e-07,2.357507010806309e-07,-0.649233228880041,-1.7651736612929807,-0.6492333217959799,-1.7651737801875031,9.291593894289463e-08,1.188945224495086e-07,1.508949276090367e-07,1.4283129046166465e-07,-24.524995951713464,4.048286537994272e-06,4.048286537994272e-06,1.6506774874594382e-07,-24.524998685388876,1.3146111257356097e-06,1.3146111257356097e-06,5.3602900131931074e-08
screenshot_like_simple_start,dop853_moderate,DOP853,1e-06,1e-08,1.2315394242803506,-0.7025511217548177,-0.0037425539988505552,-0.7025509326968195,-0.003742793176902841,1.890579982566365e-07,2.3917805228555744e-07,2.3917805228555744e-07,-0.6499093395714483,-1.7631892190832765,-0.6499094344594637,-1.7631893403511003,9.488801544499381e-08,1.212678237827447e-07,1.5397928613970195e-07,1.4428836170310433e-07,-24.524995949557265,4.050442736769355e-06,4.050442736769355e-06,1.651556671465588e-07,-24.524998687544016,1.312455985669203e-06,1.312455985669203e-06,5.351502489986556e-08
screenshot_like_simple_start,dop853_moderate,DOP853,1e-06,1e-08,1.2365456821026284,-0.7054113320890859,-0.002237995037606127,-0.7054111413084458,-0.0022382366190882314,1.9078064006361473e-07,2.4158148210443736e-07,2.4158148210443736e-07,-0.6505850431450807,-1.7613424259207433,-0.6505851394760729,-1.7613425490721077,9.633099218309127e-08,1.2315136443952213e-07,1.5635190634685202e-07,1.4524988489750257e-07,-24.52499594928836,4.050711641667704e-06,4.050711641667704e-06,1.6516663166840788e-07,-24.52499868266579,1.3173342132688504e-06,1.3173342132688504e-06,5.371393326274619e-08
screenshot_like_simple_start,dop853_moderate,DOP853,1e-06,1e-08,1.2415519399249062,-0.7080434904324847,-0.0009117251087640433,-0.7080432977859751,-0.0009119693517458307,1.926465096335761e-07,2.44242981787407e-07,2.44242981787407e-07,-0.6512605070980619,-1.7596353270874883,-0.6512606049997556,-1.7596354521521849,9.790169364087831e-08,1.2506469659889774e-07,1.5882669786004725e-07,1.4634118661316364e-07,-24.52499594943506,4.0505649430144786e-06,4.0505649430144786e-06,1.651606500719461e-07,-24.52499868144169,1.3185583114250221e-06,1.3185583114250221e-06,5.376384552191731e-08
screenshot_like_simple_start,dop853_moderate,DOP853,1e-06,1e-08,1.246558197747184,-0.7104479802982812,0.00023756283788709063,-0.710447784799589,0.00023731436392240152,1.9549869212376336e-07,2.4847396468911237e-07,2.4847396468911237e-07,-0.6519358739468639,-1.7580697629986162,-0.6519359742191563,-1.7580698905566527,1.0027229235820556e-07,1.2755803657782394e-07,1.6225161111791438e-07,1.4820166527318435e-07,-24.524995947564456,4.05243554624235e-06,4.05243554624235e-06,1.6523692339418348e-07,-24.52499869327083,1.3067291710910922e-06,1.3067291710910922e-06,5.328151564081925e-08
screenshot_like_simple_start,dop853_moderate,DOP853,1e-06,1e-08,1.2515644555694618,-0.7126251423227419,0.0012110676044443372,-0.7126249425441218,0.0012108126403489912,1.9977862009135094e-07,2.549640953459706e-07,2.549640953459706e-07,-0.6526112632699066,-1.7566473751184142,-0.6526113670716869,-1.7566475060468685,1.038017802823532e-07,1.3092845430051625e-07,1.670840199878741e-07,1.511621280370079e-07,-24.524995942660617,4.057339385354908e-06,4.057339385354908e-06,1.6543687605932344e-07,-24.524998722646178,1.2773538244914562e-06,1.2773538244914562e-06,5.2083744117898314e-08
screenshot_like_simple_start,dop853_moderate,DOP853,1e-06,1e-08,1.2565707133917396,-0.7145752737587274,0.0020098775861264948,-0.7145750683988414,0.0020096140609875083,2.0535988598524568e-07,2.635251389864618e-07,2.635251389864618e-07,-0.6532867734254996,-1.7553696112144794,-0.6532868818270605,-1.755369746315727,1.0840156094982234e-07,1.3510124752258434e-07,1.732144494507218e-07,1.5512304585296732e-07,-24.52499593582043,4.064179570661963e-06,4.064179570661963e-06,1.6571578269773548e-07,-24.524998767955037,1.232044965604473e-06,1.232044965604473e-06,5.023628809804171e-08
screenshot_like_simple_start,dop853_moderate,DOP853,1e-06,1e-08,1.2615769712140175,-0.7162986281696927,0.0026349690240865045,-0.7162984165853271,0.002634695882593638,2.1158436558366134e-07,2.731414928663217e-07,2.731414928663217e-07,-0.6539624829723027,-1.7542377299683323,-0.6539625965271866,-1.7542378696137513,1.1355488382935874e-07,1.3964541900612915e-07,1.7998765149558605e-07,1.5958566090823467e-07,-24.52499592982347,4.07017653358821e-06,4.07017653358821e-06,1.659603071799474e-07,-24.52499882204525,1.1779547506307608e-06,1.1779547506307608e-06,4.8030774745392894e-08
screenshot_like_simple_start,dop853_moderate,DOP853,1e-06,1e-08,1.2665832290362955,-0.7177954152775285,0.0030872046046434044,-0.7177951978361249,0.0030869223655826273,2.174414036604233e-07,2.822390607771369e-07,2.822390607771369e-07,-0.6546384518206003,-1.7532528049650544,-0.6546385702689171,-1.753252948853114,1.184483168215067e-07,1.4388805946730088e-07,1.8637000138196474e-07,1.6378939904360124e-07,-24.524995928029924,4.071970078456388e-06,4.071970078456388e-06,1.6603343846916974e-07,-24.524998873970453,1.1260295487147687e-06,1.1260295487147687e-06,4.5913539193262735e-08
screenshot_like_simple_start,dop853_moderate,DOP853,1e-06,1e-08,1.2715894868585733,-0.7190658009176776,0.003367332339776971,-0.7190655790868583,0.0033670432556448977,2.2183081926918646e-07,2.89084132073375e-07,2.89084132073375e-07,-0.655314722143571,-1.752415728087659,-0.6553148443157929,-1.7524158751770178,1.2217222189470078e-07,1.4708935869300888e-07,1.9121017557496417e-07,1.6691027127091473e-07,-24.524995932998326,4.067001675878146e-06,4.067001675878146e-06,1.658308532468153e-07,-24.524998911392046,1.0886079557792527e-06,1.0886079557792527e-06,4.438768423156993e-08
screenshot_like_simple_start,dop853_moderate,DOP853,1e-06,1e-08,1.2765957446808511,-0.7201099070549608,0.0034759846637284902,-0.7201096832044777,0.0034756924398019074,2.2385048314976785e-07,2.9222392658283247e-07,2.9222392658283247e-07,-0.6559913190783744,-1.7517272123443082,-0.6559914430246673,-1.7517273609820836,1.2394629289591563e-07,1.4863777542117873e-07,1.9353519526121566e-07,1.6827586846179798e-07,-24.524995945186966,4.054813036447058e-06,4.054813036447058e-06,1.6533386489080766e-07,-24.524998923178146,1.0768218565715415e-06,1.0768218565715415e-06,4.390710934032789e-08
screenshot_like_simple_start,dop853_moderate,DOP853,1e-06,1e-08,1.281602002503129,-0.7209278118135476,0.003413677680550512,-0.7209275887643244,0.0034133868000837207,2.230492232024872e-07,2.908804667915016e-07,2.908804667915016e-07,-0.6566682512472706,-1.7511877941581173,-0.6566683745728726,-1.7511879423817867,1.2332560206385068e-07,1.482236693384209e-07,1.9281976111528815e-07,1.6755317000516357e-07,-24.52499596210679,4.037893212682775e-06,4.037893212682775e-06,1.6464396381988888e-07,-24.524998901802263,1.09819773896902e-06,1.09819773896902e-06,4.477870495286524e-08
screenshot_like_simple_start,dop853_moderate,DOP853,1e-06,1e-08,1.2866082603254068,-0.7215195494745049,0.003180810497449081,-0.7215193298886935,0.003180525288010473,2.1958581142289546e-07,2.8520943860799175e-07,2.8520943860799175e-07,-0.6573455111291489,-1.7507978351502027,-0.6573456314714662,-1.7507979810995467,1.2034231733348832e-07,1.4594934394374093e-07,1.8916523025863497e-07,1.648656785535607e-07,-24.524995978322426,4.0216775758494805e-06,4.0216775758494805e-06,1.639827757736791e-07,-24.52499884520726,1.1547927414312653e-06,1.1547927414312653e-06,4.708635031320144e-08
screenshot_like_simple_start,dop853_moderate,DOP853,1e-06,1e-08,1.2916145181476846,-0.7218851103943607,0.0027776645787615413,-0.7218848961595714,0.0027773882430594584,2.142347892419849e-07,2.763357020828944e-07,2.763357020828944e-07,-0.6580230753117492,-1.7505575234467965,-0.6580231908500108,-1.7505576657808146,1.155382616246925e-07,1.4233401812724367e-07,1.8332501906587224e-07,1.6079637454868845e-07,-24.524995986748113,4.013251889034564e-06,4.013251889034564e-06,1.6363922075574162e-07,-24.524998757864264,1.24213573826637e-06,1.24213573826637e-06,5.064773652462263e-08
screenshot_like_simple_start,dop853_moderate,DOP853,1e-06,1e-08,1.2966207759699624,-0.7220244407981135,0.002204403055413119,-0.7220242326182319,0.0022041369782996416,2.0817988155563683e-07,2.6607711347756413e-07,2.6607711347756413e-07,-0.6587009046545231,-1.750466874540738,-0.658701014498365,-1.750467012714415,1.0984384191115026e-07,1.3817367716661977e-07,1.7651525335660665e-07,1.562326251702828e-07,-24.52499598175029,4.01824971163478e-06,4.01824971163478e-06,1.6384300557124485e-07,-24.52499865082277,1.349177232157217e-06,1.349177232157217e-06,5.501232343148693e-08
screenshot_like_simple_start,dop853_moderate,DOP853,1e-06,1e-08,1.3016270337922404,-0.7219374424001259,0.0014610699246954961,-0.7219372398643675,0.0014608136563754991,2.025357583868015e-07,2.562683199969912e-07,2.562683199969912e-07,-0.6593789443914992,-1.7505257317364145,-0.6593790486510177,-1.7505258659545255,1.0425951846304571e-07,1.3421811106972825e-07,1.6995454842184154e-07,1.5200852798713527e-07,-24.52499596464352,4.035356482745556e-06,4.035356482745556e-06,1.6454052936781061e-07,-24.52499854061825,1.459381753221578e-06,1.459381753221578e-06,5.9505881884671884e-08
screenshot_like_simple_start,dop853_moderate,DOP853,1e-06,1e-08,1.3066332916145182,-0.72162397181312,0.0005475890847496136,-0.7216237742674381,0.0005473414790221932,1.9754568192364985e-07,2.476057274203563e-07,2.476057274203563e-07,-0.6600571241982285,-1.7507337662008262,-0.6600572234996624,-1.7507338968359758,9.930143396452706e-08,1.3063514958666644e-07,1.6409240413542013e-07,1.4830425631995325e-07,-24.524995952154065,4.047845937549255e-06,4.047845937549255e-06,1.6504978338631007e-07,-24.524998446978124,1.5530218782089378e-06,1.5530218782089378e-06,6.332403173125128e-08
screenshot_like_simple_start,dop853_moderate,DOP853,1e-06,1e-08,1.311639549436796,-0.7210838442209269,-0.0005362304939183654,-0.7210836483029159,-0.0005364747867065683,1.959180109256664e-07,2.442927882029093e-07,2.442927882029093e-07,-0.6607353552793668,-1.7510904736632367,-0.6607354524199274,-1.7510906028770945,9.7140560595399e-08,1.2921385783570827e-07,1.6165552749465454e-07,1.4715219243122135e-07,-24.524995928788687,4.071211314737866e-06,4.071211314737866e-06,1.6600250009124834e-07,-24.524998389347083,1.6106529194814811e-06,1.6106529194814811e-06,6.567392128364856e-08
screenshot_like_simple_start,dop853_moderate,DOP853,1e-06,1e-08,1.3166458072590739,-0.7203168296094006,-0.001790699910060898,-0.7203166310261078,-0.0017909479223154647,1.9858329280975084e-07,2.480122545667207e-07,2.480122545667207e-07,-0.6614135321411999,-1.7515951755201635,-0.6614136308984805,-1.751595306066077,9.875728057551214e-08,1.3054591341266075e-07,1.6369250433485445e-07,1.4925457625381e-07,-24.5249959012953,4.098704703636713e-06,4.098704703636713e-06,1.6712353531648165e-07,-24.524998382339778,1.6176602244399874e-06,1.6176602244399874e-06,6.59596421790005e-08
screenshot_like_simple_start,dop853_moderate,DOP853,1e-06,1e-08,1.3216520650813517,-0.719322653252048,-0.003216249406825763,-0.7193224486962329,-0.0032165069886679505,2.045558151753113e-07,2.575818421873127e-07,2.575818421873127e-07,-0.6620915314441803,-1.7522470165805792,-0.6620916351471167,-1.7522471505288557,1.0370293634931471e-07,1.3394827647061902e-07,1.6940023546890188e-07,1.5387757346108089e-07,-24.524995892277587,4.107722414659065e-06,4.107722414659065e-06,1.6749122995551742e-07,-24.524998430323624,1.5696763782102607e-06,1.5696763782102607e-06,6.400311430011256e-08
screenshot_like_simple_start,dop853_moderate,DOP853,1e-06,1e-08,1.3266583229036295,-0.718100999096853,-0.004813423213529142,-0.7181007855634375,-0.004813695650528004,2.1353341550511828e-07,2.7243699886152217e-07,2.7243699886152217e-07,-0.6627692087598046,-1.7530449603945746,-0.6627693203908962,-1.753045099578721,1.1163109159273432e-07,1.3918414643043775e-07,1.7842008639095258e-07,1.6080275111463038e-07,-24.524995895822872,4.104177129704567e-06,4.104177129704567e-06,1.6734667195533402e-07,-24.524998521438054,1.4785619484314338e-06,1.4785619484314338e-06,6.028794896764255e-08
screenshot_like_simple_start,dop853_moderate,DOP853,1e-06,1e-08,1.3316645807259073,-0.7166515088211258,-0.006582880337908191,-0.7166512848314267,-0.0065831700716614885,2.2398969912185152e-07,2.897337532973762e-07,2.897337532973762e-07,-0.6634463979808567,-1.7539877869271205,-0.6634465188179648,-1.7539879321504632,1.2083710809740467e-07,1.4522334268463055e-07,1.8892174558224233e-07,1.688903672469877e-07,-24.52499589392398,4.106076023191463e-06,4.106076023191463e-06,1.674240988049526e-07,-24.524998621469827,1.3785301753443946e-06,1.3785301753443946e-06,5.6209181461545135e-08
screenshot_like_simple_start,dop853_moderate,DOP853,1e-06,1e-08,1.3366708385481854,-0.7149737813069427,-0.008525394635933194,-0.714973549779871,-0.008525696404687765,2.3152707162577002e-07,3.017687545715797e-07,3.017687545715797e-07,-0.6641229102758964,-1.7550740894270929,-0.6641230372051597,-1.7550742386429576,1.2692926332213972e-07,1.4921586477534277e-07,1.958989846531994e-07,1.748285243241554e-07,-24.524995868974752,4.131025249876075e-06,4.131025249876075e-06,1.684413965290958e-07,-24.524998668446,1.3315540030589545e-06,1.3315540030589545e-06,5.429374120525808e-08
screenshot_like_simple_start,dop853_moderate,DOP853,1e-06,1e-08,1.3416770963704632,-0.7130673725244487,-0.010641854177701526,-0.7130671350137335,-0.010642164709832137,2.3751071520639044e-07,3.105321306103026e-07,3.105321306103026e-07,-0.6647985325953205,-1.7563022705052984,-0.6647986634665066,-1.7563024225699218,1.3087118611032622e-07,1.5206462333772208e-07,2.006263118954414e-07,1.7964336040954265e-07,-24.52499581194205,4.1880579537689755e-06,4.1880579537689755e-06,1.707668890425678e-07,-24.524998675450338,1.3245496646163701e-06,1.3245496646163701e-06,5.400814126876126e-08
screenshot_like_simple_start,dop853_moderate,DOP853,1e-06,1e-08,1.346683354192741,-0.7109317958102973,-0.012933259927937556,-0.710931550530087,-0.012933581726054357,2.452802102537177e-07,3.2179811680112247e-07,3.2179811680112247e-07,-0.6654730257377629,-1.7576705374398194,-0.6654731616468439,-1.7576706933331416,1.359090809893715e-07,1.5589332225118824e-07,2.068187762701645e-07,1.8586212202631458e-07,-24.52499572622715,4.27377285205921e-06,4.27377285205921e-06,1.7426188999222059e-07,-24.524998680129464,1.3198705381967102e-06,1.3198705381967102e-06,5.381735120068135e-08
screenshot_like_simple_start,dop853_moderate,DOP853,1e-06,1e-08,1.3516896120150188,-0.7085665225284988,-0.01540072375961949,-0.7085662690353162,-0.01540105740177537,2.5349318266698617e-07,3.3364215587874946e-07,3.3364215587874946e-07,-0.6661461219870136,-1.7591768967315011,-0.6661462631133523,-1.75917705655297,1.411263387263162e-07,1.5982146894799598e-07,2.132124419891817e-07,1.9247625004936708e-07,-24.524995627594784,4.372405218333597e-06,4.372405218333597e-06,1.782835970778225e-07,-24.52499867841832,1.3215816814238224e-06,1.3215816814238224e-06,5.3887122586088576e-08
screenshot_like_simple_start,dop853_moderate,DOP853,1e-06,1e-08,1.3566958698372966,-0.7059709831009542,-0.018045465819257322,-0.7059707221751818,-0.018045810209628116,2.6092577243286286e-07,3.443903707940621e-07,3.443903707940621e-07,-0.666817522331003,-1.7608191479368323,-0.6668176681054723,-1.7608193110040051,1.4577446927344084e-07,1.630671728758415e-07,2.1872608157618728e-07,1.985598285791923e-07,-24.524995540859187,4.459140814816465e-06,4.459140814816465e-06,1.8182021671015146e-07,-24.52499867661964,1.3233803635159802e-06,1.3233803635159802e-06,5.39604633441786e-08
screenshot_like_simple_start,dop853_moderate,DOP853,1e-06,1e-08,1.3617021276595744,-0.7031445683949437,-0.020868811262343977,-0.7031443022492769,-0.020869163356013187,2.6614566672744644e-07,3.520936692098797e-07,3.520936692098797e-07,-0.6674868932757307,-1.7625948768098871,-0.6674870422734348,-1.7625950415575589,1.4899770406362478e-07,1.6474767172702798e-07,2.221308424233521e-07,2.0301929692934095e-07,-24.52499549426618,4.505733823378932e-06,4.505733823378932e-06,1.8372003357304513e-07,-24.524998682214083,1.3177859194968278e-06,1.3177859194968278e-06,5.373235145756688e-08
screenshot_like_simple_start,dop853_moderate,DOP853,1e-06,1e-08,1.3667083854818523,-0.7000866314548462,-0.02387218637750279,-0.7000863638627173,-0.023872540977331182,2.675921288997074e-07,3.5459982839283755e-07,3.5459982839283755e-07,-0.668153863268335,-1.7645014477893848,-0.6681540131162895,-1.7645016117303376,1.4984795448924615e-07,1.6394095281313525e-07,2.221059330002011e-07,2.0465083727660982e-07,-24.524995512689493,4.487310508949349e-06,4.487310508949349e-06,1.8296882809171656e-07,-24.5249986990033,1.3009967005928047e-06,1.3009967005928047e-06,5.304777576321324e-08
screenshot_like_simple_start,dop853_moderate,DOP853,1e-06,1e-08,1.3717146433041303,-0.6967964895653626,-0.02705711411785392,-0.6967962256421449,-0.027057464140572404,2.639232176138151e-07,3.500227184830007e-07,3.500227184830007e-07,-0.6688180187447738,-1.7665359958713238,-0.6688181662361046,-1.7665361557782608,1.4749133081526367e-07,1.599069370250561e-07,2.1754061959641651e-07,2.0240327025522475e-07,-24.524995610863087,4.389136915250447e-06,4.389136915250447e-06,1.7896582732927405e-07,-24.524998725539398,1.274460604605565e-06,1.274460604605565e-06,5.196577388809643e-08
screenshot_like_simple_start,dop853_moderate,DOP853,1e-06,1e-08,1.376720901126408,-0.6932734266335153,-0.030425209058121957,-0.6932731721431286,-0.03042554646594322,2.5449038676406133e-07,3.3740782126243096e-07,3.3740782126243096e-07,-0.6694788998188564,-1.7686954179120866,-0.6694790413271241,-1.7686955702821006,1.4150826765924052e-07,1.5237001393941796e-07,2.0794521144719268e-07,1.9574339582550948e-07,-24.524995787892784,4.212107217682615e-06,4.212107217682615e-06,1.717474910370077e-07,-24.524998755832463,1.2441675387719897e-06,1.2441675387719897e-06,5.073058262067236e-08
screenshot_like_simple_start,dop853_moderate,DOP853,1e-06,1e-08,1.381727158948686,-0.6895166958766975,-0.03397817179600933,-0.6895164560760377,-0.0339784891892117,2.3980065977369236e-07,3.173932023731174e-07,3.173932023731174e-07,-0.6701359956306098,-1.7709763634113822,-0.6701361278215379,-1.7709765051815776,1.3219092809269029e-07,1.4177019536099067e-07,1.9383815352685414e-07,1.8501907239620863e-07,-24.524996024227256,3.975772745690165e-06,3.975772745690165e-06,1.6211101919225952e-07,-24.524998781408215,1.2185917874774077e-06,1.2185917874774077e-06,4.968773853118889e-08
screenshot_like_simple_start,dop853_moderate,DOP853,1e-06,1e-08,1.3867334167709637,-0.6855255228040469,-0.037717782816355704,-0.6855253009774744,-0.037718075481449974,2.2182657244407267e-07,2.9266509427028353e-07,2.9266509427028353e-07,-0.6707887393732086,-1.7733752248289183,-0.6707888601171877,-1.7733753542267392,1.2074397914840773e-07,1.2939782090271024e-07,1.7698278039109058e-07,1.7171296096130106e-07,-24.524996282118565,3.7178814373817204e-06,3.7178814373817204e-06,1.5159557338967257e-07,-24.52499879390371,1.2060962930604546e-06,1.2060962930604546e-06,4.917823824915207e-08
screenshot_like_simple_start,dop853_moderate,DOP853,1e-06,1e-08,1.3917396745932415,-0.6812991084784156,-0.041645895836608146,-0.6812989044543416,-0.04164616384385581,2.0402407396868938e-07,2.6800724766545825e-07,2.6800724766545825e-07,-0.6714365030189261,-1.7758881274932983,-0.6714366123170206,-1.7758882448299715,1.0929809446391658e-07,1.1733667326652153e-07,1.603557555770845e-07,1.584767719275959e-07,-24.52499651036691,3.489633090936195e-06,3.489633090936195e-06,1.4228881104734738e-07,-24.524998787533328,1.2124666746160528e-06,1.2124666746160528e-06,4.9437988771296746e-08
screenshot_like_simple_start,dop853_moderate,DOP853,1e-06,1e-08,1.3967459324155194,-0.6768366330462103,-0.04576443065212401,-0.6768364421276276,-0.0457646803953329,1.9091858272091144e-07,2.4974320889104007e-07,2.4974320889104007e-07,-0.6720785917658089,-1.778510919166295,-0.6720786924154267,-1.7785110273189446,1.0064961786238058e-07,1.081526497248575e-07,1.4774079063803252e-07,1.4883210619487386e-07,-24.524996653827596,3.3461724058270192e-06,3.3461724058270192e-06,1.3643924182780913e-07,-24.524998760919466,1.2390805359530077e-06,1.2390805359530077e-06,5.052316150674853e-08
screenshot_like_simple_start,dop853_moderate,DOP853,1e-06,1e-08,1.4017521902377972,-0.6721372595223769,-0.05007536549982948,-0.6721370724029903,-0.05007560987051032,1.8711938665205707e-07,2.443706808366586e-07,2.443706808366586e-07,-0.6727142382280242,-1.7812391593303856,-0.6727143358728237,-1.7812392636102239,9.76447994682772e-08,1.0427983831995391e-07,1.428593418129728e-07,1.4641955903282877e-07,-24.524996667768125,3.332231877095637e-06,3.332231877095637e-06,1.3587082067668244e-07,-24.52499871794878,1.2820512225175662e-06,1.2820512225175662e-06,5.227527920560922e-08
screenshot_like_simple_start,dop853_moderate,DOP853,1e-06,1e-08,1.4067584480600752,-0.6672001378178001,-0.05458072895875676,-0.6671999421952177,-0.05458098514588176,1.956225823551705e-07,2.561871249931458e-07,2.561871249931458e-07,-0.6733425963940948,-1.7840681082722405,-0.6733426985269619,-1.7840682153453493,1.021328671635402e-07,1.0707310882374088e-07,1.4797220410680516e-07,1.536727528561599e-07,-24.524996536712266,3.4632877365936565e-06,3.4632877365936565e-06,1.4121458660932339e-07,-24.524998667469653,1.3325303491740215e-06,1.3325303491740215e-06,5.433355144440454e-08
screenshot_like_simple_start,dop853_moderate,DOP853,1e-06,1e-08,1.411764705882353,-0.6620244089963963,-0.05928259140598153,-0.6620241937336502,-0.059282875111743606,2.1526274607275298e-07,2.8370576207747966e-07,2.8370576207747966e-07,-0.6739627353785225,-1.7869927160397197,-0.6739628487975176,-1.7869928315559074,1.1341899508465758e-07,1.1551618772642769e-07,1.6188841241071229e-07,1.6978837913406153e-07,-24.52499629691418,3.7030858237585562e-06,3.7030858237585562e-06,1.5099228639178618e-07,-24.52499862176733,1.3782326711009318e-06,1.3782326711009318e-06,5.6197050809416174e-08
screenshot_like_simple_start,dop853_moderate,DOP853,1e-06,1e-08,1.4167709637046308,-0.6566092097491664,-0.06418305604648622,-0.6566089725756385,-0.0641833707076154,2.371735278172693e-07,3.14661129180438e-07,3.14661129180438e-07,-0.6745736329936278,-1.790007611354846,-0.6745737591496028,-1.7900077359516602,1.261559749998753e-07,1.2459681419940694e-07,1.773124252183436e-07,1.8785725575121148e-07,-24.524996061092974,3.938907028100402e-06,3.938907028100402e-06,1.6060782989196338e-07,-24.524998593814427,1.4061855750924224e-06,1.4061855750924224e-06,5.733682263373791e-08
screenshot_like_simple_start,dop853_moderate,DOP853,1e-06,1e-08,1.4217772215269087,-0.6509536806115289,-0.06928424456662881,-0.6509534369551256,-0.06928456893881865,2.436564032759492e-07,3.2437218984437965e-07,3.2437218984437965e-07,-0.6751741670281939,-1.7931070887697032,-0.6751742967919311,-1.7931072139561832,1.297637371999727e-07,1.2518648007109334e-07,1.8030607944463168e-07,1.9383021743202278e-07,-24.524996032788167,3.9672118354872055e-06,3.9672118354872055e-06,1.6176195047858126e-07,-24.52499859326334,1.4067366613801369e-06,1.4067366613801369e-06,5.735929302263555e-08
screenshot_like_simple_start,dop853_moderate,DOP853,1e-06,1e-08,1.4267834793491865,-0.6450570122939131,-0.07458822925316677,-0.6450567685934272,-0.07458855469189782,2.4370048590238724e-07,3.254387310469564e-07,3.254387310469564e-07,-0.6757630837953464,-1.796285077375807,-0.6757632135965536,-1.796285199647787,1.298012071160315e-07,1.2227198009640006e-07,1.7832215365868974e-07,1.9473266610336992e-07,-24.52499616181818,3.83818182214668e-06,3.83818182214668e-06,1.5650078785511436e-07,-24.52499862098499,1.3790150106274268e-06,1.3790150106274268e-06,5.622895048429874e-08
screenshot_like_simple_start,dop853_moderate,DOP853,1e-06,1e-08,1.4317897371714643,-0.6389184287119073,-0.08009705375769706,-0.6389181850992933,-0.08009738016656216,2.436126139704342e-07,3.264088651033781e-07,3.264088651033781e-07,-0.676339005434902,-1.7995351436434137,-0.6763391352393789,-1.799535262799812,1.2980447694488362e-07,1.191563983038435e-07,1.7620286459555367e-07,1.955578993184659e-07,-24.524996207098425,3.792901576815666e-06,3.792901576815666e-06,1.5465449854498127e-07,-24.524998661618035,1.338381967030955e-06,1.338381967030955e-06,5.4572149522159216e-08
screenshot_like_simple_start,dop853_moderate,DOP853,1e-06,1e-08,1.436795994993742,-0.632537197195352,-0.0858127154568175,-0.6325369543589987,-0.08581304136821508,2.4283635324806596e-07,3.259113975778716e-07,3.259113975778716e-07,-0.6769004205653183,-1.8028504804938723,-0.6769005494226171,-1.8028505961239136,1.2885729883116426e-07,1.156300413196476e-07,1.7313148159028552e-07,1.9585485366846456e-07,-24.52499617759491,3.822405091113978e-06,3.822405091113978e-06,1.5585749606988698e-07,-24.52499866907028,1.3309297237640294e-06,1.3309297237640294e-06,5.426828639200935e-08
screenshot_like_simple_start,dop853_moderate,DOP853,1e-06,1e-08,1.4418022528160201,-0.6259126486737123,-0.09173713395769256,-0.6259124087517008,-0.0917374558382588,2.399220114801537e-07,3.2188056624249395e-07,3.2188056624249395e-07,-0.6774456696117263,-1.8062238928928545,-0.6774457956990887,-1.806224003961007,1.2608736243979735e-07,1.1106815245298662e-07,1.6803022780543e-07,1.9443972321120384e-07,-24.52499618157971,3.8184202928448485e-06,3.8184202928448485e-06,1.5569501703750654e-07,-24.524998608570378,1.3914296239647683e-06,1.3914296239647683e-06,5.673515286298749e-08
screenshot_like_simple_start,dop853_moderate,DOP853,1e-06,1e-08,1.446808510638298,-0.6190441959235188,-0.09787212218467527,-0.6190439549350676,-0.09787244601920385,2.409884511944682e-07,3.2383452858164574e-07,3.2383452858164574e-07,-0.6779729318426385,-1.8096477863983464,-0.6779730578583315,-1.8096478945897063,1.260156929916434e-07,1.081913598710571e-07,1.6608830552122778e-07,1.9626907032943564e-07,-24.52499630742704,3.692572963842622e-06,3.692572963842622e-06,1.50563627475744e-07,-24.52499859407861,1.405921391750553e-06,1.405921391750553e-06,5.73260506320307e-08
screenshot_like_simple_start,dop853_moderate,DOP853,1e-06,1e-08,1.4518147684605758,-0.6119313545132521,-0.10421935352908994,-0.6119311099030821,-0.10421968327363074,2.4461017000820817e-07,3.2974454079737203e-07,3.2974454079737203e-07,-0.6784802114431518,-1.8131141567426607,-0.6784803391752733,-1.813114262955168,1.277321214354643e-07,1.0621250723374942e-07,1.6612221868035437e-07,2.002232453168773e-07,-24.524996570290508,3.4297094941848627e-06,3.4297094941848627e-06,1.3984544318796586e-07,-24.52499861085192,1.3891480818983837e-06,1.3891480818983837e-06,5.664212362480667e-08
screenshot_like_simple_start,dop853_moderate,DOP853,1e-06,1e-08,1.4568210262828536,-0.604573766500289,-0.11078032500179863,-0.6045735205249759,-0.1107806573850705,2.4597531311787435e-07,3.32383271864356e-07,3.32383271864356e-07,-0.6789653227869947,-1.8166145809604153,-0.6789654507579546,-1.8166146840292599,1.2797095982897133e-07,1.0306884457023102e-07,1.643160165065799e-07,2.0237484044116627e-07,-24.52499691082988,3.0891701214841305e-06,3.0891701214841305e-06,1.2596004572820103e-07,-24.52499859035035,1.4096496521176505e-06,1.4096496521176505e-06,5.7478069403370046e-08
screenshot_like_simple_start,dop853_moderate,DOP853,1e-06,1e-08,1.4618272841051314,-0.5969712269345141,-0.11755631632818282,-0.5969709850051717,-0.11755664324190594,2.4192934244826603e-07,3.2691372311988154e-07,3.2691372311988154e-07,-0.6794258750890858,-1.8201402106261522,-0.6794259996607689,-1.8201403082819492,1.2457168307999922e-07,9.765579700449223e-08,1.582869511803369e-07,2.0008574386221056e-07,-24.524997228234675,2.77176532748058e-06,2.77176532748058e-06,1.1301795422958531e-07,-24.524998490905794,1.5090942078188618e-06,1.5090942078188618e-06,6.153289328517275e-08
screenshot_like_simple_start,dop853_moderate,DOP853,1e-06,1e-08,1.4668335419274092,-0.589123713223205,-0.12454834492516677,-0.5891234801170336,-0.1245486590554423,2.3310617136562684e-07,3.141302755277353e-07,3.141302755277353e-07,-0.6798592566402291,-1.8236817678176527,-0.6798593745262187,-1.823681858315652,1.1788598963669017e-07,9.049799931659663e-08,1.4861693858012466e-07,1.9381098770310246e-07,-24.524997427976984,2.5720230176773384e-06,2.5720230176773384e-06,1.0487351754036038e-07,-24.524998324630687,1.6753693152793403e-06,1.6753693152793403e-06,6.83127141806051e-08
screenshot_like_simple_start,dop853_moderate,DOP853,1e-06,1e-08,1.471839799749687,-0.5810314174118038,-0.13175711669991036,-0.5810311935732208,-0.131757417079151,2.238385830022338e-07,3.003792406475192e-07,3.003792406475192e-07,-0.680262618846041,-1.8272295444734432,-0.6802627295157573,-1.827229627872636,1.1066971628004296e-07,8.339919288502529e-08,1.385756525345591e-07,1.8710600568905278e-07,-24.524997465235334,2.5347646683826497e-06,2.5347646683826497e-06,1.0335431879236084e-07,-24.524998148389315,1.8516106869981286e-06,1.8516106869981286e-06,7.549890670736507e-08
screenshot_like_simple_start,dop853_moderate,DOP853,1e-06,1e-08,1.476846057571965,-0.5726947814351809,-0.13918297260979984,-0.5726945608954346,-0.13918326779609114,2.205397463539427e-07,2.951862912992098e-07,2.951862912992098e-07,-0.6806328603129874,-1.8307734058647984,-0.6806329672934655,-1.8307734844225791,1.069804780318151e-07,7.855778072496378e-08,1.327258361900469e-07,1.8535126011798297e-07,-24.52499736793725,2.6320627526388307e-06,2.6320627526388307e-06,1.0732162090270461e-07,-24.5249980356616,1.9643384021605925e-06,1.9643384021605925e-06,8.009534769258277e-08
screenshot_like_simple_start,dop853_moderate,DOP853,1e-06,1e-08,1.481852315394243,-0.5641145353940027,-0.1468258309233622,-0.5641143061463576,-0.14682613854150994,2.292476450893588e-07,3.076181477323914e-07,3.076181477323914e-07,-0.680966611245253,-1.834302798952832,-0.680966721824987,-1.8343028765199025,1.1057973392514242e-07,7.756707054440426e-08,1.3507230651690183e-07,1.937285702968694e-07,-24.524997228969525,2.7710304770778293e-06,2.7710304770778293e-06,1.1298799091041098e-07,-24.524998044101856,1.955898145666879e-06,1.955898145666879e-06,7.97511986000766e-08
screenshot_like_simple_start,dop853_moderate,DOP853,1e-06,1e-08,1.4868585732165207,-0.5552917389108063,-0.154685125121736,-0.5552914858865726,-0.1546854675276314,2.530242336762356e-07,3.4240589541489896e-07,3.4240589541489896e-07,-0.6812602184367398,-1.8378067664489834,-0.6812603417478134,-1.8378068470869233,1.2331107357432813e-07,8.063793988100088e-08,1.4733668319296888e-07,2.1500651803396664e-07,-24.524997165300412,2.834699589726597e-06,2.834699589726597e-06,1.1558408113054422e-07,-24.524998190564293,1.8094357088216384e-06,1.8094357088216384e-06,7.377923379496996e-08
screenshot_like_simple_start,dop853_moderate,DOP853,1e-06,1e-08,1.4918648310387985,-0.5462278256203998,-0.16275973738031935,-0.5462275357192609,-0.16276013423762992,2.899011389834172e-07,3.9685731056948725e-07,3.9685731056948725e-07,-0.6815097311623641,-1.8412739674411331,-0.6815098750570547,-1.8412740537276964,1.4389469060738236e-07,8.628656322784423e-08,1.6778275530777008e-07,2.477176807014203e-07,-24.524997252408667,2.7475913348951053e-06,2.7475913348951053e-06,1.1203226645851601e-07,-24.52499844144032,1.558559681313909e-06,1.558559681313909e-06,6.354983410046519e-08
screenshot_like_simple_start,dop853_moderate,DOP853,1e-06,1e-08,1.4968710888610763,-0.5369246508491883,-0.17104792757022907,-0.5369243187854711,-0.17104838715579812,3.3206371718996763e-07,4.595855690459061e-07,4.595855690459061e-07,-0.6817108882914651,-1.844692705486291,-0.6817110558325987,-1.8446927971069464,1.675411336332644e-07,9.162065550682996e-08,1.90956476650101e-07,2.8533765528138133e-07,-24.524997455206044,2.5447939577816214e-06,2.5447939577816214e-06,1.0376326025613135e-07,-24.5249987215331,1.278466903897879e-06,1.278466903897879e-06,5.212912961866989e-08
screenshot_like_simple_start,dop853_moderate,DOP853,1e-06,1e-08,1.5018773466833542,-0.5273845425380383,-0.17954725771919527,-0.5273841755727521,-0.17954776980091003,3.669652862692274e-07,5.120817147541423e-07,5.120817147541423e-07,-0.6818591069629159,-1.8480509651026449,-0.6818592937083165,-1.8480510583372385,1.8674540069874013e-07,9.32345936011103e-08,2.087259785606411e-07,3.1710439596377427e-07,-24.52499759104391,2.4089560923812314e-06,2.4089560923812314e-06,9.822450937334276e-08,-24.52499893970839,1.0602916127311346e-06,1.0602916127311346e-06,4.32330932815957e-08
screenshot_like_simple_start,dop853_moderate,DOP853,1e-06,1e-08,1.5068836045056322,-0.5176103554632909,-0.1882545118715211,-0.517609974399944,-0.18825504602978477,3.810633468770419e-07,5.341582636764208e-07,5.341582636764208e-07,-0.6819494731756378,-1.85133645761691,-0.6819496667509405,-1.8513365462039357,1.9357530267605227e-07,8.858702571501453e-08,2.128827351645922e-07,3.311456343579877e-07,-24.52499737562759,2.6243724136065794e-06,2.6243724136065794e-06,1.0700804948446806e-07,-24.524999024677022,9.753229797127005e-07,9.753229797127005e-07,3.976852108920287e-08
screenshot_like_simple_start,dop853_moderate,DOP853,1e-06,1e-08,1.51188986232791,-0.5076055288105303,-0.1971656112867326,-0.5076051619409248,-0.19716612557805174,3.668696055836307e-07,5.142913191424903e-07,5.142913191424903e-07,-0.6819767346587444,-1.854536677335259,-0.681976918374636,-1.8545367549204226,1.837158916107029e-07,7.758516362699197e-08,1.9942664427137777e-07,3.2061139126904337e-07,-24.524996617658093,3.382341908775288e-06,3.382341908775288e-06,1.3791404317126556e-07,-24.524998960105403,1.039894598875435e-06,1.039894598875435e-06,4.2401410759446884e-08
screenshot_like_simple_start,dop853_moderate,DOP853,1e-06,1e-08,1.5168961201501878,-0.4973741471557152,-0.20627552491655232,-0.49737381315009666,-0.2062759908051275,3.3400561855190247e-07,4.6588857519069826e-07,4.6588857519069826e-07,-0.6819352963913746,-1.8576389690053967,-0.6819354588663362,-1.8576390329444843,1.6247496159582653e-07,6.393908758006717e-08,1.7460332203637135e-07,2.935370019829797e-07,-24.52499564141376,4.3585862421480215e-06,4.3585862421480215e-06,1.777201321976767e-07,-24.524998805592936,1.1944070656966232e-06,1.1944070656966232e-06,4.870161328018851e-08
screenshot_like_simple_start,dop853_moderate,DOP853,1e-06,1e-08,1.5219023779724656,-0.48692100831926005,-0.2155781698838123,-0.48692067995241894,-0.21557862561039917,3.283668411069307e-07,4.5572658688430856e-07,4.5572658688430856e-07,-0.6818192170614195,-1.8606306070406966,-0.6818193720359005,-1.86063066320018,1.549744810258602e-07,5.615948328596687e-08,1.6483621365519622e-07,2.902033257035086e-07,-24.524995398965554,4.601034447659913e-06,4.601034447659913e-06,1.8760588981284046e-07,-24.52499868979746,1.310202542015304e-06,1.310202542015304e-06,5.342314136657712e-08
screenshot_like_simple_start,dop853_moderate,DOP853,1e-06,1e-08,1.5269086357947435,-0.4762516112014344,-0.22506642488775758,-0.47625123454131796,-0.22506695090728027,3.7666011643011643e-07,5.260195226897135e-07,5.260195226897135e-07,-0.6816222496314441,-1.863498900400609,-0.6816224276390813,-1.863498955688308,1.780076371860062e-07,5.528769886353757e-08,1.8639594561623392e-07,3.347452662838535e-07,-24.5249952311961,4.768803901100682e-06,4.768803901100682e-06,1.9444664224671486e-07,-24.524998759072567,1.2409274354752142e-06,1.2409274354752142e-06,5.0598468317032174e-08
screenshot_like_simple_start,dop853_moderate,DOP853,1e-06,1e-08,1.5319148936170213,-0.46537219273837127,-0.23473207664258963,-0.4653717861661542,-0.23473264714530778,4.06572217059864e-07,5.705027181501787e-07,5.705027181501787e-07,-0.6813378621256416,-1.866231294492115,-0.6813380536480785,-1.866231344254477,1.9152243690978565e-07,4.976236200882056e-08,1.9788162247303243e-07,3.633351707277299e-07,-24.524995170573582,4.829426419661331e-06,4.829426419661331e-06,1.969185084469452e-07,-24.52499887158705,1.1284129506350382e-06,1.1284129506350382e-06,4.6010721738431724e-08
screenshot_like_simple_start,dop853_moderate,DOP853,1e-06,1e-08,1.536921151439299,-0.4542898670191831,-0.24456561882595645,-0.45428946366720274,-0.24456618503785216,4.0335198037144693e-07,5.662118957028284e-07,5.662118957028284e-07,-0.6809592107980129,-1.868815473687994,-0.6809593977196876,-1.8688155135887667,1.8692167469414045e-07,3.990077268589687e-08,1.9113289651808682e-07,3.6244118567507755e-07,-24.524995152255464,4.847744538238885e-06,4.847744538238885e-06,1.976654245968964e-07,-24.524998920642822,1.079357179634144e-06,1.079357179634144e-06,4.4010486427488024e-08
screenshot_like_simple_start,dop853_moderate,DOP853,1e-06,1e-08,1.5419274092615771,-0.4430126116263528,-0.2545562695886242,-0.4430121933138721,-0.25455685753534457,4.183124807100036e-07,5.879467203651068e-07,5.879467203651068e-07,-0.6804791956303204,-1.8712394986728846,-0.6804793867000313,-1.8712395299334097,1.9106971083093782e-07,3.1260525057419386e-08,1.9361005868467616e-07,3.779304590389998e-07,-24.524995225726258,4.774273744345692e-06,4.774273744345692e-06,1.9466967357168976e-07,-24.524998930039104,1.0699608985476061e-06,1.0699608985476061e-06,4.36273557002082e-08
screenshot_like_simple_start,dop853_moderate,DOP853,1e-06,1e-08,1.546933667083855,-0.43154925359543717,-0.26469198973692604,-0.4315487588812614,-0.26469268909915566,4.947141757916107e-07,6.993622296280755e-07,6.993622296280755e-07,-0.6798905173733436,-1.8734919463435307,-0.679890743020661,-1.873491970309947,2.256473173867235e-07,2.3966416407006363e-08,2.2691650658164726e-07,4.493582478337643e-07,-24.524995558993947,4.441006055344587e-06,4.441006055344587e-06,1.810807769763338e-07,-24.52499890716938,1.092830622440033e-06,1.092830622440033e-06,4.455986228093916e-08
screenshot_like_simple_start,dop853_moderate,DOP853,1e-06,1e-08,1.5519399249061328,-0.4199094588247784,-0.2749594960556484,-0.4199088263395337,-0.2749603970061361,6.324852447336937e-07,9.009504877144359e-07,9.009504877144359e-07,-0.679185733959326,-1.8755620512410656,-0.6791860235278637,-1.875562064475448,2.8956853770356616e-07,1.3234382478799489e-08,2.8987081071983905e-07,5.775387118545083e-07,-24.52499624717022,3.7528297838207436e-06,3.7528297838207436e-06,1.530205824187867e-07,-24.52499884050586,1.1594941433656913e-06,1.1594941433656913e-06,4.727804865915153e-08
screenshot_like_simple_start,dop853_moderate,DOP853,1e-06,1e-08,1.5569461827284106,-0.408103719844742,-0.28534427709863996,-0.40810293567533973,-0.2853454008749897,7.841694022459045e-07,1.1237763497540243e-06,1.1237763497540243e-06,-0.678357318491176,-1.8774398481099066,-0.6783576770575761,-1.8774398429925734,3.585664001271027e-07,5.11733322383634e-09,3.5860291465551883e-07,7.197696500482742e-07,-24.524997128606206,2.8713937965108016e-06,2.8713937965108016e-06,1.1708027712582268e-07,-24.52499874470737,1.2552926307307644e-06,1.2552926307307644e-06,5.1184205126636666e-08
screenshot_like_simple_start,dop853_moderate,DOP853,1e-06,1e-08,1.5619524405506884,-0.396143336855981,-0.29583061877444494,-0.39614246410323684,-0.2958318740865937,8.727527441854122e-07,1.2553121487846042e-06,1.2553121487846042e-06,-0.6773977206144038,-1.8791163141036225,-0.6773981162325389,-1.8791162848989287,3.956181350295296e-07,2.920469377443169e-08,3.9669462172142116e-07,8.051634239336636e-07,-24.524997739028834,2.2609711685106504e-06,2.2609711685106504e-06,9.219046558657086e-08,-24.524998688688445,1.3113115571172784e-06,1.3113115571172784e-06,5.3468361146474144e-08
screenshot_like_simple_start,dop853_moderate,DOP853,1e-06,1e-08,1.5669586983729662,-0.38404038694623865,-0.3064016470542527,-0.38403956492506003,-0.30640283077037256,8.220211786258425e-07,1.1837161198458013e-06,1.1837161198458013e-06,-0.6762994326543017,-1.8805835080339728,-0.6762997990947978,-1.8805834589752348,3.664404960579404e-07,4.905873796090532e-08,3.6970988209879675e-07,7.62143965160611e-07,-24.524997453454166,2.5465458364237747e-06,2.5465458364237747e-06,1.0383469261666767e-07,-24.52499877928718,1.2207128214924978e-06,1.2207128214924978e-06,4.977422309857279e-08
screenshot_like_simple_start,dop853_moderate,DOP853,1e-06,1e-08,1.571964956195244,-0.3718076763951949,-0.31703939512945856,-0.37180708629519765,-0.31704024202883463,5.900999972552334e-07,8.468993760724075e-07,8.468993760724075e-07,-0.6750550614623112,-1.8818347029079576,-0.6750553163744921,-1.8818346532658845,2.549121809192201e-07,4.964207311886071e-08,2.5970089604106394e-07,5.497797899156609e-07,-24.52499578500062,4.214999382412543e-06,4.214999382412543e-06,1.71865418243121e-07,-24.524999105464673,8.945353293654534e-07,8.945353293654534e-07,3.647442729318872e-08
screenshot_like_simple_start,dop853_moderate,DOP853,1e-06,1e-08,1.576971214017522,-0.35945867097686623,-0.32772490234613105,-0.35945847414972465,-0.32772517507238075,1.9682714158530956e-07,2.727262496948768e-07,2.727262496948768e-07,-0.6736574064729993,-1.8828645068456713,-0.6736574804365509,-1.8828644882952075,7.396355161670698e-08,1.8550463831701336e-08,7.625435512892714e-08,1.8424741066169759e-07,-24.524992738100394,7.261899607868827e-06,7.261899607868827e-06,2.961019208101458e-07,-24.524999670866613,3.2913338898765687e-07,3.2913338898765687e-07,1.3420321671260217e-08
screenshot_like_simple_start,dop853_moderate,DOP853,1e-06,1e-08,1.5819774718397999,-0.3470073991690686,-0.3384383522436776,-0.34700766355734913,-0.33843794893649026,2.643882805464237e-07,4.033071873132954e-07,4.033071873132954e-07,-0.6720995440398514,-1.8836689663487918,-0.6720994122398332,-1.8836690103379734,1.3180001823265286e-07,4.398918163062149e-08,1.3894708671526522e-07,2.4862931563562896e-07,-24.5249890602373,1.0939762702832923e-05,1.0939762702832923e-05,4.4606575750592953e-07,-24.52500035251641,3.525164089523969e-07,-3.525164089523969e-07,-1.4373757755449413e-08
screenshot_like_simple_start,dop853_moderate,DOP853,1e-06,1e-08,1.5869837296620777,-0.3344683231794434,-0.3491592570250095,-0.3344689627501185,-0.34915830045340135,6.395706750872421e-07,9.565716081461062e-07,9.565716081461062e-07,-0.6703749177093927,-1.8842456448272586,-0.6703746229853014,-1.884245762127406,2.9472409135422595e-07,1.1730014737310057e-07,3.1720910232577696e-07,6.041287830549358e-07,-24.5249862095837,1.379041630045208e-05,1.379041630045208e-05,5.623003588359665e-07,-24.525000918375557,9.183755551589456e-07,-9.183755551589456e-07,-3.744650581687852e-08
screenshot_like_simple_start,dop853_moderate,DOP853,1e-06,1e-08,1.5919899874843555,-0.3218561726975659,-0.3598666957854928,-0.321856934091848,-0.3598655541503837,7.613942821227404e-07,1.1416351091142474e-06,1.1416351091142474e-06,-0.6684774337254707,-1.8845936683221403,-0.6684770875154804,-1.8845938294971534,3.462099903428495e-07,1.611750131136347e-07,3.8188838980175376e-07,7.222965128228509e-07,-24.524985862085362,1.4137914639889004e-05,1.4137914639889004e-05,5.764695062136189e-07,-24.525001116602034,1.1166020321695669e-06,-1.1166020321695669e-06,-4.5529134848912e-08
screenshot_like_simple_start,dop853_moderate,DOP853,1e-06,1e-08,1.5969962453066333,-0.3091857362826349,-0.3705396138279855,-0.30918627624221773,-0.3705387897467201,5.399595828237125e-07,8.240812653936835e-07,8.240812653936835e-07,-0.666401560745838,-1.8847137295159637,-0.6664013069486807,-1.8847138636299925,2.5379715729023644e-07,1.3411402877139267e-07,2.8705325248444573e-07,5.143555472653105e-07,-24.524988823799596,1.1176200406026737e-05,1.1176200406026737e-05,4.55706438573975e-07,-24.525000817018338,8.170183356526195e-07,-8.170183356526195e-07,-3.331369360459203e-08
screenshot_like_simple_start,dop853_moderate,DOP853,1e-06,1e-08,1.6020025031289111,-0.2964716052962558,-0.3811571903912534,-0.2964717117744945,-0.3811570009215028,1.0647823867060424e-07,1.8946975061107096e-07,1.8946975061107096e-07,-0.6641424325175511,-1.884608040423072,-0.6641423584780684,-1.8846080797974651,7.403948276696326e-08,3.9374393079327774e-08,8.385814115972798e-08,1.0183293774890245e-07,-24.524993291740525,6.70825947679532e-06,6.70825947679532e-06,2.7352739966545643e-07,-24.525000145218876,1.4521887337082262e-07,-1.4521887337082262e-07,-5.921258853040677e-09
screenshot_like_simple_start,dop853_moderate,DOP853,1e-06,1e-08,1.607008760951189,-0.2837279932716641,-0.39169909898776684,-0.2837278845048302,-0.39169923902435355,1.0876683387284203e-07,1.4003658671546404e-07,1.4003658671546404e-07,-0.6616959057133236,-1.8842802577039097,-0.6616959307256047,-1.8842802346914245,2.501228113516163e-08,2.3012485250717418e-08,3.398806680290671e-08,1.0441817549500243e-07,-24.524994210750755,5.789249247101225e-06,5.789249247101225e-06,2.3605501517232312e-07,-24.5249995081525,4.918475013937496e-07,4.918475013937496e-07,2.0054943991590196e-08
screenshot_like_simple_start,dop853_moderate,DOP853,1e-06,1e-08,1.612015018773467,-0.2709694043224109,-0.40214455380417546,-0.2709692564165847,-0.4021447579808482,1.4790582619772508e-07,2.0417667273564533e-07,2.0417667273564533e-07,-0.659058305049917,-1.8837356209750011,-0.6590583504291094,-1.883735580651011,4.537919240377164e-08,4.032399014697319e-08,6.070663295383557e-08,1.4250902252710418e-07,-24.52499416043494,5.839565062615293e-06,5.839565062615293e-06,2.3810662844506799e-07,-24.524999371441822,6.285581797271789e-07,6.285581797271789e-07,2.5629283577051123e-08
screenshot_like_simple_start,dop853_moderate,DOP853,1e-06,1e-08,1.6170212765957448,-0.2582098189329659,-0.41247347892833774,-0.2582096905867947,-0.412473654391123,1.283461711909517e-07,1.754627852457169e-07,1.754627852457169e-07,-0.6562267131712796,-1.8829807166399597,-0.6562267498270329,-1.8829806790742267,3.665575332156834e-08,3.7565732968758425e-08,5.248646058796241e-08,1.2409132449375804e-07,-24.52499421005662,5.789943383405216e-06,5.789943383405216e-06,2.3608331838553377e-07,-24.524999529804315,4.701956868302659e-07,4.701956868302659e-07,1.9172097322335e-08
screenshot_like_simple_start,dop853_moderate,DOP853,1e-06,1e-08,1.6220275344180226,-0.24546260465266884,-0.4226666402472896,-0.24546249298968004,-0.4226667919309431,1.1166298879983216e-07,1.5168365347095758e-07,1.5168365347095758e-07,-0.6531989689650061,-1.8820233581794876,-0.6531989989843485,-1.882023323094439,3.00193424562778e-08,3.508504864413453e-08,4.6174901839295433e-08,1.0831589372650718e-07,-24.52499416107986,5.838920142053894e-06,5.838920142053894e-06,2.3808033198996508e-07,-24.524999517067887,4.829321156307742e-07,4.829321156307742e-07,1.9691421636321067e-08
screenshot_like_simple_start,dop853_moderate,DOP853,1e-06,1e-08,1.6270337922403004,-0.23274051496929468,-0.43270565184627174,-0.23274043022054125,-0.43270576530263627,8.474875343167376e-08,1.1345636452553265e-07,1.1345636452553265e-07,-0.649973629848676,-1.880872480382242,-0.6499736503845218,-1.8808724523536093,2.053584580163914e-08,2.802863274808942e-08,3.4746585681415815e-08,8.246375529652461e-08,-24.52499389833368,6.101666322422261e-06,6.101666322422261e-06,2.4879373383984755e-07,-24.52499946485669,5.351433109979098e-07,5.351433109979098e-07,2.1820318491250143e-08
screenshot_like_simple_start,dop853_moderate,DOP853,1e-06,1e-08,1.6320400500625782,-0.22005562415924507,-0.44257307484550584,-0.2200555839993544,-0.4425731235592828,4.0159890662971875e-08,4.8713776956699206e-08,4.8713776956699206e-08,-0.6465499524506485,-1.8795380042381962,-0.6465499572795363,-1.8795379921419952,4.828887845143015e-09,1.2096200929789802e-08,1.302444757964105e-08,3.919144747621672e-08,-24.524993511734742,6.4882652601738755e-06,6.4882652601738755e-06,2.645571971528593e-07,-24.524999613014064,3.869859384053598e-07,3.869859384053598e-07,1.5779243156181844e-08
screenshot_like_simple_start,dop853_moderate,DOP853,1e-06,1e-08,1.637046307884856,-0.20741926859467547,-0.4522525076787671,-0.20741928082709163,-0.4522524787345672,1.2232416163326931e-08,2.894419992571784e-08,2.894419992571784e-08,-0.6429278663083995,-1.8780306918471916,-0.6429278522443249,-1.8780307019765101,1.4064074571606966e-08,1.0129318495089024e-08,1.7332088354571536e-08,1.4064074571606966e-08,-24.52499320857458,6.79142542381328e-06,6.79142542381328e-06,2.7691846784152005e-07,-24.525000034216326,3.42163239963611e-08,-3.42163239963611e-08,-1.3951610192196165e-09
screenshot_like_simple_start,dop853_moderate,DOP853,1e-06,1e-08,1.6420525657071339,-0.1948419980919252,-0.46172866254522515,-0.19484204768229244,-0.461728576564588,4.959036722929078e-08,8.598063716558357e-08,8.598063716558357e-08,-0.6391079404066312,-1.8763619954042263,-0.6391079120815963,-1.8763620241070207,2.832503487315563e-08,2.8702794363510975e-08,4.032564946581121e-08,4.8652031597873346e-08,-24.524993158061847,6.841938155588423e-06,6.841938155588423e-06,2.7897811031960946e-07,-24.52500059768153,5.976815273811553e-07,-5.976815273811553e-07,-2.4370296733176566e-08
screenshot_like_simple_start,dop853_moderate,DOP853,1e-06,1e-08,1.647058823529412,-0.18233354088561804,-0.47098742276602423,-0.18233359023953938,-0.4709873345418264,4.9353921338646245e-08,8.822419783616198e-08,8.822419783616198e-08,-0.6350913426579541,-1.8745439050197525,-0.6350913125753397,-1.87454393610383,3.008261439951809e-08,3.1084077534160315e-08,4.3257179349326316e-08,4.853579307906308e-08,-24.524993378433372,6.621566630116149e-06,6.621566630116149e-06,2.6999252314438936e-07,-24.52500106003839,1.0600383895109644e-06,-1.0600383895109644e-06,-4.322276817577836e-08
screenshot_like_simple_start,dop853_moderate,DOP853,1e-06,1e-08,1.6520650813516897,-0.16990278581280352,-0.48001587577707155,-0.16990279009149534,-0.48001585254147117,4.278691817516389e-09,2.3235600388193944e-08,2.3235600388193944e-08,-0.6308797926626278,-1.8725888007411626,-0.6308797762700223,-1.8725888107477369,1.639260549524124e-08,1.000657423588791e-08,1.9205443052971963e-08,1.639260549524124e-08,-24.52499372890791,6.271092093612651e-06,6.271092093612651e-06,2.5570202216565346e-07,-24.525001194243874,1.1942438717937875e-06,-1.1942438717937875e-06,-4.8694959094547906e-08
screenshot_like_simple_start,dop853_moderate,DOP853,1e-06,1e-08,1.6570713391739675,-0.15755778529149866,-0.4888023164895113,-0.15755771745614794,-0.4888024012603087,6.783535072552027e-08,8.477079743718363e-08,8.477079743718363e-08,-0.6264755082640018,-1.8705093146543539,-0.6264755161126847,-1.870509285492449,7.848682925803985e-09,2.9161904890884216e-08,3.0199644377621136e-08,6.699510365915096e-08,-24.524994010895167,5.989104835180115e-06,5.989104835180115e-06,2.4420407075148273e-07,-24.525000895164222,8.951642200827337e-07,-8.951642200827337e-07,-3.650007013589128e-08
screenshot_like_simple_start,dop853_moderate,DOP853,1e-06,1e-08,1.6620775969962454,-0.14530578267800873,-0.4973362157493468,-0.14530565585092664,-0.4973363937083678,1.2682708208644478e-07,1.7795902101935823e-07,1.7795902101935823e-07,-0.6218811465381275,-1.8683182093593516,-0.6218811774480297,-1.8683181428214723,3.090990219334344e-08,6.653787920640752e-08,7.336696411116202e-08,1.2549053843291524e-07,-24.52499412227852,5.8777214810845635e-06,5.8777214810845635e-06,2.396624457119088e-07,-24.525000228259742,2.282597399982933e-07,-2.282597399982933e-07,-9.307226911245393e-09
screenshot_like_simple_start,dop853_moderate,DOP853,1e-06,1e-08,1.6670838548185232,-0.13315326758738633,-0.5056081486276882,-0.13315313521533767,-0.5056083449935287,1.323720486556823e-07,1.9636584047688643e-07,1.9636584047688643e-07,-0.6170997399166731,-1.8660282794324536,-0.617099780512909,-1.8660282018984113,4.05962359284473e-08,7.753404229760008e-08,8.751903842344359e-08,1.3120031808200316e-07,-24.524994151890034,5.848109967843129e-06,5.848109967843129e-06,2.384550445603722e-07,-24.524999411980033,5.880199687169352e-07,5.880199687169352e-07,2.3976349387030994e-08
screenshot_like_simple_start,dop853_moderate,DOP853,1e-06,1e-08,1.672090112640801,-0.12110606276139957,-0.5136096772730954,-0.12110596996377429,-0.5136098256392927,9.279762527847346e-08,1.4836619732783163e-07,1.4836619732783163e-07,-0.612134628140759,-1.8636522827130695,-0.6121346652463084,-1.8636522210280284,3.7105549410831884e-08,6.168504107506578e-08,7.198517965187167e-08,9.211794067820467e-08,-24.52499425413621,5.745863791872807e-06,5.745863791872807e-06,2.3428598539746408e-07,-24.524998742472704,1.257527298292871e-06,1.257527298292871e-06,5.12753230700457e-08
screenshot_like_simple_start,dop853_moderate,DOP853,1e-06,1e-08,1.6770963704630788,-0.10916939021811109,-0.521333263541841,-0.10916929845015627,-0.5213334136759151,9.176795481846689e-08,1.501340741727475e-07,1.501340741727475e-07,-0.6069894009548507,-1.8612028743928302,-0.6069894399228437,-1.861202809618897,3.896799305458387e-08,6.477393310611035e-08,7.559210866708875e-08,9.122165496588952e-08,-24.524994296994006,5.703005996338106e-06,5.703005996338106e-06,2.3253847079869953e-07,-24.524998479753524,1.5202464780372793e-06,1.5202464780372793e-06,6.198762397705521e-08
screenshot_like_simple_start,dop853_moderate,DOP853,1e-06,1e-08,1.6821026282853568,-0.09734768146871871,-0.5287725501936058,-0.09734762032605143,-0.5287726507451,6.114266727641482e-08,1.0055149424204046e-07,1.0055149424204046e-07,-0.6016679088737962,-1.8586923923601721,-0.6016679348394776,-1.858692347577261,2.59656813828002e-08,4.47829111571707e-08,5.176606747072971e-08,6.085318475512747e-08,-24.524994310073225,5.689926776852872e-06,5.689926776852872e-06,2.3200516929063696e-07,-24.524998717350798,1.2826492046258409e-06,1.2826492046258409e-06,5.229966175844407e-08
screenshot_like_simple_start,dop853_moderate,DOP853,1e-06,1e-08,1.6871088861076347,-0.08564482340967221,-0.535922013649525,-0.08564482827393646,-0.5359220074584591,4.864264255277639e-09,6.191065882177327e-09,6.191065882177327e-09,-0.5961741625195638,-1.8561329066275787,-0.5961741620429319,-1.8561329093728576,4.766318451032703e-10,2.7452788931014993e-09,2.786347809709897e-09,4.846435378014213e-09,-24.524994296303028,5.703696974279637e-06,5.703696974279637e-06,2.3256664523056624e-07,-24.5249992531921,7.468079026295982e-07,7.468079026295982e-07,3.045088287990206e-08
screenshot_like_simple_start,dop853_moderate,DOP853,1e-06,1e-08,1.6921151439299125,-0.07406419227762961,-0.5427769221953852,-0.07406423408975601,-0.5427768575308005,4.1812126400087024e-08,6.466458468690206e-08,6.466458468690206e-08,-0.5905122941430647,-1.8535361617946506,-0.5905122804697228,-1.8535361921009765,1.3673341903164271e-08,3.0306325893292296e-08,3.324806261951615e-08,4.169749844018522e-08,-24.52499431582116,5.68417884139194e-06,5.68417884139194e-06,2.3177079883351435e-07,-24.524999495130512,5.048694902143325e-07,5.048694902143325e-07,2.058591193534485e-08
screenshot_like_simple_start,dop853_moderate,DOP853,1e-06,1e-08,1.6971214017521903,-0.06260868660984938,-0.5493332953765132,-0.06260873193946993,-0.5493332266803568,4.532962055714407e-08,6.869615643001481e-08,6.869615643001481e-08,-0.5846865226399975,-1.8509135268681405,-0.5846865092917193,-1.8509135598995132,1.334827826049434e-08,3.303137274812684e-08,3.562650864377932e-08,4.5240806906265973e-08,-24.52499439932683,5.600673173233872e-06,5.600673173233872e-06,2.2836587862319557e-07,-24.524999454518646,5.45481356084565e-07,5.45481356084565e-07,2.224184938163364e-08
screenshot_like_simple_start,dop853_moderate,DOP853,1e-06,1e-08,1.702127659574468,-0.05128077498467029,-0.5555878415508422,-0.051280821631032245,-0.5555877717367631,4.6646361953617266e-08,6.981407907336035e-08,6.981407907336035e-08,-0.5787011182006243,-1.848275963451631,-0.5787011054722841,-1.8482759978835488,1.2728340159640084e-08,3.443191776142385e-08,3.6709230500637866e-08,4.6585041948987715e-08,-24.524994516906425,5.483093577396403e-06,5.483093577396403e-06,2.2357160356356382e-07,-24.52499944526275,5.54737251690085e-07,5.54737251690085e-07,2.2619255930278694e-08
screenshot_like_simple_start,dop853_moderate,DOP853,1e-06,1e-08,1.707133917396746,-0.04008254489492735,-0.5615378932987678,-0.04008259494599317,-0.5615378190524836,5.005106581967844e-08,7.424628423180479e-08,7.424628423180479e-08,-0.572560370124647,-1.8456340040547108,-0.5725603572906934,-1.845634041584367,1.2833953566548928e-08,3.752965627157323e-08,3.966340207307953e-08,5.001086486600137e-08,-24.52499460206526,5.397934742745747e-06,5.397934742745747e-06,2.2009927595293563e-07,-24.52499945712673,5.428732734458208e-07,5.428732734458208e-07,2.2135505543152732e-08
screenshot_like_simple_start,dop853_moderate,DOP853,1e-06,1e-08,1.7121401752190237,-0.029015751250094993,-0.5671813428967296,-0.029015810606889333,-0.5671812558562925,5.9356794340770236e-08,8.704043708007703e-08,8.704043708007703e-08,-0.5662685580329966,-1.84299773910156,-0.5662685439532745,-1.8429977841425882,1.4079722054916033e-08,4.5041028240433434e-08,4.7190388831828996e-08,5.9331809389162604e-08,-24.524994595140747,5.404859255264682e-06,5.404859255264682e-06,2.2038162100977296e-07,-24.524999440885495,5.59114507581171e-07,5.59114507581171e-07,2.2797737312178224e-08
screenshot_like_simple_start,dop853_moderate,DOP853,1e-06,1e-08,1.7171464330413018,-0.018081863002948687,-0.5725165800614536,-0.018081939586872972,-0.5725164693066296,7.658392428555594e-08,1.1075482397870928e-07,1.1075482397870928e-07,-0.5598299266110107,-1.8403768109587948,-0.5598299100885211,-1.8403768695754028,1.652248959871372e-08,5.8616608011874405e-08,6.090073396402823e-08,7.657140487296599e-08,-24.52499448004417,5.5199558310903285e-06,5.5199558310903285e-06,2.2507465162447822e-07,-24.524999368327023,6.316729788125031e-07,6.316729788125031e-07,2.5756288636595435e-08
screenshot_like_simple_start,dop853_moderate,DOP853,1e-06,1e-08,1.7221526908635796,-0.007282106396539631,-0.5775424341717905,-0.007282206307624953,-0.5775422914348637,9.991108532170223e-08,1.4273692683364203e-07,1.4273692683364203e-07,-0.5532486639422415,-1.8377804130788697,-0.553248644264686,-1.8377804902808972,1.9677555473940345e-08,7.720202743755067e-08,7.967031586418072e-08,9.990843620032858e-08,-24.52499429852248,5.701477522990217e-06,5.701477522990217e-06,2.3247614772641045e-07,-24.524999249403248,7.505967545284875e-07,7.505967545284875e-07,3.060537225396483e-08
screenshot_like_simple_start,dop853_moderate,DOP853,1e-06,1e-08,1.7271589486858574,0.003382496672733007,-0.5822581231750885,0.003382373985196363,-0.5822579494762595,1.226875366439062e-07,1.7369882898687905e-07,1.7369882898687905e-07,-0.5465288834394011,-1.8352172921673735,-0.5465288610489684,-1.8352173881013045,2.2390432730112764e-08,9.59339310213636e-08,9.851218502831746e-08,1.2268683481858958e-07,-24.52499413578151,5.864218490359008e-06,5.864218490359008e-06,2.391118650503163e-07,-24.52499912445316,8.755468421384194e-07,8.755468421384194e-07,3.570017704947683e-08
screenshot_like_simple_start,dop853_moderate,DOP853,1e-06,1e-08,1.7321652065081352,0.013911096680151058,-0.5866632113850324,0.013910961379701617,-0.5866630210864219,1.3530044944143338e-07,1.9029861053621033e-07,1.9029861053621033e-07,-0.5396746093488359,-1.8326957511289546,-0.5396745861569269,-1.8326958583575526,2.3191909059860905e-08,1.0722859800083029e-07,1.0970796176697716e-07,1.352873582015357e-07,-24.524994079535087,5.920464914765944e-06,5.920464914765944e-06,2.414052972381628e-07,-24.524999044950015,9.55049987538814e-07,9.55049987538814e-07,3.894189551636347e-08
screenshot_like_simple_start,dop853_moderate,DOP853,1e-06,1e-08,1.737171464330413,0.024302992390022787,-0.590757578377886,0.02430286069946,-0.5907573939410108,1.31690562787945e-07,1.8443687521685348e-07,1.8443687521685348e-07,-0.5326897657970437,-1.8302236504260057,-0.5326897442703881,-1.8302237563557051,2.152665568022627e-08,1.0592969945655284e-07,1.0809485710120825e-07,1.3165167435727487e-07,-24.524994160724077,5.839275925012544e-06,5.839275925012544e-06,2.3809483894036874e-07,-24.52499905233903,9.476609719172302e-07,9.476609719172302e-07,3.864061047572804e-08
screenshot_like_simple_start,dop853_moderate,DOP853,1e-06,1e-08,1.7421777221526908,0.03455761616955061,-0.5945414011940757,0.03455749385986984,-0.594541229216509,1.2230968077231452e-07,1.7197756674303122e-07,1.7197756674303122e-07,-0.5255781693616279,-1.827808405395208,-0.5255781491311198,-1.8278085059506846,2.023050815758154e-08,1.0055547661202979e-07,1.0257035310939728e-07,1.2223665542265838e-07,-24.524994287866924,5.71213307765106e-06,5.71213307765106e-06,2.3291062498067524e-07,-24.524999161326036,8.386739658305942e-07,8.386739658305942e-07,3.419669585445847e-08
screenshot_like_simple_start,dop853_moderate,DOP853,1e-06,1e-08,1.7471839799749687,0.04467451054328734,-0.5980151237675606,0.04467437488995145,-0.5980149284498293,1.3565333589066197e-07,1.9531773132186458e-07,1.9531773132186458e-07,-0.5183435214485401,-1.82545699381052,-0.5183434955452553,-1.8254571098332284,2.590328485041482e-08,1.160227083296661e-07,1.1887913616018793e-07,1.355179895454195e-07,-24.52499427072535,5.729274651145033e-06,5.729274651145033e-06,2.3360956783465984e-07,-24.52499935147644,6.485235637399001e-07,6.485235637399001e-07,2.6443366513349643e-08
screenshot_like_simple_start,dop853_moderate,DOP853,1e-06,1e-08,1.7521902377972467,0.054653241896021845,-0.60117933093429,0.05465308733030311,-0.6011791032745448,1.5456571873795344e-07,2.276597451666973e-07,2.276597451666973e-07,-0.5109893863683604,-1.8231760240705697,-0.5109893529593141,-1.8231761612817126,3.340904630722008e-08,1.37211142892113e-07,1.4121990691442135e-07,1.5433493472799542e-07,-24.524994215176783,5.784823219556756e-06,5.784823219556756e-06,2.3587454513992887e-07,-24.524999569163636,4.3083636569463124e-07,4.3083636569463124e-07,1.7567232036478336e-08
screenshot_like_simple_start,dop853_moderate,DOP853,1e-06,1e-08,1.7571964956195245,0.06449343411540351,-0.6040348002641611,0.0644932637179586,-0.6040345475315294,1.7039744490410236e-07,2.5273263171143867e-07,2.5273263171143867e-07,-0.5035191982608564,-1.8209717026649253,-0.5035191602922658,-1.8209718571908144,3.7968590604897656e-08,1.5452588919551147e-07,1.5912216785911954e-07,1.7004319281810343e-07,-24.524994206163488,5.7938365145560056e-06,5.7938365145560056e-06,2.3624205971686056e-07,-24.52499974071085,2.592891519270779e-07,2.592891519270779e-07,1.0572442484284522e-08
screenshot_like_simple_start,dop853_moderate,DOP853,1e-06,1e-08,1.7622027534418023,0.07419474762216854,-0.6065824772246656,0.07419456686889331,-0.6065822112517933,1.8075327523625617e-07,2.659728722820276e-07,2.659728722820276e-07,-0.4959362599966265,-1.8188498472337804,-0.4959362217290182,-1.8188500122536593,3.826760830438758e-08,1.6501987887274083e-07,1.6939884966702722e-07,1.8025599383963975e-07,-24.524994228660397,5.771339605331605e-06,5.771339605331605e-06,2.3532475454970864e-07,-24.524999796928213,2.0307178871803444e-07,2.0307178871803444e-07,8.28019525863545e-09
screenshot_like_simple_start,dop853_moderate,DOP853,1e-06,1e-08,1.7672090112640801,0.08375685907219618,-0.6088234453352183,0.08375667266891093,-0.6088231760092981,1.8640328525165728e-07,2.6932592012141043e-07,2.6932592012141043e-07,-0.4882437383827747,-1.816815904610373,-0.4882437031987614,-1.8168160742328534,3.51840132584158e-08,1.6962248050589324e-07,1.7323308195013015e-07,1.8574983962071911e-07,-24.524994231703854,5.768296148289664e-06,5.768296148289664e-06,2.3520065844198425e-07,-24.524999709075338,2.9092466391489324e-07,2.9092466391489324e-07,1.1862371617324902e-08
screenshot_like_simple_start,dop853_moderate,DOP853,1e-06,1e-08,1.772215269086358,0.09317944539804657,-0.6107589027493182,0.09317925408365804,-0.6107586311415382,1.913143885257096e-07,2.7160778004464703e-07,2.7160778004464703e-07,-0.48044466129671604,-1.8148749667436261,-0.4804446292765182,-1.8148751403085246,3.202019782655441e-08,1.7356489845354872e-07,1.764938158804505e-07,1.9048445608349507e-07,-24.524994169423564,5.830576437659829e-06,5.830576437659829e-06,2.3774011978225601e-07,-24.524999536497678,4.6350232452141427e-07,4.6350232452141427e-07,1.889917735051638e-08
screenshot_like_simple_start,dop853_moderate,DOP853,1e-06,1e-08,1.7772215269086358,0.1024621703423171,-0.6123901426756313,0.10246196668426392,-0.6123898517837992,2.0365805317168473e-07,2.908918320665421e-07,2.908918320665421e-07,-0.47254191630024567,-1.813031785603144,-0.47254188086022625,-1.813031973645709,3.5440019419130664e-08,1.880425650746531e-07,1.9135308008047195e-07,2.0258993858879304e-07,-24.524994024039522,5.975960480242293e-06,5.975960480242293e-06,2.436681133636001e-07,-24.524999469238914,5.307610884131009e-07,5.307610884131009e-07,2.1641634593806355e-08
screenshot_like_simple_start,dop853_moderate,DOP853,1e-06,1e-08,1.7822277847309136,0.1116046732250587,-0.6137185371731212,0.1116044503076534,-0.6137182127162898,2.2291740529867266e-07,3.244568314020313e-07,3.244568314020313e-07,-0.46453825048467007,-1.8112907869923958,-0.4645382067678086,-1.8112909986777208,4.3716861464204726e-08,2.1168532504667326e-07,2.1615235556522668e-07,2.2153056310203478e-07,-24.52499381355879,6.1864412117529355e-06,6.1864412117529355e-06,2.522504061876834e-07,-24.52499947655938,5.234406224019494e-07,5.234406224019494e-07,2.1343144644320057e-08
screenshot_like_simple_start,dop853_moderate,DOP853,1e-06,1e-08,1.7872340425531916,0.12060655968749276,-0.6147455238553616,0.1206063160870336,-0.6147451633132447,2.436004591654939e-07,3.6054211693947735e-07,3.6054211693947735e-07,-0.456436271322499,-1.8096560832581132,-0.456436218619218,-1.8096563205095715,5.270328096163013e-08,2.3725145825714833e-07,2.4303475115559895e-07,2.418309101720473e-07,-24.52499358754345,6.412456553306356e-06,6.412456553306356e-06,2.6146611838150276e-07,-24.524999478054006,5.219459957572781e-07,5.219459957572781e-07,2.1282201661866585e-08
screenshot_like_simple_start,dop853_moderate,DOP853,1e-06,1e-08,1.7922403003754694,0.12946739415426778,-0.6154725950391554,0.1294671318542127,-0.6154722031092795,2.623000550650012e-07,3.9192987588698713e-07,3.9192987588698713e-07,-0.44823844832236626,-1.8081314849399877,-0.4482383884161257,-1.808131745082948,5.990624057927718e-08,2.601429602844263e-07,2.669515263973721e-07,2.601429602844263e-07,-24.5249934145919,6.585408101500434e-06,6.585408101500434e-06,2.685181692762664e-07,-24.524999472758285,5.272417169521759e-07,5.272417169521759e-07,2.1498133209059157e-08
screenshot_like_simple_start,dop853_moderate,DOP853,1e-06,1e-08,1.7972465581977473,0.138186693756502,-0.6159012888725935,0.13818641790945596,-0.6159008772653511,2.7584704603844656e-07,4.116072424009687e-07,4.116072424009687e-07,-0.4399471153014062,-1.8067205114547575,-0.43994705254317834,-1.8067207872350564,6.275822783674556e-08,2.7578029881958344e-07,2.8283098906984643e-07,2.7578029881958344e-07,-24.5249933651802,6.634819801121239e-06,6.634819801121239e-06,2.7053291747691086e-07,-24.52499946878923,5.31210773146995e-07,5.31210773146995e-07,2.1659970362772476e-08
screenshot_like_simple_start,dop853_moderate,DOP853,1e-06,1e-08,1.802252816020025,0.14676392345784534,-0.6160331819776802,0.14676364192654717,-0.6160327682533371,2.815312981629958e-07,4.1372434311792716e-07,4.1372434311792716e-07,-0.43156447310320056,-1.8054264009528196,-0.4315644139355958,-1.8054266811739668,5.9167604760101966e-08,2.802211471752969e-07,2.863995404627721e-07,2.802211471752969e-07,-24.524993493333007,6.506666995420574e-06,6.506666995420574e-06,2.6530752274905495e-07,-24.524999475253978,5.247460244106605e-07,5.247460244106605e-07,2.139637204528687e-08
screenshot_like_simple_start,dop853_moderate,DOP853,1e-06,1e-08,1.8072590738423029,0.15519849212580705,-0.6158698831426548,0.15519821446023843,-0.6158694881401556,2.7766556862096614e-07,3.9500249915391805e-07,3.9500249915391805e-07,-0.4230925925996322,-1.8042521195236687,-0.4230925444986783,-1.8042523906246781,4.8100953942142866e-08,2.7110100941918347e-07,2.753351758824948e-07,2.743282754569254e-07,-24.524993820305983,6.179694018726423e-06,6.179694018726423e-06,2.519752912834423e-07,-24.52499949735205,5.026479534819828e-07,5.026479534819828e-07,2.0495329397838235e-08
screenshot_like_simple_start,dop853_moderate,DOP853,1e-06,1e-08,1.8122653316645807,0.16348974929058802,-0.6154130275991403,0.16348948503380895,-0.6154126714440881,2.6425677907004896e-07,3.5615505222796884e-07,3.5615505222796884e-07,-0.41453341782159014,-1.8032003699588675,-0.4145333877414583,-1.8032006185766742,3.008013182981273e-08,2.4861780678619994e-07,2.5043088504032235e-07,2.607329978865369e-07,-24.524994323122772,5.676877229632282e-06,5.676877229632282e-06,2.3147307766084736e-07,-24.524999534252085,4.6574791667808313e-07,4.6574791667808313e-07,1.8990740741206243e-08
screenshot_like_simple_start,dop853_moderate,DOP853,1e-06,1e-08,1.8172715894868585,0.17163698233365818,-0.6146642714192464,0.1716367387844599,-0.6146639685359708,2.435491982810678e-07,3.0288327557137507e-07,3.0288327557137507e-07,-0.4058887690665458,-1.8022736003079611,-0.40588876159146015,-1.8022738165730257,7.47508566156796e-09,2.1626506452321337e-07,2.1639421211963462e-07,2.39970612714302e-07,-24.524994930467987,5.069532015511413e-06,5.069532015511413e-06,2.0670874680984355e-07,-24.52499957920045,4.207995516480878e-07,4.207995516480878e-07,1.7157983757312446e-08
screenshot_like_simple_start,dop853_moderate,DOP853,1e-06,1e-08,1.8222778473091366,0.1796394138483213,-0.6136252855677576,0.179639193644269,-0.61362503955792,2.202040522980564e-07,2.460098376122488e-07,2.460098376122488e-07,-0.3971603458306854,-1.8014740124838373,-0.39716036136200494,-1.801474193489815,1.55313195637774e-08,1.810059777618278e-07,1.8167109256265148e-07,2.1666057362090818e-07,-24.52499552813187,4.471868130906387e-06,4.471868130906387e-06,1.823391694559179e-07,-24.52499962125403,3.787459732507159e-07,3.787459732507159e-07,1.5443260886879344e-08
screenshot_like_simple_start,dop853_moderate,DOP853,1e-06,1e-08,1.8272841051314144,0.18749619891450486,-0.6122977491445354,0.18749599803442907,-0.6122975488322547,2.0088007579577294e-07,2.0031228065153783e-07,2.0088007579577294e-07,-0.3883497294097067,-1.8008035711895585,-0.38834976284769646,-1.800803723762822,3.343798976596091e-08,1.525732635787591e-07,1.5619442985798823e-07,1.9735945971932622e-07,-24.524995975962337,4.02403766486259e-06,4.02403766486259e-06,1.6407900774159386e-07,-24.524999648009423,3.51990578906225e-07,3.51990578906225e-07,1.4352317182720692e-08
screenshot_like_simple_start,dop853_moderate,DOP853,1e-06,1e-08,1.8322903629536922,0.1952064220300217,-0.6106833413522628,0.19520622905049956,-0.6106831597332817,1.9297952214003544e-07,1.8161898107660335e-07,1.9297952214003544e-07,-0.3794583850057332,-1.800264013448682,-0.37945842552760933,-1.8002641550260077,4.052187613234892e-08,1.4157732564079595e-07,1.4726222048062906e-07,1.8931439130231986e-07,-24.52499613812914,3.861870862209571e-06,3.861870862209571e-06,1.5746670182302022e-07,-24.52499964871491,3.512850916820298e-07,3.512850916820298e-07,1.4323551138920685e-08
screenshot_like_simple_start,dop853_moderate,DOP853,1e-06,1e-08,1.83729662077597,0.20276909344053703,-0.6087837317246622,0.20276889111638965,-0.6087835299946087,2.0232414738030613e-07,2.0173005343959716e-07,2.0232414738030613e-07,-0.3704876631683264,-1.7998568590255637,-0.3704876958593144,-1.7998570151334525,3.269098802771708e-08,1.561078888379086e-07,1.5949411793435258e-07,1.981790733740496e-07,-24.524995928458697,4.071541304995208e-06,4.071541304995208e-06,1.6601595535148653e-07,-24.524999617191884,3.8280811764934697e-07,3.8280811764934697e-07,1.560889368600803e-08
screenshot_like_simple_start,dop853_moderate,DOP853,1e-06,1e-08,1.8423028785982478,0.21018314461048715,-0.6066005681503148,0.21018291508480286,-0.6066003074246491,2.2952568429213116e-07,2.607256657238821e-07,2.607256657238821e-07,-0.3614388003854787,-1.799583422021092,-0.3614388106501304,-1.7995836185429703,1.0264651684188664e-08,1.965218783261946e-07,1.9678976532089607e-07,2.2447445377493658e-07,-24.524995372668414,4.6273315881251165e-06,4.6273315881251165e-06,1.8867814834353173e-07,-24.524999554050392,4.4594960968424857e-07,4.4594960968424857e-07,1.818347032351676e-08
screenshot_like_simple_start,dop853_moderate,DOP853,1e-06,1e-08,1.8473091364205256,0.21744742257718822,-0.6041354622272114,0.2174471577618658,-0.604135126002983,2.6481532242050854e-07,3.362242283477812e-07,3.362242283477812e-07,-0.35231291862606795,-1.799444823922691,-0.35231290049495717,-1.7994450720457364,1.813111077941798e-08,2.4812304544319375e-07,2.4878461137719254e-07,2.585792780174234e-07,-24.524994689520735,5.310479266995571e-06,5.310479266995571e-06,2.1653330344528322e-07,-24.524999467754103,5.322458989098777e-07,5.322458989098777e-07,2.170217732558115e-08
screenshot_like_simple_start,dop853_moderate,DOP853,1e-06,1e-08,1.8523153942428034,0.22456068356093895,-0.601389972843618,0.2245604018336666,-0.6013896023302403,2.8172727234432315e-07,3.705133776454872e-07,3.705133776454872e-07,-0.34311102412582867,-1.7994420074650623,-0.34311099327267214,-1.7994422798318985,3.085315652961995e-08,2.723668361959142e-07,2.741087571151516e-07,2.74653680520931e-07,-24.524994381677406,5.6183225964900885e-06,5.6183225964900885e-06,2.290855289088721e-07,-24.524999374167614,6.258323885788286e-07,6.258323885788286e-07,2.5518140207087812e-08
screenshot_like_simple_start,dop853_moderate,DOP853,1e-06,1e-08,1.8573216520650815,0.23152163976351958,-0.5983657034862565,0.23152135617242833,-0.5983653324041694,2.835910912490913e-07,3.710820870583831e-07,3.710820870583831e-07,-0.3338340482802695,-1.799575673787043,-0.3338340176953728,-1.7995759478873228,3.058489672636e-08,2.741002798067882e-07,2.7580137653376875e-07,2.760244274258028e-07,-24.52499437578924,5.624210761112636e-06,5.624210761112636e-06,2.2932561717074965e-07,-24.524999294300272,7.056997297638645e-07,7.056997297638645e-07,2.877470865499957e-08
screenshot_like_simple_start,dop853_moderate,DOP853,1e-06,1e-08,1.8623279098873593,0.23832894434595153,-0.5950642635122119,0.23832865650003962,-0.5950638886945573,2.8784591191155506e-07,3.7481765458036165e-07,3.7481765458036165e-07,-0.3244828375883285,-1.799846309658542,-0.3244828069067338,-1.7998465877213814,3.06815947093142e-08,2.7806283942055643e-07,2.797504297057089e-07,2.7970962102052965e-07,-24.52499437116841,5.62883159105354e-06,5.62883159105354e-06,2.2951403021625035e-07,-24.524999250041553,7.499584491199585e-07,7.499584491199585e-07,3.057934552986579e-08
screenshot_like_simple_start,dop853_moderate,DOP853,1e-06,1e-08,1.8673341677096371,0.24498116173324902,-0.5914872003190779,0.24498086638667327,-0.5914868174896637,2.953465757515872e-07,3.8282941416944993e-07,3.8282941416944993e-07,-0.3150581333907678,-1.8002542343331187,-0.31505810212740304,-1.8002545194300177,3.126336478587177e-08,2.8509689897759927e-07,2.868059270384382e-07,2.86528096998806e-07,-24.524994370996932,5.629003069884675e-06,5.629003069884675e-06,2.2952102221751984e-07,-24.52499925776202,7.422379830757109e-07,7.422379830757109e-07,3.026454569116048e-08
screenshot_like_simple_start,dop853_moderate,DOP853,1e-06,1e-08,1.872340425531915,0.25147678487410596,-0.5876360320511242,0.2514764785622108,-0.587635636486837,3.063118951818211e-07,3.955642872144338e-07,3.955642872144338e-07,-0.30556058887938453,-1.8007995785824455,-0.3055605563467221,-1.8007998741022457,3.253266245284436e-08,2.9551980018638346e-07,2.9730510663032803e-07,2.9667717338366373e-07,-24.52499437173048,5.628269523327845e-06,5.628269523327845e-06,2.294911120622974e-07,-24.524999319727808,6.802721941312484e-07,6.802721941312484e-07,2.773790801758403e-08
screenshot_like_simple_start,dop853_moderate,DOP853,1e-06,1e-08,1.8773466833541927,0.25781423593678915,-0.583512243970764,0.2578139165182022,-0.583511832599974,3.1941858696926673e-07,4.113707899877639e-07,4.113707899877639e-07,-0.2959907725018372,-1.8014822874923024,-0.2959907380610978,-1.8014825955817826,3.4440739371532914e-08,3.080894801499312e-07,3.1000853586234157e-07,3.0886168367327826e-07,-24.524994368426277,5.631573724684813e-06,5.631573724684813e-06,2.296258399463736e-07,-24.524999413344766,5.866552363897881e-07,5.866552363897881e-07,2.3920702808961798e-08
screenshot_like_simple_start,dop853_moderate,DOP853,1e-06,1e-08,1.8823529411764706,0.26399186720369205,-0.5791172850174615,0.2639915363780849,-0.5791168599564892,3.308256071310467e-07,4.250609723088772e-07,4.250609723088772e-07,-0.2863491714487602,-1.8023021226447549,-0.2863491350601148,-1.8023024415986506,3.638864543020759e-08,3.1895389573932675e-07,3.2102292928004173e-07,3.1936451549974265e-07,-24.524994357958022,5.64204198028051e-06,5.64204198028051e-06,2.3005268013376186e-07,-24.52499947830885,5.216911524996704e-07,5.216911524996704e-07,2.1271810499476872e-08
screenshot_like_simple_start,dop853_moderate,DOP853,1e-06,1e-08,1.8873591989987484,0.27000796214021666,-0.5744525645159628,0.27000762343525414,-0.5744521304400211,3.387049625214189e-07,4.3407594174649233e-07,4.3407594174649233e-07,-0.27663619521319466,-1.8032586637029753,-0.2766361572440597,-1.8032589899148488,3.796913494724663e-08,3.26211873513671e-07,3.284141312884412e-07,3.264332812946691e-07,-24.524994340514013,5.659485989184532e-06,5.659485989184532e-06,2.3076395470681065e-07,-24.52499948481556,5.151844426620755e-07,5.151844426620755e-07,2.1006501229850173e-08
screenshot_like_simple_start,dop853_moderate,DOP853,1e-06,1e-08,1.8923654568210264,0.2758607366136521,-0.5695194489957238,0.27586038970950433,-0.569519005348982,3.469041477965895e-07,4.436467417878731e-07,4.436467417878731e-07,-0.26685217921283155,-1.8043513094168342,-0.266852139379254,-1.8043516431312745,3.9833577547554455e-08,3.337144403037229e-07,3.360833848429048e-07,3.3378810371242906e-07,-24.524994319730435,5.680269566710194e-06,5.680269566710194e-06,2.3161139925423828e-07,-24.524999494198916,5.058010863479012e-07,5.058010863479012e-07,2.0623897506540314e-08
screenshot_like_simple_start,dop853_moderate,DOP853,1e-06,1e-08,1.8973717146433042,0.28154834023771597,-0.5643192590834197,0.28154798565243433,-0.5643188066513163,3.545852816366768e-07,4.524321034482526e-07,4.524321034482526e-07,-0.25699738846578074,-1.805579278068564,-0.25699734680591335,-1.8055796185667061,4.165986738913219e-08,3.404981421262221e-07,3.430372127660336e-07,3.4062399795198317e-07,-24.524994301788936,5.698211065663372e-06,5.698211065663372e-06,2.3234295884458194e-07,-24.52499949908049,5.009195120919685e-07,5.009195120919685e-07,2.0424852684687805e-08
screenshot_like_simple_start,dop853_moderate,DOP853,1e-06,1e-08,1.902377972465582,0.28706885781843,-0.5588532664304092,0.287068496292018,-0.5588528066831387,3.6152641197384483e-07,4.597472704759298e-07,4.597472704759298e-07,-0.24707202131056488,-1.806941607378464,-0.2470719782395142,-1.806941953506279,4.3071050670473454e-08,3.461278148542135e-07,3.487973331629862e-07,3.4673201937396314e-07,-24.524994293804085,5.706195917554169e-06,5.706195917554169e-06,2.32668538942066e-07,-24.524999499233996,5.007660064393349e-07,5.007660064393349e-07,2.0418593534733327e-08
screenshot_like_simple_start,dop853_moderate,DOP853,1e-06,1e-08,1.9073842302878599,0.29242031087699266,-0.5531226906370391,0.29241994304134,-0.5531222252701342,3.678356526592985e-07,4.6536690490039945e-07,4.6536690490039945e-07,-0.23707621316084476,-1.808437153890811,-0.23707616940626242,-1.8084375044059067,4.375458234617824e-08,3.505150956151226e-07,3.5323546782616134e-07,3.522206721284782e-07,-24.52499430183723,5.698162773626336e-06,5.698162773626336e-06,2.3234098975030932e-07,-24.52499949891968,5.010803221239257e-07,5.010803221239257e-07,2.0431409668661597e-08
screenshot_like_simple_start,dop853_moderate,DOP853,1e-06,1e-08,1.9123904881101377,0.29760065922532064,-0.5471286961356625,0.2976002854828628,-0.5471282267424089,3.7374245781540694e-07,4.6939325359929285e-07,4.6939325359929285e-07,-0.2270100402849876,-1.8100645918598082,-0.22700999672666256,-1.810064945646936,4.355832505797963e-08,3.537871278158633e-07,3.5645849616758277e-07,3.5731380343406727e-07,-24.524994328895733,5.6711042688561975e-06,5.6711042688561975e-06,2.3123768680351467e-07,-24.52499950352969,4.964703137488868e-07,4.964703137488868e-07,2.0243437869475507e-08
screenshot_like_simple_start,dop853_moderate,DOP853,1e-06,1e-08,1.9173967459324155,0.30260780256992476,-0.5408723889942537,0.3026074230600847,-0.5408719167562512,3.795098400538599e-07,4.7223800248019643e-07,4.7223800248019643e-07,-0.21687352360007872,-1.8118224116546122,-0.2168734810352671,-1.8118227679001917,4.2564811619794085e-08,3.5624557948032987e-07,3.587794253960288e-07,3.6226591476618e-07,-24.524994373305752,5.6266942500826644e-06,5.6266942500826644e-06,2.2942688073731555e-07,-24.524999517133896,4.828661062106221e-07,4.828661062106221e-07,1.9688730120718535e-08
screenshot_like_simple_start,dop853_moderate,DOP853,1e-06,1e-08,1.9224030037546935,0.30743958211978983,-0.5343548136024963,0.30743919670120545,-0.5343543389617847,3.854185843810143e-07,4.746407115119311e-07,4.746407115119311e-07,-0.20666663246934375,-1.8137089177011507,-0.20666659134164478,-1.8137092760638946,4.1127698968690396e-08,3.5836274392408995e-07,3.6071504522997383e-07,3.673469171627808e-07,-24.524994427877434,5.572122567798488e-06,5.572122567798488e-06,2.2720173569005044e-07,-24.524999541030635,4.589693674006412e-07,4.589693674006412e-07,1.8714347294623493e-08
screenshot_like_simple_start,dop853_moderate,DOP853,1e-06,1e-08,1.9274092615769713,0.31209378217392303,-0.5275769492022261,0.3120933903994155,-0.5275764715554988,3.917745075021628e-07,4.776467272815665e-07,4.776467272815665e-07,-0.1963892884912472,-1.8157222259766317,-0.1963892486393261,-1.8157225867386426,3.985192109645652e-08,3.607620109313814e-07,3.6295647693123257e-07,3.728489845755689e-07,-24.524994480309736,5.519690265742838e-06,5.519690265742838e-06,2.250638232718792e-07,-24.524999573282688,4.2671731392829315e-07,4.2671731392829315e-07,1.7399278855384022e-08
screenshot_like_simple_start,dop853_moderate,DOP853,1e-06,1e-08,1.9324155193992492,0.31656813166424397,-0.5205397062241041,0.3165677327744293,-0.5205392237566389,3.988898146789488e-07,4.824674652015304e-07,4.824674652015304e-07,-0.18604136926777387,-1.817860261070312,-0.18604132977139615,-1.8178606252017901,3.949637772393544e-08,3.6413147808112e-07,3.6626724830764346e-07,3.7906875605120405e-07,-24.524994515301,5.484699002522575e-06,5.484699002522575e-06,2.2363706432304076e-07,-24.52499960911527,3.9088473258175327e-07,3.9088473258175327e-07,1.5938215395790143e-08
screenshot_like_simple_start,dop853_moderate,DOP853,1e-06,1e-08,1.937421777221527,0.32086030562947815,-0.5132439223924029,0.32085989863987413,-0.5132434322464451,4.0698960401819306e-07,4.901459578210421e-07,4.901459578210421e-07,-0.1756227121386706,-1.8201207528212437,-0.17562267136355714,-1.8201211218431967,4.077511345235152e-08,3.6902195299504115e-07,3.712678435702808e-07,3.8621868919674895e-07,-24.524994518836838,5.481163164233749e-06,5.481163164233749e-06,2.2349289150800198e-07,-24.524999641971647,3.580283554072139e-07,3.580283554072139e-07,1.4598505827001584e-08
screenshot_like_simple_start,dop853_moderate,DOP853,1e-06,1e-08,1.9424280350438048,0.32496792659572604,-0.5056903585597833,0.32496751060115664,-0.5056898576092191,4.1599456940266677e-07,5.009505641417888e-07,5.009505641417888e-07,-0.16513311786769724,-1.8225012325403274,-0.16513307383775572,-1.8225016080244314,4.402994152608031e-08,3.7548410403154264e-07,3.7805680542897305e-07,3.94221843669218e-07,-24.52499448511096,5.514889043212179e-06,5.514889043212179e-06,2.2486805476910005e-07,-24.524999664964916,3.350350858966067e-07,3.350350858966067e-07,1.3660961708322392e-08
screenshot_like_simple_start,dop853_moderate,DOP853,1e-06,1e-08,1.9474342928660826,0.32888856583937326,-0.4978796942339399,0.32888814070842054,-0.49787918081420707,4.251309527192326e-07,5.134197328393597e-07,5.134197328393597e-07,-0.15457235426631394,-1.8249990288200881,-0.1545723055219293,-1.8249994113241503,4.8744384639753946e-08,3.825040622018605e-07,3.8559742301373467e-07,4.0234477549638825e-07,-24.52499442649244,5.573507561251745e-06,5.573507561251745e-06,2.2725820840985706e-07,-24.52499967243315,3.275668518654129e-07,3.275668518654129e-07,1.3356446559242115e-08
screenshot_like_simple_start,dop853_moderate,DOP853,1e-06,1e-08,1.9524405506883604,0.33261974450801074,-0.48981252275799625,0.33261931218921414,-0.48981199977728007,4.3231879659488825e-07,5.229807161777345e-07,5.229807161777345e-07,-0.1439401597397149,-1.827611262931117,-0.1439401068739602,-1.827611650133522,5.2865754718300906e-08,3.872024050277645e-07,3.9079469095833497e-07,4.08623515246731e-07,-24.524994386876408,5.613123594372382e-06,5.613123594372382e-06,2.288735410549391e-07,-24.52499966130122,3.3869878279801924e-07,3.3869878279801924e-07,1.3810347922447266e-08
screenshot_like_simple_start,dop853_moderate,DOP853,1e-06,1e-08,1.9574468085106385,0.33615893953745496,-0.48148935557437594,0.3361585012854841,-0.48148882604139903,4.3825197088009915e-07,5.295329769117174e-07,5.295329769117174e-07,-0.1332362504465267,-1.8303348377776039,-0.13323619484055765,-1.8303352275672717,5.560596905151982e-08,3.8978966787617253e-07,3.93735963530353e-07,4.1372244896642485e-07,-24.524994362928172,5.637071829767137e-06,5.637071829767137e-06,2.2985002363984248e-07,-24.524999631977746,3.680222562252311e-07,3.680222562252311e-07,1.500600433130402e-08
screenshot_like_simple_start,dop853_moderate,DOP853,1e-06,1e-08,1.9624530663329163,0.33950358279760884,-0.47291061726510175,0.3395031392195116,-0.4729100816148485,4.4357809725337205e-07,5.35650253263853e-07,5.35650253263853e-07,-0.12246032597646422,-1.8331664329608195,-0.12246026737445992,-1.8331668246582,5.860200430474194e-08,3.916973805306867e-07,3.960568555436638e-07,4.1825873575707107e-07,-24.524994336550904,5.6634490981366525e-06,5.6634490981366525e-06,2.309255493633701e-07,-24.524999588571475,4.114285268030926e-07,4.114285268030926e-07,1.677588284620153e-08
screenshot_like_simple_start,dop853_moderate,DOP853,1e-06,1e-08,1.967459324155194,0.34265106141595136,-0.464076635557725,0.3426506143134104,-0.4640760960062191,4.471025409902296e-07,5.395515059181122e-07,5.395515059181122e-07,-0.11161206951077346,-1.8361025010844871,-0.11161200813601507,-1.8361028928058978,6.13747583866342e-08,3.917214106419209e-07,3.9650034618183396e-07,4.2111127834809636e-07,-24.524994333170998,5.6668290042694025e-06,5.6668290042694025e-06,2.3106336408845677e-07,-24.524999538299678,4.6170032419468043e-07,4.6170032419468043e-07,1.882570129234171e-08
screenshot_like_simple_start,dop853_moderate,DOP853,1e-06,1e-08,1.972465581977472,0.345598724702209,-0.4549876462298532,0.3455982742868,-0.4549871034951304,4.5041540897017285e-07,5.427347228303958e-07,5.427347228303958e-07,-0.10069115514469329,-1.8391392543659162,-0.10069109140787202,-1.8391396454538746,6.373682126525892e-08,3.910879584623217e-07,3.962476165722972e-07,4.2378364012440883e-07,-24.524994337434737,5.662565264685782e-06,5.662565264685782e-06,2.3088951130217252e-07,-24.524999490082816,5.099171858091722e-07,5.099171858091722e-07,2.0791730308223125e-08
screenshot_like_simple_start,dop853_moderate,DOP853,1e-06,1e-08,1.9774718397997497,0.3483438845409566,-0.4456437882229918,0.34834342875727403,-0.44564324067767286,4.5578368257359614e-07,5.475453189185409e-07,5.475453189185409e-07,-0.08969725291352004,-1.8422726573824288,-0.08969718725408321,-1.8422730489734618,6.56594368320107e-08,3.9159103293329167e-07,3.970575508901186e-07,4.284090322492773e-07,-24.524994322850844,5.677149157889971e-06,5.677149157889971e-06,2.3148416545932604e-07,-24.524999452476443,5.475235589358363e-07,5.475235589358363e-07,2.2325119630411264e-08
screenshot_like_simple_start,dop853_moderate,DOP853,1e-06,1e-08,1.9824780976220275,0.3508838167127069,-0.4360450998997766,0.35088335196827886,-0.4360445443255556,4.647444280525548e-07,5.55574220961752e-07,5.55574220961752e-07,-0.0786300341188867,-1.8454984183411085,-0.07862996695741908,-1.8454988127376808,6.716146760954445e-08,3.9439657228967917e-07,4.0007414183538036e-07,4.36427255945393e-07,-24.524994271589602,5.72841040025196e-06,5.72841040025196e-06,2.3357432824676695e-07,-24.52499943128376,5.687162420997538e-07,5.687162420997538e-07,2.318924534555571e-08
screenshot_like_simple_start,dop853_moderate,DOP853,1e-06,1e-08,1.9874843554443054,0.3532157631102103,-0.42619151643711223,0.3532152857690206,-0.426190949597944,4.773411896863422e-07,5.668391682145391e-07,5.668391682145391e-07,-0.06748917703203616,-1.848811978918978,-0.06748910877103581,-1.8488123783737926,6.826100035217664e-08,3.9945481455916365e-07,4.052452504886093e-07,4.478726564616231e-07,-24.52499418439881,5.815601191727637e-06,5.815601191727637e-06,2.3712950832732465e-07,-24.524999427420322,5.725796796696159e-07,5.725796796696159e-07,2.334677592944407e-08
screenshot_like_simple_start,dop853_moderate,DOP853,1e-06,1e-08,1.9924906132665834,0.3553369348075864,-0.4160828683324755,0.35533644287101696,-0.41608228864497077,4.919365694244782e-07,5.79687504720372e-07,5.79687504720372e-07,-0.05627437304596017,-1.8522085027435213,-0.05627430402279904,-1.852208908189541,6.902316113110984e-08,4.054460196467602e-07,4.1127931095538005e-07,4.6120499963553385e-07,-24.524994081710602,5.918289399886589e-06,5.918289399886589e-06,2.41316591228811e-07,-24.524999435866697,5.641333054029474e-07,5.641333054029474e-07,2.3002377386460646e-08
screenshot_like_simple_start,dop853_moderate,DOP853,1e-06,1e-08,1.9974968710888612,0.35724451593990675,-0.4057188810006478,0.3572440104059094,-0.4057182896419084,5.055339973303319e-07,5.913587393657771e-07,5.913587393657771e-07,-0.04498533334753968,-1.8556828625960862,-0.044985263612505155,-1.8556832727751398,6.973503452467611e-08,4.1017905361151463e-07,4.1606469576472783e-07,4.7361662508516034e-07,-24.524993997787718,6.002212284528241e-06,6.002212284528241e-06,2.4473852332429117e-07,-24.524999446843054,5.531569478023357e-07,5.531569478023357e-07,2.2554819482256297e-08
screenshot_like_simple_start,dop853_moderate,DOP853,1e-06,1e-08,2.002503128911139,0.3589356683508506,-0.3950991754381297,0.35893515377981294,-0.3950985762743817,5.145710376686097e-07,5.991637480051715e-07,5.991637480051715e-07,-0.03362179617937433,-1.8592296264332893,-0.033621724954198184,-1.8592300378084103,7.122517614588375e-08,4.1137512107880525e-07,4.1749552807139604e-07,4.817781049104575e-07,-24.524993970331472,6.029668529805576e-06,6.029668529805576e-06,2.4585804402876964e-07,-24.524999450367826,5.49632176216619e-07,5.49632176216619e-07,2.241109790893451e-08
screenshot_like_simple_start,dop853_moderate,DOP853,1e-06,1e-08,2.0075093867334166,0.3604075369660523,-0.3842232699325081,0.3604070193637619,-0.3842226683430246,5.176022904174182e-07,6.015894835065261e-07,6.015894835065261e-07,-0.022183534758897394,-1.8628430423341107,-0.02218346137935595,-1.862843450368464,7.337954144315262e-08,4.080343534162978e-07,4.1458001721050617e-07,4.8434803712194e-07,-24.5249940283261,5.9716739038151445e-06,5.9716739038151445e-06,2.4349332941142277e-07,-24.524999430463435,5.695365672409025e-07,5.695365672409025e-07,2.3222693873227418e-08
screenshot_like_simple_start,dop853_moderate,DOP853,1e-06,1e-08,2.0125156445556946,0.36165725584976227,-0.373090582794026,0.3616567430957892,-0.3730899879289916,5.127539730587216e-07,5.948650343978734e-07,5.948650343978734e-07,-0.01067036591956183,-1.866517022492936,-0.010670291562881296,-1.8665174207431154,7.435668053501487e-08,3.98250179500792e-07,4.0513222707234647e-07,4.795848522198831e-07,-24.524994181008772,5.818991230199799e-06,5.818991230199799e-06,2.3726773619571046e-07,-24.524999407694906,5.923050956369025e-07,5.923050956369025e-07,2.4151074235959324e-08
screenshot_like_simple_start,dop853_moderate,DOP853,1e-06,1e-08,2.0175219023779727,0.36268195490244104,-0.36170043608662844,0.36268145427046194,-0.3616998568565032,5.006319790945568e-07,5.792301252527388e-07,5.792301252527388e-07,0.0009178404645531768,-1.8702451263913438,0.0009179141512429267,-1.8702455089761418,7.368668974994108e-08,3.8258479806430046e-07,3.896162932375976e-07,4.6806525011433564e-07,-24.524994410721483,5.5892785191247185e-06,5.5892785191247185e-06,2.2790126479611491e-07,-24.524999398447886,6.015521165636528e-07,6.015521165636528e-07,2.4528118922065353e-08
screenshot_like_simple_start,dop853_moderate,DOP853,1e-06,1e-08,2.0225281602002503,0.36347876715690763,-0.3500520603357303,0.36347828195497334,-0.35005150097779697,4.852019342971303e-07,5.593579333051935e-07,5.593579333051935e-07,0.012581151213516772,-1.8740205432940023,0.012581223147524467,-1.8740209076265153,7.1934007694896e-08,3.6433251304757164e-07,3.71365967108738e-07,4.535016391860047e-07,-24.524994672017783,5.327982218972238e-06,5.327982218972238e-06,2.1724698140559582e-07,-24.52499939753911,6.024608936172626e-07,6.024608936172626e-07,2.4565174051672277e-08
screenshot_like_simple_start,dop853_moderate,DOP853,1e-06,1e-08,2.0275344180225283,0.36404483663066245,-0.33814460018997317,0.36404436408426255,-0.33814405758075394,4.725463998989099e-07,5.426092192228893e-07,5.426092192228893e-07,0.02431955868327995,-1.877836074226547,0.024319628987790443,-1.8778364224834405,7.030451049105935e-08,3.4825689354534006e-07,3.55282406118341e-07,4.4157777107090013e-07,-24.524994898770508,5.101229493931214e-06,5.101229493931214e-06,2.0800120260677732e-07,-24.52499939012202,6.098779827823364e-07,6.098779827823364e-07,2.4867603783173754e-08
screenshot_like_simple_start,dop853_moderate,DOP853,1e-06,1e-08,2.032540675844806,0.3643773266920044,-0.3259771210142428,0.36437685725266766,-0.32597658380668837,4.69439336736599e-07,5.372075544407551e-07,5.372075544407551e-07,0.036132968667397125,-1.881684113605814,0.03613303896598696,-1.8816844529309784,7.029858983820247e-08,3.393251644112638e-07,3.465306031737616e-07,4.3861873205708335e-07,-24.52499502017528,4.9798247232502035e-06,4.9798247232502035e-06,2.0305095711519686e-07,-24.52499936357211,6.364278917203592e-07,6.364278917203592e-07,2.5950168877486612e-08
screenshot_like_simple_start,dop853_moderate,DOP853,1e-06,1e-08,2.037546933667084,0.3644734288975637,-0.31354861639118126,0.36447294758064164,-0.3135480666148975,4.813169220407865e-07,5.49776283775838e-07,5.49776283775838e-07,0.04802118731793614,-1.8855566307052392,0.04802126058992534,-1.8855569718448417,7.327198919826472e-08,3.411396025665425e-07,3.4891977994996097e-07,4.49700020388466e-07,-24.52499498550136,5.0144986438738215e-06,5.0144986438738215e-06,2.0446477650861656e-07,-24.524999315744857,6.842551449892653e-07,6.842551449892653e-07,2.7900311722294202e-08
screenshot_like_simple_start,dop853_moderate,DOP853,1e-06,1e-08,2.0425531914893615,0.3643303722588701,-0.3008580165084873,0.3643298630350559,-0.30085743483062655,5.092238142268002e-07,5.816778607670159e-07,5.816778607670159e-07,0.059983907051524676,-1.8894451511505512,0.059983986802244205,-1.8894455049730783,7.975071952825985e-08,3.5382252705495887e-07,3.626989907855166e-07,4.7579972040079355e-07,-24.524994796256376,5.203743626225332e-06,5.203743626225332e-06,2.1218118761367307e-07,-24.52499925767535,7.423246515259052e-07,7.423246515259052e-07,3.0268079572921716e-08
screenshot_like_simple_start,dop853_moderate,DOP853,1e-06,1e-08,2.0475594493116396,0.363945432895578,-0.2879041974092311,0.363944887581621,-0.2879035738130361,5.45313956989979e-07,6.235961950151747e-07,6.235961950151747e-07,0.07202069141403589,-1.8933407386530967,0.07202077974796889,-1.8933411098308754,8.83339330015609e-08,3.7117777873518776e-07,3.8154400420700133e-07,5.095957650858018e-07,-24.52499454317522,5.456824780480929e-06,5.456824780480929e-06,2.2250050073316732e-07,-24.524999210428287,7.895717146766401e-07,7.895717146766401e-07,3.219456532830337e-08
screenshot_like_simple_start,dop853_moderate,DOP853,1e-06,1e-08,2.0525657071339176,0.3633159445725248,-0.2746859916449738,0.3633153775479513,-0.2746853432798289,5.670245735167612e-07,6.483651449062933e-07,6.483651449062933e-07,0.08413095884845839,-1.8972339768557807,0.08413105289543782,-1.8972343542277856,9.404697942638762e-08,3.77372004978227e-07,3.8891446936378484e-07,5.300112843609206e-07,-24.52499445849742,5.541502581252189e-06,5.541502581252189e-06,2.2595321432220953e-07,-24.52499919731461,8.026853919318455e-07,8.026853919318455e-07,3.272927184227708e-08
screenshot_like_simple_start,dop853_moderate,DOP853,1e-06,1e-08,2.057571964956195,0.3624393477724487,-0.2612022443716288,0.3624387805757996,-0.2612015988251295,5.671966490927716e-07,6.455464993115889e-07,6.455464993115889e-07,0.0963139580209108,-1.9011149268333993,0.09631405132204235,-1.9011152946434637,9.330113154293329e-08,3.678100644055604e-07,3.794592792714578e-07,5.303486173557914e-07,-24.524994886288653,5.113711349480354e-06,5.113711349480354e-06,2.085101467678024e-07,-24.524999233947163,7.660528389408228e-07,7.660528389408228e-07,3.123558976313242e-08
screenshot_like_simple_start,dop853_moderate,DOP853,1e-06,1e-08,2.0625782227784732,0.3613132202875506,-0.24745185515766904,0.3613126575409916,-0.247451217667251,5.627465589630454e-07,6.374904180372898e-07,6.374904180372898e-07,0.10856873832640912,-1.904973099700102,0.10856882998674064,-1.90497345477556,9.166033151930542e-08,3.5507545792512474e-07,3.6671541717654304e-07,5.264119847248061e-07,-24.52499512196116,4.878038840416821e-06,4.878038840416821e-06,1.989006662759152e-07,-24.52499931946329,6.805367114282035e-07,6.805367114282035e-07,2.7748693636216244e-08
screenshot_like_simple_start,dop853_moderate,DOP853,1e-06,1e-08,2.067584480600751,0.35993526861017644,-0.23343376303720162,0.35993470781958603,-0.23343312916298276,5.607905904092547e-07,6.338742188638502e-07,6.338742188638502e-07,0.1208941380013365,-1.9087974605554834,0.12089422982858666,-1.908797804700717,9.182725016487758e-08,3.4414523364389993e-07,3.5618560570671226e-07,5.248549744263364e-07,-24.524995041253757,4.958746245620205e-06,4.958746245620205e-06,2.0219148809868316e-07,-24.524999432517134,5.674828678081667e-07,5.674828678081667e-07,2.313895485456337e-08
screenshot_like_simple_start,dop853_moderate,DOP853,1e-06,1e-08,2.072590738423029,0.3583033609301536,-0.21914698622332177,0.35830279827878714,-0.21914635062499085,5.626513664425126e-07,6.355983309114244e-07,6.355983309114244e-07,0.13328875807767243,-1.91257640572578,0.13328885155538817,-1.9125767412165335,9.34777157346467e-08,3.3549075362238057e-07,3.482701955451834e-07,5.269192108747767e-07,-24.524994992994515,5.007005487556171e-06,5.007005487556171e-06,2.0415924516029237e-07,-24.52499953512388,4.6487612337386963e-07,4.6487612337386963e-07,1.895519361361344e-08
screenshot_like_simple_start,dop853_moderate,DOP853,1e-06,1e-08,2.0775969962453065,0.35641556261985213,-0.20459066785946456,0.3564149963711398,-0.20459002897899245,5.662487123081483e-07,6.388804721091379e-07,6.388804721091379e-07,0.14575093212560253,-1.9162977426958272,0.14575102701974507,-1.9162980700684908,9.489414254382211e-08,3.2737266364435413e-07,3.408485868985328e-07,5.306620262657269e-07,-24.524995323870048,4.676129954361841e-06,4.676129954361841e-06,1.9066788804737372e-07,-24.524999585874742,4.1412526030626395e-07,4.1412526030626395e-07,1.6885841398828294e-08
screenshot_like_simple_start,dop853_moderate,DOP853,1e-06,1e-08,2.0826032540675845,0.35427017621993656,-0.18976412777084456,0.35426960771053084,-0.18976348879728533,5.685094057183981e-07,6.389735592304824e-07,6.389735592304824e-07,0.15827869382393842,-1.9199486731639688,0.15827878812218335,-1.9199489909107488,9.429824493478733e-08,3.177467799986289e-07,3.3144407551995585e-07,5.332049815010009e-07,-24.524996146270233,3.853729769076608e-06,3.853729769076608e-06,1.5713475103268534e-07,-24.52499956115878,4.3884122291615313e-07,4.3884122291615313e-07,1.7893627845714704e-08
screenshot_like_simple_start,dop853_moderate,DOP853,1e-06,1e-08,2.0876095118898625,0.3518657859903066,-0.17466692043774662,0.3518652185085278,-0.17466628724529457,5.674817787904018e-07,6.331924520541765e-07,6.331924520541765e-07,0.1708697423882415,-1.9235157803840237,0.17086983323340776,-1.9235160860024711,9.084516625068595e-08,3.056184474381496e-07,3.1883456469714786e-07,5.327129657950458e-07,-24.52499730060748,2.699392521066102e-06,2.699392521066102e-06,1.1006697333602861e-07,-24.524999478529423,5.214705787182083e-07,5.214705787182083e-07,2.1262816665370368e-08
screenshot_like_simple_start,dop853_moderate,DOP853,1e-06,1e-08,2.09261576971214,0.3492013070907165,-0.1592988994123578,0.34920074324957934,-0.1592982764777272,5.638411371688967e-07,6.229346306008132e-07,6.229346306008132e-07,0.18352140595462466,-1.9269850220708187,0.1835214911908647,-1.926985313800915,8.52362400383111e-08,2.9173009630234503e-07,3.0392707300344945e-07,5.298112832896607e-07,-24.524998449962453,1.5500375489807539e-06,1.5500375489807539e-06,6.320234654355774e-08,-24.524999409945302,5.900547002113399e-07,5.900547002113399e-07,2.40593149933268e-08
screenshot_like_simple_start,dop853_moderate,DOP853,1e-06,1e-08,2.097622027534418,0.34627603945556845,-0.1436602884008766,0.3462754779836059,-0.14365967402096813,5.614719625346432e-07,6.143799084756818e-07,6.143799084756818e-07,0.19623060309312115,-1.9303417302568566,0.1962306829992809,-1.930342008777274,7.990615974451387e-08,2.785204173960665e-07,2.8975613413971906e-07,5.281448001159816e-07,-24.524999238770967,7.61229035362021e-07,7.61229035362021e-07,3.10389005244453e-08,-24.52499946403093,5.359690717909871e-07,5.359690717909871e-07,2.1853988656105485e-08
screenshot_like_simple_start,dop853_moderate,DOP853,1e-06,1e-08,2.1026282853566958,0.3430897264273762,-0.1277517592326351,0.3430891596145104,-0.12775114167835533,5.668128657543292e-07,6.175542797692835e-07,6.175542797692835e-07,0.20899380270846687,-1.933570619595455,0.20899388145127684,-1.9335708889492502,7.874280996689187e-08,2.693537952680458e-07,2.806276842130555e-07,5.337789431569817e-07,-24.52499944915277,5.508472327164782e-07,5.508472327164782e-07,2.2460641497104102e-08,-24.524999705555924,2.9444407800838235e-07,2.9444407800838235e-07,1.2005874740402949e-08
screenshot_like_simple_start,dop853_moderate,DOP853,1e-06,1e-08,2.107634543178974,0.33964261821338704,-0.11157451693792372,0.33964203156313044,-0.11157387349492076,5.866502565954335e-07,6.434430029622629e-07,6.434430029622629e-07,0.2218069826780409,-1.9366558057076981,0.22180706898294328,-1.93665607279293,8.630490239136535e-08,2.6708523193086364e-07,2.806831973815788e-07,5.531372067046902e-07,-24.524999098736842,9.012631601024168e-07,9.012631601024168e-07,3.6748752705501194e-08,-24.524999966974285,3.30257172720394e-08,3.30257172720394e-08,1.3466143637936554e-09
screenshot_like_simple_start,dop853_moderate,DOP853,1e-06,1e-08,2.1126408010012514,0.33593554022986377,-0.09513039215628372,0.33593491613901894,-0.09512969506914343,6.240908448362781e-07,6.970871402889323e-07,6.970871402889323e-07,0.2346655876760913,-1.939580835263857,0.23466569240570767,-1.9395811072107727,1.047296163680933e-07,2.719469156531318e-07,2.9141622720407927e-07,5.892056784140287e-07,-24.52499844242583,1.5575741727502646e-06,1.5575741727502646e-06,6.350965026504646e-08,-24.524999996339755,3.6602472164304345e-09,3.6602472164304345e-09,1.492455541867659e-10
screenshot_like_simple_start,dop853_moderate,DOP853,1e-06,1e-08,2.1176470588235294,0.3319699663985113,-0.07842194109694545,0.33196928226787026,-0.07842115688703352,6.841306410265702e-07,7.842099119248491e-07,7.842099119248491e-07,0.24756448673985976,-1.9423287295712068,0.24756462176092742,-1.9423290139692537,1.3502106765983513e-07,2.8439804689028847e-07,3.1482207322075194e-07,6.467786581865198e-07,-24.524997866917996,2.133082006139375e-06,2.133082006139375e-06,8.697582084156473e-08,-24.525000004771456,4.771454342744619e-09,-4.771454342744619e-09,-1.9455471326175814e-10
screenshot_like_simple_start,dop853_moderate,DOP853,1e-06,1e-08,2.1226533166458075,0.3277480974595512,-0.061452553273178806,0.3277473365472984,-0.06145165749062155,7.609122528173806e-07,8.957825572558642e-07,8.957825572558642e-07,0.26049793124558035,-1.9448820435053662,0.26049810492854436,-1.9448823434648193,1.7368296401087946e-07,2.99959453053944e-07,3.46614260329874e-07,7.204087261736269e-07,-24.52499769976322,2.300236783270293e-06,2.300236783270293e-06,9.37915100212148e-08,-24.52499999729104,2.708961943653776e-09,2.708961943653776e-09,1.1045716385948117e-10
screenshot_like_simple_start,dop853_moderate,DOP853,1e-06,1e-08,2.127659574468085,0.323272944365931,-0.044226567232244135,0.3232721087112893,-0.044225563374996,8.356546417065402e-07,1.003857248133011e-06,1.003857248133011e-06,0.27345951407945024,-1.947222941666987,0.2734597245866223,-1.947223251512642,2.1050717208259684e-07,3.098456549111006e-07,3.7458990825368066e-07,7.923684913757612e-07,-24.52499799225452,2.007745482757173e-06,2.007745482757173e-06,8.186525923576647e-08,-24.525000030910764,3.091076195005371e-08,-3.091076195005371e-08,-1.2603776534170728e-09
screenshot_like_simple_start,dop853_moderate,DOP853,1e-06,1e-08,2.132665832290363,0.31854841682316304,-0.026749394502678547,0.3185475322668174,-0.02674832093427354,8.845563456150174e-07,1.0735684050078298e-06,1.0735684050078298e-06,0.2864421309084211,-1.949333293664652,0.2864423640374231,-1.949333599410314,2.3312900204741638e-07,3.0574566212138166e-07,3.844860745224284e-07,8.400553559995139e-07,-24.524998374591362,1.625408639682746e-06,1.625408639682746e-06,6.62755816384402e-08,-24.52500012447316,1.2447315711483498e-07,-1.2447315711483498e-07,-5.075358088270539e-09
screenshot_like_simple_start,dop853_moderate,DOP853,1e-06,1e-08,2.1376720901126407,0.3135794170392929,-0.009027651980657858,0.31357853080773296,-0.009026577743235356,8.86231559915629e-07,1.0742374225020113e-06,1.0742374225020113e-06,0.2994379445756668,-1.9511947904126195,0.2994381757542434,-1.951195073481217,2.3117857661514307e-07,2.83068597450864e-07,3.654741648168894e-07,8.430150770233347e-07,-24.52499811851391,1.8814860922589105e-06,1.8814860922589105e-06,7.671706798201469e-08,-24.52500024313863,2.4313862923008855e-07,-2.4313862923008855e-07,-9.9139094487294e-09
screenshot_like_simple_start,dop853_moderate,DOP853,1e-06,1e-08,2.1426783479349187,0.3083719387494803,0.008930697022882406,0.3083711048612752,0.008931693937976923,8.338882050984431e-07,9.96915094517159e-07,9.96915094517159e-07,0.31243835376265333,-1.952789083282319,0.3124385560850499,-1.9527893274700165,2.023223965585963e-07,2.441876976178037e-07,3.1711509553645944e-07,7.945529381658822e-07,-24.52499657199086,3.428009140549193e-06,3.428009140549193e-06,1.397761117451251e-07,-24.525000337447796,3.3744779415201265e-07,-3.3744779415201265e-07,-1.3759339211091238e-08
screenshot_like_simple_start,dop853_moderate,DOP853,1e-06,1e-08,2.1476846057571968,0.30293317157969885,0.02711619285259753,0.30293241404235977,0.02711707869520305,7.575373390800166e-07,8.858426055191604e-07,8.858426055191604e-07,0.32543396716969664,-1.9540979478525322,0.32543412964324353,-1.9540981498235008,1.624735468941374e-07,2.0197096861629404e-07,2.592101957951606e-07,7.230433932137181e-07,-24.524994146644975,5.853355027340967e-06,5.853355027340967e-06,2.38668910391069e-07,-24.52500039358509,3.935850863001633e-07,-3.935850863001633e-07,-1.6048321561678422e-08
screenshot_like_simple_start,dop853_moderate,DOP853,1e-06,1e-08,2.1526908635794744,0.2972715959181445,0.0455177421648771,0.2972708492907633,0.04551861178682684,7.466273811984614e-07,8.696219497422719e-07,8.696219497422719e-07,0.3384145919900652,-1.9551034772340379,0.3384147468314721,-1.9551036563603752,1.5484140691857107e-07,1.791263373185359e-07,2.3677437787411965e-07,7.138798115979839e-07,-24.52499339487943,6.605120571379075e-06,6.605120571379075e-06,2.6932193970964624e-07,-24.52500045048099,4.5048098940014825e-07,-4.5048098940014825e-07,-1.8368236061168122e-08
screenshot_like_simple_start,dop853_moderate,DOP853,1e-06,1e-08,2.1576971214017524,0.2913968608214127,0.0641227888247469,0.2913960899663471,0.064123692524687,7.708550656126967e-07,9.036999401024204e-07,9.036999401024204e-07,0.35136933425569666,-1.9557883436212995,0.3513694977397576,-1.9557885071718708,1.6348406095545442e-07,1.6355057130823525e-07,2.3124841093883624e-07,7.383586034803713e-07,-24.52499335548908,6.64451092191598e-06,6.64451092191598e-06,2.7092807021064136e-07,-24.52500055705599,5.57055987115973e-07,-5.57055987115973e-07,-2.2713801717266994e-08
screenshot_like_simple_start,dop853_moderate,DOP853,1e-06,1e-08,2.16270337922403,0.285319920834375,0.08291710695219039,0.2853191405774583,0.08291802446846458,7.802569167436602e-07,9.175162741931198e-07,9.175162741931198e-07,0.36428657967385547,-1.9561360012005236,0.36428674532531924,-1.9561361448237484,1.6565146376823492e-07,1.4362322486860535e-07,2.1924424318603401e-07,7.487125069371992e-07,-24.52499334779889,6.652201111734257e-06,6.652201111734257e-06,2.7124163554471994e-07,-24.525000681732468,6.817324660346458e-07,-6.817324660346458e-07,-2.7797450195092588e-08
screenshot_like_simple_start,dop853_moderate,DOP853,1e-06,1e-08,2.167709637046308,0.2790531264795105,0.10188466655971587,0.2790523419176326,0.10188558969273045,7.845618779089847e-07,9.231330145853534e-07,9.231330145853534e-07,0.37715401617909267,-1.956130926867625,0.3771541803124173,-1.9561310490805006,1.6413332465381458e-07,1.222128755973273e-07,2.046356157263009e-07,7.54212505504892e-07,-24.524993360273,6.639727001100937e-06,6.639727001100937e-06,2.707330071804663e-07,-24.525000646304992,6.463049899707585e-07,-6.463049899707585e-07,-2.6352904789837243e-08
screenshot_like_simple_start,dop853_moderate,DOP853,1e-06,1e-08,2.1727158948685856,0.2726101477680879,0.12100772704689892,0.27260935138574993,0.12100866438574637,7.963823379641966e-07,9.373388474426259e-07,9.373388474426259e-07,0.3899587361332052,-1.95575890021032,0.38995889964456115,-1.9557590014837904,1.635113559550483e-07,1.0127347049859736e-07,1.9233377070366187e-07,7.669731430515192e-07,-24.52499345552175,6.544478253545094e-06,6.544478253545094e-06,2.668492661995961e-07,-24.5250002337721,2.3377209856789705e-07,-2.3377209856789705e-07,-9.531991786662468e-09
screenshot_like_simple_start,dop853_moderate,DOP853,1e-06,1e-08,2.1777221526908637,0.26600590520968115,0.1402669181424811,0.26600508726476035,0.1402678830392156,8.179449207945666e-07,9.648967345121662e-07,9.648967345121662e-07,0.40268734333901846,-1.955007271116362,0.402687509582456,-1.95500735123716,1.6624343757154492e-07,8.012079799613048e-08,1.8454328166351897e-07,7.891767053735954e-07,-24.524993655054004,6.344945997938112e-06,6.344945997938112e-06,2.587133944113399e-07,-24.5249997068699,2.931301033015643e-07,2.931301033015643e-07,1.1952297790073977e-08
screenshot_like_simple_start,dop853_moderate,DOP853,1e-06,1e-08,2.1827284105131417,0.25925649201655226,0.15964133245335163,0.2592556590049027,0.15964231870283638,8.330116495480766e-07,9.862494847467929e-07,9.862494847467929e-07,0.4153260722234834,-1.9538652145925117,0.41532624075890023,-1.9538652713659257,1.6853541684458406e-07,5.677341397003488e-08,1.7784096059342083e-07,8.05173199280862e-07,-24.52499382705157,6.172948431526493e-06,6.172948431526493e-06,2.5170024185632997e-07,-24.5249995388825,4.611175015156732e-07,4.611175015156732e-07,1.8801936860985656e-08
screenshot_like_simple_start,dop853_moderate,DOP853,1e-06,1e-08,2.1877346683354193,0.25237907753814054,0.1791086432273196,0.25237828384402283,0.1791095772757491,7.936941177066892e-07,9.34048429518386e-07,9.34048429518386e-07,0.4278609213869581,-1.9523239681874842,0.4278610719423967,-1.9523239999757118,1.5055543861608456e-07,3.1788227605744623e-08,1.5387472668114226e-07,7.685508294774657e-07,-24.52499373488187,6.265118130954761e-06,6.265118130954761e-06,2.554584355129362e-07,-24.524999521021925,4.789780767566754e-07,4.789780767566754e-07,1.953019680965037e-08
screenshot_like_simple_start,dop853_moderate,DOP853,1e-06,1e-08,2.1927409261576973,0.24539178196091754,0.19864526093652524,0.24539109146143603,0.19864605638764166,6.904994815093435e-07,7.954511164198763e-07,7.954511164198763e-07,0.44027780287974916,-1.9503770448231261,0.44027791287440776,-1.9503770555945865,1.0999465860361823e-07,1.0771460390301968e-08,1.1052080926353359e-07,6.698137088034795e-07,-24.52499323276332,6.767236680360611e-06,6.767236680360611e-06,2.7593217860797597e-07,-24.524999583151075,4.168489269318343e-07,4.168489269318343e-07,1.6996898141970816e-08
screenshot_like_simple_start,dop853_moderate,DOP853,1e-06,1e-08,2.197747183979975,0.23831351230886827,0.21822654228833857,0.23831295411360764,0.2182271607793781,5.581952606248386e-07,6.184910395223842e-07,6.184910395223842e-07,0.4525627075716837,-1.9480204113194937,0.4525627689745995,-1.9480204091866151,6.140291580747359e-08,2.1328785404506334e-09,6.143994824646262e-08,5.424192903724645e-07,-24.524992471045604,7.528954398594578e-06,7.528954398594578e-06,3.069910050395343e-07,-24.524999369357754,6.306422477564411e-07,6.306422477564411e-07,2.5714260866725422e-08
screenshot_like_simple_start,dop853_moderate,DOP853,1e-06,1e-08,2.202753441802253,0.23116374977983697,0.23782706527065375,0.23116327856600632,0.2378275692710673,4.712138306495195e-07,5.040004135425935e-07,5.040004135425935e-07,0.4647018858508175,-1.9452526205296938,0.4647019169849257,-1.9452526097513165,3.113410818045281e-08,1.0778377301789988e-08,3.2947019735506885e-08,4.586797693884037e-07,-24.524991922332703,8.077667299488667e-06,8.077667299488667e-06,3.2936461975488953e-07,-24.52499882399367,1.1760063323151826e-06,1.1760063323151826e-06,4.795132853476789e-08
screenshot_like_simple_start,dop853_moderate,DOP853,1e-06,1e-08,2.2077596996245306,0.2239622784530103,0.25742098383839074,0.22396177536208295,0.25742153429749237,5.030909273617823e-07,5.504591016336491e-07,5.504591016336491e-07,0.47668204165711814,-1.942074882858242,0.47668208345211976,-1.9420748544518576,4.1795001626265815e-08,2.840638435586129e-08,5.0534590461509465e-08,4.90526312096895e-07,-24.524992078997794,7.921002207922356e-06,7.921002207922356e-06,3.229766445636027e-07,-24.524998185847753,1.8141522488690498e-06,1.8141522488690498e-06,7.397154939323342e-08
screenshot_like_simple_start,dop853_moderate,DOP853,1e-06,1e-08,2.2127659574468086,0.21672884540277207,0.27698247584812624,0.2167282150517328,0.2769832005718239,6.303510392824396e-07,7.24723697664853e-07,7.24723697664853e-07,0.4884905365675629,-1.9384910610953783,0.4884906180636181,-1.9384909984643177,8.149605518203984e-08,6.263106056003664e-08,1.0278257029822254e-07,6.156047062944037e-07,-24.52499280889177,7.1911082315523345e-06,7.1911082315523345e-06,2.932154222855182e-07,-24.524997739840018,2.2601599845017972e-06,2.2601599845017972e-06,9.2157389786006e-08
screenshot_like_simple_start,dop853_moderate,DOP853,1e-06,1e-08,2.2177722152690866,0.20948282105195537,0.29648619150803124,0.20948218084387352,0.2964869296605391,6.402080818534994e-07,7.381525078398177e-07,7.381525078398177e-07,0.5001155747211885,-1.9345075857004426,0.5001156544550015,-1.93450750317409,7.973381299652971e-08,8.252635264049957e-08,1.147522540741996e-07,6.26212276311211e-07,-24.524992919335414,7.0806645879883945e-06,7.0806645879883945e-06,2.8871211367944524e-07,-24.524997596929367,2.4030706349265074e-06,2.4030706349265074e-06,9.79845314954743e-08
screenshot_like_simple_start,dop853_moderate,DOP853,1e-06,1e-08,2.2227784730913642,0.20224342905563047,0.31590693385848667,0.20224282714773584,0.315907617252565,6.019078946373213e-07,6.833940783268488e-07,6.833940783268488e-07,0.5115461919607731,-1.9301334162183252,0.5115462518969344,-1.9301333248057313,5.993616125632428e-08,9.141259393885548e-08,1.0930967823927662e-07,5.896400918914413e-07,-24.524992863257452,7.136742549818109e-06,7.136742549818109e-06,2.9099867685293e-07,-24.524997648253276,2.3517467262479386e-06,2.3517467262479386e-06,9.589181350654183e-08
screenshot_like_simple_start,dop853_moderate,DOP853,1e-06,1e-08,2.2277847309136423,0.19502922015985957,0.3352203588532916,0.19502865346748655,0.33522098990560617,5.66692373027422e-07,6.310523145702795e-07,6.310523145702795e-07,0.5227724723123269,-1.9253798467482421,0.5227725122897866,-1.9253797489682907,3.9977459675988314e-08,9.777995146897922e-08,1.0563671800761893e-07,5.559490542650369e-07,-24.524992933137817,7.0668621852121305e-06,7.0668621852121305e-06,2.8814932457541815e-07,-24.524997705817604,2.2941823978328557e-06,2.2941823978328557e-06,9.354464415220614e-08
screenshot_like_simple_start,dop853_moderate,DOP853,1e-06,1e-08,2.23279098873592,0.18785782839837764,0.3544032958392612,0.18785730311480264,0.35440386805261404,5.252835749980367e-07,5.722133528118789e-07,5.722133528118789e-07,0.5337856475002113,-1.9202602803079876,0.5337856681105317,-1.9202601798312884,2.0610320450309416e-08,1.0047669918300528e-07,1.0256876906630291e-07,5.160420503413921e-07,-24.524992776968176,7.223031825986936e-06,7.223031825986936e-06,2.9451709789956924e-07,-24.5249977242988,2.2757012025920176e-06,2.2757012025920176e-06,9.279107859702415e-08
screenshot_like_simple_start,dop853_moderate,DOP853,1e-06,1e-08,2.237797246558198,0.1807458761506922,0.37343386822069674,0.1807453962039942,0.3734343820514172,4.799466979954481e-07,5.138307204721748e-07,5.138307204721748e-07,0.5445781320377803,-1.914789996805671,0.5445781383269648,-1.9147898956292178,6.289184506513834e-09,1.0117645321550128e-07,1.0137173435936416e-07,4.7212833190202197e-07,-24.524992286059554,7.713940448184076e-06,7.713940448184076e-06,3.1453375935511007e-07,-24.52499791746313,2.0825368736154815e-06,2.0825368736154815e-06,8.491485723202778e-08
screenshot_like_simple_start,dop853_moderate,DOP853,1e-06,1e-08,2.2428035043804755,0.1737088572415163,0.39229164395353433,0.17370840639430812,0.3922921280604367,4.5084720817767376e-07,4.841069023431288e-07,4.841069023431288e-07,0.555143547501795,-1.9089858920068625,0.5551435507714453,-1.9089857848520926,3.2696503282636513e-09,1.0715476994604956e-07,1.0720464232233565e-07,4.440622081158807e-07,-24.524991715218086,8.28478191650106e-06,8.28478191650106e-06,3.378096602039168e-07,-24.52499855126617,1.4487338333424304e-06,1.4487338333424304e-06,5.907171593649053e-08
screenshot_like_simple_start,dop853_moderate,DOP853,1e-06,1e-08,2.2478097622027535,0.16676103228162031,0.41095776987480215,0.16676059084400535,0.4109582505235143,4.414376149619592e-07,4.806487121644665e-07,4.806487121644665e-07,0.565476725686125,-1.9028661985024038,0.5654767310014992,-1.9028660797629047,5.315374251857463e-09,1.1873949912200032e-07,1.1885841095682218e-07,4.3531381971328997e-07,-24.524991430764985,8.569235017574783e-06,8.569235017574783e-06,3.494081556605416e-07,-24.524999217298348,7.827016546002596e-07,7.827016546002596e-07,3.191444055454677e-08
screenshot_like_simple_start,dop853_moderate,DOP853,1e-06,1e-08,2.2528160200250316,0.1599153449483875,0.42941507831747405,0.15991489606614157,0.4294155707910348,4.488822459292052e-07,4.924735607647612e-07,4.924735607647612e-07,0.5755736896380077,-1.8964501978675221,0.5755736942446943,-1.8964500643089335,4.606686587749209e-09,1.335585886330648e-07,1.3363801165452132e-07,4.431548687733322e-07,-24.524991607487582,8.39251242013006e-06,8.39251242013006e-06,3.422023412897068e-07,-24.524999241590315,7.584096870516532e-07,7.584096870516532e-07,3.0923942387427246e-08
screenshot_like_simple_start,dop853_moderate,DOP853,1e-06,1e-08,2.257822277847309,0.1531833679043212,0.447648154460904,0.1531828572870106,0.44764873154700835,5.106173106006473e-07,5.770861043474795e-07,5.770861043474795e-07,0.5854316127092031,-1.889757935065036,0.585431628295365,-1.8897577631875253,1.5586161916658625e-08,1.7187751066849444e-07,1.725827544017383e-07,5.046381816309342e-07,-24.524992098460874,7.901539127885826e-06,7.901539127885826e-06,3.221830429311244e-07,-24.524999240560646,7.594393558463253e-07,7.594393558463253e-07,3.096592684388686e-08
screenshot_like_simple_start,dop853_moderate,DOP853,1e-06,1e-08,2.262828535669587,0.14657528705177528,0.46564335286696623,0.14657469288269695,0.4656440437458024,5.941690783273224e-07,6.908788361958962e-07,6.908788361958962e-07,0.5950487568969646,-1.8828099477232703,0.5950487864219528,-1.88280972429883,2.952498823205474e-08,2.2342444028211617e-07,2.2536682418998558e-07,5.877978654367233e-07,-24.52499256112322,7.438876782117632e-06,7.438876782117632e-06,3.033181154788025e-07,-24.524999232676084,7.67323918182683e-07,7.67323918182683e-07,3.128741766290246e-08
screenshot_like_simple_start,dop853_moderate,DOP853,1e-06,1e-08,2.267834793491865,0.14009993282217764,0.4833887516520259,0.14009929678871497,0.48338950025258054,6.360334626753783e-07,7.486005546564201e-07,7.486005546564201e-07,0.6044243928749722,-1.8756270242019815,0.6044244259028069,-1.8756267650822562,3.3027834689391966e-08,2.5911972523218196e-07,2.6121613630989814e-07,6.298016645145399e-07,-24.524992761545317,7.2384546854209475e-06,7.2384546854209475e-06,2.951459606695595e-07,-24.524999247705722,7.522942802040689e-07,7.522942802040689e-07,3.067458838752574e-08
screenshot_like_simple_start,dop853_moderate,DOP853,1e-06,1e-08,2.272841051314143,0.13376486719799646,0.5008740327449235,0.13376429022600195,0.5008747037208143,5.769719945147855e-07,6.709758908485242e-07,6.709758908485242e-07,0.6135587051959663,-1.8682300053510745,0.6135587219333957,-1.8682297601018227,1.673742933139266e-08,2.4524925179569834e-07,2.4581972469062203e-07,5.718178175684319e-07,-24.524992818499364,7.181500638608895e-06,7.181500638608895e-06,2.9282367537650947e-07,-24.524999277627266,7.223727358507404e-07,7.223727358507404e-07,2.9454545804311532e-08
screenshot_like_simple_start,dop853_moderate,DOP853,1e-06,1e-08,2.2778473091364204,0.12757653516573214,0.5180902766810648,0.12757608606610737,0.5180907779088256,4.490996247663581e-07,5.01227760851819e-07,5.01227760851819e-07,0.6224526871649236,-1.8606396455833192,0.6224526771648787,-1.8606394545034084,1.0000044903257788e-08,1.9107991078293196e-07,1.913414048314698e-07,4.4544987023997784e-07,-24.524993008666296,6.991333705741454e-06,6.991333705741454e-06,2.8506967199761277e-07,-24.524999301445035,6.985549667604118e-07,6.985549667604118e-07,2.8483382946398035e-08
screenshot_like_simple_start,dop853_moderate,DOP853,1e-06,1e-08,2.2828535669586985,0.1215403824741358,0.5350298032190672,0.12153996315768771,0.5350302661657123,4.1931644809145574e-07,4.629466450190023e-07,4.629466450190023e-07,0.6311080476584264,-1.8528764894721594,0.6311080296866284,-1.8528763042694125,1.7971798049742915e-08,1.852027469162465e-07,1.8607268201018654e-07,4.162231845711295e-07,-24.52499309443933,6.905560670844579e-06,6.905560670844579e-06,2.8157230054412145e-07,-24.524999314991653,6.850083487108805e-07,6.850083487108805e-07,2.7931023392900323e-08
screenshot_like_simple_start,dop853_moderate,DOP853,1e-06,1e-08,2.2878598247809765,0.11566055145072378,0.5516865762820458,0.1156601481318941,0.5516870205186528,4.033188296809209e-07,4.4423660705561474e-07,4.4423660705561474e-07,0.6395271841639425,-1.844960529579786,0.6395271618701619,-1.844960343288549,2.2293780599369484e-08,1.862912368810754e-07,1.8762046154962357e-07,4.006241738074845e-07,-24.52499312737513,6.87262487275575e-06,6.87262487275575e-06,2.802293526098165e-07,-24.524999336820468,6.631795343992053e-07,6.631795343992053e-07,2.7040959608530284e-08
screenshot_like_simple_start,dop853_moderate,DOP853,1e-06,1e-08,2.292866082603254,0.10994028104116257,0.5680556691774921,0.10993990220420896,0.5680560847936736,3.7883695361284886e-07,4.1561618158159064e-07,4.1561618158159064e-07,0.6477130383497942,-1.836911258386344,0.6477130121430379,-1.836911076352738,2.620675632059033e-08,1.8203360596658058e-07,1.839103797452529e-07,3.765497909730131e-07,-24.524993091139514,6.908860488152868e-06,6.908860488152868e-06,2.817068496698417e-07,-24.524999390359913,6.096400895216902e-07,6.096400895216902e-07,2.4857903752158622e-08
screenshot_like_simple_start,dop853_moderate,DOP853,1e-06,1e-08,2.297872340425532,0.10438196568515673,0.584133186537093,0.10438161049030703,0.5841335752019097,3.5519484969936954e-07,3.886648166639972e-07,3.886648166639972e-07,0.6556690204306665,-1.8287475737144256,0.6556689913895111,-1.8287473963834322,2.904115548041375e-08,1.773309934449685e-07,1.796932662840125e-07,3.53261583013742e-07,-24.52499313206061,6.867939390531319e-06,6.867939390531319e-06,2.800383033855787e-07,-24.524999477886524,5.221134777855241e-07,5.221134777855241e-07,2.1289030694618718e-08
screenshot_like_simple_start,dop853_moderate,DOP853,1e-06,1e-08,2.3028785982478097,0.09898721277420305,0.5999161877834539,0.09898687135351555,0.5999165618233844,3.414206874996495e-07,3.7403993047302464e-07,3.7403993047302464e-07,0.6633989363141131,-1.8204877009111922,0.6633989052908909,-1.8204875234792364,3.102322221337772e-08,1.7743195579456028e-07,1.8012367765949985e-07,3.397493587437017e-07,-24.524993327264173,6.672735828772147e-06,6.672735828772147e-06,2.7207893287552076e-07,-24.524999565927793,4.3407220928770585e-07,4.3407220928770585e-07,1.7699172651894222e-08
screenshot_like_simple_start,dop853_moderate,DOP853,1e-06,1e-08,2.3078848560700878,0.09375692068274699,0.6154025841610424,0.0937565833014309,0.6154029544203956,3.3738131609284405e-07,3.7025935317736014e-07,3.7025935317736014e-07,0.670906917099538,-1.8121491449257199,0.6709068835319245,-1.8121489627650977,3.356761346662296e-08,1.8216062214193585e-07,1.8522763544617672e-07,3.3589955569790497e-07,-24.52499361535708,6.384642922796502e-06,6.384642922796502e-06,2.6033202539435275e-07,-24.524999597280203,4.027197988420994e-07,4.027197988420994e-07,1.6420786904876632e-08
screenshot_like_simple_start,dop853_moderate,DOP853,1e-06,1e-08,2.3128911138923653,0.08869135975020935,0.6305910327448689,0.08869102694927683,0.6305913960125028,3.328009325204162e-07,3.632676338627405e-07,3.632676338627405e-07,0.6781973545071431,-1.8037486622205694,0.6781973164179398,-1.8037484775076758,3.808920334691379e-08,1.8471289364718757e-07,1.8859915294380241e-07,3.3149286297884384e-07,-24.524993852015463,6.147984539239815e-06,6.147984539239815e-06,2.5068234614637365e-07,-24.52499953478018,4.6521982355329783e-07,4.6521982355329783e-07,1.896920789208146e-08
screenshot_like_simple_start,dop853_moderate,DOP853,1e-06,1e-08,2.3178973717146434,0.08379025313217903,0.6454808313502751,0.08378993956755874,0.645481167645208,3.13564620282869e-07,3.3629493290110446e-07,3.3629493290110446e-07,0.6852748429062322,-1.795302249602944,0.6852747990776251,-1.7953020735365954,4.3828607076967785e-08,1.760663486116698e-07,1.8143953789555703e-07,3.1246452998623386e-07,-24.524993904825763,6.095174239106882e-06,6.095174239106882e-06,2.4852902096256396e-07,-24.524999428847885,5.711521176010592e-07,5.711521176010592e-07,2.328856748628172e-08
screenshot_like_simple_start,dop853_moderate,DOP853,1e-06,1e-08,2.3229036295369214,0.0790528544390967,0.6600718182671188,0.07905258197135469,0.6600721023947949,2.7246774200739843e-07,2.8412767605345834e-07,2.8412767605345834e-07,0.6921441282192855,-1.78682514650141,0.6921440810485915,-1.7868249937986804,4.717069401749541e-08,1.5270272957224051e-07,1.5982239515444946e-07,2.7161681456777664e-07,-24.524993729165605,6.2708343975259595e-06,6.2708343975259595e-06,2.5569151467995757e-07,-24.52499939889984,6.011001616457179e-07,6.011001616457179e-07,2.4509690586981358e-08
screenshot_like_simple_start,dop853_moderate,DOP853,1e-06,1e-08,2.327909887359199,0.07447801908072839,0.6743642807417174,0.0744778095290214,0.6743644850120109,2.0955170698666592e-07,2.0427029345793102e-07,2.0955170698666592e-07,0.6988100635971302,-1.778331846746184,0.6988100141826831,-1.778331734792166,4.941444708972398e-08,1.1195401783403724e-07,1.2237438330944535e-07,2.089707881458569e-07,-24.5249933939717,6.60602830038215e-06,6.60602830038215e-06,2.693589521052864e-07,-24.524999370228507,6.297714953973355e-07,6.297714953973355e-07,2.567875618337759e-08
screenshot_like_simple_start,dop853_moderate,DOP853,1e-06,1e-08,2.332916145181477,0.07006426623474486,0.6883588761298655,0.07006412653537256,0.6883589914238111,1.3969937230629004e-07,1.1529394561282658e-07,1.3969937230629004e-07,0.7052775713963234,-1.769836115528567,0.7052775210800147,-1.769836052065624,5.03163086751357e-08,6.34629429008271e-08,8.098935757446886e-08,1.39356621034481e-07,-24.524993050519548,6.949480454210288e-06,6.949480454210288e-06,2.833631173989924e-07,-24.52499936749129,6.325087120728767e-07,6.325087120728767e-07,2.5790365426009244e-08
screenshot_like_simple_start,dop853_moderate,DOP853,1e-06,1e-08,2.3379224030037546,0.06580982835772059,0.7020565696442422,0.0658097387832827,0.70205662121615,8.957443789481268e-08,5.157190774429665e-08,8.957443789481268e-08,0.711551610646695,-1.7613510069112446,0.7115515606421173,-1.761350979497279,5.000457770076849e-08,2.7413965542066876e-08,5.70261632741834e-08,8.938053769336207e-08,-24.524992857179345,7.14282065672478e-06,7.14282065672478e-06,2.912465099581969e-07,-24.524999372159996,6.278400057624367e-07,6.278400057624367e-07,2.560000023496174e-08
screenshot_like_simple_start,dop853_moderate,DOP853,1e-06,1e-08,2.3429286608260327,0.06171268515685345,0.7154585926195716,0.06171260111629799,0.7154586378878868,8.40405554591861e-08,4.526831520745844e-08,8.40405554591861e-08,0.7176371488780422,-1.752888877028637,0.7176370991656523,-1.7528888525173416,4.971238987128146e-08,2.451129543779018e-08,5.542675627125334e-08,8.388057409769445e-08,-24.52499288750904,7.112490962413176e-06,7.112490962413176e-06,2.9000982517484913e-07,-24.52499935918754,6.408124626489098e-07,6.408124626489098e-07,2.6128948527988166e-08
screenshot_like_simple_start,dop853_moderate,DOP853,1e-06,1e-08,2.3479349186483103,0.05777057894072765,0.7285664252188226,0.057770459574886156,0.7285665169482716,1.1936584149579987e-07,9.172944892554824e-08,1.1936584149579987e-07,0.7235391368826222,-1.7444613879481552,0.7235390861579712,-1.7444613337666133,5.072465092403888e-08,5.41815419197178e-08,7.42201434663376e-08,1.1916670914630112e-07,-24.524993057520923,6.942479078730912e-06,6.942479078730912e-06,2.830776382764898e-07,-24.524999319281907,6.807180952250746e-07,6.807180952250746e-07,2.7756089509687037e-08
screenshot_like_simple_start,dop853_moderate,DOP853,1e-06,1e-08,2.3529411764705883,0.05398101557102789,0.7413817980787986,0.05398088880432433,0.7413819004718689,1.267667035648179e-07,1.023930703558662e-07,1.267667035648179e-07,0.7292624850680305,-1.7360795030226366,0.7292624340045624,-1.73607944071547,5.1063468120560174e-08,6.230716653732316e-08,8.055843083383134e-08,1.26582052922819e-07,-24.524993126010656,6.873989345734799e-06,6.873989345734799e-06,2.802849886130397e-07,-24.524999260370443,7.396295593764535e-07,7.396295593764535e-07,3.0158187946032756e-08
screenshot_like_simple_start,dop853_moderate,DOP853,1e-06,1e-08,2.3579474342928664,0.05034143315511022,0.7539064780928644,0.05034132508335428,0.7539065575999909,1.0807175594013119e-07,7.950712654913872e-08,1.0807175594013119e-07,0.7348120510021015,-1.7277536234096866,0.7348120010295791,-1.7277535744258854,4.9972522342400794e-08,4.8983801237412194e-08,6.997618003955381e-08,1.0793484419430177e-07,-24.524993115896745,6.884103257220886e-06,6.884103257220886e-06,2.806973805186905e-07,-24.52499920026621,7.997337938547844e-07,7.997337938547844e-07,3.260892125809518e-08
screenshot_like_simple_start,dop853_moderate,DOP853,1e-06,1e-08,2.362953692115144,0.04684918646187626,0.7661422918711741,0.046849095332713656,0.7661423504777772,9.112916260489712e-08,5.860660312606569e-08,9.112916260489712e-08,0.74019262631419,-1.7194935851559872,0.7401925775163944,-1.7194935487882392,4.879779558208952e-08,3.6367747924259675e-08,6.085916482136351e-08,9.10291738376312e-08,-24.52499311636486,6.883635141008426e-06,6.883635141008426e-06,2.806782932113527e-07,-24.52499915771054,8.422894630655264e-07,8.422894630655264e-07,3.4344116740694244e-08
screenshot_like_simple_start,dop853_moderate,DOP853,1e-06,1e-08,2.367959949937422,0.043501517451744236,0.7780911666087362,0.04350144246266493,0.778091205116018,7.498907930725274e-08,3.8507281807653726e-08,7.498907930725274e-08,0.7454089217766144,-1.7113086434711393,0.7454088742854692,-1.7113086197031717,4.7491145238609533e-08,2.3767967594068296e-08,5.310673365617006e-08,7.491813662496849e-08,-24.52499311895996,6.881040043538178e-06,6.881040043538178e-06,2.8057247883947717e-07,-24.524999145484017,8.545159850825712e-07,8.545159850825712e-07,3.4842649748524816e-08
screenshot_like_simple_start,dop853_moderate,DOP853,1e-06,1e-08,2.3729662077596996,0.040295604903075655,0.7897550701133152,0.040295547418642774,0.7897550866668184,5.748443288045024e-08,1.655350312379511e-08,5.748443288045024e-08,0.7504655592444842,-1.7032075232466601,0.7504655134607001,-1.7032075138064204,4.578378409725303e-08,9.440239701064002e-09,4.674690376781573e-08,5.743776949895807e-08,-24.52499310660941,6.89339059078975e-06,6.89339059078975e-06,2.81076068941478e-07,-24.524999166926335,8.330736669392991e-07,8.330736669392991e-07,3.396834523707641e-08
screenshot_like_simple_start,dop853_moderate,DOP853,1e-06,1e-08,2.3779724655819776,0.03722858570259141,0.8011359873734051,0.03722854828412994,0.8011359786022383,3.7418461468208264e-08,8.771166792875817e-09,3.7418461468208264e-08,0.7553670645881289,-1.6951984487597196,0.7553670210918156,-1.6951984564514215,4.3496313217872284e-08,7.691701942036389e-09,4.417116188546977e-08,4.3496313217872284e-08,-24.524993073395905,6.926604097401423e-06,6.926604097401423e-06,2.82430340362953e-07,-24.524999215765334,7.842346683162305e-07,7.842346683162305e-07,3.197694875907157e-08
screenshot_like_simple_start,dop853_moderate,DOP853,1e-06,1e-08,2.382978723404255,0.034297572256434004,0.8122359019900118,0.03429755679988882,0.8122358652849844,1.5456545182646053e-08,3.670502746189186e-08,3.670502746189186e-08,0.7601178620343588,-1.6872891715992016,0.760117821338349,-1.6872891987707195,4.069600978429122e-08,2.7171517924529098e-08,4.893318504538748e-08,4.069600978429122e-08,-24.5249930298293,6.970170701947609e-06,6.970170701947609e-06,2.8420675645046315e-07,-24.524999278429444,7.21570557971063e-07,7.21570557971063e-07,2.942183722613916e-08
screenshot_like_simple_start,dop853_moderate,DOP853,1e-06,1e-08,2.3879849812265332,0.03149966664706447,0.8230567817065253,0.03149967265865743,0.8230567174202956,6.011592959542789e-09,6.42862296729163e-08,6.42862296729163e-08,0.7647222696645132,-1.6794869967860402,0.7647222319595746,-1.6794870437331584,3.770493861576796e-08,4.694711819297481e-08,6.021373848752439e-08,4.694711819297481e-08,-24.52499299808163,7.001918373106264e-06,7.001918373106264e-06,2.8550125884225337e-07,-24.524999337831648,6.621683539265177e-07,6.621683539265177e-07,2.6999729008216828e-08
screenshot_like_simple_start,dop853_moderate,DOP853,1e-06,1e-08,2.3929912390488113,0.028831972161200557,0.8336005672708878,0.028831995934435826,0.8336004798780974,2.3773235269253234e-08,8.739279044878145e-08,8.739279044878145e-08,0.7691844958770667,-1.6717988071834282,0.7691844608937248,-1.671798871199913,3.498334189000474e-08,6.401648477982746e-08,7.295165888010252e-08,6.401648477982746e-08,-24.524993001700096,6.998299905802696e-06,6.998299905802696e-06,2.853537168523016e-07,-24.524999377819938,6.221800639139019e-07,6.221800639139019e-07,2.536921769271771e-08
screenshot_like_simple_start,dop853_moderate,DOP853,1e-06,1e-08,2.397997496871089,0.026291602813987163,0.8438691638643283,0.026291638005474564,0.8438690613745607,3.519148740124822e-08,1.0248976756166428e-07,1.0248976756166428e-07,0.7735086366813229,-1.664231086401788,0.7735086037483334,-1.6642311620590604,3.2932989446621264e-08,7.565727244696063e-08,8.251426948113215e-08,7.565727244696063e-08,-24.524993054032475,6.945967527371977e-06,6.945967527371977e-06,2.832198787919256e-07,-24.52499938796697,6.120330304781874e-07,6.120330304781874e-07,2.4955475248855752e-08
screenshot_like_simple_start,dop853_moderate,DOP853,1e-06,1e-08,2.403003754693367,0.023875691494599813,0.8538644343308953,0.023875731330085408,0.8538643255021608,3.983548559419181e-08,1.088287344686023e-07,1.088287344686023e-07,0.7776986737455521,-1.6567899404993727,0.7776986420610442,-1.6567900215862066,3.168450790624888e-08,8.108683391405691e-08,8.705735279381632e-08,8.108683391405691e-08,-24.524993149161702,6.850838300209716e-06,6.850838300209716e-06,2.79341011221599e-07,-24.524999369022325,6.30977677218425e-07,6.30977677218425e-07,2.5727937909008155e-08
screenshot_like_simple_start,dop853_moderate,DOP853,1e-06,1e-08,2.4080100125156445,0.021581397358481073,0.8635881934420213,0.021581438434394452,0.8635880825973384,4.1075913378985085e-08,1.1084468287680949e-07,1.1084468287680949e-07,0.7817584731773071,-1.6494811188627716,0.7817584422263094,-1.6494812022381327,3.0950997653711454e-08,8.337536105962329e-08,8.893489240777548e-08,8.337536105962329e-08,-24.524993258687882,6.741312120084331e-06,6.741312120084331e-06,2.7487511193004407e-07,-24.524999340096233,6.59903768962522e-07,6.59903768962522e-07,2.6907391191132395e-08
screenshot_like_simple_start,dop853_moderate,DOP853,1e-06,1e-08,2.4130162703379225,0.01940591309140216,0.873042202430384,0.01940595976936902,0.8730420833953748,4.6677966859809406e-08,1.1903500918286625e-07,1.1903500918286625e-07,0.7856917850649675,-1.642310034723339,0.7856917552543461,-1.6423101250325525,2.981062141582669e-08,9.030921344077569e-08,9.510219335793116e-08,9.030921344077569e-08,-24.524993337314644,6.6626853580942225e-06,6.6626853580942225e-06,2.716691277510386e-07,-24.524999340434473,6.595655293040181e-07,6.595655293040181e-07,2.6893599563874337e-08
screenshot_like_simple_start,dop853_moderate,DOP853,1e-06,1e-08,2.4180225281602,0.01734647267055446,0.88222816302728,0.01734653434329947,0.8822280246302818,6.167274500812336e-08,1.383969981949562e-07,1.383969981949562e-07,0.7895022438573545,-1.635281785826557,0.7895022175789002,-1.6352818916209593,2.6278454301476017e-08,1.057944023497015e-07,1.090092323108703e-07,1.057944023497015e-07,-24.524993339964645,6.660035356986782e-06,6.660035356986782e-06,2.7156107469874745e-07,-24.524999355210447,6.447895550820704e-07,6.447895550820704e-07,2.6291113357067086e-08
screenshot_like_simple_start,dop853_moderate,DOP853,1e-06,1e-08,2.423028785982478,0.015400360247861997,0.8911477102377804,0.015400446950049072,0.8911475409368119,8.670218707568234e-08,1.6930096846667908e-07,1.6930096846667908e-07,0.7931933697021398,-1.6284011758223,0.7931933499850303,-1.6284013061683078,1.9717109500660968e-08,1.3034600776506977e-07,1.3182885172583688e-07,1.3034600776506977e-07,-24.524993253111777,6.746888224995473e-06,6.746888224995473e-06,2.751024760446676e-07,-24.524999359807587,6.401924146359761e-07,6.401924146359761e-07,2.6103666244076494e-08
screenshot_like_simple_start,dop853_moderate,DOP853,1e-06,1e-08,2.428035043804756,0.01356492078071906,0.8998024030878853,0.013565035018927404,0.899802199949703,1.1423820834438603e-07,2.0313818227535307e-07,2.0313818227535307e-07,0.7967685709033389,-1.6216727369858113,0.7967685588268619,-1.6216728945348575,1.2076476929578916e-08,1.575490462535356e-07,1.5801121248325813e-07,1.575490462535356e-07,-24.524993143204398,6.856795604193167e-06,6.856795604193167e-06,2.7958391862153583e-07,-24.524999355215275,6.447847269441809e-07,6.447847269441809e-07,2.6290916491098096e-08
screenshot_like_simple_start,dop853_moderate,DOP853,1e-06,1e-08,2.433041301627034,0.011837561423697136,0.9081937259327884,0.011837691333236802,0.9081935025197012,1.2990953966555974e-07,2.2341308714146635e-07,2.2341308714146635e-07,0.80023114429785,-1.615100744521106,0.8002311367610588,-1.6151009191208119,7.536791191142811e-09,1.7459970580446793e-07,1.7476229710228016e-07,1.7459970580446793e-07,-24.524993131285765,6.8687142373846655e-06,6.8687142373846655e-06,2.800698975488141e-07,-24.524999352000165,6.47999836900226e-07,6.47999836900226e-07,2.6422011698276287e-08
screenshot_like_simple_start,dop853_moderate,DOP853,1e-06,1e-08,2.438047559449312,0.010215721678353424,0.9163231258460476,0.010215866557987724,0.9163228829189325,1.4487963429996031e-07,2.429271150905521e-07,2.429271150905521e-07,0.8035842665481465,-1.608689201895697,0.8035842635404097,-1.6086893931464192,3.0077368373682134e-09,1.9125072214798422e-07,1.912743715268941e-07,1.9125072214798422e-07,-24.524993129797046,6.870202955866489e-06,6.870202955866489e-06,2.801305996275836e-07,-24.524999360590265,6.394097376016816e-07,6.394097376016816e-07,2.6071752807408015e-08
screenshot_like_simple_start,dop853_moderate,DOP853,1e-06,1e-08,2.4430538172715894,0.008696910908082464,0.9241919726817165,0.008697071573290461,0.9241917092225239,1.6066520799710993e-07,2.6345919257320105e-07,2.6345919257320105e-07,0.8068310050218745,-1.6024418853428573,0.8068310069521626,-1.602442094221343,1.9302880405192013e-09,2.0887848584116853e-07,2.0888740474049316e-07,2.0887848584116853e-07,-24.524993130246262,6.8697537400908e-06,6.8697537400908e-06,2.801122829802569e-07,-24.524999386326755,6.13673247329416e-07,6.13673247329416e-07,2.5022354631168845e-08
screenshot_like_simple_start,dop853_moderate,DOP853,1e-06,1e-08,2.4480600750938675,0.007278702207437479,0.9318015690629674,0.007278879613908749,0.9318012838621383,1.7740647126947978e-07,2.852008290643582e-07,2.852008290643582e-07,0.8099743165567427,-1.5963623495668013,0.8099743238678904,-1.5963625772049572,7.311147687261155e-09,2.2763815588078273e-07,2.2775553317824902e-07,2.2763815588078273e-07,-24.524993129927545,6.870072457587639e-06,6.870072457587639e-06,2.801252785968456e-07,-24.524999427933874,5.720661278019179e-07,5.720661278019179e-07,2.3325835996000728e-08
screenshot_like_simple_start,dop853_moderate,DOP853,1e-06,1e-08,2.453066332916145,0.005958733362414097,0.939153152220534,0.005958928215468914,0.9391528443470493,1.9485305481712484e-07,3.0787348470617815e-07,3.0787348470617815e-07,0.8130170483150407,-1.590453939050792,0.8130170613740203,-1.590454186361541,1.3058979564384288e-08,2.473107489908699e-07,2.4765529171347835e-07,2.473107489908699e-07,-24.524993126469614,6.873530388418203e-06,6.873530388418203e-06,2.8026627475711324e-07,-24.524999478278648,5.217213541186538e-07,5.217213541186538e-07,2.127304196202462e-08
screenshot_like_simple_start,dop853_moderate,DOP853,1e-06,1e-08,2.458072590738423,0.0047347086706240864,0.9462478947967281,0.004734920967809347,0.946247564148422,2.1229718526021013e-07,3.306483060683263e-07,3.306483060683263e-07,0.815961939000045,-1.584719799590653,0.8159619579544889,-1.5847200668163524,1.8954443903318463e-08,2.6722569934634066e-07,2.678970797429955e-07,2.6722569934634066e-07,-24.52499311998178,6.8800182226880224e-06,6.8800182226880224e-06,2.805308143807552e-07,-24.524999526494057,4.735059455640567e-07,4.735059455640567e-07,1.9307072194253075e-08
screenshot_like_simple_start,dop853_moderate,DOP853,1e-06,1e-08,2.463078848560701,0.003604400363020498,0.9530869060527205,0.0036046290759634524,0.9530865537424308,2.287129429543594e-07,3.52310289719604e-07,3.52310289719604e-07,0.8188116200351597,-1.5791628889389235,0.8188116446992326,-1.5791631753203847,2.4664072895141942e-08,2.8638146121195973e-07,2.874415728764266e-07,2.8638146121195973e-07,-24.524993112982333,6.887017669043871e-06,6.887017669043871e-06,2.8081621484378677e-07,-24.52499956071962,4.39280380959417e-07,4.39280380959417e-07,1.7911534391821284e-08
screenshot_like_simple_start,dop853_moderate,DOP853,1e-06,1e-08,2.4680851063829787,0.0025656497031669116,0.9596712333854632,0.0025658927292621578,0.9596708618078722,2.43026095246221e-07,3.7157759102957044e-07,3.7157759102957044e-07,0.8215686166964375,-1.5737859866336112,0.8215686465144387,-1.5737862903331736,2.9818001179293674e-08,3.03699562387294e-07,3.051598554668721e-07,3.03699562387294e-07,-24.524993109134137,6.890865865472051e-06,6.890865865472051e-06,2.8097312397439553e-07,-24.524999570873465,4.291265369715802e-07,4.291265369715802e-07,1.7497514249605717e-08
screenshot_like_simple_start,dop853_moderate,DOP853,1e-06,1e-08,2.4730913642052568,0.0016163678400479761,0.9660018640606166,0.001616622279046534,0.9660014765739168,2.54438998557871e-07,3.8748669983768025e-07,3.8748669983768025e-07,0.824235349196238,-1.568591703091843,0.8242353833126136,-1.5685920214344158,3.4116375613457706e-08,3.18342572747099e-07,3.201654583309082e-07,3.18342572747099e-07,-24.524993111550238,6.888449764375082e-06,6.888449764375082e-06,2.8087460812946304e-07,-24.524999551009014,4.489909883886867e-07,4.489909883886867e-07,1.8307481687612096e-08
screenshot_like_simple_start,dop853_moderate,DOP853,1e-06,1e-08,2.4780976220275344,0.0007545364904177586,0.9720797270678364,0.0007547992254804091,0.97207932731364,2.6273506265050983e-07,3.9975419641180565e-07,3.9975419641180565e-07,0.8268141337222721,-1.563582488053894,0.8268141711626156,-1.563582818076362,3.744034349217884e-08,3.3002246802027457e-07,3.321394416792524e-07,3.3002246802027457e-07,-24.524993121241135,6.878758867401302e-06,6.878758867401302e-06,2.804794645219695e-07,-24.524999500929127,4.99070875292773e-07,4.99070875292773e-07,2.0349475037421937e-08
screenshot_like_simple_start,dop853_moderate,DOP853,1e-06,1e-08,2.4831038798498124,-2.179147332046459e-05,0.9779056950048036,-2.1522986049984233e-05,0.9779052859789932,2.6848727048035814e-07,4.0902581044388597e-07,4.0902581044388597e-07,0.8293071834421482,-1.5587606384672448,0.8293072233818262,-1.558760977689969,3.99396780093042e-08,3.3922272413278165e-07,3.415658566770868e-07,3.3922272413278165e-07,-24.524993136150012,6.863849989713344e-06,6.863849989713344e-06,2.79871559213592e-07,-24.524999426831297,5.731687053867063e-07,5.731687053867063e-07,2.337079328793909e-08
screenshot_like_simple_start,dop853_moderate,DOP853,1e-06,1e-08,2.48811013767209,-0.0007144914537045906,0.9834805858963434,-0.000714218358457662,0.9834801689728447,2.730952469286868e-07,4.169234986139969e-07,4.169234986139969e-07,0.8317166094886995,-1.5541283059035698,0.8317166515545861,-1.5541286531586953,4.206588655186749e-08,3.472551255434553e-07,3.497937406924193e-07,3.472551255434553e-07,-24.52499315115791,6.848842090789731e-06,6.848842090789731e-06,2.792596163420889e-07,-24.524999340840925,6.591590775428813e-07,6.591590775428813e-07,2.6877026607253055e-08
screenshot_like_simple_start,dop853_moderate,DOP853,1e-06,1e-08,2.493116395494368,-0.0013253665012808793,0.9888051648550158,-0.001325087925910979,0.9888047390537553,2.78575369900419e-07,4.2580126047297995e-07,4.2580126047297995e-07,0.8340444219458927,-1.5496875036039195,0.8340444664629364,-1.5496878596745538,4.4517043717995364e-08,3.560706343108677e-07,3.5884267276890804e-07,3.560706343108677e-07,-24.524993159431226,6.840568776311784e-06,6.840568776311784e-06,2.789222742634774e-07,-24.524999259356562,7.406434399115369e-07,7.406434399115369e-07,3.019952864063351e-08
screenshot_like_simple_start,dop853_moderate,DOP853,1e-06,1e-08,2.498122653316646,-0.0018561465541500257,0.9938801454895279,-0.0018558595257329343,0.9938797073691186,2.870284170914533e-07,4.381204092851476e-07,4.381204092851476e-07,0.8362925308588938,-1.5454401132489664,0.8362925789175357,-1.5454404809916804,4.805864195489562e-08,3.6774271405803916e-07,3.7086970327774366e-07,3.6774271405803916e-07,-24.52499315552445,6.844475553435814e-06,6.844475553435814e-06,2.7908157200553776e-07,-24.52499920018295,7.998170516998471e-07,7.998170516998471e-07,3.2612316073388254e-08
screenshot_like_simple_start,dop853_moderate,DOP853,1e-06,1e-08,2.5031289111389237,-0.0023084874679979387,0.9987061909673443,-0.0023081877587561375,0.9987057356123253,2.997092418011854e-07,4.553550189134725e-07,4.553550189134725e-07,0.8384627472949596,-1.5413878915520052,0.8384628004784088,-1.541388275093179,5.3183449200133737e-08,3.8354117393168963e-07,3.872109391142272e-07,3.8354117393168963e-07,-24.524993140734782,6.8592652198162796e-06,6.8592652198162796e-06,2.796846165062703e-07,-24.524999178465848,8.21534154482606e-07,8.21534154482606e-07,3.34978248514824e-08
screenshot_like_simple_start,dop853_moderate,DOP853,1e-06,1e-08,2.5081351689612017,-0.0026839697898955062,1.0032839146732093,-0.0026836541376435014,1.0032834382995959,3.156522520048749e-07,4.763736134449914e-07,4.763736134449914e-07,0.8405567844738911,-1.537532476742705,0.8405568440569067,-1.5375328792874379,5.958301552144718e-08,4.025447328803722e-07,4.0693045807405373e-07,4.025447328803722e-07,-24.524993131042073,6.8689579286740354e-06,6.8689579286740354e-06,2.800798339928251e-07,-24.524999201467953,7.985320493730796e-07,7.985320493730796e-07,3.255992046373413e-08
screenshot_like_simple_start,dop853_moderate,DOP853,1e-06,1e-08,2.5131414267834793,-0.002984101359951863,1.0076138853250252,-0.002983767422685201,1.0076133851621198,3.3393726666178236e-07,5.001629053147383e-07,5.001629053147383e-07,0.8425762574831233,-1.5338753908361547,0.842576324391904,-1.533875814750457,6.690878073811746e-08,4.239143023276881e-07,4.2916211465812316e-07,4.239143023276881e-07,-24.524993129382423,6.870617578869087e-06,6.870617578869087e-06,2.8014750576428485e-07,-24.52499926223953,7.377604731573228e-07,7.377604731573228e-07,3.008197647940154e-08
screenshot_like_simple_start,dop853_moderate,DOP853,1e-06,1e-08,2.5181476846057573,-0.0032103171446276942,1.0116966285716693,-0.0032099641445836845,1.0116961036491636,3.530000440097464e-07,5.249225056846996e-07,5.249225056846996e-07,0.8445226838278453,-1.530418044403755,0.8445227583948799,-1.5304184905309879,7.456703454700175e-08,4.461272329336907e-07,4.5231598535338687e-07,4.461272329336907e-07,-24.524993127788047,6.872211955055718e-06,6.872211955055718e-06,2.802125160063493e-07,-24.524999332240757,6.677592452319914e-07,6.677592452319914e-07,2.7227696033924212e-08
screenshot_like_simple_start,dop853_moderate,DOP853,1e-06,1e-08,2.523153942428035,-0.0033639766425870177,1.0155326258482795,-0.003363608917688232,1.0155320810787694,3.6772489878577827e-07,5.447695101690186e-07,5.447695101690186e-07,0.8463974849761555,-1.5271617432659017,0.8463975655141206,-1.5271622074269033,8.05379650747895e-08,4.6416100163426677e-07,4.7109638000786404e-07,4.6416100163426677e-07,-24.524993127435394,6.872564608073617e-06,6.872564608073617e-06,2.802268953342963e-07,-24.52499935724651,6.427534913200361e-07,6.427534913200361e-07,2.6208093427932154e-08
screenshot_like_simple_start,dop853_moderate,DOP853,1e-06,1e-08,2.528160200250313,-0.003446364824245182,1.0191223172283892,-0.0034459845871854574,1.019121754993827,3.8023705972462657e-07,5.622345622402491e-07,5.622345622402491e-07,0.8482019865268464,-1.5241076913952132,0.8482020720867163,-1.5241081715316254,8.55598698557003e-08,4.801364121842511e-07,4.877001800644423e-07,4.801364121842511e-07,-24.524993127756243,6.872243758948571e-06,6.872243758948571e-06,2.8021381280116495e-07,-24.524999361317402,6.386826001403278e-07,6.386826001403278e-07,2.6042103981256993e-08
screenshot_like_simple_start,dop853_moderate,DOP853,1e-06,1e-08,2.533166458072591,-0.0034586919113751956,1.0224661027360589,-0.0034582991207570213,1.0224655228799693,3.927906181743282e-07,5.798560895886595e-07,5.798560895886595e-07,0.849937418714405,-1.5212569947215955,0.8499375092450197,-1.5212574909268974,9.053061467145795e-08,4.962053019585966e-07,5.043961675950899e-07,4.962053019585966e-07,-24.524993127639675,6.872360327037086e-06,6.872360327037086e-06,2.8021856583229705e-07,-24.52499936667722,6.333227808852371e-07,6.333227808852371e-07,2.582355885362842e-08
screenshot_like_simple_start,dop853_moderate,DOP853,1e-06,1e-08,2.5381727158948686,-0.0034020931892940667,1.0255643436032469,-0.003401687888376732,1.0255637461157672,4.0530091733465e-07,5.974874797143315e-07,5.974874797143315e-07,0.8516049168619891,-1.518610664597821,0.8516050122935719,-1.5186111768324948,9.543158274727404e-08,5.122346737884698e-07,5.210485083145617e-07,5.122346737884698e-07,-24.524993126148196,6.873851805977438e-06,6.873851805977438e-06,2.802793804679893e-07,-24.52499937091954,6.290804606123857e-07,6.290804606123857e-07,2.5650579433736416e-08
screenshot_like_simple_start,dop853_moderate,DOP853,1e-06,1e-08,2.5431789737171466,-0.0032776288479843467,1.0284173634662819,-0.0032772110866990277,1.0284167483687878,4.177612853190245e-07,6.150974940499765e-07,6.150974940499765e-07,0.85320552178234,-1.5161696209404094,0.8532056220432753,-1.5161701491301245,1.0026093533177516e-07,5.281897150766213e-07,5.376212702882251e-07,5.281897150766213e-07,-24.52499312288137,6.877118632786505e-06,6.877118632786505e-06,2.804125844153519e-07,-24.524999373461004,6.265389984605463e-07,6.265389984605463e-07,2.5546952026933588e-08
screenshot_like_simple_start,dop853_moderate,DOP853,1e-06,1e-08,2.5481852315394242,-0.0030862838485065875,1.0310254494952988,-0.0030858536610328872,1.0310248168113074,4.3018747370024077e-07,6.326839914194693e-07,6.326839914194693e-07,0.8547401801269607,-1.5139346950600308,0.8547402851509468,-1.513935239120582,1.0502398606337948e-07,5.440605512774255e-07,5.541046120588936e-07,5.440605512774255e-07,-24.5249931180876,6.8819124017238664e-06,6.8819124017238664e-06,2.8060804899995377e-07,-24.524999374624045,6.253759572416584e-07,6.253759572416584e-07,2.5499529347264356e-08
screenshot_like_simple_start,dop853_moderate,DOP853,1e-06,1e-08,2.5531914893617023,-0.0028289678110579703,1.0333888534505145,-0.0028285252255862573,1.0333882032245254,4.425854717130147e-07,6.502259890517337e-07,6.502259890517337e-07,0.8562097446842073,-1.5119066321950418,0.8562098544101286,-1.5119071920161882,1.0972592134894654e-07,5.598211463286873e-07,5.704730437914141e-07,5.598211463286873e-07,-24.52499311260002,6.887399983668274e-06,6.887399983668274e-06,2.80831803615424e-07,-24.524999375055994,6.249440076544488e-07,6.249440076544488e-07,2.548191672393267e-08
screenshot_like_simple_start,dop853_moderate,DOP853,1e-06,1e-08,2.55819774718398,-0.0025065149210329583,1.0355077926591967,-0.002506059982709617,1.0355071249925554,4.549383233413279e-07,6.676666413074628e-07,6.676666413074628e-07,0.8576149746271668,-1.5100860937611595,0.8576150889943034,-1.5100866691756751,1.1436713653889541e-07,5.754145155911772e-07,5.866700151474724e-07,5.754145155911772e-07,-24.524993107654204,6.892345798092947e-06,6.892345798092947e-06,2.810334678121487e-07,-24.524999375393932,6.246060699766076e-07,6.246060699766076e-07,2.546813740985148e-08
screenshot_like_simple_start,dop853_moderate,DOP853,1e-06,1e-08,2.563204005006258,-0.0021196838494409414,1.0373824509072038,-0.002119216641866342,1.0373817659874829,4.6720757459952494e-07,6.849197209390923e-07,6.849197209390923e-07,0.8589565357123813,-1.5084736593296182,0.858956654653529,-1.5084742500878043,1.1894114770871766e-07,5.907581861475109e-07,6.026128368351972e-07,5.907581861475109e-07,-24.52499310463351,6.895366492898347e-06,6.895366492898347e-06,2.8115663579605896e-07,-24.524999376103157,6.238968452976223e-07,6.238968452976223e-07,2.5439218972380112e-08
screenshot_like_simple_start,dop853_moderate,DOP853,1e-06,1e-08,2.568210262828536,-0.0016691576840370272,1.039012979238952,-0.001668678339058823,1.0390122773467654,4.793449782042672e-07,7.018921865942218e-07,7.018921865942218e-07,0.860235000430577,-1.5070698283455157,0.8602351238653471,-1.5070704341091716,1.2343477007181747e-07,6.057636559031465e-07,6.182117349871548e-07,6.057636559031465e-07,-24.52499310478002,6.895219982538947e-06,6.895219982538947e-06,2.8115066187722513e-07,-24.524999377432575,6.225674269444426e-07,6.225674269444426e-07,2.53850123117e-08
screenshot_like_simple_start,dop853_moderate,DOP853,1e-06,1e-08,2.5732165206508135,-0.001155543867520891,1.0403994966596828,-0.001155052557437945,1.0403987781442658,4.913100829461153e-07,7.185154169420116e-07,7.185154169420116e-07,0.8614508481106158,-1.5058750215973582,0.8614509759406664,-1.5058756419608286,1.2783005065575281e-07,6.203634703716432e-07,6.33396682358063e-07,6.203634703716432e-07,-24.524993108906394,6.891093608629717e-06,6.891093608629717e-06,2.80982410137807e-07,-24.524999379442512,6.205574898388022e-07,6.205574898388022e-07,2.5303057689655542e-08
screenshot_like_simple_start,dop853_moderate,DOP853,1e-06,1e-08,2.5782227784730916,-0.0005793741391592945,1.0415420907338933,-0.0005788710498242861,1.0415413559561977,5.03089335008363e-07,7.347776955768381e-07,7.347776955768381e-07,0.8626044649778587,-1.504889582448119,0.8626045970851491,-1.5048902169875653,1.3210729044033087e-07,6.345394463203036e-07,6.481455431644681e-07,6.345394463203036e-07,-24.524993117143794,6.882856208534349e-06,6.882856208534349e-06,2.806465324580774e-07,-24.52499938207079,6.179292135755077e-07,6.179292135755077e-07,2.51958904617944e-08
screenshot_like_simple_start,dop853_moderate,DOP853,1e-06,1e-08,2.583229036295369,5.889552381162233e-05,1.0424408180737947,5.9410236130070983e-05,1.0424400673232634,5.147123184486534e-07,7.507505312975837e-07,7.507505312975837e-07,0.8636961441680706,-1.5041137778374094,0.8636962804164569,-1.5041144261829438,1.362483862399344e-07,6.483455343708755e-07,6.625070223715689e-07,6.483455343708755e-07,-24.524993128764315,6.871235687100352e-06,6.871235687100352e-06,2.801727089541428e-07,-24.524999385210876,6.147891262742178e-07,6.147891262742178e-07,2.5067854282333038e-08
screenshot_like_simple_start,dop853_moderate,DOP853,1e-06,1e-08,2.588235294117647,0.000758884968650007,1.0430957047116696,0.0007594112294121913,1.043094938110277,5.2626076218424e-07,7.666013925877735e-07,7.666013925877735e-07,0.8647260856978567,-1.5035477990636112,0.8647262259375487,-1.5035484609824126,1.4023969197030084e-07,6.619188013257116e-07,6.766119055650673e-07,6.619188013257116e-07,-24.524993142121215,6.857878787513982e-06,6.857878787513982e-06,2.796280851177974e-07,-24.524999388782845,6.112171568872782e-07,6.112171568872782e-07,2.4922208231897173e-08
screenshot_like_simple_start,dop853_moderate,DOP853,1e-06,1e-08,2.593241551939925,0.0015202899370808532,1.043506746349986,0.001520827803021504,1.043505963764544,5.37865940650889e-07,7.82585442005157e-07,7.82585442005157e-07,0.8656943963924357,-1.5031917623540616,0.8656945404660378,-1.5031924378261268,1.4407360204859998e-07,6.754720651702684e-07,6.906661376038683e-07,6.754720651702684e-07,-24.524993154757013,6.845242989328426e-06,6.845242989328426e-06,2.791128639889266e-07,-24.524999392783194,6.072168083903762e-07,6.072168083903762e-07,2.4759095143338476e-08
screenshot_like_simple_start,dop853_moderate,DOP853,1e-06,1e-08,2.598247809762203,0.0023428821464237257,1.043673908483145,0.0023434318365191985,1.04367310947429,5.496900954728157e-07,7.990088550791086e-07,7.990088550791086e-07,0.8666010897713159,-1.5030457092305791,0.8666012375194574,-1.5030463984923723,1.4774814149909332e-07,6.89261793196394e-07,7.049193804093804e-07,6.89261793196394e-07,-24.52499316373697,6.8362630329943386e-06,6.8362630329943386e-06,2.7874670878672124e-07,-24.52499939730441,6.026955929883115e-07,6.026955929883115e-07,2.4574743852734413e-08
screenshot_like_simple_start,dop853_moderate,DOP853,1e-06,1e-08,2.603254067584481,0.003226509385518295,1.0435971263847157,0.0032270712730236295,1.0435963102284151,5.618875053344657e-07,8.161563005426586e-07,8.161563005426586e-07,0.8674460858921406,-1.5031096066768148,0.8674462371561092,-1.5031103102018144,1.5126396868403447e-07,7.035249995901438e-07,7.196028163302006e-07,7.035249995901438e-07,-24.52499316627337,6.8337266334594915e-06,6.8337266334594915e-06,2.7864328780670706e-07,-24.524999402519366,5.974806356334739e-07,5.974806356334739e-07,2.4362105428480074e-08
screenshot_like_simple_start,dop853_moderate,DOP853,1e-06,1e-08,2.6082603254067585,0.00417109562909375,1.0432763049540352,0.0041716701699251,1.0432754707788632,5.74540831349904e-07,8.341751720486457e-07,8.341751720486457e-07,0.8682292111526315,-1.5033833471130462,0.8682293657710168,-1.5033840654920856,1.5461838531738437e-07,7.183790393661127e-07,7.348301091264116e-07,7.183790393661127e-07,-24.524993160713972,6.8392860299582026e-06,6.8392860299582026e-06,2.788699706404975e-07,-24.52499940862971,5.913702914028818e-07,5.913702914028818e-07,2.4112957855367247e-08
screenshot_like_simple_start,dop853_moderate,DOP853,1e-06,1e-08,2.6132665832290365,0.005176641174226053,1.0427113184160304,0.005177228742591262,1.0427104655068822,5.875683652088737e-07,8.52909148196801e-07,8.52909148196801e-07,0.8689501980501586,-1.5038667481831598,0.868950355846349,-1.5038674818615752,1.5779619044753446e-07,7.336784153544329e-07,7.504556315177776e-07,7.336784153544329e-07,-24.524993147974975,6.852025027370701e-06,6.852025027370701e-06,2.793893996889174e-07,-24.52499941578166,5.842183412596569e-07,5.842183412596569e-07,2.382133909315624e-08
screenshot_like_simple_start,dop853_moderate,DOP853,1e-06,1e-08,2.618272841051314,0.006243222802526614,1.0419020098681335,0.006243823400333897,1.041901138194466,6.005978072827489e-07,8.716736674685421e-07,8.716736674685421e-07,0.8696086848980296,-1.504559552357628,0.8696088456555394,-1.5045603011805881,1.6075750985944381e-07,7.488229600838281e-07,7.658843271179503e-07,7.488229600838281e-07,-24.524993133504882,6.866495120050331e-06,6.866495120050331e-06,2.799794136615833e-07,-24.52499942395723,5.76042772593155e-07,5.76042772593155e-07,2.3487982572605703e-08
screenshot_like_simple_start,dop853_moderate,DOP853,1e-06,1e-08,2.623279098873592,0.0073709938525996915,1.0408481908635747,0.007371606773911056,1.0408473017022541,6.129213113645338e-07,8.891613205719295e-07,8.891613205719295e-07,0.8702042154767792,-1.5054614261876023,0.8702043789201938,-1.5054621888674025,1.6344341458029987e-07,7.626798002036139e-07,7.799962996119227e-07,7.626798002036139e-07,-24.524993128064015,6.871935987362576e-06,6.871935987362576e-06,2.8020126350102243e-07,-24.52499943285457,5.671454310629542e-07,5.671454310629542e-07,2.312519596586969e-08
screenshot_like_simple_start,dop853_moderate,DOP853,1e-06,1e-08,2.6282853566958697,0.008560182502727833,1.039549644003103,0.008560807733833515,1.0395487375551788,6.25231105682092e-07,9.064479240539214e-07,9.064479240539214e-07,0.8707362384252338,-1.5065719566606977,0.8707364044187674,-1.5065727328260579,1.6599353358515145e-07,7.761653602056384e-07,7.937169014045457e-07,7.761653602056384e-07,-24.52499312118942,6.878810580701611e-06,6.878810580701611e-06,2.8048157311729296e-07,-24.524999441777496,5.582225064415525e-07,5.582225064415525e-07,2.2761366215761568e-08
screenshot_like_simple_start,dop853_moderate,DOP853,1e-06,1e-08,2.6332916145181477,0.009811094043543788,1.0380061188802026,0.009811731398750358,1.0380051954371357,6.37355206570267e-07,9.234430669025073e-07,9.234430669025073e-07,0.8712041072742611,-1.507890652948003,0.8712042755458774,-1.5078914421420828,1.6827161630761367e-07,7.891940798643304e-07,8.069340943024305e-07,7.891940798643304e-07,-24.524993115164392,6.88483561006592e-06,6.88483561006592e-06,2.8072724200064915e-07,-24.524999449562465,5.504375373277526e-07,5.504375373277526e-07,2.2443936282477168e-08
screenshot_like_simple_start,dop853_moderate,DOP853,1e-06,1e-08,2.638297872340426,0.011124110096606785,1.0362173323865687,0.011124759133182357,1.036216392595969,6.490365755725674e-07,9.397905995633948e-07,9.397905995633948e-07,0.8716070796284133,-1.5094169440778824,0.871607249821047,-1.5094177455316626,1.7019263365281034e-07,8.014537802303323e-07,8.193251457114993e-07,8.014537802303323e-07,-24.524993113599837,6.8864001647739315e-06,6.8864001647739315e-06,2.807910362802826e-07,-24.524999454581124,5.454188780618097e-07,5.454188780618097e-07,2.2239301857770014e-08
screenshot_like_simple_start,dop853_moderate,DOP853,1e-06,1e-08,2.6433041301627034,0.01249968816204783,1.0341829687664703,0.012500348533877475,1.0341820131600479,6.603718296447486e-07,9.55606422436972e-07,9.55606422436972e-07,0.8719443165587901,-1.5111501765026745,0.8719444883455927,-1.511150989539114,1.717868025608027e-07,8.13036439506476e-07,8.309867372584425e-07,8.13036439506476e-07,-24.524993114647106,6.885352895835695e-06,6.885352895835695e-06,2.807483341829029e-07,-24.52499945486849,5.451315132631862e-07,5.451315132631862e-07,2.2227584638662024e-08
screenshot_like_simple_start,dop853_moderate,DOP853,1e-06,1e-08,2.6483103879849814,0.013938361789815293,1.0319026785850216,0.013939033404059293,1.031901707367719,6.716142440001127e-07,9.712173025810955e-07,9.712173025810955e-07,0.8722148820735873,-1.5130896122647584,0.8722150552063339,-1.5130904364768367,1.7313274658370403e-07,8.242120783652496e-07,8.421997969975897e-07,8.242120783652496e-07,-24.524993114163383,6.885836619119345e-06,6.885836619119345e-06,2.8076805786419345e-07,-24.52499944844166,5.515583438864269e-07,5.515583438864269e-07,2.248963685571567e-08
screenshot_like_simple_start,dop853_moderate,DOP853,1e-06,1e-08,2.653316645807259,0.015440740678548469,1.0293760776912961,0.015441423714838823,1.0293750907109216,6.830362903539888e-07,9.869803745399253e-07,9.869803745399253e-07,0.8724177425142383,-1.5152344268278084,0.8724179168247642,-1.5152352621012448,1.7431052590222151e-07,8.352734364169834e-07,8.532677616224262e-07,8.352734364169834e-07,-24.524993108178844,6.8918211582058575e-06,6.8918211582058575e-06,2.8101207576782294e-07,-24.524999433891466,5.661085360486595e-07,5.661085360486595e-07,2.3082916862330662e-08
screenshot_like_simple_start,dop853_moderate,DOP853,1e-06,1e-08,2.658322903629537,0.017007510703585776,1.0266027461747027,0.017008205553064572,1.026601742994243,6.948494787953341e-07,1.00318045981318e-06,1.00318045981318e-06,0.8725517658767316,-1.5175837065689683,0.8725519412503389,-1.517584553017478,1.7537360730290885e-07,8.464485097281482e-07,8.644252320238217e-07,8.464485097281482e-07,-24.524993094547597,6.905452405447932e-06,6.905452405447932e-06,2.815678860529228e-07,-24.52499941135093,5.886490725970361e-07,5.886490725970361e-07,2.400200092138781e-08
screenshot_like_simple_start,dop853_moderate,DOP853,1e-06,1e-08,2.6633291614518146,0.018639433875607125,1.0235822273130548,0.018640141054878726,1.0235812073107022,7.071792716001335e-07,1.0200023525808177e-06,1.0200023525808177e-06,0.8726157210581422,-1.5201364459272648,0.8726158973965391,-1.5201373038050092,1.7633839688446784e-07,8.578777443979391e-07,8.758135957777087e-07,8.578777443979391e-07,-24.52499307375645,6.926243553806444e-06,6.926243553806444e-06,2.8241563929893753e-07,-24.524999383969366,6.160306362801293e-07,6.160306362801293e-07,2.51184765047963e-08
screenshot_like_simple_start,dop853_moderate,DOP853,1e-06,1e-08,2.6683354192740927,0.020337348231418285,1.0203140265107504,0.02033806832425528,1.0203129889355418,7.200928369942294e-07,1.037575208640007e-06,1.037575208640007e-06,0.8726082770288587,-1.5228915442032127,0.8726084542184486,-1.5228924138555442,1.7718958988943712e-07,8.696523314810634e-07,8.875197622676558e-07,8.696523314810634e-07,-24.524993048948247,6.951051755521576e-06,6.951051755521576e-06,2.8342718676948316e-07,-24.52499936005122,6.399487837427387e-07,6.399487837427387e-07,2.6093732262700862e-08
screenshot_like_simple_start,dop853_moderate,DOP853,1e-06,1e-08,2.6733416770963707,0.022102167658376394,1.0167976102254948,0.02210290130533069,1.0167965541882067,7.336469542949808e-07,1.056037288060807e-06,1.056037288060807e-06,0.8725280019314456,-1.525847802004126,0.8725281798259151,-1.5258486838729877,1.778944694885709e-07,8.818688617129311e-07,8.996327759333143e-07,8.818688617129311e-07,-24.524993025286488,6.974713514296127e-06,6.974713514296127e-06,2.8439198835050465e-07,-24.52499935420567,6.457943335647087e-07,6.457943335647087e-07,2.6332082918030935e-08
screenshot_like_simple_start,dop853_moderate,DOP853,1e-06,1e-08,2.6783479349186483,0.02393488165396372,1.0130324048819843,0.0239356288623191,1.0130313303715643,7.472083553769493e-07,1.074510419973862e-06,1.074510419973862e-06,0.87237336210755,-1.5290039173292327,0.8723735403734006,-1.5290048111044554,1.7826585063662748e-07,8.937752227211604e-07,9.113796477064102e-07,8.937752227211604e-07,-24.524993008844564,6.991155437674479e-06,6.991155437674479e-06,2.850624031671551e-07,-24.524999357463937,6.425360652428935e-07,6.425360652428935e-07,2.619922794058689e-08
screenshot_like_simple_start,dop853_moderate,DOP853,1e-06,1e-08,2.6833541927409263,0.025836555022011952,1.009017795770976,0.025837314898232322,1.0090167040154512,7.598762203700482e-07,1.0917555248735056e-06,1.0917555248735056e-06,0.8721427210547293,-1.5323584812882505,0.8721428991071514,-1.5323593856198152,1.7805242202850735e-07,9.043315647438988e-07,9.216931398151806e-07,9.043315647438988e-07,-24.52499300524375,6.994756251543777e-06,6.994756251543777e-06,2.852092253432732e-07,-24.524999358670964,6.413290378759484e-07,6.413290378759484e-07,2.6150011738061096e-08
screenshot_like_simple_start,dop853_moderate,DOP853,1e-06,1e-08,2.688360450563204,0.027808327507078547,1.004753125932177,0.027809098836808967,1.00475201860966,7.713297304201561e-07,1.1073225170132872e-06,1.1073225170132872e-06,0.8718343383155769,-1.5359099734466026,0.871834515493264,-1.5359108866123263,1.771776870773678e-07,9.131657237038127e-07,9.301954481428048e-07,9.131657237038127e-07,-24.524993018287123,6.981712878939561e-06,6.981712878939561e-06,2.846773854817354e-07,-24.524999357788122,6.42211880119703e-07,6.42211880119703e-07,2.618600938306638e-08
screenshot_like_simple_start,dop853_moderate,DOP853,1e-06,1e-08,2.693366708385482,0.0298514133684831,1.0002376950193608,0.029852194966554325,1.0002365737862924,7.815980712262693e-07,1.1212330683907368e-06,1.1212330683907368e-06,0.8714463683020142,-1.5396567567900292,0.8714465439707959,-1.5396576770901067,1.7566878174335443e-07,9.203000774782311e-07,9.36916086683131e-07,9.203000774782311e-07,-24.524993048839892,6.951160109736065e-06,6.951160109736065e-06,2.834316048822045e-07,-24.524999357764806,6.42235196579577e-07,6.42235196579577e-07,2.6186960105181526e-08
screenshot_like_simple_start,dop853_moderate,DOP853,1e-06,1e-08,2.6983729662077596,0.0319671008955018,0.9954707581461556,0.03196789181716213,0.995469624345102,7.909216603249614e-07,1.1338010535988374e-06,1.1338010535988374e-06,0.8709768590581476,-1.5435970723008368,0.8709770326649763,-1.5435979982973285,1.7360682869060895e-07,9.25996491707437e-07,9.421299451893522e-07,9.25996491707437e-07,-24.52499309418781,6.905812192314897e-06,6.905812192314897e-06,2.8158255626156565e-07,-24.524999361365392,6.386346100839546e-07,6.386346100839546e-07,2.6040147200161245e-08
screenshot_like_simple_start,dop853_moderate,DOP853,1e-06,1e-08,2.7033792240300376,0.03415675186522922,0.9904515247109099,0.03415755156377079,0.9904503791487886,7.996985415675839e-07,1.1455621212741463e-06,1.1455621212741463e-06,0.8704237509656255,-1.547729033137583,0.8704239220713328,-1.5477299638305153,1.7110570726952545e-07,9.306929322772106e-07,9.462909157605588e-07,9.306929322772106e-07,-24.524993148062126,6.851937875751446e-06,6.851937875751446e-06,2.7938584610607323e-07,-24.524999369570146,6.304298558745813e-07,6.304298558745813e-07,2.57056006472816e-08
screenshot_like_simple_start,dop853_moderate,DOP853,1e-06,1e-08,2.7083854818523156,0.036421800944605225,0.985179157199076,0.03642260941710924,0.9851779999434528,8.08472504013058e-07,1.157255623218667e-06,1.157255623218667e-06,0.8697848753959943,-1.5520506184094924,0.8697850437005742,-1.5520515533927033,1.6830457993943782e-07,9.349832108540568e-07,9.500105453138677e-07,9.349832108540568e-07,-24.52499320144954,6.798550462150388e-06,6.798550462150388e-06,2.7720898928238074e-07,-24.524999381197752,6.188022503295088e-07,6.188022503295088e-07,2.523148829070372e-08
screenshot_like_simple_start,dop853_moderate,DOP853,1e-06,1e-08,2.7133917396745932,0.03876375503811528,0.9796527699615243,0.038764572957597394,0.9796516001593797,8.179194821156255e-07,1.169802144596055e-06,1.169802144596055e-06,0.8690579533151407,-1.556559666536427,0.8690581186761334,-1.55656060612931,1.6536099267661086e-07,9.395928830535638e-07,9.540330412432801e-07,9.395928830535638e-07,-24.52499324420623,6.755793773294272e-06,6.755793773294272e-06,2.754655972800926e-07,-24.524999393385503,6.066144990768407e-07,6.066144990768407e-07,2.473453614992215e-08
screenshot_like_simple_start,dop853_moderate,DOP853,1e-06,1e-08,2.7183979974968713,0.041184192582665764,0.9738714279672173,0.04118502137146045,0.9738702437473479,8.287887946836769e-07,1.1842198693878814e-06,1.1842198693878814e-06,0.8682405938455294,-1.56125386818475,0.8682407562788189,-1.561254813491073,1.6243328948561953e-07,9.453063229969416e-07,9.591603712785038e-07,9.453063229969416e-07,-24.52499326736365,6.732636350648136e-06,6.732636350648136e-06,2.7452135986332865e-07,-24.52499940256806,5.974319421397922e-07,5.974319421397922e-07,2.436011996492527e-08
screenshot_like_simple_start,dop853_moderate,DOP853,1e-06,1e-08,2.723404255319149,0.043684762791135825,0.967834145528673,0.0436856045469151,0.967832944105653,8.417557792739228e-07,1.201423019958625e-06,1.201423019958625e-06,0.8673302927925938,-1.5661307587689302,0.8673304524359885,-1.5661317115713516,1.5964339472596123e-07,9.528024214056074e-07,9.660840893607646e-07,9.528024214056074e-07,-24.5249932658479,6.734152101728341e-06,6.734152101728341e-06,2.745831641887193e-07,-24.52499940561713,5.943828718102395e-07,5.943828718102395e-07,2.4235794976972046e-08
screenshot_like_simple_start,dop853_moderate,DOP853,1e-06,1e-08,2.728410513141427,0.04626718484611423,0.9615398849986302,0.04626804198849392,0.9615386631530211,8.571423796913114e-07,1.2218456091339647e-06,1.2218456091339647e-06,0.8663244311423217,-1.5711877105082794,0.8663245881560778,-1.5711886728675801,1.5701375610799317e-07,9.623593006935494e-07,9.750839672759048e-07,9.623593006935494e-07,-24.524993241131227,6.758868774880966e-06,6.758868774880966e-06,2.755909796077866e-07,-24.524999400843807,5.991561948803792e-07,5.991561948803792e-07,2.4430425887069486e-08
screenshot_like_simple_start,dop853_moderate,DOP853,1e-06,1e-08,2.7334167709637045,0.04893324704531849,0.9549875554363543,0.04893412150756158,0.9549863106026144,8.744622430889581e-07,1.24483373986628e-06,1.24483373986628e-06,0.8652202735378133,-1.5764219240277177,0.8652204279131643,-1.5764228974196244,1.5437535105800038e-07,9.733919066334806e-07,9.855574833127917e-07,9.733919066334806e-07,-24.5249932030913,6.796908703421423e-06,6.796908703421423e-06,2.7714204703043513e-07,-24.524999388622483,6.113775192773119e-07,6.113775192773119e-07,2.4928746963397016e-08
screenshot_like_simple_start,dop853_moderate,DOP853,1e-06,1e-08,2.7384230287859825,0.05168480590020654,0.9481760112419945,0.05168569764709083,0.9481747434923007,8.917468842864484e-07,1.2677496937785193e-06,1.2677496937785193e-06,0.8640149667433525,-1.5818304194910304,0.864015117990517,-1.5818314032813983,1.5124716445935604e-07,9.8379036783669e-07,9.95348779375976e-07,9.8379036783669e-07,-24.52499317006843,6.829931571417092e-06,6.829931571417092e-06,2.784885452157835e-07,-24.524999371471104,6.285288982610382e-07,6.285288982610382e-07,2.56280896334776e-08
screenshot_like_simple_start,dop853_moderate,DOP853,1e-06,1e-08,2.7434292866082606,0.05452378257823995,0.9411040541993089,0.05452468979875181,0.9411027660263876,9.072205118601517e-07,1.2881729212210757e-06,1.2881729212210757e-06,0.8627055375251153,-1.5874100246151335,0.8627056847967752,-1.5874110162862922,1.4727165997818759e-07,9.91671158745433e-07,1.002547070675607e-06,9.91671158745433e-07,-24.524993147436998,6.85256300414494e-06,6.85256300414494e-06,2.794113355410781e-07,-24.524999353517046,6.464829560570706e-07,6.464829560570706e-07,2.6360161307118067e-08
screenshot_like_simple_start,dop853_moderate,DOP853,1e-06,1e-08,2.748435544430538,0.057452147196773565,0.9337704516656202,0.057453079970380905,0.9337691297839983,9.327736073400095e-07,1.3218816219406904e-06,1.3218816219406904e-06,0.861288888204409,-1.59315735001443,0.8612890331734868,-1.593158359071893,1.4496907785321866e-07,1.0090574629195714e-06,1.0194179697294408e-06,1.0090574629195714e-06,-24.524993045959814,6.9540401881340586e-06,6.9540401881340586e-06,2.835490392715212e-07,-24.52499933939049,6.60609511982102e-07,6.60609511982102e-07,2.6936167664917513e-08
screenshot_like_simple_start,dop853_moderate,DOP853,1e-06,1e-08,2.753441802252816,0.06047195495068212,0.9261738860301101,0.06047291016188792,0.926172534349277,9.552112057997775e-07,1.3516808330393815e-06,1.3516808330393815e-06,0.8597618034743059,-1.599068816629837,0.8597619447182144,-1.5990698393351197,1.4124390856906643e-07,1.0227052826827787e-06,1.032412677631929e-06,1.0227052826827787e-06,-24.524992973836422,7.02616357983743e-06,7.02616357983743e-06,2.8648985035015003e-07,-24.524999332717677,6.672823253950355e-07,6.672823253950355e-07,2.7208249761265463e-08
screenshot_like_simple_start,dop853_moderate,DOP853,1e-06,1e-08,2.758448060075094,0.06358530955834829,0.9183129994940161,0.06358627930765909,0.9183116284186211,9.697493107974076e-07,1.3710753949958132e-06,1.3710753949958132e-06,0.8581209408286299,-1.6051406094896854,0.8581210761532735,-1.6051416372953664,1.3532464360199725e-07,1.0278056810086866e-06,1.0366760714320252e-06,1.0278056810086866e-06,-24.524992966320344,7.033679658263736e-06,7.033679658263736e-06,2.86796316341029e-07,-24.52499933453238,6.654676205641863e-07,6.654676205641863e-07,2.713425568049689e-08
screenshot_like_simple_start,dop853_moderate,DOP853,1e-06,1e-08,2.763454317897372,0.06679435866841962,0.9101863973745188,0.06679533974352343,0.9101850114401094,9.810751038091814e-07,1.3859344093480885e-06,1.3859344093480885e-06,0.856362829297134,-1.6113686634743192,0.8563629577763523,-1.6113696923506153,1.284792182643102e-07,1.0288762961607745e-06,1.0368670803566491e-06,1.0288762961607745e-06,-24.524992987067844,7.012932158545482e-06,7.012932158545482e-06,2.859503428560849e-07,-24.524999342083674,6.579163276398958e-07,6.579163276398958e-07,2.682635382833418e-08
screenshot_like_simple_start,dop853_moderate,DOP853,1e-06,1e-08,2.7684605757196494,0.07010129630782,0.9017926420112853,0.07010229315633469,0.901791235840333,9.968485146921724e-07,1.4061709522339427e-06,1.4061709522339427e-06,0.8544838697503394,-1.6177486556873124,0.8544839920357967,-1.6177496889197567,1.2228545731574059e-07,1.0332324442696716e-06,1.0404436635216729e-06,1.0332324442696716e-06,-24.524992980071993,7.0199280095550876e-06,7.0199280095550876e-06,2.8623559671988124e-07,-24.524999348686787,6.513132149166267e-07,6.513132149166267e-07,2.6557113758068366e-08
screenshot_like_simple_start,dop853_moderate,DOP853,1e-06,1e-08,2.7734668335419275,0.07350836271941047,0.8931302499420961,0.0735093863794759,0.8931288094989833,1.0236600654356387e-06,1.4404431127879036e-06,1.4404431127879036e-06,0.8524803346659575,-1.6242759947723786,0.852480452436751,-1.6242770417515224,1.1777079345076658e-07,1.0469791438261211e-06,1.0535821218096388e-06,1.0469791438261211e-06,-24.524992901600925,7.098399077420936e-06,7.098399077420936e-06,2.894352325146151e-07,-24.524999339130094,6.608699081311897e-07,6.608699081311897e-07,2.69467852449007e-08
screenshot_like_simple_start,dop853_moderate,DOP853,1e-06,1e-08,2.7784730913642055,0.07701784171195876,0.8841976922064557,0.0770189068054422,0.8841961988316144,1.0650934834377512e-06,1.4933748413437087e-06,1.4933748413437087e-06,0.8503483675524096,-1.6309458074312364,0.8503484828220474,-1.6309468804658624,1.1526963783481392e-07,1.0730346260423573e-06,1.0792082274021222e-06,1.0730346260423573e-06,-24.524992736263723,7.263736279128352e-06,7.263736279128352e-06,2.961768105658859e-07,-24.52499932100942,6.789905810933305e-07,6.789905810933305e-07,2.768565060523264e-08
screenshot_like_simple_start,dop853_moderate,DOP853,1e-06,1e-08,2.783479349186483,0.08063205564509293,0.8749933976360516,0.08063317509209329,0.8749918347023873,1.1194470003611512e-06,1.5629336642675185e-06,1.5629336642675185e-06,0.8480839822347477,-1.6377529224151233,0.8480840962001844,-1.6377540318611432,1.1396543675434856e-07,1.1094460199423395e-06,1.1152840857559599e-06,1.115809862853312e-06,-24.52499250108874,7.498911262615593e-06,7.498911262615593e-06,3.057660045918692e-07,-24.52499931806851,6.819314926076459e-07,6.819314926076459e-07,2.7805565447814303e-08
screenshot_like_simple_start,dop853_moderate,DOP853,1e-06,1e-08,2.788485607008761,0.08435335817190451,0.8655157589909482,0.08435453858850848,0.8655141179031234,1.1804166039769415e-06,1.6410878248551697e-06,1.6410878248551697e-06,0.8456830622165346,-1.6446918522805594,0.8456831746038639,-1.644693002397947,1.1238732933183115e-07,1.150117387549443e-06,1.1555954815323126e-06,1.1762194141867743e-06,-24.524992241144343,7.75885565929002e-06,7.75885565929002e-06,3.1636516449704465e-07,-24.524999322363666,6.776363363769633e-07,6.776363363769633e-07,2.7630431656553037e-08
screenshot_like_simple_start,dop853_moderate,DOP853,1e-06,1e-08,2.7934918648310387,0.08818412486186585,0.8557631418004072,0.08818536282102274,0.855761426874639,1.237959156893953e-06,1.7149257682813612e-06,1.7149257682813612e-06,0.8431413603378731,-1.6517567732183545,0.8431414691073397,-1.6517579590812623,1.0876946654470032e-07,1.185862907870927e-06,1.1908407253350506e-06,1.2331487504180227e-06,-24.524992019782093,7.98021790870962e-06,7.98021790870962e-06,3.253911481634911e-07,-24.52499931593542,6.840645809802481e-07,6.840645809802481e-07,2.7892541528246608e-08
screenshot_like_simple_start,dop853_moderate,DOP853,1e-06,1e-08,2.7984981226533168,0.09212674182673818,0.8457338957671919,0.09212802190574416,0.8457321267855615,1.280079005988588e-06,1.7689816304011785e-06,1.7689816304011785e-06,0.8404544989546957,-1.6589415032837298,0.8404546004469875,-1.6589427095276044,1.01492291793015e-07,1.2062438745630288e-06,1.2105060802053936e-06,1.2746505409499953e-06,-24.524991906066912,8.093933089980965e-06,8.093933089980965e-06,3.300278528024858e-07,-24.524999286340584,7.136594177836741e-07,7.136594177836741e-07,2.909926270269823e-08
screenshot_like_simple_start,dop853_moderate,DOP853,1e-06,1e-08,2.8035043804755944,0.09618359247212811,0.8354263685942646,0.09618488768399905,0.8354245802655402,1.2952118709358418e-06,1.7883287243281032e-06,1.7883287243281032e-06,0.8376179708675959,-1.6662394793746569,0.837618060370641,-1.6662406811801032,8.950304508648088e-08,1.2018054462714645e-06,1.2051336547319165e-06,1.2892252217178157e-06,-24.524991961419065,8.038580936897688e-06,8.038580936897688e-06,3.277708842771738e-07,-24.52499923391216,7.660878438287e-07,7.660878438287e-07,3.123701707762283e-08
screenshot_like_simple_start,dop853_moderate,DOP853,1e-06,1e-08,2.8085106382978724,0.10035704249737175,0.8248389220927296,0.10035831731555034,0.8248371601528278,1.274818178589876e-06,1.7619399017565485e-06,1.7619399017565485e-06,0.8346271412297396,-1.6736437333250753,0.8346272138473448,-1.6736448996373263,7.261760526233729e-08,1.1663122509997237e-06,1.1685707438687993e-06,1.2684037948018645e-06,-24.524992226980295,7.773019707002504e-06,7.773019707002504e-06,3.1694269957196755e-07,-24.52499917183623,8.28163770449919e-07,8.28163770449919e-07,3.376814558409455e-08
screenshot_like_simple_start,dop853_moderate,DOP853,1e-06,1e-08,2.8135168961201504,0.10464942326640359,0.8139699504299307,0.10465063906441356,0.8139682646162717,1.2157980099763988e-06,1.6858136590025552e-06,1.6858136590025552e-06,0.8314772506626866,-1.6811468674993444,0.8314773022988856,-1.6811479661152897,5.1636198983295856e-08,1.0986159453274524e-06,1.0998287559312014e-06,1.2091465992208894e-06,-24.524992712798447,7.2872015550728975e-06,7.2872015550728975e-06,2.9713360061459313e-07,-24.524999120892907,8.791070946756463e-07,8.791070946756463e-07,3.5845345348650204e-08
screenshot_like_simple_start,dop853_moderate,DOP853,1e-06,1e-08,2.818523153942428,0.10906301367228749,0.802817900376561,0.10906413601211373,0.8028163350116958,1.1223398262427686e-06,1.5653648651747787e-06,1.5653648651747787e-06,0.8281634198061183,-1.688741030294005,0.8281634480450475,-1.6887420341220445,2.8238929195012474e-08,1.0038280395807675e-06,1.0042251591006112e-06,1.1156714007504176e-06,-24.524993389681963,6.610318038724472e-06,6.610318038724472e-06,2.6953386498366857e-07,-24.52499910129502,8.987049824327187e-07,8.987049824327187e-07,3.664444372814347e-08
screenshot_like_simple_start,dop853_moderate,DOP853,1e-06,1e-08,2.823529411764706,0.11360002061807424,0.7913812934116743,0.11360102743321507,0.7913798768326913,1.006815140827677e-06,1.4165789830045128e-06,1.4165789830045128e-06,0.8246806555223877,-1.6964178919723936,0.8246806601857093,-1.6964187854905823,4.663321617748295e-09,8.935181887714805e-07,8.935303577573498e-07,1.0003256098317648e-06,-24.524994184607745,5.815392256636187e-06,5.815392256636187e-06,2.3712098905754073e-07,-24.52499912439912,8.756008824661876e-07,8.756008824661876e-07,3.570238052869266e-08
screenshot_like_simple_start,dop853_moderate,DOP853,1e-06,1e-08,2.8285356695869837,0.11826255823664994,0.7796587495444913,0.11826344756795393,0.7796574841158327,8.893313039881612e-07,1.265428658636658e-06,1.265428658636658e-06,0.8210238589693581,-1.704168621276649,0.8210238421741811,-1.7041694059889707,1.6795177026907027e-08,7.84712321788561e-07,7.848920345742841e-07,8.831193940017634e-07,-24.524994980987834,5.0190121676507715e-06,5.0190121676507715e-06,2.0464881417536275e-07,-24.524999187068282,8.129317201621689e-07,8.129317201621689e-07,3.3147063003554285e-08
screenshot_like_simple_start,dop853_moderate,DOP853,1e-06,1e-08,2.8335419274092617,0.12305262597225314,0.767649012711854,0.12305342152681986,0.7676478676603011,7.955545667237551e-07,1.1450515529087824e-06,1.1450515529087824e-06,0.8171878357449779,-1.7119838632798845,0.8171878013670727,-1.7119845608068052,3.437790518923123e-08,6.975269206677126e-07,6.983735715370258e-07,7.895390009560188e-07,-24.524995626047783,4.373952219083321e-06,4.373952219083321e-06,1.7834667559972766e-07,-24.52499927102803,7.289719725633859e-07,7.289719725633859e-07,2.9723627831330716e-08
screenshot_like_simple_start,dop853_moderate,DOP853,1e-06,1e-08,2.8385481852315393,0.1279720856463166,0.7553509776102427,0.1279728380619073,0.7553498874219546,7.524155906935004e-07,1.0901882880887115e-06,1.0901882880887115e-06,0.8131673082943768,-1.7198537189583303,0.8131672608659826,-1.7198543703043199,4.742839421201239e-08,6.513459895884921e-07,6.530704791448945e-07,7.462628578702724e-07,-24.524995949192576,4.050807426381198e-06,4.050807426381198e-06,1.6517053726324964e-07,-24.52499934855302,6.514469816920609e-07,6.514469816920609e-07,2.6562568060838365e-08
screenshot_like_simple_start,dop853_moderate,DOP853,1e-06,1e-08,2.8435544430538173,0.13302263763031488,0.7427637178212022,0.1330234189398858,0.7427625894418178,7.813095709297002e-07,1.1283793843741563e-06,1.1283793843741563e-06,0.8089569307547424,-1.7277677269788256,0.8089568739946483,-1.7277683865050362,5.676009406929694e-08,6.595262105335564e-07,6.619641460528724e-07,7.744070726622976e-07,-24.52499579770074,4.202299262345832e-06,4.202299262345832e-06,1.7134757440757724e-07,-24.524999394116474,6.058835282374275e-07,6.058835282374275e-07,2.470473101885535e-08
screenshot_like_simple_start,dop853_moderate,DOP853,1e-06,1e-08,2.8485607008760954,0.13820579624827298,0.7298865150890912,0.1382066846514105,0.7298852476690327,8.884031375278045e-07,1.2674200584594786e-06,1.2674200584594786e-06,0.8045513063947607,-1.7357148482105162,0.8045512417812846,-1.7357155709143313,6.461347612507495e-08,7.227038150148246e-07,7.255864562779184e-07,8.799319558272511e-07,-24.52499509956762,4.900432383436737e-06,4.900432383436737e-06,1.998137567150555e-07,-24.52499939908221,6.009177937471577e-07,6.009177937471577e-07,2.4502254587040067e-08
screenshot_like_simple_start,dop853_moderate,DOP853,1e-06,1e-08,2.853566958698373,0.14352286453161467,0.7167188896100094,0.14352391619181865,0.7167174110382493,1.0516602039767342e-06,1.4785717601384363e-06,1.4785717601384363e-06,0.7999450077838266,-1.7436834534807066,0.7999449338386965,-1.7436842743547403,7.394513013014858e-08,8.208740336357323e-07,8.24197829023689e-07,1.0408472293499393e-06,-24.524993967992273,6.032007728862254e-06,6.032007728862254e-06,2.4595342421456693e-07,-24.524999382976638,6.170233639579692e-07,6.170233639579692e-07,2.5158954697572646e-08
screenshot_like_simple_start,dop853_moderate,DOP853,1e-06,1e-08,2.858573216520651,0.14897490844901495,0.7032606311907937,0.14897611264794275,0.7032589561614744,1.2041989277955523e-06,1.6750293193590338e-06,1.6750293193590338e-06,0.7951325998014624,-1.751661315102793,0.7951325130535715,-1.751662219623488,8.674789098161995e-08,9.045206947888573e-07,9.086709436815267e-07,1.1908608071875548e-06,-24.52499286803401,7.131965993778522e-06,7.131965993778522e-06,2.908039141194096e-07,-24.524999390216983,6.097830187457021e-07,6.097830187457021e-07,2.48637316512009e-08
screenshot_like_simple_start,dop853_moderate,DOP853,1e-06,1e-08,2.8635794743429286,0.15456270227152977,0.6895118680682524,0.15456394432587028,0.6895101459943985,1.2420543405167184e-06,1.7220738538492597e-06,1.7220738538492597e-06,0.7901086659408283,-1.7596355835961417,0.7901085645099988,-1.7596364878980166,1.0143082951330484e-07,9.043018749377296e-07,9.099725788130378e-07,1.2272476253571973e-06,-24.524992638450264,7.361549737794348e-06,7.361549737794348e-06,3.001651269233169e-07,-24.524999455299817,5.447001854008704e-07,5.447001854008704e-07,2.2209997365988597e-08
screenshot_like_simple_start,dop853_moderate,DOP853,1e-06,1e-08,2.8685857321652066,0.16028645184686355,0.675473425106474,0.16028770108928495,0.6754716949481103,1.2492424213972342e-06,1.7301583636886164e-06,1.7301583636886164e-06,0.7848678461084004,-1.7675926274527762,0.7848677291018236,-1.767593509881182,1.1700657687185867e-07,8.824284056796472e-07,8.901519141032019e-07,1.2332290151295666e-06,-24.524992651485068,7.348514934335526e-06,7.348514934335526e-06,2.9963363646628036e-07,-24.524999514153304,4.858466979840159e-07,4.858466979840159e-07,1.981026291474071e-08
screenshot_like_simple_start,dop853_moderate,DOP853,1e-06,1e-08,2.873591989987484,0.16614597415190294,0.6611465902932009,0.16614723082434144,0.6611448509943568,1.256672438498807e-06,1.73929884406121e-06,1.73929884406121e-06,0.7794048790049156,-1.7755181972827456,0.7794047455623045,-1.7755190574171595,1.3344261107217648e-07,8.601344139158584e-07,8.704241152749259e-07,1.2393672733923555e-06,-24.52499264260502,7.357394981255538e-06,7.357394981255538e-06,2.999957178901341e-07,-24.524999549890964,4.5010903804154623e-07,4.5010903804154623e-07,1.8353069848788834e-08
screenshot_like_simple_start,dop853_moderate,DOP853,1e-06,1e-08,2.8785982478097623,0.1721406250241876,0.6465332070298919,0.17214188964132782,0.6465314576006156,1.26461714022863e-06,1.7494292763320374e-06,1.7494292763320374e-06,0.7737146440400184,-1.7833974195070408,0.7737144936111775,-1.7833982567828646,1.5042884093929842e-07,8.372758237840117e-07,8.506818684323394e-07,1.245926408488529e-06,-24.524992656342263,7.343657738800857e-06,7.343657738800857e-06,2.994355856799534e-07,-24.52499955272097,4.4727903159014204e-07,4.4727903159014204e-07,1.823767712905778e-08
screenshot_like_simple_start,dop853_moderate,DOP853,1e-06,1e-08,2.8836045056320403,0.1782691959173781,0.6316358084735039,0.1782704642474146,0.6316340541773511,1.2683300364968453e-06,1.7542961527894363e-06,1.7542961527894363e-06,0.7677922127987207,-1.7912147837755803,0.7677920452003291,-1.7912155947168533,1.675983916094026e-07,8.109412730217258e-07,8.280790838803718e-07,1.248229506117804e-06,-24.524992712701476,7.28729852639276e-06,7.28729852639276e-06,2.9713755459297695e-07,-24.524999538753487,4.6124651476020517e-07,4.6124651476020517e-07,1.880719733986565e-08
screenshot_like_simple_start,dop853_moderate,DOP853,1e-06,1e-08,2.888610763454318,0.18452984030503106,0.6164577137667051,0.18453110486455093,0.6164559646630166,1.2645595198756965e-06,1.7491036885530775e-06,1.7491036885530775e-06,0.7616329069701905,-1.7989541652591603,0.7616327229109151,-1.798954944471939,1.8405927537656908e-07,7.792127787453751e-07,8.006562129979612e-07,1.2430904735571957e-06,-24.524992785640663,7.214359339258181e-06,7.214359339258181e-06,2.9416347968432946e-07,-24.524999575628005,4.2437199709866036e-07,4.2437199709866036e-07,1.7303649219109495e-08
screenshot_like_simple_start,dop853_moderate,DOP853,1e-06,1e-08,2.893617021276596,0.190920002329211,0.6010031216310754,0.19092125985498057,0.6010013824117191,1.2575257695712772e-06,1.7392193563114944e-06,1.7392193563114944e-06,0.7552323622850039,-1.806598863609839,0.7552321625067594,-1.806599608453427,1.9977824450290171e-07,7.448435881407534e-07,7.711700965228446e-07,1.2346764629578288e-06,-24.524992827639167,7.1723608350282575e-06,7.1723608350282575e-06,2.9245100244763535e-07,-24.524999692034125,3.0796587680015364e-07,3.0796587680015364e-07,1.2557222295622981e-08
screenshot_like_simple_start,dop853_moderate,DOP853,1e-06,1e-08,2.8986232790988735,0.19743634726065018,0.5852772019427371,0.197437603796701,0.5852754647197675,1.2565360508198786e-06,1.7372229695888919e-06,1.7372229695888919e-06,0.74858659804326,-1.814131658921744,0.7485863820893772,-1.8141323721373603,2.1595388277617644e-07,7.132156163436321e-07,7.451929917025076e-07,1.23212476274559e-06,-24.524992802508002,7.197491999733074e-06,7.197491999733074e-06,2.934757186435504e-07,-24.52499985714764,1.428523610513821e-07,1.428523610513821e-07,5.82476497661089e-09
screenshot_like_simple_start,dop853_moderate,DOP853,1e-06,1e-08,2.9036295369211516,0.2040746933371858,0.5692861859098162,0.20407596268718964,0.5692844319644127,1.2693500038296612e-06,1.7539454034709578e-06,1.7539454034709578e-06,0.7416920917623432,-1.8215348850120807,0.7416918574473967,-1.821535573192934,2.343149464456573e-07,6.881808531922218e-07,7.269775655604549e-07,1.2430094664950264e-06,-24.52499270753792,7.292462083086093e-06,7.292462083086093e-06,2.973480971696674e-07,-24.52500000938395,9.383949617358667e-09,-9.383949617358667e-09,-3.8262791508088345e-10
screenshot_like_simple_start,dop853_moderate,DOP853,1e-06,1e-08,2.908635794743429,0.2108299445471741,0.5530374554712049,0.21083123995369046,0.5530356663281636,1.2954065163606199e-06,1.7891430412753095e-06,1.7891430412753095e-06,0.7345458584160075,-1.8287905203162111,0.7345456026972857,-1.8287911890132054,2.5571872175333965e-07,6.686969942215626e-07,7.159243917734013e-07,1.2667228897478289e-06,-24.524992580229604,7.4197703980871665e-06,7.4197703980871665e-06,3.025390580259803e-07,-24.52500010436,1.0435999797664408e-07,-1.0435999797664408e-07,-4.2552496626562315e-09
screenshot_like_simple_start,dop853_moderate,DOP853,1e-06,1e-08,2.913642052565707,0.21769602392461535,0.5365396325360146,0.21769734694839082,0.5365378050819801,1.323023775479104e-06,1.8274540344309642e-06,1.8274540344309642e-06,0.7271455336761513,-1.8358802966492171,0.727145254807398,-1.8358809450298743,2.78868753311734e-07,6.483806571644379e-07,7.058082304412645e-07,1.2917971222436986e-06,-24.52499249067686,7.509323143750635e-06,7.509323143750635e-06,3.061905461264275e-07,-24.52500014936028,1.4936027881162772e-07,-1.4936027881162772e-07,-6.090123498945064e-09
screenshot_like_simple_start,dop853_moderate,DOP853,1e-06,1e-08,2.9186483103879852,0.2246658069226884,0.5198026686831917,0.22466714160677986,0.5198008234007283,1.33468409146964e-06,1.845282463386333e-06,1.845282463386333e-06,0.7194894605058063,-1.8427858260269616,0.7194891600939791,-1.8427864452511056,3.0041182719209303e-07,6.192241439606505e-07,6.882483609720348e-07,1.3011414309316294e-06,-24.52499251449786,7.4855021416908585e-06,7.4855021416908585e-06,3.0521925144509105e-07,-24.525000198157414,1.9815741225670536e-07,-1.9815741225670536e-07,-8.079812936053225e-09
screenshot_like_simple_start,dop853_moderate,DOP853,1e-06,1e-08,2.923654568210263,0.23173105443242525,0.502837935940694,0.2317323789475152,0.5028361016842057,1.324515089939915e-06,1.8342564883644386e-06,1.8342564883644386e-06,0.7115767783871022,-1.8494887456601516,0.7115764602879037,-1.849489325420293,3.1809919853742485e-07,5.797601414503362e-07,6.612933703921928e-07,1.2891109907320342e-06,-24.524992659568905,7.340431096736211e-06,7.340431096736211e-06,2.993040202542797e-07,-24.525000297545816,2.975458137655096e-07,-2.975458137655096e-07,-1.213234714640202e-08
screenshot_like_simple_start,dop853_moderate,DOP853,1e-06,1e-08,2.928660826032541,0.23888234978482642,0.4856583128620963,0.23888367709210181,0.48565647235709314,1.3273072753949844e-06,1.8405050031811143e-06,1.8405050031811143e-06,0.7034075133770648,-1.8559708829917185,0.7034071753083987,-1.8559714280566113,3.380686660614529e-07,5.450648927762813e-07,6.413939197636576e-07,1.2896155707209367e-06,-24.524992738751955,7.261248047285562e-06,7.261248047285562e-06,2.960753536100127e-07,-24.525000406283397,4.062833944828981e-07,-4.062833944828981e-07,-1.656609151816098e-08
screenshot_like_simple_start,dop853_moderate,DOP853,1e-06,1e-08,2.9336670838548184,0.24610916516433995,0.4682780966846147,0.2461105024826884,0.46827624112119304,1.3373183484488571e-06,1.8555634216377292e-06,1.8555634216377292e-06,0.6949826382449994,-1.8622144857260001,0.6949822794597987,-1.8622149974190916,3.587852006603498e-07,5.116930914539353e-07,6.249453096508309e-07,1.2970216438923377e-06,-24.5249927878197,7.21218030363957e-06,7.21218030363957e-06,2.940746301178214e-07,-24.525000347680596,3.476805936486471e-07,-3.476805936486471e-07,-1.4176578742044733e-08
screenshot_like_simple_start,dop853_moderate,DOP853,1e-06,1e-08,2.9386733416770965,0.2533998574216594,0.4507130106569382,0.2534011779763065,0.4507111776332574,1.3205546471328766e-06,1.8330236807861944e-06,1.8330236807861944e-06,0.6863041389946372,-1.8682024237365682,0.6863037674053687,-1.8682028911543116,3.7158926846636575e-07,4.674177433994231e-07,5.971247200409457e-07,1.278383420899587e-06,-24.52499276636238,7.2336376213399944e-06,7.2336376213399944e-06,2.949495462320079e-07,-24.524999906181986,9.381801646668464e-08,9.381801646668464e-08,3.825403321781229e-09
screenshot_like_simple_start,dop853_moderate,DOP853,1e-06,1e-08,2.943679599499374,0.26074161590954176,0.43298027774936704,0.2607429174938445,0.4329784705817979,1.3015843027264218e-06,1.8071675691455624e-06,1.8071675691455624e-06,0.6773750887969452,-1.8739183813683584,0.6773747059846439,-1.8739188040689112,3.8281230130277066e-07,4.227005527823735e-07,5.702815228913237e-07,1.2575893080235545e-06,-24.524992807573952,7.192426050295353e-06,7.192426050295353e-06,2.9326915597534566e-07,-24.524999230908676,7.690913257363263e-07,7.690913257363263e-07,3.135948321045163e-08
screenshot_like_simple_start,dop853_moderate,DOP853,1e-06,1e-08,2.948685857321652,0.2681205627997893,0.4150984883126083,0.2681218782358294,0.41509666052347544,1.315436040094653e-06,1.8277891328799534e-06,1.8277891328799534e-06,0.6681996764868723,-1.8793471054599966,0.6681992723550588,-1.8793474940837234,4.041318134584415e-07,3.886237267547443e-07,5.606700666577044e-07,1.2684359374515175e-06,-24.52499302381972,6.976180280560129e-06,6.976180280560129e-06,2.844517953337463e-07,-24.524999029538606,9.704613965766384e-07,9.704613965766384e-07,3.9570291399659056e-08
screenshot_like_simple_start,dop853_moderate,DOP853,1e-06,1e-08,2.95369211514393,0.2755218579736989,0.3970874620683045,0.27552320109065553,0.3970855945217334,1.3431169566535672e-06,1.8675465710549233e-06,1.8675465710549233e-06,0.6587832185469378,-1.8844746391207217,0.6587827887699471,-1.8844749959683054,4.297769906624893e-07,3.5684758370457814e-07,5.586129784552999e-07,1.292458849389e-06,-24.524993347367097,6.652632905002065e-06,6.652632905002065e-06,2.7125924179417185e-07,-24.524998930203147,1.0697968555462012e-06,1.0697968555462012e-06,4.362066689281146e-08
screenshot_like_simple_start,dop853_moderate,DOP853,1e-06,1e-08,2.9586983729662077,0.28292980874475265,0.3789681042246123,0.2829311657771077,0.3789662156243669,1.3570323550426977e-06,1.8886002454143735e-06,1.8886002454143735e-06,0.6491321540652919,-1.889288537881193,0.6491317025451677,-1.889288857746002,4.5152012417837284e-07,3.1986480908408055e-07,5.533388822669599e-07,1.3030787245904563e-06,-24.524993572000977,6.427999025504505e-06,6.427999025504505e-06,2.6209985832842015e-07,-24.524999009040243,9.909597586954533e-07,9.909597586954533e-07,4.040610636882582e-08
screenshot_like_simple_start,dop853_moderate,DOP853,1e-06,1e-08,2.963704630788486,0.290327990729653,0.360762247151297,0.29032931684306956,0.3607603976900617,1.3261134165776234e-06,1.849461235325922e-06,1.849461235325922e-06,0.639254020380498,-1.8937780660779189,0.6392535605874827,-1.8937783392903498,4.59793015217258e-07,2.732124309012818e-07,5.34840769988195e-07,1.2706153638686324e-06,-24.52499351238465,6.4876153516024715e-06,6.4876153516024715e-06,2.6453069731304674e-07,-24.524998950461214,1.0495387883224794e-06,1.0495387883224794e-06,4.279464988063116e-08
screenshot_like_simple_start,dop853_moderate,DOP853,1e-06,1e-08,2.9687108886107634,0.29769938618380376,0.3424924690488087,0.2977006223994308,0.3424907376202101,1.2362156270318003e-06,1.7314285986058664e-06,1.7314285986058664e-06,0.6291574068611874,-1.8979343699331592,0.6291569578315599,-1.8979345887980918,4.490296274806127e-07,2.188649326217984e-07,4.995292434752165e-07,1.1818390223128361e-06,-24.524993157158676,6.8428413264598476e-06,6.8428413264598476e-06,2.7901493685870937e-07,-24.524998579797945,1.4202020572895435e-06,1.4202020572895435e-06,5.790834076613836e-08
screenshot_like_simple_start,dop853_moderate,DOP853,1e-06,1e-08,2.9737171464330414,0.30502654611736413,0.32418188104574985,0.3050276550197088,0.3241803174581541,1.1089023446708701e-06,1.5635875957320522e-06,1.5635875957320522e-06,0.6188518840991468,-1.9017506224292897,0.6188514596699697,-1.9017507874585142,4.2442917713714223e-07,1.6502922450811752e-07,4.553842019076445e-07,1.057714097363327e-06,-24.524992702325502,7.2976745002506505e-06,7.2976745002506505e-06,2.975606320183751e-07,-24.524998000955975,1.99904402720108e-06,1.99904402720108e-06,8.151045982471273e-08
screenshot_like_simple_start,dop853_moderate,DOP853,1e-06,1e-08,2.978723404255319,0.3122917825079635,0.3058538741592356,0.3122927859802781,0.30585244859213123,1.0034723145757596e-06,1.4255671043628126e-06,1.4255671043628126e-06,0.6083479057286634,-1.9052221337877624,0.6083475012577004,-1.9052222547280953,4.044709629447141e-07,1.2094033285947603e-07,4.2216504352869525e-07,9.54936152264274e-07,-24.524992415843858,7.5841561439915495e-06,7.5841561439915495e-06,3.0924184073360035e-07,-24.52499745376236,2.5462376420648525e-06,2.5462376420648525e-06,1.0382212607807756e-07
screenshot_like_simple_start,dop853_moderate,DOP853,1e-06,1e-08,2.983729662077597,0.3194773969262084,0.2875318175525424,0.3194783861921655,0.2875304072150391,9.892659570964746e-07,1.4103375033380772e-06,1.4103375033380772e-06,0.5976566801282088,-1.9083464201874056,0.5976562668980094,-1.9083465094390926,4.1323019939198957e-07,8.925168692996976e-08,4.227588689896272e-07,9.392086313120274e-07,-24.524992397893293,7.602106709470036e-06,7.602106709470036e-06,3.0997377000897186e-07,-24.524997116379044,2.8836209580163086e-06,2.8836209580163086e-06,1.1757883620861603e-07
screenshot_like_simple_start,dop853_moderate,DOP853,1e-06,1e-08,2.988735919899875,0.3265659518900693,0.26923869952454915,0.3265670271753265,0.269237170194238,1.075285257168268e-06,1.5293303111674206e-06,1.5293303111674206e-06,0.5867900094135707,-1.9111232223310608,0.5867895536348459,-1.9111232841843346,4.557787248726797e-07,6.185327383612105e-08,4.599565996165421e-07,1.018455753953873e-06,-24.52499245193679,7.5480632126812e-06,7.5480632126812e-06,3.0777016157721506e-07,-24.52499699689504,3.003104961152303e-06,3.003104961152303e-06,1.2245076294198992e-07
screenshot_like_simple_start,dop853_moderate,DOP853,1e-06,1e-08,2.9937421777221527,0.3335405743162212,0.2509967256373225,0.33354167542635466,0.250995160504519,1.1011101334612583e-06,1.5651328035271028e-06,1.5651328035271028e-06,0.57576009962723,-1.9135544644659848,0.5757596239638004,-1.9135544927025732,4.7566342953331286e-07,2.8236588400787355e-08,4.7650079026157803e-07,1.0404267842267778e-06,-24.52499240455667,7.595443332064633e-06,7.595443332064633e-06,3.0970207266318585e-07,-24.524996967072983,3.032927018864484e-06,3.032927018864484e-06,1.2366674898530007e-07
screenshot_like_simple_start,dop853_moderate,DOP853,1e-06,1e-08,2.9987484355444307,0.34038481794425257,0.23282751503795224,0.34038587353055433,0.2328260113774223,1.05558630175695e-06,1.5036605299501016e-06,1.5036605299501016e-06,0.5645795212711804,-1.915644157747074,0.5645790532055035,-1.9156441522772039,4.680656768840663e-07,5.469870112406738e-09,4.680976365631275e-07,9.95023185845767e-07,-24.52499228124728,7.71875272320699e-06,7.71875272320699e-06,3.1472997852016265e-07,-24.524996905810067,3.094189935382019e-06,3.094189935382019e-06,1.2616472723270209e-07
screenshot_like_simple_start,dop853_moderate,DOP853,1e-06,1e-08,3.0037546933667083,0.3470828836912161,0.21475181208405886,0.34708390136930595,0.21475035832009032,1.0176780898540905e-06,1.4537639685396897e-06,1.4537639685396897e-06,0.5532610409234484,-1.9173983017605534,0.5532605775459485,-1.917398265393926,4.633774999263096e-07,3.636662726513862e-08,4.6480236554539883e-07,9.569927387209631e-07,-24.524992324481357,7.675518645555712e-06,7.675518645555712e-06,3.129671211235764e-07,-24.524996854513425,3.145486576983103e-06,3.145486576983103e-06,1.282563334141938e-07
screenshot_like_simple_start,dop853_moderate,DOP853,1e-06,1e-08,3.0087609511889863,0.353619920995662,0.19678908907760934,0.3536209107736756,0.1967876681567834,9.897780136047807e-07,1.4209208259452488e-06,1.4209208259452488e-06,0.5418174139890097,-1.9188247319586185,0.5418169490281867,-1.9188246670214308,4.649608230655744e-07,6.49371876271232e-08,4.694735405991871e-07,9.285356242227927e-07,-24.524992288948347,7.711051654979428e-06,7.711051654979428e-06,3.14415969621995e-07,-24.524997051846654,2.9481533481146016e-06,2.9481533481146016e-06,1.202101263247544e-07
screenshot_like_simple_start,dop853_moderate,DOP853,1e-06,1e-08,3.0137672090112644,0.3599820591524509,0.17895751473084842,0.35998302697518664,0.17895611424627503,9.678227357312608e-07,1.400484573393923e-06,1.400484573393923e-06,0.5302612762084089,-1.9199329374644039,0.5302608038778641,-1.919932845831862,4.7233054478734715e-07,9.16325417765762e-08,4.811368477383e-07,9.057881758534059e-07,-24.524991995169465,8.004830537089447e-06,8.004830537089447e-06,3.26394721186114e-07,-24.52499771634483,2.2836551707428043e-06,2.2836551707428043e-06,9.311539941866684e-08
screenshot_like_simple_start,dop853_moderate,DOP853,1e-06,1e-08,3.018773466833542,0.36615647287724495,0.16127387631238113,0.36615741020470444,0.16127250702825474,9.373274594826064e-07,1.3692841263901467e-06,1.3692841263901467e-06,0.5186050267903373,-1.9207338651409906,0.518604550466712,-1.9207337494226524,4.7632362520921845e-07,1.1571833824497446e-07,4.901784672327318e-07,8.751921783956007e-07,-24.524991550624087,8.449375915375867e-06,8.449375915375867e-06,3.445209343680272e-07,-24.524998481558477,1.5184415254054784e-06,1.5184415254054784e-06,6.191402753946904e-08
screenshot_like_simple_start,dop853_moderate,DOP853,1e-06,1e-08,3.02377972465582,0.37213143276759186,0.14375352225197405,0.372132314552372,0.14375222286475445,8.817847801378953e-07,1.299387219599879e-06,1.299387219599879e-06,0.5068607227919945,-1.921239713148509,0.506860258237928,-1.9212395786775869,4.64554066437195e-07,1.344709221751117e-07,4.836247611050934e-07,8.214304116349602e-07,-24.524991205987682,8.794012320123556e-06,8.794012320123556e-06,3.5857338716100124e-07,-24.524998517787612,1.4822123901581108e-06,1.4822123901581108e-06,6.043679470573335e-08
screenshot_like_simple_start,dop853_moderate,DOP853,1e-06,1e-08,3.0287859824780976,0.37789633842875014,0.1264103280628359,0.37789718146488044,0.12640907585595354,8.430361302935729e-07,1.2522068823517252e-06,1.2522068823517252e-06,0.4950399871582528,-1.921463719546177,0.4950395284966107,-1.9214635663640014,4.5866164211094684e-07,1.531821756106666e-07,4.835651774773773e-07,7.835537904066214e-07,-24.524991134941974,8.865058028106887e-06,8.865058028106887e-06,3.6147025598804836e-07,-24.52499851418386,1.485816142121621e-06,1.485816142121621e-06,6.05837366818194e-08
screenshot_like_simple_start,dop853_moderate,DOP853,1e-06,1e-08,3.0337922403003756,0.38344173203242277,0.10925668844008266,0.38344256466149745,0.10925544526435992,8.326290746873966e-07,1.2431757227399087e-06,1.2431757227399087e-06,0.4831539325764851,-1.9214199518266195,0.4831534689787366,-1.9214197758821348,4.6359774846793655e-07,1.7594448475932722e-07,4.958622128190102e-07,7.721655273518202e-07,-24.524991314220916,8.685779086192724e-06,8.685779086192724e-06,3.541602073880825e-07,-24.52499851839447,1.4816055333710665e-06,1.4816055333710665e-06,6.041205029035949e-08
screenshot_like_simple_start,dop853_moderate,DOP853,1e-06,1e-08,3.0387984981226532,0.38875929007653465,0.09230353839418118,0.38876013988696717,0.09230226745676176,8.498104325238565e-07,1.2709374194175282e-06,1.2709374194175282e-06,0.4712131030127676,-1.921123103492084,0.47121262388307295,-1.9211228985238171,4.791296946415891e-07,2.0496826680371782e-07,5.211307462469111e-07,7.863974848532074e-07,-24.524991566860834,8.433139168317894e-06,8.433139168317894e-06,3.4385888555832387e-07,-24.524998509793434,1.4902065679223142e-06,1.4902065679223142e-06,6.07627550630913e-08
screenshot_like_simple_start,dop853_moderate,DOP853,1e-06,1e-08,3.0438047559449313,0.3938417911142245,0.07556040627806604,0.39384266286329,0.07555910168585542,8.71749065489702e-07,1.3045922106214025e-06,1.3045922106214025e-06,0.4592274344763885,-1.9205883039011478,0.4592269386157803,-1.9205880678576572,4.958606081850725e-07,2.3604349053130136e-07,5.491759938051467e-07,8.050092351608029e-07,-24.52499172862099,8.271379012825264e-06,8.271379012825264e-06,3.3726316056372125e-07,-24.52499845931828,1.5406817226448766e-06,1.5406817226448766e-06,6.282086534739557e-08
screenshot_like_simple_start,dop853_moderate,DOP853,1e-06,1e-08,3.0488110137672093,0.3986830572201884,0.05903550156672224,0.3986839173139993,0.05903420892228314,8.600938109504241e-07,1.2926444390992664e-06,1.2926444390992664e-06,0.4472062362228085,-1.9198309476382596,0.4472057384693437,-1.9198306900119428,4.977534647787607e-07,2.576263167242132e-07,5.604728635430493e-07,7.926391217272233e-07,-24.52499181510302,8.18489698062308e-06,8.18489698062308e-06,3.337368799438564e-07,-24.52499836660803,1.6333919710120881e-06,1.6333919710120881e-06,6.66010997354572e-08
screenshot_like_simple_start,dop853_moderate,DOP853,1e-06,1e-08,3.053817271589487,0.4032778669625396,0.042735840247941026,0.40327865625758164,0.04273463909125115,7.892950420473888e-07,1.2011566898756376e-06,1.2011566898756376e-06,0.43515819325890304,-1.9188665495973725,0.4351577191762282,-1.9188662911658978,4.740826748395044e-07,2.584314746645333e-07,5.399455617747631e-07,7.259773452950036e-07,-24.524992011903684,7.988096317745885e-06,7.988096317745885e-06,3.2571238808342036e-07,-24.524998274581062,1.7254189401683107e-06,1.7254189401683107e-06,7.035347360523183e-08
screenshot_like_simple_start,dop853_moderate,DOP853,1e-06,1e-08,3.058823529411765,0.40762183764833426,0.026667410683008597,0.4076225379835874,0.02666632474911615,7.003352531231855e-07,1.0859338924473771e-06,1.0859338924473771e-06,0.42309139066646106,-1.9177106318366315,0.42309094807267905,-1.9177103831595277,4.425937820129455e-07,2.4867710379794516e-07,5.076707179165021e-07,6.42954017637809e-07,-24.524992285664304,7.714335698238983e-06,7.714335698238983e-06,3.145498755653e-07,-24.524998252491816,1.7475081861562103e-06,1.7475081861562103e-06,7.12541564181941e-08
screenshot_like_simple_start,dop853_moderate,DOP853,1e-06,1e-08,3.0638297872340425,0.4117114005692261,0.010835213050556517,0.41171205812498235,0.010834179235327368,6.575557562338297e-07,1.0338152291490543e-06,1.0338152291490543e-06,0.41101330561425903,-1.9163785994986204,0.41101287446824464,-1.9163783475597294,4.311460143902046e-07,2.519388910826592e-07,4.993596805555276e-07,6.026085352384136e-07,-24.52499230605904,7.693940961672752e-06,7.693940961672752e-06,3.1371828589899085e-07,-24.524998357515976,1.6424840261208828e-06,1.6424840261208828e-06,6.697182573377707e-08
screenshot_like_simple_start,dop853_moderate,DOP853,1e-06,1e-08,3.0688360450563206,0.41554387180029534,-0.004756830123640678,0.41554447924030175,-0.004757802664938526,6.074400064060015e-07,9.725412978486836e-07,9.725412978486836e-07,0.3989307645061877,-1.914885587832948,0.3989303477208004,-1.914885337990126,4.1678538731382275e-07,2.4984282198659e-07,4.859336320698086e-07,5.557449052617791e-07,-24.524992304950718,7.695049283995559e-06,7.695049283995559e-06,3.1376347743101154e-07,-24.524998594306773,1.4056932293726732e-06,1.4056932293726732e-06,5.731674737503254e-08
screenshot_like_simple_start,dop853_moderate,DOP853,1e-06,1e-08,3.073842302878598,0.41911720527074026,-0.020105536466140293,0.4191177593191486,-0.020106443512033195,5.540484083188524e-07,9.070458929019698e-07,9.070458929019698e-07,0.38685004222984,-1.91324644375723,0.38684964146193246,-1.9132462000489228,4.0076790752685554e-07,2.437083073125734e-07,4.690508018931574e-07,5.060946545176748e-07,-24.524992305255868,7.694744134312259e-06,7.694744134312259e-06,3.1375103503821644e-07,-24.524998893471288,1.1065287139899738e-06,1.1065287139899738e-06,4.5118398123954075e-08
screenshot_like_simple_start,dop853_moderate,DOP853,1e-06,1e-08,3.078848560700876,0.42242997495884793,-0.035208435857867454,0.4224304806246005,-0.03520928342165433,5.056657525481789e-07,8.475637868765595e-07,8.475637868765595e-07,0.3747768682225917,-1.9114756448531565,0.37477648239945094,-1.9114754077056015,3.858231407694035e-07,2.3714755492676431e-07,4.5287797336689896e-07,4.6121535329790575e-07,-24.52499234675637,7.653243631722262e-06,7.653243631722262e-06,3.120588636787874e-07,-24.52499912554382,8.744561803553097e-07,8.744561803553097e-07,3.56557056210116e-08
screenshot_like_simple_start,dop853_moderate,DOP853,1e-06,1e-08,3.0838548185231542,0.4254813126564156,-0.050063683209978754,0.42548178028606787,-0.0500644836578098,4.6762965227875597e-07,8.004478310452701e-07,8.004478310452701e-07,0.36271645564781063,-1.909587247760268,0.3627160821387242,-1.9095870146847649,3.735090864376289e-07,2.330755031199061e-07,4.402649518256813e-07,4.2593582788574835e-07,-24.524992419476277,7.580523725181365e-06,7.580523725181365e-06,3.0909372987487725e-07,-24.52499915877861,8.412213929887002e-07,8.412213929887002e-07,3.430056648271968e-08
screenshot_like_simple_start,dop853_moderate,DOP853,1e-06,1e-08,3.088861076345432,0.42827084583104963,-0.06466997229484325,0.42827128405616377,-0.06467073557358977,4.3822511414104426e-07,7.632787465128299e-07,7.632787465128299e-07,0.35067353354432057,-1.9075948503350593,0.3506731705080023,-1.9075946190136597,3.630363182849372e-07,2.3132139959081144e-07,4.3047062420394505e-07,3.986468714023417e-07,-24.524992475576067,7.524423935478808e-06,7.524423935478808e-06,3.068062766759962e-07,-24.524998958729235,1.041270767387914e-06,1.041270767387914e-06,4.245752364476713e-08
screenshot_like_simple_start,dop853_moderate,DOP853,1e-06,1e-08,3.09386733416771,0.4307986375883261,-0.07902645320170157,0.43079904464513563,-0.0790271768643595,4.0705680953712076e-07,7.236626579365524e-07,7.236626579365524e-07,0.33865238048010293,-1.9055115657426156,0.33865202894101637,-1.9055113386277518,3.5153908656271327e-07,2.2711486380444512e-07,4.18522270306203e-07,3.69865024607563e-07,-24.524992469480086,7.5305199160879965e-06,7.5305199160879965e-06,3.070548385764728e-07,-24.524998716602788,1.2833972142800576e-06,1.2833972142800576e-06,5.233016164240805e-08
screenshot_like_simple_start,dop853_moderate,DOP853,1e-06,1e-08,3.0988735919899875,0.43306513023117593,-0.09313265530525243,0.4330654938856205,-0.0931333250020634,3.6365444455732643e-07,6.696968109648482e-07,6.696968109648482e-07,0.3266568585158016,-1.9033500065596485,0.32665652180447535,-1.9033497916694646,3.367113262653376e-07,2.148901838694428e-07,3.9943999343932196e-07,3.367113262653376e-07,-24.524992392005135,7.6079948669871555e-06,7.6079948669871555e-06,3.102138579811276e-07,-24.524998692270888,1.3077291143304137e-06,1.3077291143304137e-06,5.3322288046092296e-08
screenshot_like_simple_start,dop853_moderate,DOP853,1e-06,1e-08,3.1038798498122655,0.4350710939138667,-0.10698841763546102,0.43507141064590443,-0.10698902877003287,3.167320377084337e-07,6.111345718512462e-07,6.111345718512462e-07,0.3146904463598617,-1.901122276741739,0.31469012594494256,-1.9011220779872575,3.204149191526895e-07,1.9875448153960917e-07,3.7705313199561595e-07,3.204149191526895e-07,-24.524992280926252,7.71907374996772e-06,7.71907374996772e-06,3.147430682963392e-07,-24.5249986757797,1.3242203031893496e-06,1.3242203031893496e-06,5.399471164890314e-08
screenshot_like_simple_start,dop853_moderate,DOP853,1e-06,1e-08,3.108886107634543,0.43681758188793873,-0.12059382853681178,0.43681785475577156,-0.12059438502082645,2.728678328289824e-07,5.564840146743411e-07,5.564840146743411e-07,0.3027562706897134,-1.8988399691237992,0.30275596549348976,-1.8988397867386904,3.051962236266803e-07,1.8238510879342584e-07,3.5554052205842363e-07,3.051962236266803e-07,-24.524992203206462,7.796793539682767e-06,7.796793539682767e-06,3.179120709350771e-07,-24.52499867131993,1.3286800708556257e-06,1.3286800708556257e-06,5.4176557425305834e-08
screenshot_like_simple_start,dop853_moderate,DOP853,1e-06,1e-08,3.113892365456821,0.4383058938374673,-0.1339491765053074,0.4383061326510572,-0.1339496908162191,2.388135899034083e-07,5.14310911692295e-07,5.14310911692295e-07,0.29085713471896596,-1.8965141659791,0.2908568412541538,-1.8965139959393018,2.934648121732941e-07,1.700397982418167e-07,3.3916829004201514e-07,2.934648121732941e-07,-24.524992212426717,7.787573284900873e-06,7.787573284900873e-06,3.1753611763102437e-07,-24.524998671120944,1.3288790583487753e-06,1.3288790583487753e-06,5.41846710845576e-08
screenshot_like_simple_start,dop853_moderate,DOP853,1e-06,1e-08,3.118898623279099,0.43953754880101154,-0.1470549140914383,0.43953776251096593,-0.14705539746351665,2.1370995439973228e-07,4.833720783359308e-07,4.833720783359308e-07,0.2789955432064456,-1.8941554400564362,0.2789952584479709,-1.8941552782919007,2.847584746890064e-07,1.6176453554450632e-07,3.274983265104409e-07,2.847584746890064e-07,-24.524992288528697,7.711471305071882e-06,7.711471305071882e-06,3.144330807368759e-07,-24.524998667246937,1.3327530652418318e-06,1.3327530652418318e-06,5.434263262963636e-08
screenshot_like_simple_start,dop853_moderate,DOP853,1e-06,1e-08,3.1239048811013768,0.44051426384204095,-0.1599116295165504,0.44051444267131007,-0.15991206936381241,1.7882926911516606e-07,4.398472620015248e-07,4.398472620015248e-07,0.2671737255484149,-1.8917738568729765,0.2671734530699006,-1.891773710581924,2.7247851430711734e-07,1.4629105260510755e-07,3.0926624909828797e-07,2.7247851430711734e-07,-24.524992285636245,7.714363757571618e-06,7.714363757571618e-06,3.145510196767224e-07,-24.524998658228903,1.3417710995611287e-06,1.3417710995611287e-06,5.471034045101442e-08
screenshot_like_simple_start,dop853_moderate,DOP853,1e-06,1e-08,3.128911138923655,0.44123788573236866,-0.1725199592346843,0.44123802344122154,-0.17252034771615246,1.377088528764503e-07,3.8848146816095053e-07,3.8848146816095053e-07,0.2553936749055006,-1.8893790111769835,0.25539341671053933,-1.8893788856782363,2.581949612445733e-07,1.2549874717215914e-07,2.870793854561282e-07,2.581949612445733e-07,-24.524992216428302,7.78357170005961e-06,7.78357170005961e-06,3.1737295413087094e-07,-24.52499864702985,1.3529701519132686e-06,1.3529701519132686e-06,5.516697867128516e-08
screenshot_like_simple_start,dop853_moderate,DOP853,1e-06,1e-08,3.1339173967459324,0.4417103813434982,-0.18488057764923638,0.441710482089543,-0.18488091876112633,1.0074604478438332e-07,3.4111188995655795e-07,3.4111188995655795e-07,0.24365716399542178,-1.8869800322272163,0.24365691977332013,-1.8869799264532916,2.4422210165297997e-07,1.057739247301015e-07,2.661438672759672e-07,2.4422210165297997e-07,-24.52499219903436,7.800965640569757e-06,7.800965640569757e-06,3.1808218717919495e-07,-24.524998636920028,1.3630799742259114e-06,1.3630799742259114e-06,5.557920384203512e-08
screenshot_like_simple_start,dop853_moderate,DOP853,1e-06,1e-08,3.1389236545682104,0.4419338328285877,-0.19699418762886117,0.4419339007671086,-0.19699448624744,6.793852086461882e-08,2.9861857883672904e-07,2.9861857883672904e-07,0.2319657644909268,-1.8845855885311373,0.23196553305925854,-1.8845855010281936,2.3143166824612926e-07,8.75029437796826e-08,2.4742146680774634e-07,2.3143166824612926e-07,-24.52499221998484,7.780015163660892e-06,7.780015163660892e-06,3.1722793735620353e-07,-24.5249986286461,1.3713539033233246e-06,1.3713539033233246e-06,5.591657098158306e-08
screenshot_like_simple_start,dop853_moderate,DOP853,1e-06,1e-08,3.143929912390488,0.4419104117961909,-0.20886149013740204,0.4419104471311193,-0.2088617478049646,3.533492842766606e-08,2.576675625642899e-07,2.576675625642899e-07,0.22032086785398775,-1.8822039073736834,0.22032064772668683,-1.8822038388356557,2.2012730091502952e-07,6.853802769768436e-08,2.305504063080881e-07,2.2012730091502952e-07,-24.524992216123863,7.783876139200174e-06,7.783876139200174e-06,3.1738536755148514e-07,-24.524998620043927,1.3799560747429496e-06,1.3799560747429496e-06,5.6267322109804256e-08
screenshot_like_simple_start,dop853_moderate,DOP853,1e-06,1e-08,3.148936170212766,0.4416423586035252,-0.22048316066668439,0.4416423574378222,-0.22048337490782385,1.1657029785894224e-09,2.142411394678856e-07,2.142411394678856e-07,0.2087237037715698,-1.879842793433177,0.2087234936629524,-1.8798427470766292,2.101086173933453e-07,4.635654771156794e-08,2.1516170806785775e-07,2.101086173933453e-07,-24.524992133684094,7.866315907989474e-06,7.866315907989474e-06,3.2074682601384193e-07,-24.52499860780238,1.392197621186142e-06,1.392197621186142e-06,5.676646773439926e-08
screenshot_like_simple_start,dop853_moderate,DOP853,1e-06,1e-08,3.153942428035044,0.4411319654755718,-0.23185983032476226,0.4411319218697002,-0.2318599961110159,4.360587163576568e-08,1.6578625364194188e-07,1.6578625364194188e-07,0.19717535711075262,-1.8775096467017645,0.19717515632938878,-1.87750962722417,2.007813638404965e-07,1.9477594426220435e-08,2.017239022780448e-07,2.007813638404965e-07,-24.524991957792977,8.042207024772097e-06,8.042207024772097e-06,3.2791873699376537e-07,-24.524998590279225,1.4097207774455e-06,1.4097207774455e-06,5.748096951867482e-08
screenshot_like_simple_start,dop853_moderate,DOP853,1e-06,1e-08,3.1589486858573217,0.4403815629380693,-0.24299207102048492,0.4403814718633799,-0.24299218324412364,9.107468940117158e-08,1.1222363871521424e-07,1.1222363871521424e-07,0.18567678347208869,-1.8752114794788421,0.18567659216014132,-1.8752114913006839,1.9131194736732304e-07,1.1821841727766014e-08,1.9167685605548138e-07,1.9131194736732304e-07,-24.52499171914076,8.280859240983318e-06,8.280859240983318e-06,3.376497142093096e-07,-24.524998569959195,1.4300408075484938e-06,1.4300408075484938e-06,5.830951304988761e-08
screenshot_like_simple_start,dop853_moderate,DOP853,1e-06,1e-08,3.1639549436795997,0.43939350905246277,-0.25388038418521003,0.43939336920446553,-0.25388044024563117,1.3984799723809616e-07,5.6060421138592886e-08,1.3984799723809616e-07,0.17422882343750368,-1.8729549323121502,0.17422864261027804,-1.8729549777219332,1.8082722563761422e-07,4.540978304490295e-08,1.864417708776169e-07,1.8082722563761422e-07,-24.524991484463598,8.51553640401903e-06,8.51553640401903e-06,3.4721860974593395e-07,-24.524998554205673,1.445794328702732e-06,1.445794328702732e-06,5.8951858458826986e-08
screenshot_like_simple_start,dop853_moderate,DOP853,1e-06,1e-08,3.1689612015018773,0.43817018094087207,-0.26452519247249273,0.43816999665550643,-0.26452519432136523,1.8428536563419584e-07,1.8488724995435746e-09,1.8428536563419584e-07,0.16283221561972283,-1.870746288857231,0.16283204695931047,-1.8707463665630146,1.6866041235852336e-07,7.770578358545777e-08,1.8570009019808563e-07,1.6866041235852336e-07,-24.5249913370714,8.662928603797582e-06,8.662928603797582e-06,3.532284853740094e-07,-24.524998553286274,1.4467137283702414e-06,1.4467137283702414e-06,5.898934672253787e-08
screenshot_like_simple_start,dop853_moderate,DOP853,1e-06,1e-08,3.1739674593241554,0.43671396808913915,-0.27492683387661443,0.4367137498833044,-0.27492678911061413,2.1820583473441957e-07,4.476600029557076e-08,2.1820583473441957e-07,0.1514876086248368,-1.868591489711787,0.15148745398320557,-1.8685915941579232,1.5464163122258512e-07,1.0444613618432186e-07,1.866092963145618e-07,1.9772644749282975e-07,-24.524991353037258,8.646962744052189e-06,8.646962744052189e-06,3.525774819185398e-07,-24.524998575160716,1.4248392865567894e-06,1.4248392865567894e-06,5.8097422489573466e-08
screenshot_like_simple_start,dop853_moderate,DOP853,1e-06,1e-08,3.178973717146433,0.4350272669160198,-0.2850855577107586,0.43502703045177094,-0.28508547954342245,2.3646424884837813e-07,7.816733615939597e-08,2.3646424884837813e-07,0.1401955720390285,-1.8664961453573068,0.14019543261170575,-1.8664962669953669,1.3942732274285774e-07,1.2163806006881828e-07,1.8502917603596048e-07,2.1443963799105958e-07,-24.524991577990356,8.422009646125161e-06,8.422009646125161e-06,3.4340508241081186e-07,-24.52499861713464,1.3828653635528099e-06,1.3828653635528099e-06,5.6385947545476445e-08
screenshot_like_simple_start,dop853_moderate,DOP853,1e-06,1e-08,3.183979974968711,0.43311247609657766,-0.29500152188570405,0.4331122396465387,-0.29500142807262014,2.364500389373525e-07,9.381308391231968e-08,2.364500389373525e-07,0.12895660654512703,-1.8644655484062882,0.1289564816884824,-1.864465674919185,1.2485664463435242e-07,1.2651289682530376e-07,1.7774896560171293e-07,2.1461716404047593e-07,-24.52499200881297,7.991187032985181e-06,7.991187032985181e-06,3.258384111308942e-07,-24.524998655146394,1.3448536080318263e-06,1.3448536080318263e-06,5.483602886979923e-08
screenshot_like_simple_start,dop853_moderate,DOP853,1e-06,1e-08,3.188986232790989,0.4309719921278484,-0.30467479092984395,0.43097176989437175,-0.3046746968873514,2.222334766766032e-07,9.40424925710559e-08,2.222334766766032e-07,0.11777115326546378,-1.8625046854096525,0.11777104106430358,-1.8625048064597198,1.122011601961681e-07,1.2105006730322998e-07,1.6505217097476387e-07,2.0191248573109277e-07,-24.52499258400751,7.415992492099122e-06,7.415992492099122e-06,3.0238501496836376e-07,-24.524998684218183,1.3157818194997617e-06,1.3157818194997617e-06,5.365063484198824e-08
screenshot_like_simple_start,dop853_moderate,DOP853,1e-06,1e-08,3.1939924906132666,0.428608204624831,-0.31410533419139364,0.4286079988034427,-0.3141052417545092,2.0582138832159202e-07,9.243688442461817e-08,2.0582138832159202e-07,0.10663960241487486,-1.8606182485257063,0.10663950312528042,-1.8606183626259707,9.928959443517016e-08,1.1410026434788278e-07,1.5125241779012098e-07,1.8720383743175972e-07,-24.524993186121737,6.813878265177209e-06,6.813878265177209e-06,2.778339761540146e-07,-24.524998749132173,1.250867828872515e-06,1.250867828872515e-06,5.100378507125443e-08
screenshot_like_simple_start,dop853_moderate,DOP853,1e-06,1e-08,3.1989987484355447,0.4260234908348701,-0.3232930236636152,0.42602329453735777,-0.3232929276537484,1.962975123559474e-07,9.600986677904544e-08,1.962975123559474e-07,0.0955623013324956,-1.8588106473894548,0.09556221361680245,-1.858810759011412,8.771569315335626e-08,1.1162195723279922e-07,1.4196303801290885e-07,1.7875171243186827e-07,-24.524993659433555,6.340566446993989e-06,6.340566446993989e-06,2.5853481944929617e-07,-24.52499878703968,1.2129603206290085e-06,1.2129603206290085e-06,4.94581170490931e-08
screenshot_like_simple_start,dop853_moderate,DOP853,1e-06,1e-08,3.2040050062578223,0.42322020885849515,-0.3322376308738899,0.42322000194465487,-0.33223751384850264,2.0691384028381776e-07,1.1702538726954259e-07,2.0691384028381776e-07,0.08453956194371626,-1.8570860215493732,0.08453948391148353,-1.8570861446974822,7.803223273095128e-08,1.2314810904356932e-07,1.4578918377569778e-07,1.8865807571710747e-07,-24.524993846119383,6.153880619308438e-06,6.153880619308438e-06,2.509227571583461e-07,-24.524998785515756,1.214484246503389e-06,1.214484246503389e-06,4.952025469942462e-08
screenshot_like_simple_start,dop853_moderate,DOP853,1e-06,1e-08,3.2090112640801003,0.4202006890647711,-0.3409388222774983,0.4202004402147918,-0.34093865541474266,2.488499792896448e-07,1.6686275561283992e-07,2.488499792896448e-07,0.07357166768493995,-1.8554482538580799,0.0735715977414666,-1.8554484111690552,6.994347334643436e-08,1.573109753572055e-07,1.7215932281348777e-07,2.2720180781199417e-07,-24.524993644369385,6.355630617349561e-06,6.355630617349561e-06,2.5914905677266304e-07,-24.524998763642333,1.2363576686880151e-06,1.2363576686880151e-06,5.041213735730948e-08
screenshot_like_simple_start,dop853_moderate,DOP853,1e-06,1e-08,3.214017521902378,0.4169672231892321,-0.3493961525969199,0.41696690101387895,-0.3493959056837397,3.221753531179594e-07,2.469131802351754e-07,3.221753531179594e-07,0.06265887990433316,-1.853900985213881,0.06265881732709427,-1.8539012002173179,6.257723889069311e-08,2.150034368320064e-07,2.239249621564274e-07,2.945718363123184e-07,-24.52499309236546,6.907634542585583e-06,6.907634542585583e-06,2.8165686208300033e-07,-24.52499875136844,1.248631562589253e-06,1.248631562589253e-06,5.091260194043845e-08
screenshot_like_simple_start,dop853_moderate,DOP853,1e-06,1e-08,3.219023779724656,0.4135220506024504,-0.3576090555475182,0.4135216465011118,-0.357608718655833,4.0410133861357167e-07,3.3689168521533475e-07,4.0410133861357167e-07,0.05180144373196399,-1.852447631051985,0.05180138927053296,-1.8524479113587913,5.4461431031604945e-08,2.8030680621071724e-07,2.8554851265251386e-07,3.7004016062436307e-07,-24.524992482692074,7.517307928139871e-06,7.517307928139871e-06,3.0651612347155435e-07,-24.52499877590744,1.2240925606477049e-06,1.2240925606477049e-06,4.991203101519693e-08
screenshot_like_simple_start,dop853_moderate,DOP853,1e-06,1e-08,3.224030037546934,0.40986735545895053,-0.36557684478856434,0.40986690724927605,-0.36557645140339406,4.4820967448622184e-07,3.9338517027198705e-07,4.4820967448622184e-07,0.0409995939243607,-1.8510913895206405,0.040999550227602155,-1.8510917087570156,4.3696758544875536e-08,3.1923637511255265e-07,3.222130815195615e-07,4.110861602235616e-07,-24.52499235138643,7.64861357183122e-06,7.64861357183122e-06,3.1187007428465723e-07,-24.524998853847112,1.146152889930363e-06,1.146152889930363e-06,4.6734062790228866e-08
screenshot_like_simple_start,dop853_moderate,DOP853,1e-06,1e-08,3.2290362953692116,0.4060053649148042,-0.3732988108548326,0.40600488009268315,-0.373298366481224,4.848221210607129e-07,4.443736085768535e-07,4.848221210607129e-07,0.030253564010117417,-1.8498351740972743,0.0302535323705323,-1.8498355276321612,3.163958511853693e-08,3.535348869210253e-07,3.549478547853689e-07,4.4540894106326334e-07,-24.524992344434292,7.655565710251722e-06,7.655565710251722e-06,3.121535457798867e-07,-24.524998987772793,1.0122272087187412e-06,1.0122272087187412e-06,4.127328068170198e-08
screenshot_like_simple_start,dop853_moderate,DOP853,1e-06,1e-08,3.2340425531914896,0.40193824998126376,-0.38077413339044525,0.40193772592590127,-0.3807736343625923,5.240553624941136e-07,4.990278529293235e-07,5.240553624941136e-07,0.01956358765846461,-1.8486816896727873,0.019563568654050845,-1.8486820801428463,1.9004413764900363e-08,3.9047005895298526e-07,3.9093226354612293e-07,4.822905485535323e-07,-24.524992341359997,7.658640004848394e-06,7.658640004848394e-06,3.1227889928026067e-07,-24.524999166321333,8.33678669209803e-07,8.33678669209803e-07,3.399301403505823e-08
screenshot_like_simple_start,dop853_moderate,DOP853,1e-06,1e-08,3.239048811013767,0.39766813200682494,-0.38800189157720405,0.39766756747665083,-0.3880013359191277,5.645301741075137e-07,5.556580763288466e-07,5.645301741075137e-07,0.008929904020605894,-1.8476334318712309,0.008929897896931993,-1.8476338607237033,6.123673901292648e-09,4.2885247242274716e-07,4.2889619080280076e-07,5.20478005028302e-07,-24.524992342005074,7.657994927967593e-06,7.657994927967593e-06,3.12252596451278e-07,-24.524999366693354,6.333066480124216e-07,6.333066480124216e-07,2.582290104026184e-08
screenshot_like_simple_start,dop853_moderate,DOP853,1e-06,1e-08,3.244055068836045,0.39319709172979406,-0.39498107722838705,0.3931964870762193,-0.3949804649627945,6.046535747650239e-07,6.122655925588916e-07,6.122655925588916e-07,-0.001647236920824413,-1.8466926835989388,-0.0016472303090834806,-1.8466931508617956,6.611740932527255e-09,4.6726285685139146e-07,4.673096323756689e-07,5.585118277862122e-07,-24.524992341304205,7.658695796664006e-06,7.658695796664006e-06,3.1228117417590234e-07,-24.52499955875672,4.412432836886637e-07,4.412432836886637e-07,1.7991571200353258e-08
screenshot_like_simple_start,dop853_moderate,DOP853,1e-06,1e-08,3.249061326658323,0.3885271670138827,-0.4017105973771781,0.38852652445077007,-0.40170993086815115,6.425631126072417e-07,6.665090269697416e-07,6.665090269697416e-07,-0.012167569630178288,-1.8458615192751389,-0.012167550851193198,-1.8458620232947953,1.8778985089173972e-08,5.040196564554122e-07,5.043693729543967e-07,5.946716836735533e-07,-24.524992334421132,7.665578870330592e-06,7.665578870330592e-06,3.125618295751515e-07,-24.524999709974196,2.9002580603787464e-07,2.9002580603787464e-07,1.182572093936288e-08
screenshot_like_simple_start,dop853_moderate,DOP853,1e-06,1e-08,3.254067584480601,0.38366035080531796,-0.40818927716703046,0.38365967455689814,-0.40818856129312786,6.762484198175045e-07,7.15873902601416e-07,7.15873902601416e-07,-0.022630808469492614,-1.8451418083182198,-0.02263077849663897,-1.8451423456139289,2.997285364347846e-08,5.372957090354902e-07,5.381310722337854e-07,6.270857310641809e-07,-24.52499231957604,7.68042396259716e-06,7.68042396259716e-06,3.131671340508526e-07,-24.524999790485857,2.0951414470005147e-07,2.0951414470005147e-07,8.542880517841038e-09
screenshot_like_simple_start,dop853_moderate,DOP853,1e-06,1e-08,3.259073842302879,0.3785985892814998,-0.41441586299933847,0.3785978854848082,-0.4144151050165206,7.037966915923732e-07,7.579828178450043e-07,7.579828178450043e-07,-0.03303664329603484,-1.8445352179133665,-0.03303660343146114,-1.8445357832550724,3.986457369764551e-08,5.653417058937293e-07,5.667454707881899e-07,6.539563895957556e-07,-24.52499229900471,7.700995293902224e-06,7.700995293902224e-06,3.140059243181335e-07,-24.524999777772393,2.2222760875934e-07,2.2222760875934e-07,9.061268450941488e-09
screenshot_like_simple_start,dop853_moderate,DOP853,1e-06,1e-08,3.2640801001251565,0.3733437801612144,-0.42038902589382887,0.37334305645246935,-0.42038823491043464,7.237087450429058e-07,7.909833942276734e-07,7.909833942276734e-07,-0.04338473518363911,-1.8440432150909198,-0.04338468692554692,-1.8440438018620262,4.82580921890019e-08,5.867711063700654e-07,5.887522184522728e-07,6.7385469687542e-07,-24.524992278453418,7.721546584349426e-06,7.721546584349426e-06,3.14843897425053e-07,-24.52499966042082,3.395791807747628e-07,3.395791807747628e-07,1.3846245903150368e-08
screenshot_like_simple_start,dop853_moderate,DOP853,1e-06,1e-08,3.2690863579474345,0.36789777114642624,-0.42610736501705776,0.36789703591411366,-0.4261065510658866,7.352323125875415e-07,8.139511711857672e-07,8.139511711857672e-07,-0.05367471224716164,-1.8436670681478362,-0.05367465711277225,-1.8436676690069502,5.513438938731241e-08,6.008591140194142e-07,6.03383357239249e-07,6.860346949411067e-07,-24.524992265606556,7.734393445701926e-06,7.734393445701926e-06,3.153677245953894e-07,-24.524999440609932,5.593900702649535e-07,5.593900702649535e-07,2.2808973303362015e-08
screenshot_like_simple_start,dop853_moderate,DOP853,1e-06,1e-08,3.274092615769712,0.36226235846567323,-0.4315694113344041,0.3622616198064489,-0.4315685840897775,7.386592243419088e-07,8.272446265777944e-07,8.272446265777944e-07,-0.06390616555186035,-1.843407847447001,-0.06390610487528903,-1.8434084552541727,6.067657132291515e-08,6.078071717041666e-07,6.108282936165638e-07,6.907184601501193e-07,-24.524992267860302,7.732139700067364e-06,7.732139700067364e-06,3.152758287489241e-07,-24.524999135030455,8.649695466544927e-07,8.649695466544927e-07,3.526889079121274e-08
screenshot_like_simple_start,dop853_moderate,DOP853,1e-06,1e-08,3.27909887359199,0.3564392854890718,-0.4367736313409659,0.35643854995593593,-0.43677279859146767,7.355331358427364e-07,8.327494982474093e-07,8.327494982474093e-07,-0.07407864509201828,-1.8432664256309086,-0.07407857982137428,-1.8432670345551252,6.527064400074778e-08,6.089242166051889e-07,6.124124088688238e-07,6.893014686260024e-07,-24.5249922898885,7.710111500358607e-06,7.710111500358607e-06,3.14377635080881e-07,-24.524998774055835,1.2259441675155358e-06,1.2259441675155358e-06,4.9987529766178824e-08
screenshot_like_simple_start,dop853_moderate,DOP853,1e-06,1e-08,3.2841051314142677,0.3504302413849657,-0.4417184308267391,0.35042951267051115,-0.4417175968771523,7.287144545564672e-07,8.339495868314728e-07,8.339495868314728e-07,-0.08419165582554244,-1.8432434772873822,-0.08419158634663465,-1.843244083964001,6.947890779374077e-08,6.066766187196038e-07,6.10642152434028e-07,6.844269955230686e-07,-24.524992331489486,7.668510516367633e-06,7.668510516367633e-06,3.1268136662049467e-07,-24.52499839908328,1.600916721855583e-06,1.600916721855583e-06,6.527693055476383e-08
screenshot_like_simple_start,dop853_moderate,DOP853,1e-06,1e-08,3.289111389236546,0.34423685978822294,-0.44640215863148763,0.3442361375391008,-0.4464013228702718,7.222491221203775e-07,8.357612158449435e-07,8.357612158449435e-07,-0.09424465375371488,-1.8433394781055839,-0.09424457976897488,-1.8433400826658954,7.398474000108735e-08,6.045603115900633e-07,6.090705313039721e-07,6.798772159144484e-07,-24.52499238624797,7.613752032398224e-06,7.613752032398224e-06,3.104486047868797e-07,-24.524998058073972,1.9419260297581786e-06,1.9419260297581786e-06,7.918148949064947e-08
screenshot_like_simple_start,dop853_moderate,DOP853,1e-06,1e-08,3.294117647058824,0.3378607174502135,-0.45082311034468514,0.33785999646230835,-0.450822266276159,7.209879051561785e-07,8.440685261290604e-07,8.440685261290604e-07,-0.10423704203751,-1.8435547035605415,-0.10423696252836223,-1.8435553103116735,7.95091477656662e-08,6.067511320040353e-07,6.119384289016346e-07,6.802276112383154e-07,-24.52499244158821,7.558411791563913e-06,7.558411791563913e-06,3.081921219801799e-07,-24.524997799434438,2.200565564436374e-06,2.200565564436374e-06,8.972744401371556e-08
screenshot_like_simple_start,dop853_moderate,DOP853,1e-06,1e-08,3.2991239048811014,0.3313033328404763,-0.4549795319059349,0.33130260293762476,-0.4549786670091505,7.299028515483919e-07,8.648967843583044e-07,8.648967843583044e-07,-0.11416816714408873,-1.8438892271638672,-0.11416808044331028,-1.843889844656625,8.670077844552537e-08,6.174927578150857e-07,6.235497822444814e-07,6.902102402395194e-07,-24.524992480825752,7.51917425034776e-06,7.51917425034776e-06,3.0659222223640203e-07,-24.52499766450055,2.3354994524993344e-06,2.3354994524993344e-06,9.522933547397897e-08
screenshot_like_simple_start,dop853_moderate,DOP853,1e-06,1e-08,3.3041301627033794,0.3245661646700978,-0.4588696230612558,0.3245654116225313,-0.45886871990037537,7.53047566526277e-07,9.031608804166424e-07,9.031608804166424e-07,-0.12403731501902332,-1.8443429183171718,-0.12403721901697967,-1.8443435585031387,9.600204364801357e-08,6.401859669047383e-07,6.47344162410035e-07,7.137304144366752e-07,-24.524992487839675,7.51216032668367e-06,7.51216032668367e-06,3.063062314651853e-07,-24.52499767900979,2.3209902124676773e-06,2.3209902124676773e-06,9.463772527900824e-08
screenshot_like_simple_start,dop853_moderate,DOP853,1e-06,1e-08,3.309136420525657,0.31765061030682773,-0.46249154063062686,0.3176498181988648,-0.4624905797044334,7.921079629436001e-07,9.609261934495628e-07,9.609261934495628e-07,-0.13384370728157335,-1.8449154398030112,-0.13384359978697258,-1.8449161159511476,1.0749460077619233e-07,6.761481363692923e-07,6.846396070281795e-07,7.524803546932191e-07,-24.52499245497811,7.5450218908201805e-06,7.5450218908201805e-06,3.076461525308942e-07,-24.5249978440775,2.1559225018563666e-06,2.1559225018563666e-06,8.790713565163573e-08
screenshot_like_simple_start,dop853_moderate,DOP853,1e-06,1e-08,3.314142678347935,0.310558004051937,-0.4658434015421929,0.3105571595617951,-0.46584236642318977,8.444901419268902e-07,1.0351190031232527e-06,1.0351190031232527e-06,-0.14358649744188356,-1.8456062449459405,-0.14358637671430935,-1.8456069679639837,1.2072757421544011e-07,7.230180432138411e-07,7.330281290569389e-07,8.040925428831613e-07,-24.524992394770976,7.605229026097504e-06,7.605229026097504e-06,3.1010108159418976e-07,-24.524998127327617,1.8726723851614224e-06,1.8726723851614224e-06,7.635769154582761e-08
screenshot_like_simple_start,dop853_moderate,DOP853,1e-06,1e-08,3.3191489361702127,0.3032896152498845,-0.4689232855899621,0.3032887143567959,-0.46892217096489164,9.008930886289512e-07,1.1146250704641147e-06,1.1146250704641147e-06,-0.1532647671404902,-1.846414574472492,-0.15326463260860101,-1.8464153472615585,1.3453188918433057e-07,7.72789066516566e-07,7.844117353374123e-07,8.597757051309607e-07,-24.524992355936003,7.644063998668571e-06,7.644063998668571e-06,3.116845667143148e-07,-24.52499845496748,1.5450325214771965e-06,1.5450325214771965e-06,6.299826795014053e-08
screenshot_like_simple_start,dop853_moderate,DOP853,1e-06,1e-08,3.3241551939924907,0.2958466569063492,-0.47172925192499876,0.29584570388795517,-0.4717280611568335,9.530183940342773e-07,1.1907681652378876e-06,1.1907681652378876e-06,-0.16287752469033379,-1.8473394435885444,-0.1628773755882738,-1.8473402625574544,1.4910205997642478e-07,8.189689100213116e-07,8.324310781504427e-07,9.116152546173595e-07,-24.524992302768414,7.697231588110753e-06,7.697231588110753e-06,3.138524602695516e-07,-24.524998705738437,1.2942615654765177e-06,1.2942615654765177e-06,5.277315251688145e-08
screenshot_like_simple_start,dop853_moderate,DOP853,1e-06,1e-08,3.3291614518147687,0.2882302758069402,-0.47425932781126034,0.2882292888231257,-0.4742580825880835,9.86983814510456e-07,1.245223176848942e-06,1.245223176848942e-06,-0.17242369657524315,-1.8483796467763742,-0.17242353505480296,-1.8483804959993217,1.6152044018946654e-07,8.492229475187685e-07,8.644469140389501e-07,9.462693222883622e-07,-24.524992239165975,7.760834026981911e-06,7.760834026981911e-06,3.164458318850932e-07,-24.52499875155277,1.2484472335927421e-06,1.2484472335927421e-06,5.090508597727796e-08
screenshot_like_simple_start,dop853_moderate,DOP853,1e-06,1e-08,3.3341677096370463,0.28044155191393827,-0.4765115155754232,0.2804405382819874,-0.4765102260515918,1.0136319508746716e-06,1.2895238313825885e-06,1.2895238313825885e-06,-0.18190212655296778,-1.849533751087696,-0.18190195471401022,-1.849534623120996,1.7183895756334167e-07,8.720333000145075e-07,8.88802961105918e-07,9.740328572593882e-07,-24.524992219925892,7.78007411028625e-06,7.78007411028625e-06,3.1723034088832824e-07,-24.524998752324446,1.2476755557599972e-06,1.2476755557599972e-06,5.08736210299693e-08
screenshot_like_simple_start,dop853_moderate,DOP853,1e-06,1e-08,3.3391739674593244,0.2724815080566711,-0.4784838110036459,0.272480470793946,-0.47848248151690165,1.0372627251009625e-06,1.3294867442503744e-06,1.3294867442503744e-06,-0.19131157511096647,-1.8508000809348455,-0.19131139392722402,-1.8508009722246133,1.811837424536833e-07,8.912897677681997e-07,9.095191029647558e-07,9.989941335830643e-07,-24.524992231377666,7.768622335646569e-06,7.768622335646569e-06,3.1676339798762763e-07,-24.524998747730894,1.252269107965276e-06,1.252269107965276e-06,5.1060921833446513e-08
screenshot_like_simple_start,dop853_moderate,DOP853,1e-06,1e-08,3.344180225281602,0.2643511075658851,-0.4801742038035053,0.26435004648081895,-0.48017283334483774,1.0610850661452176e-06,1.3704586675489239e-06,1.3704586675489239e-06,-0.2006507145916504,-1.8521767142624723,-0.20065052333710387,-1.8521776245655799,1.9125454653323715e-07,9.103031075596846e-07,9.30177428882497e-07,1.0242255040759929e-06,-24.524992233470886,7.76652911582687e-06,7.76652911582687e-06,3.1667804753626377e-07,-24.52499874114283,1.2588571713934016e-06,1.2588571713934016e-06,5.132954827292157e-08
screenshot_like_simple_start,dop853_moderate,DOP853,1e-06,1e-08,3.34918648310388,0.2560512532596907,-0.4815806800054194,0.25605016433852423,-0.4815792615885766,1.0889211664588672e-06,1.418416842813297e-06,1.418416842813297e-06,-0.20991812494960138,-1.85366147710439,-0.20991792127736614,-1.8536624098690924,2.0367223524386802e-07,9.32764702366029e-07,9.547420433757068e-07,1.0534198592870858e-06,-24.524992188337386,7.811662616319381e-06,7.811662616319381e-06,3.185183533667434e-07,-24.52499873752939,1.2624706116071138e-06,1.2624706116071138e-06,5.147688528469373e-08
screenshot_like_simple_start,dop853_moderate,DOP853,1e-06,1e-08,3.3541927409261576,0.24758278775004583,-0.48270122622338046,0.2475816645371162,-0.48269974922488323,1.1232129296379068e-06,1.476998497229598e-06,1.476998497229598e-06,-0.21911229007929764,-1.8552519366201317,-0.21911207079941128,-1.855252897457936,2.1927988635983553e-07,9.60837804431236e-07,9.855419600332705e-07,1.0889636469224584e-06,-24.524992077061178,7.922938824123094e-06,7.922938824123094e-06,3.2305560954630347e-07,-24.524998739454368,1.2605456340963883e-06,1.2605456340963883e-06,5.139839486631552e-08
screenshot_like_simple_start,dop853_moderate,DOP853,1e-06,1e-08,3.3591989987484356,0.23894649503869658,-0.48353383569482894,0.23894533099847218,-0.4835322896192032,1.164040224405083e-06,1.5460756257468233e-06,1.5460756257468233e-06,-0.2282315946608598,-1.8569453927251198,-0.22823135679810466,-1.8569463870147205,2.3786275513137944e-07,9.942896006531754e-07,1.0223455874828929e-06,1.1309675070625413e-06,-24.52499190658185,8.093418152554932e-06,8.093418152554932e-06,3.3000685637328975e-07,-24.524998746589215,1.2534107867168132e-06,1.2534107867168132e-06,5.110747346449798e-08
screenshot_like_simple_start,dop853_moderate,DOP853,1e-06,1e-08,3.3642052565707137,0.23014310337153898,-0.48407651601949386,0.23014189440722188,-0.48407489443199886,1.2089643171009357e-06,1.6215874950042952e-06,1.6215874950042952e-06,-0.23727432148056166,-1.8587388684470492,-0.23727406329321651,-1.8587398989028272,2.5818734514237995e-07,1.0304557780393964e-06,1.0623087195756459e-06,1.177088641307611e-06,-24.524991708761895,8.291238106750143e-06,8.291238106750143e-06,3.3807290955148386e-07,-24.52499875696195,1.243038052933798e-06,1.243038052933798e-06,5.0684528152244566e-08
screenshot_like_simple_start,dop853_moderate,DOP853,1e-06,1e-08,3.3692115143929913,0.22117328932032648,-0.48432729851702905,0.22117203581047096,-0.48432560217372655,1.2535098555255253e-06,1.6963433024930197e-06,1.6963433024930197e-06,-0.24623864919243615,-1.8606290991591345,-0.2462383709231198,-1.8606301639848888,2.7826931636720786e-07,1.0648257542378303e-06,1.1005851622294558e-06,1.2229754443593421e-06,-24.52499153367207,8.466327933831508e-06,8.466327933831508e-06,3.4521214816846105e-07,-24.524998768603332,1.2313966699650791e-06,1.2313966699650791e-06,5.020985402507968e-08
screenshot_like_simple_start,dop853_moderate,DOP853,1e-06,1e-08,3.3742177722152693,0.21203768306067156,-0.4842842491232715,0.21203639096189528,-0.48428248761584486,1.2920987762787828e-06,1.7615074266452702e-06,1.7615074266452702e-06,-0.2551226504969615,-1.8626125208582995,-0.2551223547085987,-1.8626136128952555,2.957883628029734e-07,1.0920369559741516e-06,1.1313865249254804e-06,1.2631612490432431e-06,-24.524991439101488,8.560898514531345e-06,8.560898514531345e-06,3.490682370858856e-07,-24.524998780706248,1.2192937539623472e-06,1.2192937539623472e-06,4.97163610178327e-08
screenshot_like_simple_start,dop853_moderate,DOP853,1e-06,1e-08,3.379224030037547,0.2027368748152925,-0.4839454807449497,0.2027355555657846,-0.483943672265249,1.3192495079139555e-06,1.8084797007156261e-06,1.8084797007156261e-06,-0.2639242907225344,-1.86468525767321,-0.26392398214724566,-1.8646863647437324,3.085752887654891e-07,1.107070522365916e-06,1.1492710082170556e-06,1.2922303646301092e-06,-24.524991478197975,8.521802026706382e-06,8.521802026706382e-06,3.474740887545925e-07,-24.524998793860874,1.20613912812928e-06,1.20613912812928e-06,4.917998483707563e-08
screenshot_like_simple_start,dop853_moderate,DOP853,1e-06,1e-08,3.384230287859825,0.19327142243142628,-0.48330916699267024,0.1932700915765843,-0.48330733610952287,1.3308548419688204e-06,1.8308831473690113e-06,1.8308831473690113e-06,-0.2726414268051224,-1.8668431088032862,-0.27264111170297245,-1.8668442152518996,3.15102149928137e-07,1.1064486133971485e-06,1.1504424796476383e-06,1.3060760176430986e-06,-24.52499168701066,8.312989340453214e-06,8.312989340453214e-06,3.3895981000828595e-07,-24.524998809343046,1.1906569561404012e-06,1.1906569561404012e-06,4.8548703614287505e-08
screenshot_like_simple_start,dop853_moderate,DOP853,1e-06,1e-08,3.3892365456821025,0.18364186006137584,-0.48237355721201014,0.1836405347095306,-0.48237173084040363,1.3253518452438495e-06,1.8263716065058944e-06,1.8263716065058944e-06,-0.28127180667090634,-1.8690815351054542,-0.2812714917606021,-1.8690826243505845,3.1491030422214905e-07,1.089245130314609e-06,1.133853365131213e-06,1.3030664385571544e-06,-24.524992073571696,7.926428306603839e-06,7.926428306603839e-06,3.231978922162625e-07,-24.524998827786778,1.172213224265306e-06,1.172213224265306e-06,4.779666561734173e-08
screenshot_like_simple_start,dop853_moderate,DOP853,1e-06,1e-08,3.3942428035043806,0.17384870791510668,-0.481136992732541,0.1738474033179224,-0.48113519476285,1.304597184281775e-06,1.7979696910197518e-06,1.7979696910197518e-06,-0.2898130690359637,-1.8713956455604026,-0.2898127601225356,-1.8713967032976246,3.089134281153427e-07,1.0577372220321735e-06,1.1019235622048891e-06,1.284932271305994e-06,-24.52499261005369,7.389946311775475e-06,7.389946311775475e-06,3.013229892670937e-07,-24.52499884783038,1.1521696237082324e-06,1.1521696237082324e-06,4.697939342337339e-08
screenshot_like_simple_start,dop853_moderate,DOP853,1e-06,1e-08,3.3992490613266586,0.163892483053861,-0.4795979242546158,0.16389120879262548,-0.47959616959710866,1.274261235528762e-06,1.7546575071247794e-06,1.7546575071247794e-06,-0.29826274364576544,-1.8737801838644392,-0.2982624441329307,-1.873781201408876,2.9951283475604384e-07,1.0175444367099828e-06,1.0607094884382989e-06,1.257185837461039e-06,-24.524993229520547,6.770479455298073e-06,6.770479455298073e-06,2.760644018470162e-07,-24.524998865448183,1.1345518196037574e-06,1.1345518196037574e-06,4.626103239974546e-08
screenshot_like_simple_start,dop853_moderate,DOP853,1e-06,1e-08,3.404255319148936,0.15377371119371047,-0.4777549302937426,0.15377246763935737,-0.4777532193811713,1.2435543531030824e-06,1.7109125712844175e-06,1.7109125712844175e-06,-0.306618251985569,-1.876229515406679,-0.3066179615248673,-1.876230492532597,2.904607017129024e-07,9.771259179558456e-07,1.019383381648242e-06,1.2288806575389e-06,-24.52499382890626,6.1710937409031885e-06,6.1710937409031885e-06,2.516246173660831e-07,-24.524998874620703,1.1253792990828515e-06,1.1253792990828515e-06,4.588702544680332e-08
screenshot_like_simple_start,dop853_moderate,DOP853,1e-06,1e-08,3.4092615769712142,0.14349293948799757,-0.4756067366023743,0.1434917153893314,-0.47560505168101513,1.224098666180451e-06,1.684921359157432e-06,1.684921359157432e-06,-0.31487690850039757,-1.8787376149041082,-0.3148766220974103,-1.8787385614377667,2.8640298727067304e-07,9.465336585634532e-07,9.889148790017678e-07,1.211518149385471e-06,-24.52499428017346,5.719826543071349e-06,5.719826543071349e-06,2.3322432387650758e-07,-24.524998869701808,1.13029819459598e-06,1.13029819459598e-06,4.608759203245586e-08
screenshot_like_simple_start,dop853_moderate,DOP853,1e-06,1e-08,3.414267834793492,0.13305075025761706,-0.4731522364889434,0.13304952249883778,-0.47315054131602136,1.22775877928194e-06,1.6951729220338052e-06,1.6951729220338052e-06,-0.3230359223701913,-1.881298054979014,-0.32303563034235794,-1.8812989903305954,2.9202783335957605e-07,9.353515815213598e-07,9.798789907489583e-07,1.2169076999968276e-06,-24.5249944521937,5.547806303241032e-06,5.547806303241032e-06,2.2621024681920617e-07,-24.524998849253752,1.150746250289103e-06,1.150746250289103e-06,4.692135577121724e-08
screenshot_like_simple_start,dop853_moderate,DOP853,1e-06,1e-08,3.41927409261577,0.12244777563805692,-0.4703905119539658,0.12244651239331023,-0.4703887568069616,1.2632447466964791e-06,1.7551470041787809e-06,1.7551470041787809e-06,-0.3310923998917933,-1.8839039959742114,-0.33109208915468286,-1.883904945760343,3.1073711043161367e-07,9.497861315210798e-07,9.993253961694192e-07,1.2537864674533328e-06,-24.524994246837593,5.753162408694834e-06,5.753162408694834e-06,2.3458358445238873e-07,-24.524998820175703,1.1798242987026697e-06,1.1798242987026697e-06,4.8107005043941674e-08
screenshot_like_simple_start,dop853_moderate,DOP853,1e-06,1e-08,3.4242803504380475,0.11168471311216932,-0.46732085556304614,0.11168338181147472,-0.4673189897539503,1.3313006946014116e-06,1.8658090958356688e-06,1.8658090958356688e-06,-0.3390433475244762,-1.8865481773112882,-0.3390430047760152,-1.886549166225454,3.4274846100190715e-07,9.889141658891987e-07,1.0466268365637798e-06,1.323006447298547e-06,-24.524993654152716,6.345847285871287e-06,6.345847285871287e-06,2.587501441741605e-07,-24.52499879958145,1.200418552116389e-06,1.200418552116389e-06,4.894672995377733e-08
screenshot_like_simple_start,dop853_moderate,DOP853,1e-06,1e-08,3.4292866082603255,0.10076234189758315,-0.46394279297660657,0.10076092360512157,-0.4639407873517493,1.4182924615857573e-06,2.0056248572486446e-06,2.0056248572486446e-06,-0.3468856756598003,-1.889222910705601,-0.34688529313698996,-1.8892239508437556,3.8252281031603275e-07,1.0401381544955512e-06,1.1082468501419197e-06,1.411098655715315e-06,-24.52499283343655,7.166563452898345e-06,7.166563452898345e-06,2.922146158164462e-07,-24.524998810021053,1.1899789491565116e-06,1.1899789491565116e-06,4.8521058069582526e-08
screenshot_like_simple_start,dop853_moderate,DOP853,1e-06,1e-08,3.4342928660826035,0.08968154015773089,-0.46025610605617295,0.0896800521500987,-0.46025398824982594,1.4880076321943658e-06,2.1178063470128627e-06,2.1178063470128627e-06,-0.3546162031794109,-1.8919200755587728,-0.3546157877814833,-1.8919211495057602,4.153979276111386e-07,1.0739469873399798e-06,1.1514849412303434e-06,1.4820278828320266e-06,-24.524992229574117,7.770425884956467e-06,7.770425884956467e-06,3.168369372051566e-07,-24.524998861226834,1.1387731682077629e-06,1.1387731682077629e-06,4.643315670571918e-08
screenshot_like_simple_start,dop853_moderate,DOP853,1e-06,1e-08,3.439299123904881,0.0784433421167848,-0.45626091850062284,0.07844183152407269,-0.45625876196455045,1.5105927121117357e-06,2.1565360723840854e-06,2.1565360723840854e-06,-0.36223167956287516,-1.8946310864582552,-0.36223124957364905,-1.8946321549876282,4.2998922611392487e-07,1.0685293729828516e-06,1.1518010919864497e-06,1.505947575405897e-06,-24.524992231106918,7.768893084403317e-06,7.768893084403317e-06,3.1677443769228606e-07,-24.52499890854674,1.0914532637684715e-06,1.0914532637684715e-06,4.450370086721596e-08
screenshot_like_simple_start,dop853_moderate,DOP853,1e-06,1e-08,3.444305381727159,0.06704903839230954,-0.4519578473782246,0.06704751146532155,-0.4519556607174418,1.5269269879880643e-06,2.1866607827769613e-06,2.1866607827769613e-06,-0.3697288249667091,-1.8973468361749841,-0.3697283813553692,-1.8973478934491625,4.4361133993975344e-07,1.0572741784287132e-06,1.1465686675011025e-06,1.5234961454335672e-06,-24.524992248338766,7.751661236454765e-06,7.751661236454765e-06,3.1607181392272234e-07,-24.524998885904292,1.1140957099087245e-06,1.1140957099087245e-06,4.542694026131394e-08
screenshot_like_simple_start,dop853_moderate,DOP853,1e-06,1e-08,3.4493116395494368,0.05550009541023476,-0.447347869707089,0.05549854868856298,-0.44734564808652283,1.5467216717829357e-06,2.2216205661784727e-06,2.2216205661784727e-06,-0.37710429680648544,-1.9000577844890643,-0.37710383813802284,-1.9000588313043072,4.586684625995652e-07,1.0468152429332633e-06,1.1428905946856313e-06,1.5443401966339088e-06,-24.524992236078155,7.763921846759558e-06,7.763921846759558e-06,3.1657173687092995e-07,-24.52499887687243,1.1231275713896594e-06,1.1231275713896594e-06,4.579521188133167e-08
screenshot_like_simple_start,dop853_moderate,DOP853,1e-06,1e-08,3.454317897371715,0.043798226309662916,-0.4424324279364459,0.04379665775491066,-0.44243016850859934,1.568554752258422e-06,2.2594278465404294e-06,2.2594278465404294e-06,-0.38435472129639847,-1.9027539316161826,-0.3843542464717469,-1.9027549676396573,4.7482465159731646e-07,1.0360234747874841e-06,1.1396504245053594e-06,1.5670505793680123e-06,-24.524992256930172,7.743069829757587e-06,7.743069829757587e-06,3.1572150172304126e-07,-24.52499888667932,1.1133206818669805e-06,1.1133206818669805e-06,4.539533871017249e-08
screenshot_like_simple_start,dop853_moderate,DOP853,1e-06,1e-08,3.4593241551939924,0.03194544004205311,-0.43721349793066017,0.03194385598422506,-0.4372112101337441,1.5840578280468254e-06,2.2877969160783884e-06,2.2877969160783884e-06,-0.3914767154512946,-1.905424818194787,-0.3914762261044804,-1.9054258374774515,4.89346814180891e-07,1.0192826644939146e-06,1.130662396423796e-06,1.5832496625262094e-06,-24.524992340139992,7.659860010278408e-06,7.659860010278408e-06,3.1232864465967e-07,-24.524998884328692,1.1156713100035631e-06,1.1156713100035631e-06,4.5491184913499e-08
screenshot_like_simple_start,dop853_moderate,DOP853,1e-06,1e-08,3.4643304130162704,0.01994408851644061,-0.43169365345796673,0.019942499253753777,-0.4316913527029903,1.5892626868338477e-06,2.3007549764253454e-06,2.3007549764253454e-06,-0.39846691042897414,-1.9080595349287706,-0.39846640969445085,-1.9080605292775443,5.007345232899141e-07,9.94348773764031e-07,1.1133124209764345e-06,1.5889466446344924e-06,-24.52499245667,7.543330003301207e-06,7.543330003301207e-06,3.0757716629158844e-07,-24.52499885265344,1.1473465626465895e-06,1.1473465626465895e-06,4.678273446061527e-08
screenshot_like_simple_start,dop853_moderate,DOP853,1e-06,1e-08,3.4693366708385485,0.007796913861902829,-0.42587613043070066,0.007795325698297578,-0.42587382648377825,1.5881636052511583e-06,2.303946922410649e-06,2.303946922410649e-06,-0.40532197728517094,-1.9106467407785463,-0.40532146724763,-1.9106477049613333,5.100375409239355e-07,9.641827869444342e-07,1.0907734594276078e-06,1.5881153416132804e-06,-24.524992544976016,7.455023986580045e-06,7.455023986580045e-06,3.03976513214273e-07,-24.524998799316993,1.2006830090172116e-06,1.2006830090172116e-06,4.895751310977417e-08
screenshot_like_simple_start,dop853_moderate,DOP853,1e-06,1e-08,3.474342928660826,-0.004492903893842687,-0.41976489129888706,-0.0044944946861252555,-0.4197625793518861,1.5907922825686427e-06,2.311947000954717e-06,2.311947000954717e-06,-0.41203865541517926,-1.9131746900301896,-0.4120381349554904,-1.913175625103444,5.204596888463975e-07,9.35073254382246e-07,1.0701589969603084e-06,1.5907762208958176e-06,-24.524992551898624,7.448101378315641e-06,7.448101378315641e-06,3.0369424580288033e-07,-24.52499875031431,1.2496856918176036e-06,1.2496856918176036e-06,5.0955583764224405e-08
screenshot_like_simple_start,dop853_moderate,DOP853,1e-06,1e-08,3.479349186483104,-0.0169216984307861,-0.4133646899990677,-0.016923306536112737,-0.4133623491038012,1.6081053266364664e-06,2.340895266517151e-06,2.340895266517151e-06,-0.418613783940304,-1.9156312685841255,-0.4186132480822331,-1.9156321816907407,5.358580709158289e-07,9.13106615207937e-07,1.0587292207652196e-06,1.607875074693954e-06,-24.524992463808825,7.536191176882312e-06,7.536191176882312e-06,3.0728608264555803e-07,-24.524998739057033,1.2609429695942254e-06,1.2609429695942254e-06,5.141459610985628e-08
screenshot_like_simple_start,dop853_moderate,DOP853,1e-06,1e-08,3.4843554443053817,-0.029485267728996137,-0.4066811378602451,-0.02948691371320572,-0.4066787380834884,1.6459842095833954e-06,2.3997767567007777e-06,2.3997767567007777e-06,-0.4250443362803914,-1.918004039812732,-0.4250437775001382,-1.918004940547191,5.587802531792363e-07,9.007344590195032e-07,1.0599801587804407e-06,1.64526872777071e-06,-24.5249923149701,7.685029903115037e-06,7.685029903115037e-06,3.133549399843032e-07,-24.52499879657536,1.2034246417158556e-06,1.2034246417158556e-06,4.906930241450991e-08
screenshot_like_simple_start,dop853_moderate,DOP853,1e-06,1e-08,3.4893617021276597,-0.04217882334812975,-0.3997207708688042,-0.042180523995741515,-0.3997182872074935,1.7006476117631397e-06,2.483661310725971e-06,2.483661310725971e-06,-0.43132745813547746,-1.9202803003387234,-0.4313268693957488,-1.9202811951688565,5.88739728635268e-07,8.948301331024311e-07,1.0711374492480614e-06,1.6991350038075836e-06,-24.52499217154694,7.828453060909624e-06,7.828453060909624e-06,3.1920297903810897e-07,-24.524998942671004,1.0573289976889555e-06,1.0573289976889555e-06,4.3112293483749456e-08
screenshot_like_simple_start,dop853_moderate,DOP853,1e-06,1e-08,3.4943679599499373,-0.05499693809513437,-0.3924911186943034,-0.05499869587120598,-0.3924885464723501,1.7577760716147584e-06,2.572221953323073e-06,2.572221953323073e-06,-0.4374605090798156,-1.9224471460815908,-0.4374598875689945,-1.9224480333059124,6.215108210860798e-07,8.872243215662934e-07,1.0832556011883173e-06,1.755118316376647e-06,-24.524992099088763,7.900911239033803e-06,7.900911239033803e-06,3.2215744093919685e-07,-24.524999175055576,8.249444256591687e-07,8.249444256591687e-07,3.3636877702718395e-08
screenshot_like_simple_start,dop853_moderate,DOP853,1e-06,1e-08,3.4993742177722154,-0.06793349178126704,-0.3850007758779907,-0.06793528943012664,-0.3849981390282231,1.7976488596027629e-06,2.6368497675899327e-06,2.6368497675899327e-06,-0.44344110795013725,-1.92449154890593,-0.4434404576236749,-1.9244924171693591,6.503264623480831e-07,8.68263429154581e-07,1.084806844575312e-06,1.7935023067655598e-06,-24.524992126727653,7.87327234874624e-06,7.87327234874624e-06,3.2103047293562653e-07,-24.52499945466638,5.453336235916595e-07,5.453336235916595e-07,2.22358256306487e-08
screenshot_like_simple_start,dop853_moderate,DOP853,1e-06,1e-08,3.5043804755944934,-0.08098161476948362,-0.3772594755859368,-0.08098342336247794,-0.37725681590275817,1.8085929943123524e-06,2.659683178640737e-06,2.659683178640737e-06,-0.4492671821866119,-1.9264004441810103,-0.4492665122029717,-1.9264012776316113,6.699836401780068e-07,8.334506009788356e-07,1.069354002366922e-06,1.8026657060132845e-06,-24.52499222073206,7.779267942709112e-06,7.779267942709112e-06,3.171974696313603e-07,-24.52499969141872,3.0858128141630914e-07,3.0858128141630914e-07,1.2582315246332685e-08
screenshot_like_simple_start,dop853_moderate,DOP853,1e-06,1e-08,3.509386733416771,-0.09413362924682041,-0.36927816600805247,-0.09413544005763294,-0.3692754984590741,1.8108108125330924e-06,2.667548978374512e-06,2.667548978374512e-06,-0.45493702119299584,-1.9281608296169974,-0.4549363362608577,-1.9281616222368871,6.849321381174889e-07,7.926198897223458e-07,1.0475582673100616e-06,1.802793656829893e-06,-24.52499227381844,7.7261815611962e-06,7.7261815611962e-06,3.1503288730667476e-07,-24.524999746302584,2.536974186284624e-07,2.536974186284624e-07,1.0344441126542808e-08
screenshot_like_simple_start,dop853_moderate,DOP853,1e-06,1e-08,3.514392991239049,-0.10738105710943488,-0.3610689925648086,-0.10738288080885736,-0.36106630567185394,1.8236994224762881e-06,2.6868929546841613e-06,2.6868929546841613e-06,-0.46044931163041924,-1.9297599024945233,-0.4604486111829108,-1.9297606562456093,7.004475084393391e-07,7.537510859911833e-07,1.0289642421929765e-06,1.8131950857702694e-06,-24.524992291959506,7.708040495657542e-06,7.708040495657542e-06,3.1429319044475193e-07,-24.524999483149177,5.168508252495485e-07,5.168508252495485e-07,2.1074447512723688e-08
screenshot_like_simple_start,dop853_moderate,DOP853,1e-06,1e-08,3.5193992490613266,-0.12071466099888786,-0.35264523195927844,-0.12071647312333936,-0.35264256330549504,1.81212445149459e-06,2.6686537833997548e-06,2.6686537833997548e-06,-0.4658031618777819,-1.9311852118360053,-0.4658024563824764,-1.9311859153154793,7.054953055085633e-07,7.034794740068406e-07,9.962966407870511e-07,1.7989371136895027e-06,-24.52499228402459,7.71597541060487e-06,7.71597541060487e-06,3.1461673437736467e-07,-24.524998926057552,1.0739424496364336e-06,1.0739424496364336e-06,4.378970232972206e-08
screenshot_like_simple_start,dop853_moderate,DOP853,1e-06,1e-08,3.5244055068836047,-0.13412432788218645,-0.3440214495731922,-0.13412613197927048,-0.3440187923825082,1.804097084029399e-06,2.657190683985622e-06,2.657190683985622e-06,-0.47099818053596954,-1.9324247527478473,-0.4709974669335979,-1.9324254077000904,7.13602371638089e-07,6.549522431065213e-07,9.686024909929611e-07,1.7878939245763448e-06,-24.524992271420444,7.728579557664261e-06,7.728579557664261e-06,3.151306649404388e-07,-24.52499858129422,1.4187057821857252e-06,1.4187057821857252e-06,5.7847330568225284e-08
screenshot_like_simple_start,dop853_moderate,DOP853,1e-06,1e-08,3.5294117647058822,-0.14759910461580444,-0.33521344072479453,-0.14760093636652574,-0.33521074119247946,1.8317507212983752e-06,2.6995323150758033e-06,2.6995323150758033e-06,-0.47603450613893455,-1.9334671285203506,-0.47603376869495095,-1.933467747198225,7.374439836005386e-07,6.18677874264506e-07,9.625933414755575e-07,1.8118338730443995e-06,-24.52499236221945,7.637780552016693e-06,7.637780552016693e-06,3.114283609384992e-07,-24.52499832421429,1.6757857110860641e-06,1.6757857110860641e-06,6.832969260289762e-08
screenshot_like_simple_start,dop853_moderate,DOP853,1e-06,1e-08,3.5344180225281603,-0.16112725222140586,-0.32623814491999653,-0.16112912507289454,-0.3262353846147705,1.8728514886712233e-06,2.7603052260571914e-06,2.7603052260571914e-06,-0.4809128290436112,-1.9343017139669292,-0.48091206292271316,-1.934302298126008,7.661208980547229e-07,5.8415907888687e-07,9.634225759666065e-07,1.8485922825273171e-06,-24.524992627460982,7.3725390201673235e-06,7.3725390201673235e-06,3.0061321183149126e-07,-24.524998287178864,1.7128211382555492e-06,1.7128211382555492e-06,6.983980176373288e-08
screenshot_like_simple_start,dop853_moderate,DOP853,1e-06,1e-08,3.5394242803504383,-0.17469629976431528,-0.3171135607608948,-0.17469821606992067,-0.31711073707582016,1.9163056053927985e-06,2.8236850746488074e-06,2.8236850746488074e-06,-0.4856344115400437,-1.9349188099698595,-0.48563361578215364,-1.9349193573895411,7.957578900819051e-07,5.47419681584671e-07,9.658669304898413e-07,1.8871379080243056e-06,-24.524993002312804,6.997687197696223e-06,6.997687197696223e-06,2.853287338510182e-07,-24.52499840849354,1.5915064608407192e-06,1.5915064608407192e-06,6.489322979982545e-08
screenshot_like_simple_start,dop853_moderate,DOP853,1e-06,1e-08,3.544430538172716,-0.1882931025036389,-0.3078586549007268,-0.18829505021614917,-0.3078557848349371,1.947712510275146e-06,2.8700657896951753e-06,2.8700657896951753e-06,-0.4902011038778211,-1.9353097890097681,-0.49020028203467425,-1.9353102941099,8.218431468698384e-07,5.05100131942271e-07,9.646513885052042e-07,1.913286662269531e-06,-24.52499328448145,6.715518551914101e-06,6.715518551914101e-06,2.7382338641851586e-07,-24.524998296209667,1.7037903354832906e-06,1.7037903354832906e-06,6.947157331226465e-08
screenshot_like_simple_start,dop853_moderate,DOP853,1e-06,1e-08,3.549436795994994,-0.2019039089828979,-0.2984932584343529,-0.2019058543427772,-0.2984903892748266,1.9453598792962268e-06,2.8691595263530267e-06,2.8691595263530267e-06,-0.4946153537074226,-1.9354672305403264,-0.49461451726151323,-1.9354676841855942,8.364459093690435e-07,4.536452677950109e-07,9.515438971970832e-07,1.9058425358986497e-06,-24.524993233423743,6.766576259309431e-06,6.766576259309431e-06,2.7590525012474743e-07,-24.524997730435707,2.269564294721249e-06,2.269564294721249e-06,9.254084789892962e-08
screenshot_like_simple_start,dop853_moderate,DOP853,1e-06,1e-08,3.5544430538172715,-0.21551444173003526,-0.28903794411336237,-0.2155163333317363,-0.28903514840486727,1.8916017010539576e-06,2.7957084950958055e-06,2.7957084950958055e-06,-0.498880206227847,-1.9353850441527596,-0.4988793743302944,-1.935385436489623,8.318975526222516e-07,3.9233686344175567e-07,9.197726634740819e-07,1.847841969632169e-06,-24.524992721014954,7.278985048486675e-06,7.278985048486675e-06,2.9679857486184197e-07,-24.52499680450032,3.195499683528169e-06,3.195499683528169e-06,1.3029560381358487e-07
screenshot_like_simple_start,dop853_moderate,DOP853,1e-06,1e-08,3.5594493116395496,-0.22910999623569994,-0.27951387777486586,-0.22911178518051617,-0.27951122535785583,1.788944816227822e-06,2.6524170100294953e-06,2.6524170100294953e-06,-0.5029992921225062,-1.9350585775813682,-0.5029984848430873,-1.9350589030587737,8.072794188684895e-07,3.254774054717302e-07,8.704226568749547e-07,1.7421973751985398e-06,-24.524991854456566,8.145543436199887e-06,8.145543436199887e-06,3.321322502018302e-07,-24.524995832782672,4.167217330319772e-06,4.167217330319772e-06,1.6991711846359927e-07
screenshot_like_simple_start,dop853_moderate,DOP853,1e-06,1e-08,3.564455569461827,-0.24267556287864459,-0.2699426373730881,-0.2426772330479737,-0.26994015266098725,1.6701693291154562e-06,2.4847121008475526e-06,2.4847121008475526e-06,-0.5069768001613344,-1.9344847057577748,-0.5069760266598344,-1.9344849670241346,7.73501499962137e-07,2.612663598799969e-07,8.164341254802006e-07,1.6212305450069575e-06,-24.524990990432208,9.009567794038276e-06,9.009567794038276e-06,3.6736260118402753e-07,-24.524995158132135,4.841867866645089e-06,4.841867866645089e-06,1.974258049600444e-07
screenshot_like_simple_start,dop853_moderate,DOP853,1e-06,1e-08,3.569461827284105,-0.2561959764671487,-0.2603459930028184,-0.2561975682754454,-0.26034362106178244,1.5918082966748237e-06,2.3719410359723803e-06,2.3719410359723803e-06,-0.5108174311556459,-1.9336618963549492,-0.5108166789988166,-1.9336621035557213,7.52156829375572e-07,2.0720077209546162e-07,7.801743753375067e-07,1.5398528238619313e-06,-24.524990588014546,9.411985455898275e-06,9.411985455898275e-06,3.8377106853815594e-07,-24.52499497438459,5.025615411824447e-06,5.025615411824447e-06,2.04918059605482e-07
screenshot_like_simple_start,dop853_moderate,DOP853,1e-06,1e-08,3.5744680851063833,-0.26965609806530355,-0.2507456413038315,-0.2696576983774076,-0.250743261689731,1.6003121040553125e-06,2.37961410048948e-06,2.37961410048948e-06,-0.5145263297795898,-1.9325902465978892,-0.5145255670614401,-1.9325904107157674,7.627181496383528e-07,1.6411787817638412e-07,7.801753993332981e-07,1.5424805944186382e-06,-24.52499090519567,9.094804333642514e-06,9.094804333642514e-06,3.708380971923553e-07,-24.52499524327037,4.756729630628342e-06,4.756729630628342e-06,1.9395431725293953e-07
screenshot_like_simple_start,dop853_moderate,DOP853,1e-06,1e-08,3.579474342928661,-0.28304103377306244,-0.24116288763534385,-0.28304269399599413,-0.2411604303343669,1.6602229316875494e-06,2.457300976949073e-06,2.457300976949073e-06,-0.5181089906230402,-1.9312714855784587,-0.5181081985966829,-1.9312716087943387,7.920263572769315e-07,1.232158799435723e-07,8.015534315887085e-07,1.5941632540150685e-06,-24.524991624944242,8.375055760012629e-06,8.375055760012629e-06,3.4149055086697767e-07,-24.524995736518395,4.2634816068698456e-06,4.2634816068698456e-06,1.7384226735452987e-07
screenshot_like_simple_start,dop853_moderate,DOP853,1e-06,1e-08,3.584480600750939,-0.29633634109538814,-0.23161834670190437,-0.29633792881363963,-0.23161600262052706,1.5877182514834054e-06,2.3440813773090152e-06,2.3440813773090152e-06,-0.5215711582680864,-1.929708933949579,-0.5215703952956487,-1.9297090083938717,7.629724376734259e-07,7.44442927302913e-08,7.665956518070286e-07,1.5185136277295896e-06,-24.52499173721104,8.262788963264711e-06,8.262788963264711e-06,3.3691290370090564e-07,-24.524996181610568,3.8183894339738345e-06,3.8183894339738345e-06,1.556937587756915e-07
screenshot_like_simple_start,dop853_moderate,DOP853,1e-06,1e-08,3.5894868585732165,-0.3095277244677123,-0.2221323739783008,-0.30952920641811865,-0.22213018886154007,1.4819504063345867e-06,2.1851167607278565e-06,2.1851167607278565e-06,-0.5249189422791155,-1.9279074192065704,-0.5249182223745377,-1.9279074491913037,7.199045778394364e-07,2.9984733362908855e-08,7.205287540612255e-07,1.4115241361301045e-06,-24.52499156922461,8.430775391587986e-06,8.430775391587986e-06,3.437625032247904e-07,-24.524996442450423,3.557549579369379e-06,3.557549579369379e-06,1.450580868244395e-07
screenshot_like_simple_start,dop853_moderate,DOP853,1e-06,1e-08,3.5944931163954945,-0.32260142668815595,-0.2127245019607666,-0.3226028681142892,-0.21272237737106545,1.4414261332307277e-06,2.1245897011412662e-06,2.1245897011412662e-06,-0.5281586297845374,-1.9258732213284646,-0.5281579201522522,-1.9258732128943286,7.096322852673254e-07,8.434136056223451e-09,7.096824042800706e-07,1.3670682299515846e-06,-24.524991630001235,8.369998766966091e-06,8.369998766966091e-06,3.4128435339311277e-07,-24.524996632360587,3.367639415330359e-06,3.367639415330359e-06,1.3731455312254267e-07
screenshot_like_simple_start,dop853_moderate,DOP853,1e-06,1e-08,3.599499374217772,-0.3355443987285086,-0.20341319484025072,-0.33554587567678473,-0.20341101501434888,1.4769482761245456e-06,2.1798259018379618e-06,2.1798259018379618e-06,-0.5312965821504393,-1.9236139613662981,-0.531295841846289,-1.9236139153824818,7.403041503151186e-07,4.598381631026882e-08,7.417309123504604e-07,1.3945802664894202e-06,-24.524991635286348,8.364713654174238e-06,8.364713654174238e-06,3.4106885440058056e-07,-24.524997042380484,2.9576195181846288e-06,2.9576195181846288e-06,1.2059610675574428e-07
screenshot_like_simple_start,dop853_moderate,DOP853,1e-06,1e-08,3.60450563204005,-0.3483443192695618,-0.19421581786880027,-0.348345863037974,-0.19421353377960715,1.5437684122154849e-06,2.284089193116401e-06,2.284089193116401e-06,-0.5343391922889626,-1.9211384704842493,-0.5343384021896741,-1.9211383843502325,7.900992885501168e-07,8.613401680790389e-08,7.94780444285631e-07,1.4510479691143274e-06,-24.524991316107847,8.683892154692785e-06,8.683892154692785e-06,3.540832682851288e-07,-24.52499777589708,2.2241029213887487e-06,2.2241029213887487e-06,9.068717314531085e-08
screenshot_like_simple_start,dop853_moderate,DOP853,1e-06,1e-08,3.609511889862328,-0.36098964372550885,-0.18514856502595908,-0.36099116340853726,-0.18514631316337496,1.5196830284169849e-06,2.2518625841239093e-06,2.2518625841239093e-06,-0.5372928264825357,-1.9184566512053958,-0.537292034841881,-1.9184565290005262,7.916406546959465e-07,1.2220486955705212e-07,8.010174506906094e-07,1.4217356140711068e-06,-24.52499069374972,9.306250280616268e-06,9.306250280616268e-06,3.7945974640637175e-07,-24.524998115202646,1.8847973564106724e-06,1.8847973564106724e-06,7.685208384956869e-08
screenshot_like_simple_start,dop853_moderate,DOP853,1e-06,1e-08,3.6145181476846058,-0.37346964613312994,-0.17622639740949067,-0.3734710860495425,-0.1762242617458318,1.439916412548925e-06,2.1356636588643063e-06,2.1356636588643063e-06,-0.5401637672361335,-1.9155793313088172,-0.5401630053070119,-1.9155791803701576,7.61929121573246e-07,1.509386595710538e-07,7.767357757014189e-07,1.3406583607156186e-06,-24.524990022925962,9.977074039824174e-06,9.977074039824174e-06,4.0681239713860036e-07,-24.524998144455477,1.8555445251422498e-06,1.8555445251422498e-06,7.565930785493373e-08
screenshot_like_simple_start,dop853_moderate,DOP853,1e-06,1e-08,3.619524405506884,-0.385774451721707,-0.16746299543232596,-0.38577582167770663,-0.16746096231673202,1.3699559996416255e-06,2.033115593935708e-06,2.033115593935708e-06,-0.5429581589241663,-1.912518113384873,-0.5429574235237506,-1.9125179367818281,7.354004156745475e-07,1.7660304485467293e-07,7.563084072164205e-07,1.2692738844410911e-06,-24.524989601322382,1.0398677620315766e-05,1.0398677620315766e-05,4.240031649466163e-07,-24.524998143372578,1.8566274242459713e-06,1.8566274242459713e-06,7.570346276232298e-08
screenshot_like_simple_start,dop853_moderate,DOP853,1e-06,1e-08,3.6245306633291614,-0.397895057979618,-0.15887072790763557,-0.3978963919312539,-0.15886874922215533,1.333951635928976e-06,1.9786854802417153e-06,1.9786854802417153e-06,-0.5456819580829634,-1.9092852233793152,-0.545681234056812,-1.9092850195332027,7.240261513663526e-07,2.0384611243429163e-07,7.521749167693286e-07,1.2297411964290461e-06,-24.524989591968048,1.0408031954511898e-05,1.0408031954511898e-05,4.2438458530119867e-07,-24.524998137152306,1.8628476965432128e-06,1.8628476965432128e-06,7.595709262153773e-08
screenshot_like_simple_start,dop853_moderate,DOP853,1e-06,1e-08,3.6295369211514394,-0.40982334203359694,-0.1504606411038986,-0.409824688270596,-0.15045864816580035,1.346236999044681e-06,1.9929380982441902e-06,1.9929380982441902e-06,-0.5483408902695333,-1.9058933617071314,-0.5483401546034842,-1.905893124028469,7.356660490787092e-07,2.3767866230706147e-07,7.731078076718356e-07,1.2347564026238267e-06,-24.524989945059158,1.0054940844383964e-05,1.0054940844383964e-05,4.099873942664205e-07,-24.52499815103892,1.8489610837946202e-06,1.8489610837946202e-06,7.539086987949521e-08
screenshot_like_simple_start,dop853_moderate,DOP853,1e-06,1e-08,3.634543178973717,-0.42155205215658254,-0.14224247085188443,-0.42155345124229976,-0.14224040584677156,1.3990857172241355e-06,2.0650051128778824e-06,2.0650051128778824e-06,-0.5509404154629323,-1.902355560692968,-0.5509396479151831,-1.9023552809580193,7.675477491364546e-07,2.7973494876043503e-07,8.169340173860072e-07,1.2766023231303159e-06,-24.524990444950003,9.55504999922141e-06,9.55504999922141e-06,3.896044851874173e-07,-24.524998179638906,1.8203610956391003e-06,1.8203610956391003e-06,7.422471337977982e-08
screenshot_like_simple_start,dop853_moderate,DOP853,1e-06,1e-08,3.639549436795995,-0.4330747812201514,-0.13422468078541505,-0.4330762402681373,-0.13422253346690957,1.4590479858744843e-06,2.1473185054798893e-06,2.1473185054798893e-06,-0.5534857040271834,-1.898685052198391,-0.5534849003704205,-1.8986847272441358,8.036567629154945e-07,3.2495425505985054e-07,8.668676141495389e-07,1.324347745246257e-06,-24.524990852322183,9.147677818788225e-06,9.147677818788225e-06,3.7299399872734857e-07,-24.52499820479029,1.7952097124407373e-06,1.7952097124407373e-06,7.319917278045819e-08
screenshot_like_simple_start,dop853_moderate,DOP853,1e-06,1e-08,3.644555694618273,-0.44438591990745957,-0.12641452979782253,-0.4443873954786803,-0.12641236193396063,1.4755712207104033e-06,2.1678638618960466e-06,2.1678638618960466e-06,-0.5559816252855301,-1.8948951493312438,-0.5559808069758833,-1.894894788294822,8.183096468217244e-07,3.610364218697981e-07,8.944148791238002e-07,1.3322556481898395e-06,-24.52499106607541,8.933924593890197e-06,8.933924593890197e-06,3.642782709027603e-07,-24.52499821912183,1.7808781720418665e-06,1.7808781720418665e-06,7.261480823820046e-08
screenshot_like_simple_start,dop853_moderate,DOP853,1e-06,1e-08,3.6495619524405507,-0.4554805875026785,-0.11881817179597595,-0.4554819931109612,-0.11881610658683914,1.4056082827118566e-06,2.0652091368145165e-06,2.0652091368145165e-06,-0.5584327507763808,-1.8909991461047977,-0.558431962433606,-1.8909987725906068,7.883427747268357e-07,3.7351419091002924e-07,8.723515239140585e-07,1.2623056962479673e-06,-24.52499119780444,8.802195562651605e-06,8.802195562651605e-06,3.5890705658110514e-07,-24.52499823523688,1.76476312319096e-06,1.76476312319096e-06,7.195772163877512e-08
screenshot_like_simple_start,dop853_moderate,DOP853,1e-06,1e-08,3.6545682102628287,-0.46635453807287247,-0.1114407908337767,-0.46635579598968546,-0.11143893926926338,1.2579168129911444e-06,1.8515645133221348e-06,1.8515645133221348e-06,-0.560843374272966,-1.8870102388313665,-0.5608426577814265,-1.8870098791409018,7.164915395430071e-07,3.596904647462651e-07,8.017090224427394e-07,1.123587722307029e-06,-24.524991435867534,8.564132468080743e-06,8.564132468080743e-06,3.492001006353004e-07,-24.52499827712917,1.7228708308891783e-06,1.7228708308891783e-06,7.024957516367698e-08
screenshot_like_simple_start,dop853_moderate,DOP853,1e-06,1e-08,3.6595744680851063,-0.47700404636673766,-0.10428676546181394,-0.47700520061148166,-0.10428506557804318,1.15424474400605e-06,1.6998837707588033e-06,1.6998837707588033e-06,-0.5632175472397195,-1.88294147087819,-0.5632168819923482,-1.8829411178938689,6.652473713009144e-07,3.5298432110586475e-07,7.530949448571175e-07,1.0254011864607726e-06,-24.524991602042725,8.397957277139767e-06,8.397957277139767e-06,3.4242435380794156e-07,-24.52499836086311,1.6391368937718198e-06,1.6391368937718198e-06,6.683534735053292e-08
screenshot_like_simple_start,dop853_moderate,DOP853,1e-06,1e-08,3.6645807259073844,-0.487426074994362,-0.09735943375578675,-0.4874271823517083,-0.09735780511227547,1.107357346263882e-06,1.6286435112755626e-06,1.6286435112755626e-06,-0.5655589703420554,-1.8788056030944165,-0.5655583278068127,-1.8788052427715454,6.425352426786546e-07,3.603228710957751e-07,7.366709642159246e-07,9.783956513298442e-07,-24.524991623558524,8.376441478219476e-06,8.376441478219476e-06,3.4154705313840877e-07,-24.524998476262105,1.5237378967469795e-06,1.5237378967469795e-06,6.21299855962071e-08
screenshot_like_simple_start,dop853_moderate,DOP853,1e-06,1e-08,3.669586983729662,-0.4976181806061604,-0.09066122899894515,-0.49761924031328497,-0.09065967254974007,1.059707124551057e-06,1.556449205075694e-06,1.556449205075694e-06,-0.5678710198399435,-1.8746150615528674,-0.5678704009705043,-1.8746146966333632,6.188694391395799e-07,3.649195041699471e-07,7.184466766744615e-07,9.311876710271783e-07,-24.524991619160552,8.380839449984023e-06,8.380839449984023e-06,3.417263792042415e-07,-24.524998581288628,1.4187113741570556e-06,1.4187113741570556e-06,5.7847558579288706e-08
screenshot_like_simple_start,dop853_moderate,DOP853,1e-06,1e-08,3.67459324155194,-0.5075783308237397,-0.08419394273562979,-0.5075793433370712,-0.08419245737674848,1.012513331510867e-06,1.4853588813090735e-06,1.4853588813090735e-06,-0.5701568271971102,-1.8703819343833326,-0.570156231959204,-1.870381567147732,5.952379062978963e-07,3.672356005957056e-07,6.99406999849724e-07,8.848596046440171e-07,-24.524991619361334,8.380638668370466e-06,8.380638668370466e-06,3.4171819239023303e-07,-24.524998617109606,1.3828903959733907e-06,1.3828903959733907e-06,5.638696823540838e-08
screenshot_like_simple_start,dop853_moderate,DOP853,1e-06,1e-08,3.679599499374218,-0.5173049118171759,-0.07795871721674602,-0.5173058786932624,-0.07795730009773637,9.668760865277903e-07,1.4171190096529118e-06,1.4171190096529118e-06,-0.5724192616409336,-1.8661179200684253,-0.5724186891910898,-1.8661175522735234,5.724498437498227e-07,3.677949018676685e-07,6.804203946451372e-07,8.403651106103638e-07,-24.524991660637106,8.339362896236935e-06,8.339362896236935e-06,3.400351843521686e-07,-24.524998545687353,1.4543126489741098e-06,1.4543126489741098e-06,5.929919057998409e-08
screenshot_like_simple_start,dop853_moderate,DOP853,1e-06,1e-08,3.6846057571964956,-0.5267966824013164,-0.0719561139350374,-0.5267976049733192,-0.07195476275085787,9.225720027927764e-07,1.3511841795293966e-06,1.3511841795293966e-06,-0.5746609428518182,-1.8618343005182343,-0.57466039265541,-1.861833933820367,5.501964082110788e-07,3.6669786718235287e-07,6.611984674849591e-07,7.974913447394982e-07,-24.524991738294503,8.261705499279515e-06,8.261705499279515e-06,3.368687257606326e-07,-24.524998404200698,1.5957993042547969e-06,1.5957993042547969e-06,6.5068269286638e-08
screenshot_like_simple_start,dop853_moderate,DOP853,1e-06,1e-08,3.6896120150187737,-0.5360527291493782,-0.06618618084492087,-0.5360536102095474,-0.06618489213297923,8.810601692665898e-07,1.2887119416327142e-06,1.2887119416327142e-06,-0.5768842553921105,-1.8575419223474008,-0.5768837269766756,-1.857541557580602,5.28415434963847e-07,3.6476679876606966e-07,6.420885370337007e-07,7.5747491934397e-07,-24.52499181328328,8.186716723201926e-06,8.186716723201926e-06,3.3381107943738737e-07,-24.52499834506146,1.6549385435382646e-06,1.6549385435382646e-06,6.74796551901433e-08
screenshot_like_simple_start,dop853_moderate,DOP853,1e-06,1e-08,3.6946182728410513,-0.5450724232885961,-0.060648517162049116,-0.5450732625795983,-0.060647291417474554,8.392910022525513e-07,1.2257445745622597e-06,1.2257445745622597e-06,-0.5790913642811605,-1.8532511853367324,-0.5790908584590874,-1.8532508244740917,5.058220731157803e-07,3.60862640658155e-07,6.213516034210602e-07,7.176689448273876e-07,-24.524991840271703,8.159728299261815e-06,8.159728299261815e-06,3.327106340167916e-07,-24.524998322478,1.6775220004205948e-06,1.6775220004205948e-06,6.840048931378572e-08
screenshot_like_simple_start,dop853_moderate,DOP853,1e-06,1e-08,3.6996245306633293,-0.5538553801427104,-0.05534233463774795,-0.5538561728682514,-0.055341178723286866,7.927255409878597e-07,1.1559144610859273e-06,1.1559144610859273e-06,-0.581284231092838,-1.848972036968986,-0.5812837511633524,-1.8489716839564414,4.799294855972747e-07,3.5301254452946296e-07,5.95776944620074e-07,6.742153118022287e-07,-24.52499179529712,8.20470288331876e-06,8.20470288331876e-06,3.345444600741594e-07,-24.52499831149812,1.6885018823131759e-06,1.6885018823131759e-06,6.884819092000716e-08
screenshot_like_simple_start,dop853_moderate,DOP853,1e-06,1e-08,3.704630788485607,-0.5624014218860334,-0.050266514203505544,-0.56240216277773,-0.05026543570345804,7.408916966600287e-07,1.0785000475049822e-06,1.0785000475049822e-06,-0.5834646299259115,-1.8447139718586247,-0.5834641795653213,-1.8447136309896845,4.5036059026504205e-07,3.4086894018514613e-07,5.648152756847337e-07,6.267772382217984e-07,-24.524991690728015,8.30927198691711e-06,8.30927198691711e-06,3.388082359599229e-07,-24.5249983126886,1.6873114034865466e-06,1.6873114034865466e-06,6.879964947957377e-08
screenshot_like_simple_start,dop853_moderate,DOP853,1e-06,1e-08,3.709637046307885,-0.570710544373884,-0.045419656880658466,-0.5707112313309975,-0.04541865874828462,6.869571135270647e-07,9.98132373843108e-07,9.98132373843108e-07,-0.5856341625759377,-1.8404860348465362,-0.585633743559099,-1.84048570905016,4.1901683867084927e-07,3.257963760994187e-07,5.307715042927854e-07,5.780861885851252e-07,-24.524991572701534,8.427298467950095e-06,8.427298467950095e-06,3.436207326381282e-07,-24.524998311452677,1.6885473250738414e-06,1.6885473250738414e-06,6.88500438358345e-08
screenshot_like_simple_start,dop853_moderate,DOP853,1e-06,1e-08,3.714643304130163,-0.5787828888141359,-0.04080012785045006,-0.5787835259148681,-0.04079920412475889,6.371007322814037e-07,9.237256911737157e-07,9.237256911737157e-07,-0.5877942722194016,-1.8362968265013349,-0.5877938825978375,-1.8362965156808286,3.896215641230327e-07,3.1082050622188717e-07,4.984118280274945e-07,5.333354109460231e-07,-24.52499150139295,8.498607051876661e-06,8.498607051876661e-06,3.4652832015806976e-07,-24.524998297708528,1.7022914740039141e-06,1.7022914740039141e-06,6.94104576556132e-08
screenshot_like_simple_start,dop853_moderate,DOP853,1e-06,1e-08,3.7196495619524406,-0.5866187190446587,-0.03640609257961058,-0.5866193163571713,-0.03640522872724768,5.973125126734757e-07,8.638523629062034e-07,8.638523629062034e-07,-0.5899462549066203,-1.832154509757315,-0.5899458890786557,-1.8321542105580675,3.658279645879503e-07,2.9919924759980177e-07,4.725995021567946e-07,4.974519987044346e-07,-24.5249915173492,8.48265080222177e-06,8.48265080222177e-06,3.458777085513463e-07,-24.524998270753567,1.7292464349338843e-06,1.7292464349338843e-06,7.050953863135103e-08
screenshot_like_simple_start,dop853_moderate,DOP853,1e-06,1e-08,3.7246558197747186,-0.5942184051814156,-0.0322355438966246,-0.5942189718396379,-0.032234726727377566,5.6665822234514e-07,8.171692470332337e-07,8.171692470332337e-07,-0.5920912681492185,-1.8280668164238867,-0.5920909209296672,-1.8280665255107402,3.4721955133321103e-07,2.909131464612358e-07,4.529810985151729e-07,4.695251706321457e-07,-24.524991597710326,8.402289676467944e-06,8.402289676467944e-06,3.4260100617606295e-07,-24.52499823704307,1.7629569306620851e-06,1.7629569306620851e-06,7.188407464473333e-08
screenshot_like_simple_start,dop853_moderate,DOP853,1e-06,1e-08,3.729662077596996,-0.6015824111348069,-0.02828632352504077,-0.6015829404481776,-0.028285562411093076,5.293133706896214e-07,7.611139476934592e-07,7.611139476934592e-07,-0.594230337796488,-1.824041054039606,-0.5942300133746122,-1.824040776001715,3.2442187580805637e-07,2.7803789093283626e-07,4.272641130462488e-07,4.363876106028286e-07,-24.52499162446795,8.375532051019263e-06,8.375532051019263e-06,3.4150997149925635e-07,-24.52499820573881,1.7942611911792028e-06,1.7942611911792028e-06,7.316049709191447e-08
screenshot_like_simple_start,dop853_moderate,DOP853,1e-06,1e-08,3.7346683354192742,-0.6087112430479493,-0.024556198941021703,-0.6087117311622413,-0.024555499490841876,4.881142919854753e-07,6.994501798272823e-07,6.994501798272823e-07,-0.5963643886646905,-1.8200841355857795,-0.5963640898672605,-1.8200838736505949,2.98797430020592e-07,2.619351846533391e-07,3.973536776554225e-07,4.00441879766511e-07,-24.52499161854729,8.38145271231383e-06,8.38145271231383e-06,3.417513848038259e-07,-24.52499818472591,1.8152740928201183e-06,1.8152740928201183e-06,7.401729226585599e-08
screenshot_like_simple_start,dop853_moderate,DOP853,1e-06,1e-08,3.739674593241552,-0.615605450155587,-0.021042866144989677,-0.6156058980849206,-0.021042227180861905,4.47929333624586e-07,6.389641277713964e-07,6.389641277713964e-07,-0.5984942453259621,-1.8162025846546306,-0.5984939722034825,-1.816202339440882,2.731224795216036e-07,2.4521374863972767e-07,3.6704995755615654e-07,3.657001903523138e-07,-24.524991618694607,8.381305395488425e-06,8.381305395488425e-06,3.4174537800156676e-07,-24.524998178261026,1.8217389765595726e-06,1.8217389765595726e-06,7.428089608805597e-08
screenshot_like_simple_start,dop853_moderate,DOP853,1e-06,1e-08,3.74468085106383,-0.6222656185185543,-0.01774396199633672,-0.6222660267154848,-0.01774338332352242,4.08196930479221e-07,5.786728143018782e-07,5.786728143018782e-07,-0.600620636731,-1.812402544976499,-0.6006203898337124,-1.8124023173148243,2.468972876146225e-07,2.276616748453364e-07,3.358394092789607e-07,3.31684435028734e-07,-24.524991619496017,8.380503984994903e-06,8.380503984994903e-06,3.417127007133497e-07,-24.524998186404922,1.8135950803355172e-06,1.8135950803355172e-06,7.394883100246757e-08
screenshot_like_simple_start,dop853_moderate,DOP853,1e-06,1e-08,3.749687108886108,-0.6286923540996546,-0.014657092013543012,-0.628692722066009,-0.014656574854692829,3.679663543865175e-07,5.17158850183233e-07,5.17158850183233e-07,-0.6027442079055634,-1.808689796731582,-0.602743988412382,-1.808689587914702,2.194931814081258e-07,2.0881688000962129e-07,3.0295502316616733e-07,2.9761012099172035e-07,-24.524991611849256,8.38815074644117e-06,8.38815074644117e-06,3.420244952677337e-07,-24.524998205812643,1.79418735868353e-06,1.79418735868353e-06,7.315748659260061e-08
screenshot_like_simple_start,dop853_moderate,DOP853,1e-06,1e-08,3.7546933667083855,-0.634886271738692,-0.011779849713102052,-0.6348865984237855,-0.011779395896094468,3.2668509342137497e-07,4.538170075840675e-07,4.538170075840675e-07,-0.6048655283924227,-1.805069770686911,-0.604865337633828,-1.8050695822801983,1.9075859469808165e-07,1.8840671267561504e-07,2.681155177016406e-07,2.6302692757163015e-07,-24.524991592941042,8.407058960102631e-06,8.407058960102631e-06,3.4279547237931216e-07,-24.52499823121646,1.7687835409674335e-06,1.7687835409674335e-06,7.21216530465824e-08
screenshot_like_simple_start,dop853_moderate,DOP853,1e-06,1e-08,3.7596996245306635,-0.6408479860162302,-0.009109833110716371,-0.6408482705611876,-0.009109443762602351,2.845449574850889e-07,3.8934811402019376e-07,3.8934811402019376e-07,-0.6069850996600115,-1.8015475619334602,-0.6069849384161521,-1.8015473953577712,1.6124385937565933e-07,1.6657568902012088e-07,2.3183408368677245e-07,2.2808809962970855e-07,-24.52499156885929,8.431140713582863e-06,8.431140713582863e-06,3.4377739912672223e-07,-24.524998256961716,1.7430382861505223e-06,1.7430382861505223e-06,7.107189749849224e-08
screenshot_like_simple_start,dop853_moderate,DOP853,1e-06,1e-08,3.764705882352941,-0.6465781037392053,-0.006644658783181923,-0.6465783461946571,-0.006644333172462394,2.4245545182655093e-07,3.2561071952944e-07,3.2561071952944e-07,-0.609103361593279,-1.7981279431255932,-0.6091032295055531,-1.798127799219664,1.3208772597916862e-07,1.4390592917301603e-07,1.9533582314951102e-07,1.935158058241626e-07,-24.52499155199541,8.448004592764846e-06,8.448004592764846e-06,3.4446501907298046e-07,-24.52499827817465,1.7218253525186356e-06,1.7218253525186356e-06,7.020694607619308e-08
screenshot_like_simple_start,dop853_moderate,DOP853,1e-06,1e-08,3.769712140175219,-0.6520772177815402,-0.004381973889371286,-0.6520774194945036,-0.004381708948381316,2.017129634435122e-07,2.649409899697919e-07,2.649409899697919e-07,-0.6112206981957324,-1.7948153771737376,-0.6112205935837753,-1.794815255927407,1.0461195709687843e-07,1.2124633053112177e-07,1.6013848455290553e-07,1.6032648930686122e-07,-24.52499155544997,8.444550033459564e-06,8.444550033459564e-06,3.44324160385711e-07,-24.52499829149596,1.7085040404651863e-06,1.7085040404651863e-06,6.966377331152645e-08
screenshot_like_simple_start,dop853_moderate,DOP853,1e-06,1e-08,3.7747183979974968,-0.6573459020128763,-0.0023194665487390013,-0.6573460654471766,-0.0023192574974600783,1.634343002043792e-07,2.0905127892309472e-07,2.0905127892309472e-07,-0.6133374426439095,-1.7916140293839744,-0.6133373629705092,-1.7916139300075336,7.967340032166703e-08,9.937644085411534e-08,1.2737161267585527e-07,1.2937731641571304e-07,-24.52499158660167,8.413398333573241e-06,8.413398333573241e-06,3.430539585554838e-07,-24.524998295755363,1.7042446387449672e-06,1.7042446387449672e-06,6.94900974004064e-08
screenshot_like_simple_start,dop853_moderate,DOP853,1e-06,1e-08,3.779724655819775,-0.6623847070485743,-0.00045487497575823557,-0.6623848348717005,-0.0004547173579270425,1.2782312619474823e-07,1.5761783119308537e-07,1.5761783119308537e-07,-0.615453881846583,-1.788527779075242,-0.6154538250208621,-1.788527700535824,5.682572090659477e-08,7.853941808022569e-08,9.694123348160309e-08,1.0079209400437605e-07,-24.524991641899184,8.35810081767363e-06,8.35810081767363e-06,3.407992178460196e-07,-24.52499829345132,1.7065486836997934e-06,1.7065486836997934e-06,6.958404418755529e-08
screenshot_like_simple_start,dop853_moderate,DOP853,1e-06,1e-08,3.784730913642053,-0.6671941565541001,0.001214004231288937,-0.6671942496340881,0.0012141108489151415,9.30799880505262e-08,1.0661762620445443e-07,1.0661762620445443e-07,-0.6175702606708168,-1.7855602307363885,-0.617570227173272,-1.7855601730105133,3.349754473802591e-08,5.772587519103922e-08,6.674100815875862e-08,7.312000283032916e-08,-24.524991704838115,8.29516188716184e-06,8.29516188716184e-06,3.382329005978324e-07,-24.524998297583036,1.7024169665091904e-06,1.7024169665091904e-06,6.941557457733702e-08
screenshot_like_simple_start,dop853_moderate,DOP853,1e-06,1e-08,3.7897371714643304,-0.6717747438369425,0.002689308248756281,-0.6717748000621693,0.0026893602931577004,5.622522680770459e-08,5.2044401419558406e-08,5.622522680770459e-08,-0.619686786005621,-1.7827147248114508,-0.6196867779699229,-1.782714689678248,8.03569810692295e-09,3.513320279147081e-08,3.604045480362612e-08,4.400851516539461e-08,-24.52499174902754,8.25097246348605e-06,8.25097246348605e-06,3.364310892349052e-07,-24.52499831819201,1.681807990649986e-06,1.681807990649986e-06,6.85752493639138e-08
screenshot_like_simple_start,dop853_moderate,DOP853,1e-06,1e-08,3.7947434292866085,-0.6761269284591906,0.0039731002348948885,-0.6761269454752009,0.003973094020362325,1.701601026748989e-08,6.214532563900144e-09,1.701601026748989e-08,-0.6218036308413303,-1.7799943482225804,-0.6218036503283397,-1.7799943375990481,1.9487009450536164e-08,1.0623532276099468e-08,2.2194660964894527e-08,1.9487009450536164e-08,-24.524991748258987,8.251741014930758e-06,8.251741014930758e-06,3.36462426704618e-07,-24.524998328895535,1.6711044672490516e-06,1.6711044672490516e-06,6.813881619771871e-08
screenshot_like_simple_start,dop853_moderate,DOP853,1e-06,1e-08,3.799749687108886,-0.6802511326039011,0.005067361187514406,-0.6802511076741482,0.005067292456294704,2.4929752928670723e-08,6.873121970174534e-08,6.873121970174534e-08,-0.6239209385489705,-1.777401944756106,-0.6239209878985491,-1.77740196078491,4.934957864577427e-08,1.602880406181839e-08,5.188741149997392e-08,4.934957864577427e-08,-24.5249916955817,8.304418301463556e-06,8.304418301463556e-06,3.386103282961694e-07,-24.524998326057414,1.6739425880984982e-06,1.6739425880984982e-06,6.825453977975527e-08
screenshot_like_simple_start,dop853_moderate,DOP853,1e-06,1e-08,3.804755944931164,-0.684147736928397,0.005973981053630825,-0.6841476696520038,0.005973849275713207,6.727639323411694e-08,1.317779176179118e-07,1.317779176179118e-07,-0.6260388275487482,-1.7749401254485058,-0.6260389071879359,-1.7749401687552693,7.963918768894018e-08,4.33067635086104e-08,9.065250124152643e-08,7.963918768894018e-08,-24.52499163357167,8.366428332351461e-06,8.366428332351461e-06,3.411387699225876e-07,-24.52499831989021,1.6801097935115195e-06,1.6801097935115195e-06,6.850600585164197e-08
screenshot_like_simple_start,dop853_moderate,DOP853,1e-06,1e-08,3.8097622027534417,-0.6878170808160958,0.006694756902716467,-0.6878169748984293,0.006694568027378214,1.0591766652634504e-07,1.8887533825319436e-07,1.8887533825319436e-07,-0.6281573923515703,-1.7726112757732124,-0.6281574993871154,-1.7726113442797082,1.070355450938365e-07,6.850649580947277e-08,1.270816583210497e-07,1.070355450938365e-07,-24.52499162877341,8.371226591918912e-06,8.371226591918912e-06,3.4133441761137253e-07,-24.524998323372397,1.6766276047519568e-06,1.6766276047519568e-06,6.836402058111954e-08
screenshot_like_simple_start,dop853_moderate,DOP853,1e-06,1e-08,3.8147684605757197,-0.6912594721231241,0.0072314061726208405,-0.6912593267232315,0.007231158858478368,1.453998925704525e-07,2.4731414247254613e-07,2.4731414247254613e-07,-0.6302766968140779,-1.770417556166904,-0.630276832099316,-1.7704176506488793,1.3528523801209502e-07,9.448197535455449e-08,1.6501193681333433e-07,1.3528523801209502e-07,-24.52499162769141,8.372308592186073e-06,8.372308592186073e-06,3.41378535868953e-07,-24.52499834565822,1.6543417835634955e-06,1.6543417835634955e-06,6.745532246945955e-08
screenshot_like_simple_start,dop853_moderate,DOP853,1e-06,1e-08,3.8197747183979978,-0.6944751737504045,0.007585543146521604,-0.6944749876094045,0.007585235361820236,1.861409999470709e-07,3.0778470136785807e-07,3.0778470136785807e-07,-0.6323967862103571,-1.7683609169933556,-0.6323969509573681,-1.7683610384549238,1.6474701103330602e-07,1.2146156813663822e-07,2.0468143584267594e-07,1.6474701103330602e-07,-24.52499162774537,8.37225463357072e-06,8.37225463357072e-06,3.4137633572153797e-07,-24.524998389011493,1.6109885088155806e-06,1.6109885088155806e-06,6.5687604844672e-08
screenshot_like_simple_start,dop853_moderate,DOP853,1e-06,1e-08,3.8247809762202754,-0.6974644065663047,0.0077586815425470705,-0.6974641786064878,0.007758311569132352,2.279598169119268e-07,3.699734147186856e-07,3.699734147186856e-07,-0.6345176858747835,-1.766443102579732,-0.6345178811119558,-1.7664432518633062,1.9523717231795246e-07,1.4928357416899019e-07,2.4577050061262084e-07,1.9523717231795246e-07,-24.524991627490937,8.37250906471354e-06,8.37250906471354e-06,3.4138671008006276e-07,-24.52499844838228,1.551617721418097e-06,1.551617721418097e-06,6.326677763172668e-08
screenshot_like_simple_start,dop853_moderate,DOP853,1e-06,1e-08,3.8297872340425534,-0.7002273490364943,0.007752231990278834,-0.7002270787749783,0.007751799113831687,2.7026151605547e-07,4.3287644714649215e-07,4.3287644714649215e-07,-0.6366394023787803,-1.7646656568489116,-0.6366396285743767,-1.764665834358754,2.2619559647552023e-07,1.7750984238062983e-07,2.875312017971483e-07,2.2619559647552023e-07,-24.524991625521867,8.374478134953733e-06,8.374478134953733e-06,3.414669983671247e-07,-24.52499851283341,1.4871665925397792e-06,1.4871665925397792e-06,6.063880091905317e-08
screenshot_like_simple_start,dop853_moderate,DOP853,1e-06,1e-08,3.834793491864831,-0.7027641367892533,0.0075674994973880545,-0.7027638246925353,0.007567004586601839,3.120967180247902e-07,4.949107862157326e-07,4.949107862157326e-07,-0.6387619246482015,-1.7630299284865751,-0.6387621813967133,-1.7630301339488863,2.56748511784366e-07,2.054623111646947e-07,3.288381967056512e-07,2.56748511784366e-07,-24.524991621762016,8.378237986050863e-06,8.378237986050863e-06,3.4162030524162537e-07,-24.524998568111084,1.4318889185460648e-06,1.4318889185460648e-06,5.838486925773964e-08
screenshot_like_simple_start,dop853_moderate,DOP853,1e-06,1e-08,3.839799749687109,-0.7050748623741045,0.007205681321876155,-0.7050745100327278,0.007205127107132126,3.523413767414496e-07,5.542147440296824e-07,5.542147440296824e-07,-0.64088522480189,-1.7615370754676214,-0.6408855106720384,-1.761537307810101,2.858701483310355e-07,2.3234247970016497e-07,3.6838128288504266e-07,2.858701483310355e-07,-24.52499161759877,8.382401233575365e-06,8.382401233575365e-06,3.417900604923696e-07,-24.52499859974037,1.4002596309126147e-06,1.4002596309126147e-06,5.7095193921003654e-08
screenshot_like_simple_start,dop853_moderate,DOP853,1e-06,1e-08,3.844806007509387,-0.7071595751740191,0.006667865193358457,-0.7071591852270553,0.006667256135366725,3.899469637191899e-07,6.090579917324493e-07,6.090579917324493e-07,-0.6430092587343278,-1.7601880689609897,-0.6430095713370341,-1.7601883263614355,3.1260270627608833e-07,2.574004458466561e-07,4.0493881203607995e-07,3.1260270627608833e-07,-24.524991615273542,8.384726459809144e-06,8.384726459809144e-06,3.418848709402301e-07,-24.5249985961116,1.403888401085851e-06,1.403888401085851e-06,5.7243156007578015e-08
screenshot_like_simple_start,dop853_moderate,DOP853,1e-06,1e-08,3.8498122653316647,-0.7090182814314574,0.005955027826829099,-0.7090178572209943,0.005954369545612703,4.242104630902688e-07,6.582812163962587e-07,6.582812163962587e-07,-0.6451339664661205,-1.7589836966348298,-0.6451343027592604,-1.7589839767533535,3.362931398909197e-07,2.8011852371001567e-07,4.376750658458536e-07,3.362931398909197e-07,-24.524991616882524,8.38311747841658e-06,8.38311747841658e-06,3.418192651749879e-07,-24.524998551108215,1.44889178699259e-06,1.44889178699259e-06,5.907815645229724e-08
screenshot_like_simple_start,dop853_moderate,DOP853,1e-06,1e-08,3.8548185231539427,-0.7106509443484998,0.005068033672345492,-0.7106504893348045,0.005067331986855869,4.5501369538847314e-07,7.016854896230509e-07,7.016854896230509e-07,-0.6472592722866902,-1.7579245653861202,-0.6472596290912013,-1.7579248657597943,3.568045110480256e-07,3.003736741558072e-07,4.664051921131235e-07,3.568045110480256e-07,-24.524991623310722,8.376689279998573e-06,8.376689279998573e-06,3.415571571864861e-07,-24.524998465910784,1.5340892183246524e-06,1.5340892183246524e-06,6.25520578317901e-08
screenshot_like_simple_start,dop853_moderate,DOP853,1e-06,1e-08,3.8598247809762203,-0.7120574842213216,0.00400763384407184,-0.7120570012398392,0.0040068935526345086,4.829814824747203e-07,7.402914373316749e-07,7.402914373316749e-07,-0.6493850847140058,-1.7570111035203189,-0.6493854593731995,-1.7570114220633442,3.746591936693022e-07,3.185430252905519e-07,4.917714615166163e-07,3.746591936693022e-07,-24.52499163342107,8.366578931884305e-06,8.366578931884305e-06,3.411449105763223e-07,-24.52499834969612,1.6503038828830086e-06,1.6503038828830086e-06,6.729067820114203e-08
screenshot_like_simple_start,dop853_moderate,DOP853,1e-06,1e-08,3.8648310387984983,-0.7132377785692732,0.002774465172118315,-0.713237269061103,0.0027736887838182072,5.095081702100046e-07,7.763883001078546e-07,7.763883001078546e-07,-0.6515112962964533,-1.7562435624074424,-0.6515116873674465,-1.7562438979250419,3.910709931442824e-07,3.355175994812498e-07,5.152752480378964e-07,3.910709931442824e-07,-24.524991643841997,8.356158005540237e-06,8.356158005540237e-06,3.407200002259016e-07,-24.52499821903585,1.7809641512656071e-06,1.7809641512656071e-06,7.261831401694625e-08
screenshot_like_simple_start,dop853_moderate,DOP853,1e-06,1e-08,3.869837296620776,-0.7141916622188174,0.001369049320616926,-0.7141911256167941,0.0013682360276433805,5.366020232600022e-07,8.132929735454961e-07,8.132929735454961e-07,-0.653637783282008,-1.75562201764117,-0.6536381911053191,-1.7556223702321598,4.078233111215468e-07,3.525909897383883e-07,5.391106186478228e-07,4.078233111215468e-07,-24.524991649736826,8.350263176026829e-06,8.350263176026829e-06,3.404796402049675e-07,-24.52499809588567,1.904114331097162e-06,1.904114331097162e-06,7.763972807735624e-08
screenshot_like_simple_start,dop853_moderate,DOP853,1e-06,1e-08,3.874843554443054,-0.7149189273025842,-0.0002082080845304873,-0.7149183608055789,-0.0002090628236484901,5.664970053054219e-07,8.547391180028065e-07,8.547391180028065e-07,-0.6557644051797528,-1.7551463697271044,-0.6557648321305777,-1.7551467409192765,4.269508249166165e-07,3.711921721105682e-07,5.657478550848788e-07,4.2778827447076395e-07,-24.524991646990912,8.353009089745456e-06,8.353009089745456e-06,3.4059160406709295e-07,-24.524998004146184,1.9958538182152097e-06,1.9958538182152097e-06,8.138037994761303e-08
screenshot_like_simple_start,dop853_moderate,DOP853,1e-06,1e-08,3.879849812265332,-0.7154193231337977,-0.001957018374790325,-0.7154187221523339,-0.0019579221912174676,6.009814638163746e-07,9.038164271424863e-07,9.038164271424863e-07,-0.6578910042384379,-1.754816344325284,-0.6578914544212328,-1.7548167367601226,4.501827948200088e-07,3.924348386252774e-07,5.972182610392968e-07,4.536319008208167e-07,-24.524991636312098,8.363687904022754e-06,8.363687904022754e-06,3.410270297256984e-07,-24.524997964869627,2.035130375332983e-06,2.035130375332983e-06,8.298187055384231e-08
screenshot_like_simple_start,dop853_moderate,DOP853,1e-06,1e-08,3.8848560700876096,-0.7156925559970131,-0.0038772107479411247,-0.7156919155231025,-0.0038781722417303597,6.404739105736468e-07,9.614937892350392e-07,9.614937892350392e-07,-0.6600174048134585,-1.754631492017877,-0.6600178829732878,-1.7546319085300375,4.781598292868949e-07,4.165121605392841e-07,6.341286953141096e-07,4.833267313042455e-07,-24.52499162872767,8.371272333107527e-06,8.371272333107527e-06,3.413362826955158e-07,-24.524997990284465,2.009715537099055e-06,2.009715537099055e-06,8.194558764929887e-08
screenshot_like_simple_start,dop853_moderate,DOP853,1e-06,1e-08,3.8898623279098876,-0.7157382931512759,-0.005968727034847479,-0.7157376060200038,-0.005969757869814667,6.871312721035139e-07,1.0308349671882266e-06,1.0308349671882266e-06,-0.6621434097290455,-1.75459118481671,-0.6621439220300521,-1.7545916295414332,5.12301006616589e-07,4.4472472326972934e-07,6.784043048711495e-07,5.185155953491005e-07,-24.524991595876863,8.404123139627018e-06,8.404123139627018e-06,3.426757651224064e-07,-24.524998076913132,1.923086870192492e-06,1.923086870192492e-06,7.841332804046857e-08
screenshot_like_simple_start,dop853_moderate,DOP853,1e-06,1e-08,3.894868585732165,-0.7155561563387116,-0.00823163103182859,-0.7155554190668383,-0.008232737207510003,7.372718733300587e-07,1.1061756814128437e-06,1.1061756814128437e-06,-0.6642688032433761,-1.754694618985975,-0.6642693529413032,-1.7546950935574541,5.496979270658287e-07,4.745714792253608e-07,7.262133983304192e-07,5.564402724145268e-07,-24.52499156209695,8.437903051827789e-06,8.437903051827789e-06,3.440531315729985e-07,-24.524998198167953,1.8018320488977224e-06,1.8018320488977224e-06,7.346919669307735e-08
screenshot_like_simple_start,dop853_moderate,DOP853,1e-06,1e-08,3.8998748435544432,-0.715145725978114,-0.010666102970069678,-0.7151449416961295,-0.010667279637372542,7.842819844672277e-07,1.1766673028643093e-06,1.1766673028643093e-06,-0.6663933471682095,-1.754940810367962,-0.6663939316372831,-1.7549413120920438,5.84469073583449e-07,5.017240818361302e-07,7.702799181270423e-07,5.921312903334197e-07,-24.52499155199891,8.448001093341873e-06,8.448001093341873e-06,3.4446487638498966e-07,-24.52499829692705,1.7030729537736988e-06,1.7030729537736988e-06,6.944232227415693e-08
screenshot_like_simple_start,dop853_moderate,DOP853,1e-06,1e-08,3.904881101376721,-0.7145065439810783,-0.01327243559560395,-0.7145057209305242,-0.013273668697434942,8.230505540440802e-07,1.2331018309913455e-06,1.2331018309913455e-06,-0.6685167775122534,-1.7553285901462905,-0.668517388759137,-1.7553291130790294,6.11246883663874e-07,5.22932738888926e-07,8.044137008969148e-07,6.217463287550018e-07,-24.524991557028457,8.442971545008504e-06,8.442971545008504e-06,3.442597979616107e-07,-24.524998312832004,1.6871679981989018e-06,1.6871679981989018e-06,6.87938021691703e-08
screenshot_like_simple_start,dop853_moderate,DOP853,1e-06,1e-08,3.909887359198999,-0.7136381128143834,-0.016051035364328607,-0.7136372513633507,-0.016052323958379775,8.614510327298319e-07,1.2885940511679628e-06,1.2885940511679628e-06,-0.67063880336028,-1.7558566025420603,-0.6706394405436659,-1.7558571457544718,6.371833858320741e-07,5.432124114967962e-07,8.373066291297296e-07,6.512446616424583e-07,-24.52499155485969,8.445140313284583e-06,8.445140313284583e-06,3.4434822888010526e-07,-24.52499831901462,1.680985381113942e-06,1.680985381113942e-06,6.85417076906806e-08
screenshot_like_simple_start,dop853_moderate,DOP853,1e-06,1e-08,3.914893617021277,-0.712539895074267,-0.01900242279382292,-0.7125389935436408,-0.019003769117296343,9.015306261517253e-07,1.3463234734244212e-06,1.3463234734244212e-06,-0.672759105243816,-1.7565233016627144,-0.6727597691322518,-1.7565238654623347,6.638884357812458e-07,5.637996203233797e-07,8.709867203585003e-07,6.821919543709143e-07,-24.524991523991794,8.476008208191388e-06,8.476008208191388e-06,3.4560685864185067e-07,-24.524998319907333,1.6800926694315876e-06,1.6800926694315876e-06,6.850530762208308e-08
screenshot_like_simple_start,dop853_moderate,DOP853,1e-06,1e-08,3.9198998748435545,-0.7112113135568198,-0.02212723199315348,-0.7112103693131796,-0.022128639619052363,9.442436401663201e-07,1.4076258988832135e-06,1.4076258988832135e-06,-0.6748773330089484,-1.757326947525649,-0.6748780249576496,-1.7573275327368338,6.919487012257974e-07,5.852111848447805e-07,9.06236799073785e-07,7.153325929376564e-07,-24.524991453240478,8.546759524108438e-06,8.546759524108438e-06,3.48491723714921e-07,-24.52499831778082,1.6822191817311705e-06,1.6822191817311705e-06,6.859201556498146e-08
screenshot_like_simple_start,dop853_moderate,DOP853,1e-06,1e-08,3.9249061326658325,-0.7096517518087299,-0.02542620939184414,-0.709650761967999,-0.025427682304401972,9.898407308250867e-07,1.4729125578337443e-06,1.4729125578337443e-06,-0.67699310318879,-1.7582656012841107,-0.6769938247427918,-1.7582662087862688,7.215540017702082e-07,6.075021581342099e-07,9.432385963309201e-07,7.508824410029646e-07,-24.524991346237343,8.653762659349695e-06,8.653762659349695e-06,3.528547465586012e-07,-24.52499831904107,1.6809589311606032e-06,1.6809589311606032e-06,6.854062920124784e-08
screenshot_like_simple_start,dop853_moderate,DOP853,1e-06,1e-08,3.92991239048811,-0.7078605551426057,-0.028900211689186932,-0.7078595177012191,-0.028901752714470305,1.0374413865754661e-06,1.541025283373354e-06,1.541025283373354e-06,-0.6791059958901432,-1.7593371196882432,-0.6791067480705665,-1.7593377497114537,7.521804232801799e-07,6.30023210490549e-07,9.811751295883774e-07,7.882013212112682e-07,-24.52499122142297,8.778577033297097e-06,8.778577033297097e-06,3.5794401766756763e-07,-24.524998328529566,1.6714704358378185e-06,1.6714704358378185e-06,6.81537384643351e-08
screenshot_like_simple_start,dop853_moderate,DOP853,1e-06,1e-08,3.934918648310388,-0.7058370321011033,-0.03255020304508088,-0.7058359470303973,-0.032551812303801435,1.085070705952873e-06,1.6092587205515652e-06,1.6092587205515652e-06,-0.6812155512059046,-1.7605391488194173,-0.6812163337982338,-1.76053980029923,7.82592329162668e-07,6.51479812763256e-07,1.018271427519351e-06,8.258139070349557e-07,-24.52499110833411,8.891665892463152e-06,8.891665892463152e-06,3.6255518419829363e-07,-24.52499834700593,1.6529940722875835e-06,1.6529940722875835e-06,6.740036991998301e-08
screenshot_like_simple_start,dop853_moderate,DOP853,1e-06,1e-08,3.9399249061326658,-0.7035804563540914,-0.03637725153356882,-0.7035793263148823,-0.03637892541060894,1.1300392090962674e-06,1.6738770401217296e-06,1.6738770401217296e-06,-0.6833212651667492,-1.7618691171411398,-0.6833220762463379,-1.7618697873428029,8.110795887139588e-07,6.702016630555363e-07,1.0521503544602412e-06,8.61689998132853e-07,-24.524991041235232,8.958764770028438e-06,8.958764770028438e-06,3.6529112212144494e-07,-24.52499837096491,1.6290350934866638e-06,1.6290350934866638e-06,6.642344927570494e-08
screenshot_like_simple_start,dop853_moderate,DOP853,1e-06,1e-08,3.944931163954944,-0.7010900690130768,-0.040382524880261755,-0.7010888994686553,-0.04038425583288764,1.1695444215309436e-06,1.730952625886295e-06,1.730952625886295e-06,-0.6854225852476342,-1.7633242279149957,-0.685423421093497,-1.7633249124475752,8.358458627455434e-07,6.845325795090673e-07,1.0803810247677342e-06,8.936955203653341e-07,-24.524991051322242,8.948677759690327e-06,8.948677759690327e-06,3.648798271025617e-07,-24.524998393972858,1.6060271441631357e-06,1.6060271441631357e-06,6.548530659176904e-08
screenshot_like_simple_start,dop853_moderate,DOP853,1e-06,1e-08,3.949937421777222,-0.6983650813471255,-0.04456728550482022,-0.6983638799741575,-0.04456906285902493,1.2013729679960505e-06,1.7773542047086477e-06,1.7773542047086477e-06,-0.6875189054466712,-1.7649014510351668,-0.6875197609106667,-1.7649021442898225,8.554639955304921e-07,6.932546556814856e-07,1.1010997526441684e-06,9.20125302283914e-07,-24.524991158826978,8.841173023910187e-06,8.841173023910187e-06,3.6049635163752033e-07,-24.524998408777314,1.591222687835625e-06,1.591222687835625e-06,6.488165903509173e-08
screenshot_like_simple_start,dop853_moderate,DOP853,1e-06,1e-08,3.9549436795994994,-0.6954046778845023,-0.04893288488968048,-0.6954034533025868,-0.04893469660156849,1.224581915537648e-06,1.8117118880112137e-06,1.8117118880112137e-06,-0.6896095609559338,-1.7665975143402204,-0.6896104302714416,-1.7665982103060722,8.693155078010051e-07,6.959658518379541e-07,1.113587858692725e-06,9.402277265646575e-07,-24.524991366371825,8.633628176824004e-06,8.633628176824004e-06,3.520337686778391e-07,-24.524998409543027,1.5904569750091468e-06,1.5904569750091468e-06,6.485043730924146e-08
screenshot_like_simple_start,dop853_moderate,DOP853,1e-06,1e-08,3.9599499374217775,-0.6922080198842595,-0.05348075729620178,-0.6922067798461577,-0.05348259248279599,1.2400381017574347e-06,1.8351865942109469e-06,1.8351865942109469e-06,-0.6916938224458011,-1.7684088944659684,-0.6916947003786903,-1.7684095878034332,8.779328891650451e-07,6.933374647744017e-07,1.118697008996394e-06,9.546297480289567e-07,-24.524991654862518,8.345137484155885e-06,8.345137484155885e-06,3.4027064155579545e-07,-24.524998393691767,1.6063082348694024e-06,1.6063082348694024e-06,6.549676798651997e-08
screenshot_like_simple_start,dop853_moderate,DOP853,1e-06,1e-08,3.964956195244055,-0.6887742491620058,-0.05821241284941025,-0.6887729984678171,-0.058214264720731046,1.250694188659196e-06,1.8518713207973936e-06,1.8518713207973936e-06,-0.6937708899864766,-1.7703318073083754,-0.6937717731523615,-1.7703324944954424,8.831658848684754e-07,6.871870670277502e-07,1.1190210209311167e-06,9.655685178078244e-07,-24.524991983065714,8.016934287979893e-06,8.016934287979893e-06,3.268882482356735e-07,-24.524998362964258,1.63703574429519e-06,1.63703574429519e-06,6.674967356963057e-08
screenshot_like_simple_start,dop853_moderate,DOP853,1e-06,1e-08,3.969962453066333,-0.6851024922540789,-0.06312943001252865,-0.6851012307738986,-0.06313129866426366,1.261480180314578e-06,1.8686517350152698e-06,1.8686517350152698e-06,-0.6958398866324086,-1.7723621981706916,-0.6958407747286999,-1.7723628784843413,8.880962912849455e-07,6.803136496369433e-07,1.1187232385520613e-06,9.768329779502594e-07,-24.52499229180093,7.708199071032595e-06,7.708199071032595e-06,3.142996563112169e-07,-24.52499832346995,1.6765300507870506e-06,1.6765300507870506e-06,6.836004284554742e-08
screenshot_like_simple_start,dop853_moderate,DOP853,1e-06,1e-08,3.9749687108886107,-0.6811918649043568,-0.06823344747245899,-0.6811905862152171,-0.06823534182601154,1.278689139683209e-06,1.8943535525506316e-06,1.8943535525506316e-06,-0.6978998516974166,-1.7744957316742198,-0.6979007483273852,-1.7744964077290775,8.966299686052892e-07,6.760548576512093e-07,1.122940546580681e-06,9.933153034547004e-07,-24.524992513391414,7.486608588180843e-06,7.486608588180843e-06,3.0526436649055424e-07,-24.52499828463091,1.7153690912152797e-06,1.7153690912152797e-06,6.994369383140793e-08
screenshot_like_simple_start,dop853_moderate,DOP853,1e-06,1e-08,3.9799749687108887,-0.6770414768579281,-0.07352615545741113,-0.6770401681220811,-0.07352809346158404,1.30873584702762e-06,1.938004172905017e-06,1.938004172905017e-06,-0.6999497337504701,-1.776727781517411,-0.699950646450337,-1.7767284590588996,9.126998669062303e-07,6.775414886917019e-07,1.1366985158559936e-06,1.0200680097272041e-06,-24.5249925866789,7.413321103655335e-06,7.413321103655335e-06,3.022760898534285e-07,-24.52499825704412,1.7429558809567425e-06,1.7429558809567425e-06,7.10685374498162e-08
screenshot_like_simple_start,dop853_moderate,DOP853,1e-06,1e-08,3.9849812265331668,-0.6726504369458598,-0.07900928650784297,-0.6726490807787262,-0.07901129254388363,1.3561671335926562e-06,2.0060360406554123e-06,2.0060360406554123e-06,-0.7019883833642164,-1.7790534201732884,-0.7019893223841178,-1.779054106815157,9.390199013914469e-07,6.866418686968245e-07,1.1632864784981685e-06,1.0607579297161607e-06,-24.52499247753066,7.522469342546856e-06,7.522469342546856e-06,3.0672657869711947e-07,-24.524998249360802,1.7506391998267645e-06,1.7506391998267645e-06,7.138182262290578e-08
screenshot_like_simple_start,dop853_moderate,DOP853,1e-06,1e-08,3.9899874843554444,-0.6680178584452826,-0.08468460572190328,-0.6680164376426491,-0.08468670398110494,1.4208026335449375e-06,2.098259201652186e-06,2.098259201652186e-06,-0.7040145456505649,-1.781467408620525,-0.7040155209870972,-1.781468111228964,9.753365323161844e-07,7.02608438984953e-07,1.2020565584877576e-06,1.1154031640536743e-06,-24.524992204377938,7.795622064321606e-06,7.795622064321606e-06,3.17864304355621e-07,-24.52499826428774,1.7357122636951772e-06,1.7357122636951772e-06,7.077318098655155e-08
screenshot_like_simple_start,dop853_moderate,DOP853,1e-06,1e-08,3.9949937421777224,-0.6631428646990252,-0.09055390049655218,-0.6631413708143383,-0.09055610292707515,1.4938846868428612e-06,2.2024305229711993e-06,2.2024305229711993e-06,-0.7060268526198701,-1.7839641862088413,-0.7060278687528382,-1.7839649066697485,1.0161329681013243e-06,7.204609071553847e-07,1.2456284067094675e-06,1.1772735293291703e-06,-24.52499186795382,8.132046183106922e-06,8.132046183106922e-06,3.3158190349059823e-07,-24.524998293723325,1.7062766772824034e-06,1.7062766772824034e-06,6.957295320213672e-08
screenshot_like_simple_start,dop853_moderate,DOP853,1e-06,1e-08,4.0,-0.658024594979031,-0.09661896978553346,-0.6580230418628941,-0.09662125703257951,1.5531161369208846e-06,2.287247046053875e-06,2.287247046053875e-06,-0.7080238154025481,-1.78653786076468,-0.708024863152573,-1.7865385899294404,1.0477500248518012e-06,7.291647603491214e-07,1.2765035692515481e-06,1.2288290882622732e-06,-24.52499168408501,8.315914993062279e-06,8.315914993062279e-06,3.3907910267328353e-07,-24.52499831281441,1.6871855912370393e-06,1.6871855912370393e-06,6.879451952036857e-08
