case_name,solver_config,solver_method,rtol,atol,t,lagrangian_theta1_rad,lagrangian_theta2_rad,hamiltonian_theta1_rad,hamiltonian_theta2_rad,abs_theta1_diff_rad,abs_theta2_diff_rad,max_abs_theta_diff_rad,lagrangian_x2,lagrangian_y2,hamiltonian_x2,hamiltonian_y2,abs_x2_diff,abs_y2_diff,second_bob_position_diff,max_bob_position_abs_diff,lagrangian_energy,lagrangian_energy_abs_drift,lagrangian_energy_signed_drift,lagrangian_energy_relative_drift,hamiltonian_energy,hamiltonian_energy_abs_drift,hamiltonian_energy_signed_drift,hamiltonian_energy_relative_drift
screenshot_like_simple_start,solve_ivp_default,solve_ivp_default,,,0.0,0.0,1.0471975511965976,0.0,1.0471975511965976,0.0,0.0,0.0,0.8660254037844386,-1.5,0.8660254037844386,-1.5,0.0,0.0,0.0,0.0,-24.525000000000002,0.0,0.0,0.0,-24.525000000000002,0.0,0.0,0.0
screenshot_like_simple_start,solve_ivp_default,solve_ivp_default,,,0.0050062578222778474,3.0420982626703e-05,1.0470758786617824,3.042098238003426e-05,1.0470758786611425,2.4666874039224254e-13,6.399325513939402e-13,6.399325513939402e-13,0.865994982089394,-1.5001053673420635,0.8659949820888273,-1.5001053673426177,5.666578317686799e-13,5.542233338928781e-13,7.92631441551569e-13,5.666578317686799e-13,-24.525000000000777,7.744915819785092e-13,-7.744915819785092e-13,-3.1579677144893337e-14,-24.525000000011758,1.1755929563150858e-11,-1.1755929563150858e-11,-4.793447324424406e-13
screenshot_like_simple_start,solve_ivp_default,solve_ivp_default,,,0.010012515644555695,0.00012172193382229057,1.046710845787816,0.00012172193420216198,1.046710845787975,3.798714137302414e-13,1.5898393712632242e-13,3.798714137302414e-13,0.8659036704501972,-1.500421432602871,0.8659036704506566,-1.5004214326027334,4.594102875898898e-13,1.376676550535194e-13,4.795937818522672e-13,4.594102875898898e-13,-24.52500000000087,8.668621376273222e-13,-8.668621376273222e-13,-3.534606065758704e-14,-24.524999999984875,1.5127454844332533e-11,1.5127454844332533e-11,6.168177306557607e-13
screenshot_like_simple_start,solve_ivp_default,solve_ivp_default,,,0.015018773466833543,0.00027401546703702365,1.046102387573166,0.0002740149035198678,1.0461023965666736,5.635171558440559e-10,8.993507494281516e-09,8.993507494281516e-09,0.8657513181976125,-1.5009481019415536,0.8657513221393762,-1.5009480941580313,3.941763693227074e-09,7.783522271154197e-09,8.724718904285486e-09,7.783522271154197e-09,-24.525000121463552,1.2146355032882639e-07,-1.2146355032882639e-07,-4.9526422152426654e-09,-24.525000101869324,1.0186932186684317e-07,-1.0186932186684317e-07,-4.153693042480863e-09
screenshot_like_simple_start,solve_ivp_default,solve_ivp_default,,,0.02002503128911139,0.00048748985846710905,1.0452504036931007,0.0004874744125673737,1.0452503753751459,1.5445899735340267e-08,2.8317954869905293e-08,2.8317954869905293e-08,0.8655376787703959,-1.5016852114686596,0.8655376491177951,-1.5016852359726411,2.9652600819218833e-08,2.4503981510548556e-08,3.8467152808769754e-08,2.9652600819218833e-08,-24.525000460970045,4.609700425817209e-07,-4.609700425817209e-07,-1.879592426429035e-08,-24.525001144589115,1.1445891132666475e-06,-1.1445891132666475e-06,-4.667030023513343e-08
screenshot_like_simple_start,solve_ivp_default,solve_ivp_default,,,0.025031289111389236,0.0007624130674992912,1.044154813221161,0.0007623706629473323,1.0441546982429344,4.240455195889201e-08,1.1497822671735491e-07,1.1497822671735491e-07,0.8652624411992396,-1.5026324791190968,0.8652623410028697,-1.5026325785501027,1.0019636986768887e-07,9.943100587328502e-08,1.4115890855215604e-07,1.0019636986768887e-07,-24.525000802947684,8.02947681677324e-07,-8.02947681677324e-07,-3.2739966633122284e-08,-24.52500296610476,2.9661047591389433e-06,-2.9661047591389433e-06,-1.2094209007702114e-07
screenshot_like_simple_start,solve_ivp_default,solve_ivp_default,,,0.030037546933667086,0.0010991286657650208,1.0428154985596014,0.0010990538459790086,1.042815268051794,7.481978601215841e-08,2.3050780750821787e-07,2.3050780750821787e-07,0.8649251980591056,-1.5037895521284643,0.8649250071117774,-1.5037897513293381,1.9094732817137583e-07,1.9920087379610152e-07,2.759381638282705e-07,1.9920087379610152e-07,-24.525001027066605,1.0270666024325692e-06,-1.0270666024325692e-06,-4.18783528005125e-08,-24.525005137758583,5.137758581241769e-06,-5.137758581241769e-06,-2.0949066590180504e-07
screenshot_like_simple_start,solve_ivp_default,solve_ivp_default,,,0.03504380475594493,0.0014980557144278204,1.0412323037536415,0.001497948789618413,1.0412319465021853,1.0692480940737402e-07,3.572514561955842e-07,3.572514561955842e-07,0.8645254445511162,-1.5051560070840713,0.8645251571582517,-1.505156315562004,2.8739286450640833e-07,3.0847793275334823e-07,4.21607985651337e-07,3.0847793275334823e-07,-24.52500109086448,1.0908644796359113e-06,-1.0908644796359113e-06,-4.447969335926243e-08,-24.525007264378207,7.26437820475212e-06,-7.26437820475212e-06,-2.9620298490324644e-07
screenshot_like_simple_start,solve_ivp_default,solve_ivp_default,,,0.04005006257822278,0.001959688764183287,1.039405034491466,0.0019595549584583045,1.0394045541132755,1.338057249826441e-07,4.803781905593496e-07,4.803781905593496e-07,0.8640625785395657,-1.5067313481857967,0.8640622013103876,-1.5067317625833736,3.7722917811677803e-07,4.1439757691996704e-07,5.603813028463743e-07,4.1439757691996704e-07,-24.525001004573618,1.0045736154040696e-06,-1.0045736154040696e-06,-4.096120755979896e-08,-24.525009009145876,9.009145873761781e-06,-9.009145873761781e-06,-3.673453975030288e-07
screenshot_like_simple_start,solve_ivp_default,solve_ivp_default,,,0.04505632040050063,0.0024845978552590882,1.0373334581042244,0.0024844464537281865,1.0373328702229363,1.5140153090172775e-07,5.87881288094394e-07,5.87881288094394e-07,0.8635359005801566,-1.5085150051741592,0.8635354502306735,-1.5085155117461817,4.503494831498145e-07,5.065720225516657e-07,6.778125633280859e-07,5.065720225516657e-07,-24.52500080995533,8.099553276963434e-07,-8.099553276963434e-07,-3.302570143512103e-08,-24.52501011183834,1.0111838339099677e-05,-1.0111838339099677e-05,-4.1230737366359533e-07
screenshot_like_simple_start,solve_ivp_default,solve_ivp_default,,,0.05006257822277847,0.0030734285174149637,1.035017303566031,0.0030732720132943072,1.0350166329877466,1.5650412065653166e-07,6.705782844562691e-07,6.705782844562691e-07,0.8629446139423287,-1.5105063309230309,0.8629441151011271,-1.5105069080148548,4.988412015682897e-07,5.770918238834355e-07,7.628089653217279e-07,5.770918238834355e-07,-24.52500056305586,5.630558561620091e-07,-5.630558561620091e-07,-2.2958444695698638e-08,-24.525010400676738,1.040067673585554e-05,-1.040067673585554e-05,-4.2408467832234617e-07
screenshot_like_simple_start,solve_ivp_default,solve_ivp_default,,,0.05506883604505632,0.0037269017699427306,1.0324562614939656,0.0037267550116596667,1.03245553938299,1.4675828306385738e-07,7.221109756816446e-07,7.221109756816446e-07,0.8622878246290082,-1.512704598694011,0.8622873076368875,-1.5127052192170911,5.169921206693573e-07,6.205230800304662e-07,8.076693294193457e-07,6.205230800304662e-07,-24.5250003207652,3.2076519929091774e-07,-3.2076519929091774e-07,-1.3079111082198479e-08,-24.525009798047257,9.798047255316078e-06,-9.798047255316078e-06,-3.995126301861805e-07
screenshot_like_simple_start,solve_ivp_default,solve_ivp_default,,,0.06007509386733417,0.004445814121666276,1.0296499841480724,0.004445693459964006,1.0296492452026564,1.2066170227038875e-07,7.389454159678621e-07,7.389454159678621e-07,0.8615645413975861,-1.5151089990490512,0.861564040092106,-1.5151096329493061,5.013054801272787e-07,6.339002549538009e-07,8.081687432932154e-07,6.339002549538009e-07,-24.525000131024374,1.3102437179668414e-07,-1.3102437179668414e-07,-5.3424820304458356e-09,-24.52500832037848,8.320378476867063e-06,-8.320378476867063e-06,-3.392610999741921e-07
screenshot_like_simple_start,solve_ivp_default,solve_ivp_default,,,0.06508135168961202,0.0052310375709415545,1.0265980854313608,0.005230960005983816,1.0265973650594415,7.756495773881406e-08,7.203719192272473e-07,7.203719192272473e-07,0.8607736757864041,-1.5177186364175264,0.8607732252624618,-1.5177192531320418,4.5052394226363646e-07,6.167145154556408e-07,7.637464344443477e-07,6.167145154556408e-07,-24.52500002648692,2.648691932449765e-08,-2.648691932449765e-08,-1.079996710479007e-09,-24.525006072491585,6.072491583353212e-06,-6.072491583353212e-06,-2.4760414203275075e-07
screenshot_like_simple_start,solve_ivp_default,solve_ivp_default,,,0.07008760951188986,0.006083519605656601,1.023300140889805,0.006083501934132329,1.0232994723847468,1.767152427254587e-08,6.685050581989316e-07,6.685050581989316e-07,0.8599140421515168,-1.5205325253135542,0.8599136764891322,-1.5205330962109904,3.656623845937901e-07,5.708974362139685e-07,6.77962286696317e-07,5.708974362139685e-07,-24.52500002139623,2.1396228788717053e-08,-2.1396228788717053e-08,-8.724252309364751e-10,-24.525003236774705,3.2367747024864e-06,-3.2367747024864e-06,-1.3197858114113761e-07
screenshot_like_simple_start,solve_ivp_default,solve_ivp_default,,,0.07509386733416772,0.007004283203231524,1.0197556877123441,0.007004341165459535,1.0197550994286795,5.796222801116718e-08,5.882836646708967e-07,5.882836646708967e-07,0.8589843577189841,-1.5235495861989792,0.858984107669543,-1.5235500869989007,2.500494410417886e-07,5.007999215322911e-07,5.59754664448685e-07,5.007999215322911e-07,-24.5250001113908,1.113907970307082e-07,-1.113907970307082e-07,-4.54192852316853e-09,-24.525000057574186,5.757418364282785e-08,-5.757418364282785e-08,-2.3475711984843156e-09
screenshot_like_simple_start,solve_ivp_default,solve_ivp_default,,,0.08010012515644556,0.007994426830618497,1.0159642247308827,0.007994574257652152,1.0159637372600525,1.4742703365565324e-07,4.874708301461084e-07,4.874708301461084e-07,0.8579832426584498,-1.5267686409870818,0.8579831332807473,-1.5267690541532213,1.0937770256180812e-07,4.131661395234687e-07,4.273988075163825e-07,4.131661395234687e-07,-24.525000275893984,2.7589398143845756e-07,-2.7589398143845756e-07,-1.1249499752842305e-08,-24.524996821243164,3.1787568381957954e-06,3.1787568381957954e-06,1.296129189886155e-07
screenshot_like_simple_start,solve_ivp_default,solve_ivp_default,,,0.0851063829787234,0.009055124444301768,1.0119252124202893,0.009055372405033662,1.0119248357663846,2.4796073189344014e-07,3.7665390473229365e-07,3.7665390473229365e-07,0.8569092201842654,-1.5301884081817214,0.8569092684217952,-1.530188725283971,4.823752974836282e-08,3.1710224956960076e-07,3.2075020804097e-07,3.1710224956960076e-07,-24.525000482682533,4.826825303894111e-07,-4.826825303894111e-07,-1.968124486806977e-08,-24.524993832342755,6.167657247146963e-06,6.167657247146963e-06,2.514844952965122e-07
screenshot_like_simple_start,solve_ivp_default,solve_ivp_default,,,0.09011264080100126,0.010187625490297668,1.0076380728983985,0.010187981438564286,1.0076378036539007,3.559482666184999e-07,2.6924449780807436e-07,3.559482666184999e-07,0.8557607166909335,-1.5338074976462936,0.8557609288819937,-1.5338077216859558,2.1219106027814405e-07,2.2403966215556181e-07,3.0857546286239487e-07,3.559297946046508e-07,-24.525000694157796,6.941577943564425e-07,-6.941577943564425e-07,-2.8304089474268807e-08,-24.52499138655456,8.613445441341128e-06,8.613445441341128e-06,3.512108232962743e-07
screenshot_like_simple_start,solve_ivp_default,solve_ivp_default,,,0.0951188986232791,0.011393254904154583,1.003102189926009,0.01139372182584099,1.0031020084475308,4.669216864070652e-07,1.8147847824501184e-07,4.669216864070652e-07,0.8545360619301663,-1.5376244049965742,0.8545364312424959,-1.537624552689132,3.693123296066858e-07,1.4769255773927625e-07,3.9774952974338863e-07,4.6689138081396075e-07,-24.525000874764828,8.747648259088692e-07,-8.747648259088692e-07,-3.5668290556936556e-08,-24.52498974093504,1.0259064961104514e-05,1.0259064961104514e-05,4.183104979043634e-07
screenshot_like_simple_start,solve_ivp_default,solve_ivp_default,,,0.10012515644555695,0.012673413110952986,0.998316908906885,0.012673988671097487,0.9983167764909113,5.755601445011499e-07,1.3241597363045088e-07,5.755601445011499e-07,0.8532334892373904,-1.541637505611234,0.8532339930192125,-1.5416376096205728,5.037818221476087e-07,1.0400933891929753e-07,5.144065191157613e-07,5.75513921109716e-07,-24.5250009989158,9.989157980783148e-07,-9.989157980783148e-07,-4.0730511644375724e-08,-24.52498908222446,1.091777554051987e-05,1.091777554051987e-05,4.451692371261924e-07
screenshot_like_simple_start,solve_ivp_default,solve_ivp_default,,,0.1051314142678348,0.014029576025305425,0.9932815368877552,0.014030251715204249,0.9932813929463842,6.756898988241611e-07,1.4394137104467575e-07,6.756898988241611e-07,0.8518511358160641,-1.5458450482535495,0.8518517328556041,-1.5458451593712341,5.970395400289874e-07,1.1111768460914107e-07,6.072918179845019e-07,6.756233990289073e-07,-24.52500105867487,1.0586748686591818e-06,-1.0586748686591818e-06,-4.3167170995277543e-08,-24.524989494016364,1.0505983638608996e-05,1.0505983638608996e-05,4.2837853776183463e-07
screenshot_like_simple_start,solve_ivp_default,solve_ivp_default,,,0.11013767209011265,0.015463295051356504,0.9879953425583137,0.015464055335668466,0.9879951017949974,7.602843119618174e-07,2.4076331628375414e-07,7.602843119618174e-07,0.8503870430887303,-1.5502451482976014,0.8503876707744873,-1.550245337560423,6.276857570375327e-07,1.8926282163711505e-07,6.555988295000403e-07,7.601934121862636e-07,-24.525001070349987,1.070349984644281e-06,-1.070349984644281e-06,-4.364322057672909e-08,-24.52499092369888,9.076301122235009e-06,9.076301122235009e-06,3.7008363393414916e-07
screenshot_like_simple_start,solve_ivp_default,solve_ivp_default,,,0.11514392991239049,0.01697481093532047,0.9824589723798435,0.016977018546634096,0.9824571058365045,2.2076113136253184e-06,1.866543339001936e-06,2.2076113136253184e-06,0.8488385570985868,-1.5548346260547954,0.8488397284985766,-1.554836141290663,1.1713999897855487e-06,1.5152358676662203e-06,1.9152330591162494e-06,2.2072932246916532e-06,-24.525019173196608,1.9173196605493104e-05,-1.9173196605493104e-05,-7.81781716839678e-07,-24.52499315019832,6.849801682307088e-06,6.849801682307088e-06,2.7929874341721054e-07
screenshot_like_simple_start,solve_ivp_default,solve_ivp_default,,,0.12015018773466835,0.018563959444750523,0.9766735166020373,0.018570834998881847,0.9766665666893647,6.8755541313240964e-06,6.949912672582492e-06,6.949912672582492e-06,0.8472027459377794,-1.55960979017814,0.8472057298500855,-1.5596154214854248,2.983912306020464e-06,5.631307284703624e-06,6.373017682760379e-06,6.874368997766833e-06,-24.525082400663475,8.240066347298125e-05,-8.240066347298125e-05,-3.359863954046126e-06,-24.524995753689502,4.246310499667061e-06,4.246310499667061e-06,1.731421202718475e-07
screenshot_like_simple_start,solve_ivp_default,solve_ivp_default,,,0.1251564455569462,0.020233396839812495,0.9706371891308925,0.020247272979829152,0.9706226047907434,1.3876140016657462e-05,1.4584340149115249e-05,1.4584340149115249e-05,0.8454777648836264,-1.5645691200359477,0.8454834012403204,-1.5645808748020418,5.636356694038724e-06,1.1754766094052016e-05,1.3036220414994142e-05,1.3873297786411165e-05,-24.525181681561335,0.00018168156133313573,-0.00018168156133313573,-7.408014733257318e-06,-24.5249980885878,1.9114122018493163e-06,1.9114122018493163e-06,7.793729671149097e-08
screenshot_like_simple_start,solve_ivp_default,solve_ivp_default,,,0.13016270337922403,0.021985805204606437,0.9643481762141836,0.02200817541353021,0.9643242993965114,2.2370208923774837e-05,2.3876817672130457e-05,2.3876817672130457e-05,0.8436616163519998,-1.5697109082662244,0.843670372260827,-1.5697300351119892,8.755908827207115e-06,1.912684576477197e-05,2.1035735506507466e-05,2.2364797032076167e-05,-24.525305778954433,0.00030577895443073544,-0.00030577895443073544,-1.2468051149061586e-05,-24.524999261306785,7.386932168174098e-07,7.386932168174098e-07,3.0120008840669106e-08
screenshot_like_simple_start,solve_ivp_default,solve_ivp_default,,,0.13516896120150187,0.023823843232784563,0.9578046867019844,0.02385428144222202,0.9577714753586245,3.0438209437457647e-05,3.3211343359873524e-05,3.3211343359873524e-05,0.8417521289133115,-1.5750332104298952,0.8417634509731226,-1.5750596491349427,1.1322059811025298e-05,2.6438705047482358e-05,2.876098334466684e-05,3.042956081507689e-05,-24.525442511625236,0.00044251162523423204,-0.00044251162523423204,-1.8043287471324445e-05,-24.524968973393733,3.102660626908005e-05,3.102660626908005e-05,1.2651011730511742e-06
screenshot_like_simple_start,solve_ivp_default,solve_ivp_default,,,0.14017521902377972,0.02575014622755125,0.9510049520466681,0.025786494428355896,0.9509636941721809,3.6348200804645764e-05,4.1257874487277135e-05,4.1257874487277135e-05,0.8397469581866711,-1.5805338355994425,0.8397593283578314,-1.580566482472329,1.2370171160291932e-05,3.2646872886399336e-05,3.491188112656828e-05,3.6336133752628424e-05,-24.52557932770997,0.0005793277099677141,-0.0005793277099677141,-2.362192497319935e-05,-24.524875843792085,0.00012415620791728088,0.00012415620791728088,5.062434573589434e-06
screenshot_like_simple_start,solve_ivp_default,solve_ivp_default,,,0.1451814768460576,0.027767326101663048,0.943947226302907,0.02780778332640179,0.943899037931336,4.045722473874219e-05,4.818837157094524e-05,4.818837157094524e-05,0.8376435880803422,-1.586210336685069,0.8376557616487545,-1.5862482387314842,1.2173568412321423e-05,3.790204641518358e-05,3.9809055381259675e-05,4.044160625443771e-05,-24.525703846261035,0.0007038462610324814,-0.0007038462610324814,-2.8699133987053265e-05,-24.524737563560368,0.0002624364396339729,0.0002624364396339729,1.0700772258265968e-05
screenshot_like_simple_start,solve_ivp_default,solve_ivp_default,,,0.15018773466833543,0.029877971377428647,0.9366297861276726,0.02992107874142708,0.9365756185955223,4.310736399843265e-05,5.4167532150262154e-05,5.4167532150262154e-05,0.8354393323939089,-1.5920600005042367,0.8354503247041393,-1.5921023464489972,1.0992310230384383e-05,4.234594476049125e-05,4.3749399102840136e-05,4.3088096835442596e-05,-24.52580436412699,0.0008043641269885882,-0.0008043641269885882,-3.2797721793622346e-05,-24.52457148182484,0.000428518175162651,0.000428518175162651,1.7472708467386378e-05
screenshot_like_simple_start,solve_ivp_default,solve_ivp_default,,,0.15519399249061328,0.03208464718670892,0.9290509307802356,0.0321292577320505,0.9289915885524467,4.4610545341577934e-05,5.9342227788916624e-05,5.9342227788916624e-05,0.8331313367979469,-1.5980798376014627,0.8331404010097824,-1.5981259407066464,9.06421183544115e-06,4.610310518371463e-05,4.6985702546396037e-05,4.610310518371463e-05,-24.525870324605098,0.0008703246050956182,-0.0008703246050956182,-3.548724179798647e-05,-24.524393937386805,0.0006060626131976221,0.0006060626131976221,2.4712033157905078e-05
screenshot_like_simple_start,solve_ivp_default,solve_ivp_default,,,0.16020025031289112,0.034389895270916904,0.9212089821221661,0.034435143810442104,0.9211451406180915,4.524853952520003e-05,6.384150407456879e-05,6.384150407456879e-05,0.8307165812073778,-1.6042665718263724,0.8307231862999596,-1.6043158529108736,6.605092581768446e-06,4.928108450119595e-05,4.9721751152063707e-05,4.928108450119595e-05,-24.525892743408065,0.0008927434080625574,-0.0008927434080625574,-3.640136220438562e-05,-24.524219973099484,0.0007800269005180382,0.0007800269005180382,3.1805378206647835e-05
screenshot_like_simple_start,solve_ivp_default,solve_ivp_default,,,0.16520650813516896,0.036796233981017806,0.9131022846173332,0.03684150694232327,0.9130345080367144,4.5272961305464765e-05,6.777658061885017e-05,6.777658061885017e-05,0.8281918825650373,-1.6106166296791673,0.8281956916399027,-1.6106686004060997,3.8090748654129314e-06,5.1970726932415445e-05,5.211012866242044e-05,5.1970726932415445e-05,-24.52586458660654,0.0008645866065393193,-0.0008645866065393193,-3.52532765153647e-05,-24.524063070859764,0.0009369291402379076,0.0009369291402379076,3.820302304741723e-05
screenshot_like_simple_start,solve_ivp_default,solve_ivp_default,,,0.1702127659574468,0.03930615827752898,0.9047292053319055,0.03935106354696673,0.904657964480848,4.490526943774775e-05,7.124085105747469e-05,7.124085105747469e-05,0.8255538980523356,-1.6171261294338972,0.8255547469864519,-1.617180375938329,8.489341163375741e-07,5.424650443175416e-05,5.42531467492735e-05,5.424650443175416e-05,-24.525781094375944,0.0007810943759416489,-0.0007810943759416489,-3.184890421780423e-05,-24.52393491076354,0.0010650892364623132,0.0010650892364623132,4.342871504433489e-05
screenshot_like_simple_start,solve_ivp_default,solve_ivp_default,,,0.17521902377972465,0.04192213973051996,0.8960881339343505,0.04196647649719652,0.8960138240513001,4.43367666765615e-05,7.430988305034969e-05,7.430988305034969e-05,0.822799128744199,-1.6237908700512484,0.8227970052436449,-1.623847036986876,2.123500554174207e-06,5.616693562759956e-05,5.6207062833762186e-05,5.616693562759956e-05,-24.525640043603534,0.0006400436035320922,-0.0006400436035320922,-2.609759851303128e-05,-24.523845158193023,0.0011548418069793343,0.0011548418069793343,4.708835094716959e-05
screenshot_like_simple_start,solve_ivp_default,solve_ivp_default,,,0.18022528160200252,0.04464662651961245,0.8871774826954353,0.04469035511938804,0.8871004412771537,4.372859977559013e-05,7.704141828157596e-05,7.704141828157596e-05,0.8199239237257707,-1.6306063198939027,0.8199189468300901,-1.6306640949835205,4.976895680575133e-06,5.7775089617795317e-05,5.798905475138914e-05,5.7775089617795317e-05,-24.525441941714885,0.0004419417148824323,-0.0004419417148824323,-1.8020049536490612e-05,-24.5238012828509,0.0011987171491014692,0.0011987171491014692,4.8877355722791805e-05
screenshot_like_simple_start,solve_ivp_default,solve_ivp_default,,,0.18523153942428036,0.04748204343398028,0.8779956864882258,0.04752525519346797,0.8779162111157672,4.321175948769629e-05,7.947537245855951e-05,7.947537245855951e-05,0.816924484688609,-1.6375676052589823,0.8169168847750288,-1.637626704439905,7.599913580236262e-06,5.909918092283917e-05,5.9585836170834565e-05,5.909918092283917e-05,-24.525190143473353,0.0001901434733504459,-0.0001901434733504459,-7.753046823667519e-06,-24.523808414027293,0.001191585972708964,0.001191585972708964,4.858658400444297e-05
screenshot_like_simple_start,solve_ivp_default,solve_ivp_default,,,0.1902377972465582,0.050430791872349494,0.8685412027880874,0.05047367895291437,0.8684595689527738,4.2887080564879554e-05,8.163383531367696e-05,8.163383531367696e-05,0.8137968710243362,-1.6446694987436008,0.813786970359984,-1.6447296520055843,9.90066435213599e-06,6.0153261983497686e-05,6.096259576058884e-05,6.0153261983497686e-05,-24.524890882008947,0.0001091179910552853,0.0001091179910552853,4.449255496647719e-06,-24.5238692366779,0.0011307633221022684,0.0011307633221022684,4.610655747613734e-05
screenshot_like_simple_start,solve_ivp_default,solve_ivp_default,,,0.19524405506883605,0.053495249842998256,0.8588125116726848,0.053538075084756595,0.858728990602082,4.282524175833885e-05,8.35210706028322e-05,8.35210706028322e-05,0.8105370054338737,-1.6519064074611212,0.8105251993228538,-1.6519673454807624,1.1806111019918575e-05,6.093801964124346e-05,6.207114059860037e-05,6.093801964124346e-05,-24.524553204961432,0.00044679503857025793,0.00044679503857025793,1.8217942449347928e-05,-24.52398393319935,0.0010160668006520268,0.0010160668006520268,4.1429838966443497e-05
screenshot_like_simple_start,solve_ivp_default,solve_ivp_default,,,0.2002503128911139,0.056677771963756944,0.8488081158219817,0.056720838729575354,0.8487229923058756,4.306676581841001e-05,8.512351610612257e-05,8.512351610612257e-05,0.8071406800705287,-1.6592723611273763,0.8071274186411909,-1.659333802809472,1.3261429337885211e-05,6.144168209565315e-05,6.285654943462159e-05,6.144168209565315e-05,-24.52418880639458,0.0008111936054220337,0.0008111936054220337,3.3076191862264364e-05,-24.524150176102985,0.0008498238970169325,0.0008498238970169325,3.465133117296361e-05
screenshot_like_simple_start,solve_ivp_default,solve_ivp_default,,,0.20525657071339173,0.059980689462008054,0.8385265405182412,0.06002431148150268,0.8384401307346133,4.362201949462824e-05,8.64097836278388e-05,8.64097836278388e-05,0.8036035632352814,-1.6667610000378388,0.8035893339112428,-1.6668226410806848,1.4229324038605995e-05,6.164104284600569e-05,6.326208837636298e-05,6.164104284600569e-05,-24.523811745073402,0.0011882549265997966,0.0011882549265997966,4.845076153312116e-05,-24.52436317709862,0.0006368229013808957,0.0006368229013808957,2.596627528566343e-05
screenshot_like_simple_start,solve_ivp_default,solve_ivp_default,,,0.2102628285356696,0.0634063101746863,0.8279663336460253,0.06345078138822197,0.8278790029870292,4.447121353566563e-05,8.733065899613202e-05,8.733065899613202e-05,0.7999212066426441,-1.6743655629585192,0.7999065173390888,-1.6744270655666682,1.4689303555304178e-05,6.150260814896669e-05,6.323247937622892e-05,6.150260814896669e-05,-24.523438039812287,0.001561960187714817,0.001561960187714817,6.368848879571119e-05,-24.5246157983892,0.0003842016108031032,0.0003842016108031032,1.5665712978719805e-05
screenshot_like_simple_start,solve_ivp_default,solve_ivp_default,,,0.21526908635794745,0.06695691854827848,0.8171260656921959,0.06700248295096785,0.8170382465901327,4.55644026893659e-05,8.781910206323573e-05,8.781910206323573e-05,0.7960890532754268,-1.6820788749552507,0.7960744163598862,-1.6821398588297445,1.4636915540600093e-05,6.098387449382514e-05,6.271580538286404e-05,6.098387449382514e-05,-24.52308513291884,0.0019148670811617308,0.0019148670811617308,7.807816844696149e-05,-24.524898732223438,0.00010126777656438435,0.00010126777656438435,4.129165201402012e-06
screenshot_like_simple_start,solve_ivp_default,solve_ivp_default,,,0.2202753441802253,0.07063477563882363,0.8060043297459135,0.07068159712452639,0.805916539499208,4.6821485702758237e-05,8.779024670546587e-05,8.779024670546587e-05,0.792102445846635,-1.6898933351879522,0.7920883629008482,-1.6899533699305263,1.4082945786864087e-05,6.003474257409991e-05,6.166441176216795e-05,6.003474257409991e-05,-24.522771213295133,0.0022287867048689236,0.0022287867048689236,9.087815310372777e-05,-24.52520075492656,0.00020075492655635685,-0.00020075492655635685,-8.185725853470207e-06
screenshot_like_simple_start,solve_ivp_default,solve_ivp_default,,,0.22528160200250313,0.07444211911191292,0.7945997414986379,0.07449025131723493,0.7945126000978147,4.81322053220018e-05,8.714140082322075e-05,8.714140082322075e-05,0.7879566358865469,-1.6978009046984863,0.7879435833030883,-1.69785950377264,1.305258345851712e-05,5.859907415373122e-05,6.003516824841957e-05,5.859907415373122e-05,-24.522514391533115,0.002485608466887612,0.002485608466887612,0.00010134998845617174,-24.525509061690904,0.0005090616909022572,-0.0005090616909022572,-2.07568477432113e-05
screenshot_like_simple_start,solve_ivp_default,solve_ivp_default,,,0.23028785982478098,0.07838116324268968,0.7829109392441285,0.07843051939098217,0.7828251871977874,4.93561482924898e-05,8.575204634109213e-05,8.575204634109213e-05,0.7836467934727531,-1.705793094222802,0.7836352089168833,-1.705849710620933,1.1584555869803559e-05,5.661639813103747e-05,5.778943218299297e-05,5.661639813103747e-05,-24.522331720373007,0.002668279626995229,0.002668279626995229,0.00010879835380204807,-24.52580968830771,0.0008096883077080008,-0.0008096883077080008,-3.301481376994906e-05
screenshot_like_simple_start,solve_ivp_default,solve_ivp_default,,,0.23529411764705882,0.08245409891584943,0.7709365838784435,0.08250442166120811,0.770853100039236,5.0322745358682974e-05,8.34838392075321e-05,8.34838392075321e-05,0.7791680176205914,-1.713860952060203,0.7791582873842308,-1.71391497583218,9.730236360638855e-06,5.402377197705199e-05,5.489303633670128e-05,5.402377197705199e-05,-24.522238055199125,0.002761944800877103,0.002761944800877103,0.00011261752501027941,-24.52608802569606,0.0010880256960561496,-0.0010880256960561496,-4.436394275458306e-05
screenshot_like_simple_start,solve_ivp_default,solve_ivp_default,,,0.2403003754693367,0.08666309362563981,0.7586753588999406,0.08671392489690413,0.7585951782905456,5.0831271264317746e-05,8.018060939507521e-05,8.018060939507521e-05,0.7745153473509685,-1.721995052034814,0.7745077946217889,-1.7220458098393476,7.552729179627349e-06,5.075780453367429e-05,5.131664875203252e-05,5.075780453367429e-05,-24.52224475084265,0.0027552491573530347,0.0027552491573530347,0.00011234451202254983,-24.526329432454446,0.0013294324544439462,-0.0013294324544439462,-5.420723565520677e-05
screenshot_like_simple_start,solve_ivp_default,solve_ivp_default,,,0.24530663329161453,0.09101029147586069,0.7461259704092768,0.09106094232061289,0.7460503020483764,5.0650844752198054e-05,7.566836090033835e-05,7.566836090033835e-05,0.7696837734520128,-1.7301854815865676,0.7696786475163843,-1.7302322384325324,5.1259356285138225e-06,4.675684596477936e-05,4.703698396625544e-05,5.044110563645621e-05,-24.522358192859176,0.002641807140825847,0.002641807140825847,0.0001077189455994229,-24.526519949626692,0.0015199496266902202,-0.0015199496266902202,-6.197551994659408e-05
screenshot_like_simple_start,solve_ivp_default,solve_ivp_default,,,0.2503128911138924,0.09549781317986401,0.7332871471094078,0.09554733360842839,0.7332173918376639,4.9520428564375774e-05,6.975527174390983e-05,6.975527174390983e-05,0.7646682509503476,-1.7384218300314092,0.7646657173442536,-1.7384637933817793,2.533606094035079e-06,4.1963350370100017e-05,4.203976610452899e-05,4.9294674185795806e-05,-24.522578163661976,0.002421836338026395,0.002421836338026395,9.874969777885402e-05,-24.526647120317786,0.0016471203177843563,-0.0016471203177843563,-6.71608692266812e-05
screenshot_like_simple_start,solve_ivp_default,solve_ivp_default,,,0.2553191489361702,0.10012775606055396,0.7201576403055894,0.10017490488999593,0.7200954086116186,4.71488294419703e-05,6.223169397079342e-05,6.223169397079342e-05,0.7594637123070118,-1.746693177032776,0.7594638439240404,-1.746729503449059,1.3161702860919888e-07,3.632641628303901e-05,3.63266547181386e-05,4.691256882431716e-05,-24.522896046428283,0.0021039535717193303,0.0021039535717193303,8.578811709355066e-05,-24.526700914573638,0.0017009145736359699,-0.0017009145736359699,-6.935431492909153e-05
screenshot_like_simple_start,solve_ivp_default,solve_ivp_default,,,0.26032540675844806,0.10490219405038692,0.7067362239053756,0.10494540874851231,0.7066833537517259,4.321469812539058e-05,5.2870153649742235e-05,5.2870153649742235e-05,0.7540650813521534,-1.754988081328892,0.7540678505122853,-1.7550178858387735,2.769160131865789e-06,2.9804509881437014e-05,2.9932875857635056e-05,4.297704087849463e-05,-24.523292872560795,0.0017071274392073121,0.0017071274392073121,6.960764278113402e-05,-24.526674756886532,0.001674756886529849,-0.001674756886529849,-6.828774257002442e-05
screenshot_like_simple_start,solve_ivp_default,solve_ivp_default,,,0.26533166458072593,0.10982317769137134,0.6930216944186203,0.10986054422072544,0.692980269067747,3.736652935409923e-05,4.1425350873258715e-05,4.1425350873258715e-05,0.7484672879716133,-1.7632945697628752,0.748472559448733,-1.7633169381382299,5.271477119705992e-06,2.2368375354631098e-05,2.2981137635662245e-05,3.714133793616958e-05,-24.52373722168095,0.0012627783190524156,0.0012627783190524156,5.148943196951745e-05,-24.526566649614875,0.0015666496148725173,-0.0015666496148725173,-6.387969887349714e-05
screenshot_like_simple_start,solve_ivp_default,solve_ivp_default,,,0.27033792240300375,0.1148927341350678,0.6790128709574766,0.11492195679693464,0.678985236797718,2.9222661866834532e-05,2.7634159758593846e-05,2.9222661866834532e-05,0.7426652835573427,-1.7716001266652261,0.7426728085572158,-1.7716141308015738,7.524999873109728e-06,1.4004136347667284e-05,1.5897844443016713e-05,2.9029950446166075e-05,-24.524182986650843,0.0008170133491596232,0.0008170133491596232,3.331349028173795e-05,-24.526380380304968,0.0013803803049654562,-0.0013803803049654562,-5.628461997820412e-05
screenshot_like_simple_start,solve_ivp_default,solve_ivp_default,,,0.2753441802252816,0.12011286714258924,0.6647085952363967,0.12013123842099063,0.6646973796079501,1.8371278401388413e-05,1.1215628446636927e-05,1.8371278401388413e-05,0.7366540572323044,-1.779891683640818,0.7366634683061625,-1.7798964002326991,9.411073858101027e-06,4.716591881059884e-06,1.052684901264916e-05,1.8238895285890844e-05,-24.52456701995736,0.0004329800426425834,0.0004329800426425834,1.7654639863102276e-05,-24.526126794153395,0.001126794153393007,-0.001126794153393007,-4.5944715734679185e-05
screenshot_like_simple_start,solve_ivp_default,solve_ivp_default,,,0.28035043804755944,0.12548555708460052,0.6501077315721322,0.1254899274902953,0.6501158605930295,4.370405694786861e-06,8.12902089730727e-06,8.12902089730727e-06,0.7304286528590487,-1.7881556098151123,0.7304394597309124,-1.7881501425246291,1.08068718637222e-05,5.467290483229803e-06,1.2111141346170713e-05,1.08068718637222e-05,-24.52480668193031,0.00019331806969091758,0.00019331806969091758,7.882490099527729e-06,-24.52582510443688,0.0008251044368776661,-0.0008251044368776661,-3.364340211529729e-05
screenshot_like_simple_start,solve_ivp_default,solve_ivp_default,,,0.2853566958698373,0.13101414447300025,0.6352071586075619,0.13099950885580214,0.6352398832758179,1.4635617198111017e-05,3.2724668255990075e-05,3.2724668255990075e-05,0.7239839419560657,-1.7963787134545912,0.7239957731179892,-1.7963612079147988,1.1831161923492317e-05,1.750553979240621e-05,2.112866100545446e-05,1.750553979240621e-05,-24.52465216646997,0.0003478335300322044,0.0003478335300322044,1.4182814680212208e-05,-24.525504203469815,0.0005042034698128361,-0.0005042034698128361,-2.0558755140176804e-05
screenshot_like_simple_start,solve_ivp_default,solve_ivp_default,,,0.2903629536921152,0.13670627961719578,0.6199969751632255,0.13666141382201574,0.620068691607452,4.486579518003797e-05,7.171644422654389e-05,7.171644422654389e-05,0.7173135676937843,-1.8045504543571393,0.7173274874492912,-1.8045148960175263,1.391975550690816e-05,3.555833961299548e-05,3.818579722102478e-05,4.444734523370575e-05,-24.52340167867625,0.0015983213237511507,0.0015983213237511507,6.517110392461368e-05,-24.52520392439746,0.00020392439745720026,-0.00020392439745720026,-8.31496014096637e-06
screenshot_like_simple_start,solve_ivp_default,solve_ivp_default,,,0.295369211514393,0.14255931841925681,0.6044813663172687,0.14247702014699198,0.6046015699673437,8.229827226483022e-05,0.00012020365007503475,0.00012020365007503475,0.7104123553975831,-1.8126525844991563,0.7104297906018014,-1.8125959518967523,1.7435204218374523e-05,5.6632602404071974e-05,5.9255700157825524e-05,8.146388823204731e-05,-24.5213914709151,0.003608529084903722,0.003608529084903722,0.00014713676187171138,-24.52497618986404,2.381013596064463e-05,2.381013596064463e-05,9.708516191904027e-07
screenshot_like_simple_start,solve_ivp_default,solve_ivp_default,,,0.30037546933667086,0.14856848050663776,0.5886674278148936,0.1484476572397947,0.5888378360835431,0.00012082326684306754,0.00017040826864955783,0.00017040826864955783,0.7032757755920824,-1.8206653206782097,0.703297999548842,-1.8205885662070984,2.2223956759548358e-05,7.675447111132883e-05,7.990715293157483e-05,0.00011949335647237769,-24.51905167929896,0.005948320701040899,0.005948320701040899,0.00024254110911481748,-24.524886031700234,0.00011396829976817457,0.00011396829976817457,4.647025474747179e-06
screenshot_like_simple_start,solve_ivp_default,solve_ivp_default,,,0.3053817271589487,0.15472830784012154,0.5725630993839456,0.1545907665571299,0.5727546760870805,0.00013754128299164892,0.00019157670313496578,0.00019157670313496578,0.6958998083022331,-1.828568518851867,0.6959249218722519,-1.8284858968102284,2.5113570018775455e-05,8.262204163855813e-05,8.635446232599431e-05,0.00013589959483351066,-24.5167446507356,0.008255349264402412,0.008255349264402412,0.00033660955206533786,-24.52519167953609,0.00019167953608700827,-0.00019167953608700827,-7.815679351152223e-06
screenshot_like_simple_start,solve_ivp_default,solve_ivp_default,,,0.31038798498122655,0.16103266471382016,0.5561771647349122,0.160911355469487,0.5563455857045717,0.00012130924433315093,0.0001684209696595218,0.0001684209696595218,0.6882810039665983,-1.836341787209056,0.6883042920106719,-1.836272301593477,2.328804407358831e-05,6.948561557895694e-05,7.328426685967441e-05,0.00011974095326947043,-24.514762014775556,0.010237985224446078,0.010237985224446078,0.00041745097755131814,-24.525940653167613,0.0009406531676106056,-0.0009406531676106056,-3.8354869219596554e-05
screenshot_like_simple_start,solve_ivp_default,solve_ivp_default,,,0.31539424280350437,0.16747473775517413,0.5395192515609246,0.1673939618386401,0.5396317527582909,8.07759165340205e-05,0.00011250119736627706,0.00011250119736627706,0.6804165424238484,-1.8439646060570056,0.6804334139094911,-1.8439202676680093,1.6871485642666606e-05,4.433838899631226e-05,4.7439854200650843e-05,7.964631259999022e-05,-24.51332313182949,0.011676868170511057,0.011676868170511057,0.0004761210263205323,-24.526942828723435,0.0019428287234326547,-0.0019428287234326547,-7.921829657217756e-05
screenshot_like_simple_start,solve_ivp_default,solve_ivp_default,,,0.32040050062578224,0.174047035924953,0.5225998315377561,0.1740232198655887,0.5226341847879851,2.381605936430109e-05,3.435325022893565e-05,3.435325022893565e-05,0.6723042894011896,-1.8514164541780769,0.6723106007419999,-1.851403430708929,6.311340810305488e-06,1.3023469147777078e-05,1.4472172313337377e-05,2.345629569966423e-05,-24.51257526902141,0.012424730978590759,0.012424730978590759,0.0005066149226744447,-24.528045876829776,0.0030458768297734196,-0.0030458768297734196,-0.00012419477389494064
screenshot_like_simple_start,solve_ivp_default,solve_ivp_default,,,0.3254067584480601,0.18074139051725496,0.5054302203238232,0.1807838600905573,0.5053737090508754,4.246957330233947e-05,5.651127294781233e-05,5.651127294781233e-05,0.6639428499249008,-1.8586769412286992,0.6639351813064462,-1.858696666508386,7.668618454581555e-06,1.97252796867442e-05,2.1163515013395866e-05,4.1777611199472764e-05,-24.51259573313908,0.012404266860922775,0.012404266860922775,0.000505780504013161,-24.5291348102362,0.0041348102361986605,-0.0041348102361986605,-0.0001685957282853684
screenshot_like_simple_start,solve_ivp_default,solve_ivp_default,,,0.3304130162703379,0.18754895515950695,0.4880225775601853,0.18766070939299556,0.48787097252165634,0.00011175423348860902,0.0001516050385289569,0.0001516050385289569,0.6553316180705857,-1.8657259456683002,0.6553074991172494,-1.8657761772544879,2.4118953336316196e-05,5.0231586187665656e-05,5.5721954030420375e-05,0.00010979336756955504,-24.513396067952907,0.011603932047094645,0.011603932047094645,0.0004731470763341343,-24.53013048077396,0.005130480773956947,-0.005130480773956947,-0.00020919391534992646
screenshot_like_simple_start,solve_ivp_default,solve_ivp_default,,,0.3354192740926158,0.19446020581246498,0.470389906870544,0.19463869099157868,0.4701464418924953,0.0001784851791137021,0.00024346497804866862,0.00024346497804866862,0.6464708224746244,-1.8725437576202437,0.6464289044317756,-1.8726195722185333,4.1918042848809733e-05,7.58145982895364e-05,8.663126242920869e-05,0.00017511803309436247,-24.514928303714655,0.010071696285347542,0.010071696285347542,0.00041067059267472134,-24.530987003506137,0.0059870035061351246,-0.0059870035061351246,-0.00024411838964873085
screenshot_like_simple_start,solve_ivp_default,solve_ivp_default,,,0.3404255319148936,0.20146494077021343,0.4525460558612445,0.20170282444420665,0.45222040357303406,0.00023788367399321664,0.0003256522882104651,0.0003256522882104651,0.637361567039049,-1.8791112259802243,0.6373017394828049,-1.879205942538859,5.982755624411862e-05,9.471655863468875e-05,0.00011202929512293474,0.00023306669074357744,-24.51709313316131,0.007906866838691684,0.007906866838691684,0.0003224002788457363,-24.531688132002724,0.006688132002722114,-0.006688132002722114,-0.00027270670755237975
screenshot_like_simple_start,solve_ivp_default,solve_ivp_default,,,0.3454317897371715,0.20855228066016596,0.4345057161212742,0.20883822564800497,0.43411296369038715,0.00028594498783901523,0.0003927524308870445,0.0003927524308870445,0.6280058662800179,-1.8854099090011567,0.6279293172149614,-1.885515929800808,7.654906505649706e-05,0.00010602079965127409,0.00013076761571474574,0.00027974057243060346,-24.519749784100444,0.005250215899557986,0.005250215899557986,0.00021407608153141633,-24.532242665896913,0.007242665896910694,-0.007242665896910694,-0.000295317671637541
screenshot_like_simple_start,solve_ivp_default,solve_ivp_default,,,0.3504380475594493,0.21571066844306458,0.4162844232222639,0.21603010683932405,0.41584404808914316,0.0003194383962594749,0.0004403751331207295,0.0004403751331207295,0.6184066747955219,-1.8914222274983248,0.6183158938505815,-1.8915317881285478,9.078094494041622e-05,0.00010956063022304896,0.0001422839121585661,0.00031202433491453463,-24.522727266802946,0.0022727331970564535,0.0022727331970564535,9.267005900332124e-05,-24.53267903705252,0.007679037052518822,-0.007679037052518822,-0.00031311058318119557
screenshot_like_simple_start,solve_ivp_default,solve_ivp_default,,,0.35544430538172717,0.22292786941298037,0.39789855671848645,0.2232637765937398,0.3974334023313636,0.0003359071807594316,0.00046515438712285695,0.00046515438712285695,0.6085679103611052,-1.8971316197353745,0.6084666356363787,-1.897237439525333,0.00010127472472654109,0.00010581978995860553,0.00014647319828323563,0.00032758244986103024,-24.52583659791564,0.0008365979156366166,-0.0008365979156366166,-3.41120454897703e-05,-24.5330392887291,0.008039288729097649,-0.008039288729097649,-0.0003277997443057145
screenshot_like_simple_start,solve_ivp_default,solve_ivp_default,,,0.36045056320400504,0.23019097119731313,0.37936534014685824,0.2305246398260531,0.37890059169658397,0.0003336686287399582,0.00046474845027427714,0.00046474845027427714,0.5984944702033368,-1.9025226969716944,0.5983875801465168,-1.9026185222237877,0.00010689005681996377,9.582525209328452e-05,0.00014355473933561584,0.0003248546906800265,-24.528883544016598,0.0038835440165954083,-0.0038835440165954083,-0.00015835041861754975,-24.53337272634614,0.008372726346138393,-0.008372726346138393,-0.0003413955696692515
screenshot_like_simple_start,solve_ivp_default,solve_ivp_default,,,0.36545682102628285,0.23748638375679132,0.36070284102693845,0.23779819779029,0.36026500118181315,0.00031181403349866965,0.0004378398451252985,0.0004378398451252985,0.5881922400495099,-1.9075813985758638,0.5880855925399812,-1.907662431836442,0.00010664750952871227,8.103326057806726e-05,0.00013394058611410406,0.00030305071970995745,-24.53168138938739,0.006681389387388492,-0.006681389387388492,-0.00027243177930228303,-24.533729571015222,0.008729571015219761,-0.008729571015219761,-0.000355945811018135
screenshot_like_simple_start,solve_ivp_default,solve_ivp_default,,,0.3704630788485607,0.24479983938547248,0.34192997086092825,0.24507004807970206,0.3415458355015332,0.0002702086942295845,0.0003841353593950214,0.0003841353593950214,0.577668095608471,-1.9122951455391295,0.5775683171901778,-1.9123583551285637,9.97784182932282e-05,6.320958943417665e-05,0.00011811513431197372,0.00026214380229364065,-24.53406321559849,0.009063215598487773,-0.009063215598487773,-0.0003695500753715707,-24.534154979994874,0.009154979994871582,-0.009154979994871582,-0.0003732917429101562
screenshot_like_simple_start,solve_ivp_default,solve_ivp_default,,,0.37546933667083854,0.25211639271074254,0.3230664851336728,0.2523258846267656,0.32276211908770036,0.0002094919160230413,0.00030436604597244843,0.00030436604597244843,0.5669298962013292,-1.9166529911583434,0.5668441251222123,-1.9166972962697744,8.577107911689197e-05,4.430511143094229e-05,9.653818369839137e-05,0.00020286369902811074,-24.535893185946122,0.010893185946120099,-0.010893185946120099,-0.00044416660330764924,-24.53468380477986,0.009683804779857752,-0.009683804779857752,-0.00039485442527452603
screenshot_like_simple_start,solve_ivp_default,solve_ivp_default,,,0.3804755944931164,0.2594204206933167,0.30413298331265903,0.25955149770318253,0.3039326960897433,0.00013107700986580983,0.0002002872229157071,0.0002002872229157071,0.5559864703317094,-1.9206457676003246,0.5559220577081103,-1.9206720954574568,6.441262359913047e-05,2.6327857132191212e-05,6.958550237007943e-05,0.00012668881368382845,-24.53707635572741,0.012076355727408838,-0.012076355727408838,-0.0004924100194662115,-24.535336433193063,0.010336433193060657,-0.010336433193060657,-0.00042146516587403287
screenshot_like_simple_start,solve_ivp_default,solve_ivp_default,,,0.3854818523153943,0.26669562262723867,0.28515090884801736,0.2667327739198798,0.28507623037456525,3.715129264114658e-05,7.467847345210554e-05,7.467847345210554e-05,0.5448475930626977,-1.9242662270100286,0.5448117670821246,-1.9242774398430895,3.5825980573056526e-05,1.1212833060936234e-05,3.753969245043769e-05,3.5837701645058395e-05,-24.53756657906592,0.012566579065918404,-0.012566579065918404,-0.0005123987386714945,-24.536116005605518,0.011116005605515511,-0.011116005605515511,-0.0004532520124573093
screenshot_like_simple_start,solve_ivp_default,solve_ivp_default,,,0.3904881101376721,0.27392502013988085,0.26614254917252095,0.27385569622700934,0.2662112055265425,6.932391287151063e-05,6.865635402153458e-05,6.932391287151063e-05,0.5335239551510372,-1.9275091757839522,0.5335234537471274,-1.927509866731751,5.014039098361067e-07,6.909477987537826e-07,8.537064726248901e-07,6.67399281223946e-05,-24.53737215293617,0.012372152936169556,-0.012372152936169556,-0.000504471067733723,-24.537007210367797,0.01200721036779484,-0.01200721036779484,-0.0004895906368112066
screenshot_like_simple_start,solve_ivp_default,solve_ivp_default,,,0.39549436795994997,0.28109095719194477,0.2471310357015854,0.2809063439139487,0.2473559248475244,0.00018461327799607075,0.000224889145938989,0.000224889145938989,0.522027123977741,-1.9303716005983964,0.5220678018487731,-1.9303677590646608,4.067787103212428e-05,3.841533735560176e-06,4.0858861623246215e-05,0.0001773725560116901,-24.53655892678327,0.01155892678326964,-0.01155892678326964,-0.00047131199931782427,-24.537976756838354,0.012976756838352088,-0.012976756838352088,-0.0005291236223589026
screenshot_like_simple_start,solve_ivp_default,solve_ivp_default,,,0.4005006257822278,0.2881751000774603,0.2281403438332696,0.2878708926093002,0.22852851135683483,0.00030420746816006705,0.00038816752356524153,0.00038816752356524153,0.5103694964071959,-1.9328527847599641,0.5104559125966158,-1.9328513332342334,8.641618941995777e-05,1.4515257307223806e-06,8.642837914026254e-05,0.00029167634951365873,-24.53525070850901,0.010250708509008888,-0.010250708509008888,-0.00041796976591269673,-24.5389755064242,0.013975506424198869,-0.013975506424198869,-0.0005698473567461312
screenshot_like_simple_start,solve_ivp_default,solve_ivp_default,,,0.40550688360450565,0.29515843742378656,0.20919529294827466,0.29473561428089184,0.20974690779126992,0.0004228231428947127,0.0005516148429952628,0.0005516148429952628,0.49856424380307207,-1.9349544134331653,0.49869923631062774,-1.9349626193201819,0.0001349925075556646,8.20588701655467e-06,0.00013524168616922309,0.00040456459755666696,-24.533626910707202,0.008626910707199897,-0.008626910707199897,-0.00035175986573699884,-24.539942124972036,0.014942124972034065,-0.014942124972034065,-0.0006092609570656091
screenshot_like_simple_start,solve_ivp_default,solve_ivp_default,,,0.41051314142678347,0.30202128019161123,0.19032154640994542,0.3014868772357763,0.19102887660510048,0.0005344029558349561,0.0007073301951550648,0.0007073301951550648,0.4866252495278379,-1.9366806662972023,0.4868095035676562,-1.9367054338732848,0.0001842540398182546,2.4767576082496134e-05,0.00018591122616547177,0.0005102568361073367,-24.53191750039489,0.00691750039488781,-0.00691750039488781,-0.0002820591394449667,-24.54080801578101,0.015808015781008322,-0.015808015781008322,-0.0006445674120696563
screenshot_like_simple_start,solve_ivp_default,solve_ivp_default,,,0.41551939924906134,0.3087432616749508,0.17154561156426845,0.30811114612023177,0.17239199997006982,0.0006321155547190371,0.0008463884058013682,0.0008463884058013682,0.47456703935223377,-1.9380382961906126,0.4747986559153069,-1.9380853454100482,0.00023161656307313372,4.704921943554652e-05,0.0002363469088845994,0.0006022873939967588,-24.530395436175276,0.005395436175273716,-0.005395436175273716,-0.00021999739756467748,-24.54150321168251,0.016503211682508123,-0.016503211682508123,-0.0006729138300716869
screenshot_like_simple_start,solve_ivp_default,solve_ivp_default,,,0.4205256570713392,0.3153033375011506,0.152894839739874,0.31459498191976165,0.15385367977539527,0.0007083555813889308,0.000958840035521269,0.000958840035521269,0.4624047053004734,-1.939036692317951,0.46267877661069423,-1.939109632816219,0.00027407131022083586,7.294049826800375e-05,0.0002836113526884111,0.0006735130642380738,-24.52936689358409,0.0043668935840877054,-0.0043668935840877054,-0.00017805886173650174,-24.54196285393107,0.016962853931069333,-0.016962853931069333,-0.0006916556139070064
screenshot_like_simple_start,solve_ivp_default,solve_ivp_default,,,0.425531914893617,0.32168012624525316,0.13439700599166526,0.3209250419590942,0.13543113762776782,0.0007550842861589468,0.0010341316361025532,0.0010341316361025532,0.4501537302310463,-1.939687875238692,0.4504620218285671,-1.9397872368895923,0.0003082915975207712,9.936165090040916e-05,0.00032390808383176225,0.0007164427277269181,-24.529110639761505,0.004110639761503165,-0.004110639761503165,-0.00016761018395527685,-24.542133867797514,0.01713386779751147,-0.01713386779751147,-0.0006986286563715177
screenshot_like_simple_start,solve_ivp_default,solve_ivp_default,,,0.4305381727158949,0.3278609990323407,0.11606880294317304,0.32708807990218347,0.11714141485135138,0.0007729191301572569,0.0010726119081783392,0.0010726119081783392,0.4378270690697653,-1.940004882468485,0.4381605527677017,-1.9401287052824068,0.00033348369793639865,0.00012382281392175898,0.00035572948435129426,0.0007318443989997037,-24.52901842962906,0.004018429629056186,-0.004018429629056186,-0.0001638503416536671,-24.541981458276812,0.016981458276809747,-0.016981458276809747,-0.0006924142008892862
screenshot_like_simple_start,solve_ivp_default,solve_ivp_default,,,0.4355444305381727,0.3338383480535792,0.0979200758970574,0.3330709457522081,0.0990013724877839,0.0007674023013711229,0.0010812965907265049,0.0010812965907265049,0.4254355412692009,-1.940001246505361,0.425786469066346,-1.9401461311305717,0.00035092779714507305,0.00014488462521056178,0.00037966020785894656,0.0007251316515496931,-24.528824254257948,0.0038242542579460803,-0.0038242542579460803,-0.00015593289532909603,-24.54149508920636,0.01649508920635867,-0.01649508920635867,-0.0006725826383836359
screenshot_like_simple_start,solve_ivp_default,solve_ivp_default,,,0.4405506883604506,0.33960409566430133,0.07996120620363871,0.3388605858515723,0.08102769129617626,0.0007435098127290263,0.001066485092537553,0.001066485092537553,0.41298984954219964,-1.9396914263736886,0.4133517439171337,-1.9398530856807228,0.0003618943749340575,0.00016165930703415654,0.00039636002593560805,0.000701137463933077,-24.528562257793254,0.0035622577932521438,-0.0035622577932521438,-0.00014525006292567352,-24.54069366793651,0.015693667936506728,-0.015693667936506728,-0.0006399049107648002
screenshot_like_simple_start,solve_ivp_default,solve_ivp_default,,,0.4455569461827284,0.34515071371195616,0.062201945794851304,0.34444404288190533,0.06323687175311365,0.0007066708300508262,0.0010349259582623505,0.0010349259582623505,0.4005003491958971,-1.9390905536727485,0.4008681612495308,-1.9392645452464796,0.00036781205363367597,0.00017399157373110263,0.00040688914279892976,0.0006650789690591519,-24.52827675051182,0.003276750511819415,-0.003276750511819415,-0.00013360858356042466,-24.539629727071283,0.01462972707128074,-0.01462972707128074,-0.000596523020235708
screenshot_like_simple_start,solve_ivp_default,solve_ivp_default,,,0.45056320400500627,0.3504712235361099,0.04465141718424176,0.34980845586406173,0.04564523405265375,0.0006627676720481479,0.0009938168684119897,0.0009938168684119897,0.38797700527648477,-1.938214318128574,0.38834725532378056,-1.9383968128420583,0.0003702500472957948,0.00018249471348430468,0.0004127825310890188,0.000622554068406389,-24.528015054594633,0.003015054594630584,-0.003015054594630584,-0.0001229380058972715,-24.538392466512658,0.013392466512655687,-0.013392466512655687,-0.0005460740677943195
screenshot_like_simple_start,solve_ivp_default,solve_ivp_default,,,0.45556946182728414,0.35555919596844493,0.02731811346697051,0.3549410601581212,0.02826891810632859,0.0006181358103237167,0.0009508046393580799,0.0009508046393580799,0.37542935476893946,-1.9370788546407431,0.37580025305480247,-1.9372674348545091,0.0003708982858630083,0.00018858021376599865,0.00041608657209785994,0.0005795391027782482,-24.527821833052172,0.0028218330521703194,-0.0028218330521703194,-0.00011505945166851454,-24.537109586140005,0.012109586140002904,-0.012109586140002904,-0.0004937649802243794
screenshot_like_simple_start,solve_ivp_default,solve_ivp_default,,,0.46057571964956195,0.36040875133276057,0.01020989831981095,0.35982918746338854,0.01112388354314342,0.000579563869372024,0.0009139852233324697,0.0009139852233324697,0.36286647384719173,-1.9357006323767898,0.36323801935781835,-1.9358951131251638,0.0003715455106266252,0.0001944807483740263,0.00041936717558116183,0.0005423876835973784,-24.527734866019532,0.0027348660195301022,-0.0027348660195301022,-0.00011151339529174728,-24.535947896810754,0.0109478968107517,-0.0109478968107517,-0.00044639742347611416
screenshot_like_simple_start,solve_ivp_default,solve_ivp_default,,,0.4655819774718398,0.36501455944497274,-0.006665993998850844,0.36446026581839386,-0.005774090290423639,0.0005542936265788834,0.0008919037084272052,0.0008919037084272052,0.35029695013138556,-1.9340963464263305,0.35067100577999016,-1.9342996128164345,0.0003740556486045987,0.00020326639010392888,0.00042571687023054374,0.000517830776918693,-24.527782190077875,0.002782190077873281,-0.002782190077873281,-0.00011344302050451706,-24.53511274188225,0.01011274188224931,-0.01011274188224931,-0.0004123442153822348
screenshot_like_simple_start,solve_ivp_default,solve_ivp_default,,,0.47058823529411764,0.36937183961311393,-0.023302958649014965,0.3688219389200267,-0.022409524329095043,0.0005499006930872463,0.0008934343199199224,0.0008934343199199224,0.33772885987302953,-1.9322828124848517,0.3381091939810172,-1.9325016207364107,0.00038033410798765654,0.00021880825155906614,0.0004387836421849634,0.0005128668238666978,-24.527980478984304,0.002980478984301982,-0.002980478984301982,-0.00012152819507857213,-24.534842268451612,0.009842268451610181,-0.009842268451610181,-0.0004013157370687128
screenshot_like_simple_start,solve_ivp_default,solve_ivp_default,,,0.4755944931163955,0.3734763606373334,-0.03969502020906912,0.37291330361464653,-0.03877908936948471,0.0005630570226868858,0.0009159308395844112,0.0009159308395844112,0.3251697499560894,-1.930276864993833,0.3255606755207219,-1.930518080402316,0.00039092556463249384,0.0002412154084829865,0.0004593557122458021,0.0005243002743663405,-24.528334517479944,0.0033345174799421784,-0.0033345174799421784,-0.0001359640154920358,-24.53503240411919,0.010032404119186822,-0.010032404119186822,-0.00040906846561414154
screenshot_like_simple_start,solve_ivp_default,solve_ivp_default,,,0.4806007509386734,0.37732444080989713,-0.05583683267578732,0.37673910631512225,-0.054886861107677314,0.0005853344947748806,0.0009499715681100043,0.0009499715681100043,0.3126266245725421,-1.9280952591199352,0.31303091919545634,-1.9283633225588772,0.00040429462291424745,0.00026806343894203444,0.00048508983643733803,0.000544221481196927,-24.528837602772896,0.003837602772893689,-0.003837602772893689,-0.00015647717728414632,-24.53543957788611,0.010439577886106832,-0.010439577886106832,-0.00042567086181883104
screenshot_like_simple_start,solve_ivp_default,solve_ivp_default,,,0.4856070087609512,0.3809129479151874,-0.0717236794643305,0.3803005285204026,-0.07073358522284448,0.0006124193947848466,0.0009900942414860225,0.0009900942414860225,0.30010593640461414,-1.9257545769118005,0.3005249257424354,-1.9260525442650098,0.0004189893378212517,0.00029796735320930523,0.0005141367607810687,0.0005685942945369282,-24.529472699788688,0.004472699788685475,-0.004472699788685475,-0.00018237308006872473,-24.53596714692271,0.010967146922709503,-0.010967146922709503,-0.00044718234139488287
screenshot_like_simple_start,solve_ivp_default,solve_ivp_default,,,0.49061326658322907,0.3842392992297037,-0.08735147340824692,0.383598805167872,-0.08631998161037635,0.0006404940618316979,0.0010314917978705707,0.0010314917978705707,0.28761358212290455,-1.9232711379289729,0.28804731881496304,-1.9236004973336633,0.000433736692058484,0.00032935940469047686,0.0005446146669856602,0.0005938685504958685,-24.530214175183488,0.005214175183485992,-0.005214175183485992,-0.00021260653143673766,-24.536537429616924,0.011537429616922168,-0.011537429616922168,-0.000470435458386225
screenshot_like_simple_start,solve_ivp_default,solve_ivp_default,,,0.4956195244055069,0.3873014615220617,-0.102716756759471,0.3866352246333506,-0.1016467443818803,0.0006662368887110914,0.0010700123775907039,0.0010700123775907039,0.2751549019898008,-1.9206609145938596,0.2756023595215369,-1.9210214864095643,0.00044745753173608405,0.0003605718157047022,0.0005746566600918625,0.0006169735952241129,-24.53102994021748,0.006029940217477048,-0.006029940217477048,-0.00024586912201741273,-24.537090091836937,0.012090091836935102,-0.012090091836935102,-0.0004929701054815535
screenshot_like_simple_start,solve_ivp_default,solve_ivp_default,,,0.5006257822277848,0.39009795105299394,-0.11781670118832493,0.3894111287310944,-0.11671454186518249,0.0006868223218995384,0.0011021593231424487,0.0011021593231424487,0.2627346833409757,-1.9179394524748972,0.263193961016274,-1.9183293678051903,0.00045927767529829744,0.0003899153302930891,0.000602469872960447,0.0006353122514195508,-24.531883842678173,0.006883842678170993,-0.006883842678170993,-0.0002806867554809783,-24.53758036187425,0.01258036187424949,-0.01258036187424949,-0.0005129607288175123
screenshot_like_simple_start,solve_ivp_default,solve_ivp_default,,,0.5056320400500626,0.3926278335753495,-0.13264910778351668,0.39192791271379507,-0.1315240166043263,0.0006999208615544594,0.0011250911791903795,0.0011250911791903795,0.25035716770424093,-1.9151217956673197,0.2508257031240716,-1.9155375490514452,0.0004685354198306624,0.0004157533841255834,0.0006263994859893884,0.0006467553077186827,-24.532738161949563,0.007738161949561118,-0.007738161949561118,-0.0003155213842838376,-24.537977164721198,0.012977164721196033,-0.012977164721196033,-0.0005291402536675243
screenshot_like_simple_start,solve_ivp_default,solve_ivp_default,,,0.5106382978723404,0.39489072433409445,-0.14721240705214222,0.3941870252725801,-0.1460757853595737,0.0007036990615143512,0.0011366216925685346,0.0011366216925685346,0.238026061304474,-1.9122224173974551,0.2385008469849593,-1.9126589891213777,0.0004747856804852846,0.00043657172392252974,0.0006449932654862098,0.0006496366013652444,-24.53355607793165,0.008556077931647366,-0.008556077931647366,-0.000348871679170127,-24.538261246508338,0.013261246508335489,-0.013261246508335489,-0.0005407236089025683
screenshot_like_simple_start,solve_ivp_default,solve_ivp_default,,,0.5156445556946183,0.396886788066311,-0.16150565891968388,0.39618996853701266,-0.16037043910740462,0.0006968195292983426,0.0011352198122792645,0.0011352198122792645,0.22574454869566388,-1.909255155937411,0.2262223497030871,-1.9097061992871651,0.0004778010074232286,0.0004510433497542099,0.0006570646133008158,0.000642748754005662,-24.534304002800063,0.009304002800060829,-0.009304002800060829,-0.0003793681060167514,-24.53842334275205,0.013423342752048484,-0.013423342752048484,-0.000547333037800142
screenshot_like_simple_start,solve_ivp_default,solve_ivp_default,,,0.5206508135168961,0.39861673900119843,-0.17552855273001028,0.39793829807509173,-0.17440854304051626,0.0006784409261066937,0.0011200096894940226,0.0011200096894940226,0.21351530925612872,-1.9062331558795058,0.21399287898668629,-1.906691244572415,0.0004775697305575699,0.0004580886929090866,0.0006617538047612461,0.0006253396095764474,-24.5349536836365,0.00995368363649618,-0.00995368363649618,-0.0004058586599998442,-24.53846242959808,0.013462429598078529,-0.013462429598078529,-0.0005489267929899502
screenshot_like_simple_start,solve_ivp_default,solve_ivp_default,,,0.5256570713391739,0.4000818408600724,-0.18928140724537784,0.39943362289325196,-0.18819063656782467,0.0006482179668204635,0.0010907706775531711,0.0010907706775531711,0.20134053628053442,-1.9031688147839492,0.20181482776616988,-1.9036257457636485,0.0004742914856354641,0.0004569309796993437,0.0006585881365127204,0.0005971094121235976,-24.535484002951584,0.010484002951582028,-0.010484002951582028,-0.00042748228141007246,-24.538384085367927,0.01338408536792457,-0.01338408536792457,-0.0005457323289673626
screenshot_like_simple_start,solve_ivp_default,solve_ivp_default,,,0.5306633291614519,0.4012839068563656,-0.20276517064642968,0.4006776054363639,-0.20171723331446384,0.0006063014200017314,0.0010479373319658425,0.0010479373319658425,0.18922195840231773,-1.9000737351790982,0.1896903287783038,-1.9005208819466188,0.00046837037598607134,0.0004471467675206675,0.0006475423081201071,0.0005582087501563304,-24.535882422378936,0.010882422378934109,-0.010882422378934109,-0.0004437277218729504,-24.53819898018831,0.013198980188306564,-0.013198980188306564,-0.0005381847171582697
screenshot_like_simple_start,solve_ivp_default,solve_ivp_default,,,0.5356695869837297,0.4022252996956269,-0.2159814205321952,0.4016719615877337,-0.21498882112178488,0.0005533381078932087,0.0009925994104103275,0.0009925994104103275,0.17716086308229864,-1.89695868186117,0.17762126910506454,-1.8973873935348375,0.0004604060227658968,0.00042871167366764773,0.0006291004728483576,0.0005092372828703895,-24.53614603178005,0.011146031780047139,-0.011146031780047139,-0.00045447632130671305,-24.537921504021547,0.012921504021544905,-0.012921504021544905,-0.0005268707042424018
screenshot_like_simple_start,solve_ivp_default,solve_ivp_default,,,0.5406758448060075,0.4029089315755222,-0.22893236392009114,0.40241846066910336,-0.22800586204735784,0.0004904709064188495,0.0009265018727332985,0.0009265018727332985,0.1651581219035287,-1.893833544409513,0.16560930465642612,-1.894235585759385,0.00045118275289743326,0.0004020413498722064,0.0006043203815189193,0.00045124325240630814,-24.536282181224884,0.011282181224881782,-0.011282181224881782,-0.00046002777675358946,-24.537568537712136,0.012568537712134287,-0.012568537712134287,-0.0005124786019218872
screenshot_like_simple_start,solve_ivp_default,solve_ivp_default,,,0.5456821026282854,0.40333826418583385,-0.24162083724592143,0.4029189254406506,-0.2407687923649706,0.00041933874518323977,0.0008520448809508363,0.0008520448809508363,0.1532142174185697,-1.8907073048044185,0.15365587458689184,-1.891075332590718,0.00044165716832214597,0.00036802778629940747,0.0005748960826260505,0.00044165716832214597,-24.536308686473962,0.011308686473959995,-0.011308686473959995,-0.00046110852085463785,-24.537158367426695,0.012158367426692962,-0.012158367426692962,-0.0004957540235144938
screenshot_like_simple_start,solve_ivp_default,solve_ivp_default,,,0.5506883604505632,0.403517308708461,-0.25405030636387593,0.4031752321009889,-0.25327802256462834,0.0003420766074720971,0.0007722837992475973,0.0007722837992475973,0.14132927130329515,-1.8875880100068987,0.14176221563608227,-1.887916081064768,0.00043294433278712185,0.0003280710578692503,0.0005432047627772929,0.00043294433278712185,-24.53625360946478,0.01125360946477727,-0.01125360946477727,-0.00045886277124474085,-24.536709739818356,0.011709739818353881,-0.011709739818353881,-0.00047746135854653945
screenshot_like_simple_start,solve_ivp_default,solve_ivp_default,,,0.5556946182728411,0.4034506258174193,-0.26622486654653216,0.4031893102871675,-0.26553393735255504,0.00026131553025182663,0.0006909291939771189,0.0006909291939771189,0.12950307358077806,-1.8844827493337797,0.1299293763841443,-1.8847668559871713,0.0004263028033662519,0.0002841066533916248,0.0005122993955289368,0.0004263028033662519,-24.536154623771807,0.011154623771805205,-0.011154623771805205,-0.00045482665736208786,-24.53624105315079,0.01124105315078694,-0.01124105315078694,-0.00045835079106164886
screenshot_like_simple_start,solve_ivp_default,solve_ivp_default,,,0.5607008760951189,0.40314332567884126,-0.27814924248485434,0.40296314307467135,-0.27753689565119233,0.0001801826041699095,0.0006123468336620141,0.0006123468336620141,0.11773511268978049,-1.8813976364367568,0.11815823141314347,-1.8816362649909166,0.00042311872336298073,0.00023862855415979212,0.0004857705640739375,0.00042311872336298073,-24.53605798102211,0.011057981022108976,-0.011057981022108976,-0.00045088607633471866,-24.53576967826387,0.010769678263866211,-0.010769678263866211,-0.00043913061218618595
screenshot_like_simple_start,solve_ivp_default,solve_ivp_default,,,0.5657071339173968,0.40260105651653244,-0.28982876942215585,0.4024987669774212,-0.28928723059920025,0.00010228953911123329,0.0005415388229556006,0.0005415388229556006,0.1060246137435889,-1.8783378055424595,0.10644949536594178,-1.8785325039241254,0.0004248816223528795,0.00019469838166585873,0.00046736693596843084,0.0004248816223528795,-24.53601688333884,0.011016883338836436,-0.011016883338836436,-0.00044921032982003816,-24.535311402477802,0.010311402477800158,-0.010311402477800158,-0.0004204445454760512
screenshot_like_simple_start,solve_ivp_default,solve_ivp_default,,,0.5707133917396746,0.401825226495684,-0.3012615675908021,0.40179827194777357,-0.3007852495514558,2.695454791040719e-05,0.0004763180393462796,0.0004763180393462796,0.09437364491491002,-1.8753115937617655,0.09480373689436278,-1.8754633625460093,0.00043009197945276245,0.0001517687842438331,0.00045608428460148305,0.00043009197945276245,-24.536003988327163,0.011003988327161096,-0.011003988327161096,-0.0004486845393337857,-24.534879989171166,0.009879989171164283,-0.009879989171164283,-0.00040285378883442535
screenshot_like_simple_start,solve_ivp_default,solve_ivp_default,,,0.5757196495619524,0.40081586290682586,-0.312443500800438,0.40086380137652067,-0.3120312340790549,4.7938469694808195e-05,0.00041226672138305887,0.00041226672138305887,0.08278492085819333,-1.8723282920728284,0.08322139248868954,-1.8724362305103202,0.00043647163049620463,0.00010793843749179466,0.0004496200512835092,0.00043647163049620463,-24.5359751110084,0.010975111008399097,-0.010975111008399097,-0.0004475070747563342,-24.534486845715037,0.009486845715034775,-0.009486845715034775,-0.0003868234746191549
screenshot_like_simple_start,solve_ivp_default,solve_ivp_default,,,0.5807259073842304,0.39957574802836227,-0.3233749874565952,0.3996975520928905,-0.3230254399693116,0.00012180406452821924,0.00034954748728360796,0.00034954748728360796,0.07125912470825724,-1.8693944783612313,0.07170278018075849,-1.8694581036168196,0.0004436554725012476,6.362525558833987e-05,0.00044819454640701155,0.0004436554725012476,-24.535938361802046,0.010938361802043772,-0.010938361802043772,-0.0004460086361689611,-24.53414079260709,0.009140792607087889,-0.009140792607087889,-0.0003727132561503726
screenshot_like_simple_start,solve_ivp_default,solve_ivp_default,,,0.5857321652065082,0.39810762663335714,-0.33405636596224547,0.39830177436454683,-0.3337680972257569,0.00019414773118969775,0.00028826873648857276,0.00028826873648857276,0.059796808869593265,-1.8665163961609397,0.060248113113071156,-1.8665355903124268,0.0004513042434778902,1.9194151487100797e-05,0.0004517122265695944,0.0004513042434778902,-24.53589949926874,0.010899499268738566,-0.010899499268738566,-0.0004444240272676275,-24.533847926954024,0.008847926954022256,-0.008847926954022256,-0.0003607717412445364
screenshot_like_simple_start,solve_ivp_default,solve_ivp_default,,,0.590738423028786,0.39641420598953364,-0.34448789471780217,0.39667877189758916,-0.3442594100681407,0.00026456590805551405,0.00022848464966146453,0.00026456590805551405,0.04839840762650194,-1.8636999650169659,0.048857512966475,-1.8636749184247543,0.0004591053399730649,2.5046592211586116e-05,0.0004597880435300564,0.0004591053399730649,-24.535862413815885,0.010862413815882377,-0.010862413815882377,-0.0004429118783234404,-24.533611573841966,0.008611573841964315,-0.008611573841964315,-0.0003511345093563431
screenshot_like_simple_start,solve_ivp_default,solve_ivp_default,,,0.5957446808510638,0.3944981558592746,-0.35466975212111934,0.3948309018365528,-0.3544995569324307,0.00033274597727817046,0.0001701951886886599,0.00033274597727817046,0.03706424943085357,-1.8609507905291847,0.037531023239069594,-1.8608819421117486,0.00046677380821602554,6.884841743604042e-05,0.00047182400598097833,0.00046677380821602554,-24.535829539117145,0.010829539117143128,-0.010829539117143128,-0.00044157142169798684,-24.53343231957024,0.0084323195702396,-0.0084323195702396,-0.00034382546667643623
screenshot_like_simple_start,solve_ivp_default,solve_ivp_default,,,0.6007509386733417,0.39236210849962233,-0.3646020365674922,0.39276057476440857,-0.36448869047081256,0.0003984662647862347,0.00011334609667962292,0.0003984662647862347,0.025794568879854818,-1.858274174072111,0.02626862236904598,-1.8581621490120472,0.00047405348919116186,0.00011202506006369184,0.00048711017716384123,0.00047405348919116186,-24.535802199187817,0.010802199187814665,-0.010802199187814665,-0.00044045664374371717,-24.533308121172105,0.008308121172103,-0.008308121172103,-0.00033876131180848114
screenshot_like_simple_start,solve_ivp_default,solve_ivp_default,,,0.6057571964956195,0.3900086586622787,-0.37428476644965614,0.39047025470256347,-0.3742269375516896,0.00046159604028478407,5.782889796651647e-05,0.00046159604028478407,0.014589518396355194,-1.8556751221861245,0.015070236694213202,-1.8555206675815208,0.0004807182978580071,0.0001544546046037265,0.0005049220799081708,0.0004807182978580071,-24.535780898388115,0.010780898388112803,-0.010780898388112803,-0.00043958810960704597,-24.533234487084133,0.008234487084131104,-0.008234487084131104,-0.00033575890251299096
screenshot_like_simple_start,solve_ivp_default,solve_ivp_default,,,0.6107634543178974,0.38744036359360495,-0.3837178801577883,0.3879624591108599,-0.38371439925968387,0.0005220955172549613,3.4808981044243126e-06,0.0005220955172549613,0.0034491796243079076,-1.8531583556361968,0.003935753240963569,-1.8529622746022292,0.0004865736166556611,0.0001960810339676211,0.0005245966605947675,0.0004865736166556611,-24.535765560995813,0.01076556099581083,-0.01076556099581083,-0.00043896273173540587,-24.533204724236708,0.008204724236705374,-0.008204724236705374,-0.0003345453307525127
screenshot_like_simple_start,solve_ivp_default,solve_ivp_default,,,0.6157697121401753,0.38465974303462186,-0.39290123607950644,0.3852397588875761,-0.39295115089563465,0.0005800158529542521,4.991481612820481e-05,0.0005800158529542521,-0.007626425447958718,-1.8507283181346526,-0.007134967664571723,-1.850491402850717,0.0004914577833869949,0.00023691528393565697,0.0005455818954235664,0.0005375687209904223,-24.535755726396825,0.010755726396823206,-0.010755726396823206,-0.00043856172871858126,-24.533210247210274,0.00821024721027186,-0.00821024721027186,-0.00033477052845145194
screenshot_like_simple_start,solve_ivp_default,solve_ivp_default,,,0.6207759699624531,0.3816692792210099,-0.40183461259986886,0.38230477836942617,-0.40193724197659936,0.0006354991484162631,0.00010262937673050088,0.0006354991484162631,-0.018637323624021818,-1.848389184724881,-0.0181420799704739,-1.8481121489131915,0.0004952436535479166,0.00027703581168947444,0.0005674637586118912,0.0005896960286710384,-24.535750705386498,0.010750705386495696,-0.010750705386495696,-0.00043835699842999774,-24.533240945427526,0.008240945427523627,-0.008240945427523627,-0.00033602223965437827
screenshot_like_simple_start,solve_ivp_default,solve_ivp_default,,,0.6257822277847309,0.3784714168831088,-0.41051770810137533,0.37916019533155987,-0.410672696235854,0.0006887784484510551,0.000154988134478673,0.0006887784484510551,-0.02958357988261956,-1.846144869823224,-0.029085739665434318,-1.8458282811356839,0.0004978402171852414,0.00031658868754003144,0.0005899773545869095,0.0006399462658658872,-24.53574970255373,0.010749702553727758,-0.010749702553727758,-0.0004383161082050054,-24.53328560462567,0.008285604625669407,-0.008285604625669407,-0.0003378432059396292
screenshot_like_simple_start,solve_ivp_default,solve_ivp_default,,,0.6307884856070087,0.3750685632459179,-0.4189501409639662,0.37580874098756273,-0.41915751162289183,0.0007401777416448097,0.0002073706589256208,0.0007401777416448097,-0.04046528699540075,-1.8439990349164854,-0.03996609274500523,-1.8436432476977587,0.0004991942503955182,0.00035578721872675523,0.0006130085192207882,0.000688622026632224,-24.53575190923355,0.010751909233547963,-0.010751909233547963,-0.00043840608495608407,-24.533332379071414,0.008332379071411822,-0.008332379071411822,-0.00033975042085267367
screenshot_like_simple_start,solve_ivp_default,solve_ivp_default,,,0.6357947434292867,0.37146308802909606,-0.42713144956502314,0.37225319998945594,-0.42739166030342485,0.000790111960359885,0.0002602107384017116,0.000790111960359885,-0.05128255536683618,-1.841955095912668,-0.050783263385195176,-1.8415601847987568,0.0004992919816410035,0.0003949111139112116,0.000636590347728894,0.0007361107934558131,-24.535756571058645,0.010756571058642805,-0.010756571058642805,-0.00043859616956749457,-24.53336931114309,0.008369311143088254,-0.008369311143088254,-0.00034125631572225293
screenshot_like_simple_start,solve_ivp_default,solve_ivp_default,,,0.6408010012515645,0.36765732344696167,-0.43506109227936784,0.3684964104276967,-0.435375088659382,0.0008390869807350376,0.00031399638001416985,0.0008390869807350376,-0.06203550308413347,-1.8400162301426148,-0.06153734233097785,-1.8395819249458831,0.0004981607531556187,0.0004343051967317102,0.0006608972233961516,0.0007828857976162618,-24.535763033716204,0.01076303371620213,-0.01076303371620213,-0.00043885968261782386,-24.533384895007128,0.008384895007125692,-0.008384895007125692,-0.0003418917434098141
screenshot_like_simple_start,solve_ivp_default,solve_ivp_default,,,0.6458072590738423,0.36365356420849254,-0.44273844747926394,0.3645422344910446,-0.4431094383765816,0.0008886702825520731,0.0003709908973176801,0.0008886702825520731,-0.07272424616521994,-1.8381853830102575,-0.07222902350284399,-1.8377099213567591,0.0004952226623759493,0.00047546165349832137,0.0006865196787260226,0.0008304138171907338,-24.53577077011984,0.01077077011983718,-0.01077077011983718,-0.00043917513230732637,-24.533363530402838,0.00836353040283555,-0.00836353040283555,-0.00034102060765894187
screenshot_like_simple_start,solve_ivp_default,solve_ivp_default,,,0.6508135168961202,0.3594540675173259,-0.4501628135344155,0.36039404575370804,-0.45059537812857425,0.0009399782363821441,0.0004325645941587464,0.0009399782363821441,-0.08334888899309684,-1.8364652742891248,-0.08285857141235597,-1.8359459126656956,0.0004903175807408622,0.0005193616234291376,0.0007142463341694665,0.0008797477579665092,-24.535779391836464,0.010779391836461372,-0.010779391836461372,-0.00043952668038578475,-24.533301293819733,0.00830129381973066,-0.00830129381973066,-0.00033848292842938467
screenshot_like_simple_start,solve_ivp_default,solve_ivp_default,,,0.655819774718398,0.3550610530717589,-0.45733340881196727,0.35605367748074235,-0.4578308783636044,0.0009926244089834557,0.000497469551637153,0.0009926244089834557,-0.0939095149251652,-1.8348584040626543,-0.09342526813332236,-1.834293086454473,0.00048424679184283503,0.0005653176081812372,0.0007443647986906909,0.0009305383031472103,-24.53578864726244,0.010788647262437223,-0.010788647262437223,-0.0004399040677854117,-24.533207260461882,0.00820726046188014,-0.00820726046188014,-0.00033464874462304334
screenshot_like_simple_start,solve_ivp_default,solve_ivp_default,,,0.6608260325406758,0.3504767030647477,-0.46424937167650526,0.351522932107181,-0.46481393386265923,0.0010462290424332887,0.0005645621861539718,0.0010462290424332887,-0.1044061770664318,-1.8333670583056958,-0.10392847363579477,-1.8327544000474778,0.00047770343063702203,0.0006126582582179907,0.0007768852611583529,0.000982439793678791,-24.535798408719742,0.010798408719740138,-0.010798408719740138,-0.00044030208847054583,-24.533090728326187,0.008090728326184404,-0.008090728326184404,-0.00032989717945706027
screenshot_like_simple_start,solve_ivp_default,solve_ivp_default,,,0.6658322903629537,0.3457031621839083,-0.47090976049005645,0.34680358327658994,-0.4715425673755725,0.0011004210926816582,0.0006328068855160351,0.0011004210926816582,-0.11483888919585267,-1.8319933141043758,-0.11436761594961214,-1.8313325765624913,0.00047127324624052225,0.0006607375418845596,0.0008115864537298107,0.0010351119586929358,-24.535808650340144,0.010808650340141668,-0.010808650340141668,-0.0004407196876714237,-24.53296091795645,0.007960917956449265,-0.007960917956449265,-0.00032460419802035737
screenshot_like_simple_start,solve_ivp_default,solve_ivp_default,,,0.6708385481852316,0.34074253761151585,-0.4773135536120886,0.34189737584106755,-0.4780148296210247,0.0011548382295517023,0.0007012760089361025,0.0011548382295517023,-0.12520761683545495,-1.8307390445112293,-0.12474218002667814,-1.830030103320517,0.00046543680877680904,0.0007089411907121868,0.0008480737201757599,0.0010882197735352928,-24.535819418320585,0.010819418320583196,-0.010819418320583196,-0.00044115874905538004,-24.532826719667742,0.007826719667740178,-0.007826719667740178,-0.00031913230041754037
screenshot_like_simple_start,solve_ivp_default,solve_ivp_default,,,0.6758448060075094,0.3355968990245055,-0.48345964939951,0.33680602586124475,-0.4842287992865427,0.0012091268367392383,0.000769149887032694,0.0012091268367392383,-0.13551226845228959,-1.8296059230321946,-0.13505169671392242,-1.8288492303391077,0.0004605717383671659,0.0007566926930868689,0.0008858386749028355,0.0011414333469643712,-24.535830794864772,0.0108307948647699,-0.0108307948647699,-0.00044162262445544945,-24.532696472721163,0.0076964727211610295,-0.0076964727211610295,-0.00031382151768240686
screenshot_like_simple_start,solve_ivp_default,solve_ivp_default,,,0.6808510638297872,0.3302682785944716,-0.48934686620667067,0.3315312206062847,-0.4901825830285006,0.0012629420118130952,0.0008357168218299238,0.0012629420118130952,-0.1457526867837155,-1.8285954277417036,-0.14529573185307432,-1.8277919689010445,0.00045695493064118464,0.0008034588406591325,0.0009243126728930028,0.0011944278373182682,-24.53584285687214,0.01084285687213793,-0.01084285687213793,-0.0004421144494245842,-24.532577775222066,0.007577775222063821,-0.007577775222063821,-0.0003089816604307368
screenshot_like_simple_start,solve_ivp_default,solve_ivp_default,,,0.6858573216520651,0.32475867098766786,-0.49497394238536085,0.326074618553883,-0.4958743154721191,0.0013159475662151143,0.0009003730867582216,0.0013159475662151143,-0.15592864027698827,-1.8277088450217085,-0.1554738755227662,-1.8268600901898229,0.0004547647542220701,0.0008487548318856231,0.0009629100406226181,0.0012468833973692806,-24.535855630194106,0.010855630194104293,-0.010855630194104293,-0.00044263527804706593,-24.53247732367105,0.0074773236710470314,-0.0074773236710470314,-0.0003048857765972286
screenshot_like_simple_start,solve_ivp_default,solve_ivp_default,,,0.690863579474343,0.31907003336500794,-0.5003395362848119,0.3204378493902679,-0.5013021592114654,0.0013678160252599825,0.0009626229266535002,0.0013678160252599825,-0.166039814634648,-1.826947272920034,-0.16558573143790867,-1.8260551239830622,0.00045408319673934106,0.0008921489369717595,0.0010010600757701107,0.0012984851475102421,-24.535869040046883,0.01086904004688094,-0.01086904004688094,-0.0004431820610349007,-24.53240078125432,0.007400781254318645,-0.007400781254318645,-0.00030176478101197324
screenshot_like_simple_start,solve_ivp_default,solve_ivp_default,,,0.6958698372966208,0.31320428538206463,-0.5054422262516962,0.31462251401019986,-0.5064643048094537,0.0014182286281352319,0.0010220785577574887,0.0014182286281352319,-0.17608580445774952,-1.8263116241229755,-0.17563090652072133,-1.8253783573946603,0.00045489793702818693,0.0009332667283152851,0.0010382287413151384,0.0013489231768517573,-24.53588285794841,0.010882857948406155,-0.010882857948406155,-0.0004437454820960715,-24.53235267411697,0.007352674116969382,-0.007352674116969382,-0.000299803225972248
screenshot_like_simple_start,solve_ivp_default,solve_ivp_default,,,0.7008760951188986,0.3071633091890703,-0.510280510630127,0.3086301845169717,-0.511358970797845,0.0014668753279014068,0.001078460167717954,0.0014668753279014068,-0.1860661049795594,-1.8258026285365343,-0.185609000657268,-1.8248308336562862,0.00045710432229140174,0.0009717948802481224,0.0010739318650333197,0.0013978925717422208,-24.535896645331842,0.010896645331840205,-0.010896645331840205,-0.00044430765879063013,-24.532336315019545,0.007336315019543349,-0.007336315019543349,-0.000299136188360585
screenshot_like_simple_start,solve_ivp_default,solve_ivp_default,,,0.7058823529411765,0.3009489494309168,-0.5148528077616583,0.3024624042224088,-0.5159844036772467,0.0015134547914919527,0.0011315959155884237,0.0015134547914919527,-0.1959801038829802,-1.825420835470145,-0.19551959665285107,-1.824413350928625,0.00046050723012913686,0.0010074845415199984,0.0011077418518783929,0.0014450934711622843,-24.53590969377872,0.010909693778717866,-0.010909693778717866,-0.0004448397055542453,-24.532353753935464,0.007353753935461782,-0.007353753935461782,-0.0002998472552685742
screenshot_like_simple_start,solve_ivp_default,solve_ivp_default,,,0.7108886107634543,0.29456301324715584,-0.5191574559852854,0.29612068764686894,-0.5203388779171134,0.0015576743997131048,0.0011814219318280195,0.0015576743997131048,-0.20582707319562676,-1.8251666154161519,-0.2053622503991417,-1.8241264611326602,0.00046482279648507596,0.00104015428349169,0.0011392897636678374,0.0014902311483891983,-24.535920961608273,0.01092096160827083,-0.01092096160827083,-0.00044529914814559954,-24.532405755304254,0.007405755304251471,-0.007405755304251471,-0.00030196759650362773
screenshot_like_simple_start,solve_ivp_default,solve_ivp_default,,,0.7158948685857321,0.2880072702719981,-0.523192713637444,0.28960652051924235,-0.5244206959557459,0.0015992502472442771,0.0012279823183019012,0.0015992502472442771,-0.21560616125719234,-1.8250401614176843,-0.21513648126547896,-1.8239704687912093,0.0004696799917133787,0.0010696926264750495,0.001168264357819312,0.0015330161182728896,-24.535929006354976,0.010929006354974291,-0.010929006354974291,-0.00044562717043727994,-24.532491801813414,0.0074918018134120246,-0.0074918018134120246,-0.0003054761187935586
screenshot_like_simple_start,solve_ivp_default,solve_ivp_default,,,0.7209011264080101,0.2812834631360927,-0.526956777322864,0.2829213597769515,-0.5282281882002924,0.0016378966408587825,0.001271410877428436,0.0016378966408587825,-0.22531639045770624,-1.8250414779132558,-0.22484176272635964,-1.8239454298709123,0.00047462773134659964,0.0010960480423434227,0.0011944006005055712,0.0015731541803548077,-24.535932062291273,0.010932062291271194,-0.010932062291271194,-0.00044575177538312715,-24.532610124741034,0.007610124741031399,-0.007610124741031399,-0.00031030070299822214
screenshot_like_simple_start,solve_ivp_default,solve_ivp_default,,,0.7259073842302879,0.2743963740758745,-0.5304533001447185,0.2760666335659516,-0.5317597130267471,0.0016702594900770973,0.0013064128820285958,0.0016702594900770973,-0.2349584571015536,-1.8251667585930256,-0.23447751323675198,-1.8240511506149057,0.00048094386480163065,0.0011156079781198258,0.0012148613756042025,0.0016073945904597209,-24.535976935124737,0.01097693512473441,-0.01097693512473441,-0.000447581452588559,-24.53275776105159,0.00775776105158954,-0.00775776105158954,-0.00031632053217490476
screenshot_like_simple_start,solve_ivp_default,solve_ivp_default,,,0.7309136420525657,0.26734886269120356,-0.5336832643706524,0.26904374124073005,-0.5350136567799515,0.0016948785495264906,0.0013303924092991082,0.0016948785495264906,-0.24453243808461295,-1.825413859435937,-0.24404308736652264,-1.8242871863565013,0.0004893507180903089,0.0011266730794357027,0.0012283551413254353,0.0016342871768428857,-24.536098958777746,0.011098958777743917,-0.011098958777743917,-0.00045255693283359494,-24.532930637599,0.007930637598999368,-0.007930637598999368,-0.0003233695249337153
screenshot_like_simple_start,solve_ivp_default,solve_ivp_default,,,0.7359198998748435,0.2601408258720473,-0.5366427235411905,0.26185405336430667,-0.5379884337735936,0.0017132274922593838,0.0013457102324031522,0.0017132274922593838,-0.25403689235502586,-1.8257837059980793,-0.2535377672049333,-1.8246528403043343,0.0004991251500925387,0.0011308656937449868,0.0012361161485654288,0.0016552055430584245,-24.536289096321866,0.011289096321863923,-0.011289096321863923,-0.0004603097378945534,-24.53312368295425,0.008123682954249034,-0.008123682954249034,-0.00033124089517834996
screenshot_like_simple_start,solve_ivp_default,solve_ivp_default,,,0.7409261576971214,0.25277222167162855,-0.5393279260893903,0.2544989117082336,-0.5406824862902083,0.0017266900366050275,0.0013545602008180335,0.0017266900366050275,-0.2634703868035501,-1.826276865842817,-0.2629607540458846,-1.8251471622896314,0.0005096327576655235,0.0011297035531856459,0.0012393367846417049,0.001671447086761868,-24.536533642236,0.011533642235999508,-0.011533642235999508,-0.0004702810289908056,-24.533330967538404,0.008330967538402234,-0.008330967538402234,-0.0003396928659898974
screenshot_like_simple_start,solve_ivp_default,solve_ivp_default,,,0.7459324155193993,0.2452430693064259,-0.541735315340842,0.24697962925259587,-0.543094284581177,0.0017365599461699743,0.0013589692403350728,0.0017365599461699743,-0.2728314835976912,-1.8268935406373843,-0.27231116036431335,-1.825768947466499,0.0005203232333778618,0.001124593170885202,0.0012391311743291853,0.0016842322534876275,-24.53681545695242,0.011815456952419368,-0.011815456952419368,-0.00048177194505277744,-24.533545872905687,0.008545872905685314,-0.008545872905685314,-0.00034845557209726047
screenshot_like_simple_start,solve_ivp_default,solve_ivp_default,,,0.7509386733416771,0.23755344915617296,-0.5438615295136683,0.23929749018601043,-0.545222326866728,0.0017440410298374676,0.0013607973530597173,0.0017440410298374676,-0.2821187279090309,-1.8276335589859796,-0.28158800209393314,-1.826516734956422,0.0005307258150977767,0.0011168240295575949,0.001236513567983976,0.001694703709255091,-24.53711513761555,0.012115137615548832,-0.012115137615548832,-0.0004939913400835405,-24.53376129118271,0.008761291182707964,-0.008761291182707964,-0.00035723919195547254
screenshot_like_simple_start,solve_ivp_default,solve_ivp_default,,,0.755944931163955,0.22970350276385867,-0.5457034017185247,0.23145374990562675,-0.5470651393359365,0.0017502471417680798,0.0013617376174117624,0.0017502471417680798,-0.2913306360873696,-1.8284963699996806,-0.290790191216293,-1.8273888064285124,0.000540444871076573,0.0011075635711681464,0.001232387002062141,0.0017039254403848347,-24.53741212049908,0.012412120499078583,-0.012412120499078583,-0.0005061007339073835,-24.533969855828143,0.008969855828141249,-0.008969855828141249,-0.00036574335690688065
screenshot_like_simple_start,solve_ivp_default,solve_ivp_default,,,0.7609511889862328,0.22169343283572795,-0.5472579599585995,0.22344963501712706,-0.5486212761467241,0.0017562021813991024,0.0013633161881245748,0.0017562021813991024,-0.3004656843335206,-1.8294810376030075,-0.29991652867097407,-1.828383184607442,0.000549155662546541,0.0010978529955654182,0.0012275394664037864,0.0017128817894540294,-24.53768570956545,0.012685709565449343,-0.012685709565449343,-0.0005172562513944686,-24.53416420502739,0.009164205027389016,-0.009164205027389016,-0.0003736678910250363
screenshot_like_simple_start,solve_ivp_default,solve_ivp_default,,,0.7659574468085106,0.21352350324128058,-0.5485224271296132,0.21528634333472557,-0.5498893194258592,0.0017628400934449895,0.0013668922962459806,0.0017628400934449895,-0.30952229792066027,-1.830586235576701,-0.3089656975965926,-1.82949763170144,0.0005566003240676798,0.0010886038752611071,0.0012226456224048513,0.0017224764368770629,-24.53791602477336,0.012916024773357293,-0.012916024773357293,-0.0005266472894335287,-24.534337279175585,0.00933727917558258,-0.00933727917558258,-0.000380724940900411
screenshot_like_simple_start,solve_ivp_default,solve_ivp_default,,,0.7709637046307886,0.2051940390132717,-0.5494942210198194,0.20696504388116896,-0.5508678792689572,0.0017710048678972468,0.0013736582491378213,0.0017710048678972468,-0.3184988410120799,-1.8318102433362067,-0.317936256912168,-1.8307296477432278,0.0005625840999119447,0.0010805955929789057,0.0012182724264462221,0.001733531338126565,-24.53808486296653,0.013084862966529442,-0.013084862966529442,-0.0005335316194303544,-24.534482654024007,0.009482654024004944,-0.009482654024004944,-0.0003866525595924544
screenshot_like_simple_start,solve_ivp_default,solve_ivp_default,,,0.7759699624530664,0.1967054263477125,-0.5501709543100041,0.19848687688773684,-0.5515555937404801,0.0017814505400243486,0.0013846394304760645,0.0017814505400243486,-0.32739360712099513,-1.8331509424454904,-0.32682663524832245,-1.8320764688373194,0.0005669718726726836,0.0010744736081709227,0.001214887089016017,0.0017467856271368987,-24.53817646353835,0.013176463538346894,-0.013176463538346894,-0.000537266607068171,-24.534594911160724,0.009594911160721864,-0.009594911160721864,-0.00039122981287347046
screenshot_like_simple_start,solve_ivp_default,solve_ivp_default,,,0.7809762202753442,0.1880581126038689,-0.550550434573486,0.18985295379424064,-0.5519511288737365,0.0017948411903717376,0.0014006943002505823,0.0017948411903717376,-0.3362048102557691,-1.8346058138661192,-0.3356351252377236,-1.8335350653076947,0.000569685018045496,0.0010707485584244836,0.00121286581910515,0.001762894496939199,-24.538178170587177,0.01317817058717452,-0.01317817058717452,-0.0005373362115055869,-24.534670047558308,0.009670047558305583,-0.009670047558305583,-0.000394293478422246
screenshot_like_simple_start,solve_ivp_default,solve_ivp_default,,,0.785982478097622,0.17925260630426257,-0.5506306642761165,0.1810643572490245,-0.552053178670882,0.0018117509447619362,0.001422514394765484,0.0018117509447619362,-0.3449305767914785,-1.8361719359420112,-0.3443598781741336,-1.835102139740507,0.000570698617344878,0.0010697962015042695,0.0012125018864283547,0.0017824280690690864,-24.53808098298442,0.01308098298441962,-0.01308098298441962,-0.000533373414247487,-24.53470592593546,0.009705925935456605,-0.009705925935456605,-0.00039575640919292985
screenshot_like_simple_start,solve_ivp_default,solve_ivp_default,,,0.7909887359198999,0.17028947713467024,-0.5504098407762796,0.17212214110896468,-0.5518604651029188,0.001832663974294435,0.0014506243266391161,0.001832663974294435,-0.35356893810622697,-1.837845983120876,-0.35299889904941484,-1.8367741249171743,0.0005700390568121327,0.0010718582037017033,0.0012140117524694347,0.0018058702637606394,-24.53787998369817,0.012879983698166342,-0.012879983698166342,-0.0005251777246958753,-24.53470276763177,0.009702767631768694,-0.009702767631768694,-0.0003956276302454105
screenshot_like_simple_start,solve_ivp_default,solve_ivp_default,,,0.7959949937421777,0.16116935594412468,-0.5498863563248921,0.16302733043947049,-0.5513717381096956,0.0018579744953458044,0.0014853817848035078,0.0018579744953458044,-0.36211782401798,-1.8396242254141288,-0.36155004197784346,-1.83854718163394,0.0005677820401365219,0.0010770437801888022,0.0012175383975649293,0.0018336176833962659,-24.537574639875114,0.01257463987511187,-0.01257463987511187,-0.0005127274159067021,-24.534663689565022,0.00966368956501995,-0.00966368956501995,-0.0003940342330283364
screenshot_like_simple_start,solve_ivp_default,solve_ivp_default,,,0.8010012515644556,0.15189293474491358,-0.5490587980654034,0.1537809215144831,-0.5505857755999084,0.0018879867695695274,0.0015269775345050363,0.0018879867695695274,-0.3705750570549555,-1.841502528597915,-0.3700110060171056,-1.8404171964047789,0.0005640510378498997,0.0010853321931361126,0.0012231514798900392,0.001865978522111178,-24.537168965608714,0.012168965608712057,-0.012168965608712057,-0.0004961861614153744,-24.53459528660642,0.009595286606419506,-0.009595286606419506,-0.00039124512156654456
screenshot_like_simple_start,solve_ivp_default,solve_ivp_default,,,0.8060075093867335,0.1424609667125799,-0.5479259480337951,0.14438388181647602,-0.5495013834510994,0.0019229151038961112,0.0015754354173043161,0.0019229151038961112,-0.3789383475897754,-1.8434763551588453,-0.3783793313953785,-1.8423797790453587,0.0005590161943969107,0.0010965761134866803,0.0012308445386268556,0.0019031715148606632,-24.53667154003298,0.0116715400329781,-0.0116715400329781,-0.0004759037730062426,-24.53450826034167,0.009508260341668517,-0.009508260341668517,-0.0003876966500170649
screenshot_like_simple_start,solve_ivp_default,solve_ivp_default,,,0.8110137672090113,0.13287426618592263,-0.5464867831585821,0.1348371500364559,-0.548117395509658,0.0019628838505332813,0.0016306123510758663,0.0019628838505332813,-0.38720528986465125,-1.8455407659890697,-0.38665239615395475,-1.8444302601366467,0.0005528937106965004,0.001110505852423005,0.0012405300091466915,0.0019453249396395311,-24.536095374401437,0.011095374401435265,-0.011095374401435265,-0.00045241078089440425,-24.5344180946508,0.00941809465079757,-0.00941809465079757,-0.0003840201692476073
screenshot_like_simple_start,solve_ivp_default,solve_ivp_default,,,0.8160200250312891,0.12313370866699569,-0.5447404752608117,0.12514163607396112,-0.5464326735908199,0.0020079274069654263,0.001692198330008221,0.0020079274069654263,-0.39537335893185943,-1.8476904228363984,-0.39482741321493,-1.8465636883676857,0.0005459457169294524,0.0011267344687126979,0.0012520332618660335,0.0019924756868954924,-24.535457623154237,0.010457623154234597,-0.010457623154234597,-0.00042640665256817923,-24.534345777796858,0.00934577779685597,-0.00934577779685597,-0.00038107146980044727
screenshot_like_simple_start,solve_ivp_default,solve_ivp_default,,,0.8210262828535669,0.11324023082110843,-0.5426863910540638,0.11529826893868964,-0.5444461733833749,0.002058038117581207,0.001759782329311066,0.002058038117581207,-0.40343990853063444,-1.8499195915162947,-0.40290143667577283,-1.8487747881123129,0.0005384718548616108,0.00114480340398182,0.0012651192719449285,0.00204461599408938,-24.534779135657306,0.009779135657304039,-0.009779135657304039,-0.000398741515078656,-24.53431793560396,0.009317935603956329,-0.009317935603956329,-0.00037993621218986045
screenshot_like_simple_start,solve_ivp_default,solve_ivp_default,,,0.8260325406758449,0.10319483047682546,-0.540324092144451,0.10531542967037295,-0.5421673228103906,0.0021205991935474983,0.0018432306659396103,0.0021205991935474983,-0.41140216991841183,-1.852222145893674,-0.4108728581946026,-1.8510518231065798,0.0005293117238092115,0.00117032278709428,0.0012844556539460608,0.002109084696625116,-24.5340838473225,0.009083847322497007,-0.009083847322497007,-0.0003703913281344345,-24.534257666733335,0.00925766673333328,-0.00925766673333328,-0.000377478765885149
screenshot_like_simple_start,solve_ivp_default,solve_ivp_default,,,0.8310387984981227,0.09299856662596753,-0.5376533350306184,0.09519564955371548,-0.5395980953850466,0.002197082927747951,0.0019447603544281433,0.002197082927747951,-0.41925725167104766,-1.8545915726435582,-0.4187392988948605,-1.8533875606539105,0.0005179527761871583,0.001204011989647702,0.00131069445317183,0.002187362884577826,-24.533398011189117,0.008398011189115095,-0.008398011189115095,-0.0003424265520536226,-24.53412830865517,0.009128308655167672,-0.009128308655167672,-0.0003722042265104045
screenshot_like_simple_start,solve_ivp_default,solve_ivp_default,,,0.8360450563204005,0.08265255942361002,-0.5346740711037442,0.0849348688483271,-0.5367315919225518,0.002282309424717077,0.002057520818807612,0.002282309424717077,-0.42700214046325985,-1.857020976800694,-0.42649712192238054,-1.8557797052440856,0.0005050185408793095,0.0012412715566083588,0.0013400741784978937,0.002274301129914752,-24.532749273759208,0.007749273759205977,-0.007749273759205977,-0.00031597446520717536,-24.533967394498486,0.008967394498483827,-0.008967394498483827,-0.0003656429968800745
screenshot_like_simple_start,solve_ivp_default,solve_ivp_default,,,0.8410513141426784,0.07215799018808386,-0.5313864466475385,0.07452967432052539,-0.5335618891753887,0.002371684132441529,0.00217544252785018,0.002371684132441529,-0.4346337028370597,-1.859503088109257,-0.43414265551614256,-1.8582248965362451,0.0004910473209171484,0.0012781915730117888,0.0013692703051984513,0.0023653074158847542,-24.532165601920436,0.007165601920434028,-0.007165601920434028,-0.0002921754095997565,-24.533799613575084,0.008799613575082077,-0.008799613575082077,-0.00035880177676175643
screenshot_like_simple_start,solve_ivp_default,solve_ivp_default,,,0.8460575719649562,0.061516101400975826,-0.527790802838245,0.06397729924333634,-0.530084039833314,0.002461197842360513,0.0022932369950690035,0.002461197842360513,-0.44214868796239165,-1.8620302681846757,-0.44167218559948496,-1.860718733085124,0.00047650236290669445,0.0013115350995516195,0.001395413493990774,0.0024563537612439512,-24.53167407113864,0.006674071138636606,-0.006674071138636606,-0.00027213337976092174,-24.533638335293354,0.008638335293351673,-0.008638335293351673,-0.0003522257000347267
screenshot_like_simple_start,solve_ivp_default,solve_ivp_default,,,0.851063829787234,0.050728196707127665,-0.5238876757446392,0.05327562339649301,-0.5262940725233578,0.002547426689365348,0.002406396778718567,0.002547426689365348,-0.44954373139055714,-1.864594518500446,-0.44908195161665326,-1.8632558008870594,0.0004617797739038809,0.001338717613386553,0.0014161233731487196,0.002543982403708768,-24.531299528728734,0.006299528728732184,-0.006299528728732184,-0.00025686151799111863,-24.533487266758385,0.008487266758383072,-0.008487266758383072,-0.00034606592286985
screenshot_like_simple_start,solve_ivp_default,solve_ivp_default,,,0.8560700876095119,0.03979564091463664,-0.5196777963280298,0.042423173066436434,-0.5221889918098238,0.002627532151799797,0.002511195481794015,0.002627532151799797,-0.45681535979728644,-1.8671874892134737,-0.45636814575765583,-1.8658297069810033,0.0004472140396306057,0.0013577822324704059,0.001429535934509883,0.0026253114664717067,-24.531063149876502,0.006063149876499807,-0.006063149876499807,-0.0002472232365545283,-24.53334222763603,0.008342227636028099,-0.008342227636028099,-0.0003401519933140917
screenshot_like_simple_start,solve_ivp_default,solve_ivp_default,,,0.8610763454317898,0.028719859994855268,-0.5151620904422578,0.0314191210463151,-0.5177667781942898,0.002699261051459831,0.002604687752032042,0.002699261051459831,-0.4639599967085348,-1.8698004888420434,-0.46352691568751714,-1.8684331183050302,0.0004330810210176894,0.0013673705370131906,0.0014343156403865453,0.0026980400231407277,-24.530980908135426,0.005980908135423846,-0.005980908135423846,-0.00024386985261667056,-24.533193020933062,0.008193020933060069,-0.008193020933060069,-0.000334068131827118
screenshot_like_simple_start,solve_ivp_default,solve_ivp_default,,,0.8660826032540676,0.017502341082392014,-0.5103416788336971,0.02026328663598599,-0.5130263881156072,0.002760945553593977,0.0026847092819101137,0.002760945553593977,-0.47097396919822165,-1.872424494810864,-0.47055437086725205,-1.8710578059733756,0.0004195983309696061,0.0013666888374883612,0.0014296507048463857,0.002760452469167788,-24.531061986299957,0.006061986299954469,-0.006061986299954469,-0.00024717579204707314,-24.533025372627073,0.008025372627070482,-0.008025372627070482,-0.0003272323191466047
screenshot_like_simple_start,solve_ivp_default,solve_ivp_default,,,0.8710888610763454,0.006144632475110212,-0.5052178771412541,0.008956135642013058,-0.507967753949901,0.0028115031669028456,0.0027498768086469116,0.0028115031669028456,-0.47785351554322125,-1.8750501648778286,-0.477446592523472,-1.8736946951025804,0.00040692301974926126,0.0013554697752482525,0.0014152330746606391,0.002811422101816707,-24.53130715778723,0.006307157787226458,-0.006307157787226458,-0.00025717259071259766,-24.532822906559428,0.007822906559425746,-0.007822906559425746,-0.00031897682199493355
screenshot_like_simple_start,solve_ivp_default,solve_ivp_default,,,0.8760951188986233,-0.005351656365871593,-0.4997921958963679,-0.0025012196223319766,-0.5025917840105699,0.0028504367435396166,0.0027995881142020007,0.0028504367435396166,-0.4845947938169382,-1.8776678494570878,-0.4841996472916641,-1.8763339202776306,0.00039514652527411487,0.0013339291794571828,0.001391225298879919,0.0028504138061140557,-24.53170717285818,0.006707172858178012,-0.006707172858178012,-0.00027348309309594337,-24.532569113739456,0.00756911373945357,-0.00756911373945357,-0.00030862849090534434
screenshot_like_simple_start,solve_ivp_default,solve_ivp_default,,,0.8811013767209012,-0.016984854816178396,-0.4940663405230104,-0.01410702033706887,-0.49690036254828673,0.0028778344791095256,0.002834022025276328,0.0028778344791095256,-0.4911938913987936,-1.880267604852764,-0.4908096045251563,-1.8789648867097377,0.0003842868736372851,0.0013027181430262935,0.001358216095258701,0.002877485741133919,-24.532241188080597,0.007241188080595151,-0.007241188080595151,-0.0002952574140915454,-24.532249267340582,0.007249267340579735,-0.007249267340579735,-0.00029558684365258857
screenshot_like_simple_start,solve_ivp_default,solve_ivp_default,,,0.886107634543179,-0.028753231088180786,-0.4880422113376858,-0.025858861175510534,-0.4908963497509977,0.0028943699126702527,0.0028541384133118908,0.0028943699126702527,-0.4976468353729049,-1.8828392074171343,-0.4972725572278279,-1.8815763370964491,0.0003742781450769561,0.0012628703206851721,0.001317165736249511,0.0028932899195189647,-24.53287528127285,0.007875281272848866,-0.007875281272848866,-0.000321112386252757,-24.531852226457154,0.006852226457152,-0.006852226457152,-0.00027939761293178385
screenshot_like_simple_start,solve_ivp_default,solve_ivp_default,,,0.8911138923654568,-0.04065499223099378,-0.4817219035494314,-0.03775369030426176,-0.4845835817439229,0.0029013019267320195,0.0028616781944915126,0.0029013019267320195,-0.5039496037851695,-1.8853721686463194,-0.5035846465340478,-1.8841564241518414,0.0003649572511217336,0.0012157444944780327,0.0012693417471272184,0.0028990715734350248,-24.53356109764901,0.008561097649007365,-0.008561097649007365,-0.0003490763567383227,-24.531372063537464,0.006372063537462225,-0.006372063537462225,-0.00025981910448367887
screenshot_like_simple_start,solve_ivp_default,solve_ivp_default,,,0.8961201501877347,-0.05268828413047677,-0.4751077072598166,-0.049787809383219916,-0.4779668705895559,0.0029004747472568537,0.0028591633297392893,0.0029004747472568537,-0.5100981377238978,-1.8878557512254688,-0.5097420896244486,-1.8866927887295266,0.00035604809944922433,0.0011629624959421658,0.0012162450477142493,0.002896667202311201,-24.53423467588498,0.009234675884979282,-0.009234675884979282,-0.00037654132048845184,-24.530809442886678,0.005809442886675953,-0.005809442886675953,-0.00023687840516517644
screenshot_like_simple_start,solve_ivp_default,solve_ivp_default,,,0.9011264080100125,-0.06485119150923369,-0.4682021074629441,-0.06195687356557383,-0.4710520042876644,0.002894317943659852,0.0028498968247203105,0.002894317943659852,-0.5160883541850774,-1.8902789860340854,-0.515741210931274,-1.8891726434139429,0.0003471432538033614,0.0011063426201425308,0.0011595268137499129,0.002888501201830186,-24.534815505201838,0.009815505201835606,-0.009815505201835606,-0.0004002244730615945,-24.5301726715094,0.0051726715093991515,-0.0051726715093991515,-0.0002109142307604139
screenshot_like_simple_start,solve_ivp_default,solve_ivp_default,,,0.9061326658322904,-0.07714173792661311,-0.46100778404544884,-0.07425589149780545,-0.46384574677528967,0.0028858464288076535,0.002837962729840826,0.0028858464288076535,-0.5219161596793082,-1.8926306901204848,-0.5215784764525496,-1.891582861405859,0.0003376832267585339,0.0010478287146258314,0.001100897350722799,0.0028775809797769863,-24.535205866171047,0.01020586617104513,-0.01020586617104513,-0.0004161413321527066,-24.52947833979966,0.004478339799657505,-0.004478339799657505,-0.00018260304993506643
screenshot_like_simple_start,solve_ivp_default,solve_ivp_default,,,0.9111389236545683,-0.08955823935306277,-0.45352705547397304,-0.08667922531968897,-0.4563558379267464,0.002879014033373803,0.0028287824527733485,0.002879014033373803,-0.5275773166174643,-1.8948996977715151,-0.5272505309605532,-1.893910070476196,0.0003267856569111327,0.000989627295319151,0.0010421857076373378,0.0028678426299859894,-24.535299716080708,0.010299716080705679,-0.010299716080705679,-0.0004199680359105271,-24.528751469330896,0.003751469330893542,-0.003751469330893542,-0.00015296511033205062
screenshot_like_simple_start,solve_ivp_default,solve_ivp_default,,,0.9161451814768461,-0.10210289094525439,-0.4457559483672084,-0.09922059066428981,-0.44859099355362364,0.0028823002809645754,0.0028350451864152526,0.0028823002809645754,-0.5330656639156085,-1.8970770302100268,-0.532754237857425,-1.8961407517081996,0.0003114260581834616,0.0009362785018272035,0.0009867135464254465,0.002867708748722969,-24.53521927161022,0.010219271610218073,-0.010219271610218073,-0.0004166879351770875,-24.5280250895296,0.0030250895295971247,-0.0030250895295971247,-0.00012334717755747705
screenshot_like_simple_start,solve_ivp_default,solve_ivp_default,,,0.9211514392991239,-0.11476711333485953,-0.43770679099852977,-0.11187305665796698,-0.4405609054047837,0.002894056676892548,0.002854114406253938,0.002894056676892548,-0.5383788991455052,-1.8991475319714355,-0.5380867213995978,-1.8982613426918318,0.000292177745907396,0.0008861892796037107,0.0009331126804883056,0.0028754936197912945,-24.535123847241554,0.010123847241551687,-0.010123847241551687,-0.0004127970332946661,-24.52733917564803,0.0023391756480286574,-0.0023391756480286574,-9.53792313161532e-05
screenshot_like_simple_start,solve_ivp_default,solve_ivp_default,,,0.9261576971214017,-0.12753872925293439,-0.42939744548314895,-0.12462904592037097,-0.4322762411663628,0.0029096833325634175,0.002878795683213864,0.0029096833325634175,-0.5435162755158661,-1.9010947267834308,-0.5432454109834687,-1.9002583447761492,0.00027086453239744124,0.0008363820072816441,0.000879148711547345,0.002886585105528472,-24.535086748355667,0.01008674835566481,-0.01008674835566481,-0.0004112843366224183,-24.526738898396378,0.0017388983963755322,-0.0017388983963755322,-7.090309465343657e-05
screenshot_like_simple_start,solve_ivp_default,solve_ivp_default,,,0.9311639549436797,-0.14040558527807923,-0.4208457000271018,-0.13748033456444503,-0.42374864446177063,0.0029252507136341976,0.0029029444346688194,0.0029252507136341976,-0.5484772266782493,-1.9029030889389835,-0.5482280871577797,-1.9021184339256696,0.00024913952046956567,0.0007846550133139285,0.0008232581554885967,0.0028970588805837805,-24.535142839678514,0.010142839678511706,-0.010142839678511706,-0.00041357144458763326,-24.526272161758346,0.0012721617583437705,-0.0012721617583437705,-5.187203907619859e-05
screenshot_like_simple_start,solve_ivp_default,solve_ivp_default,,,0.9361702127659575,-0.1533555518364373,-0.41206926892724965,-0.15041805219642396,-0.41499073485169125,0.00293749964001333,0.002921465924441591,0.00293749964001333,-0.5532614003921573,-1.9045580948472554,-0.5530329290038681,-1.903828574665615,0.00022847138828918645,0.0007295201816404084,0.0007644598555107016,0.0029036802140381957,-24.53529246071556,0.010292460715557894,-0.010292460715557894,-0.0004196722004304951,-24.525986440257164,0.0009864402571615472,-0.0009864402571615472,-4.0221824960715476e-05
screenshot_like_simple_start,solve_ivp_default,solve_ivp_default,,,0.9411764705882353,-0.16637652320169638,-0.4030857925712777,-0.16343268191583538,-0.4060161078340817,0.002943841285861004,0.0029303152628040174,0.002943841285861004,-0.5578686896296373,-1.9060462701935479,-0.5576585625037194,-1.9053761365388353,0.00021012712591794713,0.0006701336547125791,0.0007023051503619883,0.0029039041456012937,-24.535506348503496,0.010506348503493967,-0.010506348503493967,-0.0004283934150252382,-24.525924969806,0.000924969805996767,-0.000924969805996767,-3.771538454624942e-05
screenshot_like_simple_start,solve_ivp_default,solve_ivp_default,,,0.9461827284105132,-0.17945641749508823,-0.3939128374376958,-0.17651406031549938,-0.3968393348441731,0.0029423571795888503,0.002926497406477324,0.0029423571795888503,-0.5622992610724984,-1.9073552326554148,-0.5621041094979154,-1.9067490124345956,0.0001951515745829413,0.0006062202208192424,0.0006368572000003866,0.0028958739459019056,-24.53573138074889,0.010731380748886465,-0.010731380748886465,-0.00043756904174868357,-24.52612239574327,0.0011223957432662246,-0.0011223957432662246,-4.5765371794749216e-05
screenshot_like_simple_start,solve_ivp_default,solve_ivp_default,,,0.951188986232791,-0.19258317668538738,-0.38456789609583897,-0.18965137748152744,-0.3874759632544707,0.0029317992038599416,0.002908067158631733,0.0029317992038599416,-0.5665535809696356,-1.9084737301218606,-0.566369236821459,-1.9079357380867457,0.00018434414817658507,0.0005379920351149536,0.0005686986854337543,0.002878417774729747,-24.535896913060125,0.010896913060122415,-0.010896913060122415,-0.000444318575336286,-24.52660003493933,0.0016000349393294755,-0.0016000349393294755,-6.524097611944854e-05
screenshot_like_simple_start,solve_ivp_default,solve_ivp_default,,,0.9561952440550688,-0.2057447665889131,-0.37506838720586627,-0.2028331769933241,-0.37794251637475273,0.0029115895955890148,0.0028741291688864634,0.0029115895955890148,-0.5706324383359158,-1.9093916743643788,-0.5704542051953525,-1.908925611976602,0.00017823314056331085,0.0004660623877768,0.000498980161624962,0.002851043477582915,-24.53592145632109,0.010921456321089096,-0.010921456321089096,-0.00044531931992208336,-24.527360961876234,0.002360961876231471,-0.002360961876231471,-9.626755866387241e-05
screenshot_like_simple_start,solve_ivp_default,solve_ivp_default,,,0.9612015018773468,-0.21892917686952848,-0.36543165551876133,-0.21604735592358626,-0.36825649345207145,0.0028818209459422206,0.0028248379333101203,0.0028818209459422206,-0.5745369654876045,-1.9101001701123825,-0.5743599174459393,-1.9097088148147288,0.00017704804166518429,0.00039135529765377264,0.0004295404265714111,0.0028139314898643353,-24.53571942476902,0.010719424769018104,-0.010719424769018104,-0.0004370815400211255,-24.52838517609252,0.003385176092518094,-0.003385176092518094,-0.0001380296062188825
screenshot_like_simple_start,solve_ivp_default,solve_ivp_default,,,0.9662077596996246,-0.23212442103863945,-0.3556749718763331,-0.22928116483830208,-0.3584363696707532,0.002843256200337374,0.002761397794420084,0.002843256200337374,-0.5782686559223853,-1.910591539491105,-0.5780879656225466,-1.9102765277162472,0.00018069029983869278,0.0003150117748578207,0.00036315479172781273,0.002767925849343933,-24.53520768208191,0.010207682081908587,-0.010207682081908587,-0.00041621537540911666,-24.5296251443227,0.00462514432269856,-0.00462514432269856,-0.0001885889632089117
screenshot_like_simple_start,solve_ivp_default,solve_ivp_default,,,0.9712140175219024,-0.2453185364551967,-0.3458155332112144,-0.24252120779675296,-0.3485015961523977,0.002797328658443732,0.002686062941183287,0.002797328658443732,-0.5818293795645721,-1.9108593417872075,-0.5816406765870084,-1.9106210481269672,0.00018870297756379273,0.0002382936602403074,0.0003039616460216063,0.0027145233508204525,-24.534311621412698,0.009311621412695814,-0.009311621412695814,-0.0003796787528112462,-24.531002028899774,0.006002028899771972,-0.006002028899771972,-0.00024473104586226184
screenshot_like_simple_start,solve_ivp_default,solve_ivp_default,,,0.9762202753441802,-0.2584995843256943,-0.3358704625468628,-0.2557534423515123,-0.3384725999558784,0.0027461419741819926,0.0026021374090156035,0.0027461419741819926,-0.585221395408108,-1.9108983885158823,-0.5850211556561786,-1.9107359025030015,0.00020023975192939858,0.00016248601288082476,0.00025787140716770955,0.0026558609120115317,-24.532970535105118,0.007970535105116028,-0.007970535105116028,-0.0003249963345613059,-24.53240290912699,0.007402909126987822,-0.007402909126987822,-0.0003018515444235605
screenshot_like_simple_start,solve_ivp_default,solve_ivp_default,,,0.9812265331664581,-0.2716556497041706,-0.32585680899756053,-0.2689631795484459,-0.3283707840773423,0.0026924701557247133,0.002513975079781794,0.0026924701557247133,-0.5884473616013235,-1.910704753773032,-0.5882333278905318,-1.910615954695219,0.00021403371079165012,8.879907781289553e-05,0.0002317233384354377,0.0025947012562597682,-24.531142059712977,0.006142059712974657,-0.006142059712974657,-0.00025044076301629587,-24.53367927068018,0.008679270680179485,-0.008679270680179485,-0.0003538948289573694
screenshot_like_simple_start,solve_ivp_default,solve_ivp_default,,,0.986232790988736,-0.2847748414922068,-0.3157915477684148,-0.2821350839267112,-0.31821852745021106,0.0026397575654955596,0.002426979681796282,0.0026397575654955596,-0.5915103430281314,-1.9102757798669179,-0.591281976638149,-1.910257508942308,0.0002283663899824706,1.8270924609931072e-05,0.00022909612558864376,0.002534417055340965,-24.528805520529765,0.003805520529763129,-0.003805520529763129,-0.00015516903281399098,-24.534646978617772,0.009646978617769975,-0.009646978617769975,-0.0003933528488387349
screenshot_like_simple_start,solve_ivp_default,solve_ivp_default,,,0.9912390488110138,-0.29784529243892843,-0.30569158015535686,-0.2952531735187585,-0.3080391849451789,0.002592118920169917,0.0023476047898220442,0.002592118920169917,-0.5944138164503093,-1.9096100782353171,-0.5941727789635514,-1.9096584063328503,0.00024103748675796677,4.832809753319012e-05,0.0002458346497826833,0.0024789737141320822,-24.525964045458892,0.0009640454588897285,-0.0009640454588897285,-3.930868333903072e-05,-24.535087864464195,0.010087864464193075,-0.010087864464193075,-0.00041132984563478387
screenshot_like_simple_start,solve_ivp_default,solve_ivp_default,,,0.9962453066332917,-0.31085515914100537,-0.2955737335451426,-0.3083023715609588,-0.29785432484761404,0.002552787580046567,0.0022805913024714353,0.002552787580046567,-0.5971616732847038,-1.9087075256664945,-0.5969111752793352,-1.9088184534259767,0.00025049800536858235,0.00011092775948218225,0.0002739602498855905,0.0024314324698026524,-24.522645368842987,0.0023546311570150635,0.0023546311570150635,9.600942536248984e-05,-24.53488767351672,0.00988767351671882,-0.00988767351671882,-0.00040316711587028826
screenshot_like_simple_start,solve_ivp_default,solve_ivp_default,,,1.0012515644555695,-0.32379262204265014,-0.2854547614153533,-0.321269812726567,-0.2876816407298848,0.002522809316083119,0.0022268793145314714,0.002522809316083119,-0.5997582200975229,-1.9075692558549713,-0.5995015629561047,-1.9077394520149231,0.00025665714141820395,0.0001701961599518409,0.00030796042132604726,0.0023927228994198857,-24.518901299796962,0.006098700203040153,0.006098700203040153,0.00024867279115352303,-24.53426966795368,0.009269667953677896,-0.009269667953677896,-0.00037796811228044423
screenshot_like_simple_start,solve_ivp_default,solve_ivp_default,,,1.0062578222778473,-0.3366458854356199,-0.2753513433343938,-0.3341417878389186,-0.2775405531105879,0.0025040975967012824,0.0021892097761940787,0.0025040975967012824,-0.6022081769053225,-1.9061976463359813,-0.6019496948049671,-1.9064243285186508,0.000258482100355395,0.00022668218266952422,0.0003437990810690977,0.0023645705515361604,-24.514805884537687,0.010194115462315523,0.010194115462315523,0.00041566220029828834,-24.533414009782472,0.008414009782470089,-0.008414009782470089,-0.00034307889021284763
screenshot_like_simple_start,solve_ivp_default,solve_ivp_default,,,1.0112640801001251,-0.34940317745921545,-0.2652800849614941,-0.3469051544669779,-0.2674496381991855,0.0024980229922375585,0.002169553237691413,0.0024980229922375585,-0.6045166733787639,-1.904596300855387,-0.60426156392243,-1.9048774511643174,0.0002551094563338907,0.00028115030893038906,0.00037963973833441946,0.0023481511058325855,-24.510452346034644,0.01454765396535862,0.01454765396535862,0.0005931765123489753,-24.532463347979323,0.007463347979321355,-0.007463347979321355,-0.00030431592168486666
screenshot_like_simple_start,solve_ivp_default,solve_ivp_default,,,1.016270337922403,-0.36205275010028126,-0.2552575180467087,-0.3595473604133116,-0.2574265854926597,0.0025053896869696723,0.0021690674459509673,0.0025053896869696723,-0.6066892430507043,-1.9027700272445593,-0.6064433546456207,-1.9031045333486587,0.0002458884050835497,0.00033450610409935244,0.000415157128608264,0.002344078770524727,-24.5059489349268,0.019051065073202977,0.019051065073202977,0.0007768018378472161,-24.531525710749804,0.006525710749802016,-0.006525710749802016,-0.000266084026495495
screenshot_like_simple_start,solve_ivp_default,solve_ivp_default,,,1.0212765957446808,-0.3745828791932056,-0.24530010043091682,-0.37205644371408875,-0.2474881977755124,0.002526435479116851,0.0021880973445955743,0.002526435479116851,-0.6087318156346178,-1.9007248108820454,-0.6085014096779565,-1.9011125273279128,0.0002304059566612393,0.0003877164458674365,0.0004510110278707802,0.0023524184489939204,-24.501413871075226,0.023586128924776517,0.023586128924776517,0.000961717795097921,-24.53067717133451,0.005677171334507847,-0.005677171334507847,-0.00023148506970470322
screenshot_like_simple_start,solve_ivp_default,solve_ivp_default,,,1.0262828535669588,-0.38698186441992116,-0.23542421604582162,-0.38442103263908145,-0.23765039111976488,0.002560831780839712,0.002226175073943265,0.002560831780839712,-0.6106507075627122,-1.8984677838356263,-0.6104421958485325,-1.898909515137423,0.00020851171417968217,0.0004417313017965885,0.0004884707544337309,0.0023726990349098864,-24.496969593533723,0.028030406466278635,0.028030406466278635,0.001142931966005245,-24.529965437272004,0.004965437272002049,-0.004965437272002049,-0.00020246431282373286
screenshot_like_simple_start,solve_ivp_default,solve_ivp_default,,,1.0312891113892366,-0.39923802930990265,-0.2256461749139523,-0.3966303456916622,-0.22792819488495958,0.0026076836182404306,0.002282019971007271,0.0026076836182404306,-0.6124526108553608,-1.8960071897893915,-0.6122722688768637,-1.8965045975899009,0.00018034197849714495,0.0004974078005093308,0.0005290914374810793,0.0024039276487718975,-24.492736566531097,0.03226343346890559,0.03226343346890559,0.0013155324554089943,-24.52941408496511,0.004414084965109311,-0.004414084965109311,-0.00017998307706867727
screenshot_like_simple_start,solve_ivp_default,solve_ivp_default,,,1.0362953692115144,-0.41133972124017054,-0.21598221314866142,-0.40867419160880797,-0.2183357517181574,0.002665529631362573,0.0023535385694959665,0.002665529631362573,-0.6141445804346146,-1.8933523448705931,-0.6139982374863662,-1.893907782167018,0.00014634294824844574,0.0005554372964249321,0.0005743925911446675,0.002444604613752621,-24.488826908952745,0.036173091047256634,0.036173091047256634,0.0014749476471868147,-24.52902715281146,0.004027152811456602,-0.004027152811456602,-0.00016420602697070753
screenshot_like_simple_start,solve_ivp_default,solve_ivp_default,,,1.0413016270337923,-0.4232753114352881,-0.2064484929541265,-0.42054296936109714,-0.2088863175539395,0.0027323420741909854,0.002437824599812982,0.0027323420741909854,-0.6157340199945489,-1.8905135945001346,-0.6156267271812795,-1.8911298705811161,0.00010729281326937734,0.0006162760809815815,0.0006255461260125222,0.002492738956621887,-24.485338123785287,0.03966187621471562,0.03966187621471562,0.001617201884392074,-24.528793819377217,0.003793819377214902,-0.003793819377214902,-0.00015469192159897662
screenshot_like_simple_start,solve_ivp_default,solve_ivp_default,,,1.04630788485607,-0.4350331949673628,-0.19706110262534965,-0.43222766815271074,-0.19959226161440696,0.0028055268146520707,0.002531158989057314,0.0028055268146520707,-0.6172286665400639,-1.8875022663984398,-0.6171643439730138,-1.8881823467426821,6.432256705013462e-05,0.0006800803442423842,0.0006831154128379471,0.0025458642103723395,-24.48234720138867,0.04265279861133209,0.04265279861133209,0.0017391559066802073,-24.52869292379041,0.0036929237904068657,-0.0036929237904068657,-0.00015057793233055517
screenshot_like_simple_start,solve_ivp_default,solve_ivp_default,,,1.0513141426783479,-0.4466017907560456,-0.18783605654815766,-0.44371986742143193,-0.1904650664091806,0.0028819233346136786,0.002629009861022935,0.0028819233346136786,-0.6186365737034621,-1.8843306198850636,-0.6186176383134798,-1.8850772658252168,1.8935389982321915e-05,0.0007466459401532788,0.0007468860079966395,0.002601054288928706,-24.479905355997087,0.04509464400291563,0.04509464400291563,0.001838721468008792,-24.52869712835145,0.0036971283514475317,-0.0036971283514475317,-0.00015074937212833972
screenshot_like_simple_start,solve_ivp_default,solve_ivp_default,,,1.0563204005006257,-0.45796954156853154,-0.17878929519920178,-0.4550117368386464,-0.1815153277354011,0.0029578047298851606,0.0027260325361993243,0.0029578047298851606,-0.6199660939447055,-1.8810117916155884,-0.6199930694651505,-1.881827145072645,2.6975520445060575e-05,0.0008153534570565224,0.0008157995701379747,0.0026549392009485584,-24.478033628607434,0.04696637139256765,0.04696637139256765,0.0019150406276276309,-24.528776572733854,0.0037765727338516797,-0.0037765727338516797,-0.0001539886945505272
screenshot_like_simple_start,solve_ivp_default,solve_ivp_default,,,1.0613266583229037,-0.4691249140195595,-0.1699366851459576,-0.46609603630934265,-0.1727527546777286,0.0030288777102168707,0.0028160695317709927,0.0030288777102168707,-0.6212258597367135,-1.8775597379030742,-0.6212969705106655,-1.8784448569459107,7.111077395194343e-05,0.0008851190428365019,0.0008879709804739396,0.0027037203691168132,-24.476719551857094,0.04828044814290777,0.04828044814290777,0.00196862173875261,-24.528901919962074,0.003901919962071787,-0.003901919962071787,-0.00015909969264309018
screenshot_like_simple_start,solve_ivp_default,solve_ivp_default,,,1.0663329161451816,-0.48005639857141125,-0.16129401904672658,-0.47696611597211,-0.1641861696083442,0.0030902825993012195,0.0028921505616176235,0.0030902825993012195,-0.6224247638314174,-1.8739891737734589,-0.622535514178971,-1.8749435251552757,0.00011075034755358981,0.0009543513818168758,0.0009607560561656748,0.002743185323403452,-24.475915024450106,0.04908497554989566,0.04908497554989566,0.0020014261182424325,-24.529046742416877,0.004046742416875304,-0.004046742416875304,-0.00016500478764017547
screenshot_like_simple_start,solve_ivp_default,solve_ivp_default,,,1.0713391739674594,-0.4907525095339135,-0.15287701565063333,-0.4876159161991418,-0.15582350818694765,0.0031365933347716757,0.0029464925363143213,0.0031365933347716757,-0.6235719386955711,-1.87031550890487,-0.6237146796404711,-1.8713364240735824,0.00014274094489996614,0.0010209151687123885,0.0010308456523932085,0.0027687215413445543,-24.47553548534236,0.04946451465764312,0.04946451465764312,0.00201690171896608,-24.529189238405436,0.004189238405434281,-0.004189238405434281,-0.0001708150216283091
screenshot_like_simple_start,solve_ivp_default,solve_ivp_default,,,1.0763454317897372,-0.5012021024036117,-0.14470087351971767,-0.49803996759623304,-0.1476718193607589,0.0031621348073787026,0.0029709458410412393,0.0031621348073787026,-0.6246765718919527,-1.8665546924763583,-0.6248402204005994,-1.8676368819737283,0.00016364850864669656,0.0010821894973700452,0.0010944930071043483,0.0027756075236630706,-24.47545548734429,0.049544512655710804,0.049544512655710804,0.0020201636149117554,-24.529313304516712,0.0043133045167103035,-0.0043133045167103035,-0.00017587378253660767
screenshot_like_simple_start,solve_ivp_default,solve_ivp_default,,,1.081351689612015,-0.5114101818404959,-0.1367578937713222,-0.5082333910027812,-0.13973726536451786,0.003176790837714716,0.0029793715931956677,0.003176790837714716,-0.6257394909669258,-1.862718426230555,-0.625917633399736,-1.8638581884812484,0.00017814243281022435,0.0011397622506934546,0.0011535998935824129,0.002772801925774171,-24.47535882776853,0.04964117223147113,0.04964117223147113,0.002024104882017171,-24.529409015318766,0.00440901531876392,-0.00440901531876392,-0.00017977636366009868
screenshot_like_simple_start,solve_ivp_default,solve_ivp_default,,,1.0863579474342928,-0.5213819971133048,-0.12903958776981833,-0.5181918974917862,-0.1320251217204841,0.003190099621518616,0.0029855339506657808,0.003190099621518616,-0.6267607613732299,-1.8588176028568295,-0.6269521294075451,-1.8600135065805867,0.0001913680343151869,0.001195903723757219,0.0012111182605567638,0.0027687661089814686,-24.47517021584158,0.04982978415842254,0.04982978415842254,0.002031795480465751,-24.529472580072945,0.004472580072942378,-0.004472580072942378,-0.00018236819869285945
screenshot_like_simple_start,solve_ivp_default,solve_ivp_default,,,1.0913642052565709,-0.5311164858634535,-0.12154626769600502,-0.5279117883698505,-0.12453977723843679,0.0032046974936029704,0.0029935095424317715,0.0032046974936029704,-0.6277435493044866,-1.8548644539751595,-0.6279486047816436,-1.8561157894616915,0.00020505547715699013,0.0012513354865320014,0.0012680253343550995,0.002765821283833847,-24.474944579648493,0.05005542035150867,0.05005542035150867,0.002040995732987102,-24.529505856791495,0.004505856791492846,-0.004505856791492846,-0.0001837250475634188
screenshot_like_simple_start,solve_ivp_default,solve_ivp_default,,,1.0963704630788487,-0.5406126936980977,-0.11427809465586611,-0.5373899551771781,-0.11728473401567585,0.003222738520919588,0.003006639359809743,0.003222738520919588,-0.6286909293747983,-1.8508708742144133,-0.6289116146440451,-1.8521777024422807,0.00022068526924678977,0.0013068282278674292,0.0013253309040438368,0.0027658229629115016,-24.474722625249157,0.05027737475084493,0.05027737475084493,0.0020500458614004045,-24.529515508282955,0.004515508282953107,-0.004515508282953107,-0.00018411858442214502
screenshot_like_simple_start,solve_ivp_default,solve_ivp_default,,,1.1013767209011265,-0.5498697741901362,-0.10723507868056853,-0.546623879687576,-0.1102626074370201,0.003245894502560187,0.0030275287564515696,0.003245894502560187,-0.6296058781197753,-1.8468484088421335,-0.629845347514002,-1.8482115501507788,0.000239469394226699,0.0013631413086452326,0.0013840158301501972,0.002770173600860404,-24.47453247021178,0.050467529788221555,0.050467529788221555,0.002057799379743998,-24.52951188411419,0.004511884114187126,-0.004511884114187126,-0.0001839708099566616
screenshot_like_simple_start,solve_ivp_default,solve_ivp_default,,,1.1063829787234043,-0.5588869888782091,-0.10041707872646356,-0.5556116339084538,-0.10347512617480842,0.003275354969755284,0.0030580474483448555,0.003275354969755284,-0.6304912677606227,-1.842808242592414,-0.6307536014226699,-1.844229209105692,0.0002623336620471983,0.0014209665132780547,0.0014449791632064062,0.0027798352037183838,-24.47439136117698,0.05060863882302158,0.05060863882302158,0.0020635530610814096,-24.52950770797716,0.004507707977158049,-0.004507707977158049,-0.00018380052913998158
screenshot_like_simple_start,solve_ivp_default,solve_ivp_default,,,1.1113892365456821,-0.5676637072666981,-0.09382380267508653,-0.5643518800808229,-0.09692313218889967,0.0033118271858751935,0.0030993295138131427,0.0033118271858751935,-0.6313498602314203,-1.8387611896683027,-0.6316397615233244,-1.840242065779289,0.0002899012919040933,0.001480876110986351,0.0015089853594842204,0.0027953417656857438,-24.47430742216102,0.05069257783898351,0.05069257783898351,0.0020669756509269525,-24.529516642985378,0.004516642985375796,-0.004516642985375796,-0.00018416485159534335
screenshot_like_simple_start,solve_ivp_default,solve_ivp_default,,,1.11639549436796,-0.5761994068257269,-0.08745480733315669,-0.5728438706792974,-0.09060658072667244,0.003355536146429472,0.0031517733935157444,0.003355536146429472,-0.6321843014694883,-1.8347176848931763,-0.6325067792006016,-1.8362609601869528,0.0003224777311132687,0.0015432752937765137,0.0015766072812989755,0.002816811401862851,-24.47428138633726,0.050718613662741774,0.050718613662741774,0.002068037254342172,-24.529551798969795,0.004551798969792742,-0.004551798969792742,-0.00018559832700480088
screenshot_like_simple_start,solve_ivp_default,solve_ivp_default,,,1.1214017521902377,-0.584493672991161,-0.08130949843257743,-0.5810874484120938,-0.08452454032302503,0.003406224579067141,0.0032150418904476064,0.003406224579067141,-0.6329971159685418,-1.8306877759837612,-0.6333571526732528,-1.8322961349986127,0.00036003670471096427,0.001608359014851457,0.0016481641754974167,0.00284395805689186,-24.474308270216977,0.05069172978302561,0.05069172978302561,0.002066941071683001,-24.52962423672932,0.004624236729316777,-0.004624236729316777,-0.00018855195634319172
screenshot_like_simple_start,solve_ivp_default,solve_ivp_default,,,1.1264080100125158,-0.5925461991646075,-0.07538713063043585,-0.5890830462210312,-0.07867519280037558,0.003463152943576242,0.0032880621699397233,0.003463152943576242,-0.6337907015942044,-1.826681116915943,-0.6341929090770851,-1.8283571901252396,0.0004022074828807787,0.0016760732092966357,0.0017236566543854422,0.0028761026817258895,-24.474378955337226,0.05062104466277617,0.05062104466277617,0.0020640589057197216,-24.529741515045817,0.004741515045814992,-0.004741515045814992,-0.0001933339468222219
screenshot_like_simple_start,solve_ivp_default,solve_ivp_default,,,1.1314142678347936,-0.6003567867134147,-0.06968680750900386,-0.59683168728153,-0.07305583326866266,0.003525099431884726,0.003369025759658806,0.003525099431884726,-0.6345673246613623,-1.8227069623531909,-0.635015588007945,-1.8244530426915357,0.00044826334658265576,0.0017460803383448908,0.0018027025755359897,0.0029121837837713382,-24.474481648626476,0.050518351373526116,0.050518351373526116,0.00205987161563817,-24.529906317544377,0.004906317544374872,-0.004906317544374872,-0.00020005372250254318
screenshot_like_simple_start,solve_ivp_default,solve_ivp_default,,,1.1364205256570714,-0.6079253449706737,-0.06420748157573657,-0.6043349850026138,-0.06766287012534392,0.0035903599680598974,0.0034553885496073494,0.0035903599680598974,-0.6353291152727955,-1.8187741631063197,-0.6358262264986233,-1.8205918922656126,0.0004971112258278509,0.0018177291592929024,0.001884478407249006,0.002950767269260357,-24.4746031984504,0.0503968015496028,0.0503968015496028,0.0020549154556412964,-24.53011518845186,0.005115188451856767,-0.005115188451856767,-0.00020857037520313014
screenshot_like_simple_start,solve_ivp_default,solve_ivp_default,,,1.1414267834793492,-0.6152518912352167,-0.05894795426327347,-0.6115951430269089,-0.06249182505539705,0.0036567482083078584,0.0035438707921235796,0.0036567482083078584,-0.6360780629185173,-1.8148911625924011,-0.6366253453982748,-1.8167811911776006,0.0005472824797574383,0.001890028585199488,0.0019676702380024527,0.0029900555107839066,-24.47473024885097,0.050269751149031094,0.050269751149031094,0.002049735011173541,-24.530357399140637,0.005357399140635266,-0.005357399140635266,-0.000218446448140072
screenshot_like_simple_start,solve_ivp_default,solve_ivp_default,,,1.146433041301627,-0.6223365507716181,-0.053906875929437936,-0.6186149552306432,-0.05753733303131964,0.0037215955409748425,0.003630457101881701,0.0037215955409748425,-0.6368160123352781,-1.8110659942599072,-0.6374129371181617,-1.81302761972166,0.0005969247828836455,0.001961625461752714,0.0020504374286032813,0.003027895587323526,-24.47485021961013,0.050149780389872944,0.050149780389872944,0.002044843237099814,-24.530613961097718,0.005613961097715503,-0.005613961097715503,-0.00022890769001898074
screenshot_like_simple_start,solve_ivp_default,solve_ivp_default,,,1.1514392991239049,-0.6291795568101934,-0.0490827458572375,-0.6253978057236473,-0.05279314231312909,0.0037817510865461035,0.003710396455891593,0.0037817510865461035,-0.6375446596257469,-1.8073062799466153,-0.6381884547031261,-1.8093370659996524,0.0006437950773792167,0.0020307860530370814,0.002130390596784458,0.0030617866587377973,-24.474952104439655,0.050047895560346944,0.050047895560346944,0.0020406889117368784,-24.53085679562151,0.005856795621507871,-0.005856795621507871,-0.0002388091996537358
screenshot_like_simple_start,solve_ivp_default,solve_ivp_default,,,1.1564455569461827,-0.6357812505470009,-0.04447391225486361,-0.6319476688493542,-0.04825211444836264,0.003833581697646693,0.0037782021934990306,0.003833581697646693,-0.6382655486369627,-1.8036192291363986,-0.6389508021839843,-1.8057146101297024,0.000685253547021536,0.0020953809933037526,0.002204584752465692,0.0030888864514010406,-24.47502708378226,0.0499729162177438,0.0499729162177438,0.002037631650060909,-24.531048066057288,0.006048066057285695,-0.006048066057285695,-0.0002466081980544626
screenshot_like_simple_start,solve_ivp_default,solve_ivp_default,,,1.1614518147684607,-0.6421420811438395,-0.0400785722556916,-0.6382691091847994,-0.04390622427207708,0.003872971959040128,0.003827652016385477,0.003872971959040128,-0.638980067597741,-1.8000116390807732,-0.6396983261619004,-1.8021645125088324,0.000718258564159413,0.0021528734280591433,0.0022695284449046832,0.003106016846435633,-24.47506895237873,0.04993104762127132,0.04993104762127132,0.002035924469776608,-24.53113967464601,0.00613967464600762,-0.00613967464600762,-0.0002503435125793117
screenshot_like_simple_start,solve_ivp_default,solve_ivp_default,,,1.1664580725907385,-0.6482626057282503,-0.03589477191828139,-0.6443613510948959,-0.039755601008484215,0.003901254633354445,0.0038608290902028275,0.003901254633354445,-0.639689446014834,-1.7964898957509368,-0.6404331012477544,-1.798693408848267,0.0007436552329204149,0.0022035130973301342,0.0023256167086507093,0.003114409859947931,-24.47507436490026,0.04992563509974346,0.04992563509974346,0.0020357037757285814,-24.53114502084907,0.006145020849068317,-0.006145020849068317,-0.00025056150251043084
screenshot_like_simple_start,solve_ivp_default,solve_ivp_default,,,1.1714643304130163,-0.6541434893935164,-0.03192040622637639,-0.6502171313021345,-0.035810124927695794,0.003926358091381865,0.0038897187013194057,0.003926358091381865,-0.6403947518277567,-1.7930599755860213,-0.6411617179900675,-1.7953112608642665,0.000766966162310756,0.002251285278245252,0.002378344486859187,0.0031205198274182333,-24.475042905560993,0.04995709443900864,0.04995709443900864,0.002036986521468242,-24.531154743416103,0.006154743416100672,-0.006154743416100672,-0.00025095793745568486
screenshot_like_simple_start,solve_ivp_default,solve_ivp_default,,,1.1764705882352942,-0.6597855051986625,-0.028153219088904086,-0.6558370552997803,-0.032067600815296526,0.003948449898882211,0.003914381726392441,0.003948449898882211,-0.6410968888223079,-1.7897274480033651,-0.6418849598956234,-1.79202362890757,0.0007880710733155771,0.002296180904204803,0.002427653756496497,0.0031245338279661805,-24.474976989721892,0.05002301027811029,0.05002301027811029,0.0020396742213296755,-24.531165497626006,0.006165497626003713,-0.006165497626003713,-0.0002513964373497946
screenshot_like_simple_start,solve_ivp_default,solve_ivp_default,,,1.181476846057572,-0.665189534168455,-0.024590803339976153,-0.6612218500944508,-0.028525688937870136,0.003967684074004274,0.003934885597893983,0.003967684074004274,-0.6417965943029315,-1.7864974786367789,-0.6426034666149402,-1.7888356752270655,0.0008068723120087107,0.0023381965902866675,0.002473500803055152,0.0031266231128350697,-24.47488160708878,0.050118392911223,0.050118392911223,0.002043563421456595,-24.531174154468985,0.006174154468983062,-0.006174154468983062,-0.00025174941769553767
screenshot_like_simple_start,solve_ivp_default,solve_ivp_default,,,1.1864831038798498,-0.6703565652934023,-0.021230600738888175,-0.6663722166769145,-0.025182130902374384,0.003984348616487776,0.003951530163486209,0.003984348616487776,-0.6424944370241686,-1.7833748332690178,-0.6433178412591565,-1.7857522525847713,0.0008234042349878345,0.002377419315753526,0.002515972403885596,0.003127059386576869,-24.47476391721884,0.05023608278116143,0.05023608278116143,0.002048362192911781,-24.531179153145743,0.006179153145740912,-0.006179153145740912,-0.00025195323733907896
screenshot_like_simple_start,solve_ivp_default,solve_ivp_default,,,1.1914893617021276,-0.6752876955297541,-0.018069901970119817,-0.6712888300220909,-0.02203474965614102,0.003998865507663152,0.003964847686021202,0.003998865507663152,-0.6431908153815372,-1.780363882424981,-0.6440286505073844,-1.7827779144488871,0.0008378351258472305,0.0024140320239061097,0.0025552922162734486,0.0031262128661855293,-24.47463270870904,0.050367291290960736,0.050367291290960736,0.0020537121831176648,-24.531180121685903,0.0061801216859009855,-0.0061801216859009855,-0.0002519927292925988
screenshot_like_simple_start,solve_ivp_default,solve_ivp_default,,,1.1964956195244056,-0.6799841297995024,-0.015105846643334586,-0.675972339089051,-0.019081449486875714,0.004011790710451435,0.0039756028435411275,0.004011790710451435,-0.6438859558622538,-1.7774686065924936,-0.6447364246678383,-1.7799169247498678,0.0008504688055844811,0.0024483181573742296,0.0025918254163814036,0.003124550613041177,-24.474497733680458,0.05050226631954402,0.05050226631954402,0.0020592157520711116,-24.53117755257498,0.006177552574978762,-0.006177552574978762,-0.0002518879745149342
screenshot_like_simple_start,solve_ivp_default,solve_ivp_default,,,1.2015018773466835,-0.6844471809903804,-0.012335423293380415,-0.680423366821016,-0.01632021602265851,0.00402381416936437,0.003984792729278094,0.00402381416936437,-0.6445799117562536,-1.7746926020379166,-0.6454416576986292,-1.7771732671997453,0.0008617459423755358,0.0024806651618287656,0.0026260818179012694,0.0031226351458938373,-24.474368929031357,0.050631070968645275,0.050631070968645275,0.002064467725530898,-24.531172528210966,0.0061725282109641455,-0.0061725282109641455,-0.0002516831074806991
screenshot_like_simple_start,solve_ivp_default,solve_ivp_default,,,1.2065081351689613,-0.6886782699558633,-0.009755469380288956,-0.6846425101453587,-0.013749116231943099,0.0040357598105046355,0.003993646851654143,0.0040357598105046355,-0.6452725621279819,-1.7720390871842158,-0.646144807193566,-1.7745506541754434,0.0008722450655841429,0.002511566991227676,0.0026587177747666875,0.0031211233414121242,-24.474255535447284,0.05074446455271797,0.05074446455271797,0.0020690913171342697,-24.531166491191193,0.00616649119119117,-0.00616649119119117,-0.0002514369496917908
screenshot_like_simple_start,solve_ivp_default,solve_ivp_default,,,1.211514392991239,-0.6926789255151684,-0.007362671289275868,-0.6886303399736028,-0.011366298423557311,0.004048585541565619,0.004003627134281443,0.004048585541565619,-0.6459636110494177,-1.769510909519543,-0.6468462943377994,-1.7720525351673042,0.0008826832883817026,0.002541625647761281,0.0026905372550749575,0.003120765627181332,-24.474165124368778,0.05083487563122446,0.05083487563122446,0.0020727778035157783,-24.53116105467757,0.0061610546775661135,-0.0061610546775661135,-0.0002512152773727263
screenshot_like_simple_start,solve_ivp_default,solve_ivp_default,,,1.216520650813517,-0.6964507844532543,-0.005153564330740934,-0.6923874012014231,-0.009169992246702986,0.0040633832518311985,0.004016427915962052,0.0040633832518311985,-0.6466525870947283,-1.7671105530047762,-0.6475465038376598,-1.7696821047944105,0.0008939167429314887,0.0025715517896343076,0.002722492561985184,0.0031224054704438453,-24.47410254206773,0.050897457932272516,0.050897457932272516,0.002075329579297554,-24.53115784837951,0.006157848379508835,-0.006157848379508835,-0.0002510845414682501
screenshot_like_simple_start,solve_ivp_default,solve_ivp_default,,,1.2215269086357947,-0.6999955915208215,-0.00312453274026786,-0.6959142127086452,-0.007158508690956002,0.004081378812176295,0.0040339759506881415,0.004081378812176295,-0.6473388430968621,-1.7648401459488656,-0.6482457838286052,-1.7674423103886336,0.0009069407317431333,0.0026021644397680177,0.0027556852618700798,0.003126979164350119,-24.474068778710716,0.050931221289285844,0.050931221289285844,0.0020767062707150188,-24.53115839601093,0.006158396010928158,-0.006158396010928158,-0.00025110687098585757
screenshot_like_simple_start,solve_ivp_default,solve_ivp_default,,,1.2265331664580725,-0.7033151962862244,-0.0012718143621074927,-0.6992112673592458,-0.005330240086266223,0.004103928926978639,0.00405842572415873,0.004103928926978639,-0.6480215584486595,-1.7627014713512694,-0.6489444457647836,-1.7653358591495902,0.0009228873161241102,0.002634387798320814,0.0027913652699359053,0.00313551351094965,-24.474059759080312,0.05094024091969018,0.05094024091969018,0.002077074043616317,-24.531164020406653,0.00616402040665065,-0.00616402040665065,-0.0002513362041447767
screenshot_like_simple_start,solve_ivp_default,solve_ivp_default,,,1.2315394242803506,-0.7064081407663796,0.000403399495329944,-0.702279032001353,-0.003683660102957488,0.00412910876502659,0.004087059598287432,0.00412910876502659,-0.6487022434907692,-1.7606981927601166,-0.6496427642933298,-1.7633652248729161,0.0009405208025605738,0.0026670321127995056,0.0028280098427609797,0.003146530453978391,-24.47405842471264,0.05094157528736076,0.05094157528736076,0.002077128452084027,-24.53117577281516,0.0061757728151583535,-0.0061757728151583535,-0.0002518154053071704
screenshot_like_simple_start,solve_ivp_default,solve_ivp_default,,,1.2365456821026284,-0.7092723572385864,0.001898899705165315,-0.7051179474672452,-0.0022173237517278677,0.004154409771341183,0.004116223456893183,0.004154409771341183,-0.6493828834154045,-1.7588341744016365,-0.6503409771161658,-1.7615326542544336,0.0009580937007612755,0.002698479852797142,0.0028635183001668634,0.0031581267980296257,-24.474055466420364,0.05094453357963857,0.05094453357963857,0.002077249075622368,-24.531194383210813,0.006194383210811338,-0.006194383210811338,-0.00025257423897293935
screenshot_like_simple_start,solve_ivp_default,solve_ivp_default,,,1.2415519399249062,-0.7119082669427476,0.003216112133766445,-0.7077284285733525,-0.0009298673836492105,0.004179838369395061,0.004145979517415656,0.004179838369395061,-0.6500636336319562,-1.7571114514434376,-0.6510392848417517,-1.7598401727729083,0.0009756512097954806,0.0027287213294706625,0.002897898441471599,0.0031703226293773312,-24.47405189753959,0.05094810246041348,0.05094810246041348,0.0020773945957355136,-24.531220228785543,0.006220228785540627,-0.006220228785540627,-0.0002536280850373344
screenshot_like_simple_start,solve_ivp_default,solve_ivp_default,,,1.246558197747184,-0.7143162476859489,0.004356347278612103,-0.7101108641202555,0.0001799913098325459,0.0042053835656934435,0.004176355968779557,0.0042053835656934435,-0.650744633230483,-1.7555318557270803,-0.6517378508289242,-1.758289590154186,0.0009932175984411762,0.002757734427105696,0.002931139772903578,0.0031831245923699125,-24.474048432912184,0.050951567087818006,0.050951567087818006,0.0020775358649467077,-24.531253318083913,0.006253318083910386,-0.006253318083910386,-0.00025497729190256417
screenshot_like_simple_start,solve_ivp_default,solve_ivp_default,,,1.2515644555694618,-0.7164966338424592,0.005320800268292083,-0.7122656168926862,0.0011134532968974237,0.004231016949773014,0.004207346971394659,0.004231016949773014,-0.6514260049492525,-1.7540970212686022,-0.6524368010246911,-1.7568825054195423,0.0010107960754386358,0.002785484150940043,0.0029632128950280168,0.0031965260199430245,-24.474045542320017,0.05095445767998541,0.05095445767998541,0.0020776537280320245,-24.53129328853455,0.006293288534546804,-0.006293288534546804,-0.0002566070758224996
screenshot_like_simple_start,solve_ivp_default,solve_ivp_default,,,1.2565707133917396,-0.7184497163537301,0.0061105508625072,-0.7141930236595275,0.0018716382053514669,0.004256692694202591,0.0042389126571557335,0.004256692694202591,-0.6521078550998977,-1.7528083892101396,-0.6531362237975851,-1.755620311521103,0.0010283686976874096,0.0028119223109634994,0.002994069014114004,0.00321050702546799,-24.474043495269658,0.050956504730343966,0.050956504730343966,0.002077737195936553,-24.53133941540501,0.006339415405008708,-0.006339415405008708,-0.00025848788603501354
screenshot_like_simple_start,solve_ivp_default,solve_ivp_default,,,1.2615769712140175,-0.7201757427283967,0.006726563452069293,-0.7158933951738133,0.0024555843226266375,0.004282347554583343,0.004270979129442656,0.004282347554583343,-0.6527902734517079,-1.751667212227591,-0.6538361697679492,-1.7545041995671773,0.0010458963162413015,0.002836987339586372,0.0030236395733123493,0.003225034555384143,-24.47404239893069,0.050957601069313796,0.050957601069313796,0.002077781898850715,-24.5313906304651,0.006390630465098468,-0.006390630465098468,-0.0002605761657532505
screenshot_like_simple_start,solve_ivp_default,solve_ivp_default,,,1.2665832290362955,-0.7216749170422768,0.007169687058901239,-0.7173670161727286,0.002866248595780968,0.004307900869548242,0.004303438463120271,0.004307900869548242,-0.653473333076249,-1.7506745583988468,-0.6545366516363063,-1.7535351626403124,0.0010633185600572581,0.002860604241465614,0.003051836002548843,0.003240062402181443,-24.474042230758428,0.050957769241573914,0.050957769241573914,0.0020777887560274786,-24.53144554888728,0.0064455488872781075,-0.0064455488872781075,-0.00026281544902255277
screenshot_like_simple_start,solve_ivp_default,solve_ivp_default,,,1.2715894868585733,-0.7229473999383712,0.00744065533603689,-0.7186141453776091,0.0031045066314983674,0.0043332545607620565,0.004336148704538523,0.004336148704538523,-0.6541570901532037,-1.749831314536665,-0.6552376440107612,-1.7527139992108205,0.0010805538575575646,0.0028826846741554224,0.0030785495886363574,0.0032555311774179474,-24.47404286707832,0.050957132921681136,0.050957132921681136,0.0020777628102622275,-24.53150250314151,0.006502503141508242,-0.006502503141508242,-0.000265137742773017
screenshot_like_simple_start,solve_ivp_default,solve_ivp_default,,,1.2765957446808511,-0.7239933086268642,0.007540086567621179,-0.719635015493942,0.003171152696088836,0.004358293132922131,0.004368933871532343,0.004368933871532343,-0.6548415837380518,-1.7491381889897875,-0.6559390832342025,-1.752041316148449,0.0010974994961506779,0.002903127158661478,0.003103651469383903,0.0032713682445733028,-24.474044108672494,0.050955891327507885,0.050955891327507885,0.002077712184607865,-24.531559582858158,0.006559582858155721,-0.006559582858155721,-0.000267465152218378
screenshot_like_simple_start,solve_ivp_default,solve_ivp_default,,,1.281602002503129,-0.7248127168851225,0.007468483668910033,-0.7204298332113653,0.0030668997154882707,0.004382883673757165,0.004401583953421762,0.004401583953421762,-0.6555268354919321,-1.7485957139154085,-0.6566408672118927,-1.7515175313347675,0.0011140317199606065,0.0029218174193590407,0.0031269927574505687,0.0032874876116417706,-24.474045704186214,0.05095429581378852,0.05095429581378852,0.002077647127983222,-24.53161467983649,0.006614679836488335,-0.006614679836488335,-0.0002697117160647639
screenshot_like_simple_start,solve_ivp_default,solve_ivp_default,,,1.2866082603254068,-0.7254056550576963,0.007226234186270417,-0.720998779203668,0.002792379275258619,0.004406875854028325,0.004433854911011798,0.004433854911011798,-0.656212849373796,-1.7482042470256023,-0.6573428552398839,-1.7511428758787408,0.001130005866087913,0.0029386288531385585,0.0031484048014655823,0.0033037897834905516,-24.474047371961035,0.05095262803896716,0.05095262803896716,0.002077579124932402,-24.53166553757039,0.006665537570388125,-0.006665537570388125,-0.0002717854259077727
screenshot_like_simple_start,solve_ivp_default,solve_ivp_default,,,1.2916145181476846,-0.7257721100563187,0.006813610297180299,-0.72134200812879,0.0023481416205877598,0.004430101927528685,0.004465468676592539,0.004465468676592539,-0.6568996112947142,-1.7479639728097918,-0.6580448678345378,-1.7509173959378301,0.0011452565398235581,0.0029534231280383683,0.003167699593591629,0.0033201615741088597,-24.474048820700137,0.050951179299865146,0.050951179299865146,0.0020775200530016367,-24.53170980484731,0.006709804847307765,-0.006709804847307765,-0.00027359041171489356
screenshot_like_simple_start,solve_ivp_default,solve_ivp_default,,,1.2966207759699624,-0.725912025359906,0.006230768810228697,-0.7214596486288225,0.0017346556562896215,0.004452376731083452,0.004496113153939075,0.004496113153939075,-0.6575870887339823,-1.747874903234822,-0.6587466865632975,-1.750840954146836,0.0011595978293151843,0.002966050912013962,0.003184670334337817,0.0033364758789911075,-24.474049769177086,0.05095023082291661,0.05095023082291661,0.0020774813791199433,-24.53174509315406,0.006745093154059134,-0.006745093154059134,-0.0002750292825304438
screenshot_like_simple_start,solve_ivp_default,solve_ivp_default,,,1.3016270337922404,-0.7258253010145571,0.0054777511651155795,-0.7213518033300075,0.0009523089468039606,0.004473497684549632,0.004525442218311619,0.004525442218311619,-0.6582752303164452,-1.7479368779236661,-0.6594480538767247,-1.750913230656555,0.001172823560279479,0.002976352732888765,0.003199092167181348,0.0033525914080010377,-24.474049965010437,0.050950034989565296,0.050950034989565296,0.0020774733940699406,-24.531769037793936,0.006769037793933563,-0.006769037793933563,-0.00027600561850901377
screenshot_like_simple_start,solve_ivp_default,solve_ivp_default,,,1.3066332916145182,-0.7255117936335544,0.004554483432652089,-0.7210185488427383,1.4077161967843144e-06,0.004493244790816142,0.004553075716455305,0.004553075716455305,-0.6589639653502557,-1.7481495638132574,-0.6601486729416903,-1.751133723784185,0.0011847075914346306,0.0029841599709277133,0.0032107230975732142,0.0033683523791862013,-24.474049202340804,0.05095079765919763,0.05095079765919763,0.002077504491710403,-24.531779362785905,0.006779362785902521,-0.006779362785902521,-0.0002764266171621823
screenshot_like_simple_start,solve_ivp_default,solve_ivp_default,,,1.311639549436796,-0.7249713163973632,0.0034607763147602574,-0.720459630253171,-0.0011182332320990637,0.004511686144192284,0.004579009546859321,0.004579009546859321,-0.6596532033240682,-1.7485124542914072,-0.6608483879651857,-1.751501951371909,0.0011951846411175637,0.0029894970805017795,0.003219558839451763,0.0033838177644270884,-24.474047338062075,0.050952661937927246,0.050952661937927246,0.0020775805071529966,-24.53177637362439,0.006776373624386878,-0.006776373624386878,-0.0002763047349393222
screenshot_like_simple_start,solve_ivp_default,solve_ivp_default,,,1.3166458072590739,-0.7242036390536318,0.0021963251444731715,-0.7196742315850923,-0.002407741847715976,0.004529407468539581,0.004604066992189147,0.004604066992189147,-0.6603428333624627,-1.7490248678122406,-0.6615474619478338,-1.752017597334782,0.0012046285853710703,0.002992729522541371,0.0032260750183130908,0.003399434314662275,-24.474044306073058,0.050955693926944434,0.050955693926944434,0.0020777041356552263,-24.531764935637824,0.006764935637821878,-0.006764935637821878,-0.00027583835424350165
screenshot_like_simple_start,solve_ivp_default,solve_ivp_default,,,1.3216520650813517,-0.7232084879171915,0.0007607098859349587,-0.7186618745618478,-0.0038679475450299635,0.004546613355343676,0.004628657430964922,0.004628657430964922,-0.6610327236381822,-1.7496859459890486,-0.662246009460971,-1.7526799146969583,0.00121328582278879,0.002993968707909689,0.0032304660827383222,0.003415361890076518,-24.474040128827202,0.05095987117280032,0.05095987117280032,0.0020778744616840087,-24.53174741092019,0.006747410920187491,-0.006747410920187491,-0.00027512378879459697
screenshot_like_simple_start,solve_ivp_default,solve_ivp_default,,,1.3266583229036295,-0.7219855458700567,-0.0008466048655992331,-0.7174220751197696,-0.005499727438211462,0.004563470750287069,0.004653122572612229,0.004653122572612229,-0.6617227207395563,-1.7504946511629504,-0.6629440841030468,-1.7534879498117726,0.0012213633634905463,0.0029932986488221403,0.003232888069005389,0.003431731585251896,-24.474034925264828,0.0509650747351742,0.0509650747351742,0.002078086635481109,-24.5317262409846,0.006726240984598064,-0.006726240984598064,-0.00027426059060542564
screenshot_like_simple_start,solve_ivp_default,solve_ivp_default,,,1.3316645807259073,-0.720534452361425,-0.0026262698837632406,-0.7159543320490698,-0.007304020247249929,0.004580120312355218,0.004677750363486688,0.004677750363486688,-0.6624126489912607,-1.7514497634452417,-0.663641683020313,-1.7544405465061135,0.0012290340290522783,0.002990783060871749,0.0032334668641824465,0.0034486544102871886,-24.4740289140124,0.05097108598760158,0.05097108598760158,0.002078331742613724,-24.53170390393534,0.0067039039353389285,-0.0067039039353389285,-0.00027334980368354445
screenshot_like_simple_start,solve_ivp_default,solve_ivp_default,,,1.3366708385481854,-0.7188548034076765,-0.004579051311079963,-0.7142581269938398,-0.009281826297953922,0.004596676413836653,0.004702774986873959,0.004702774986873959,-0.6631023097263335,-1.7525498772308326,-0.6643387460612594,-1.7555363423978765,0.0012364363349258722,0.002986465167043928,0.003232297790162849,0.003466221379429757,-24.474022410525027,0.050977589474975105,0.050977589474975105,0.0020785969204882813,-24.53168279080767,0.006682790807666095,-0.006682790807666095,-0.00027248892182124747
screenshot_like_simple_start,solve_ivp_default,solve_ivp_default,,,1.3416770963704632,-0.7169461515923751,-0.006705830658961023,-0.7123329244520518,-0.011434207521950754,0.004613227140323306,0.00472837686298973,0.00472837686298973,-0.663791480507136,-1.7537933971796864,-0.6650351549370734,-1.756773764883039,0.001243674429937447,0.0029803677033526377,0.0032294454221843895,0.003484503539236461,-24.474015816629638,0.05098418337036392,0.05098418337036392,0.0020788657847243186,-24.53166509170474,0.00666509170473617,-0.00666509170473617,-0.000271767245860802
screenshot_like_simple_start,solve_ivp_default,solve_ivp_default,,,1.346683354192741,-0.7148080060662673,-0.00900760480770724,-0.7101781717755572,-0.013762287456687013,0.0046298342907100665,0.004754682648979772,0.004754682648979772,-0.6644799142926855,-1.7551785336627495,-0.6657307323864762,-1.7581510267902647,0.0012508180937906843,0.002972493127515241,0.0032249436114263302,0.0035035519362479617,-24.47400960069526,0.05099039930474092,0.05099039930474092,0.0020791192377060514,-24.531652692847153,0.006652692847151087,-0.006652692847151087,-0.00027126168591849487
screenshot_like_simple_start,solve_ivp_default,solve_ivp_default,,,1.3516896120150188,-0.7124398325472825,-0.011485486006508392,-0.7077932991700876,-0.01626725124542822,0.004646533377194895,0.004781765238919827,0.004781765238919827,-0.6651673385495293,-1.7567032976684076,-0.6664252413431807,-1.7596661217011074,0.0012579027936514553,0.0029628240326997624,0.0032187956889214663,0.0035233975243418314,-24.474004266412027,0.05099573358797471,0.05099573358797471,0.00207933674160957,-24.531647085871334,0.006647085871332337,-0.006647085871332337,-0.0002710330630512675
screenshot_like_simple_start,solve_ivp_default,solve_ivp_default,,,1.3566958698372966,-0.7098410533205336,-0.014140701873443164,-0.7051777196952543,-0.018950345637258902,0.0046633336252792645,0.004809643763815739,0.004809643763815739,-0.6658534543030367,-1.7583654951651377,-0.6671183841041,-1.7613168189340387,0.001264929801063297,0.0029513237689009486,0.003210974834921279,0.0035440510121103053,-24.474000307899686,0.05099969210031574,0.05099969210031574,0.002079498148840601,-24.5316492909509,0.006649290950896614,-0.006649290950896614,-0.00027112297455235933
screenshot_like_simple_start,solve_ivp_default,solve_ivp_default,,,1.3617021276595744,-0.7070110472383161,-0.016974595395479266,-0.7023308292645489,-0.021812878987082618,0.0046802179737671645,0.004838283591603352,0.004838283591603352,-0.6665379351256885,-1.7601627209156465,-0.6678098014963036,-1.7631006581907238,0.00127186637061516,0.002937937275077296,0.0032014246042957792,0.003565502650799579,-24.473998148587956,0.05100185141204605,0.05100185141204605,0.0020795861941710924,-24.53165979557023,0.006659795570229221,-0.006659795570229221,-0.0002715512974609264
screenshot_like_simple_start,solve_ivp_default,solve_ivp_default,,,1.3667083854818523,-0.7039491497201088,-0.019988624928473357,-0.6992520066453425,-0.02485622125562194,0.004697143074766319,0.004867596327148584,0.004867596327148584,-0.6672204260586111,-1.7620923517374663,-0.668499072040582,-1.765014943863195,0.0012786459819709162,0.0029225921257287624,0.0031900596045500674,0.0035877219635476187,-24.47399806101347,0.051001938986530604,0.051001938986530604,0.002079589764996151,-24.531678511052824,0.006678511052822245,-0.006678511052822245,-0.0002723144160172169
screenshot_like_simple_start,solve_ivp_default,solve_ivp_default,,,1.3717146433041303,-0.7006546527525733,-0.023184364197171247,-0.695940613458886,-0.028081804009418593,0.0047140392936873,0.004897439812247346,0.004897439812247346,-0.6679005424622577,-1.7641515392047087,-0.6691857111093302,-1.767056739000831,0.0012851686470725099,0.0029051997961222487,0.0031767663286441043,0.003610657416857843,-24.474000064358908,0.050999935641094396,0.050999935641094396,0.00207950807914758,-24.531704749237296,0.0067047492372935835,-0.0067047492372935835,-0.00027338427063378524
screenshot_like_simple_start,solve_ivp_default,solve_ivp_default,,,1.376720901126408,-0.6971268048895548,-0.02656350229520724,-0.6923959941803108,-0.03149112042083289,0.004730810709243971,0.004927618125625647,0.004927618125625647,-0.6685778687917531,-1.766337201785427,-0.6698691700763005,-1.769222858936348,0.0012913012845474636,0.0028856571509208173,0.003161404150078629,0.003634236035464089,-24.4740037962182,0.05099620378180347,0.05099620378180347,0.00207935591363113,-24.53173722200166,0.006737222001657273,-0.006737222001657273,-0.0002747083384977481
screenshot_like_simple_start,solve_ivp_default,solve_ivp_default,,,1.381727158948686,-0.6933648112520808,-0.030127843685105113,-0.6886174761386279,-0.03508572526804459,0.004747335113452933,0.004957881582939479,0.004957881582939479,-0.6692519572920211,-1.7686460164088702,-0.6705488354556001,-1.7715098645703375,0.0012968781635789295,0.0028638481614673417,0.0031438064926308253,0.0036583629619663105,-24.474008354705393,0.050991645294608645,0.050991645294608645,0.0020791700425936244,-24.531774066658215,0.006774066658213229,-0.006774066658213229,-0.0002762106690402947
screenshot_like_simple_start,solve_ivp_default,solve_ivp_default,,,1.3867334167709637,-0.6893678335283625,-0.03387930819827745,-0.6846043695167278,-0.038867234935052335,0.004763464011634744,0.004987926736774888,0.004987926736774888,-0.6699223266073685,-1.771074409456781,-0.6712240280271202,-1.7739140553142718,0.0013017014197517218,0.002839645857490858,0.0031237821918547134,0.003682920962855274,-24.47401210663203,0.05098789336797083,0.05098789336797083,0.002079017058836731,-24.53181290057549,0.006812900575486225,-0.006812900575486225,-0.00027779411113093675
screenshot_like_simple_start,solve_ivp_default,solve_ivp_default,,,1.3917396745932415,-0.6851357550065457,-0.037818772026674975,-0.6803559673513815,-0.04283732741167375,0.0047797876551641805,0.005018555384998777,0.005018555384998777,-0.6705878945105493,-1.7736181068995642,-0.6718940019453866,-1.7764314616923098,0.001306107434837278,0.0028133547927455815,0.0031017546358797867,0.003708362273196153,-24.474017991977025,0.050982008022977254,0.050982008022977254,0.0020787770855444344,-24.53185090872369,0.00685090872368832,-0.00685090872368832,-0.0002793438827191975
screenshot_like_simple_start,solve_ivp_default,solve_ivp_default,,,1.3967459324155194,-0.6806737381329263,-0.04193913943635843,-0.6758715455332396,-0.04699774229354552,0.004802192599686728,0.0050586028571870945,0.0050586028571870945,-0.6712436077775649,-1.776269583654124,-0.6725579438285996,-1.7790578376027257,0.0013143360510347035,0.0027882539486017155,0.003082505366895986,0.003739260694534119,-24.47407321427876,0.05092678572124143,0.05092678572124143,0.002076525411671414,-24.531884968180663,0.006884968180660422,-0.006884968180660422,-0.00028073264752947693
screenshot_like_simple_start,solve_ivp_default,solve_ivp_default,,,1.4017521902377972,-0.6759800751119793,-0.04624371424137787,-0.6711503628068325,-0.05135028078212334,0.004829712305146838,0.005106566540745476,0.005106566540745476,-0.6718894020548211,-1.7790250799488012,-0.6732149718244027,-1.7817886522402941,0.001325569769581647,0.002763572291492933,0.0030650394816928933,0.003774912692856347,-24.474183369825514,0.0508166301744879,0.0508166301744879,0.0020720338501320243,-24.53191181396428,0.006911813964276092,-0.006911813964276092,-0.00028182727683082943
screenshot_like_simple_start,solve_ivp_default,solve_ivp_default,,,1.4067584480600752,-0.6710515170599974,-0.05073815193783437,-0.6661916607705707,-0.05589680568468209,0.004859856289426756,0.005158653746847722,0.005158653746847722,-0.6725262304577801,-1.7818813513946878,-0.6738641346486725,-1.7846190816815621,0.0013379041908923028,0.002737730286874296,0.0030471551892996855,0.003813413190293713,-24.474336460060922,0.05066353993908024,0.05066353993908024,0.0020657916386984804,-24.53192825086314,0.006928250863136753,-0.006928250863136753,-0.00028249748677417955
screenshot_like_simple_start,solve_ivp_default,solve_ivp_default,,,1.411764705882353,-0.6658851353639126,-0.055427643215500005,-0.6609946638767447,-0.06063924141431509,0.0048904714871679245,0.005211598198815087,0.005211598198815087,-0.6731546853457216,-1.7848345774958054,-0.674504410593354,-1.7875440001355831,0.0013497252476323274,0.002709422639777692,0.00302700004708227,0.0038530935061465987,-24.47451673992876,0.0504832600712426,0.0504832600712426,0.0020584407776245706,-24.5319314162002,0.006931416200199436,-0.006931416200199436,-0.0002826265525055835
screenshot_like_simple_start,solve_ivp_default,solve_ivp_default,,,1.4167709637046308,-0.6604783216812943,-0.06031691395781906,-0.6555585794315247,-0.06557957398993526,0.004919742249769543,0.005262660032116201,0.005262660032116201,-0.6737749993801344,-1.7878803604313167,-0.6751347064990845,-1.7905579708633985,0.0013597071189500598,0.0026776104320818117,0.003003065279895996,0.003892523698357575,-24.474706448370867,0.05029355162913518,0.05029355162913518,0.002050705469077887,-24.531919098660737,0.006919098660734591,-0.006919098660734591,-0.0002821243082868334
screenshot_like_simple_start,solve_ivp_default,solve_ivp_default,,,1.4217772215269087,-0.6548287879403509,-0.06541022524190718,-0.6498825975949608,-0.07071985103627437,0.004946190345390122,0.005309625794367195,0.005309625794367195,-0.6743870473366453,-1.7910137257253465,-0.6757538566880517,-1.7936552367703462,0.0013668093514063173,0.002641511044999767,0.0029741802910966107,0.003930515619640085,-24.474887340252423,0.05011265974757961,0.05011265974757961,0.002043329653316192,-24.531890118415475,0.0068901184154732675,-0.0068901184154732675,-0.00028094264691022494
screenshot_like_simple_start,solve_ivp_default,solve_ivp_default,,,1.4267834793491865,-0.648934566339929,-0.07071137333855163,-0.6439658913809831,-0.07606218178388319,0.004968674958945818,0.005350808445331562,0.005350808445331562,-0.6749903486987392,-1.794229124931897,-0.6763606218522074,-1.7968297106761295,0.00137027315346816,0.0026005857442326086,0.0029395058646346406,0.003966126683074611,-24.475042014040667,0.04995798595933465,0.04995798595933465,0.0020370228729596185,-24.531844773732438,0.006844773732435527,-0.006844773732435527,-0.0002790937301706637
screenshot_like_simple_start,solve_ivp_default,solve_ivp_default,,,1.4317897371714643,-0.6427940093495134,-0.07622368971221123,-0.6378076166574016,-0.08160873706913145,0.004986392692111763,0.0053850473569202195,0.0053850473569202195,-0.6755840710608193,-1.7975204404548217,-0.6769536878916282,-1.800074965268529,0.0013696168308089396,0.002554524813707326,0.0028985250192264294,0.003998664325607915,-24.475155027730633,0.049844972269369237,0.049844972269369237,0.0020324147714319766,-24.531785359047433,0.006785359047430717,-0.006785359047430717,-0.00027667111304508526
screenshot_like_simple_start,solve_ivp_default,solve_ivp_default,,,1.436795994993742,-0.6364057897092276,-0.08195004102101644,-0.631406912145906,-0.087361749334208,0.004998877563321513,0.005411708313191557,0.005411708313191557,-0.6761670343674561,-1.800880992615071,-0.6775316646974502,-1.803384222747671,0.001364630329994121,0.0025032301326000095,0.002851030872210353,0.004027691151363144,-24.475213794764162,0.049786205235839986,0.049786205235839986,0.0020300185621137607,-24.531716758991877,0.006716758991874627,-0.006716758991874627,-0.0002738739650101785
screenshot_like_simple_start,solve_ivp_default,solve_ivp_default,,,1.4418022528160201,-0.6297689004298331,-0.08789282911676959,-0.6247628994220659,-0.0933235126271209,0.005006001007767269,0.0054306835103513085,0.0054306835103513085,-0.6767377160149302,-1.8043035490693646,-0.6780930848734348,-1.8067503441688886,0.0013553688585046242,0.0024467950995239462,0.0027971111886477672,0.004053030730015839,-24.475209252105525,0.049790747894476794,0.049790747894476794,0.0020302037877462506,-24.531647122082514,0.006647122082512169,-0.006647122082512169,-0.00027103453955197425
screenshot_like_simple_start,solve_ivp_default,solve_ivp_default,,,1.446808510638298,-0.6228826547927305,-0.09405399104494372,-0.6178746829153314,-0.09949638260169642,0.005007971877399098,0.005442391556752704,0.005442391556752704,-0.6772942568403584,-1.8077803366760103,-0.678636402389827,-1.8101658184934282,0.001342145549468654,0.0023854818174178227,0.002737129550677051,0.0040747740187240256,-24.47513629428322,0.049863705716781226,0.049863705716781226,0.0020331786224987245,-24.531588616569568,0.006588616569565886,-0.006588616569565886,-0.0002686489936622176
screenshot_like_simple_start,solve_ivp_default,solve_ivp_default,,,1.4518147684605758,-0.6157466863499583,-0.10043499904468436,-0.610741349909032,-0.10588277651758073,0.005005336440926378,0.005447777472896362,0.005447777472896362,-0.6778344680227523,-1.8113030558947525,-0.6791599911627513,-1.8136227513576024,0.0013255231399990075,0.0023196954628499356,0.0026717033209245756,0.0040932863692614285,-24.474993970124242,0.050006029875760305,0.050006029875760305,0.0020389818501839064,-24.531558269210873,0.006558269210870549,-0.006558269210870549,-0.00026741158861857484
screenshot_like_simple_start,solve_ivp_default,solve_ivp_default,,,1.4568210262828536,-0.6083609489241932,-0.10703686054880829,-0.6033662526006258,-0.11247873971840253,0.004994696323567416,0.005441879169594238,0.005441879169594238,-0.6783558389192453,-1.8148628977982095,-0.6796592766692853,-1.8171111459938971,0.0013034377500399374,0.0022482481956875855,0.0025987631515091286,0.004105689092104514,-24.474785443106992,0.050214556893010354,0.050214556893010354,0.0020474844808566913,-24.531613858399833,0.006613858399830974,-0.006613858399830974,-0.0002696782222153302
screenshot_like_simple_start,solve_ivp_default,solve_ivp_default,,,1.4618272841051314,-0.6007257166087506,-0.1138601181838039,-0.5957551450598048,-0.11927661773892995,0.004970571548945868,0.0054164995551260475,0.0054164995551260475,-0.6788555458584056,-1.8184505637626147,-0.6801279627477318,-1.8206199711136288,0.0012724168893262222,0.0021694073510141187,0.0025150294222685975,0.004107317543794786,-24.47451772172061,0.050482278279393,0.050482278279393,0.002058400745337125,-24.5318218098406,0.006821809840598547,-0.006821809840598547,-0.0002781573839183913
screenshot_like_simple_start,solve_ivp_default,solve_ivp_default,,,1.4668335419274092,-0.5928415837675843,-0.12090484976983124,-0.587905258649694,-0.12628148363697977,0.004936325117890328,0.005376633867148539,0.005376633867148539,-0.679330461910963,-1.8220562878951652,-0.6805653134882486,-1.824141371578176,0.001234851577285534,0.0020850836830108577,0.0024233102118966722,0.0041007633401075605,-24.47420117287971,0.0507988271202926,0.0507988271202926,0.0020713079355878733,-24.53215620165135,0.007156201651348226,-0.007156201651348226,-0.0002917921162629246
screenshot_like_simple_start,solve_ivp_default,solve_ivp_default,,,1.471839799749687,-0.5847094650352862,-0.12817066832072185,-0.5798143538222438,-0.13349763127550407,0.004895111213042425,0.005326962954782216,0.005326962954782216,-0.6797771676563809,-1.825669862244255,-0.6809701017609385,-1.8276667911646858,0.0011929341045576747,0.001996928920430685,0.0023261162677452913,0.004088495261163172,-24.47384883919636,0.05115116080364146,0.05115116080364146,0.0020856742427580615,-24.532580462991394,0.007580462991391812,-0.007580462991391812,-0.0003090912534716335
screenshot_like_simple_start,solve_ivp_default,solve_ivp_default,,,1.476846057571965,-0.5763305953170866,-0.1356567220439793,-0.571480926155748,-0.14092826687683502,0.0048496691613386655,0.005271544832855718,0.005271544832855718,-0.6801919629614557,-1.8292806648272069,-0.6813404888097988,-1.831186933390482,0.0011485258483431293,0.0019062685632751375,0.0022255272318359447,0.004072684568503293,-24.473475589596625,0.05152441040337763,0.05152441040337763,0.0021008933905556624,-24.533051636034287,0.008051636034284826,-0.008051636034284826,-0.0003283032022134485
screenshot_like_simple_start,solve_ivp_default,solve_ivp_default,,,1.481852315394243,-0.567706529788855,-0.1433616943407777,-0.5629042063548448,-0.14857550902268382,0.004802323434010214,0.005213814681906126,0.005213814681906126,-0.6805708797844683,-1.8328776904977757,-0.6816740438715758,-1.8346918137435368,0.0011031640871075332,0.0018141232457611345,0.002123208457475316,0.004055198367474033,-24.473097142174094,0.0519028578259082,0.0519028578259082,0.0021163244781206196,-24.53352293675539,0.008522936755387178,-0.008522936755387178,-0.0003475203569984578
screenshot_like_simple_start,solve_ivp_default,solve_ivp_default,,,1.4868585732165207,-0.5588391438970984,-0.15128380380596368,-0.5540841602505158,-0.15644038865414248,0.004754983646582667,0.005156584848178797,0.005156584848178797,-0.6809096960153238,-1.8364495846626872,-0.6819677659661643,-1.838170817974639,0.0010580699508404567,0.001721233311951842,0.00202043464013173,0.004037592250012434,-24.472729008026192,0.0522709919738098,0.0522709919738098,0.0021313350448036615,-24.53394636353754,0.008946363537539526,-0.008946363537539526,-0.0003647854653430999
screenshot_like_simple_start,solve_ivp_default,solve_ivp_default,,,1.4918648310387985,-0.5497306333589624,-0.15942080422805527,-0.5450214888000856,-0.16452284907168258,0.004709144558876832,0.005102044843627307,0.005102044843627307,-0.6812039503585333,-1.8399846798427544,-0.6822181079206875,-1.8416127666055577,0.001014157562154172,0.001628086762803349,0.0019181194092365527,0.004021102259635478,-24.47238541478964,0.052614585210363884,0.052614585210363884,0.0021453449627059687,-24.534275310471465,0.009275310471462461,-0.009275310471462461,-0.00037819818436136434
screenshot_like_simple_start,solve_ivp_default,solve_ivp_default,,,1.4968710888610763,-0.5403835141622311,-0.167769984589242,-0.5357176280872233,-0.17282174593515565,0.00466588607500773,0.005051761345913647,0.005051761345913647,-0.6814489582618035,-1.8434710350597254,-0.6824210026756383,-1.8450059857450387,0.000972044413834805,0.0015349506853132855,0.0018168500072408768,0.0040066362359595376,-24.472078278289963,0.05292172171003884,0.05292172171003884,0.0021578683673818076,-24.534467130134907,0.009467130134904522,-0.009467130134904522,-0.00038601957736613746
screenshot_like_simple_start,solve_ivp_default,solve_ivp_default,,,1.5018773466833542,-0.5308006225653268,-0.17632816906538504,-0.5261747493219412,-0.18133484726379306,0.004625873243385592,0.005006678198408027,0.005006678198408027,-0.6816398288883607,-1.846896478014946,-0.6825718919058948,-1.8483383842401457,0.0009320630175341238,0.001441906225199796,0.0017169260411924393,0.003994764610964485,-24.47181629969812,0.05318370030188291,0.05318370030188291,0.002168550471024787,-24.534485577894422,0.00948557789442006,-0.00948557789442006,-0.0003867717795889933
screenshot_like_simple_start,solve_ivp_default,solve_ivp_default,,,1.5068836045056322,-0.5209851150973099,-0.1850917170260175,-0.5163957588405952,-0.1900588334362065,0.0045893562567147494,0.0049671164101889875,0.0049671164101889875,-0.6817714831259245,-1.8502486500102053,-0.6826657569718697,-1.851597537124332,0.0008942738459452038,0.001348887114126729,0.0016184011116527203,0.003985710743280746,-24.47160427334315,0.053395726656852105,0.053395726656852105,0.0021771957862121143,-24.534303057114364,0.00930305711436219,-0.00930305711436219,-0.0003793295459474899
screenshot_like_simple_start,solve_ivp_default,solve_ivp_default,,,1.51188986232791,-0.5109404685578807,-0.19405652303434293,-0.5063842981058858,-0.19898929719038633,0.0045561704519948565,0.004932774156043401,0.004932774156043401,-0.6818386726194494,-1.853515053544823,-0.6826971521963284,-1.8547707752557934,0.0008584795768790121,0.0012557217109703256,0.001521125964317423,0.0039793408898458615,-24.47144269631518,0.0535573036848227,0.0535573036848227,0.002183784044233341,-24.533902573091723,0.008902573091720711,-0.008902573091720711,-0.0003629999221904469
screenshot_like_simple_start,solve_ivp_default,solve_ivp_default,,,1.5168961201501878,-0.500670480017376,-0.20321801684723767,-0.49614474370685624,-0.20812074362370409,0.004525736310519779,0.004902726776466415,0.004902726776466415,-0.6818359998083501,-1.8566831025061659,-0.6826602404403566,-1.8578452809702553,0.0008242406320064788,0.0011621784640893917,0.001424791704721647,0.0039751539261698166,-24.47132777461749,0.05367222538251326,0.05367222538251326,0.0021884699442411113,-24.53327929436824,0.008279294368236378,-0.008279294368236378,-0.00033758590696172794
screenshot_like_simple_start,solve_ivp_default,solve_ivp_default,,,1.5219023779724656,-0.49017926681677215,-0.21257116341524923,-0.48568220735889367,-0.21744659019291057,0.004497059457878483,0.00487542677766134,0.00487542677766134,-0.6817579389419197,-1.8597401748534317,-0.6825488309274526,-1.86080818950161,0.0007908919855328378,0.0010680146481782948,0.001328971565347988,0.0039722709369675036,-24.47125192127559,0.053748078724410675,0.053748078724410675,0.0021915628429932995,-24.53244161487872,0.007441614878718639,-0.007441614878718639,-0.0003034297606001483
screenshot_like_simple_start,solve_ivp_default,solve_ivp_default,,,1.5269086357947435,-0.47947126656768324,-0.22211046288259675,-0.47500253590372893,-0.22695916671413685,0.004468730663954312,0.0048487038315400965,0.0048487038315400965,-0.6815988580390367,-1.8626736676767925,-0.6823564192376795,-1.8636466958520141,0.0007575611986427866,0.0009730281752216019,0.0012331596812514493,0.003969424807881317,-24.471204838852437,0.05379516114756555,0.05379516114756555,0.002193482615599003,-24.531411610953025,0.006411610953023228,-0.006411610953023228,-0.00026143163926700214
screenshot_like_simple_start,solve_ivp_default,solve_ivp_default,,,1.5319148936170213,-0.46855123715236235,-0.2318299505871709,-0.46411231130943664,-0.23664971536289353,0.004438925842925712,0.004819764775722629,0.004819764775722629,-0.6813530417500563,-1.8654710544959061,-0.6820762293641839,-1.8663481667205244,0.0007231876141275961,0.0008771122246182816,0.0011368052514843497,0.003964949956233144,-24.471175271625686,0.053824728374316066,0.053824728374316066,0.002194688210981287,-24.530224795335243,0.005224795335241339,-0.005224795335241339,-0.0002130395651474552
screenshot_like_simple_start,solve_ivp_default,solve_ivp_default,,,1.536921151439299,-0.45742425672370035,-0.241723197060534,-0.453018850670435,-0.24650839067407135,0.004405406053265337,0.004785193613537353,0.004785193613537353,-0.6810147150700048,-1.8681199446435506,-0.6817012576921787,-1.8689002570264943,0.0006865426221739357,0.0007803123829437375,0.0010393402652821631,0.003956772344026582,-24.471153500647592,0.05384649935241015,0.05384649935241015,0.002195575916510098,-24.528929087807562,0.003929087807559739,-0.003929087807559739,-0.0001602074539270026
screenshot_like_simple_start,solve_ivp_default,solve_ivp_default,,,1.5419274092615771,-0.44609572370522643,-0.25178330802792037,-0.4417302062074856,-0.25652425954194114,0.004365517497740834,0.004740951514020764,0.004740951514020764,-0.6805780678428831,-1.870608144561753,-0.6812243187257636,-1.8712910304912205,0.0006462508828805058,0.0006828859294674139,0.0009401985940685122,0.0039423999195973836,-24.471134637466875,0.053865362533127126,0.053865362533127126,0.002196345057415989,-24.527582949972572,0.0025829499725702476,-0.0025829499725702476,-0.00010531906106300703
screenshot_like_simple_start,solve_ivp_default,solve_ivp_default,,,1.546933667083855,-0.4345713567911094,-0.26200292440823464,-0.4302551652676948,-0.26668530122015266,0.004316191523414614,0.004682376811918021,0.004682376811918021,-0.6800372799870604,-1.8729237208194718,-0.6806380923508125,-1.8735090836692334,0.0006008123637520901,0.0005853628497616281,0.0008388236777287753,0.003918913635205079,-24.471122748947835,0.05387725105216745,0.05387725105216745,0.0021968298084471946,-24.526252670762915,0.0012526707629127998,-0.0012526707629127998,-5.10772992013374e-05
screenshot_like_simple_start,solve_ivp_default,solve_ivp_default,,,1.5519399249061328,-0.42285915097908666,-0.2723717776793894,-0.4186032503245115,-0.2769784073217366,0.004255900654575151,0.004606629642347204,0.004606629642347204,-0.6793859765927863,-1.8750549195983504,-0.6799351723827969,-1.875543672749702,0.0005491957900105593,0.0004887531513515508,0.0007351840985232163,0.003884742931415164,-24.471418463641015,0.05358153635898688,0.05358153635898688,0.0021847721247293325,-24.52500883871731,8.838717306502986e-06,-8.838717306502986e-06,-3.603962204486436e-07
screenshot_like_simple_start,solve_ivp_default,solve_ivp_default,,,1.5569461827284106,-0.41097405989431285,-0.2828694183973767,-0.4067847189777287,-0.2873893818191032,0.004189340916584128,0.004519963421726447,0.004519963421726447,-0.6786146465966802,-1.8769906214041001,-0.6791081161070465,-1.8773848423792623,0.0004934695103662179,0.0003942209751621739,0.0006316029883707725,0.003843997883853645,-24.47238414818362,0.0526158518163804,0.0526158518163804,0.002145396608211229,-24.523922094994735,0.0010779050052676098,0.0010779050052676098,4.395127442477511e-05
screenshot_like_simple_start,solve_ivp_default,solve_ivp_default,,,1.5619524405506884,-0.39893146628478154,-0.29347381443021364,-0.394810563953483,-0.29790294104404247,0.004120902331298526,0.0044291266138288266,0.0044291266138288266,-0.6777131899241584,-1.8787213255352913,-0.6781494944759073,-1.8790235556907535,0.0004363045517489228,0.0003022301554622686,0.0005307586351135283,0.0038006023735380756,-24.4737827129182,0.05121728708180129,0.05121728708180129,0.0020883705232131004,-24.523058323929895,0.001941676070106979,0.001941676070106979,7.917129745594206e-05
screenshot_like_simple_start,solve_ivp_default,solve_ivp_default,,,1.5669586983729662,-0.3867464256837448,-0.3041633885727461,-0.3826925131042548,-0.30850271368772464,0.004053912579490004,0.004339325114978532,0.004339325114978532,-0.6766722187347417,-1.8802389809486217,-0.6770519425828856,-1.8804518246584665,0.00037972384814388693,0.00021284370984475665,0.0004353075299942337,0.003757584207314535,-24.47537815111319,0.04962184888681165,0.04962184888681165,0.0020233169780555205,-24.522473500561865,0.0025264994381366535,0.0025264994381366535,0.00010301730634604091
screenshot_like_simple_start,solve_ivp_default,solve_ivp_default,,,1.571964956195244,-0.374433692705308,-0.31491699542545404,-0.370443029408868,-0.31917124080069936,0.003990663296440045,0.004254245375245325,0.004254245375245325,-0.6754830668391374,-1.8815369873205885,-0.6758082099886094,-1.8816628398401467,0.00032514314947196254,0.00012585251955821164,0.000348650146031372,0.0037170722314346927,-24.476952780296184,0.0480472197038182,0.0480472197038182,0.0019591119145287747,-24.522208470658235,0.002791529341767074,0.002791529341767074,0.00011382382637174612
screenshot_like_simple_start,solve_ivp_default,solve_ivp_default,,,1.576971214017522,-0.3620077210444296,-0.3257139213944519,-0.3580753109724899,-0.32988997579289714,0.003932410071939674,0.004176054398445261,0.004176054398445261,-0.6741377943167923,-1.8826101930478654,-0.674411210427796,-1.882651098509693,0.0002734161110036215,4.0905461827556167e-05,0.00027645908659993496,0.0036802702096809803,-24.478313650144997,0.04668634985500475,0.04668634985500475,0.0019036228279308764,-24.52228398135282,0.0027160186471810732,0.0027160186471810732,0.00011074489896762785
screenshot_like_simple_start,solve_ivp_default,solve_ivp_default,,,1.5819774718397999,-0.3494826634769225,-0.3365338846914866,-0.3456032910266329,-0.34063928443362657,0.0038793724502895754,0.00410539974213997,0.00410539974213997,-0.6726291888358422,-1.8834548855220246,-0.672854070380903,-1.8834125301327362,0.00022488154506072888,4.2355389288317724e-05,0.00022883550491710323,0.003647431733653783,-24.479297954142528,0.045702045857474616,0.045702045857474616,0.0018634881083577823,-24.522696302909488,0.0023036970905145893,0.0023036970905145893,9.39326030790862e-05
screenshot_like_simple_start,solve_ivp_default,solve_ivp_default,,,1.5869837296620777,-0.3368723718594516,-0.34735703533394036,-0.33304163792915137,-0.3513984448515779,0.0038307339303002563,0.00404140951763754,0.00404140951763754,-0.6709507636755045,-1.8840687741062154,-0.6711301759494108,-1.8839446180904975,0.00017941227390627645,0.00012415601571791335,0.0002181822180361349,0.0036178365510121657,-24.479777248884975,0.04522275111502694,0.04522275111502694,0.001843944999593351,-24.523413778912605,0.0015862210873969218,0.0015862210873969218,6.467772017928325e-05
screenshot_like_simple_start,solve_ivp_default,solve_ivp_default,,,1.5919899874843555,-0.32419039712953585,-0.358163955144829,-0.32040575516424424,-0.36214564753482037,0.003784641965291602,0.003981692389991354,0.003981692389991354,-0.6690967524696596,-1.8844509662502174,-0.6692332174303386,-1.8842465165157793,0.00013646496067898362,0.00020444973443800585,0.00024580964058573386,0.0035897686621255698,-24.479660331507255,0.04533966849274762,0.04533966849274762,0.0018487122728949078,-24.52437461028966,0.0006253897103434269,0.0006253897103434269,2.5500090126133614e-05
screenshot_like_simple_start,solve_ivp_default,solve_ivp_default,,,1.5969962453066333,-0.3114499893055472,-0.36893565775280235,-0.3077117813424539,-0.3728579953308036,0.003738207963093265,0.003922337578001256,0.003922337578001256,-0.6670621007099051,-1.8846019371878855,-0.6671572309443448,-1.8843191610688779,9.51302344396332e-05,0.0002827761190076217,0.0002983489483567056,0.0035604964955557317,-24.478894676516916,0.04610532348308638,0.04610532348308638,0.0018799316404928186,-24.52548611806405,0.0004861180640496343,-0.0004861180640496343,-1.982132778999528e-05
screenshot_like_simple_start,solve_ivp_default,solve_ivp_default,,,1.6020025031289111,-0.29866409748671097,-0.37965358859214393,-0.2949765902006664,-0.38351150344635676,0.0036875072860445557,0.0038579148542128294,0.0038579148542128294,-0.6648424540663848,-1.88452349366707,-0.6648966364333284,-1.8841653724505796,5.418236694365586e-05,0.00035812121649048123,0.0003621968174739241,0.0035262554283666536,-24.477466386547288,0.04753361345271401,0.04753361345271401,0.0019381697636172885,-24.526625644217578,0.001625644217575939,-0.001625644217575939,-6.628518726099648e-05
screenshot_like_simple_start,solve_ivp_default,solve_ivp_default,,,1.607008760951189,-0.28584536985310605,-0.3902996249027714,-0.2822177906021116,-0.394081099447689,0.0036275792509944393,0.0037814745449175624,0.0037814745449175624,-0.6624341436048209,-1.884218732166448,-0.6624462713085576,-1.883789951424148,1.2127703736708462e-05,0.0004287807423000167,0.00042895221897698435,0.0034822328688522974,-24.47539866526734,0.049601334732663815,0.049601334732663815,0.0020224805191707976,-24.527643146464506,0.0026431464645035874,-0.0026431464645035874,-0.00010777355614693525
screenshot_like_simple_start,solve_ivp_default,solve_ivp_default,,,1.612015018773467,-0.2730061536656638,-0.40085607573023696,-0.2694537265363623,-0.40454062326038986,0.003552427129301483,0.003684547530152904,0.003684547530152904,-0.6598341679980735,-1.8836919920561401,-0.6598014189997725,-1.8831997640979172,3.274899830096878e-05,0.0004922279582229017,0.0004933161863815168,0.003422556067339766,-24.472748873070795,0.05225112692920675,0.05225112692920675,0.0021305250531786645,-24.528365430626174,0.0033654306261716727,-0.0033654306261716727,-0.0001372244903637787
screenshot_like_simple_start,solve_ivp_default,solve_ivp_default,,,1.6170212765957448,-0.26015849526617074,-0.4113056819257251,-0.25670341436981536,-0.41486292094688876,0.003455080896355378,0.0035572390211636717,0.0035572390211636717,-0.6570401728499364,-1.8829488041593696,-0.656957856759336,-1.8824037943376029,8.231609060038725e-05,0.000545009821766751,0.0005511911144004018,0.0033403434591744996,-24.46960427545452,0.05539572454548036,0.05539572454548036,0.0022587451394691276,-24.528604078045863,0.0036040780458606037,-0.0036040780458606037,-0.00014695527200247108
screenshot_like_simple_start,solve_ivp_default,solve_ivp_default,,,1.6220275344180226,-0.2473141400772651,-0.4216316161460558,-0.24397815296058617,-0.42503211457404405,0.003335987116678929,0.00340049842798823,0.00340049842798823,-0.6540504272674511,-1.8819958351706851,-0.6539149055242133,-1.8814101648750738,0.00013552174323783195,0.0005856702956112958,0.0006011454383521873,0.0032358406024911024,-24.466076638574208,0.05892336142579424,0.05892336142579424,0.002402583544374892,-24.528453387525328,0.0034533875253259794,-0.0034533875253259794,-0.00014081090827017243
screenshot_like_simple_start,solve_ivp_default,solve_ivp_default,,,1.6270337922403004,-0.23448453260243882,-0.4318174828536827,-0.23128483628953012,-0.43503806099305625,0.003199696312908701,0.003220578139373542,0.003220578139373542,-0.6508637978355736,-1.8808408283823632,-0.6506732543718696,-1.880226679968426,0.0001905434637039516,0.0006141484139372544,0.0006430280599646833,0.0031133182279532434,-24.462295864910132,0.06270413508987005,0.06270413508987005,0.002556743530677678,-24.528139422380267,0.003139422380264989,-0.003139422380264989,-0.0001280090674929659
screenshot_like_simple_start,solve_ivp_default,solve_ivp_default,,,1.6320400500625782,-0.2216808164260373,-0.441847318316693,-0.21863290882284003,-0.44486666923958607,0.0030479076031972585,0.0030193509228930715,0.0030479076031972585,-0.647479720164328,-1.87949254116453,-0.6472328094835762,-1.8788629277336457,0.00024691068075177736,0.0006296134308843016,0.0006762972398429608,0.0029743397316853437,-24.458402893089005,0.06659710691099718,0.06659710691099718,0.002715478365382148,-24.527753897764164,0.0027538977641619056,-0.0027538977641619056,-0.00011228940934401244
screenshot_like_simple_start,solve_ivp_default,solve_ivp_default,,,1.637046307884856,-0.20891383421325924,-0.4517055906088082,-0.20603138787060638,-0.4545045264291386,0.0028824463426528613,0.0027989358203303616,0.0028824463426528613,-0.643898168193468,-1.8779606796363613,-0.6435940383585523,-1.8773291669864407,0.00030412983491567847,0.0006315126499205626,0.0007009302272662585,0.002820630294740334,-24.454542108745308,0.07045789125469426,0.07045789125469426,0.002872900764717401,-24.527362372322646,0.00236237232264358,-0.00236237232264358,-9.632506922094107e-05
screenshot_like_simple_start,solve_ivp_default,solve_ivp_default,,,1.6420525657071339,-0.19619412771015668,-0.4613771996093836,-0.19348886358681744,-0.46393889775706304,0.0027052641233392405,0.0025616981476794254,0.0027052641233392405,-0.640119621452991,-1.8762558309554698,-0.639757930541456,-1.875636241741553,0.0003616909115349287,0.0006195892139166936,0.0007174336969287643,0.0026540753073979184,-24.450853527195022,0.07414647280497988,0.07414647280497988,0.0030233016434242557,-24.527007933558526,0.002007933558523689,-0.002007933558523689,-8.18729279724236e-05
screenshot_like_simple_start,solve_ivp_default,solve_ivp_default,,,1.647058823529412,-0.18353193774363435,-0.47084747700340895,-0.1810134989693587,-0.4731577264985533,0.0025184387742756553,0.0023102494951443564,0.0025184387742756553,-0.6361450304895062,-1.8743893936404448,-0.6357259574689369,-1.8737954957710012,0.00041907302056931606,0.0005938978694435271,0.0007268678531195689,0.0024767183390700387,-24.44746501324755,0.07753498675245041,0.07753498675245041,0.0031614673497431358,-24.52671508012636,0.0017150801263561277,-0.0017150801263561277,-6.993191137028044e-05
screenshot_like_simple_start,solve_ivp_default,solve_ivp_default,,,1.6520650813516897,-0.1709372042214521,-0.4801021862815066,-0.16861302986001508,-0.48214963400864636,0.0023241743614370036,0.002047447727139773,0.0023241743614370036,-0.6319757806783619,-1.8723735063275335,-0.631500031737442,-1.8718186876781844,0.0004757489409199511,0.0005548186493491425,0.0007308630435670296,0.002290758698825779,-24.444484798591883,0.08051520140811874,0.08051520140811874,0.003282984766895769,-24.526493605897798,0.0014936058977959021,-0.0014936058977959021,-6.090136178576563e-05
screenshot_like_simple_start,solve_ivp_default,solve_ivp_default,,,1.6570713391739675,-0.1584195661322213,-0.4891275227399342,-0.1562947649444676,-0.49090391972222447,0.002124801187753711,0.0017763969822902625,0.002124801187753711,-0.6276136546495311,-1.8702209753468881,-0.6270824660935341,-1.869717906911955,0.0005311885559969864,0.000503068434933196,0.0007316003910935934,0.0020985486338944703,-24.441994543032063,0.08300545696793904,0.08300545696793904,0.0033845242392635693,-24.526342319086883,0.00134231908688065,-0.00134231908688065,-5.47326844803527e-05
screenshot_like_simple_start,solve_ivp_default,solve_ivp_default,,,1.6620775969962454,-0.1459883615454074,-0.49791011348058295,-0.14406558575229556,-0.4994105611540138,0.0019227757931118417,0.001500447673430827,0.0019227757931118417,-0.6230607935615343,-1.8679452014867577,-0.6224759324443693,-1.8675054911115385,0.0005848611171650475,0.0004397103752191711,0.0007317156144616101,0.001902590215181299,-24.440043162844955,0.08495683715504754,0.08495683715504754,0.00346409121936993,-24.526252463586154,0.0012524635861517197,-0.0012524635861517197,-5.106885162698143e-05
screenshot_like_simple_start,solve_ivp_default,solve_ivp_default,,,1.6670838548185232,-0.13365262761132884,-0.5064370174109779,-0.13193194665697602,-0.5076602138985847,0.0017206809543528212,0.0012231964876068258,0.0017206809543528212,-0.6183196574621211,-1.865560106295745,-0.6176834211797844,-1.865193945139833,0.0006362362823367773,0.000366161155912037,0.0007340780606042947,0.0017055319598542895,-24.43864161836043,0.08635838163957388,0.08635838163957388,0.003521238802836855,-24.52621074536252,0.001210745362516974,-0.001210745362516974,-4.9367802752985684e-05
screenshot_like_simple_start,solve_ivp_default,solve_ivp_default,,,1.672090112640801,-0.12142110056115785,-0.5146957252442782,-0.11989987487588383,-0.5156442116303519,0.0015212256852740191,0.0009484863860736992,0.0015212256852740191,-0.6133929849770859,-1.863080058253932,-0.6127082010888799,-1.862795862129409,0.0006847838882060309,0.00028419612452301735,0.0007414151406199311,0.001510165241445871,-24.437758814400063,0.08724118559993954,0.08724118559993954,0.0035572348868476876,-24.526201901362818,0.001201901362815505,-0.001201901362815505,-4.90071911443631e-05
screenshot_like_simple_start,solve_ivp_default,solve_ivp_default,,,1.6770963704630788,-0.10930221570691956,-0.5226741594992768,-0.10797497047029156,-0.5233545661035742,0.0013272452366279996,0.0006804066042974677,0.0013272452366279996,-0.6082837525694814,-1.8605197991235523,-0.6075537801431811,-1.8603238468327814,0.0007299724263003515,0.00019595229077085108,0.000755815482387842,0.0013194205376808876,-24.437318722514593,0.08768127748540877,0.08768127748540877,0.0035751795101084103,-24.526210779731976,0.001210779731973588,-0.001210779731973588,-4.9369204157944464e-05
screenshot_like_simple_start,solve_ivp_default,solve_ivp_default,,,1.6821026282853568,-0.09730410744149232,-0.530360674500401,-0.0961624063453691,-0.5307839671523551,0.0011417010961232155,0.00042329265195406585,0.0011417010961232155,-0.602995133610714,-1.8578943707691835,-0.6022238674056491,-1.8577904415363926,0.0007712662050648467,0.00010392923279090027,0.0007782370104946405,0.0011363635654316612,-24.43719878423422,0.08780121576578281,0.08780121576578281,0.00358006995986882,-24.526223926887173,0.0012239268871709896,-0.0012239268871709896,-4.9905275725626485e-05
screenshot_like_simple_start,solve_ivp_default,solve_ivp_default,,,1.6871088861076347,-0.08543460923860874,-0.5377440563777112,-0.08446692825018548,-0.537925782690641,0.0009676809884232584,0.00018172631292978636,0.0009676809884232584,-0.5975304575025987,-1.8552190427163264,-0.5967223363101898,-1.8552080547664938,0.0008081211924089171,1.0987949832674815e-05,0.0008081958900303413,0.0009641913508272038,-24.437229601099023,0.08777039890097882,0.08777039890097882,0.0035788134108452113,-24.526230698464254,0.0012306984642513896,-0.0012306984642513896,-5.0181384882829335e-05
screenshot_like_simple_start,solve_ivp_default,solve_ivp_default,,,1.6921151439299125,-0.07369886215083511,-0.5448166242361842,-0.07289285477770618,-0.5447740587122238,0.000806007373128928,4.256552396031399e-05,0.000806007373128928,-0.591893436267303,-1.8525078095785128,-0.5910531895400701,-1.852588892984905,0.0008402467272328185,8.108340639223499e-05,0.0008441499164352448,0.0008402467272328185,-24.43720877528594,0.08779122471406353,0.08779122471406353,0.0035796625775357197,-24.526223927274987,0.0012239272749852148,-0.0012239272749852148,-4.99052915386428e-05
screenshot_like_simple_start,solve_ivp_default,solve_ivp_default,,,1.6971214017521903,-0.06209290937814025,-0.5515829503381711,-0.061444077364794764,-0.5513235192907395,0.0006488320133454864,0.00025943104743153533,0.0006488320133454864,-0.5860890943870684,-1.8497689209829176,-0.585220525716056,-1.849944895443619,0.0008685686710123708,0.00017597446070150013,0.0008862158580635871,0.0008685686710123708,-24.437078358776013,0.08792164122398916,0.08792164122398916,0.0035849802741687725,-24.52620019252144,0.0012001925214377707,-0.0012001925214377707,-4.893751361621898e-05
screenshot_like_simple_start,solve_ivp_default,solve_ivp_default,,,1.702127659574468,-0.05061743039670344,-0.5580421681340094,-0.050124060292212586,-0.5575695665796679,0.0004933701044908534,0.00047260155434147855,0.0004933701044908534,-0.5801222163540036,-1.847012671172138,-0.5792285080862903,-1.847287672339497,0.000893708267713289,0.0002750011673591235,0.0009350615540315881,0.000893708267713289,-24.436895244139624,0.08810475586037825,0.08810475586037825,0.003592446722135708,-24.526159741212474,0.0011597412124721984,-0.0011597412124721984,-4.728812283270941e-05
screenshot_like_simple_start,solve_ivp_default,solve_ivp_default,,,1.707133917396746,-0.03927369014113331,-0.5641927801951595,-0.03893584068461883,-0.5635082808123333,0.0003378494565144802,0.0006844993828262202,0.0006844993828262202,-0.5739974678148213,-1.844249411212446,-0.5730813353902099,-1.8446284463840068,0.0009161324246114155,0.00037903517156090416,0.0009914465596816578,0.0009161324246114155,-24.43670482086673,0.08829517913327223,0.08829517913327223,0.003600211177707328,-24.5261061157613,0.0011061157612992645,-0.0011061157612992645,-4.510156009375186e-05
screenshot_like_simple_start,solve_ivp_default,solve_ivp_default,,,1.7121401752190237,-0.028062889395530248,-0.5700334809377604,-0.02788202851057045,-0.569136420301904,0.00018086088495979785,0.0008970606358563726,0.0008970606358563726,-0.5677194422315002,-1.8414891702636038,-0.5667832150483054,-1.8419779978780761,0.0009362271831947488,0.0004888276144723314,0.001056159919341519,0.0009362271831947488,-24.436539323616497,0.08846067638350519,0.08846067638350519,0.003606959281692362,-24.526045541894334,0.001045541894331592,-0.001045541894331592,-4.263167764858683e-05
screenshot_like_simple_start,solve_ivp_default,solve_ivp_default,,,1.7171464330413018,-0.016986164793485928,-0.5755631566226297,-0.016964806582521474,-0.574451421441393,2.135821096445334e-05,0.0011117351812366394,0.0011117351812366394,-0.5612926490935839,-1.8387416437713724,-0.5603383388085098,-1.8393466133587675,0.0009543102850740892,0.0006049695873950878,0.0011299098733399812,0.0009543102850740892,-24.43641942168551,0.08858057831449173,0.08858057831449173,0.003611848249316686,-24.525986129016843,0.0009861290168409198,-0.0009861290168409198,-4.020913422389071e-05
screenshot_like_simple_start,solve_ivp_default,solve_ivp_default,,,1.7221526908635796,-0.006044588818085311,-0.5807808853552627,-0.006185930556825481,-0.5794513987036567,0.00014134173874016942,0.0013294866516060377,0.0013294866516060377,-0.5547215030810675,-1.8360161825908432,-0.5537508609586076,-1.8367440378625306,0.0009706421224598971,0.0007278552716873943,0.0012132268651891057,0.0009706421224598971,-24.43635586962115,0.08864413037885299,0.08864413037885299,0.003614439566925708,-24.525936931725763,0.0009369317257608145,-0.0009369317257608145,-3.820312847138897e-05
screenshot_like_simple_start,solve_ivp_default,solve_ivp_default,,,1.7271589486858574,0.004760830198096408,-0.5856859370858344,0.004453271066267972,-0.5841351446413964,0.00030755913182843597,0.0015507924444380095,0.0015507924444380095,-0.548010314202746,-1.8333217830161448,-0.5470248791924893,-1.8341794308293282,0.0009854350102567189,0.0008576478131834264,0.0013063850622607306,0.0009854350102567189,-24.436351176719658,0.0886488232803444,0.0886488232803444,0.003614630918668477,-24.5259069167955,0.0009069167954969259,-0.0009069167954969259,-3.697927810385019e-05
screenshot_like_simple_start,solve_ivp_default,solve_ivp_default,,,1.7321652065081352,0.015429148072991714,-0.5902777736091972,0.014951896942610898,-0.5885021298871574,0.00047725113038081524,0.0017756437220397547,0.0017756437220397547,-0.5411632789306897,-1.830667077692047,-0.5401644181965173,-1.8316613256527936,0.0009988607341724354,0.0009942479607465415,0.0014093444482170257,0.0009988607341724354,-24.43640125764589,0.08859874235411169,0.08859874235411169,0.0036125888829403336,-24.525903875137516,0.0009038751375136655,-0.0009038751375136655,-3.685525535223916e-05
screenshot_like_simple_start,solve_ivp_default,solve_ivp_default,,,1.737171464330413,0.025959484775041328,-0.5945560485648828,0.02530947288415758,-0.5925525031533295,0.0006500118908837477,0.0020035454115532314,0.0020035454115532314,-0.5341844723473641,-1.828060327383231,-0.5331734160008333,-1.8291975928637614,0.0010110563465307587,0.0011372654805303917,0.0015217120979561635,0.0011372654805303917,-24.43649703102062,0.08850296897938037,0.08850296897938037,0.00360868375043345,-24.525933313290267,0.0009333132902646923,-0.0009333132902646923,-3.805558777837685e-05
screenshot_like_simple_start,solve_ivp_default,solve_ivp_default,,,1.7421777221526908,0.03635102442319424,-0.5985206074371007,0.03552595185896468,-0.5962870912321463,0.000825072564229562,0.0022335162049543777,0.0022335162049543777,-0.5270778413178594,-1.8255094135774819,-0.5260557131193235,-1.8267954069178622,0.0010221281985358655,0.0012859933403803758,0.0016427187603923108,0.0012859933403803758,-24.436625937435473,0.08837406256452951,0.08837406256452951,0.0036034276275037514,-24.52599735417722,0.000997354177219023,-0.000997354177219023,-4.0666836991601346e-05
screenshot_like_simple_start,solve_ivp_default,solve_ivp_default,,,1.7471839799749687,0.04660301528690758,-0.6021714875547393,0.045601713991190784,-0.5997073989956859,0.0010013012957167944,0.0024640885590533346,0.0024640885590533346,-0.5198471986957358,-1.8230218318997373,-0.5188150444812626,-1.8244612165422989,0.0010321542144732243,0.0014393846425615475,0.0017712059371221835,0.0014393846425615475,-24.43677335288305,0.08822664711695083,0.08822664711695083,0.0035974168039531428,-24.52609367234038,0.001093672340378049,-0.001093672340378049,-4.459418309390617e-05
screenshot_like_simple_start,solve_ivp_default,solve_ivp_default,,,1.7521902377972467,0.0567147697861472,-0.6055089180913654,0.05553756656109765,-0.6028156093958706,0.00117720322504955,0.0026933086954947782,0.0026933086954947782,-0.512496218567126,-1.8206046863148384,-0.5114550341375208,-1.8222007185822537,0.001041184429605213,0.001596032267415337,0.0019056190634760336,0.001596032267415337,-24.436923877951415,0.08807612204858728,0.08807612204858728,0.003591279186486739,-24.526214484711293,0.0012144847112907087,-0.0012144847112907087,-4.952027365099729e-05
screenshot_like_simple_start,solve_ivp_default,solve_ivp_default,,,1.7571964956195245,0.0666856644913858,-0.6085333200652241,0.06533474400504741,-0.6056145834644668,0.0013509204863383917,0.0029187366007572546,0.0029187366007572546,-0.5050284325339816,-1.8182646840978585,-0.5039791927047634,-1.8200188352735016,0.0010492398292181182,0.0017541511756431483,0.00204400356316419,0.0017541511756431483,-24.43706248726297,0.08793751273703165,0.08793751273703165,0.0035856274306638796,-24.52634561426596,0.0013456142659578063,-0.0013456142659578063,-5.486704448349872e-05
screenshot_like_simple_start,solve_ivp_default,solve_ivp_default,,,1.7622027534418023,0.07651514012360572,-0.6112453063392391,0.07499490791550595,-0.6081078603130851,0.0015202322080997699,0.003137446026154067,0.003137446026154067,-0.49744722703369165,-1.8160081315521086,-0.49639091749236197,-1.8179196948545249,0.0010563095413296808,0.0019115633024162637,0.0021840018558253777,0.0019115633024162637,-24.437175527484264,0.087824472515738,0.087824472515738,0.003581018247328766,-24.526465640631727,0.0014656406317250514,-0.0014656406317250514,-5.97610859011234e-05
screenshot_like_simple_start,solve_ivp_default,solve_ivp_default,,,1.7672090112640801,0.08620270155429707,-0.6136456816210127,0.08452014704104138,-0.6102996571331806,0.0016825545132556907,0.0033460244878321665,0.0033460244878321665,-0.48975584168876907,-1.8138409304562284,-0.48869349523894906,-1.8159066154186172,0.0010623464498200064,0.002065684962388792,0.0023228504780300335,0.002065684962388792,-24.437251555755143,0.08774844424485906,0.08774844424485906,0.0035779182158963935,-24.526545148852406,0.00154514885240431,-0.00154514885240431,-6.300301131108298e-05
screenshot_like_simple_start,solve_ivp_default,solve_ivp_default,,,1.772215269086358,0.09574791780545802,-0.6157354424628255,0.09391216701357562,-0.6121936705224874,0.001835750791882404,0.003541771940338112,0.003541771940338112,-0.4819573686768588,-1.8117685752231931,-0.4808899330896213,-1.813982856712192,0.0010674355872374863,0.002214281488998937,0.0024581418277683626,0.002214281488998937,-24.437282013552373,0.08771798644762896,0.08771798644762896,0.0035766763077524546,-24.52656092004408,0.0015609200440778181,-0.0015609200440778181,-6.364607723049207e-05
screenshot_like_simple_start,solve_ivp_default,solve_ivp_default,,,1.7772215269086358,0.10515042204959524,-0.6175157772616365,0.10316706322936003,-0.6137857745815803,0.0019833588202352037,0.003730002680056188,0.003730002680056188,-0.474054753107999,-1.8097961507555569,-0.47298219832619337,-1.8121563993075478,0.0010725547818056236,0.0023602485519909067,0.002592517499873295,0.0023602485519909067,-24.437261733795403,0.08773826620459957,0.08773826620459957,0.003577503209157984,-24.526579016065966,0.0015790160659641117,-0.0015790160659641117,-6.438393745011668e-05
screenshot_like_simple_start,solve_ivp_default,solve_ivp_default,,,1.7822277847309136,0.1144099116097233,-0.6189880662590835,0.11228329880405308,-0.6150761076910757,0.002126612805670225,0.003911958568007856,0.003911958568007856,-0.46605079439285985,-1.8079283309827947,-0.4649731718825024,-1.8104323840950507,0.0010776225103574233,0.0025040531122559884,0.0027260873544015306,0.0025040531122559884,-24.437189281409296,0.08781071859070622,0.08781071859070622,0.003580457434891181,-24.52660320301939,0.001603203019389099,-0.001603203019389099,-6.537015369578385e-05
screenshot_like_simple_start,solve_ivp_default,solve_ivp_default,,,1.7872340425531916,0.1235261479593657,-0.6201538815414825,0.12126014822688534,-0.6160661251419967,0.002265999732480359,0.004087756399485887,0.004087756399485887,-0.45794814858256966,-1.8061693780681627,-0.4568657789853999,-1.808814865340441,0.0010823695971697855,0.002645487272278313,0.002858343375569848,0.002645487272278313,-24.437067129579937,0.08793287042006526,0.08793287042006526,0.0035854381414909377,-24.5266237111749,0.0016237111748971245,-0.0016237111748971245,-6.620636798765033e-05
screenshot_like_simple_start,solve_ivp_default,solve_ivp_default,,,1.7922403003754694,0.13249895672255274,-0.6210149870398279,0.13009684462614043,-0.6167572823531627,0.0024021120964123066,0.004257704686665198,0.004257704686665198,-0.44974933165775477,-1.8045231422740602,-0.44866276282329653,-1.8073076419730492,0.0010865688344582347,0.0027844996989889736,0.002988991536569753,0.0027844996989889736,-24.43690167557514,0.08809832442486254,0.08809832442486254,0.003592184482155455,-24.5266339957771,0.0016339957770981073,-0.0016339957770981073,-6.662571975935198e-05
screenshot_like_simple_start,solve_ivp_default,solve_ivp_default,,,1.7972465581977473,0.14132822767382436,-0.621573338529793,0.1387925797691573,-0.6171510348711903,0.0025356479046670655,0.004422303658602744,0.004422303658602744,-0.4414567237415121,-1.802993062476419,-0.44036668792718414,-1.8059142619241189,0.0010900358143279831,0.0029211994476998626,0.003117945523860167,0.0029211994476998626,-24.43670310127222,0.08829689872778346,0.08829689872778346,0.003600281293691476,-24.52663024059646,0.0016302405964587763,-0.0016302405964587763,-6.647260332145876e-05
screenshot_like_simple_start,solve_ivp_default,solve_ivp_default,,,1.802252816020025,0.1500139147382281,-0.621831083631729,0.14734650406232866,-0.6172488383704922,0.0026674106758994287,0.00458224526123685,0.00458224526123685,-0.4330725742082703,-1.8015821673201355,-0.43197994387227645,-1.8046380261701591,0.0010926303359938272,0.003055858850023574,0.003245321919687072,0.003055858850023574,-24.436485084446087,0.08851491555391533,0.08851491555391533,0.003609170868661175,-24.526610902333267,0.0016109023332653294,-0.0016109023332653294,-6.568409106076776e-05
screenshot_like_simple_start,solve_ivp_default,solve_ivp_default,,,1.8072590738423029,0.15855603599131982,-0.621790561810666,0.15575772655110143,-0.6170521486532776,0.0027983094402183883,0.0047384131573884325,0.0047384131573884325,-0.42459900765779823,-1.8002930770089924,-0.42350474929113785,-1.8034819924852687,0.0010942583666603833,0.0031889154762763106,0.0033714363834782377,0.0031889154762763106,-24.436264367451553,0.08873563254844896,0.08873563254844896,0.003618170542240528,-24.526576294179407,0.0015762941794044139,-0.0015762941794044139,-6.427295328866111e-05
screenshot_like_simple_start,solve_ivp_default,solve_ivp_default,,,1.8122653316645807,0.16695467365916367,-0.6214543043763125,0.16402531491997668,-0.6165624216495526,0.0029293587391869824,0.00489188272676,0.00489188272676,-0.41603803072105516,-1.7991280057248482,-0.4149431561897652,-1.8024489789070333,0.00109487453128998,0.0033209731821850497,0.0034968004112416466,0.0033209731821850497,-24.4360601902045,0.08893980979550165,0.08893980979550165,0.00362649581225287,-24.526528206647914,0.0015282066479116452,-0.0015282066479116452,-6.231219767223833e-05
screenshot_like_simple_start,solve_ivp_default,solve_ivp_default,,,1.8172715894868585,0.17520997411833183,-0.6208250344830555,0.1721482954925096,-0.6157811134171194,0.0030616786258222395,0.005043921065936097,0.005043921065936097,-0.40739153966210073,-1.798088764672104,-0.4062970545586443,-1.8015415669211863,0.001094485103456444,0.0034528022490822874,0.0036221183046603773,0.0034528022490822874,-24.435893594355687,0.0891064056443156,0.0891064056443156,0.003633288711287078,-24.526469563685083,0.001469563685080999,-0.001469563685080999,-5.9921047301977525e-05
screenshot_like_simple_start,solve_ivp_default,solve_ivp_default,,,1.8222778473091366,0.18332214789590534,-0.6199056671299601,0.18012565323131002,-0.6147096801415772,0.0031964946645953174,0.005195986988382861,0.005195986988382861,-0.3986613287379177,-1.797176765744567,-0.3975681772713303,-1.8007621043708038,0.0010931514665873943,0.003585338626236778,0.003748284033219414,0.003585338626236778,-24.435786605286474,0.08921339471352852,0.08921339471352852,0.0036376511605923957,-24.526404112062014,0.001404112062012075,-0.001404112062012075,-5.725227571914679e-05
screenshot_like_simple_start,solve_ivp_default,solve_ivp_default,,,1.8272841051314144,0.19129138575093552,-0.6186991575643712,0.1879563317380408,-0.6133495781363214,0.003335054012894717,0.005349579428049811,0.005349579428049811,-0.3898490581680494,-1.7963931296902103,-0.38875810526359833,-1.8001127080962953,0.001090952904451048,0.0037195784060850556,0.003876266471586341,0.0037195784060850556,-24.43575812928831,0.08924187071169243,0.08924187071169243,0.003638812261434961,-24.526336142083075,0.0013361420830726445,-0.0013361420830726445,-5.448081888165726e-05
screenshot_like_simple_start,solve_ivp_default,solve_ivp_default,,,1.8322903629536922,0.1991154135250229,-0.6172044442392619,0.19563923325342006,-0.6117022638425442,0.0034761802716028467,0.005502180396717682,0.005502180396717682,-0.3809553509209394,-1.7957415250289692,-0.37986827298666426,-1.7995952663129364,0.001087077934275149,0.0038537412839672047,0.004004130407334547,0.0038537412839672047,-24.43574197427405,0.08925802572595387,0.08925802572595387,0.0036394709776127977,-24.526270237732234,0.0012702377322320046,-0.0012702377322320046,-5.179358745084626e-05
screenshot_like_simple_start,solve_ivp_default,solve_ivp_default,,,1.83729662077597,0.20679220341994067,-0.6154219044813567,0.2031732186572197,-0.6097691938292342,0.0036189847627209615,0.005652710652122472,0.005652710652122472,-0.37198156282022715,-1.7952245314142163,-0.37089997412841325,-1.7992114407331097,0.0010815886918139062,0.003986909318893339,0.004131014405123549,0.003986909318893339,-24.435708758406225,0.08929124159377722,0.08929124159377722,0.0036408253453120167,-24.52621105449305,0.001211054493047925,-0.001211054493047925,-4.938040746372782e-05
screenshot_like_simple_start,solve_ivp_default,solve_ivp_default,,,1.8423028785982478,0.21432051419952639,-0.6133535180874652,0.21055710746826584,-0.6075518247931765,0.003763406731260549,0.005801693294288701,0.005801693294288701,-0.36292940063376283,-1.7948434263547755,-0.36185436759695466,-1.7989626684408178,0.0010750330368081706,0.004119242086042307,0.004257211692369922,0.004119242086042307,-24.435664039755096,0.08933596024490598,0.08933596024490598,0.0036426487357759823,-24.526163123214687,0.0011631232146847026,-0.0011631232146847026,-4.742602302486045e-05
screenshot_like_simple_start,solve_ivp_default,solve_ivp_default,,,1.8473091364205256,0.22169905080064245,-0.61100120341271,0.2177896778444388,-0.605051613558953,0.003909372956203638,0.005949589853757042,0.005949589853757042,-0.35380040059649465,-1.7945993079702882,-0.35273248376118116,-1.7988501635263732,0.0010679168353134871,0.004250855556084954,0.004382946420599309,0.004250855556084954,-24.435612430075942,0.08938756992406027,0.08938756992406027,0.003644753105975954,-24.526130678547297,0.0011306785472946501,-0.0011306785472946501,-4.6103100807121306e-05
screenshot_like_simple_start,solve_ivp_default,solve_ivp_default,,,1.8523153942428034,0.228926464333176,-0.6083668173705274,0.22486966658267296,-0.6022700170789418,0.0040567977505030495,0.006096800291585658,0.006096800291585658,-0.34459593502646113,-1.7944930973932092,-0.3435352309433244,-1.7988749184894979,0.0010607040831367431,0.004381821096288707,0.00450837545817379,0.004381821096288707,-24.43555771256093,0.08944228743907345,0.08944228743907345,0.0036469841973118633,-24.52611751063016,0.0011175106301593019,-0.0011175106301593019,-4.5566182677239625e-05
screenshot_like_simple_start,solve_ivp_default,solve_ivp_default,,,1.8573216520650815,0.23600135208003942,-0.6054521554326667,0.23179576911895725,-0.5992084924333176,0.0042055829610821716,0.006243662999349087,0.006243662999349087,-0.33531721902618794,-1.7945255406912457,-0.3342634021587862,-1.7990377054193336,0.0010538168674017467,0.0045121647280879085,0.004633590457023696,0.0045121647280879085,-24.4355029442656,0.0894970557344017,0.0894970557344017,0.0036492173592008845,-24.526126838880973,0.0011268388809710927,-0.0011268388809710927,-4.5946539489137313e-05
screenshot_like_simple_start,solve_ivp_default,solve_ivp_default,,,1.8623279098873593,0.2429222574971689,-0.6022589516291909,0.23856663952833387,-0.5958684968300523,0.004355617968835018,0.0063904547991385785,0.0063904547991385785,-0.3259653172696475,-1.7946972103210697,-0.32491768209875826,-1.7993390769601199,0.0010476351708892384,0.004641866639050196,0.004758620109444679,0.004641866639050196,-24.435450545443615,0.08954945455638708,0.08954945455638708,0.0036513539064785758,-24.526161206901158,0.0011612069011555093,-0.0011612069011555093,-4.7347885877900475e-05
screenshot_like_simple_start,solve_ivp_default,solve_ivp_default,,,1.8673341677096371,0.24968767021352645,-0.598788878548476,0.24518089052490008,-0.5922514876049134,0.004506779688626367,0.006537390943562538,0.006537390943562538,-0.3165411508759126,-1.795008506123645,-0.31549865435134994,-1.7997793670715057,0.001042496524562675,0.004770860947860722,0.004883432521039659,0.004770860947860722,-24.43540237781039,0.08959762218961131,0.08959762218961131,0.0036533179282206446,-24.526222397679064,0.0012223976790615154,-0.0012223976790615154,-4.984292269363977e-05
screenshot_like_simple_start,solve_ivp_default,solve_ivp_default,,,1.872340425531915,0.2562960260310985,-0.5950435473372114,0.251637093461807,-0.5883589222214655,0.004658932569291507,0.006684625115745968,0.006684625115745968,-0.3070455043715567,-1.7954596558709883,-0.3060068088571138,-1.800358691592646,0.001038695514442911,0.004899035721657619,0.005007937636772368,0.004899035721657619,-24.435359813553006,0.08964018644699578,0.08964018644699578,0.00365505347388362,-24.526311368437682,0.0013113684376797607,-0.0013113684376797607,-5.347068043546425e-05
screenshot_like_simple_start,solve_ivp_default,solve_ivp_default,,,1.8773466833541927,0.2627457069248964,-0.5910245077004,0.25793377833125997,-0.5841922582710697,0.004811928593636439,0.0068322494293303615,0.0068322494293303615,-0.2974790327447056,-1.7960507153736849,-0.2964425495949763,-1.801076948619384,0.001036483149729317,0.005026233245699174,0.005131989668719575,0.005026233245699174,-24.43532379670809,0.08967620329191206,0.08967620329191206,0.003656522050638616,-24.526428204636623,0.0014282046366211887,-0.0014282046366211887,-5.823464369505356e-05
screenshot_like_simple_start,solve_ivp_default,solve_ivp_default,,,1.8823529411764706,0.2690350410429563,-0.5867332479013578,0.2640694337645184,-0.5797529534728835,0.004965607278437867,0.006980294428474365,0.006980294428474365,-0.28784226859445244,-1.7967815681579733,-0.2868062024946706,-1.8019338187039433,0.0010360660997818516,0.005152250545970016,0.005255389486190867,0.005152250545970016,-24.435294898341276,0.08970510165872625,0.08970510165872625,0.0036577003734444952,-24.526572092798368,0.0015720927983657873,-0.0015720927983657873,-6.410164315456829e-05
screenshot_like_simple_start,solve_ivp_default,solve_ivp_default,,,1.8873591989987484,0.27516230270633907,-0.5821711947617144,0.27004250703189603,-0.575042465673861,0.0051197956744430395,0.007128729087853447,0.007128729087853447,-0.2781356293800957,-1.7976519247207188,-0.2770980235718159,-1.8029287648866472,0.0010376058082797734,0.0052768401659284425,0.005377886940995657,0.0052768401659284425,-24.435273366778173,0.08972663322182939,0.08972663322182939,0.003658578316894164,-24.526741311986584,0.0017413119865814508,-0.0017413119865814508,-7.100150811749034e-05
screenshot_like_simple_start,solve_ivp_default,solve_ivp_default,,,1.8923654568210264,0.2811257124091308,-0.5773397136614122,0.2758514040427608,-0.5700622528487527,0.005274308366369995,0.007277460812659564,0.007277460812659564,-0.2683594247753607,-1.7986613213701101,-0.2673182072817927,-1.8040610325692423,0.001041217493568003,0.0053997111991321844,0.005499183112330918,0.0053997111991321844,-24.435259173958556,0.08974082604144584,0.08974082604144584,0.003659157025135406,-24.526933243920162,0.0019332439201598106,-0.0019332439201598106,-7.88274789055988e-05
screenshot_like_simple_start,solve_ivp_default,solve_ivp_default,,,1.8973717146433042,0.2869234368184415,-0.5722401085387079,0.28149448934553434,-0.5648137731001062,0.005428947472907175,0.007426335438601717,0.007426335438601717,-0.2585138641334245,-1.79980911865943,-0.25746689508853005,-1.8053296492394497,0.0010469690448944302,0.005520530580019667,0.005618932466750195,0.005520530580019667,-24.435252058808533,0.08974794119146878,0.08974794119146878,0.0036594471433830287,-24.527144401860625,0.00214440186062248,-0.00214440186062248,-8.743738473486157e-05
screenshot_like_simple_start,solve_ivp_default,solve_ivp_default,,,1.902377972465582,0.29255358877440696,-0.5668736218901705,0.28697008612769304,-0.5592984846582651,0.005583502646713923,0.007575137231905393,0.007575137231905393,-0.24859906406915644,-1.801094499420791,-0.2475441842442419,-1.8067334240563588,0.0010548798249145341,0.005638924635567921,0.005736744938606433,0.005638924635567921,-24.43525156835068,0.08974843164932267,0.08974843164932267,0.0036594671416645326,-24.527370478563796,0.0023704785637939096,-0.0023704785637939096,-9.665559893145401e-05
screenshot_like_simple_start,solve_ivp_default,solve_ivp_default,,,1.9073842302878599,0.29801422729018723,-0.561241434770683,0.292276476215767,-0.5535178458813699,0.005737751074420205,0.007723588889313127,0.007723588889313127,-0.23861505616557188,-1.8025164664052764,-0.23755013677604597,-1.8082709473062781,0.001064919389525909,0.005754480901001724,0.005852187945220304,0.005754480901001724,-24.435257097096496,0.08974290290350595,0.08974290290350595,0.003659241708603708,-24.52760641373965,0.002606413739648872,-0.002606413739648872,-0.00010627578958812932
screenshot_like_simple_start,solve_ivp_default,solve_ivp_default,,,1.9123904881101377,0.30330335755196747,-0.5553446667934414,0.29741190007534113,-0.5474733152553571,0.005891457476626338,0.00787135153808427,0.00787135153808427,-0.22856179481199773,-1.804073839535492,-0.2274847886752287,-1.809940589738598,0.001077006136769032,0.005866750203106008,0.005964788358716723,0.005866750203106008,-24.43526792508786,0.08973207491214197,0.08973207491214197,0.0036588002002912114,-24.527846481617882,0.0028464816178797037,-0.0028464816178797037,-0.00011606449002567598
screenshot_like_simple_start,solve_ivp_default,solve_ivp_default,,,1.9173967459324155,0.3084189309189575,-0.5491843761299552,0.30237455681105385,-0.5411663513939605,0.0060443741079036495,0.008018024735994667,0.008018024735994667,-0.21843916518194095,-1.805765252776112,-0.21734815928473655,-1.8117405017911503,0.0010910058972044001,0.005975249015038209,0.006074034463143082,0.005975249015038209,-24.43528325477292,0.08971674522708284,0.08971674522708284,0.003658175136680238,-24.528084399371973,0.003084399371971358,-0.003084399371971358,-0.0001257655197541838
screenshot_like_simple_start,solve_ivp_default,solve_ivp_default,,,1.9224030037546935,0.3133588449233923,-0.5427615595100469,0.30716260416659824,-0.5345984130387095,0.006196240756794036,0.008163146471337424,0.008163146471337424,-0.20824699135908648,-1.8075891506276176,-0.20714026088022292,-1.813668612714457,0.0011067304788635601,0.0060794620868394045,0.006179377931326364,0.0060794620868394045,-24.435302246714972,0.08969775328503005,0.08969775328503005,0.003657400745566974,-24.528313457312038,0.0033134573120356947,-0.0033134573120356947,-0.00013510529304936573
screenshot_like_simple_start,solve_ivp_default,solve_ivp_default,,,1.9274092615769713,0.31812094327053086,-0.536077152221853,0.3117741585247209,-0.5277709590589312,0.0063467847458099635,0.008306193162921804,0.008306193162921804,-0.1979850446202559,-1.8095437842480355,-0.19686110843971777,-1.815722629604125,0.001123936180538132,0.006178845356089369,0.00628023586120695,0.006178845356089369,-24.435324053938874,0.08967594606112783,0.08967594606112783,0.0036565115621254975,-24.528526671916982,0.003526671916979751,-0.003526671916979751,-0.00014379905879632012
screenshot_like_simple_start,solve_ivp_default,solve_ivp_default,,,1.9324155193992492,0.3227030158386578,-0.529132028111823,0.3162072949072233,-0.5206854484517487,0.006495720931434468,0.008446579660074338,0.008446579660074338,-0.18765305188451198,-1.8116272072071395,-0.186510729596647,-1.8179000363504965,0.001142322287864983,0.006272829143356917,0.006375992916487672,0.006272829143356917,-24.435347854516085,0.08965214548391742,0.08965214548391742,0.0036555411002616683,-24.52871696294057,0.003716962940568891,-0.003716962940568891,-0.00015155812193960817
screenshot_like_simple_start,solve_ivp_default,solve_ivp_default,,,1.937421777221527,0.3271027986790822,-0.5219269995847193,0.3204600469749608,-0.5133433403420813,0.00664275170412143,0.008583659242638042,0.008583659242638042,-0.17725070433792955,-1.8138372708772508,-0.17608917477058833,-1.8201980925144874,0.001161529567341224,0.006360821637236613,0.006466003621754735,0.006360821637236613,-24.435372881775155,0.08962711822484692,0.08962711822484692,0.0036545206207888653,-24.528877355993835,0.003877355993832765,-0.003877355993832765,-0.00015809810372406787
screenshot_like_simple_start,solve_ivp_default,solve_ivp_default,,,1.9424280350438048,0.33131797401613816,-0.5144628176036182,0.32453040702784286,-0.5057460939826454,0.006787566988295302,0.008716723620972866,0.008716723620972866,-0.1667776662438304,-1.8161716194644555,-0.1655965274697323,-1.8226138321383352,0.0011811387740980894,0.006442212673879677,0.006549594868323832,0.006442212673879677,-24.43539845129643,0.08960154870357329,0.08960154870357329,0.0036534780307267392,-24.52900121217757,0.004001212177566771,-0.004001212177566771,-0.00016314830489568891
screenshot_like_simple_start,solve_ivp_default,solve_ivp_default,,,1.9474342928660826,0.3353461702471844,-0.5067401716899091,0.3284163260048333,-0.4978951687539534,0.006929844242351102,0.008845002935955748,0.008845002935955748,-0.15623358394852865,-1.8186276846838025,-0.1550329147585786,-1.8251440624997555,0.0012006691899500432,0.006516377815952934,0.006626068694477807,0.006551676909159587,-24.435423983606945,0.08957601639305679,0.08957601639305679,0.0036524369579228047,-24.52908248651435,0.004082486514349171,-0.004082486514349171,-0.00016646224319466545
screenshot_like_simple_start,solve_ivp_default,solve_ivp_default,,,1.9524405506883604,0.3391849619426044,-0.4987596899232949,0.33211571348394997,-0.48979202416431483,0.00706924845865442,0.008967665758980059,0.008967665758980059,-0.14561809509283957,-1.821202680081781,-0.1443985178839135,-1.82778536281774,0.0012195772089260704,0.006582682735958967,0.006694705413296699,0.006674744332391069,-24.435449021230603,0.08955097876939888,0.08955097876939888,0.0036514160558368553,-24.52911601710705,0.004116017107048009,-0.004116017107048009,-0.00016782944371245703
screenshot_like_simple_start,solve_ivp_default,solve_ivp_default,,,1.9574468085106385,0.342831869845807,-0.490521938941791,0.3356266304775041,-0.4814374180723977,0.007205239368302918,0.00908452086939332,0.00908452086939332,-0.13493083803977385,-1.8238935950091726,-0.13369277900706994,-1.830534344379603,0.0012380590327039087,0.006640749370430354,0.00675517152775049,0.006794608314730333,-24.435473238467853,0.08952676153214867,0.08952676153214867,0.003650428604776704,-24.529079773856296,0.004079773856293656,-0.004079773856293656,-0.00016635163532288097
screenshot_like_simple_start,solve_ivp_default,solve_ivp_default,,,1.9624530663329163,0.346284360873225,-0.48202742394172793,0.33894623479367786,-0.4728302075683325,0.007338126079547147,0.009197216373395434,0.009197216373395434,-0.12417146152896796,-1.826697188247188,-0.12291432639751615,-1.833388516082504,0.0012571351314518142,0.006691327835316008,0.006808396062099001,0.006911613359384228,-24.435496441976458,0.08950355802354437,0.08950355802354437,0.0036494824882179148,-24.528951686653464,0.0039516866534619055,-0.0039516866534619055,-0.0001611289155336149
screenshot_like_simple_start,solve_ivp_default,solve_ivp_default,,,1.967459324155194,0.3495398481143166,-0.4732765886777478,0.3420706382042589,-0.46396947135028177,0.0074692099100576725,0.00930711732746603,0.00930711732746603,-0.11333963456847024,-1.8296099812896591,-0.11206297511373908,-1.8363453173130968,0.001276659454731155,0.006735336023437677,0.006855261534906725,0.007027037389231383,-24.435518559896575,0.08948144010342673,0.08948144010342673,0.003648580636225351,-24.52875233859862,0.003752338598616234,-0.003752338598616234,-0.00015300055447976487
screenshot_like_simple_start,solve_ivp_default,solve_ivp_default,,,1.972465581977472,0.3525956908315647,-0.4642698154628069,0.3449960503250982,-0.45485433340218284,0.0075996405064664985,0.009415482060624036,0.009415482060624036,-0.10243505657456581,-1.8326282512839396,-0.10113850221290976,-1.839401821994565,0.0012965543616560438,0.006773570710625343,0.006896543582445545,0.007142010397125476,-24.435539616908216,0.08946038309178661,0.08946038309178661,0.0036477220424785566,-24.528503764460556,0.003503764460553782,-0.003503764460553782,-0.0001428650136821114
screenshot_like_simple_start,solve_ivp_default,solve_ivp_default,,,1.9774718397997497,0.3554491944604772,-0.4550074251681746,0.34771879315190457,-0.4454839483096393,0.00773040130857261,0.009523476858535329,0.009523476858535329,-0.09145746777029162,-1.835748023633114,-0.09014063313653708,-1.8425547291358613,0.0013168346337545378,0.006806705502747201,0.006932913763619484,0.0072575021174451915,-24.43555969222341,0.08944030777659151,0.08944030777659151,0.003646903477129113,-24.52822795728508,0.0032279572850768545,-0.0032279572850768545,-0.00013161905341801649
screenshot_like_simple_start,solve_ivp_default,solve_ivp_default,,,1.9824780976220275,0.35809761060958645,-0.44548967722343363,0.35023530106024453,-0.43585750125992073,0.007862309549341917,0.009632175963512901,0.009632175963512901,-0.08040665985325257,-1.8389650642620803,-0.0790690551857377,-1.8458003516044843,0.001337604667514869,0.006835287342404017,0.006964936417497731,0.0073743233498884675,-24.43557885709717,0.08942114290283243,0.08942114290283243,0.003646122034774003,-24.527946155485054,0.00294615548505206,-0.00294615548505206,-0.0001201286640184326
screenshot_like_simple_start,solve_ivp_default,solve_ivp_default,,,1.9874843554443054,0.3605381370604498,-0.4357167696164801,0.3525421208055424,-0.4259742080419632,0.007996016254907368,0.009742561574516917,0.009742561574516917,-0.06928248694323369,-1.8422748715501034,-0.06792343136640339,-1.8491346053177495,0.0013590555768303036,0.006859733767646148,0.006993066525058829,0.0074931271746945805,-24.435597087986665,0.0894029120133375,0.0894029120133375,0.003645378675365443,-24.52767818807009,0.002678188070088794,-0.002678188070088794,-0.000109202367791592
screenshot_like_simple_start,solve_ivp_default,solve_ivp_default,,,1.9924906132665834,0.3627679177676497,-0.425688838893523,0.3546359115230805,-0.41583331504636817,0.008132006244569223,0.009855523847154823,0.009855523847154823,-0.058084876819944065,-1.8456726679325026,-0.05670341458310135,-1.8525529988790428,0.001381462236842712,0.00688033094654017,0.007017648598051973,0.007614410040754638,-24.43561415099563,0.08938584900437263,0.08938584900437263,0.003644682935958109,-24.5274418831524,0.0024418831523966844,-0.0024418831523966844,-9.956710101515532e-05
screenshot_like_simple_start,solve_ivp_default,solve_ivp_default,,,1.9974968710888612,0.36478404285879285,-0.41540596015908604,0.35651344472799845,-0.4054340992654049,0.008270598130794393,0.009971860893681128,0.009971860893681128,-0.04681384246101128,-1.8491533911742648,-0.045408662159924895,-1.8560506236858507,0.001405180301086384,0.006897232511585916,0.007038916677830402,0.007738512708984402,-24.435629452706166,0.08937054729383576,0.08937054729383576,0.0036440590130004382,-24.527252544856072,0.00225254485606996,-0.00225254485606996,-9.184688505891784e-05
screenshot_like_simple_start,solve_ivp_default,solve_ivp_default,,,2.002503128911139,0.36658354863451115,-0.40486814707600466,0.3581716043152941,-0.39477586829300737,0.008411944319217046,0.010092278782997288,0.010092278782997288,-0.03546949389004772,-1.8527116853185535,-0.034038850665898734,-1.8596221445367487,0.0014306432241489864,0.00691045921819522,0.0070569955817715154,0.007865621034384762,-24.435641851921414,0.08935814807858833,0.08935814807858833,0.003643553438474549,-24.52712250382543,0.002122503825429334,-0.002122503825429334,-8.654449848845397e-05
screenshot_like_simple_start,solve_ivp_default,solve_ivp_default,,,2.0075093867334166,0.36816341756846116,-0.3940753518654291,0.35960738655982283,-0.3838579603247768,0.008556031008638332,0.010217391540652265,0.010217391540652265,-0.0240520503442877,-1.856341891313321,-0.022593691021965956,-1.8632617907649465,0.001458359322321745,0.006919899451625522,0.00707190358627788,0.007995766571372187,-24.435649426216187,0.08935057378381472,0.08935057378381472,0.0036432445987284287,-24.527060746670287,0.0020607466702848853,-0.0020607466702848853,-8.402636779958756e-05
screenshot_like_simple_start,solve_ivp_default,solve_ivp_default,,,2.0125156445556946,0.36952230170895756,-0.3830294560891602,0.36081790011629805,-0.37267974415797855,0.008704401592659505,0.010349711931181671,0.010349711931181671,-0.01256209222271526,-1.8600366708624811,-0.011072943865975904,-1.8669633479264982,0.001489148356739356,0.006926677064017062,0.007084943046881855,0.008130434060788116,-24.435671162391138,0.08932883760886412,0.08932883760886412,0.003642358312288037,-24.52707262989523,0.0020726298952276068,-0.0020726298952276068,-8.451090296544778e-05
screenshot_like_simple_start,solve_ivp_default,solve_ivp_default,,,2.0175219023779727,0.3706657434684788,-0.3717397699666139,0.36180036601929066,-0.36124061919154654,0.008865377449188139,0.010499150775067356,0.010499150775067356,-0.0010008763697055834,-1.8637832031732358,0.0005235648484699928,-1.8707201500717976,0.0015244412181755762,0.0069369468985618354,0.007102475153151843,0.008277424335821904,-24.435825306191298,0.08917469380870457,0.08917469380870457,0.0036360731420470773,-24.527159684129412,0.0021596841294098112,-0.0021596841294098112,-8.806051496064469e-05
screenshot_like_simple_start,solve_ivp_default,solve_ivp_default,,,2.0225281602002503,0.3715888514868326,-0.3602027081776796,0.3625521176832294,-0.3495400154260811,0.009036733803603203,0.01066269275159848,0.01066269275159848,0.010632364615381862,-1.8675770114071115,0.01219592804407299,-1.8745250726295963,0.0015635634286911282,0.006948061222484814,0.007121817559228649,0.008434702309678188,-24.436106160459033,0.08889383954096886,0.08889383954096886,0.003624621388010962,-24.527319514789195,0.002319514789192567,-0.002319514789192567,-9.457756530856542e-05
screenshot_like_simple_start,solve_ivp_default,solve_ivp_default,,,2.0275344180225283,0.3722853863547358,-0.3484130222367732,0.363070600902401,-0.3375773934638456,0.009214785452334784,0.010835628772927597,0.010835628772927597,0.022338601266512215,-1.8714141814944119,0.02394414152812313,-1.8783705259333834,0.001605540261610916,0.006956344438971529,0.007139221770281671,0.008598880280166421,-24.43647753746014,0.08852246253986351,0.08852246253986351,0.0036094785948975945,-24.527545805653308,0.002545805653305422,-0.002545805653305422,-0.00010380451185750954
screenshot_like_simple_start,solve_ivp_default,solve_ivp_default,,,2.032540675844806,0.3727495668639126,-0.33636594312515644,0.3633533738509497,-0.32535224450877376,0.009396193012962906,0.011013698616382683,0.011013698616382683,0.034118684650200126,-1.8752898855439235,0.03576808784294516,-1.88224844942064,0.0016494031927450359,0.00695856387671645,0.007151373442813667,0.008766899535560257,-24.436897806483294,0.08810219351670767,0.08810219351670767,0.0035923422432908325,-24.52782843218418,0.0028284321841773874,-0.0028284321841773874,-0.00011532852942619316
screenshot_like_simple_start,solve_ivp_default,solve_ivp_default,,,2.037546933667084,0.3729760700070957,-0.3240571812909288,0.3633981070828777,-0.31286409036646123,0.00957796292421803,0.011193090924467575,0.011193090924467575,0.04597331667078275,-1.8791983810290893,0.04766751998508434,-1.886150306536173,0.00169420331430159,0.006951925507083789,0.007155389096774032,0.008936027004278757,-24.437323227638416,0.08767677236158633,0.08767677236158633,0.0035749958149474547,-24.528153691759595,0.0031536917595929026,-0.0031536917595929026,-0.00012859089743498073
screenshot_like_simple_start,solve_ivp_default,solve_ivp_default,,,2.0425531914893615,0.37296003097802544,-0.3114829266490357,0.3632025835320448,-0.3001124834441742,0.009757447445980616,0.011370443204861524,0.011370443204861524,0.05790302023013505,-1.8831330132116604,0.05964204502038212,-1.8900670803714315,0.001739024790247068,0.0069340671597710735,0.007148810712091175,0.009103852212124619,-24.43771091629025,0.08728908370975219,0.08728908370975219,0.0035591879188482034,-24.528504658242362,0.0035046582423596817,-0.0035046582423596817,-0.0001429014573846965
screenshot_like_simple_start,solve_ivp_default,solve_ivp_default,,,2.0475594493116396,0.37269704317145036,-0.29863984858126,0.36276469851216886,-0.2870970067508406,0.0099323446592815,0.011542841830419426,0.011542841830419426,0.06990810939239656,-1.8870862210031647,0.07169110762280267,-1.8939892700724492,0.0017829982304061187,0.006903049069284517,0.007129598105263801,0.009268284594002252,-24.438021428545635,0.08697857145436672,0.08697857145436672,0.0035465268686795805,-24.528861668457708,0.003861668457705747,-0.003861668457705747,-0.00015745844883611608
screenshot_like_simple_start,solve_ivp_default,solve_ivp_default,,,2.0525657071339176,0.37218315818312675,-0.2855250959362297,0.3620824597168253,-0.2738172738970579,0.010100698466301461,0.011707822039171811,0.011707822039171811,0.08198865971536867,-1.8910495464521484,0.08381397356547099,-1.8979068880497576,0.001825313850102317,0.006857341597609201,0.007096118970090401,0.009427551202176199,-24.438220951053232,0.08677904894677013,0.08677904894677013,0.0035383913943637154,-24.52920294809465,0.004202948094647496,-0.004202948094647496,-0.0001713740303627929
screenshot_like_simple_start,solve_ivp_default,solve_ivp_default,,,2.057571964956195,0.3714148858098192,-0.2721362970294148,0.3611539872194474,-0.2602729290950899,0.01026089859037177,0.011863367934324853,0.011863367934324853,0.09414447892084254,-1.8950136480320348,0.09600971319312024,-1.9018094580243623,0.0018652342722776938,0.0067958099923275395,0.007047136464004236,0.009580194847759904,-24.438283073508337,0.08671692649166474,0.08671692649166474,0.0035358583686713446,-24.529505384207788,0.004505384207785568,-0.004505384207785568,-0.0001837057780952321
screenshot_like_simple_start,solve_ivp_default,solve_ivp_default,,,2.0625782227784732,0.3703891940492999,-0.2584715596431233,0.35997751347332607,-0.246463647158863,0.010411680575973803,0.012007912484260308,0.012007912484260308,0.10637507808593277,-1.8989683178905346,0.10827718490581884,-1.9056860139445475,0.0019021068198860624,0.006717696054012956,0.0069817942270134475,0.009725072706264104,-24.438190119936817,0.08680988006318557,0.08680988006318557,0.0035396485244927854,-24.529745450751143,0.004745450751141078,-0.004745450751141078,-0.00019349442410361174
screenshot_like_simple_start,solve_ivp_default,solve_ivp_default,,,2.067584480600751,0.36910350910034934,-0.24452947102651,0.35855138331161035,-0.23238913350397455,0.010552125788738986,0.012140337522535433,0.012140337522535433,0.11867964354660346,-1.9029025032066629,0.12061501868456576,-1.9095250998089712,0.0019353751379622974,0.0066225966023083505,0.006899598733372013,0.00986135541176758,-24.437934015288846,0.08706598471115612,0.08706598471115612,0.0035500911197209424,-24.529900292281884,0.004900292281881491,-0.004900292281881491,-0.0001998080441134145
screenshot_like_simple_start,solve_ivp_default,solve_ivp_default,,,2.072590738423029,0.3675557153627557,-0.2303090978955665,0.35687405394730654,-0.21804912414768318,0.010681661415449184,0.012259973747883318,0.012259973747883318,0.13105700971288128,-1.9068043317855525,0.1330215996901261,-1.9133147704321385,0.0019645899772448294,0.006510438646585959,0.006800398896362687,0.009988526657628338,-24.437516667293487,0.08748333270651543,0.08748333270651543,0.0035671083672381416,-24.52994896895265,0.004948968952646737,-0.004948968952646737,-0.0002017928217185214
screenshot_like_simple_start,solve_ivp_default,solve_ivp_default,,,2.0775969962453065,0.3657441554373156,-0.2158099864331313,0.35494409497327933,-0.2034433857089188,0.010800060464036254,0.012366600724212501,0.012366600724212501,0.14350563300255517,-1.910661142004205,0.14549505196718304,-1.9170425931889228,0.0019894189646278704,0.006381451184717779,0.00668436287463188,0.010106383314704148,-24.436949850040712,0.08805014995929028,0.08805014995929028,0.003590220181826311,-24.529873862954847,0.004873862954845265,-0.004873862954845265,-0.00019873039571234515
screenshot_like_simple_start,solve_ivp_default,solve_ivp_default,,,2.0826032540675845,0.3636676301258329,-0.20103216228887946,0.3527601883622505,-0.18857171540827233,0.010907441763582437,0.012460446880607129,0.012460446880607129,0.15602356710657664,-1.9144595172030963,0.1580332222867288,-1.920695650775345,0.00200965518015217,0.0062361335722487254,0.00655195206591441,0.010215036070857941,-24.43625458542476,0.08874541457524288,0.08874541457524288,0.003618569401640892,-24.529662242437617,0.004662242437614594,-0.004662242437614594,-0.0001901016284450395
screenshot_like_simple_start,solve_ivp_default,solve_ivp_default,,,2.0876095118898625,0.36132539843112016,-0.18597613057933182,0.3503211284668002,-0.17343394106800475,0.011004269964319968,0.012542189511327073,0.012542189511327073,0.16860843980454548,-1.918185324598988,0.17063366416034922,-1.9242605450232384,0.0020252243558037397,0.00607522042425046,0.006403892323780172,0.010314910588139159,-24.435460031370457,0.08953996862954483,0.08953996862954483,0.003650967120470737,-24.52930797332804,0.004307973328039338,-0.004307973328039338,-0.00017565640481302091
screenshot_like_simple_start,solve_ivp_default,solve_ivp_default,,,2.09261576971214,0.3587171775569977,-0.17064287588785096,0.3476258220193663,-0.15802992111204328,0.011091355537631409,0.012612954775807678,0.012612954775807678,0.18125743155274754,-1.9218237587734088,0.18329362206092575,-1.9277234018068163,0.002036190508178215,0.005899643033407509,0.006241142500154023,0.010406749166534945,-24.43460190153055,0.09039809846945346,0.09039809846945346,0.003685957124136736,-24.528813362116267,0.00381336211626504,-0.00381336211626504,-0.00015548877130540427
screenshot_like_simple_start,solve_ivp_default,solve_ivp_default,,,2.097622027534418,0.3558431429082935,-0.1550338622646374,0.3446732881322439,-0.14235954456597744,0.011169854776049593,0.012674317698659954,0.012674317698659954,0.1939672560698601,-1.925359389768924,0.1960100158850659,-1.9310698770793984,0.002042759815205797,0.005710487310474299,0.0060648605083470485,0.010491612895631719,-24.433720459626024,0.09127954037397856,0.09127954037397856,0.0037218976707024897,-24.528191103229204,0.003191103229202241,-0.003191103229202241,-0.00013011633962088648
screenshot_like_simple_start,solve_ivp_default,solve_ivp_default,,,2.1026282853566958,0.35270392809084417,-0.1391510332267387,0.34146265829758676,-0.1264227310570683,0.011241269793257402,0.012728302169670386,0.012728302169670386,0.20673414314668564,-1.9287762158015598,0.2087794256934003,-1.9342851640786876,0.002045282546714655,0.005508948277127779,0.005876367229501974,0.010570884267994074,-24.432858152403046,0.09214184759695598,0.09214184759695598,0.0037570580059920885,-24.527466292799716,0.002466292799713443,-0.002466292799713443,-0.00010056239754183253
screenshot_like_simple_start,solve_ivp_default,solve_ivp_default,,,2.107634543178974,0.34930062491149333,-0.12299681175803878,0.33799317638740534,-0.11021943081423724,0.011307448524087993,0.012777380943801542,0.012777380943801542,0.21955382390599412,-1.9320577205725384,0.22159807676575888,-1.937354001739024,0.002044252859764756,0.005296281166485617,0.005677108766716261,0.010646270220622256,-24.432056967752683,0.09294303224731948,0.09294303224731948,0.0037897260855176136,-24.526678456198074,0.0016784561980713875,-0.0016784561980713875,-6.843858096111671e-05
screenshot_like_simple_start,solve_ivp_default,solve_ivp_default,,,2.1126408010012514,0.3456347833780938,-0.10657410030926906,0.3342641986535691,-0.09374962466807807,0.01137058472452468,0.012824475641190991,0.012824475641190991,0.23242151873649836,-1.9351869351358104,0.2344618250090055,-1.9402606843488814,0.0020403062725071475,0.0050737492130710216,0.005468617810998572,0.010719805563566331,-24.431355628179194,0.0936443718208082,0.0936443718208082,0.00381832301002276,-24.52588351948887,0.0008835194888661135,-0.0008835194888661135,-3.602525948485682e-05
screenshot_like_simple_start,solve_ivp_default,solve_ivp_default,,,2.1176470588235294,0.34170841169950505,-0.08988628079799699,0.330275193727804,-0.0770133240508446,0.011433217971701048,0.012872956747152386,0.012872956747152386,0.24533192812126778,-1.938146504249851,0.2473661427562152,-1.942989072491606,0.0020342146349474344,0.0048425682417549964,0.005252475260016785,0.010793856747722985,-24.430786753644668,0.09421324635533423,0.09421324635533423,0.003841518709697624,-24.52515563505374,0.00015563505373705766,-0.00015563505373705766,-6.345975687545673e-06
screenshot_like_simple_start,solve_ivp_default,solve_ivp_default,,,2.1226533166458075,0.3375239762855955,-0.07293721460863606,0.32602574262169465,-0.0600105709964614,0.011498233663900848,0.01292664361217466,0.01292664361217466,0.258279226575131,-1.9409187571127933,0.26030610499661544,-1.9455226053069175,0.0020268784214844127,0.004603848194124183,0.005030273782809405,0.010871125917103097,-24.43037415083511,0.09462584916489192,0.09462584916489192,0.0038583424735939616,-24.52458874929964,0.00041125070036329703,0.00041125070036329703,1.6768632022968276e-05
screenshot_like_simple_start,solve_ivp_default,solve_ivp_default,,,2.127659574468085,0.33308440174724174,-0.05573124259244161,0.3215155387266837,-0.04274143814051912,0.01156886302055804,0.012989804451922493,0.012989804451922493,0.27125705989799437,-1.94348578234939,0.2732763760765836,-1.9478443141100563,0.0020193161785892477,0.004358531760666251,0.0048035858416238105,0.010954655184504225,-24.430130406904983,0.09486959309501941,0.09486959309501941,0.003868281064017101,-24.524297776373228,0.000702223626774412,0.000702223626774412,2.8632971530047376e-05
screenshot_like_simple_start,solve_ivp_default,solve_ivp_default,,,2.132665832290363,0.32839307089632697,-0.03827318506750649,0.3167299674065912,-0.02518652955359354,0.01166310348973576,0.013086655513912946,0.013086655513912946,0.284258545941182,-1.9458295070865834,0.28627698680080543,-1.9499418201502992,0.0020184408596234382,0.0041123130637157335,0.004580963025151424,0.011061534153004593,-24.430054983437067,0.09494501656293508,0.09494501656293508,0.0038713564347781886,-24.524450059613457,0.0005499403865449892,0.0005499403865449892,2.242366509867438e-05
screenshot_like_simple_start,solve_ivp_default,solve_ivp_default,,,2.1376720901126407,0.3234538247457442,-0.020568341818771096,0.3116453352470776,-0.007313553602906971,0.011808489498666586,0.013254788215864125,0.013254788215864125,0.29727627907196086,-1.9479317799218112,0.2993116424045672,-1.951803613427084,0.0020353633326063436,0.0038718335052727593,0.004374219769086956,0.011218039849315409,-24.43013301925219,0.0948669807478133,0.0948669807478133,0.0038681745462920813,-24.52505527272949,5.527272948668838e-05,-5.527272948668838e-05,-2.253730050425622e-06
screenshot_like_simple_start,solve_ivp_default,solve_ivp_default,,,2.1426783479349187,0.31827096250939246,-0.0026224920980118527,0.3062832711374954,0.010849004027880964,0.011987691371897036,0.013471496125892816,0.013471496125892816,0.31030233850726235,-1.9497744575547866,0.31236576308426867,-1.9534019598517598,0.002063424577006312,0.003627502296973173,0.004173307309501581,0.011407855721221771,-24.430335057270177,0.09466494272982473,0.09466494272982473,0.0038599365027451467,-24.525884679380344,0.0008846793803414243,-0.0008846793803414243,-3.607255373461465e-05
screenshot_like_simple_start,solve_ivp_default,solve_ivp_default,,,2.1476846057571968,0.3128492416021803,0.015558105376148823,0.3006667516626015,0.02927083048171779,0.012182489939578822,0.013712725105568965,0.013712725105568965,0.3233283006710989,-1.9513394948195257,0.32542376399505957,-1.9547108780269773,0.0020954633239606557,0.0033713832074515615,0.003969532878507321,0.011613709820582185,-24.43061790924553,0.0943820907544719,0.0943820907544719,0.003848403292740954,-24.526762775028327,0.0017627750283253363,-0.0017627750283253363,-7.187665762794438e-05
screenshot_like_simple_start,solve_ivp_default,solve_ivp_default,,,2.1526908635794744,0.30719387764002426,0.03396671241824617,0.29481815826527014,0.047922401489427335,0.012375719374754124,0.013955689071181165,0.013955689071181165,0.3363452557114616,-1.9526090378191794,0.33846991960100203,-1.955706936598505,0.0021246638895404124,0.0030978987793255364,0.0037564841927610506,0.01181921560533622,-24.430926861244064,0.09407313875593815,0.09407313875593815,0.003835805861608079,-24.527572328485352,0.0025723284853498285,-0.0025723284853498285,-0.00010488597289907556
screenshot_like_simple_start,solve_ivp_default,solve_ivp_default,,,2.1576971214017524,0.30131054443984717,0.05259611137597886,0.28875927724649164,0.06677498136971478,0.012551267193355531,0.014178869993735924,0.014178869993735924,0.34934382829138466,-1.953565519831964,0.35148845895896463,-1.956369304512548,0.002144630667579972,0.002803784680584176,0.0035299644807565735,0.012008873111342133,-24.43119940058306,0.09380059941694086,0.09380059941694086,0.0038246931464603813,-24.528249081917338,0.003249081917335417,-0.003249081917335417,-0.0001324804043765715
screenshot_like_simple_start,solve_ivp_default,solve_ivp_default,,,2.16270337922403,0.29520537401958225,0.07143860513019717,0.2825112997653761,0.0858006230291551,0.012694074254206156,0.014362017898957927,0.014362017898957927,0.3623142027455061,-1.9541917596225375,0.3644636609155695,-1.9566797807856724,0.002149458170063401,0.002488021163134846,0.0032879202747419494,0.012168073404144053,-24.431370610105947,0.09362938989405478,0.09362938989405478,0.003817712126159216,-24.528774850331736,0.003774850331733859,-0.003774850331733859,-0.0001539184640870075
screenshot_like_simple_start,solve_ivp_default,solve_ivp_default,,,2.167709637046308,0.28888634910056055,0.09048383336950466,0.2760948218391487,0.10497216796220635,0.012791527261411861,0.014488334592701685,0.014488334592701685,0.3752453126758386,-1.9544708623825566,0.3773799481614313,-1.9566228047329606,0.002134635485592673,0.002151942350403946,0.003031092960602417,0.012284440722264756,-24.431681028745043,0.09331897125495914,0.09331897125495914,0.003805054893168568,-24.529169253619745,0.004169253619743074,-0.004169253619743074,-0.00017000014759400913
screenshot_like_simple_start,solve_ivp_default,solve_ivp_default,,,2.1727158948685856,0.2823760249841238,0.10970019698886752,0.26952984434315447,0.12426324625119609,0.012846180640969318,0.01456304926232857,0.01456304926232857,0.388118662943284,-1.9543850633397306,0.39022197915006535,-1.9561854476488425,0.002103316206781336,0.001800384309111891,0.0027686319232078016,0.012360073179592701,-24.43416813767157,0.09083186232843232,0.09083186232843232,0.003703643723891226,-24.529480415042922,0.004480415042920072,-0.004480415042920072,-0.00018268766739735256
screenshot_like_simple_start,solve_ivp_default,solve_ivp_default,,,2.1777221526908637,0.2756965693520867,0.1290591015623644,0.2628357730108538,0.1436482765663353,0.012860796341232883,0.014589175003970917,0.014589175003970917,0.40091839325859924,-1.9539192402302183,0.4029747369592856,-1.9553573869839014,0.0020563437006863583,0.001438146753683034,0.0025093456319290725,0.012397289752491936,-24.438607091551248,0.08639290844875447,0.08639290844875447,0.0035226466238024246,-24.529775053735044,0.004775053735041723,-0.004775053735041723,-0.00019470147747366863
screenshot_like_simple_start,solve_ivp_default,solve_ivp_default,,,2.1827284105131417,0.26886800969525887,0.14853527658565108,0.25603141843382626,0.1631024661657061,0.012836591261432606,0.014567189580055012,0.014567189580055012,0.41362998325488487,-1.9530611189403757,0.4156236142494504,-1.954130864107928,0.0019936309945655095,0.0010697451675523162,0.0022625028764608887,0.01239694667008262,-24.444269269906773,0.0807307300932294,0.0807307300932294,0.0032917728886128193,-24.530128472708075,0.005128472708072707,-0.005128472708072707,-0.00020911203702641003
screenshot_like_simple_start,solve_ivp_default,solve_ivp_default,,,2.1877346683354193,0.2619097743949021,0.16810413621700987,0.24913499606176892,0.18260181089526695,0.012774778333133174,0.014497674678257078,0.014497674678257078,0.4262391804649036,-1.9518009924136774,0.4281544935547975,-1.9525006267927858,0.0019153130898938997,0.0006996343791083603,0.002039095999885552,0.01235991504842826,-24.450472947639145,0.07452705236085677,0.07452705236085677,0.0030388196681287163,-24.53061498570636,0.005614985706358766,-0.005614985706358766,-0.00022894946814918513
screenshot_like_simple_start,solve_ivp_default,solve_ivp_default,,,2.1927409261576973,0.25484069272272813,0.18774177927735516,0.24216412620249458,0.202123095188858,0.012676566520233551,0.014381315911502823,0.014381315911502823,0.4387320826285428,-1.9501316838695666,0.44055382223001816,-1.9504638575868172,0.0018217396014753584,0.0003321737172505834,0.0018517760539589199,0.012287083513127184,-24.456599447045736,0.06840055295426595,0.06840055295426595,0.0027890133722432596,-24.531299326197345,0.006299326197343191,-0.006299326197343191,-0.0002568532598305073
screenshot_like_simple_start,solve_ivp_default,solve_ivp_default,,,2.197747183979975,0.24767899484090344,0.2074249892502211,0.23513583402193608,0.22164389206818874,0.012543160818967364,0.014218902817967644,0.014218902817967644,0.451095215548967,-1.9480484953755313,0.4528086814631951,-1.9480200892842923,0.0017134659142281072,2.8406091238997178e-05,0.001713701358242165,0.012179360255532234,-24.462105721248776,0.06289427875122655,0.06289427875122655,0.002564496585167239,-24.532229534488962,0.007229534488960354,-0.007229534488960354,-0.0002947822421594436
screenshot_like_simple_start,solve_ivp_default,solve_ivp_default,,,2.202753441802253,0.2404423118020439,0.22713123428177542,0.2280665495441412,0.2411425631428521,0.012375762257902684,0.014011328861076672,0.014011328861076672,0.46331560589665116,-1.9455491428293599,0.4649068488571423,-1.9451711087177692,0.0015912429604911238,0.0003780341115906527,0.0016355317021808811,0.012037674554486844,-24.466533438999996,0.05846656100000658,0.05846656100000658,0.002383957635066527,-24.533431725141213,0.008431725141210933,-0.008431725141210933,-0.0003438012289994264
screenshot_like_simple_start,solve_ivp_default,solve_ivp_default,,,2.2077596996245306,0.23314767554921983,0.24683866718080577,0.22097210765127784,0.2605982586103104,0.012175567897941997,0.013759591429504614,0.013759591429504614,0.4753808484342291,-1.9426336784422307,0.47683685417277677,-1.941920850117489,0.00145600573854765,0.0007128283247417322,0.0016211344580995717,0.011862977798963614,-24.469514711964734,0.055485288035267644,0.055485288035267644,0.0022623970656582117,-24.53490700379629,0.009907003796289615,-0.009907003796289615,-0.00040395530260100367
screenshot_like_simple_start,solve_ivp_default,solve_ivp_default,,,2.2127659574468086,0.2258115189159512,0.26652612541873333,0.2138677480836289,0.27999091725590924,0.011943770832322287,0.013464791837175916,0.013464791837175916,0.487279167211013,-1.9393044018406451,0.48858802791956746,-1.9382752792894908,0.0013088607085544601,0.0010291225511542823,0.001664995369270432,0.011656244049718073,-24.47077466779563,0.05422533220437131,0.05422533220437131,0.0022110227198520412,-24.53663064348725,0.011630643487247738,-0.011630643487247738,-0.00047423622781846023
screenshot_like_simple_start,solve_ivp_default,solve_ivp_default,,,2.2177722152690866,0.2184496756262118,0.2861731311296009,0.20676811543959658,0.2993012664528655,0.011681560186615203,0.013128135323264567,0.013128135323264567,0.4989994703530152,-1.935565760925464,0.5001505425680266,-1.934242269862807,0.0011510722150114283,0.0013234910626569452,0.0017540227584339166,0.011418470180081908,-24.47013112487111,0.054868875128892824,0.054868875128892824,0.0022372630021974646,-24.53855346260101,0.013553462601006316,-0.013553462601006316,-0.0005526386381653951
screenshot_like_simple_start,solve_ivp_default,solve_ivp_default,,,2.2227784730913642,0.2110773802944275,0.30575989111007795,0.19968725917570077,0.3185108221622726,0.011390121118726726,0.012750931052194658,0.012750931052194658,0.5105313981517112,-1.931424243638893,0.5115154462469205,-1.929831472845697,0.0009840480952092445,0.0015927707931961965,0.0018722364843533478,0.01115067563736255,-24.46749166704939,0.05750833295061142,0.05750833295061142,0.002344886154968865,-24.540605188448676,0.015605188448674312,-0.015605188448674312,-0.0006362971844515519
screenshot_like_simple_start,solve_ivp_default,solve_ivp_default,,,2.2277847309136423,0.20370926842547415,0.325267296819466,0.19263863360657685,0.3376018889331051,0.011070634818897307,0.012334592113639131,0.012334592113639131,0.5218653642315578,-1.926888261794828,0.5226746888722216,-1.9250541807116517,0.0008093246406637444,0.0018340810831762866,0.002004709403791632,0.010853901867046267,-24.462848448988247,0.0621515510117554,0.0621515510117554,0.0025342120697963463,-24.542699458611256,0.017699458611254215,-0.017699458611254215,-0.0007216904632519557
screenshot_like_simple_start,solve_ivp_default,solve_ivp_default,,,2.23279098873592,0.1963593764146824,0.34467692437968606,0.18563509790498034,0.35655755990220744,0.010724278509702062,0.011880635522521388,0.011880635522521388,0.5329925896517278,-1.9219680281243685,0.5336211407351508,-1.9199231872080298,0.000628551083422968,0.0020448409163387193,0.0021392640878594585,0.010529211442158543,-24.45627108457259,0.06872891542741044,0.06872891542741044,0.0028024022600371228,-24.544740019371403,0.01974001937140102,-0.01974001937140102,-0.0008048937562243025
screenshot_like_simple_start,solve_ivp_default,solve_ivp_default,,,2.237797246558198,0.18904114154783214,0.36397103457529323,0.17868891610178173,0.3753617167943073,0.010352225446050412,0.01139068221901407,0.01139068221901407,0.5439051298708824,-1.916675427676504,0.5443486036521882,-1.914452644044174,0.0004434737813058254,0.002222783632329861,0.0022665912888871734,0.010177686939776526,-24.44789798308143,0.07710201691857321,0.07710201691857321,0.00314381312613958,-24.5466276331621,0.02162763316209748,-0.02162763316209748,-0.0008818606793923539
screenshot_like_simple_start,solve_ivp_default,solve_ivp_default,,,2.2428035043804755,0.18176740200115787,0.38313257285346203,0.17181175708597154,0.3939990299220017,0.009955644915186329,0.01086645706853967,0.01086645706853967,0.5545958945742224,-1.9110238846941892,0.5548518148499497,-1.908657915572324,0.0002559202757272949,0.0023659691218651524,0.0023797699622332604,0.009800429605862193,-24.43792650043462,0.08707349956538124,0.08707349956538124,0.003550397535795361,-24.54826720522309,0.023267205223088894,-0.023267205223088894,-0.0009487137705642769
screenshot_like_simple_start,solve_ivp_default,solve_ivp_default,,,2.2478097622027535,0.17455039684134369,0.4021451693240008,0.16501469460465537,0.412454958185771,0.009535702236688315,0.010309788861770197,0.010309788861770197,0.5650586604291127,-1.9050282260585134,0.5651264438220136,-1.9025554325241387,6.778339290092195e-05,0.0024727935343746843,0.002473722387819297,0.009398557848333794,-24.426602266896868,0.09839773310313404,0.09839773310313404,0.004012139983817902,-24.549574678053276,0.024574678053273402,-0.024574678053273402,-0.001002025608696163
screenshot_like_simple_start,solve_ivp_default,solve_ivp_default,,,2.2528160200250316,0.16740176602552742,0.4209931387593394,0.15830820726305814,0.43071574907396676,0.009093558762469284,0.009722610314627345,0.009722610314627345,0.5752880768984443,-1.8987045423589215,0.5751690824524736,-1.8961625458091407,0.00011899444597074371,0.002541996549780823,0.0025447801746456395,0.008973205596675526,-24.414208038846514,0.11079196115348822,0.11079196115348822,0.0045175111581442695,-24.55048331120906,0.025483311209058,-0.025483311209058,-0.0010390748709096023
screenshot_like_simple_start,solve_ivp_default,solve_ivp_default,,,2.257822277847309,0.16033255040129912,0.43966148059453447,0.15170217852452228,0.4487684386628172,0.008630371876776843,0.009106958068282711,0.009106958068282711,0.5852796652993462,-1.892070047605946,0.5849772287521627,-1.8894973813195217,0.0003024365471834267,0.0025726662864242744,0.002590382150644244,0.008525520564444194,-24.40105240162481,0.12394759837519231,0.12394759837519231,0.005053928577989492,-24.55094905189133,0.025949051891327457,-0.025949051891327457,-0.0010580653166698249
screenshot_like_simple_start,solve_ivp_default,solve_ivp_default,,,2.262828535669587,0.15335319170669878,0.45813587892727436,0.145205896710506,0.4666008516164316,0.008147294996192794,0.008464972689157246,0.008464972689157246,0.5950298113482595,-1.8851429385553504,0.5945492645977055,-1.8825786966195488,0.00048054675055397844,0.0025642419358016255,0.00260888134739617,0.008056662448814256,-24.38745862413949,0.1375413758605113,0.1375413758605113,0.005608211044261418,-24.550954796870307,0.02595479687030533,-0.02595479687030533,-0.0010582995665771794
screenshot_like_simple_start,solve_ivp_default,solve_ivp_default,,,2.267834793491865,0.146473532570221,0.4764027025178676,0.1388280550005873,0.4842016011867891,0.007645477569633685,0.007798898668921528,0.007798898668921528,0.6045357514815631,-1.8779422545596265,0.6038844279008834,-1.8754257403280912,0.0006513235806797635,0.002516514231535316,0.0025994357626741406,0.007567801098862681,-24.373753934923954,0.1512460650760481,0.1512460650760481,0.0061670159052415125,-24.55051343839624,0.02551343839623854,-0.02551343839623854,-0.0010403032985214491
screenshot_like_simple_start,solve_ivp_default,solve_ivp_default,,,2.272841051314143,0.13970281651080993,0.4944490047892559,0.13257675143245962,0.5015600892137523,0.007126065078350313,0.007111084424496372,0.007126065078350313,0.6137955532836488,-1.8704877388051662,0.6129827796662185,-1.8680581149304354,0.0008127736174302624,0.0024296238747307797,0.002561966651978999,0.007060114681666924,-24.360259454887846,0.1647405451121564,0.1647405451121564,0.006717249545857549,-24.549669668103675,0.024669668103673104,-0.024669668103673104,-0.0010058988013730112
screenshot_like_simple_start,solve_ivp_default,solve_ivp_default,,,2.2778473091364204,0.13304968793786415,0.5122625238270013,0.12645948890193587,0.5186665061250528,0.006590199035928279,0.006403982298051503,0.006590199035928279,0.6228080903913192,-1.8627997017320141,0.621845166418189,-1.8604956436815598,0.0009629239731302475,0.002304058050454305,0.0024971796246750525,0.0065347878725317,-24.34728098515535,0.17771901484465147,0.17771901484465147,0.007246443010994963,-24.548500578679505,0.023500578679502837,-0.023500578679502837,-0.0009582295078288618
screenshot_like_simple_start,solve_ivp_default,solve_ivp_default,,,2.2828535669586985,0.1265221921512319,0.5298316823792989,0.12048317516294454,0.5355118309363054,0.006039016988287349,0.0056801485570064925,0.006039016988287349,0.6315730122747676,-1.8548988873685417,0.630473178496464,-1.852758242188076,0.0010998337783035828,0.00214064518046575,0.0024066566287172706,0.005993010092799803,-24.33510081025018,0.18989918974982345,0.18989918974982345,0.00774308622833123,-24.54711515111477,0.02211515111476814,-0.02211515111476814,-0.0009017390872484459
screenshot_like_simple_start,solve_ivp_default,solve_ivp_default,,,2.2878598247809765,0.12012777534121508,0.5471455878569655,0.11465412282753312,0.5520878312509969,0.005473652513681954,0.004942243394031376,0.005473652513681954,0.6400907093209575,-1.846806343246663,0.6388691047279877,-1.844865795181126,0.0012216045929697161,0.0019405480655370067,0.0022930426459671707,0.005435973815797662,-24.323970638457347,0.2010293615426555,0.2010293615426555,0.008196915863105218,-24.545652745848447,0.020652745848444454,-0.020652745848444454,-0.0008421099224646056
screenshot_like_simple_start,solve_ivp_default,solve_ivp_default,,,2.292866082603254,0.11387328458856782,0.5641940323334456,0.10897804936586658,0.5683870632604904,0.004895235222701244,0.004193030927044816,0.004895235222701244,0.6483622736652817,-1.8385432944949085,0.6470358839892203,-1.836838038918199,0.001326389676061357,0.001705255576709419,0.0021603717630678115,0.0048648729585347855,-24.31410576338875,0.21089423661125295,0.21089423661125295,0.00859915337864436,-24.544280730812197,0.019280730812194946,-0.019280730812194946,-0.0007861663939732903
screenshot_like_simple_start,solve_ivp_default,solve_ivp_default,,,2.297872340425532,0.10776496786449422,0.5809674925448136,0.10346007710622612,0.5844028717440293,0.004304890758268093,0.00343537919921566,0.004304890758268093,0.6563894562318742,-1.830131022637739,0.6549770541705013,-1.828694449578937,0.0014124020613728305,0.0014365730588019598,0.002014602128522116,0.004280901373873269,-24.30568049441468,0.21931950558532165,0.21931950558532165,0.008942691359238395,-24.543191381033427,0.018191381033425102,-0.018191381033425102,-0.0007417484621172314
screenshot_like_simple_start,solve_ivp_default,solve_ivp_default,,,2.3028785982478097,0.1018084740306531,0.597457129889766,0.09810473323501212,0.6001293900687281,0.0037037407956409807,0.0026722601789621603,0.0037037407956409807,0.6641746204522336,-1.8215907495604822,0.6626966990478743,-1.8204541379490904,0.001477921404359317,0.0011366116113917801,0.001864440300093847,0.003685251455035149,-24.298824869394267,0.22617513060573557,0.22617513060573557,0.009222227547634477,-24.542598176171825,0.017598176171823354,-0.017598176171823354,-0.0007175607001762835
screenshot_like_simple_start,solve_ivp_default,solve_ivp_default,,,2.3078848560700878,0.0960088528391527,0.613654790429631,0.09291642452155,0.6155598970891896,0.0030924283176027023,0.0019051066595585642,0.0030924283176027023,0.6717206931360707,-1.8129435270309568,0.6701985247242529,-1.8121366553253055,0.001522168411817848,0.000806871705651302,0.001722799646887795,0.003078640184501588,-24.29362263161887,0.231377368381132,0.231377368381132,0.00943434733460273,-24.542591288894357,0.017591288894355017,-0.017591288894355017,-0.0007172798733681964
screenshot_like_simple_start,solve_ivp_default,solve_ivp_default,,,2.3128911138923653,0.09037055493255555,0.629553004888358,0.0878976171116802,0.6306870562737356,0.0024729378208753483,0.001134051385377588,0.0024729378208753483,0.6790311129678054,-1.8042101321018238,0.6774842573406283,-1.803762032963764,0.0015468556271770462,0.0004480991380597654,0.0016104518523877692,0.0024631200918183577,-24.29011042452487,0.23488957547513323,0.23488957547513323,0.00957755659429697,-24.542781246002555,0.01778124600255282,-0.01778124600255282,-0.0007250253212050079
screenshot_like_simple_start,solve_ivp_default,solve_ivp_default,,,2.3178973717146434,0.08489743184387424,0.6451449886525289,0.08304610676797566,0.6455121066278845,0.00185132507589858,0.000367117975355602,0.00185132507589858,0.6861097770972981,-1.7954109686524693,0.6845582668928917,-1.7953454379155156,0.00155151020440647,6.55307369537006e-05,0.0015528934901863363,0.0018448015614773855,-24.28827813286477,0.23672186713523047,0.23672186713523047,0.009652267773098081,-24.543064876529463,0.018064876529461316,-0.018064876529461316,-0.0007365902764306346
screenshot_like_simple_start,solve_ivp_default,solve_ivp_default,,,2.3229036295369214,0.07959305491404263,0.6604249377903658,0.07835942380253205,0.6600368805363062,0.0012336311115105775,0.0003880572540596594,0.0012336311115105775,0.6929615379678902,-1.7865657683160088,0.6914252448986395,-1.786901089829608,0.0015362930692506271,0.00033532151359927376,0.0015724620542671357,0.0015362930692506271,-24.287947723999928,0.2370522760000746,0.2370522760000746,0.009665740101939841,-24.543388112486088,0.018388112486086072,-0.018388112486086072,-0.0007497701319505024
screenshot_like_simple_start,solve_ivp_default,solve_ivp_default,,,2.327909887359199,0.07446191465293868,0.6753928186347135,0.07383509195799819,0.6742631951724395,0.0006268226949404931,0.0011296234622739654,0.0011296234622739654,0.699597068505554,-1.7776904119207537,0.6980899419283499,-1.7784425942480264,0.0015071265772040876,0.0007521823272726991,0.001684401606855171,0.0015071265772040876,-24.287783588188375,0.23721641181162667,0.23721641181162667,0.009672432693644309,-24.543709962435873,0.018709962435870864,-0.018709962435870864,-0.0007628934734300046
screenshot_like_simple_start,solve_ivp_default,solve_ivp_default,,,2.332916145181477,0.06950259178597233,0.6900510643264193,0.06947062840757476,0.6881928524984958,3.196337839757313e-05,0.0018582118279234505,0.0018582118279234505,0.7060232131944079,-1.768799176643252,0.704557150676431,-1.769982957823123,0.0014660625179768738,0.0011837811798709463,0.0018843240667234874,0.0014660625179768738,-24.287509800169687,0.23749019983031516,0.23749019983031516,0.009683596323356377,-24.544000800267483,0.019000800267480855,-0.019000800267480855,-0.0007747523044844385
screenshot_like_simple_start,solve_ivp_default,solve_ivp_default,,,2.3379224030037546,0.06471238361699436,0.7044017432369388,0.06526354375501724,0.7018276392654502,0.0005511601380228798,0.002574103971488606,0.002574103971488606,0.7122453014766956,-1.7599059903655485,0.7108316899350096,-1.7615346037448911,0.0014136115416860662,0.0016286133793426139,0.0021565433290712767,0.0016286133793426139,-24.287195316887125,0.23780468311287706,0.23780468311287706,0.009696419291044936,-24.544240705152376,0.01924070515237375,-0.01924070515237375,-0.000784534358914322
screenshot_like_simple_start,solve_ivp_default,solve_ivp_default,,,2.3429286608260327,0.06008857068862705,0.718446919724146,0.061211342034632715,0.7151693270130516,0.0011227713460056632,0.0032775927110944014,0.0032775927110944014,0.71826868010801,-1.751024124324526,0.7169183894435045,-1.75310938732523,0.001350290664505538,0.0020852630007039963,0.0024842718572563355,0.0020852630007039963,-24.28689014531753,0.2381098546824738,0.2381098546824738,0.009708862576247658,-24.544417887317586,0.01941788731758365,-0.01941788731758365,-0.0007917589120319529
screenshot_like_simple_start,solve_ivp_default,solve_ivp_default,,,2.3479349186483103,0.0556284167822676,0.7321886541323233,0.057311520711282884,0.7282196720698129,0.0016831039290152866,0.0039689820625103955,0.0039689820625103955,0.724098696188225,-1.74216621034312,0.7228220755865509,-1.7447186116900941,0.0012766206016741055,0.002552401346974209,0.0028538592811585004,0.002552401346974209,-24.286628312144057,0.23837168785594542,0.23837168785594542,0.009719538750497265,-24.54452722274417,0.019527222744166295,-0.019527222744166295,-0.000796217033401276
screenshot_like_simple_start,solve_ivp_default,solve_ivp_default,,,2.3529411764705883,0.05132916891808485,0.7456290027921716,0.053561570680381206,0.7409804155530202,0.002232401762296353,0.004648587239151403,0.004648587239151403,0.7297406811844052,-1.7333442582461838,0.7285475579125877,-1.7363730435339146,0.00119312327181742,0.003028785287730873,0.0032553161844784437,0.003028785287730873,-24.286430606305213,0.2385693936947888,0.2385693936947888,0.009727600150653977,-24.544568910836674,0.01956891083667145,-0.01956891083667145,-0.0007979168536869092
screenshot_like_simple_start,solve_ivp_default,solve_ivp_default,,,2.3579474342928664,0.047188057355022066,0.7587700180208018,0.0499589762678953,0.7534532833687252,0.0027709189128732326,0.0053167346520766046,0.0053167346520766046,0.7351999359147577,-1.7245696734036873,0.7340996164452163,-1.7280829288940867,0.0011003194695414775,0.0035132554903993807,0.003681530534420899,0.0035132554903993807,-24.286307087934247,0.23869291206575483,0.23869291206575483,0.00973263657760468,-24.544547262133406,0.019547262133404075,-0.019547262133404075,-0.0007970341338798807
screenshot_like_simple_start,solve_ivp_default,solve_ivp_default,,,2.362953692115144,0.04320229559079568,0.7716137481217382,0.0465012152303459,0.7656399862117484,0.0032989196395502227,0.005973761909989772,0.005973761909989772,0.740481716462325,-1.7158532743480222,0.73948298975941,-1.7198580089065034,0.0009987267029150093,0.004004734558481271,0.004127390690376871,0.004004734558481271,-24.28625936105533,0.23874063894467312,0.23874063894467312,0.00973458262771348,-24.544469617888794,0.019469617888791646,-0.019469617888791646,-0.0007938682115715247
screenshot_like_simple_start,solve_ivp_default,solve_ivp_default,,,2.367959949937422,0.03936908036189432,0.7841622373849221,0.043185758754805986,0.7775422195656825,0.0038166783929116654,0.006620017819239599,0.006620017819239599,0.7455912209868653,-1.7072053104161609,0.7447023637946996,-1.7117075355061826,0.0008888571921656929,0.004502225090021739,0.004589128225413399,0.004502225090021739,-24.28628261077386,0.23871738922614227,0.23871738922614227,0.00973363462695789,-24.54434539953588,0.019345399535879437,-0.019345399535879437,-0.000788803243053188
screenshot_like_simple_start,solve_ivp_default,solve_ivp_default,,,2.3729662077596996,0.03568559164358127,0.7964175260867037,0.040010071458902875,0.7891616637028844,0.004324479815321608,0.007255862383819256,0.007255862383819256,0.7505335774032765,-1.698635479371187,0.749762361377597,-1.7036402870399328,0.0007712160256795331,0.00500480766874567,0.005063879338945627,0.00500480766874567,-24.28636740860549,0.23863259139451287,0.23863259139451287,0.009730177019144255,-24.54418528334478,0.01918528334477898,-0.01918528334477898,-0.0007822745502458299
screenshot_like_simple_start,solve_ivp_default,solve_ivp_default,,,2.3779724655819776,0.03214899264989167,0.8083816504898513,0.03697161139081591,0.8004999836844842,0.004822618740924239,0.007881666805367171,0.007881666805367171,0.755313831894963,-1.6901529449612633,0.7546675324257769,-1.6956645837607325,0.0006462994691861512,0.005511638799469143,0.005549402243456853,0.005511638799469143,-24.286501292053302,0.23849870794670025,0.23849870794670025,0.009724717959090733,-24.544000493788705,0.0190004937887025,-0.0190004937887025,-0.000774739807898165
screenshot_like_simple_start,solve_ivp_default,solve_ivp_default,,,2.382978723404255,0.02875642983363523,0.8200566428435423,0.034067830029278635,0.8115588293603764,0.005311400195643405,0.008497813483165917,0.008497813483165917,0.759936938230669,-1.681766354377572,0.7594223448068094,-1.6877883031761178,0.0005145934238596217,0.006021948798545784,0.006043895575221878,0.006021948798545784,-24.286670126587815,0.23832987341218725,0.23832987341218725,0.009717833778274709,-24.54380220800955,0.01880220800954646,-0.01880220800954646,-0.0007666547608377761
screenshot_like_simple_start,solve_ivp_default,solve_ivp_default,,,2.3879849812265332,0.025505032886393615,0.8314445313833718,0.03129617228357674,0.8223398353692287,0.005791139397183127,0.009104696014143099,0.009104696014143099,0.76440774785358,-1.673483855575929,0.7640311758246506,-1.680018895225301,0.00037657202892937836,0.006535039649371965,0.006545880361863914,0.006535039649371965,-24.286859259836895,0.23814074016310727,0.23814074016310727,0.009710121923062478,-24.54360106317274,0.018601063172738463,-0.018601063172738463,-0.0007584531365030973
screenshot_like_simple_start,solve_ivp_default,solve_ivp_default,,,2.3929912390488113,0.0223919147385227,0.8425473403313452,0.028654076493549827,0.8328446211384744,0.006262161755027126,0.009702719192870801,0.009702719192870801,0.7687310007118018,-1.6653131144299045,0.7684983043074932,-1.6723633972620915,0.0002326964043085633,0.007050282832187005,0.007054121889392679,0.007050282832187005,-24.28705447907893,0.23794552092107324,0.23794552092107324,0.009702161913193607,-24.543406758281467,0.018406758281464874,-0.018406758281464874,-0.0007505304090301681
screenshot_like_simple_start,solve_ivp_default,solve_ivp_default,,,2.397997496871089,0.019414171559151483,0.8533670898958816,0.026138974429590567,0.8430747908843157,0.006724802870439084,0.01029229901156592,0.01029229901156592,0.7729113167997778,-1.6572613316861267,0.7728279032710984,-1.6648284488228273,8.34135286793547e-05,0.007567117136700663,0.0075675768629935684,0.007567117136700663,-24.28724278408074,0.23775721591926313,0.23775721591926313,0.009694483829531626,-24.543227742076457,0.018227742076454945,-0.018227742076454945,-0.0007432310734538203
screenshot_like_simple_start,solve_ivp_default,solve_ivp_default,,,2.403003754693367,0.016568882756181486,0.8639057962718165,0.02374829129264419,0.8530319336117262,0.007179408536462706,0.010873862660090272,0.010873862660090272,0.7769531883806752,-1.649335259695213,0.7770240331322382,-1.657420306160613,7.084475156304837e-05,0.00808504646539987,0.00808535684595918,0.00808504646539987,-24.2874129879604,0.23758701203960086,0.23758701203960086,0.009687543814051004,-24.543070978895084,0.018070978895082135,-0.018070978895082135,-0.0007368390986781705
screenshot_like_simple_start,solve_ivp_default,solve_ivp_default,,,2.4080100125156445,0.013853110976288469,0.8741654716403952,0.02147944571420987,0.862717623114445,0.007626334737921403,0.011447848525950155,0.011447848525950155,0.7808609728603324,-1.641541218894353,0.7810906354474536,-1.6501448565290673,0.00022966258712120435,0.008603637634714278,0.008606702356500724,0.008603637634714278,-24.28755615911286,0.237443840887142,0.237443840887142,0.009681706050444118,-24.542941784738975,0.0179417847389729,-0.0179417847389729,-0.000731571243179323
screenshot_like_simple_start,solve_ivp_default,solve_ivp_default,,,2.4130162703379225,0.011263902104920398,0.8841481241692798,0.01932984975633921,0.8721334179749831,0.008065947651418812,0.012014706194296676,0.012014706194296676,0.7846388862839713,-1.6338851140199666,0.7850315271529428,-1.6430076322005758,0.0003926408689715055,0.009122518180609163,0.0091309640678042,0.009122518180609163,-24.287665917340654,0.2373340826593484,0.2373340826593484,0.00967723068947394,-24.542843726252162,0.017843726252159797,-0.017843726252159797,-0.0007275729358678816
screenshot_like_simple_start,solve_ivp_default,solve_ivp_default,,,2.4180225281602,0.0087982852662995,0.8938557580125429,0.017296908911637626,0.8812808615646175,0.008498623645338127,0.012574896447925421,0.012574896447925421,0.7882909974275198,-1.6263724500311845,0.7888503952820023,-1.6360138242057634,0.0005593978544824463,0.009641374174578887,0.009657588826090925,0.009641374174578887,-24.287738597211224,0.2372614027887785,0.2372614027887785,0.009674267188125524,-24.542778575807212,0.017778575807209762,-0.017778575807209762,-0.0007249164447384204
screenshot_like_simple_start,solve_ivp_default,solve_ivp_default,,,2.423028785982478,0.006453272823420328,0.9032903733106736,0.015378022103262987,0.8901614820433963,0.008924749279842659,0.013128891267277343,0.013128891267277343,0.7918212224560939,-1.6190083477269899,0.7925507921371195,-1.6291682957824343,0.0007295696810256658,0.010159948055444401,0.010186108992583986,0.010159948055444401,-24.28777329134179,0.23722670865821271,0.23722670865821271,0.009672852544677379,-24.542746316406507,0.017746316406505258,-0.017746316406505258,-0.0007236010767178495
screenshot_like_simple_start,solve_ivp_default,solve_ivp_default,,,2.428035043804756,0.0042258603780512966,0.9124539661905722,0.013570581684926891,0.8987767923601351,0.009344721306875595,0.013677173830437095,0.013677173830437095,0.7952333201228942,-1.6117975590419045,0.7961361308944596,-1.6224755955237427,0.0009028107715653988,0.010678036481838182,0.010716134116215683,0.010678036481838182,-24.287771785819096,0.2372282141809059,0.2372282141809059,0.009672913931943155,-24.54274519061215,0.01774519061214619,-0.01774519061214619,-0.000723555172768448
screenshot_like_simple_start,solve_ivp_default,solve_ivp_default,,,2.433041301627034,0.002113026770734064,0.9213485287655525,0.011871973440893982,0.9071282902524174,0.009758946670159918,0.014220238513135142,0.014220238513135142,0.7985308874825399,-1.604744482006938,0.7996096816191851,-1.6159399702166832,0.0010787941366452447,0.011195488209745141,0.011247344266261375,0.011195488209745141,-24.28773839931773,0.23726160068227387,0.23726160068227387,0.009674275257177322,-24.542771788206416,0.017771788206413675,-0.017771788206413675,-0.0007246396822187022
screenshot_like_simple_start,solve_ivp_default,solve_ivp_default,,,2.438047559449312,0.00011173408078291036,0.929976049135344,0.01027957658598172,0.9152174582465982,0.01016784250519881,0.01475859088874587,0.01475859088874587,0.8017173560936103,-1.5978531753642817,0.8029745676707349,-1.6095653773632903,0.0012572115771246617,0.011712201999008576,0.011779484564922046,0.011712201999008576,-24.28767973671046,0.23732026328954348,0.23732026328954348,0.009676667208544076,-24.542821167748187,0.017821167748184763,-0.017821167748184763,-0.0007266531191920392
screenshot_like_simple_start,solve_ivp_default,solve_ivp_default,,,2.4430538172715894,-0.001781072373713874,0.9383385113860871,0.008790763765561163,0.9230457636577986,0.010571836139275037,0.015292747728288592,0.015292747728288592,0.8047959886859571,-1.5911273728258557,0.8062337624778761,-1.6033554973781055,0.001437773791919006,0.012228124552249753,0.012312360599903755,0.012228124552249753,-24.28760436708861,0.23739563291139376,0.23739563291139376,0.009679740383746941,-24.542887007622202,0.017887007622199746,-0.017887007622199746,-0.0007293377215983586
screenshot_like_simple_start,solve_ivp_default,solve_ivp_default,,,2.4480600750938675,-0.003568464035895405,0.9464378955903381,0.007402901055556049,0.9306146585899105,0.010971365091451454,0.015823237000427537,0.015823237000427537,0.8077698762691446,-1.5845704969673031,0.8093900866640591,-1.5973137454565518,0.0016202103949144453,0.012743248489248682,0.012845834491481183,0.012743248489248682,-24.28752243514961,0.23747756485039062,0.23747756485039062,0.009683081135591869,-24.542961782576086,0.017961782576083607,-0.017961782576083607,-0.0007323866493815945
screenshot_like_simple_start,solve_ivp_default,solve_ivp_default,,,2.453066332916145,-0.005253529110127039,0.9542761778070642,0.006113347962443796,0.9379255799355928,0.011366877072570836,0.016350597871471417,0.016350597871471417,0.8106419356591577,-1.578185672750454,0.8124462055042857,-1.5914432831098813,0.0018042698451280481,0.013257610359427296,0.013379821453084953,0.013257610359427296,-24.287445213881004,0.2375547861189986,0.2375547861189986,0.009686229811172216,-24.543036962102757,0.018036962102755183,-0.018036962102755183,-0.0007354520735068372
screenshot_like_simple_start,solve_ivp_default,solve_ivp_default,,,2.458072590738423,-0.006839372562001317,0.961855330081649,0.00491945742325442,0.944979949376275,0.011758829985255737,0.016875380705373977,0.016875380705373977,0.8134149074013367,-1.5719757406685457,0.8154046266954194,-1.5857470293632652,0.001989719294082648,0.013771288694719441,0.013914286729205786,0.013771288694719441,-24.287384605392628,0.23761539460737424,0.23761539460737424,0.009688701105295586,-24.543103227353637,0.018103227353634566,-0.018103227353634566,-0.0007381540205355582
screenshot_like_simple_start,solve_ivp_default,solve_ivp_default,,,2.463078848560701,-0.008329116118337282,0.9691773204458876,0.0038185758055715585,0.9517791733821541,0.01214769192390884,0.017398147063733438,0.017398147063733438,0.8160913540682733,-1.5659432695097082,0.8182676984225336,-1.5802276716144812,0.0021763443542602845,0.014284402104772997,0.014449242825807996,0.014284402104772997,-24.28735259563676,0.2376474043632406,0.2376474043632406,0.009690006294117863,-24.543150703561825,0.018150703561822468,-0.018150703561822468,-0.000740089849615595
screenshot_like_simple_start,solve_ivp_default,solve_ivp_default,,,2.4680851063829787,-0.009725158970073552,0.9762434604561533,0.0028080429075317687,0.9583246432121958,0.01253320187760532,0.017918817243957497,0.017918817243957497,0.8186740327056021,-1.5600911164241094,0.8210376077046072,-1.5748876761513955,0.0023635749990050803,0.014796559727286107,0.014984147174232739,0.014796559727286107,-24.287351552121937,0.23764844787806538,0.23764844787806538,0.009690048843142318,-24.54316920521595,0.01816920521594767,-0.01816920521594767,-0.0007408442493760518
screenshot_like_simple_start,solve_ivp_default,solve_ivp_default,,,2.4730913642052568,-0.011027881887068255,0.9830531794381747,0.001885847791044185,0.9646176679702491,0.01291372967811244,0.018435511467925658,0.018435511467925658,0.8211665283664634,-1.5544234904839613,0.823716996695571,-1.5697293521071733,0.002550468329107547,0.015305861623212014,0.015516903322721803,0.015305861623212014,-24.28735722904225,0.237642770957752,0.237642770957752,0.00968981736830793,-24.543161404643346,0.018161404643343815,-0.018161404643343815,-0.0007405261832148344
screenshot_like_simple_start,solve_ivp_default,solve_ivp_default,,,2.4780976220275344,-0.012239361943597482,0.9896073223953183,0.001050526379101209,0.9706590521665494,0.01328988832269869,0.018948270228768993,0.018948270228768993,0.8235713995643104,-1.5489432068936995,0.8263086222336651,-1.5647552139115395,0.002737222669354722,0.015812007017840024,0.01604717900049263,0.015812007017840024,-24.287365963313565,0.2376340366864369,0.2376340366864369,0.009689461230843502,-24.54314097390389,0.01814097390388625,-0.01814097390388625,-0.0007396931255407236
screenshot_like_simple_start,solve_ivp_default,solve_ivp_default,,,2.4831038798498124,-0.01336175940396871,0.995906833322933,0.00030023588242395665,0.9764493954862582,0.013661995286392666,0.01945743783667475,0.01945743783667475,0.8258910327774595,-1.5436527841565102,0.8288146088081512,-1.5599677520818784,0.0029235760306917102,0.01631496792536824,0.016574844651248758,0.01631496792536824,-24.287376373088414,0.23762362691158856,0.23762362691158856,0.009689036775192193,-24.54311257973132,0.0181125797313193,-0.0181125797313193,-0.0007385353611139367
screenshot_like_simple_start,solve_ivp_default,solve_ivp_default,,,2.48811013767209,-0.014397154925687463,1.0019526151476958,-0.0003667983659584105,0.9819892730254562,0.014030356559729052,0.019963342122239602,0.019963342122239602,0.8281277249023155,-1.538554570669561,0.8312369981057471,-1.5553692924420286,0.003109273203431684,0.016814721772467678,0.017099779183927404,0.016814721772467678,-24.287387373883348,0.237612626116654,0.237612626116654,0.009688588220862548,-24.543080109837653,0.018080109837651293,-0.018080109837651293,-0.0007372114103017856
screenshot_like_simple_start,solve_ivp_default,solve_ivp_default,,,2.493116395494368,-0.015347549559458072,1.007745529727617,-0.0009522827853701114,0.9872792353032656,0.01439526677408796,0.02046629442435144,0.02046629442435144,0.8302836823258745,-1.5336507540228015,0.833577747434229,-1.5509620034684515,0.0032940651083545047,0.01731124944564999,0.017621867730396677,0.01731124944564999,-24.287398152716055,0.23760184728394762,0.23760184728394762,0.009688148716980535,-24.543046736152927,0.01804673615292529,-0.01804673615292529,-0.000735850607662601
screenshot_like_simple_start,solve_ivp_default,solve_ivp_default,,,2.498122653316646,-0.016214864749183044,1.013286397852036,-0.0014578555474883117,0.9923198082618464,0.014757009201694732,0.02096658959018949,0.02096658959018949,0.8323610201239904,-1.5289433698351234,0.8358387281593322,-1.5467479032881766,0.0034777080353418643,0.017804533453053217,0.018140999549638177,0.017804533453053217,-24.287408138066574,0.23759186193342785,0.23759186193342785,0.009687741567112246,-24.5430149782756,0.01801497827559828,-0.01801497827559828,-0.0007345556891171571
screenshot_like_simple_start,solve_ivp_default,solve_ivp_default,,,2.5031289111389237,-0.017000942331963354,1.0185759992416221,-0.0018850865763433361,0.9971114932663986,0.015115855755620019,0.021464505975223536,0.021464505975223536,0.8343617613725831,-1.5244343101367996,0.8380217242775582,-1.542728866321999,0.003659962904975056,0.018294556185199262,0.0186570660737214,0.018294556185199262,-24.287416967166195,0.23758303283380755,0.23758303283380755,0.009687381563050256,-24.542986768355426,0.017986768355424232,-0.017986768355424232,-0.00073340543753004
screenshot_like_simple_start,solve_ivp_default,solve_ivp_default,,,2.5081351689612017,-0.01770754453809862,1.0236150725483784,-0.00223547754831874,1.0016547671051628,0.01547206698977988,0.02196030544321559,0.02196030544321559,0.8362878365595857,-1.5201253313070286,0.8401284311155973,-1.538906629576759,0.0038405945560116006,0.018781298269730407,0.0191699590829048,0.018781298269730407,-24.287424451917744,0.23757554808225834,0.23757554808225834,0.009687076374404009,-24.542963516349364,0.01796351634936144,-0.01796351634936144,-0.0007324573435009761
screenshot_like_simple_start,solve_ivp_default,solve_ivp_default,,,2.5131414267834793,-0.018336353991086657,1.0284043153556353,-0.0025104618921510764,1.005950081989418,0.01582589209893558,0.022454233366217213,0.022454233366217213,0.8381410830860265,-1.5160180615752512,0.8421604541474988,-1.5352827985905537,0.004019371061472321,0.019264737015302513,0.019679568999309106,0.019264737015302513,-24.287430544573585,0.23756945542641716,0.23756945542641716,0.009686827948070017,-24.542946174716842,0.017946174716840346,-0.017946174716840346,-0.0007317502432962424
screenshot_like_simple_start,solve_ivp_default,solve_ivp_default,,,2.5181476846057573,-0.018888973707623935,1.0329443841780561,-0.0027114047889301328,1.0099978655534843,0.0161775689186938,0.022946518624571866,0.022946518624571866,0.8399232448452534,-1.5121140080946973,0.8441193079211375,-1.5318588530347115,0.00419606307588416,0.01974484494001416,0.020185783290276385,0.01974484494001416,-24.28743530413891,0.2375646958610922,0.2375646958610922,0.00968663387812812,-24.54293530173268,0.017935301732677544,-0.017935301732677544,-0.0007313069004149864
screenshot_like_simple_start,solve_ivp_default,solve_ivp_default,,,2.523153942428035,-0.019366927097605173,1.037235894461634,-0.002839603172098743,1.0137985208547189,0.016527323925506432,0.023437373606915113,0.023437373606915113,0.8416359718698879,-1.5084145635964163,0.8460064150859493,-1.5286361519763498,0.004370443216061393,0.020221588379933486,0.020688484973827304,0.020221588379933486,-24.28743886432796,0.23756113567204196,0.23756113567204196,0.009686488712417613,-24.54293112269557,0.01793112269556829,-0.01793112269556829,-0.0007311365013483503
screenshot_like_simple_start,solve_ivp_default,solve_ivp_default,,,2.528160200250313,-0.01977165796412371,1.0412794205836933,-0.0028962857274529245,1.0173524263735216,0.016875372236670787,0.023926994210171637,0.023926994210171637,0.8432808200366816,-1.5049210126317556,0.847823105514336,-1.5256159388052697,0.004542285477654451,0.020694926173514094,0.02118755121970704,0.020694926173514094,-24.287441403776103,0.23755859622389863,0.23755859622389863,0.009686385167131441,-24.542933588398437,0.017933588398435063,-0.017933588398435063,-0.0007312370396915418
screenshot_like_simple_start,solve_ivp_default,solve_ivp_default,,,2.533166458072591,-0.02010453050347119,1.0450754958528885,-0.0028826128931417902,1.0206599360133297,0.0172219176103294,0.024415559839558787,0.024415559839558787,0.8448592508200128,-1.5016345374109834,0.849570615509552,-1.5227993458288682,0.004711364689539255,0.021164808417884817,0.021682852040347582,0.021164808417884817,-24.2874431191012,0.23755688089880067,0.23755688089880067,0.009686315225231423,-24.54294243030565,0.01794243030564857,-0.01794243030564857,-0.0007315975659795543
screenshot_like_simple_start,solve_ivp_default,solve_ivp_default,,,2.5381727158948686,-0.020366829305137755,1.048624612509205,-0.0027996768596675976,1.0237213791006206,0.017567152445470156,0.024903233408584358,0.024903233408584358,0.8463726310853299,-1.498556223245412,0.8512500870933286,-1.5201873985386432,0.004877456007998715,0.02163117529323122,0.02217424906679952,0.02163117529323122,-24.287444201310894,0.23755579868910814,0.23755579868910814,0.009686271098434581,-24.542957211951823,0.01795721195182054,-0.01795721195182054,-0.0007322002834585337
screenshot_like_simple_start,solve_ivp_default,solve_ivp_default,,,2.5431789737171466,-0.02055975935181202,1.051927221723959,-0.002648501569885715,1.0265370603849118,0.017911257781926305,0.025390161339047257,0.025390161339047257,0.8478222329143866,-1.495687063600046,0.8528625673668981,-1.5177810195517565,0.005040334452511508,0.022093955951710376,0.022661594405277243,0.022093955951710376,-24.287444815967643,0.23755518403235953,0.23755518403235953,0.009686246035977961,-24.542977376139145,0.017977376139143075,-0.017977376139143075,-0.0007330224725440601
screenshot_like_simple_start,solve_ivp_default,solve_ivp_default,,,2.5481852315394242,-0.02068444601938097,1.0549837335997974,-0.0024300427190046764,1.0291072600387596,0.018254403300376296,0.025876473561037727,0.025876473561037727,0.8492092334546653,-1.4930279647634097,0.8544090079395135,-1.5155810322309766,0.0051997744848482075,0.022553067467566912,0.023144729570463846,0.022553067467566912,-24.28744508744877,0.23755491255123218,0.23755491255123218,0.009686234966411097,-24.543002287565216,0.018002287565213493,-0.018002287565213493,-0.000734038228958756
screenshot_like_simple_start,solve_ivp_default,solve_ivp_default,,,2.5531914893617023,-0.02074193507693011,1.0577945171706982,-0.002145187754586081,1.0314322336577608,0.01859674732234403,0.026362283512937346,0.026362283512937346,0.8505347147859086,-1.49057975014081,0.8558902644189824,-1.5135881639861664,0.005355549633073831,0.023008413845356346,0.023623484492163786,0.023008413845356346,-24.287445087573772,0.23755491242622995,0.23755491242622995,0.009686234961314166,-24.54303127056253,0.018031270562527624,-0.018031270562527624,-0.0007352200025495463
screenshot_like_simple_start,solve_ivp_default,solve_ivp_default,,,2.55819774718398,-0.020733192686743337,1.0603599004019693,-0.001794755876544739,1.0335122122605511,0.0189384368101986,0.026847688141418136,0.026847688141418136,0.8517996637972077,-1.4883431641769018,0.8573070959591467,-1.5118030492603274,0.005507432161938941,0.023459885083425558,0.02409767659227529,0.023459885083425558,-24.28744482881416,0.2375551711858428,0.2375551711858428,0.009686245512164843,-24.543063641674443,0.0180636416744413,-0.0180636416744413,-0.0007365399255633557
screenshot_like_simple_start,solve_ivp_default,solve_ivp_default,,,2.563204005006258,-0.020659105404303005,1.06268017019025,-0.0013794980371484786,1.0353474022888063,0.019279607367154526,0.027332767901443678,0.027332767901443678,0.8530049720686036,-1.4863188759129764,0.8586601648596704,-1.5102262322030096,0.005655192791066854,0.023907356290033155,0.024567109929389788,0.023907356290033155,-24.287444262251448,0.2375557377485542,0.2375557377485542,0.009686268613600578,-24.543098736831414,0.018098736831412054,-0.018098736831412054,-0.0007379709207507463
screenshot_like_simple_start,solve_ivp_default,solve_ivp_default,,,2.568210262828536,-0.02052048017828991,1.0647555723635098,-0.0009000969410183535,1.0369379856072412,0.019620383237271558,0.027817586756268664,0.027817586756268664,0.8541514357516686,-1.4845074821839717,0.8599500362139073,-1.5088581690337204,0.005798600462238679,0.024350686849748726,0.025031574408638388,0.024350686849748726,-24.2874432804053,0.23755671959470348,0.23755671959470348,0.009686308648102078,-24.543135932926077,0.01813593292607507,-0.01813593292607507,-0.000739487581083591
screenshot_like_simple_start,solve_ivp_default,solve_ivp_default,,,2.5732165206508135,-0.020318044350583323,1.0665863116810492,-0.00035716704512856346,1.0382841195036108,0.01996087730545476,0.028302192177438457,0.028302192177438457,0.8552397554440295,-1.482909510459736,0.861177177601042,-1.5076992300977499,0.005937422157012429,0.024789719638013796,0.025490845054684026,0.024789719638013796,-24.287441725016084,0.23755827498391824,0.23755827498391824,0.009686372068661294,-24.543174663617044,0.01817466361704234,-0.01817466361704234,-0.0007410668141505541
screenshot_like_simple_start,solve_ivp_default,solve_ivp_default,,,2.5782227784730916,-0.020052445656260867,1.0681725518334997,0.0002487454411937238,1.0393859366887093,0.02030119109745459,0.028786615144790417,0.028786615144790417,0.8562705360532901,-1.4815254213346178,0.8623419588191108,-1.50674970161662,0.006071422765820733,0.025224280282002187,0.025944681346016386,0.025224280282002187,-24.28743939983232,0.23756060016768288,0.23756060016768288,0.009686466877377486,-24.5432144292191,0.018214429219096218,-0.018214429219096218,-0.0007426882454269609
screenshot_like_simple_start,solve_ivp_default,solve_ivp_default,,,2.583229036295369,-0.019724252223598727,1.0695144154428229,0.0009171625562679859,1.0402435452963705,0.020641414779866713,0.029270870146452355,0.029270870146452355,0.8572442866462885,-1.4803556106689717,0.8634446516559237,-1.5060097871351388,0.006200365009635167,0.025654176466167078,0.02639282660894715,0.025654176466167078,-24.28743608842382,0.2375639115761814,0.2375639115761814,0.00968660189913074,-24.543254800562952,0.018254800562949924,-0.018254800562949924,-0.0007443343756554505
screenshot_like_simple_start,solve_ivp_default,solve_ivp_default,,,2.588235294117647,-0.01933395257407142,1.0706119840623114,0.0016476745860608054,1.0408570288834684,0.020981627160132226,0.029754955178842968,0.029754955178842968,0.8581614202801149,-1.4794004113856851,0.864485429695319,-1.5054796086668203,0.006324009415204168,0.02607919728113517,0.02683500746994416,0.02607919728113517,-24.287431577015052,0.23756842298494973,0.23756842298494973,0.009686785850558603,-24.543295416730594,0.01829541673059154,-0.01829541673059154,-0.0007459904885052615
screenshot_like_simple_start,solve_ivp_default,solve_ivp_default,,,2.593241551939925,-0.018881955622352016,1.0714652981765889,0.002439940064185416,1.0412264464299161,0.02132189568653743,0.030238851746672735,0.030238851746672735,0.8590222538117809,-1.4786600949243351,0.8654643681565956,-1.5051592075391795,0.006442114344814676,0.02649911261484439,0.027270933365139374,0.02649911261484439,-24.28742568230851,0.23757431769149306,0.23757431769149306,0.009687026205565465,-24.543335976593312,0.018335976593309766,-0.018335976593309766,-0.0007476443055376051
screenshot_like_simple_start,solve_ivp_default,solve_ivp_default,,,2.598247809762203,-0.018368590676311906,1.072074357201609,0.003293685771902152,1.0413518323386661,0.021662276448214057,0.0307225248629428,0.0307225248629428,0.85982700768391,-1.4781348723550776,0.8663814437653735,-1.5050485449401876,0.006554436081463555,0.026913672585110016,0.027700296106079693,0.026913672585110016,-24.28741828424594,0.23758171575406095,0.23758171575406095,0.0096873278594928,-24.54337622409875,0.018376224098748395,-0.018376224098748395,-0.000749285386289435
screenshot_like_simple_start,solve_ivp_default,solve_ivp_default,,,2.603254067584481,-0.017794107437021,1.0724391194846563,0.004208706738118033,1.0412331964357107,0.02200281417513903,0.03120592304894565,0.03120592304894565,0.8605758056842848,-1.4778248951538646,0.8672365346545476,-1.5051475021669156,0.006660728970262819,0.027322607013051003,0.028122769500974157,0.027322607013051003,-24.287409363633618,0.23759063636638444,0.23759063636638444,0.00968769159495961,-24.543415927271685,0.01841592727168262,-0.01841592727168262,-0.0007509042720359885
screenshot_like_simple_start,solve_ivp_default,solve_ivp_default,,,2.6082603254067585,-0.017158675998747718,1.072559502304347,0.0051848662393869345,1.0408705239700822,0.022343542238134652,0.03168897833426487,0.03168897833426487,0.8612686746775534,-1.4777302556400709,0.8680294202943993,-1.5054558805771587,0.00676074561684592,0.027725624937087856,0.02853800903090069,0.027725624937087856,-24.287399044537324,0.23760095546267834,0.23760095546267834,0.00968811235321828,-24.543454850910106,0.01845485091010346,-0.01845485091010346,-0.0007524913724812827
screenshot_like_simple_start,solve_ivp_default,solve_ivp_default,,,2.6132665832290365,-0.016462386848958732,1.0724353818706267,0.006222095799909848,1.0402637756138517,0.02268448264886858,0.032171606256774954,0.032171606256774954,0.8619055443078617,-1.4778509870770926,0.8687597814513465,-1.505973401244577,0.006854237143484765,0.02812241416748429,0.028945651580619968,0.02812241416748429,-24.2873876413318,0.2376123586682013,0.2376123586682013,0.009688577315726862,-24.543492722974868,0.018492722974865927,-0.018492722974865927,-0.0007540355953054404
screenshot_like_simple_start,solve_ivp_default,solve_ivp_default,,,2.618272841051314,-0.015705250868319358,1.0720665933247724,0.007320395191534295,1.039412887462131,0.023025646059853654,0.03265370586264149,0.03265370586264149,0.8624862466716479,-1.4781870634359553,0.8694272001752092,-1.5066997043176438,0.006940953503561387,0.028512640881688478,0.02934531522384338,0.028512640881688478,-24.28737571026832,0.2376242897316807,0.2376242897316807,0.009689063801495645,-24.54352919468726,0.018529194687257444,-0.018529194687257444,-0.000755522719154228
screenshot_like_simple_start,solve_ivp_default,solve_ivp_default,,,2.623279098873592,-0.014887199330693168,1.0714529307393919,0.008479832433755042,1.0383177710330702,0.02336703176444821,0.03313515970632164,0.03313515970632164,0.8630105159602959,-1.4787383988214553,0.8700311598152862,-1.5076343480824521,0.007020643854990349,0.02889594926099681,0.029736599062984925,0.02889594926099681,-24.287364105401455,0.23763589459854728,0.23763589459854728,0.00968953698668898,-24.543563794364953,0.018563794364951036,-0.018563794364951036,-0.0007569335113129881
screenshot_like_simple_start,solve_ivp_default,solve_ivp_default,,,2.6282853566958697,-0.0140080839031424,1.0705941471184233,0.009700543793713334,1.0369783132678603,0.023708627696855736,0.03361583385056299,0.03361583385056299,0.8634779880728161,-1.4795048465598253,0.8705710450659304,-1.5087768077291683,0.007093056993114355,0.029271961169343053,0.030119083123612778,0.029271961169343053,-24.28735403869228,0.23764596130772375,0.23764596130772375,0.00968994745393369,-24.543595875043206,0.01859587504320359,-0.01859587504320359,-0.0007582415919756816
screenshot_like_simple_start,solve_ivp_default,solve_ivp_default,,,2.6332916145181477,-0.013067676645927449,1.0694899543971355,0.010982733786197697,1.0353943765307307,0.024050410432125146,0.034095577866404714,0.034095577866404714,0.863888200199192,-1.4804861979463984,0.8710461420427301,-1.510126473821702,0.007157941843538129,0.0296402758753036,0.03049232830401081,0.0296402758753036,-24.28734714407905,0.23765285592095253,0.23765285592095253,0.009690228579855352,-24.54362455594531,0.01862455594530843,-0.01862455594530843,-0.0007594110477189981
screenshot_like_simple_start,solve_ivp_default,solve_ivp_default,,,2.638297872340426,-0.012065697139143808,1.0681400343413505,0.012326675173643229,1.0335657986089513,0.024392372312787035,0.03457423573239926,0.03457423573239926,0.864240568501595,-1.481682170772872,0.8714556383908019,-1.511682650469902,0.007215069889206838,0.030000479697029903,0.030855891099724253,0.030000479697029903,-24.287345535334467,0.23765446466553541,0.23765446466553541,0.009690294175964747,-24.543648657884194,0.018648657884192232,-0.018648657884192232,-0.0007603937975205802
screenshot_like_simple_start,solve_ivp_default,solve_ivp_default,,,2.6433041301627034,-0.011002325243125801,1.0665443213289982,0.013732708966131848,1.0314923927128312,0.02473503420925765,0.035051928616167016,0.035051928616167016,0.8645340116147268,-1.4830921543478102,0.8717986234271113,-1.5134445532033736,0.00726461181238458,0.0303523988555634,0.03120965717645492,0.0303523988555634,-24.287350516129006,0.23764948387099594,0.23764948387099594,0.009690091085463646,-24.54366663269668,0.018666632696678676,-0.018666632696678676,-0.0007611267154609042
screenshot_like_simple_start,solve_ivp_default,solve_ivp_default,,,2.6483103879849814,-0.009877245075609867,1.0647027246456968,0.015201244421392734,1.0291739474757193,0.0250784894970026,0.03552877716997749,0.03552877716997749,0.8647677738634326,-1.4847154639222668,0.8720740883191482,-1.5154113065457788,0.007306314455715612,0.030695842623511993,0.03155339894992637,0.030695842623511993,-24.28736097156683,0.23763902843317197,0.23763902843317197,0.009689664767917307,-24.543676486832865,0.01867648683286305,-0.01867648683286305,-0.0007615285151014494
screenshot_like_simple_start,solve_ivp_default,solve_ivp_default,,,2.653316645807259,-0.00868981860590551,1.0626150267682433,0.016732782643843286,1.0266099142801088,0.025422601249748794,0.03600511248813443,0.03600511248813443,0.8649412024866745,-1.48655142374473,0.8722807880202497,-1.5175822084012007,0.007339585533575166,0.0310307846564708,0.031886974020764805,0.0310307846564708,-24.287375455309068,0.23762454469093441,0.23762454469093441,0.009689074197387742,-24.543676691832765,0.01867669183276277,-0.01867669183276277,-0.0007615368739148937
screenshot_like_simple_start,solve_ivp_default,solve_ivp_default,,,2.658322903629537,-0.007439339111349377,1.0602809568418372,0.01832816613688269,1.0237984794115131,0.025767505248232066,0.03648247743032407,0.03648247743032407,0.8650535293775444,-1.4885992965719024,0.8724170046855155,-1.5199575124480273,0.007363475307971101,0.03135821587612497,0.03221115445842878,0.03135821587612497,-24.287392500628467,0.2376074993715349,0.2376074993715349,0.009688379179267478,-24.54367022348962,0.01867022348961811,-0.01867022348961811,-0.0007612731290364162
screenshot_like_simple_start,solve_ivp_default,solve_ivp_default,,,2.6633291614518146,-0.006125031177306114,1.0577001906800845,0.01998844878357389,1.020739059779282,0.026113479960880003,0.03696113090080244,0.03696113090080244,0.8651038708897227,-1.4908582805640413,0.8724817057096288,-1.5225362872174728,0.0073778348199060595,0.031678006653431456,0.0325258136280196,0.031678006653431456,-24.28741063795311,0.23758936204689363,0.23758936204689363,0.009687639634939597,-24.54365773861769,0.01865773861768716,-0.01865773861768716,-0.0007607640618832684
screenshot_like_simple_start,solve_ivp_default,solve_ivp_default,,,2.6683354192740927,-0.004746050697167467,1.0548723507649935,0.02171472962668327,1.0174312264445293,0.026460780323850738,0.0374411243204642,0.0374411243204642,0.8650912275904761,-1.4933275058123303,0.8724738265994475,-1.5253173391805335,0.007382599008971424,0.03198983336820316,0.032830659558599644,0.03198983336820316,-24.287428415950803,0.2375715840491992,0.2375715840491992,0.009686914742067246,-24.543639925308987,0.018639925308985283,-0.018639925308985283,-0.0007600377292144865
screenshot_like_simple_start,solve_ivp_default,solve_ivp_default,,,2.6733416770963707,-0.003301484872353093,1.0517970062469784,0.02350815273939383,1.0138745059478065,0.02680963761174692,0.03792250029917188,0.03792250029917188,0.8650144839645924,-1.4960060304934424,0.8723921683330513,-1.5282993785795544,0.007377684368458981,0.03229334808611206,0.03312537633373244,0.03229334808611206,-24.287444425811074,0.23755557418892792,0.23755557418892792,0.009686261944502667,-24.543617966881822,0.018617966881819825,-0.018617966881819825,-0.0007591423805023374
screenshot_like_simple_start,solve_ivp_default,solve_ivp_default,,,2.6783479349186483,-0.0017903522123102287,1.0484736729448578,0.025369907225305577,1.0100683803091013,0.027160259437615804,0.03840529263575654,0.03840529263575654,0.8648724080741963,-1.4988928366459218,0.8722353972700604,-1.5314810146719067,0.007362989195864089,0.032588178025984904,0.03340962371760114,0.032588178025984904,-24.28745732832733,0.23754267167267074,0.23754267167267074,0.009685735848019194,-24.54359344791957,0.018593447919567296,-0.018593447919567296,-0.000758142626689798
screenshot_like_simple_start,solve_ivp_default,solve_ivp_default,,,2.6833541927409263,-0.00021160253451326869,1.0449018133458534,0.027301227218436076,1.006012287027838,0.027512829752949344,0.038889526318015344,0.038889526318015344,0.8646636511799636,-1.5019868255624569,0.8720020450694834,-1.5348607506199523,0.007338393889519845,0.03287392505749542,0.0336830368815457,0.03287392505749542,-24.287465883319307,0.23753411668069546,0.23753411668069546,0.00968538702061959,-24.543568258530502,0.01856825853050026,-0.01856825853050026,-0.0007571155364118351
screenshot_like_simple_start,solve_ivp_default,solve_ivp_default,,,2.688360450563204,0.0014358830355352854,1.0410808366055933,0.029303391883219242,1.0017056190828793,0.027867508847683957,0.039375217522714,0.039375217522714,0.8643867473298372,-1.5052868127915815,0.8716905086221484,-1.5384369780222216,0.0073037612923111395,0.03315016523064007,0.033945226230411255,0.03315016523064007,-24.287468980865746,0.23753101913425567,0.23753101913425567,0.009685260719031832,-24.543544497405858,0.01854449740585551,-0.01854449740585551,-0.0007561466832153112
screenshot_like_simple_start,solve_ivp_default,solve_ivp_default,,,2.693366708385482,0.003153292064305948,1.0370100985481079,0.031377725414506744,0.9971477249325222,0.028224433350200796,0.039862373615585645,0.039862373615585645,0.8640401129219367,-1.5087915227418556,0.871299050005382,-1.5422079710804928,0.0072589370834452716,0.03341644833863722,0.03419577732922922,0.03341644833863722,-24.28746567373771,0.23753432626229198,0.23753432626229198,0.009685395566250437,-24.543524374335135,0.018524374335132876,-0.018524374335132876,-0.0007553261706476198
screenshot_like_simple_start,solve_ivp_default,solve_ivp_default,,,2.6983729662077596,0.004941880810241073,1.0326889016658336,0.033525597037566544,0.9923379085145034,0.028583716227325473,0.04035099315133017,0.04035099315133017,0.8636220462489825,-1.51249958288105,0.8708257964682284,-1.5461718803972357,0.007203750219245908,0.033672297516185834,0.03443425093188206,0.033672297516185834,-24.287455210333473,0.23754478966652925,0.23754478966652925,0.009685822208625045,-24.543510112928352,0.018510112928350253,-0.018510112928350253,-0.0007547446657839043
screenshot_like_simple_start,solve_ivp_default,solve_ivp_default,,,2.7033792240300376,0.006802974223756064,1.0281164951196102,0.03574842100808443,0.9872754292459942,0.028945446784328366,0.04084106587361602,0.04084106587361602,0.8631307270321812,-1.5164095175224277,0.8702687404561378,-1.5503267263977163,0.007138013423956591,0.033917208875288596,0.034660183114498117,0.033917208875288596,-24.287437067315718,0.23756293268428408,0.23756293268428408,0.009686561985088035,-24.543503854396928,0.01850385439692559,-0.01850385439692559,-0.0007544894759194939
screenshot_like_simple_start,solve_ivp_default,solve_ivp_default,,,2.7083854818523156,0.008737965947238318,1.0232920747386827,0.03804765661216265,0.981959502023604,0.029309690664924337,0.04133257271507862,0.04133257271507862,0.8625642159531796,-1.5205197411897298,0.8696257396847223,-1.5546703923708651,0.007061523731542785,0.03415065118113536,0.03487308551744058,0.03415065118113536,-24.287410981039425,0.23758901896057694,0.23758901896057694,0.009687625645691209,-24.543507563358165,0.01850756335816328,-0.01850756335816328,-0.0007546407077742418
screenshot_like_simple_start,solve_ivp_default,solve_ivp_default,,,2.7133917396745932,0.010748318315047625,1.0182147830207002,0.040424808166320464,0.9763892972233794,0.029676489851272837,0.041825485797320816,0.041825485797320816,0.8619204541933712,-1.5248285515520825,0.8688945172728548,-1.5592006171229258,0.006974063079483672,0.03437206557084327,0.03507244570090552,0.03437206557084327,-24.28737697673401,0.23762302326599283,0.23762302326599283,0.009689012161712245,-24.54352293675503,0.018522936755026365,-0.018522936755026365,-0.0007552675537217681
screenshot_like_simple_start,solve_ivp_default,solve_ivp_default,,,2.7183979974968713,0.012835562353516761,1.012883709131716,0.0428814250174948,0.9705639407008022,0.03004586266397804,0.042319768430913784,0.042319768430913784,0.8611972629905439,-1.5293341219196321,0.8680726619460913,-1.563914987237769,0.0068753989555474515,0.034580865318136755,0.0352577276203254,0.034580865318136755,-24.287335394264186,0.23766460573581583,0.23766460573581583,0.009690707675262622,-24.543551317123903,0.0185513171239009,-0.0185513171239009,-0.0007564247553068664
screenshot_like_simple_start,solve_ivp_default,solve_ivp_default,,,2.723404255319149,0.015001297780950213,1.0072978889061883,0.045419101543038784,0.9644825137907932,0.030417803762088573,0.04281537511539513,0.04281537511539513,0.8603923432235777,-1.5340344932903571,0.8671576283221215,-1.5688109289377192,0.006765285098543794,0.0347764356473621,0.035428372229044006,0.0347764356473621,-24.28728690914036,0.23771309085964276,0.23771309085964276,0.009692684642595015,-24.54359361160004,0.01859361160003914,-0.01859361160003914,-0.0007581493007151535
screenshot_like_simple_start,solve_ivp_default,solve_ivp_default,,,2.728410513141427,0.017247193007625672,1.0014563048469787,0.04803947715072347,0.9581440533077079,0.0307922841430978,0.04331225153927076,0.04331225153927076,0.859503275036664,-1.5389275659381845,0.8661467372906966,-1.5738856995387347,0.006643462254032562,0.03495813360055022,0.03558379821709136,0.03495813360055022,-24.287232547279103,0.23776745272089883,0.23776745272089883,0.009694901232248677,-24.54365021822472,0.018650218224717463,-0.018650218224717463,-0.0007604574199680922
screenshot_like_simple_start,solve_ivp_default,solve_ivp_default,,,2.7334167709637045,0.019574985135792464,0.9953578861253549,0.050744236278736025,0.9515475515453411,0.031169251142943562,0.04381033458001382,0.04381033458001382,0.8585275175152887,-1.54401109053224,0.8650371765012613,-1.5791363784937777,0.006509658985972666,0.0351252879615378,0.03572340289634523,0.0351252879615378,-24.287173691827288,0.2378263081727141,0.2378263081727141,0.00969730104679772,-24.54372096131113,0.018720961311128548,-0.018720961311128548,-0.0007633419494853638
screenshot_like_simple_start,solve_ivp_default,solve_ivp_default,,,2.7384230287859825,0.02198647995967319,0.989001508580987,0.05353510839568164,0.9446919562769217,0.03154862843600845,0.0443095523040653,0.0443095523040653,0.8574624084270329,-1.549282658776825,0.8638260009722997,-1.5845598580183329,0.00636359254526675,0.03527719924150796,0.0358465632440158,0.03527719924150796,-24.287112080157467,0.2378879198425352,0.2378879198425352,0.009699813245363311,-24.543805037839455,0.018805037839452865,-0.018805037839452865,-0.0007667701463589343
screenshot_like_simple_start,solve_ivp_default,solve_ivp_default,,,2.7434292866082606,0.024483551965462258,0.9823859947219511,0.05641386800058178,0.9375761707551178,0.03193031603511952,0.044809823966833306,0.044809823966833306,0.8563051640410914,-1.5547396935614999,0.8625101338372342,-1.590152833292111,0.006204969796142823,0.03541313973061122,0.03595263711817034,0.03541313973061122,-24.287049788916764,0.23795021108323766,0.23795021108323766,0.009702353153241087,-24.543900977086018,0.018900977086016013,-0.018900977086016013,-0.0007706820422432625
screenshot_like_simple_start,solve_ivp_default,solve_ivp_default,,,2.748435544430538,0.027068144331326496,0.9755101137247276,0.059382334622874955,0.9301990537120339,0.03231419029154846,0.045311060012693694,0.045311060012693694,0.8550528790412614,-1.560379438610514,0.8610863672425542,-1.5959117922312047,0.0060334882012927915,0.035532353620690627,0.03604096466107623,0.035532353620690627,-24.2869892047649,0.23801079523510182,0.23801079523510182,0.009704823455050023,-24.544006615948575,0.019006615948573113,-0.019006615948573113,-0.0007749894372506875
screenshot_like_simple_start,solve_ivp_default,solve_ivp_default,,,2.753441802252816,0.029742268927405863,0.9683725814341999,0.0624423728224175,0.92255941935921,0.032700103895011635,0.045813162074989866,0.045813162074989866,0.8537025265480717,-1.5661989476207194,0.859551363414717,-1.6018330048251737,0.0058488368666453905,0.03563405720445423,0.03611086990842157,0.03563405720445423,-24.286932978168284,0.2380670218317178,0.2380670218317178,0.009707116078765251,-24.544119092709646,0.019119092709644292,-0.019119092709644292,-0.0007795756456531821
screenshot_like_simple_start,solve_ivp_default,solve_ivp_default,,,2.758448060075094,0.03250800631581182,0.9609720603636578,0.06559589218948172,0.9146560373876251,0.033087885873669905,0.046316022976032656,0.046316022976032656,0.852250958266641,-1.5721950728770628,0.8579016559132652,-1.6079125120338607,0.005650697646624181,0.035717439156797814,0.03616166262512162,0.035717439156797814,-24.286883957324637,0.23811604267536524,0.23811604267536524,0.009709114889923149,-24.544234862282668,0.019234862282665688,-0.019234862282665688,-0.0007842961175398852
screenshot_like_simple_start,solve_ivp_default,solve_ivp_default,,,2.763454317897372,0.035367505750629226,0.9533071596947934,0.06884484734475807,0.9064876329676926,0.033477341594128844,0.04681952672710077,0.04681952672710077,0.8506949047778245,-1.5783644533347996,0.8561336510885084,-1.6141461142391225,0.005438746310683862,0.03578166090432289,0.03619264039143768,0.03578166090432289,-24.286845098975043,0.2381549010249593,0.2381549010249593,0.009710699328234833,-24.54434973631039,0.01934973631038872,-0.01934973631038872,-0.0007889800738180925
screenshot_like_simple_start,solve_ivp_default,solve_ivp_default,,,2.7684605757196494,0.03832298517791441,0.9453764352777055,0.07219123793935292,0.8980528867492656,0.03386825276143851,0.047323548528439896,0.047323548528439896,0.8490309759912058,-1.5847035021576419,0.854243629763076,-1.6205293592471026,0.00521265377187019,0.03582585708946073,0.03620309096665444,0.03582585708946073,-24.28681935251713,0.2381806474828707,0.2381806474828707,0.009711749132838765,-24.544458951829814,0.01945895182981161,-0.01945895182981161,-0.0007934333060065895
screenshot_like_simple_start,solve_ivp_default,solve_ivp_default,,,2.7734668335419275,0.04137673123569714,0.937178389630895,0.07563710865479084,0.8893504348616311,0.0342603774190937,0.047827954769263825,0.047827954769263825,0.8472556617795128,-1.5912083937012664,0.8522277491575952,-1.6270575298372303,0.004972087378082413,0.035849136135963855,0.03619229496163729,0.035849136135963855,-24.28680951346138,0.2381904865386204,0.2381904865386204,0.009712150317578813,-24.544557272578384,0.019557272578381912,-0.019557272578381912,-0.000797442306967662
screenshot_like_simple_start,solve_ivp_default,solve_ivp_default,,,2.7784730913642055,0.044531099253978884,0.9287114719412686,0.07918454920301253,0.8803788689135152,0.034653449949033646,0.04833260302775333,0.04833260302775333,0.8453653328151113,-1.597875049931835,0.8500820450817541,-1.633725630854721,0.004716712266642831,0.035850580922885955,0.03615952885637053,0.035850580922885955,-24.28681804187315,0.2381819581268516,0.2381819581268516,0.009711802573979678,-24.54463912738736,0.01963912738735729,-0.01963912738735729,-0.0008007799138575857
screenshot_like_simple_start,solve_ivp_default,solve_ivp_default,,,2.783479349186483,0.04778851325473345,0.9199740780641383,0.08283569432637575,0.8711367359930808,0.0350471810716423,0.0488373420710575,0.0488373420710575,0.84335624163031,-1.6046991262695594,0.8478024344130052,-1.6405283758441158,0.004446192782695202,0.035829249574556465,0.03610406840422206,0.035829249574556465,-24.28684684101285,0.23815315898715284,0.23815315898715284,0.009710628297131613,-24.544698790480012,0.01969879048001033,-0.01969879048001033,-0.0008032126597353854
screenshot_like_simple_start,solve_ivp_default,solve_ivp_default,,,2.788485607008761,0.051151465951908,0.9109645505232178,0.08659272379765627,0.8616225386679257,0.035441257845748274,0.04934201185529208,0.04934201185529208,0.8412245239243489,-1.6116759968477843,0.8453847178862055,-1.6474601732221748,0.004160193961856629,0.035784176374390464,0.036025192471293654,0.035784176374390464,-24.286896990926046,0.23810300907395643,0.23810300907395643,0.009708583448479365,-24.54473060885333,0.019730608853329556,-0.019730608853329556,-0.0008045100449879533
screenshot_like_simple_start,solve_ivp_default,solve_ivp_default,,,2.7934918648310387,0.05462251875142094,0.9016811785106281,0.09045786242004553,0.8518347349850873,0.035835343668624585,0.049846443525540796,0.049846443525540796,0.8389662001410925,-1.6188007391786177,0.8428245832185368,-1.6545151119893875,0.0038583830774443495,0.035714372810769834,0.0359221873671268,0.035739188422325756,-24.286968431242602,0.23803156875739973,0.23803156875739973,0.009705670489598356,-24.544729282253357,0.019729282253354796,-0.019729282253354796,-0.0008044559532458631
screenshot_like_simple_start,solve_ivp_default,solve_ivp_default,,,2.7984981226533168,0.05820430175116439,0.892122197886892,0.0944333800271534,0.8417717384710368,0.036229078275989014,0.05035045941585514,0.05035045941585514,0.8365771773426371,-1.6260681182168326,0.8401176085951086,-1.6616869469804076,0.0035404312524714987,0.03561882876357503,0.03579435173239427,0.03612164461148468,-24.28705958691844,0.23794041308156366,0.23794041308156366,0.009701953642469466,-24.544690201533133,0.01969020153313039,-0.01969020153313039,-0.0008028624478340628
screenshot_like_simple_start,solve_ivp_default,solve_ivp_default,,,2.8035043804755944,0.06189951374100159,0.8822857911809394,0.09852159148300543,0.8314319181316859,0.03662207774200384,0.050853873049253484,0.050853873049253484,0.834053251405258,-1.6334725698145447,0.8372592665417402,-1.668969083654863,0.003206015136482221,0.03549651384031827,0.035641002060425565,0.03650229264629838,-24.287166930094994,0.2378330699050082,0.2378330699050082,0.009697576754536521,-24.54460985137658,0.019609851376579,-0.019609851376579,-0.0007995861927249337
screenshot_like_simple_start,solve_ivp_default,solve_ivp_default,,,2.8085106382978724,0.06571092220276954,0.8721700875901017,0.10272485668204562,0.8208135984523792,0.037013934479276075,0.051356489137722505,0.051356489137722505,0.8313901095653545,-1.641008183560135,0.8342449282124921,-1.6763545624313174,0.002854818647137547,0.03534637887118253,0.03546147894283631,0.03688064314755636,-24.287284470659298,0.23771552934070428,0.23771552934070428,0.009692784070976727,-24.544486283439582,0.01948628343957992,-0.01948628343957992,-0.0007945477447331261
screenshot_like_simple_start,solve_ivp_default,solve_ivp_default,,,2.8135168961201504,0.06964136331027668,0.861773162980117,0.10704558054913389,0.8099150593979012,0.037404217238857215,0.051858103582215764,0.051858103582215764,0.828583333344325,-1.6486686849959504,0.8310698681206377,-1.683836042568565,0.0024865347763126655,0.03516735757261458,0.0352551541456557,0.03725617831669087,-24.28740316746179,0.2375968325382125,0.2375968325382125,0.00968794424212895,-24.544319665847652,0.019319665847650214,-0.019319665847650214,-0.0007877539591294684
screenshot_like_simple_start,solve_ivp_default,solve_ivp_default,,,2.818523153942428,0.07369374192930385,0.851093039885128,0.11148621303954724,0.7987345364124733,0.03779247111024339,0.052358503472654694,0.052358503472654694,0.8256284018825729,-1.6564474172105825,0.8277292693428463,-1.6914057856000508,0.0021008674602733812,0.03495836838946831,0.035021438641772165,0.03762835179127441,-24.28751025149037,0.23748974850963123,0.23748974850963123,0.009683577920882007,-24.544112914629224,0.019112914629221933,-0.019112914629221933,-0.0007793237361558382
screenshot_like_simple_start,solve_ivp_default,solve_ivp_default,,,2.823529411764706,0.07787103161760546,0.840127687507679,0.11604924913898083,0.7872702204197506,0.038178217521375374,0.05285746708792838,0.05285746708792838,0.8225206957141524,-1.6643373218029316,0.8242182292274716,-1.6990556383289441,0.0016975335133191383,0.03471831652601254,0.03475979174893366,0.037996588511657145,-24.287588451607846,0.2374115483921564,0.2374115483921564,0.009680389333013512,-24.54387241196824,0.018872411968239078,-0.018872411968239078,-0.0007695173075734587
screenshot_like_simple_start,solve_ivp_default,solve_ivp_default,,,2.8285356695869837,0.0821762131691084,0.8288750947708973,0.12073722886354529,0.7755202578228294,0.03856101569443689,0.05335483694806786,0.05335483694806786,0.8192554891282157,-1.6723308704093838,0.8205317656389268,-1.706777015393287,0.0012762765107111607,0.034446144983903304,0.034469780764952364,0.038360345849658264,-24.28761673048683,0.2373832695131739,0.2373832695131739,0.009679236269650312,-24.543608815022484,0.018608815022481906,-0.018608815022481906,-0.0007587692160033396
screenshot_like_simple_start,solve_ivp_default,solve_ivp_default,,,2.8335419274092617,0.08660648912207496,0.8173399780588594,0.1255527372597699,0.7634827505042385,0.03894624813769494,0.05385722755462086,0.05385722755462086,0.8158267835330972,-1.6804156569551774,0.816664823771215,-1.7145608814127762,0.0008380402381177321,0.03414522445759882,0.03415550709183673,0.03872487719673559,-24.287731247079364,0.2372687529206381,0.2372687529206381,0.009674566887691664,-24.54333795734322,0.01833795734321697,-0.01833795734321697,-0.0007477250700598152
screenshot_like_simple_start,solve_ivp_default,solve_ivp_default,,,2.8385481852315393,0.09116341662066571,0.8055213543522589,0.13049840440459942,0.7511557558259482,0.03933498778393371,0.05436559852631073,0.05436559852631073,0.8122290976496729,-1.6885828254561244,0.8126122835647602,-1.7223977327309594,0.00038318591508734734,0.03381490727483505,0.03381707831039242,0.03909112924090155,-24.287979067894696,0.23702093210530606,0.23702093210530606,0.009664462063417168,-24.54308184248946,0.01808184248945821,-0.01808184248945821,-0.0007372820586935049
screenshot_like_simple_start,solve_ivp_default,solve_ivp_default,,,2.8435544430538173,0.09585288553175947,0.7934130094639742,0.1355769054053972,0.7385372866293607,0.039724019873637745,0.054875722834613505,0.054875722834613505,0.8084575349696899,-1.6968264068949879,0.8083689677617172,-1.7302775787691718,8.856720797267847e-05,0.033451171874183894,0.033451289121744165,0.039455771101811685,-24.28829301756412,0.23670698243588362,0.23670698243588362,0.009651660853654785,-24.542869726068357,0.017869726068354908,-0.017869726068354908,-0.0007286330710848075
screenshot_like_simple_start,solve_ivp_default,solve_ivp_default,,,2.8485607008760954,0.10068009941085343,0.7810095755342346,0.14079096039994246,0.7256253112353188,0.04011086098908903,0.05538426429891574,0.05538426429891574,0.8045068768402539,-1.7051392006640214,0.8039296506359686,-1.7381899230111713,0.0005772262042853527,0.0330507223471499,0.03305576254995953,0.039816197299569506,-24.288618004531376,0.23638199546862637,0.23638199546862637,0.009638409601167231,-24.54273927793571,0.017739277935707065,-0.017739277935707065,-0.0007233140850441208
screenshot_like_simple_start,solve_ivp_default,solve_ivp_default,,,2.853566958698373,0.10564957550206437,0.768306531030618,0.14614416399505917,0.7124167730213564,0.040494588492994796,0.05588975800926155,0.05588975800926155,0.8003716262432665,-1.7135127958191205,0.7992891460635245,-1.7461242637222254,0.0010824801797419958,0.032611467903104874,0.032629428467792286,0.040171347237986765,-24.28891126314796,0.236088736852043,0.236088736852043,0.009626452063284118,-24.542834263245968,0.017834263245966042,-0.017834263245966042,-0.0007271870844430598
screenshot_like_simple_start,solve_ivp_default,solve_ivp_default,,,2.858573216520651,0.11076514473813004,0.7553002007480469,0.15164299081953236,0.698905197957203,0.040877846081402325,0.05639500279084397,0.05639500279084397,0.7960460543435346,-1.7219375969203408,0.7944424223873923,-1.7540712376303866,0.0016036319561423262,0.032133640710045874,0.0321736305183776,0.04052368294177816,-24.289142154738787,0.235857845261215,0.235857845261215,0.009617037523393067,-24.543752005237305,0.018752005237303138,-0.018752005237303138,-0.0007646077568727069
screenshot_like_simple_start,solve_ivp_default,solve_ivp_default,,,2.8635794743429286,0.11602995174040595,0.7419877558087968,0.15728618903367042,0.6850932319567005,0.04125623729326447,0.05689452385209637,0.05689452385209637,0.7915242497531272,-1.7304028548778492,0.7893836843739896,-1.762016065375986,0.002140565379137538,0.03161321049813681,0.03168559764533202,0.04086869896618707,-24.289291546356278,0.23570845364372417,0.23570845364372417,0.009610946122068262,-24.545409899179248,0.020409899179245627,-0.020409899179245627,-0.0008322079176043068
screenshot_like_simple_start,solve_ivp_default,solve_ivp_default,,,2.8685857321652066,0.12144645481886915,0.7283672136624866,0.1630707830791729,0.6709855909998353,0.04162432826030374,0.05738162266265123,0.05738162266265123,0.7868001704179077,-1.738896703198552,0.7841072244065399,-1.7699426449442397,0.002692946011367825,0.031045941745687644,0.031162516860753924,0.04120087713442949,-24.289350791153925,0.23564920884607687,0.23564920884607687,0.009608530432052063,-24.547601240604504,0.022601240604501527,-0.022601240604501527,-0.0009215592499287064
screenshot_like_simple_start,solve_ivp_default,solve_ivp_default,,,2.873591989987484,0.12701642597211435,0.714437438086088,0.16899330663062634,0.6565876071352343,0.04197688065851199,0.05784983095085361,0.05784983095085361,0.781867697990131,-1.747406200001524,0.7786076055154839,-1.7778344057282123,0.0032600924746470916,0.03042820572668825,0.030602351326146724,0.041514910144321626,-24.289320343579067,0.2356796564209347,0.2356796564209347,0.009609771923381638,-24.550129013876365,0.025129013876362905,-0.025129013876362905,-0.001024628496487784
screenshot_like_simple_start,solve_ivp_default,solve_ivp_default,,,2.8785982478097623,0.1327409508873579,0.7001981391839163,0.17504980259550829,0.6419052284801536,0.04230885170815038,0.058292910703762635,0.058292910703762635,0.7767206945087092,-1.755917376139841,0.7728797115565499,-1.7856743756946387,0.0038409829521592886,0.029756999554797714,0.030003869292859708,0.04180570460424757,-24.28920805566129,0.2357919443387111,0.2357919443387111,0.009614350431751725,-24.55280923280683,0.027809232806827566,-0.027809232806827566,-0.0011339136720418985
screenshot_like_simple_start,solve_ivp_default,solve_ivp_default,,,2.8836045056320403,0.13862042894043422,0.6856498733876386,0.18123582311418368,0.6269450192204886,0.04261539417374946,0.05870485416714999,0.05870485416714999,0.7713530611665603,-1.7644152897319576,0.7669187972405411,-1.7934452534719445,0.0044342639260192,0.029029963739986897,0.029366673139982154,0.042068384224282135,-24.289027217145616,0.23597278285438605,0.23597278285438605,0.0096217240715346,-24.555474064181624,0.030474064181621685,-0.030474064181621685,-0.0012425714243270818
screenshot_like_simple_start,solve_ivp_default,solve_ivp_default,,,2.888610763454318,0.14465457319579736,0.6707940434562704,0.18754642955990644,0.6117141596107696,0.04289185636410908,0.05907988384550078,0.05907988384550078,0.7657587989025779,-1.772884087367359,0.7607205376641506,-1.8011294852799336,0.005038261238427322,0.02824539791257452,0.028691228268345508,0.04229829313076183,-24.288794421483036,0.2362055785169659,0.2362055785169659,0.009631216249417568,-24.557974678647437,0.03297467864743453,-0.03297467864743453,-0.0013445332781828554
screenshot_like_simple_start,solve_ivp_default,solve_ivp_default,,,2.893617021276596,0.15084241040652258,0.6556328984761711,0.19397619253882106,0.5962204459741581,0.04313378213229849,0.05941245250201299,0.05941245250201299,0.7599320705146024,-1.7813070722084356,0.7542810769764362,-1.8087093465788677,0.005650993538166227,0.027402274370432078,0.027978891483417194,0.04249099926674496,-24.288527360931553,0.23647263906844884,0.23647263906844884,0.009642105568540216,-24.560183759538376,0.035183759538373494,-0.035183759538373494,-0.0014346079322476448
screenshot_like_simple_start,solve_ivp_default,solve_ivp_default,,,2.8986232790988735,0.15718228101430254,0.6401695338610542,0.20051919188995876,0.580472290702456,0.04333691087565622,0.05969724315859826,0.05969724315859826,0.753867263949674,-1.7896667791633334,0.7475970758033559,-1.8161670282717515,0.006270188146318079,0.026500249108418084,0.02723193827472516,0.042642297834982884,-24.288242676199914,0.23675732380008796,0.23675732380008796,0.009653713508668213,-24.561997587819285,0.03699758781928253,-0.03699758781928253,-0.0015085662719381255
screenshot_like_simple_start,solve_ivp_default,solve_ivp_default,,,2.9036295369211516,0.1636718391494518,0.6244078913519754,0.20716901668524204,0.5644787222560945,0.043497177535790243,0.05992916909588086,0.05992916909588086,0.747559056389201,-1.7979450572528028,0.7406657570432711,-1.8234847272478285,0.00689329934592986,0.02553966999502566,0.026453588023695594,0.042748214734336265,-24.287954007919172,0.2370459920808301,0.2370459920808301,0.009665483876894193,-24.563337611820014,0.03833761182001183,-0.03833761182001183,-0.0015632053749240296
screenshot_like_simple_start,solve_ivp_default,solve_ivp_default,,,2.908635794743429,0.17030805263090226,0.6083527590173444,0.21391876522948,0.5482493851641458,0.04361071259857774,0.06010337385319864,0.06010337385319864,0.7410024787100136,-1.80612315923767,0.7334849496399397,-1.8306447410077495,0.007517529070073858,0.02452158177007946,0.025648025573640144,0.04280500993511255,-24.287670417264483,0.2373295827355193,0.2373295827355193,0.009677047206341254,-24.564151405518295,0.0391514055182931,-0.0391514055182931,-0.0015963875848437553
screenshot_like_simple_start,solve_ivp_default,solve_ivp_default,,,2.913642052565707,0.17708720296620778,0.5920097712529135,0.22076104506037308,0.5317945400243111,0.043673842094165305,0.060215231228602395,0.060215231228602395,0.7341929798679353,-1.8141818385126922,0.7260531299363941,-1.8376295660621134,0.008139849931541154,0.02344772754942115,0.024820416679417253,0.0428091807336852,-24.287395359576024,0.237604640423978,0.237604640423978,0.009688262606482282,-24.564412920680546,0.039412920680543806,-0.039412920680543806,-0.0016070507922749766
screenshot_like_simple_start,solve_ivp_default,solve_ivp_default,,,2.9186483103879852,0.18400488535154008,0.5753854087817876,0.22768797294850895,0.5151250635029313,0.04368308759696887,0.060260345278856264,0.060260345278856264,0.7271264907191661,-1.8221014532071327,0.718369460213658,-1.844421999745299,0.008757030505508134,0.022320546538166397,0.02397691350105038,0.04275746482208673,-24.287126405969705,0.2378735940302974,0.2378735940302974,0.009699229114385213,-24.564121948089195,0.03912194808919267,-0.03912194808919267,-0.0015951864664298743
screenshot_like_simple_start,solve_ivp_default,solve_ivp_default,,,2.923654568210263,0.1910560086716903,0.5584869986544192,0.23469117489736416,0.49825244833498195,0.043635166225673844,0.06023455031943725,0.06023455031943725,0.7197994867667851,-1.829862077362825,0.7104338240225643,-1.851005245036283,0.009365662744220793,0.02114316767345814,0.02312464438443218,0.042646843104165194,-24.286855911674333,0.2381440883256687,0.2381440883256687,0.009710258443452342,-24.5633027230461,0.0383027230460975,-0.0383027230460975,-0.00156178279494791
screenshot_like_simple_start,solve_ivp_default,solve_ivp_default,,,2.928660826032541,0.1982347955000714,0.5413227142486056,0.24176178614330604,0.4811888033240695,0.04352699064323465,0.06013391092453607,0.06013391092453607,0.7122090492957366,-1.8374436189868977,0.7022468579253653,-1.8573630179278022,0.009962191370371243,0.019919398940904554,0.022271679574446306,0.04247454218646177,-24.28657282409227,0.23842717590773077,0.23842717590773077,0.009721801260254057,-24.562001641470285,0.037001641470283175,-0.037001641470283175,-0.001508731558421332
screenshot_like_simple_start,solve_ivp_default,solve_ivp_default,,,2.9336670838548184,0.20553478209871306,0.5239015752694973,0.24889045115558853,0.4639468533424413,0.04335566905687546,0.05995472192705603,0.05995472192705603,0.7043529243402107,-1.8448259446991826,0.6938099792764558,-1.8634796568353373,0.01054294506375486,0.018653712136154743,0.021426961218891486,0.04223803646932561,-24.286265806254054,0.23873419374594818,0.23873419374594818,0.009734319826542229,-24.56028409541502,0.03528409541501887,-0.03528409541501887,-0.0014386990994910852
screenshot_like_simple_start,solve_ivp_default,solve_ivp_default,,,2.9386733416770965,0.21294881841826752,0.5062334477495878,0.2560673236363569,0.44653993933097363,0.04311850521808941,0.05969350841861415,0.05969350841861415,0.6962295789129193,-1.8519890106141403,0.6851254096885007,-1.8693402334884697,0.011104169224418592,0.01735122287432933,0.02060018226616392,0.04193504976202678,-24.285927820398193,0.23907217960180915,0.23907217960180915,0.00974810110506867,-24.55823048963839,0.03323048963838815,-0.03323048963838815,-0.0013549638996284668
screenshot_like_simple_start,solve_ivp_default,solve_ivp_default,,,2.943679599499374,0.2204690680980037,0.488329044048724,0.263282066520643,0.42898201829918414,0.0428129984226393,0.05934702574953987,0.05934702574953987,0.687838253916996,-1.858912999014351,0.676196193851752,-1.874930664699652,0.011642060065244042,0.016017665685301052,0.019801595303632,0.04156355634487455,-24.285562270001098,0.23943772999890456,0.23943772999890456,0.009763006320036882,-24.555931561329622,0.03093156132961994,-0.03093156132961994,-0.0012612257422882746
screenshot_like_simple_start,solve_ivp_default,solve_ivp_default,,,2.948685857321652,0.22808700846581298,0.4701999228540956,0.27052385197637,0.41128766332521904,0.04243684351055704,0.058912259528876576,0.058912259528876576,0.6791790131584913,-1.8655784602880838,0.6670262134002383,-1.8802378243599982,0.012152799758253008,0.014659364071914371,0.019041730408687344,0.041121781401677715,-24.28519073513327,0.23980926486673226,0.23980926486673226,0.0097781555501216,-24.55348318888087,0.028483188880866095,-0.028483188880866095,-0.001161394042033276
screenshot_like_simple_start,solve_ivp_default,solve_ivp_default,,,2.95369211514393,0.23579343053820445,0.45185848918024485,0.27778136140434834,0.3934720635558644,0.041987930866143885,0.058386425624380456,0.058386425624380456,0.6702527878812835,-1.8719664595177692,0.6576201955489902,-1.8852496549687368,0.012632592332293302,0.013283195450967566,0.018331002984630192,0.04060820074739632,-24.28486225434718,0.24013774565282375,0.24013774565282375,0.00979154926209271,-24.550980936811364,0.025980936811361488,-0.025980936811361488,-0.001059365415346034
screenshot_like_simple_start,solve_ivp_default,solve_ivp_default,,,2.9586983729662077,0.24357843902030646,0.4333179943690623,0.2850427854382772,0.37555102420654146,0.041464346417970754,0.05776697016252086,0.05776697016252086,0.6610614162569745,-1.878058727020294,0.6479837162612547,-1.889955277963131,0.013077699995719727,0.011896550942837036,0.01767920138223343,0.04002153977859599,-24.284664005744983,0.2403359942550196,0.2403359942550196,0.00979963279327297,-24.548514635611898,0.02351463561189604,-0.02351463561189604,-0.0009588026753066683
screenshot_like_simple_start,solve_ivp_default,solve_ivp_default,,,2.963704630788486,0.2514292157463921,0.4145960939562468,0.29229582394474685,0.3575409665613014,0.04086660819835475,0.05705512739494539,0.05705512739494539,0.6516087674871854,-1.883836935312508,0.6381231977437812,-1.8943451020793565,0.013485569743404202,0.010508166766848515,0.017096261582700424,0.039362937814989396,-24.285037954632465,0.2399620453675375,0.2399620453675375,0.009784385132213557,-24.546163330091673,0.02116333009167093,-0.02116333009167093,-0.0008629288518520256
screenshot_like_simple_start,solve_ivp_default,solve_ivp_default,,,2.9687108886107634,0.2593226396778646,0.3957248643464082,0.29952768602323376,0.3394589279728371,0.040205046345369144,0.05626593637357108,0.05626593637357108,0.6419030336953155,-1.8892812807555859,0.6280459001114377,-1.8984109289425692,0.013857133583877856,0.009129648186983363,0.01659429501905773,0.03864305620053937,-24.286717009189132,0.23828299081086968,0.23828299081086968,0.009715922153348405,-24.543990941228436,0.018990941228434366,-0.018990941228434366,-0.0007743503049310648
screenshot_like_simple_start,solve_ivp_default,solve_ivp_default,,,2.9737171464330414,0.2672367910314158,0.37673265165608266,0.3067250900061062,0.32132256186246994,0.03948829897469042,0.05541008979361273,0.05541008979361273,0.6319515454650415,-1.8943758535730606,0.6177599071093526,-1.9021460550566116,0.01419163835568893,0.007770201483551009,0.016179574478756835,0.03787087800842681,-24.289187370058247,0.2358126299417549,0.2358126299417549,0.009615193881417121,-24.54204296989743,0.01704296989742815,-0.01704296989742815,-0.0006949223199766829
screenshot_like_simple_start,solve_ivp_default,solve_ivp_default,,,2.978723404255319,0.27515077231290436,0.3576463611273428,0.31387426345861846,0.3031501377201629,0.038723491145714106,0.05449622340717991,0.05449622340717991,0.6217625373744643,-1.8991076019179955,0.6072741058312701,-1.905545369340806,0.014488431543194236,0.0064377674228104365,0.015854321113564752,0.037053887971837174,-24.29193379234506,0.23306620765494301,0.23306620765494301,0.009503209282566483,-24.540344524470303,0.015344524470300769,-0.015344524470300769,-0.0006256686838043127
screenshot_like_simple_start,solve_ivp_default,solve_ivp_default,,,2.983729662077597,0.28304440937776176,0.33849199868065794,0.32096094317891677,0.28496054110450725,0.037916533801155006,0.05353145757615069,0.05353145757615069,0.6113452477572279,-1.9034661385177643,0.5965981604262637,-1.9086054453434542,0.014747087330964193,0.005139306825689971,0.015616947825861113,0.03619836699559997,-24.29452922600251,0.23047077399749227,0.23047077399749227,0.009397381202751978,-24.53889988004042,0.013899880040419532,-0.013899880040419532,-0.0005667637121475853
screenshot_like_simple_start,solve_ivp_default,solve_ivp_default,,,2.988735919899875,0.2908982514309873,0.31929467091490604,0.32797037519803407,0.26677327364273457,0.03707212376704677,0.05252139727217148,0.05252139727217148,0.6007098126363652,-1.9074436868609443,0.5857424798421405,-1.9113246272491227,0.014967332794224797,0.003880940388178322,0.015462300904770633,0.03530939772114,-24.29663951776273,0.2283604822372709,0.2283604822372709,0.009311334647799017,-24.53769368058807,0.01269368058806819,-0.01269368058806819,-0.0005175812676072656
screenshot_like_simple_start,solve_ivp_default,solve_ivp_default,,,2.9937421777221527,0.2986935710271501,0.3000785851073687,0.3348873147798925,0.24860845303071094,0.03619374375274237,0.05147013207665774,0.05147013207665774,0.5898671565269717,-1.9110350126010482,0.5747181797120479,-1.9137031087897283,0.015148976814923887,0.0026680961886800247,0.015382140157050656,0.03439087114551853,-24.298024393449232,0.22697560655076998,0.22697560655076998,0.009254866729898878,-24.53669378558725,0.011693785587247874,-0.011693785587247874,-0.00047681082924558093
screenshot_like_simple_start,solve_ivp_default,solve_ivp_default,,,2.9987484355444307,0.3064123640703913,0.28086704921372585,0.3416960264213048,0.2304868130329331,0.035283662350913514,0.05038023618079274,0.05038023618079274,0.5788288813609406,-1.914237341208528,0.563537038550606,-1.9157430041678323,0.015291842810334577,0.0015056629593042103,0.015365789191675187,0.03344549413953252,-24.298534937792844,0.22646506220715779,0.22646506220715779,0.009234049427407045,-24.53585565025062,0.010855650250618964,-0.010855650250618964,-0.0004426360958458293
screenshot_like_simple_start,solve_ivp_default,solve_ivp_default,,,3.0037546933667083,0.3140373498144191,0.26168247186806803,0.3483802838519705,0.2124297034825392,0.0343429340375514,0.04925276838552883,0.04925276838552883,0.5676071547221212,-1.9170502629590984,0.5522114484865845,-1.9174484101042912,0.015395706235536655,0.0003981471451928176,0.01540085360102379,0.03247479767035083,-24.29810789133296,0.22689210866704101,0.22689210866704101,0.009251462127096472,-24.535128025149906,0.010128025149903408,-0.010128025149903408,-0.00041296738633653034
screenshot_like_simple_start,solve_ivp_default,solve_ivp_default,,,3.0087609511889863,0.3215519708625144,0.2425463623828822,0.3549233700344803,0.1944590902812957,0.03337139917196591,0.0480872721015865,0.0480872721015865,0.5562145985082667,-1.919475626394227,0.5407543608200946,-1.9188254581313218,0.015460237688172063,0.0006501682629052041,0.015473902809080358,0.03147914549650116,-24.296757170479992,0.22824282952000985,0.22824282952000985,0.009306537391233835,-24.53445967645612,0.00945967645611745,-0.00945967645611745,-0.000385715655703056
screenshot_like_simple_start,solve_ivp_default,solve_ivp_default,,,3.0137672090112644,0.328940393167526,0.22347933074906443,0.36130807716431224,0.1765975553996092,0.032367683996786245,0.04688177534945523,0.04688177534945523,0.5446641790581124,-1.9215174214276902,0.5291792267529177,-1.9198823562656757,0.015484952305194644,0.001635065162014504,0.015571036766323121,0.030457743067903442,-24.294563085351932,0.23043691464807026,0.23043691464807026,0.009396000597270958,-24.533806769965846,0.008806769965843841,-0.008806769965843841,-0.00035909357658894353
screenshot_like_simple_start,solve_ivp_default,solve_ivp_default,,,3.018773466833542,0.3361875060318725,0.20450108763591385,0.36751670666983305,0.15886829687652093,0.031329200637960575,0.045632790759392916,0.045632790759392916,0.5329690996986539,-1.9231816532998676,0.5174999337000376,-1.9206294192146094,0.015469165998616363,0.002552234085258176,0.015678296958493362,0.029408646331732846,-24.29165977927673,0.23334022072327087,0.23334022072327087,0.00951438208861451,-24.533140534251338,0.008140534251335652,-0.008140534251335652,-0.00033192800209319676
screenshot_like_simple_start,solve_ivp_default,solve_ivp_default,,,3.02377972465582,0.34327892210754435,0.18563044439112852,0.37353106921230045,0.1412951288197032,0.0302521471047561,0.04433531557142534,0.04433531557142534,0.5211426965805075,-1.9244762085985325,0.5057307376482103,-1.9210790862889167,0.015411958932297187,0.003397122309615863,0.015781917441087596,0.028328770116805624,-24.288221443269606,0.23677855673039616,0.23677855673039616,0.009654579275449384,-24.532454820637227,0.007454820637224913,-0.007454820637224913,-0.0003039682217013216
screenshot_like_simple_start,solve_ivp_default,solve_ivp_default,,,3.0287859824780976,0.3502009773960994,0.16688531304081655,0.3793324846858588,0.12390248140546856,0.029131507289759384,0.042982831635347996,0.042982831635347996,0.5091983385790618,-1.9254107145712585,0.4938861920826385,-1.9212459262218164,0.015312146496423318,0.004164788349442006,0.015868436984264604,0.027213895745488048,-24.284447868420184,0.24055213157981825,0.24055213157981825,0.00980844573210268,-24.531773206702592,0.006773206702590073,-0.006773206702590073,-0.00027617560459082866
screenshot_like_simple_start,solve_ivp_default,solve_ivp_default,,,3.0337922403003756,0.3569407312486679,0.14828270628948292,0.38490178221754334,0.1067154008787593,0.027961050968875467,0.04156730541072362,0.04156730541072362,0.4971493319471401,-1.9259963929502564,0.48198107405487245,-1.9211466281189553,0.015168257892267667,0.004849764831301062,0.015924706163859506,0.02605867750335339,-24.28054988965702,0.24445011034298147,0.24445011034298147,0.009967384723465094,-24.531155339461897,0.006155339461894727,-0.006155339461894727,-0.0002509822410558502
screenshot_like_simple_start,solve_ivp_default,solve_ivp_default,,,3.0387984981226532,0.3634859663659474,0.12983873752004305,0.3902193001672767,0.08975954955315846,0.026733333801329306,0.04007918796688459,0.04007918796688459,0.4850088303122706,-1.926245909495901,0.4700303080133654,-1.9207999777922173,0.014978522298905173,0.005445931703683682,0.015937826149760404,0.0248566475834604,-24.27673524705827,0.24826475294173278,0.24826475294173278,0.010122925706084925,-24.5307022766927,0.005702276692698405,-0.005702276692698405,-0.0002325087336472336
screenshot_like_simple_start,solve_ivp_default,solve_ivp_default,,,3.0438047559449313,0.3698251887982079,0.11156862079380903,0.3952652274573239,0.07306076411994797,0.025440038659115982,0.03850785667386106,0.03850785667386106,0.47278975051928035,-1.9261732204407778,0.4580487625603672,-1.9202267195690261,0.014740987958913154,0.0059465008717516366,0.015895206781371723,0.02360053412572949,-24.27319534748907,0.25180465251093054,0.25180465251093054,0.010267264118692375,-24.53056023093788,0.005560230937877719,-0.005560230937877719,-0.0002267168578135665
screenshot_like_simple_start,solve_ivp_default,solve_ivp_default,,,3.0488110137672093,0.37594762794528747,0.09348667085050166,0.4000417684246096,0.056616415624424016,0.024094140479322124,0.03687025522607765,0.03687025522607765,0.4605046947280296,-1.9257934169825592,0.4460429871561561,-1.9194424466167848,0.014461707571873483,0.006350970365774478,0.01579480327453712,0.022302673711855125,-24.27009335200122,0.2549066479987836,0.2549066479987836,0.010393747115138983,-24.530821555917164,0.005821555917162158,-0.005821555917162158,-0.00023737231058765167
screenshot_like_simple_start,solve_ivp_default,solve_ivp_default,,,3.053817271589487,0.38184323655659413,0.07560630310824512,0.4045572535687204,0.04041609449383289,0.022714017012126275,0.03519020861441223,0.03519020861441223,0.44816587908736527,-1.9251225689320353,0.4340168848345908,-1.918460138298462,0.014148994252774494,0.006662430633573191,0.015639118271572095,0.02098020551515839,-24.267553945550496,0.2574460544495061,0.2574460544495061,0.010497290701305038,-24.531386433107205,0.006386433107202549,-0.006386433107202549,-0.0002604050196616738
screenshot_like_simple_start,solve_ivp_default,solve_ivp_default,,,3.058823529411765,0.3875026907311073,0.05794003366356254,0.40881236434968843,0.024459393227218275,0.021309673618581104,0.033480640436344265,0.033480640436344265,0.4357850692208641,-1.9241775685731413,0.4219767961870121,-1.9172944625186845,0.013808273033851959,0.006883106054456745,0.015428724935467035,0.01964239371690546,-24.265655067783722,0.25934493221627974,0.25934493221627974,0.01057471690994005,-24.532143038608645,0.007143038608642627,-0.007143038608642627,-0.0002912553968865495
screenshot_like_simple_start,solve_ivp_default,solve_ivp_default,,,3.0638297872340425,0.39291738991737435,0.040499479291386864,0.4128078239687444,0.008745938125883396,0.01989043405137003,0.03175354116550347,0.03175354116550347,0.4233735226782731,-1.9229759757356832,0.4099286937652895,-1.9159597387581107,0.013444828912983597,0.0070162369775725875,0.015165454356030901,0.018297753397781447,-24.264421799622443,0.26057820037755874,0.26057820037755874,0.010625003073498826,-24.532996191108715,0.007996191108713191,-0.007996191108713191,-0.00032604245091593027
screenshot_like_simple_start,solve_ivp_default,solve_ivp_default,,,3.0688360450563206,0.39807945691351443,0.023295357445048237,0.4165443973683205,-0.006724610706620268,0.018464940454806067,0.030019968151668505,0.030019968151668505,0.41094193842938576,-1.9215358650196832,0.3978781921989269,-1.9144699338146878,0.013063746230458861,0.007065931204995435,0.014852233817428149,0.01695406433402158,-24.26382251282252,0.26117748717748057,0.26117748717748057,0.010649438824769849,-24.533866977373236,0.008866977373234164,-0.008866977373234164,-0.00036154851674757035
screenshot_like_simple_start,solve_ivp_default,solve_ivp_default,,,3.073842302878598,0.40298173786721464,0.006337486256286551,0.42002289123204756,-0.0219525593644819,0.017041153364832917,0.02829004562076845,0.02829004562076845,0.39850041340509895,-1.9198756760437843,0.3858305584873507,-1.9128386581791914,0.012669854917748247,0.007037017864592876,0.014492923930780452,0.015618385111968947,-24.26376730122816,0.26123269877184185,0.26123269877184185,0.010651690062052674,-24.534691966778418,0.009691966778415662,-0.009691966778415662,-0.00039518722847770276
screenshot_like_simple_start,solve_ivp_default,solve_ivp_default,,,3.078848560700876,0.40761780227573396,-0.010365215464760436,0.4232441539847577,-0.0369381801396422,0.01562635170902371,0.026572964674881766,0.026572964674881766,0.3860584060237916,-1.9180140675199702,0.3737907224540024,-1.9110791630098989,0.01226768356978919,0.0069349045100712825,0.01409215954821271,0.01429706735796804,-24.264108625512733,0.26089137448726873,0.26089137448726873,0.010637772660031344,-24.535422128811,0.010422128810997577,-0.010422128810997577,-0.00042495938067268406
screenshot_like_simple_start,solve_ivp_default,solve_ivp_default,,,3.0838548185231542,0.4119819429858998,-0.02680472822954738,0.42620907579248213,-0.051681711521784024,0.014227132806582332,0.024876983292236643,0.024876983292236643,0.37362470658053687,-1.9159697758839171,0.36176328734970037,-1.9092043376726595,0.0118614192308365,0.006765438211257635,0.013655197558439162,0.012995769886176012,-24.26464402002818,0.26035597997182336,0.26035597997182336,0.010615942098749168,-24.536021550683436,0.011021550683434356,-0.011021550683434356,-0.00044940063948763936
screenshot_like_simple_start,solve_ivp_default,solve_ivp_default,,,3.088861076345432,0.4160691761941096,-0.04297393187112525,0.4289185885624522,-0.06618335819833648,0.012849412368342583,0.023209426327211236,0.023209426327211236,0.3612074143219952,-1.9137614791354838,0.3497525405933999,-1.9072267078140346,0.011454873728595327,0.006534771321449195,0.013187773442158395,0.011719472574720613,-24.265120632917505,0.2598793670824975,0.2598793670824975,0.010596508341793985,-24.5364660356807,0.011466035680697928,-0.011466035680697928,-0.00046752439065027225
screenshot_like_simple_start,solve_ivp_default,solve_ivp_default,,,3.09386733416771,0.4198754937097151,-0.058867100696606424,0.4313736659431,-0.08044329105447859,0.011498172233384896,0.021576190357872164,0.021576190357872164,0.3488136570384069,-1.9114075345025068,0.33776246463919396,-1.9051584339365766,0.011051192399212928,0.006249100565930199,0.012695672937167637,0.011051192399212928,-24.26525669179109,0.2597433082089111,0.2597433082089111,0.010590960579364367,-24.536741647395466,0.011741647395464128,-0.011741647395464128,-0.00047876238105868
screenshot_like_simple_start,solve_ivp_default,solve_ivp_default,,,3.0988735919899875,0.42340369575060066,-0.07449061592387206,0.4335753233240567,-0.09446164717313046,0.010171627573456021,0.019971031249258406,0.019971031249258406,0.3364442165563252,-1.908922618081033,0.32579674795901925,-1.9030113104467192,0.010647468597305976,0.0059113076343138005,0.012178347403408785,0.010647468597305976,-24.265153262929147,0.2598467370708555,0.2598467370708555,0.010595177862216329,-24.536843251106838,0.011843251106835595,-0.011843251106835595,-0.0004829052439076695
screenshot_like_simple_start,solve_ivp_default,solve_ivp_default,,,3.1038798498122655,0.4266565963965267,-0.08984870990340066,0.4355246178361542,-0.10823852983496346,0.008868021439627505,0.0183898199315628,0.0183898199315628,0.32410156838221027,-1.9063207534067004,0.31385879613107515,-1.9007967651470996,0.010242772251135124,0.005523988259600765,0.011637389298327645,0.010242772251135124,-24.264974613313633,0.2600253866863689,0.2600253866863689,0.01060246225020872,-24.536773091447387,0.011773091447384587,-0.011773091447384587,-0.0004800445034611452
screenshot_like_simple_start,solve_ivp_default,solve_ivp_default,,,3.108886107634543,0.4296354469805462,-0.10494209183368275,0.43722264835142394,-0.12177400851838996,0.007587201370877761,0.01683191668470721,0.01683191668470721,0.3117898291146284,-1.9036162910530057,0.3019517430245541,-1.8985258591465148,0.009838086090074305,0.005090431906490833,0.011077022836048205,0.009838086090074305,-24.264776735417538,0.26022326458246425,0.26022326458246425,0.010610530665951651,-24.536539435235905,0.011539435235903284,-0.011539435235903284,-0.0004705172369379524
screenshot_like_simple_start,solve_ivp_default,solve_ivp_default,,,3.113892365456821,0.4323416034148258,-0.11977149173866355,0.43867055548309786,-0.13506811889957346,0.0063289520682720535,0.015296627160909904,0.015296627160909904,0.29951275572431596,-1.9008230776572534,0.2900784620716972,-1.8962092871620102,0.009434293652618775,0.004613790495243242,0.01050204548922922,0.009434293652618775,-24.264597492438625,0.26040250756137695,0.26040250756137695,0.010617839248170313,-24.53615529985833,0.011155299858327083,-0.011155299858327083,-0.00045485422460049264
screenshot_like_simple_start,solve_ivp_default,solve_ivp_default,,,3.118898623279099,0.4347765261906439,-0.13433766046773343,0.43986952158560744,-0.1481208628524201,0.005092995394963551,0.013783202384686666,0.013783202384686666,0.2872737607335132,-1.8979544521720717,0.2782415776187036,-1.8938573781889254,0.009032183114809578,0.004097073983146293,0.009917980996292817,0.009032183114809578,-24.26445982459885,0.2605401754011538,0.2605401754011538,0.010623452615745313,-24.535637280709995,0.010637280709993036,-0.010637280709993036,-0.00043373213904151006
screenshot_like_simple_start,solve_ivp_default,solve_ivp_default,,,3.1239048811013768,0.43694178037839143,-0.14864136969573208,0.4408207707545844,-0.1609322084485821,0.0038789903761929923,0.01229083875285003,0.01229083875285003,0.27507592763360916,-1.8950232431582856,0.2664434763473589,-1.891480096515965,0.008632451286250287,0.0035431466423205826,0.009331296980509829,0.008632451286250287,-24.264374745830978,0.2606252541690246,0.2606252541690246,0.010626921678655437,-24.535004485783706,0.010004485783703387,-0.010004485783703387,-0.0004079301033110453
screenshot_like_simple_start,solve_ivp_default,solve_ivp_default,,,3.128911138923655,0.4388390356275724,-0.16268341192295216,0.44152556882686067,-0.17350208995746128,0.0026865331992882435,0.010818678034509116,0.010818678034509116,0.2629220265094181,-1.8920417670753702,0.2546863187596397,-1.88908704306361,0.008235707749778387,0.0029547240117602236,0.008749701487789868,0.008235707749778387,-24.264344099065667,0.260655900934335,0.260655900934335,0.010628171291919876,-24.534277581299076,0.009277581299073745,-0.009277581299073745,-0.00037829077672064194
screenshot_like_simple_start,solve_ivp_default,solve_ivp_default,,,3.1339173967459324,0.4404700661668025,-0.17646460047513052,0.4419852233804678,-0.18583040784620103,0.0015151572136652969,0.009365807371070511,0.009365807371070511,0.25081452983926933,-1.8890218275269164,0.24297205071787492,-1.8866874570253742,0.007842479121394408,0.002334370501542171,0.008182527996162155,0.007842479121394408,-24.26436304640083,0.26063695359917105,0.26063695359917105,0.010627398719640002,-24.533477949121202,0.008477949121200368,-0.008477949121200368,-0.00034568599882570306
screenshot_like_simple_start,solve_ivp_default,solve_ivp_default,,,3.1389236545682104,0.4418367508038107,-0.18998576950345822,0.4422010837346377,-0.19791702877969547,0.0003643329308269938,0.007931259276237251,0.007931259276237251,0.23875562844088521,-1.8859747154198272,0.2313024150332782,-1.8842902177925622,0.007453213407607018,0.0016844976272649692,0.007641199012955645,0.007453213407607018,-24.264422277812553,0.260577722187449,0.260577722187449,0.010624983575431152,-24.532626954426636,0.0076269544266338585,-0.0076269544266338585,-0.0003109869287108607
screenshot_like_simple_start,solve_ivp_default,solve_ivp_default,,,3.143929912390488,0.4429410729254377,-0.20324777398457056,0.4421745409498022,-0.20976178562058034,0.0007665319756355315,0.006514011636009787,0.006514011636009787,0.22674724753387288,-1.8829112099972969,0.21967896309596766,-1.8819038471443041,0.00706828443790522,0.0010073628529927436,0.007139707613951904,0.00706828443790522,-24.264509928716702,0.26049007128330004,0.26049007128330004,0.010621409634385322,-24.5317453204747,0.006745320474696115,-0.006745320474696115,-0.00027503855146569274
screenshot_like_simple_start,solve_ivp_default,solve_ivp_default,,,3.148936170212766,0.44378512049763735,-0.2162514897205569,0.441907027827593,-0.22136447742924198,0.0018780926700443512,0.005112987708685068,0.005112987708685068,0.21479106289034608,-1.8798415807069713,0.20810306653972033,-1.8795365116857043,0.006687996350625752,0.0003050690212669238,0.006694950507189739,0.006687996350625752,-24.2646132025941,0.26038679740590354,0.26038679740590354,0.010617198670984852,-24.530852606288434,0.005852606288431872,-0.005852606288431872,-0.00023863838077194176
screenshot_like_simple_start,solve_ivp_default,solve_ivp_default,,,3.153942428035044,0.4443710860654755,-0.22899781333895233,0.441400018910842,-0.2327248694638096,0.0029710671546334666,0.0037270561248572698,0.0037270561248572698,0.20288851704598201,-1.8767755898670768,0.19657592893494508,-1.8771960255179683,0.0063125881110369375,0.00042043565089144863,0.006326573701154947,0.0063125881110369375,-24.264719700044946,0.2602802999550562,0.2602802999550562,0.010612856267280578,-24.52996678241814,0.004966782418136972,-0.004966782418136972,-0.00020251916078030467
screenshot_like_simple_start,solve_ivp_default,solve_ivp_default,,,3.1589486858573217,0.44470126675313076,-0.24148766229274107,0.44065503048358123,-0.2438426931801586,0.00404623626954953,0.0023550308874175363,0.00404623626954953,0.1910408355444382,-1.8737224960946717,0.18509859750342225,-1.8748898531253408,0.005942238041015957,0.0011673570306691694,0.0060558166561703215,0.005942238041015957,-24.264818460049746,0.2601815399502563,0.2601815399502563,0.010608829355769877,-24.52910389964884,0.004103899648839615,-0.004103899648839615,-0.00016733535775085076
screenshot_like_simple_start,solve_ivp_default,solve_ivp_default,,,3.1639549436795997,0.44477806426389416,-0.25372197486035997,0.43967362057104237,-0.2547176462319137,0.00510444369285179,0.000995671371553708,0.00510444369285179,0.1792490431887393,-1.8706910584615573,0.1736719748484945,-1.872625112464618,0.005577068340244795,0.0019340540030607922,0.005902902350413423,0.005577068340244795,-24.26490072290196,0.2600992770980426,0.2600992770980426,0.010605475111031297,-24.528277845437135,0.0032778454371324983,-0.0032778454371324983,-0.00013365322883312938
screenshot_like_simple_start,solve_ivp_default,solve_ivp_default,,,3.1689612015018773,0.4446039848801692,-0.2657017101456908,0.4384573889396576,-0.2653493924704415,0.0061465959405116455,0.0003523176752492918,0.0061465959405116455,0.16751398027385267,-1.867689541344749,0.16229683069445383,-1.870408578243868,0.005217149579398839,0.0027190368991190095,0.005883180380762789,0.005557120181610475,-24.264960427272317,0.26003957272768474,0.26003957272768474,0.010603040682066656,-24.52750018295466,0.002500182954658925,-0.002500182954658925,-0.00010194425910943628
screenshot_like_simple_start,solve_ivp_default,solve_ivp_default,,,3.1739674593241554,0.4441816394634719,-0.27742784807806853,0.4370079770970585,-0.2757375619448588,0.007173662366413369,0.0016902861332097063,0.007173662366413369,0.15583631877520854,-1.8647257199397154,0.1509738136288623,-1.8682466853778128,0.00486250514634623,0.0035209654380974342,0.006003428513318055,0.006488550432409423,-24.26499445620062,0.2600055437993838,0.2600055437993838,0.010601653162054385,-24.526780067820923,0.00178006782092055,-0.00178006782092055,-7.258176639839143e-05
screenshot_like_simple_start,solve_ivp_default,solve_ivp_default,,,3.178973717146433,0.4435137434544308,-0.2889013894122735,0.4353270682920775,-0.28588175090202494,0.008186675162353274,0.003019638510248557,0.008186675162353274,0.14421657846851976,-1.861806886405919,0.13970346284160323,-1.8661455326081038,0.004513115626916531,0.004338646202184826,0.006260356501801715,0.00740890709621711,-24.265002648530228,0.25999735146977443,0.25999735146977443,0.010601319122111087,-24.52612423788535,0.0011242378853495438,-0.0011242378853495438,-4.5840484621795874e-05
screenshot_like_simple_start,solve_ivp_default,solve_ivp_default,,,3.183979974968711,0.4426031168727867,-0.3001233557285391,0.43341638751474615,-0.29578152178654876,0.009186729358040546,0.004341833941990336,0.009186729358040546,0.13265514295669917,-1.8589398566154047,0.12848621985436087,-1.864110886277422,0.0041689231023382955,0.0051710296620173235,0.006642248685398112,0.0083194507649203,-24.264987593449106,0.26001240655089575,0.26001240655089575,0.010601932988823474,-24.52553707173462,0.0005370717346195875,-0.0005370717346195875,-2.1898949423836386e-05
screenshot_like_simple_start,solve_ivp_default,solve_ivp_default,,,3.188986232790989,0.4414526843173932,-0.3110947894325451,0.4312777014962967,-0.30543640324078275,0.010174982821096523,0.0056583861917623435,0.010174982821096523,0.1211522755802189,-1.8561309774764032,0.11732244023423272,-1.862148184247015,0.003829835345986188,0.006017206770611683,0.007132630377193271,0.009221484991335627,-24.264954226428284,0.26004577357171854,0.26004577357171854,0.010603293519743874,-24.525020711931504,2.071193150143813e-05,-2.071193150143813e-05,-8.445232008741337e-07
screenshot_like_simple_start,solve_ivp_default,solve_ivp_default,,,3.1939924906132666,0.44006547496621634,-0.3218167537554202,0.42891281870916126,-0.31484589010482567,0.011152656257055082,0.0069708636505945165,0.011152656257055082,0.10970813518765049,-1.8533861348050333,0.106212405285034,-1.8602625399478692,0.0034957299026164845,0.006876405142835829,0.007713953282232534,0.010116357033664314,-24.264909245005445,0.26009075499455747,0.26009075499455747,0.01060512762465066,-24.52457524931729,0.00042475068271130567,0.00042475068271130567,1.7319090018809608e-05
screenshot_like_simple_start,solve_ivp_default,solve_ivp_default,,,3.1989987484355447,0.4384446225763344,-0.3322903327537456,0.42632358936697157,-0.32400944341652455,0.012121033209362808,0.008280889337221042,0.012121033209362808,0.09832279174359027,-1.8507107617192506,0.09515633370977622,-1.8584587465562818,0.0031664580338140458,0.007747984837031208,0.008370049313759807,0.011005458705203974,-24.264860362599393,0.2601396374006093,0.2601396374006093,0.010607120791054405,-24.52419896501751,0.0008010349824907337,0.0008010349824907337,3.2661976859968754e-05
screenshot_like_simple_start,solve_ivp_default,solve_ivp_default,,,3.2040050062578223,0.43659336548393846,-0.3425166313095478,0.4235119054245602,-0.3329264904114698,0.01308146005937827,0.00959014089807797,0.01308146005937827,0.0869962417515896,-1.8481098475301954,0.08415439323765767,-1.8567412812850794,0.0028418485139319327,0.008631433754884066,0.00908723014130759,0.01189022731741779,-24.264815417913567,0.2601845820864348,0.2601845820864348,0.010608953398019767,-24.52388862706993,0.0011113729300724629,0.0011113729300724629,4.531591967675689e-05
screenshot_like_simple_start,solve_ivp_default,solve_ivp_default,,,3.2090112640801003,0.43451504660433177,-0.352496775130306,0.42047970057795875,-0.341596424523001,0.014035346026373019,0.010900350607304987,0.014035346026373019,0.07572842347006364,-1.8455879471069796,0.07320671220871333,-1.8551143097821747,0.0025217112613503123,0.009526362675195132,0.009854471751695874,0.012772146704088327,-24.264781356544162,0.2602186434558398,0.2602186434558398,0.010610342240808961,-24.523639838837482,0.0013601611625198018,0.0013601611625198018,5.5460190112937885e-05
screenshot_like_simple_start,solve_ivp_default,solve_ivp_default,,,3.214017521902378,0.4322131134319305,-0.3622319107489452,0.41722895026439977,-0.35001860538220025,0.014984163167530706,0.01221330536674492,0.014984163167530706,0.0645192318995963,-1.8431491906918067,0.06231339110913264,-1.85358169062854,0.0022058407904636534,0.010432499936733342,0.010663150965958162,0.013652748313963792,-24.264763100201588,0.26023689979841436,0.26023689979841436,0.010611086638059708,-24.523447436571775,0.0015525634282269607,0.0015525634282269607,6.33053385617517e-05
screenshot_like_simple_start,solve_ivp_default,solve_ivp_default,,,3.219023779724656,0.4296907402499779,-0.3717228943051222,0.413761671662315,-0.3581923588178996,0.01592906858766291,0.01353053548722255,0.01592906858766291,0.053368480036664445,-1.8407975645679115,0.051474514049988596,-1.852146979927987,0.0018939659866758496,0.011349415360075499,0.011506360683300463,0.01453326891195772,-24.264760411407675,0.2602395885923272,0.2602395885923272,0.010611196272877765,-24.52330593365089,0.001694066349113399,0.001694066349113399,6.907508049392043e-05
screenshot_like_simple_start,solve_ivp_default,solve_ivp_default,,,3.224030037546934,0.4269485781391134,-0.3809680947519726,0.4100799236913368,-0.3661169768566747,0.016868654447776632,0.01485111789529786,0.016868654447776632,0.04227589717919328,-1.83853867891116,0.04069016018195282,-1.8508134359814348,0.0015857369972404611,0.012274757070274811,0.012376761408328055,0.015412601604301246,-24.264759332819622,0.26024066718037986,0.26024066718037986,0.010611240252003256,-24.523210009125687,0.0017899908743146398,0.0017899908743146398,7.298637611884361e-05
screenshot_like_simple_start,solve_ivp_default,solve_ivp_default,,,3.2290362953692116,0.4239888706807844,-0.38996658022344954,0.4061858070122977,-0.37379171772284736,0.01780306366848672,0.016174862500602183,0.01780306366848672,0.031241888495057435,-1.8363769419520315,0.029960415038269406,-1.8495840240385417,0.0012814734567880293,0.013207082086510225,0.013269106656450974,0.016291031991259308,-24.26475784371651,0.2602421562834927,0.2602421562834927,0.010611300969765246,-24.52315503826895,0.001844961731052308,0.001844961731052308,7.522779739255078e-05
screenshot_like_simple_start,solve_ivp_default,solve_ivp_default,,,3.2340425531914896,0.4208142740239878,-0.398717700282719,0.40208146565729064,-0.38121580783269926,0.018732808366697162,0.017501892450019763,0.018732808366697162,0.020266876180594973,-1.8343161965453536,0.019285381447035732,-1.8484614197399134,0.0009814947335592406,0.014145223194559797,0.014179233799324878,0.017169168227359644,-24.264756356561975,0.2602436434380273,0.2602436434380273,0.010611361608074507,-24.52313764521548,0.0018623547845209032,0.0018623547845209032,7.59369942720042e-05
screenshot_like_simple_start,solve_ivp_default,solve_ivp_default,,,3.239048811013767,0.4174273823496657,-0.40722074310115314,0.3977729671205753,-0.3883930535029937,0.019654415229090394,0.018827689598159447,0.019654415229090394,0.00935120016408375,-1.8323600463926186,0.008664499679493343,-1.847444764508127,0.0006867004845904079,0.015084718115508267,0.015100340333246797,0.01804393238147517,-24.26475500726333,0.26024499273667345,0.26024499273667345,0.01061141662534856,-24.52311446640558,0.0018855335944216733,0.0018855335944216733,7.688210374808045e-05
screenshot_like_simple_start,solve_ivp_default,solve_ivp_default,,,3.244055068836045,0.41383072787070285,-0.41547493545833625,0.3932656595927462,-0.3953258277564864,0.020565068277956677,0.020149107701849855,0.020565068277956677,-0.0015048710851237601,-1.8305118616623457,-0.0019020856421549936,-1.8465336984443061,0.00039721455703123354,0.016021836781960452,0.016026759911850503,0.018912814366521202,-24.26475373484574,0.26024626515426164,0.26024626515426164,0.010611468507819025,-24.523052273637163,0.0019477263628395747,0.0019477263628395747,7.941799644605809e-05
screenshot_like_simple_start,solve_ivp_default,solve_ivp_default,,,3.249061326658323,0.4100267808319293,-0.42347944274205895,0.388561088286911,-0.40201177848105923,0.02146569254501829,0.02146766426099972,0.02146766426099972,-0.012301129957305923,-1.828774784264457,-0.012413364190336063,-1.8457308669430987,0.00011223423303013957,0.016956082678641682,0.016956454120127723,0.019776729581149288,-24.264752345774962,0.26024765422504004,0.26024765422504004,0.010611525146790623,-24.522959675333684,0.002040324666317872,0.002040324666317872,8.319366631265532e-05
screenshot_like_simple_start,solve_ivp_default,solve_ivp_default,,,3.254067584480601,0.4060179495101175,-0.4312333689483241,0.3836607760735397,-0.40844859001664235,0.022357173436577782,0.022784778931681737,0.022784778931681737,-0.02303741930517844,-1.8271517327775637,-0.02286840875783741,-1.8450386845516054,0.00016901054734103083,0.01788695177404165,0.017887750231149926,0.020636546202883133,-24.26475056576186,0.2602494342381405,0.2602494342381405,0.01061159772632581,-24.522845664726688,0.0021543352733139898,0.0021543352733139898,8.784241685276206e-05
screenshot_like_simple_start,solve_ivp_default,solve_ivp_default,,,3.259073842302879,0.40180658021398497,-0.43873575668134135,0.37856622348046753,-0.41463398315521,0.02324035673351743,0.024101773526131354,0.024101773526131354,-0.033713622240799435,-1.8256454070277774,-0.03326636433069308,-1.8444593314183657,0.00044725791010635785,0.018813924390588266,0.018819239905291732,0.02149308542594225,-24.264748081466347,0.2602519185336547,0.2602519185336547,0.010611699022778988,-24.52271929464356,0.0022807053564406488,0.0022807053564406488,9.299512156740667e-05
screenshot_like_simple_start,solve_ivp_default,solve_ivp_default,,,3.2640801001251565,0.3973949572841932,-0.44598558715353004,0.37327890869289354,-0.42056571514078256,0.024116048591299677,0.02541987201274748,0.02541987201274748,-0.04432965211848522,-1.824258292317341,-0.04360643720240809,-1.8439947498661706,0.0007232149160771306,0.01973645754882969,0.019749703703893708,0.02234712162584357,-24.264744574135314,0.2602554258646883,0.2602554258646883,0.010611842033218686,-24.52258938621872,0.002410613781282933,0.002410613781282933,9.829210117361602e-05
screenshot_like_simple_start,solve_ivp_default,solve_ivp_default,,,3.2690863579474345,0.3927853030933465,-0.4529817801855204,0.36780028755337935,-0.4262415796694278,0.02498501553996718,0.026740200516092605,0.026740200516092605,-0.05488544269552287,-1.8229926633010338,-0.053887884149186605,-1.8436466410831291,0.0009975585463362635,0.020653977782095323,0.02067805409792362,0.023199382452102846,-24.264739746855668,0.26026025314433454,0.26026025314433454,0.01061203886419305,-24.52246427076672,0.00253572923328349,0.00253572923328349,0.0001033936486557998
screenshot_like_simple_start,solve_ivp_default,solve_ivp_default,,,3.274092615769712,0.3879797780459947,-0.4597231942061494,0.3621317935618523,-0.4316594068892572,0.025847984484142383,0.028063787316892186,0.028063787316892186,-0.06538093846243354,-1.8218505875079418,-0.06411000168532321,-1.8434164619259263,0.0012709367771103208,0.02156587441798452,0.021603291871927544,0.02405054885070862,-24.264733346775945,0.2602666532240576,0.2602666532240576,0.010612299825649648,-24.522351564183758,0.002648435816244188,0.002648435816244188,0.00010798922798141439
screenshot_like_simple_start,solve_ivp_default,solve_ivp_default,,,3.27909887359199,0.3829804805786296,-0.4662086262524658,0.35627483787560166,-0.43681706340043036,0.026705642703027943,0.029391562852035424,0.029391562852035424,-0.07581608513458787,-1.820833928505789,-0.0742721154174511,-1.8433054218287324,0.0015439697171367728,0.022471493322943292,0.02252447235010224,0.02490125501837176,-24.264725183345718,0.26027481665428454,0.26027481665428454,0.010612632687228726,-24.522257973379155,0.0027420266208473265,0.0027420266208473265,0.00011180536680315296
screenshot_like_simple_start,solve_ivp_default,solve_ivp_default,,,3.2841051314142677,0.3777894471596891,-0.4724368119697251,0.35023080930928274,-0.4417124522551507,0.027558637850406353,0.03072435971457438,0.03072435971457438,-0.08619082029698555,-1.8199443487046318,-0.08437356951580216,-1.8433144798108523,0.0018172507811833882,0.023370131106220438,0.02344067892198611,0.025752088290859454,-24.264715143337792,0.26028485666221,0.26028485666221,0.01061304206573741,-24.522189134381726,0.002810865618275926,0.002810865618275926,0.0001146122576259297
screenshot_like_simple_start,solve_ivp_default,solve_ivp_default,,,3.289111389236546,0.37240865228955283,-0.4784064256113944,0.34400107433491245,-0.4463435129576695,0.028407577954640384,0.032062912653724907,0.032062912653724907,-0.0965050641941873,-1.8191833117962763,-0.09441371632022183,-1.843444341575859,0.0020913478739654767,0.024261029779582666,0.02435100207169588,0.026603588968018566,-24.264703203151775,0.2602967968482268,0.2602967968482268,0.010613528923475099,-24.522149481914163,0.0028505180858395818,0.0028505180858395818,0.0001162290758752123
screenshot_like_simple_start,solve_ivp_default,solve_ivp_default,,,3.294117647058824,0.36684000850054604,-0.4841160800391483,0.3375869770818734,-0.45070822146428247,0.029253031418672637,0.033407858574865834,0.033407858574865834,-0.10675871065748582,-1.818552084825352,-0.10439190609816024,-1.8436954566946926,0.002366804559325586,0.02514337186934057,0.02525452262035438,0.027456250078362887,-24.264689438645554,0.26031056135444786,0.26031056135444786,0.01061409016735771,-24.522142150383566,0.0028578496164364253,0.0028578496164364253,0.0001165280169800785
screenshot_like_simple_start,solve_ivp_default,solve_ivp_default,,,3.2991239048811014,0.3610853663569378,-0.4895643267228707,0.33098983933691195,-0.4548045901833314,0.030095527020025825,0.03475973653953929,0.03475973653953929,-0.11695161816166727,-1.818051739887503,-0.1143074769714752,-1.8440680158649978,0.002644141190192073,0.026016275977494896,0.026150298246307793,0.028310517086364673,-24.264674032502242,0.26032596749776005,0.26032596749776005,0.01061471834853252,-24.522168906395372,0.002831093604630297,0.002831093604630297,0.00011543704809909467
screenshot_like_simple_start,solve_ivp_default,solve_ivp_default,,,3.3041301627033794,0.3551465144549395,-0.4947496557406563,0.32421096054413673,-0.4586306679752051,0.03093555391080277,0.03611898776545125,0.03611898776545125,-0.12708360100393534,-1.817683155449695,-0.12415974502842164,-1.8445619482388187,0.0029238559755137006,0.02687879278912364,0.027037352599065465,0.029166787545834127,-24.26465727891051,0.2603427210894935,0.2603427210894935,0.010615401471538981,-24.522230113062616,0.0027698869373864454,0.0027698869373864454,0.00011294136340005892
screenshot_like_simple_start,solve_ivp_default,solve_ivp_default,,,3.309136420525657,0.3490251794227088,-0.4996704957788069,0.3172516178050226,-0.4621845401523368,0.031773561617686186,0.03748595562647011,0.03748595562647011,-0.13715442059787375,-1.8174470172871455,-0.13394799463679807,-1.8451769188107017,0.0032064259610756762,0.027729901523556144,0.027914666502574976,0.03002541070300574,-24.264639585115006,0.26036041488499606,0.26036041488499606,0.010616122931090563,-24.52232472655148,0.0026752734485206986,0.0026752734485206986,0.00010908352491419769
screenshot_like_simple_start,solve_ivp_default,solve_ivp_default,,,3.314142678347935,0.3427230259203448,-0.5043252141318356,0.3101130658784058,-0.465464328479207,0.032609960041939,0.03886088565262863,0.03886088565262863,-0.1471637768757093,-1.8173438190308875,-0.14367146897386446,-1.8459123258582109,0.003492307901844849,0.02856850682732337,0.028781170873057094,0.030886687053176265,-24.26462146917759,0.26037853082241114,0.26037853082241114,0.01061686160336029,-24.522450325477298,0.0025496745227044926,0.0025496745227044926,0.0001039622639227112
screenshot_like_simple_start,solve_ivp_default,solve_ivp_default,,,3.3191489361702127,0.336241656639893,-0.508712116702463,0.30279653718048904,-0.4684681911723409,0.03344511945940398,0.04024392553012207,0.04024392553012207,-0.15711129979247862,-1.8173738623194753,-0.15332936078823084,-1.8467672984269257,0.0037819390042477807,0.029393436107450377,0.02963574107112252,0.03175086785494985,-24.264603553078018,0.26039644692198394,0.26039644692198394,0.01061759212729802,-24.522603173942098,0.0023968260579039224,0.0023968260579039224,9.772991061789694e-05
screenshot_like_simple_start,solve_ivp_default,solve_ivp_default,,,3.3241551939924907,0.32958261230534047,-0.5128294480016201,0.29530324178483647,-0.4711943229003106,0.034279370520504004,0.04163512510130951,0.04163512510130951,-0.1669965409262158,-1.817537256547822,-0.16292080340862447,-1.8477406938520629,0.004075737517591327,0.0302034373042408,0.030477192477383907,0.03261815460635403,-24.264586550072206,0.26041344992779614,0.26041344992779614,0.010618285420093623,-24.522778319184173,0.0022216808158290746,0.0022216808158290746,9.058841247009478e-05
screenshot_like_simple_start,solve_ivp_default,solve_ivp_default,,,3.3291614518147687,0.32274737167261985,-0.5166753911484466,0.28763436742237775,-0.47364095478373347,0.03511300425024211,0.04303443636471316,0.04303443636471316,-0.17681896516871537,-1.8178339182056371,-0.17244486201406833,-1.8488310953090492,0.0043741031546470355,0.0309971771034121,0.031304277132490836,0.033488698487284696,-24.264571245015983,0.2604287549840194,0.2604287549840194,0.01061890947947072,-24.52296972499068,0.002030275009321514,0.002030275009321514,8.278389436581095e-05
screenshot_like_simple_start,solve_ivp_default,solve_ivp_default,,,3.3341677096370463,0.31573735152960797,-0.5202480678702912,0.2797910794814068,-0.47580635439527286,0.03594627204820117,0.04444171347501835,0.04444171347501835,-0.18657794250202636,-1.8182635697974052,-0.18190052517974575,-1.850036809385574,0.004677417322280608,0.03177323958816869,0.03211568132134115,0.034362599772930436,-24.264558466149545,0.2604415338504573,0.2604415338504573,0.010619430534167473,-24.52317044220355,0.001829557796451553,0.001829557796451553,7.459970627733141e-05
screenshot_like_simple_start,solve_ivp_default,solve_ivp_default,,,3.3391739674593244,0.30855390669612337,-0.5235455385027127,0.27177452100757915,-0.47768882575963834,0.03677938568854422,0.045856712743074346,0.045856712743074346,-0.19627273985640992,-1.8188257383353252,-0.19128669671252002,-1.8513558636679446,0.0049860431438898956,0.03253012533261934,0.03291002401075779,0.03523990722301129,-24.264549046622594,0.26045095337740776,0.26045095337740776,0.010619814612738337,-24.52337281782438,0.0016271821756213,0.0016271821756213,6.634789706916615e-05
screenshot_like_simple_start,solve_ivp_default,solve_ivp_default,,,3.344180225281602,0.3011983300239315,-0.5265658019894779,0.26358581270391723,-0.47928670935358497,0.03761251732001425,0.047279092635892916,0.047279092635892916,-0.2059025130461502,-1.819519753396086,-0.2006021877898173,-1.8527860043348992,0.005300325256332894,0.03326625093881308,0.033685856072645716,0.036120617451843584,-24.26454377381915,0.2604562261808532,0.2604562261808532,0.01062002960982072,-24.523568744390293,0.0014312556097095808,0.0014312556097095808,5.835904626746506e-05
screenshot_like_simple_start,solve_ivp_default,solve_ivp_default,,,3.34918648310388,0.29367185239673865,-0.5293067958825644,0.25522605293080425,-0.4805983821059143,0.038445799465934405,0.04870841377665003,0.04870841377665003,-0.21546629878036178,-1.8203447447318384,-0.2098457094153729,-1.8543246937524378,0.005620589364988882,0.03397994902059942,0.03444166024239194,0.037004674284420835,-24.26454332431426,0.2604566756857416,0.2604566756857416,0.010620047938256537,-24.523749951445392,0.0012500485546098616,0.0012500485546098616,5.097037939285878e-05
screenshot_like_simple_start,solve_ivp_default,solve_ivp_default,,,3.3541927409261576,0.28597564273019804,-0.5317663963421573,0.24669631770599035,-0.481622257397473,0.039279325024207695,0.05014413894468428,0.05014413894468428,-0.22496300674666175,-1.821299639425189,-0.2190158652050775,-1.8559691080636833,0.0059471415415842666,0.034669468638494294,0.035175851776341915,0.037891968103867635,-24.26454818206,0.2604518179400017,0.2604518179400017,0.010619849865035747,-24.523908341062892,0.0010916589371099406,0.0010916589371099406,4.4512087140058736e-05
screenshot_like_simple_start,solve_ivp_default,solve_ivp_default,,,3.3591989987484356,0.278110807971904,-0.5339424181366524,0.2379976607045866,-0.4823567850611544,0.040113147267317406,0.051585633075498016,0.051585633075498016,-0.23439141176647793,-1.8223831585775323,-0.22811114451601705,-1.857716134768311,0.00628026725046088,0.0353329761907788,0.0358867797835826,0.038782335195796214,-24.26455853715445,0.26044146284555225,0.26044146284555225,0.010619427638962375,-24.524036369472263,0.0009636305277389567,0.0009636305277389567,3.9291764637674074e-05
screenshot_like_simple_start,solve_ivp_default,solve_ivp_default,,,3.3642052565707137,0.27007839310139686,-0.5358326146426539,0.22913111325907023,-0.48280045138189726,0.04094727984232663,0.053032163260756604,0.053032163260756604,-0.24375014602161515,-1.8235938135195147,-0.23712991593156382,-1.859562370286643,0.006620230090051332,0.0359685567671284,0.036572729216663054,0.03967555709525508,-24.26457416229351,0.2604258377064923,0.2604258377064923,0.010618790528297341,-24.52412747690058,0.0008725230994208744,0.0008725230994208744,3.557688478780323e-05
screenshot_like_simple_start,solve_ivp_default,solve_ivp_default,,,3.3692115143929913,0.26187938113016085,-0.5374346778449752,0.22009768435928234,-0.4829517790966863,0.04178169677087851,0.05448289874828893,0.05448289874828893,-0.25303769135273035,-1.824929901531946,-0.24607042111526825,-1.8615041175041487,0.006967270237462103,0.03657421597220267,0.03723192351387651,0.04057135994212854,-24.264594263740697,0.26040573625930463,0.26040573625930463,0.010617970897423225,-24.524176567732887,0.0008234322671150096,0.0008234322671150096,3.3575219861977965e-05
screenshot_like_simple_start,solve_ivp_default,solve_ivp_default,,,3.3742177722152693,0.2535146931016221,-0.5387462383366396,0.21089836065242565,-0.4828093273945524,0.042616332449196465,0.05593691094208719,0.05593691094208719,-0.2622523716313862,-1.826389501064977,-0.25493076904611944,-1.8635373832927722,0.007321602585266762,0.03714788222779508,0.03786252789271628,0.04146941385100397,-24.264617303372766,0.2603826966272358,0.2603826966272358,0.010617031462884232,-24.52418054301207,0.00081945698793362,0.00081945698793362,3.34131289677317e-05
screenshot_like_simple_start,solve_ivp_default,solve_ivp_default,,,3.379224030037547,0.24498518809115338,-0.5397648653188789,0.2015341064430698,-0.48237169191657203,0.04345108164808359,0.057393173402306874,0.057393173402306874,-0.2713923452084883,-1.8279704664429128,-0.26370893064761614,-1.8656578760062392,0.0076834145608721816,0.03768740956332639,0.03846265330041764,0.042369332301686435,-24.26464078806958,0.260359211930421,0.260359211930421,0.010616073880954984,-24.524138887110766,0.0008611128892361819,0.0008611128892361819,3.5111636666103236e-05
screenshot_like_simple_start,solve_ivp_default,solve_ivp_default,,,3.384230287859825,0.2362916632060685,-0.5404880666011345,0.19200586369314515,-0.4816375047558678,0.04428579951292336,0.05885056184526666,0.05885056184526666,-0.28045559744313847,-1.8296704220415956,-0.27240273382299646,-1.8678610029473104,0.008052863620142015,0.03819058090571481,0.039030361033438515,0.04327067155670311,-24.26466102241338,0.2603389775866205,0.2603389775866205,0.010615248831258734,-24.524054310086335,0.0009456899136672803,0.0009456899136672803,3.8560241128125594e-05
screenshot_like_simple_start,solve_ivp_default,solve_ivp_default,,,3.3892365456821025,0.22743485358562837,-0.5409132886010571,0.1823145520219494,-0.4806054344576081,0.045120301563678966,0.060307854143449025,0.060307854143449025,-0.28943993331719775,-1.831486755924879,-0.28100985890882035,-1.8701418678057755,0.008430074408377397,0.03865511188089643,0.03956366804348909,0.04417293011229706,-24.264672820345584,0.26032717965441776,0.26032717965441776,0.010614767773880438,-24.523933446738223,0.0010665532617792906,0.0010665532617792906,4.3488410266229986e-05
screenshot_like_simple_start,solve_ivp_default,solve_ivp_default,,,3.3942428035043806,0.21841737967728572,-0.5410411210201114,0.17246106870614053,-0.47927418601900723,0.04595631097114519,0.06176693500110414,0.06176693500110414,-0.29834381609362914,-1.8334145404874198,-0.2895278345590504,-1.8724952680669036,0.008815981534578743,0.039080727579483776,0.04006276074560835,0.04507744920207357,-24.264719191150885,0.2602808088491173,0.2602808088491173,0.010612877017293264,-24.523787612681886,0.001212387318116015,0.001212387318116015,4.943475303225341e-05
screenshot_like_simple_start,solve_ivp_default,solve_ivp_default,,,3.3992490613266586,0.20924462630788312,-0.5408774268300962,0.16244628867974306,-0.47764250088932547,0.04679833762814006,0.06323492594077074,0.06323492594077074,-0.30716730863424846,-1.8354453353492288,-0.29795403407162496,-1.8749156923909942,0.009213274562623497,0.03947035704176538,0.04053138923316993,0.04598829119361511,-24.26493110888586,0.2600688911141411,0.2600688911141411,0.010604236131055702,-24.523633616783165,0.0013663832168369083,0.0013663832168369083,5.571389263351308e-05
screenshot_like_simple_start,solve_ivp_default,solve_ivp_default,,,3.404255319148936,0.19991486528097818,-0.5404171640109575,0.15227106453414554,-0.475709156969869,0.04764380074683264,0.06470800704108853,0.06470800704108853,-0.31590785971755486,-1.83757761565302,-0.3062856721694749,-1.8773973179657046,0.009622187548079975,0.039819702312684724,0.04096578066485801,0.04690258429262362,-24.265270742358396,0.2597292576416059,0.2597292576416059,0.01059038767142124,-24.523494628000222,0.0015053719997801807,0.0015053719997801807,6.138112129582796e-05
screenshot_like_simple_start,solve_ivp_default,solve_ivp_default,,,3.4092615769712142,0.19042613256151278,-0.5396549802375729,0.14193622651809767,-0.4734729686139897,0.048489906043415104,0.06618201162358317,0.06618201162358317,-0.3245626928158671,-1.8398096844222276,-0.3145198022478093,-1.8799340078338576,0.010042890568057794,0.04012432341162997,0.041362071759077315,0.04781720745145504,-24.265687864445283,0.259312135554719,0.259312135554719,0.010573379635258673,-24.52340109298719,0.0015989070128128446,0.0015989070128128446,6.519498523192027e-05
screenshot_like_simple_start,solve_ivp_default,solve_ivp_default,,,3.414267834793492,0.18077673936262065,-0.5385860281895438,0.131443768013309,-0.4709343756622016,0.04933297134931164,0.06765165252734223,0.06765165252734223,-0.33312899273464125,-1.8421391342022901,-0.32265355491083014,-1.8825184318516475,0.010475437823811107,0.040379297649357326,0.041715973873996115,0.04872811710667152,-24.266134319739585,0.258865680260417,0.258865680260417,0.010555175545786626,-24.52339200843741,0.0016079915625937247,0.0016079915625937247,6.556540520259835e-05
screenshot_like_simple_start,solve_ivp_default,solve_ivp_default,,,3.41927409261577,0.17096527214562068,-0.5372059655511959,0.1208040941872498,-0.4681054278674148,0.050161177958370884,0.0691005376837811,0.0691005376837811,-0.34160389271130454,-1.8445628460288912,-0.3306858530058502,-1.8851367683341733,0.010918039705454352,0.04057392230528212,0.04201721983002859,0.04962314746902964,-24.266565817673012,0.2584341823269902,0.2584341823269902,0.010537581338511324,-24.52350375911902,0.0014962408809822136,0.0014962408809822136,6.100880248653266e-05
screenshot_like_simple_start,solve_ivp_default,solve_ivp_default,,,3.4242803504380475,0.16099059262002385,-0.5355109550115791,0.11001645844875674,-0.4649838189281371,0.050974134171267116,0.07052713608344197,0.07052713608344197,-0.3499844630754959,-1.847076990746228,-0.33861367859813446,-1.8877831124928184,0.01137078447736145,0.040706121746590274,0.04226444235144755,0.05050140855031618,-24.266943430470693,0.2580565695293089,0.2580565695293089,0.010522184282540627,-24.523740416271902,0.0012595837280997557,0.0012595837280997557,5.135917341895028e-05
screenshot_like_simple_start,solve_ivp_default,solve_ivp_default,,,3.4292866082603255,0.150851837743526,-0.5334976642644665,0.09907772151320363,-0.4615641875868729,0.05177411623032238,0.07193347667759364,0.07193347667759364,-0.35826770157479015,-1.8496770327513246,-0.3464334541058189,-1.890452799816026,0.01183424746897127,0.04077576706470154,0.042458363049835676,0.051364647295435745,-24.26723479204387,0.2577652079561332,0.2577652079561332,0.01051030409607067,-24.524088502150597,0.0009114978494046966,0.0009114978494046966,3.716606929275011e-05
screenshot_like_simple_start,solve_ivp_default,solve_ivp_default,,,3.4342928660826035,0.14054841972201437,-0.531163266008356,0.08798545233040586,-0.45784222488331594,0.05256296739160851,0.07332104112504001,0.07332104112504001,-0.36645052546104184,-1.8523577362351153,-0.35414162125792836,-1.8931401274776032,0.01230890420311348,0.04078239124248784,0.04259944316698017,0.05221417369737914,-24.267414992667135,0.2575850073328674,0.2575850073328674,0.010502956466171961,-24.524522179296355,0.00047782070364732476,0.00047782070364732476,1.9483005245558602e-05
screenshot_like_simple_start,solve_ivp_default,solve_ivp_default,,,3.439299123904881,0.1300800260095646,-0.5285054379464692,0.0767379280846176,-0.4538146741543486,0.053342097924946985,0.07469076379212058,0.07469076379212058,-0.37452976542292216,-1.8551131739859557,-0.361734637626274,-1.8958383928521372,0.012795127796648154,0.04072521886618152,0.04268792273033376,0.05305085725169864,-24.267467164228464,0.2575328357715385,0.2575328357715385,0.010500829185383833,-24.525005943278263,5.943278260645002e-06,-5.943278260645002e-06,-2.423355050212029e-07
screenshot_like_simple_start,solve_ivp_default,solve_ivp_default,,,3.444305381727159,0.11944661930843814,-0.5255223627867512,0.06533413419452874,-0.44947933103404086,0.0541124851139094,0.07604303175271038,0.07604303175271038,-0.3825021614399026,-1.8579367388161399,-0.36920897652480855,-1.8985399378779246,0.01329318491509407,0.04060319906178478,0.04272386381447498,0.05387512407053928,-24.267382752063043,0.2576172479369596,0.2576172479369596,0.010504271067765936,-24.525497392860558,0.0004973928605558342,-0.0004973928605558342,-2.0281054456914748e-05
screenshot_like_simple_start,solve_ivp_default,solve_ivp_default,,,3.4493116395494368,0.10864843756908892,-0.5222127282418723,0.053773764313271966,-0.4448350434536524,0.05487467325581695,0.07737768478821988,0.07737768478821988,-0.3903643606220291,-1.8608211576669382,-0.3765611303754664,-1.9012361994568656,0.013803230246562714,0.040415041789927386,0.0427071980832412,0.05468695472751831,-24.26716147194816,0.2578385280518418,0.2578385280518418,0.010513293702419645,-24.5259500498146,0.0009500498145982306,-0.0009500498145982306,-3.8738014866390644e-05
screenshot_like_simple_start,solve_ivp_default,solve_ivp_default,,,3.454317897371715,0.09768599399015535,-0.5185757270292253,0.04205722032841455,-0.4398817116416299,0.055628773661740794,0.07869401538759535,0.07869401538759535,-0.39811291708833646,-1.8637585084424169,-0.38378761760959024,-1.9039177660336692,0.014325299478746223,0.040159257591252384,0.04263777873478318,0.05548588291048363,-24.266810954779785,0.2581890452202167,0.2581890452202167,0.010527585941700985,-24.52631619242333,0.001316192423328033,-0.001316192423328033,-5.3667377097982994e-05
screenshot_like_simple_start,solve_ivp_default,solve_ivp_default,,,3.4593241551939924,0.08656007701846835,-0.5146110568709282,0.030185612361966735,-0.43462028812361053,0.056374464656501616,0.0799907687473177,0.0799907687473177,-0.4057442939246658,-1.8667402396167936,-0.39088499314241404,-1.9065744404481162,0.014859300782251783,0.03983420083132261,0.0425154369095223,0.05627099496342448,-24.26634608677313,0.2586539132268726,0.2586539132268726,0.010546540804357699,-24.52654965748463,0.0015496574846274314,-0.0015496574846274314,-6.318684952609301e-05
screenshot_like_simple_start,solve_ivp_default,solve_ivp_default,,,3.4643304130162704,0.07527175034904351,-0.5103189204938222,0.018160758770373195,-0.4290527777224178,0.05711099157867032,0.08126614277140443,0.08126614277140443,-0.4132548672491485,-1.869757192654225,-0.3978498624251892,-1.9091953091038683,0.01540500482395929,0.039438116449643346,0.04234004254511134,0.05704093040144574,-24.265788059690127,0.25921194030987493,0.25921194030987493,0.01056929420223751,-24.526608555519346,0.0016085555193434686,-0.0016085555193434686,-6.558840038097731e-05
screenshot_like_simple_start,solve_ivp_default,solve_ivp_default,,,3.4693366708385485,0.06382235292508784,-0.5057000256294729,0.005985186144520566,-0.4231822375580652,0.05783716678056727,0.0825177880714077,0.0825177880714077,-0.4206409324005952,-1.8727996272735647,-0.4046788990455348,-1.9117688174450926,0.015962033355060412,0.03896919017152789,0.042111569567670676,0.0577938834836133,-24.265163153511722,0.2598368464882803,0.2598368464882803,0.010594774576484415,-24.526457833298167,0.0014578332981649567,-0.0014578332981649567,-5.9442744063810664e-05
screenshot_like_simple_start,solve_ivp_default,solve_ivp_default,,,3.474342928660826,0.05221349893799701,-0.5007555850141703,-0.006337870690265701,-0.4170127770477551,0.05855136962826271,0.0837428079664152,0.0837428079664152,-0.42789871225171505,-1.8758572495837327,-0.41136886581198506,-1.914282851677925,0.01652984643972999,0.03842560209419221,0.04183016518760407,0.058527605927533755,-24.26450128300435,0.2604987169956523,0.2604987169956523,0.010621762160882866,-24.526071607280688,0.0010716072806857824,-0.0010716072806857824,-4.369448647036829e-05
screenshot_like_simple_start,solve_ivp_default,solve_ivp_default,,,3.479349186483104,0.04044707782735213,-0.4954873163889269,-0.018804468674224833,-0.4105495579058763,0.05925154650157696,0.08493775848305063,0.08493775848305063,-0.4350243676353943,-1.8789192431077435,-0.4179166392236936,-1.916724826617293,0.017107728411700718,0.037805583509549434,0.04149622291132083,0.05923941084661641,-24.263834349586322,0.26116565041368034,0.26116565041368034,0.01064895618404405,-24.525435181899898,0.00043518189989555367,-0.00043518189989555367,-1.774441997535387e-05
screenshot_like_simple_start,solve_ivp_default,solve_ivp_default,,,3.4843554443053817,0.028525254280926948,-0.4898974424994813,-0.03140995651315284,-0.40379879414400865,0.05993521079407979,0.08609864835547265,0.08609864835547265,-0.4420140098583568,-1.8819743027051077,-0.42431923719130316,-1.919081779480868,0.01769477266705366,0.03710747677576043,0.0411104586741903,0.05992617798599345,-24.263194450524985,0.26180554947501733,0.26180554947501733,0.010675047888889594,-24.524546658865,0.0004533411350031713,0.0004533411350031713,1.8484857696357647e-05
screenshot_like_simple_start,solve_ivp_default,solve_ivp_default,,,3.4893617021276597,0.016450468234679688,-0.4839886910962939,-0.04414897467841136,-0.3967677520709181,0.06059944291309105,0.08722093902537581,0.08722093902537581,-0.44886371526247126,-1.8850106713931636,-0.43057384984048375,-1.9213404693908736,0.018289865421987517,0.03632979799770997,0.04067398922786927,0.060584360325953206,-24.262612008475305,0.2623879915246974,0.2623879915246974,0.010698796800191533,-24.523418039082763,0.0015819609172389448,0.0015819609172389448,6.450401293532904e-05
screenshot_like_simple_start,solve_ivp_default,solve_ivp_default,,,3.4943679599499373,0.004225434872761169,-0.4777642949345512,-0.05701545540691899,-0.3894647502925615,0.06124089027968016,0.08829954464198969,0.08829954464198969,-0.45556954177977815,-1.8880161800578066,-0.4366778731959035,-1.9234874822811974,0.018891668583874643,0.03547130222339079,0.040188411554900806,0.061209992112390935,-24.262113895321725,0.26288610467827667,0.26288610467827667,0.010719107224394562,-24.52207571891242,0.00292428108758358,0.00292428108758358,0.00011923674159362201
screenshot_like_simple_start,solve_ivp_default,solve_ivp_default,,,3.4993742177722154,-0.008146855372493378,-0.4712279917741615,-0.07000262270116006,-0.38189915971208177,0.06185576732866668,0.08932883206207975,0.08932883206207975,-0.4621275474131875,-1.890978290033077,-0.4426289455109669,-1.925509340841903,0.019498601902220636,0.034531050808826125,0.03965588160794075,0.061798698362164464,-24.261721634765518,0.2632783652344841,0.2632783652344841,0.01073510153861301,-24.520560288899514,0.004439711100488353,0.004439711100488353,0.00018102797555508062
screenshot_like_simple_start,solve_ivp_default,solve_ivp_default,,,3.5043804755944934,-0.02066313682055701,-0.46438402437975895,-0.08310299232917662,-0.3740814035298121,0.06243985550861961,0.09030262084994684,0.09030262084994684,-0.4685338105607106,-1.893884138517018,-0.44842498597780067,-1.9273926190659636,0.020108824582909912,0.03350848054894562,0.03907919004796938,0.06234570587730675,-24.261449777603964,0.263550222396038,0.263550222396038,0.010746186438166685,-24.518925557491542,0.0060744425084600095,0.0060744425084600095,0.00024768369045708496
screenshot_like_simple_start,solve_ivp_default,solve_ivp_default,,,3.509386733416771,-0.033319868542714154,-0.4572371405207015,-0.09630837182457211,-0.3660229572432746,0.06298850328185795,0.09121418327742692,0.09121418327742692,-0.4747844520872669,-1.8967205867781738,-0.45406423552325403,-1.9291240608941753,0.02072021656401285,0.03240347411600153,0.03846183184984789,0.06284585578580684,-24.26130455161666,0.26369544838334136,0.26369544838334136,0.010752107987088332,-24.5172367459046,0.007763254095401351,0.007763254095401351,0.00031654450949648725
screenshot_like_simple_start,solve_ivp_default,solve_ivp_default,,,3.514392991239049,-0.046113234362064076,-0.4497925929710693,-0.10960986048651469,-0.3577363486471773,0.06349662612445062,0.09205624432389203,0.09205624432389203,-0.48087565903455126,-1.8994742710929815,-0.4595452993703753,-1.9306907023840765,0.021330359664175957,0.03121643129109497,0.03780806562037733,0.06329361760812233,-24.261282893801187,0.26371710619881483,0.26371710619881483,0.010752991078443009,-24.515567834167662,0.009432165832340189,0.009432165832340189,0.0003845939177304868
screenshot_like_simple_start,solve_ivp_default,solve_ivp_default,,,3.5193992490613266,-0.059039142853513,-0.44205613950966915,-0.12299784937972918,-0.34923515783341996,0.06395870652621619,0.09282098167624919,0.09282098167624919,-0.4868037098463336,-1.9021316563391784,-0.46486719102142615,-1.932079996757698,0.021936518824907436,0.02994834041851968,0.03712295720950929,0.06368310482779799,-24.261371975742723,0.2636280242572795,0.2636280242572795,0.010749358787248907,-24.513998082479446,0.011001917520555793,0.011001917520555793,0.0004486001027749558
screenshot_like_simple_start,solve_ivp_default,solve_ivp_default,,,3.5244055068836047,-0.07209322734378318,-0.43403404292002906,-0.13646202133450624,-0.3405340171910878,0.06436879399072307,0.09350002572894128,0.09350002572894128,-0.4925650009740201,-1.904679092154185,-0.47002937729832706,-1.9332799416116422,0.02253562367569306,0.028600849457457223,0.03641240069180538,0.06400809192160187,-24.26154933249301,0.26345066750699075,0.26345066750699075,0.010742127115473628,-24.51260780529176,0.012392194708240822,0.012392194708240822,0.0005052882653716951
screenshot_like_simple_start,solve_ivp_default,solve_ivp_default,,,3.5294117647058822,-0.08527084591140363,-0.42573307099040386,-0.14999135094669303,-0.3316486114064575,0.0647205050352894,0.09408445958394634,0.09408445958394634,-0.49815607471538803,-1.9071028715502916,-0.4750318240598018,-1.9342792075018118,0.02312425065558621,0.027176335951520247,0.035683108106389375,0.06426203277956934,-24.261783700801917,0.26321629919808487,0.26321629919808487,0.010732570813377567,-24.511473535492318,0.013526464507684466,0.013526464507684466,0.0005515377984784695
screenshot_like_simple_start,solve_ivp_default,solve_ivp_default,,,3.5344180225281603,-0.09856708138671957,-0.4171604965137694,-0.16357410457770294,-0.3225956774629912,0.06500702319098337,0.09456481905077818,0.09456481905077818,-0.5035736481283497,-1.909389291860423,-0.47987504220177374,-1.9350672670446945,0.023698605926575966,0.025677975184271506,0.034942557611417124,0.06443808041841194,-24.26203666322787,0.26296333677213113,0.26296333677213113,0.010722256341371299,-24.510662778661395,0.014337221338607264,0.014337221338607264,0.000584596180982967
screenshot_like_simple_start,solve_ivp_default,solve_ivp_default,,,3.5394242803504383,-0.11197674135188432,-0.4083240972878278,-0.17719784035450692,-0.31339300464134207,0.0652210990026226,0.09493109264648575,0.09493109264648575,-0.5088146428514203,-1.9115247178693633,-0.4845601335388976,-1.9356345236080874,0.02425450931252271,0.02410980573872412,0.03419888820927174,0.06452910786307783,-24.26226517992744,0.26273482007256277,0.26273482007256277,0.010712938637005617,-24.51022861710937,0.014771382890632623,0.014771382890632623,0.0006022989965599438
screenshot_like_simple_start,solve_ivp_default,solve_ivp_default,,,3.544430538172716,-0.1254943581408621,-0.3992321561150054,-0.1908494081696372,-0.3040594345193515,0.06535505002877509,0.09517272159565388,0.09517272159565388,-0.5138762156535033,-1.9134956469656967,-0.48908883616077714,-1.9359724385971153,0.024787379492726136,0.02247679163141858,0.03346072838655233,0.06452773004106585,-24.26242506922073,0.2625749307792731,0.2625749307792731,0.010706419195892887,-24.510204473631006,0.014795526368995837,0.014795526368995837,0.0006032834401221544
screenshot_like_simple_start,solve_ivp_default,solve_ivp_default,,,3.549436795994994,-0.13911417364363474,-0.38989347200125957,-0.20451494968119083,-0.29461486097204725,0.06540077603755609,0.09527861102921231,0.09527861102921231,-0.5187557848370439,-1.9152887739800384,-0.49346356885640896,-1.9360736562770302,0.025292215980634913,0.020784882296991825,0.0327369442879278,0.064426341551625,-24.26248354853989,0.2625164514601117,0.2625164514601117,0.010704034718047368,-24.510599378535208,0.014400621464794483,0.014400621464794483,0.0005871813033555345
screenshot_like_simple_start,solve_ivp_default,solve_ivp_default,,,3.5544430538172715,-0.1528264926436041,-0.3803215885111011,-0.21817989831282142,-0.28508023017164863,0.06535340566921732,0.09524135833945246,0.09524135833945246,-0.5234513841007553,-1.9168900468391177,-0.49768747420478693,-1.9359321250131716,0.025763909895968384,0.0190420781740539,0.03203716270699323,0.06422074399975022,-24.2631018299333,0.2618981700667007,0.2618981700667007,0.010678824467551504,-24.51139409388648,0.013605906113522082,0.013605906113522082,0.000554777007686935
screenshot_like_simple_start,solve_ivp_default,solve_ivp_default,,,3.5594493116395496,-0.16661480269055665,-0.3705400907158517,-0.2318289792537485,-0.27547754058756024,0.06521417656319187,0.09506255012829146,0.09506255012829146,-0.5279639077040491,-1.918283738768702,-0.5017644599382903,-1.9355432137512163,0.026199447765758777,0.017259474982514345,0.03137356434807434,0.06391296970643376,-24.264505704633308,0.2604942953666942,0.2604942953666942,0.010621581870201598,-24.512538430943902,0.012461569056100075,0.012461569056100075,0.0005081169849582089
screenshot_like_simple_start,solve_ivp_default,solve_ivp_default,,,3.564455569461827,-0.18046237824940997,-0.3605734429098827,-0.24544620945874823,-0.2658298429863786,0.06498383120933826,0.09474359992350412,0.09474359992350412,-0.5322953209195241,-1.9194554688895145,-0.5056992381982188,-1.9349038225079618,0.026596082721305314,0.01544835361844732,0.030757165760828962,0.06350472288177669,-24.266396564513663,0.25860343548633935,0.25860343548633935,0.01054448258863769,-24.513950048058202,0.011049951941799918,0.011049951941799918,0.0004505586928358784
screenshot_like_simple_start,solve_ivp_default,solve_ivp_default,,,3.569461827284105,-0.19435283337808035,-0.3504455667323775,-0.2590148976481628,-0.2561612404318853,0.06466206427008248,0.09428432630049216,0.09428432630049216,-0.5364479197574472,-1.920392699081368,-0.5094973623183733,-1.934012485594816,0.02695055743907393,0.013619786513447973,0.03019654170511455,0.06299684114357945,-24.268486606795875,0.256513393204127,0.256513393204127,0.010459261700474088,-24.515514937814128,0.009485062185873971,0.009485062185873971,0.0003867507517175931
screenshot_like_simple_start,solve_ivp_default,solve_ivp_default,,,3.5744680851063833,-0.20827012172747414,-0.34017984116733757,-0.27251764430789205,-0.24649688828505303,0.06424752258041791,0.09368295288228454,0.09368295288228454,-0.5404243472013356,-1.921084737002732,-0.5131652607923645,-1.93286946625325,0.027259086408971123,0.011784729250517989,0.029697434827940416,0.06238930673946663,-24.2705087398058,0.25449126019420376,0.25449126019420376,0.010376809793851324,-24.517089708852875,0.007910291147126713,0.007910291147126713,0.00032253990406225127
screenshot_like_simple_start,solve_ivp_default,solve_ivp_default,,,3.579474342928661,-0.22219853654149152,-0.3297991025435799,-0.28593634168939686,-0.2368629942040429,0.06373780514790534,0.09293610833953703,0.09293610833953703,-0.5442276044989498,-1.9215227292435144,-0.5167102681028521,-1.9314768413439067,0.027517336396097658,0.00995411210039232,0.029262401645168797,0.061681258984266685,-24.272225368936894,0.25277463106310805,0.25277463106310805,0.010306814722247015,-24.518505648040364,0.006494351959638323,0.006494351959638323,0.0002648053806172608
screenshot_like_simple_start,solve_ivp_default,solve_ivp_default,,,3.584480600750939,-0.23612271065703005,-0.31932564453473417,-0.2992521738097034,-0.22728681814420199,0.06312946315267337,0.09203882639053218,0.09203882639053218,-0.5478610577985373,-1.921699645080114,-0.5201406521153327,-1.9298385746989157,0.027720405683204663,0.008138929618801694,0.028890535934476064,0.06087100769555376,-24.273435757845476,0.2515642421545259,0.2515642421545259,0.010257461453803298,-24.519574423598947,0.005425576401055565,0.005425576401055565,0.0002212263568218375
screenshot_like_simple_start,solve_ivp_default,solve_ivp_default,,,3.5894868585732165,-0.25002761650397626,-0.3087812181592491,-0.3124456164513941,-0.21779667235806943,0.06241799994741787,0.09098454580117965,0.09098454580117965,-0.5513284404319334,-1.921610251316921,-0.523465637764549,-1.9279605777201492,0.02786280266738439,0.006350326403228079,0.0285773059946024,0.059956047350093966,-24.273981720249495,0.2510182797505074,0.2510182797505074,0.010235199989827007,-24.52009517184809,0.004904828151911289,0.004904828151911289,0.0001999929929423563
screenshot_like_simple_start,solve_ivp_default,solve_ivp_default,,,3.5944931163954945,-0.2638985661052153,-0.2981870317803851,-0.3254994592503687,-0.2084172768356403,0.061600893145153435,0.08976975494474479,0.08976975494474479,-0.5546338511545128,-1.9212510787139796,-0.5266937461423318,-1.9258507504034628,0.027940105012181027,0.004599671689483165,0.028316187026906293,0.05893593502752431,-24.273751465533717,0.2512485344662849,0.2512485344662849,0.010244588561316407,-24.520077791147738,0.004922208852264021,0.004922208852264021,0.0002007016861269733
screenshot_like_simple_start,solve_ivp_default,solve_ivp_default,,,3.599499374217772,-0.2777212110766212,-0.2875637511062219,-0.33840650829745333,-0.19915818206507635,0.06068529722083216,0.08840556904114555,0.08840556904114555,-0.5577817486571262,-1.9206203805158464,-0.5298286205173799,-1.9235183512507223,0.027953128139746264,0.0028979707348759653,0.02810294659243532,0.05781950721019524,-24.272681494006214,0.252318505993788,0.252318505993788,0.010288216350409296,-24.519954109935316,0.005045890064685921,0.005045890064685921,0.00020574475289239226
screenshot_like_simple_start,solve_ivp_default,solve_ivp_default,,,3.60450563204005,-0.29148154262706666,-0.27693149918965093,-0.35115906326412055,-0.19002993323259382,0.059677520637053894,0.08690156595705711,0.08690156595705711,-0.560776942667304,-1.9197180836111138,-0.5328746587383377,-1.9209732232149344,0.02790228392896632,0.0012551396038205098,0.027930499885926333,0.056614779379111524,-24.270756512346765,0.25424348765323757,0.25424348765323757,0.010366706937950563,-24.51979959343072,0.0052004065692834445,0.0052004065692834445,0.00021204512005233207
screenshot_like_simple_start,solve_ivp_default,solve_ivp_default,,,3.609511889862328,-0.3051658915584145,-0.2663098564283818,-0.3637496037988795,-0.18104279631296968,0.05858371224046499,0.0852670601154121,0.0852670601154121,-0.5636245819562953,-1.9185457328650941,-0.535836415410263,-1.9182258253586104,0.027788166546032333,0.0003199075064836965,0.02779000793095848,0.05532958470158239,-24.268007413796987,0.25699258620301535,0.25699258620301535,0.010478800660673408,-24.51965122773316,0.005348772266842161,0.005348772266842161,0.00021809468977949687
screenshot_like_simple_start,solve_ivp_default,solve_ivp_default,,,3.6145181476846058,-0.3187609282655214,-0.25571786056493945,-0.3761709466905225,-0.1722065122849188,0.0574100184250011,0.08351134828002066,0.08351134828002066,-0.5663301395651767,-1.9171064291793223,-0.5387184929061442,-1.9152871635129265,0.027611646659032596,0.0018192656663957862,0.02767151529620654,0.05397170389200795,-24.264507438329204,0.26049256167079804,0.26049256167079804,0.010621511179237432,-24.519528094557337,0.005471905442664848,0.005471905442664848,0.00022311541050621194
screenshot_like_simple_start,solve_ivp_default,solve_ivp_default,,,3.619524405506884,-0.33225366273624135,-0.2451740066866617,-0.3884162458681281,-0.1635302971310918,0.05616258313188677,0.0816437095555699,0.0816437095555699,-0.568899395557513,-1.9154047618404206,-0.5415255226124494,-1.9121687166518604,0.02737387294506366,0.0032360451885602437,0.027564486363342456,0.0525488463211477,-24.260366692950896,0.26463330704910604,0.26463330704910604,0.010790348911278533,-24.519435400459933,0.005564599540068826,0.005564599540068826,0.00022689498634327526
screenshot_like_simple_start,solve_ivp_default,solve_ivp_default,,,3.6245306633291614,-0.34563144455141726,-0.2346962472257053,-0.4004789924010535,-0.15502284183808046,0.05484754784963625,0.07967340538762485,0.07967340538762485,-0.5713384175980821,-1.9134467357272062,-0.5442621460862409,-1.9088823641132597,0.02707627151184122,0.004564371613946516,0.027458295052918802,0.051068632083905774,-24.25572526927244,0.26927473072756314,0.26927473072756314,0.010979601660654969,-24.5193682993428,0.0056317006572008665,0.0056317006572008665,0.00022963101558413318
screenshot_like_simple_start,solve_ivp_default,solve_ivp_default,,,3.6295369211514394,-0.3588819628848908,-0.22430199195903888,-0.41235301449894335,-0.14669231239641148,0.05347105161405252,0.0776096795626274,0.0776096795626274,-0.5736535396472706,-1.9112396939484537,-0.5469329962159889,-1.905440313980101,0.026720543431281718,0.005799379968352669,0.02734264525023764,0.049538575165655074,-24.250745242631773,0.27425475736822946,0.27425475736822946,0.011182660850896205,-24.519315377332767,0.005684622667235573,0.005684622667235573,0.00023178889570787245
screenshot_like_simple_start,solve_ivp_default,solve_ivp_default,,,3.634543178973717,-0.3719932465034925,-0.21400810800845024,-0.4240324775117209,-0.1385463498005527,0.05203923100822838,0.07546175820789755,0.07546175820789755,-0.5758513390490543,-1.9087922364843204,-0.5495426784690538,-1.9018550329146255,0.026308660580000476,0.00693720356969485,0.027207910887847634,0.047966067830827186,-24.245601872945453,0.2793981270545487,0.2793981270545487,0.011392380308034604,-24.519261706027002,0.005738293972999742,0.005738293972999742,0.0002339773281549334
screenshot_like_simple_start,solve_ivp_default,solve_ivp_default,,,3.639549436795995,-0.3849536637670513,-0.20383091984053878,-0.43551188392959683,-0.13059207004890705,0.05055822016254552,0.07323884979163173,0.07323884979163173,-0.577938612277345,-1.9061141354019915,-0.5520957523000751,-1.8981391777167735,0.025842859977269872,0.007974957685217943,0.027045394467187824,0.04635836634092688,-24.240474350965425,0.28452564903457755,0.28452564903457755,0.011601453579391541,-24.51919140599901,0.005808594000992429,0.005808594000992429,0.00023684379208939563
screenshot_like_simple_start,solve_ivp_default,solve_ivp_default,,,3.644555694618273,-0.39775192262838677,-0.19378620926672224,-0.4467860733830614,-0.12283606414381762,0.049034150754674655,0.07095014512290462,0.07095014512290462,-0.5799223495910423,-1.9032162472106147,-0.5545967127862029,-1.8943055288565973,0.025325636804839347,0.008910718354017355,0.026847509775680407,0.04472257809250124,-24.235536444109837,0.2894635558901655,0.2894635558901655,0.011802795347203484,-24.51908969509503,0.005910304904972463,0.005910304904972463,0.00024099102568695056
screenshot_like_simple_start,solve_ivp_default,solve_ivp_default,,,3.6495619524405507,-0.41037707063331186,-0.1838892154432337,-0.4578502226428883,-0.11528439809156553,0.04747315200957647,0.06860481735166817,0.06860481735166817,-0.5818097088327048,-1.9001104229120762,-0.5570499725473431,-1.8903669262083005,0.024759736285361655,0.009743496703775723,0.026607898619341267,0.043065650249020926,-24.230947393278765,0.29405260672123745,0.29405260672123745,0.011989912608409273,-24.51894442390407,0.0060555760959317695,0.0060555760959317695,0.0002469144177749957
screenshot_like_simple_start,solve_ivp_default,solve_ivp_default,,,3.6545682102628287,-0.42281849492063706,-0.17415463487111896,-0.468699845620137,-0.10794261290236795,0.045881350699499945,0.066212021968751,0.066212021968751,-0.583607988589536,-1.896809416292737,-0.5594598440023335,-1.886336207191364,0.02414814458720249,0.010473209101372838,0.026321493040584076,0.04139435992427837,-24.226843396252367,0.29815660374763553,0.29815660374763553,0.012157251936702774,-24.518747123076853,0.006252876923149131,0.006252876923149131,0.0002549593036961929
screenshot_like_simple_start,solve_ivp_default,solve_ivp_default,,,3.6595744680851063,-0.4350659222221618,-0.16459662139624295,-0.47933079336614615,-0.10081572459038271,0.04426487114398436,0.06378089680586024,0.06378089680586024,-0.5853246009186057,-1.893326790987052,-0.561830522005313,-1.8822261475020732,0.023494078913292693,0.011100643484978745,0.025984534434248103,0.0397153059589177,-24.223329984983838,0.301670015016164,0.301670015016164,0.012300510296275798,-24.518493603735603,0.0065063962643989726,0.0065063962643989726,0.0002652964837675422
screenshot_like_simple_start,solve_ivp_default,solve_ivp_default,,,3.6645807259073844,-0.44710941886268396,-0.1552287862092825,-0.48973925407254115,-0.09390822417370308,0.04262983520985719,0.06132056203557941,0.06132056203557941,-0.5869670438211471,-1.8896768268271624,-0.5641660669004696,-1.878049404596751,0.022800976920677507,0.011627422230411355,0.025594559895835922,0.03803490231616857,-24.220475564285884,0.3045244357141179,0.3045244357141179,0.012416898500065969,-24.518184163361475,0.006815836638526918,0.006815836638526918,0.0002779138282783656
screenshot_like_simple_start,solve_ivp_default,solve_ivp_default,,,3.669586983729662,-0.4589393907599907,-0.14606419784573316,-0.4999217530712269,-0.08722407767436297,0.0409823623112362,0.05884012017137019,0.05884012017137019,-0.5885428736335526,-1.8858744259733948,-0.566470388027867,-1.8738184640663422,0.022072485605685643,0.012055961907052604,0.025150364576234343,0.03635937310791748,-24.218306329326637,0.30669367067336495,0.30669367067336495,0.012505348447435878,-24.517823455887644,0.00717654411235813,0.00717654411235813,0.0002926215744080787
screenshot_like_simple_start,solve_ivp_default,solve_ivp_default,,,3.67459324155194,-0.47054658342486755,-0.13711538218590275,-0.5098751528343947,-0.08076672611833183,0.039328569409527114,0.05634865606757092,0.05634865606757092,-0.5900596774855946,-1.8819350192992417,-0.5687472277081775,-1.8695455890206767,0.021312449777417086,0.012389430278564983,0.02465194714707843,0.03469474924794663,-24.216802720523113,0.30819727947688946,0.30819727947688946,0.012566657674898651,-24.517420087057037,0.00757991294296545,0.00757991294296545,0.00030906882540124157
screenshot_like_simple_start,solve_ivp_default,solve_ivp_default,,,3.679599499374218,-0.4819220819610901,-0.12839432245491694,-0.5195966529745164,-0.074539085535519,0.037674571013426306,0.05385523691939795,0.05385523691939795,-0.5915250459595445,-1.8778744734812531,-0.5710001457298411,-1.8652427725800202,0.020524900229703325,0.01263170090123289,0.024100443919095833,0.0330468667156536,-24.215897508583357,0.30910249141664536,0.30910249141664536,0.012603567437987578,-24.516985995277548,0.008014004722454615,0.008014004722454615,0.00032676879602261427
screenshot_like_simple_start,solve_ivp_default,solve_ivp_default,,,3.6846057571964956,-0.49305731106542827,-0.11991245922271682,-0.5290837902443468,-0.06854354695977177,0.03602647917891855,0.05136891226294504,0.05136891226294504,-0.5929465460675115,-1.8737089992194553,-0.5732325043584516,-1.8609216935513313,0.019714041709059882,0.012787305668124027,0.023498055808015044,0.03142136640081583,-24.21547553148915,0.30952446851085114,0.30952446851085114,0.012620773435712584,-24.516535675054243,0.008464324945759216,0.008464324945759216,0.0003451304768913034
screenshot_like_simple_start,solve_ivp_default,solve_ivp_default,,,3.6896120150187737,-0.5039440350276485,-0.11168069040405659,-0.5383344385369262,-0.06278197642887387,0.03439040350927769,0.04889871397518272,0.04889871397518272,-0.5943316946485341,-1.8694550609878848,-0.5754474538849846,-1.8565936753471843,0.018884240763549442,0.012861385640700496,0.022847971240670787,0.02982369548812075,-24.21537503111248,0.30962496888752256,0.30962496888752256,0.012624871310398472,-24.516085295345285,0.008914704654717553,0.008914704654717553,0.00036349458327084825
screenshot_like_simple_start,solve_ivp_default,solve_ivp_default,,,3.6946182728410513,-0.5145806355973317,-0.1037007819563922,-0.5473468088855749,-0.05725571498454918,0.03276617328824316,0.046445066971843016,0.046445066971843016,-0.5956848540040662,-1.8651270880866782,-0.5776479187267995,-1.8522696481865482,0.018036935277266686,0.012857439900129997,0.02215050326700868,0.028253645441479847,-24.215306382847167,0.30969361715283483,0.30969361715283483,0.012627670424172673,-24.51565175951253,0.009348240487472737,0.009348240487472737,0.0003811718853199892
screenshot_like_simple_start,solve_ivp_default,solve_ivp_default,,,3.6996245306633293,-0.5249713566049535,-0.0959659713885232,-0.5561194494638991,-0.05196557867245763,0.031148092858945597,0.04400039271606557,0.04400039271606557,-0.5970069586019936,-1.8607370967220573,-0.5798365840931629,-1.847960114598622,0.017170374508830744,0.012776982123435365,0.021402640793978942,0.026706171770154885,-24.21513675239434,0.3098632476056622,0.3098632476056622,0.012634587058334848,-24.51525174743125,0.00974825256875178,0.00974825256875178,0.00039748226580027643
screenshot_like_simple_start,solve_ivp_default,solve_ivp_default,,,3.704630788485607,-0.535115712929048,-0.08847569291554247,-0.564651245585785,-0.04691185854219898,0.02953553265673703,0.04156383437334349,0.04156383437334349,-0.5983008877803518,-1.8562982067299307,-0.5820158832252503,-1.8436751182337356,0.016285004555101512,0.01262308849619509,0.02060445914219662,0.025180649235263086,-24.2149274588303,0.31007254116970273,0.31007254116970273,0.012643120944738132,-24.514900774176247,0.010099225823754665,0.010099225823754665,0.000411793101886021
screenshot_like_simple_start,solve_ivp_default,solve_ivp_default,,,3.709637046307885,-0.5450133054542404,-0.08122924990314175,-0.5729414197054051,-0.0420943206473095,0.027928114251164704,0.03913492925583224,0.03913492925583224,-0.5995694199994198,-1.8518231110030268,-0.5841879852192161,-1.839424215968903,0.015381434780203707,0.012398895034123836,0.01975654661029809,0.02367662653268554,-24.214722912211748,0.31027708778825414,0.31027708778825414,0.01265146127576979,-24.514612293793036,0.010387706206966385,0.010387706206966385,0.0004235558086428699
screenshot_like_simple_start,solve_ivp_default,solve_ivp_default,,,3.714643304130163,-0.554663831096969,-0.07422580135841901,-0.5809895314172122,-0.03751220604526459,0.026325700320243173,0.03671359531315442,0.03671359531315442,-0.6008152230008519,-1.847324063928991,-0.5863547834398314,-1.8352164532800304,0.0144604395610205,0.012107610648960598,0.018859972108270756,0.022193814088085406,-24.214552713325556,0.3104472866744459,0.3104472866744459,0.012658401087643052,-24.514396871177848,0.010603128822154417,0.010603128822154417,0.0004323396053885593
screenshot_like_simple_start,solve_ivp_default,solve_ivp_default,,,3.7196495619524406,-0.564067082805488,-0.06746436192987637,-0.5887954774559427,-0.033164230797477684,0.024728394650454733,0.03430013113239869,0.03430013113239869,-0.6020408488100567,-1.8428128743886583,-0.5885178845314343,-1.8310603428379342,0.013522964278622429,0.011752531550724088,0.01791626525623193,0.020732080866637803,-24.214434010510352,0.31056598948964975,0.31056598948964975,0.012663241161657481,-24.51426144013465,0.010738559865352215,0.010738559865352215,0.0004378617682100801
screenshot_like_simple_start,solve_ivp_default,solve_ivp_default,,,3.7246558197747186,-0.5732229495598693,-0.06094380190741848,-0.5963594916966176,-0.02904858596929913,0.023136542136748317,0.03189521593811935,0.03189521593811935,-0.6032487289345264,-1.8383008999407182,-0.5906785980323411,-1.8269638462712554,0.012570130902185284,0.011337053669462804,0.01692740313226909,0.019291451460465514,-24.214373801299903,0.3106261987000991,0.3106261987000991,0.012665696175335335,-24.514208661300028,0.010791338699974062,0.010791338699974062,0.0004400138103964959
screenshot_like_simple_start,solve_ivp_default,solve_ivp_default,,,3.729662077596996,-0.5821314163719976,-0.054662847222356564,-0.6036821451545387,-0.025162937630018894,0.02155072878254105,0.02949990959233767,0.02949990959233767,-0.6044411697567148,-1.8337990421535637,-0.5928379265984667,-1.822934359026001,0.011603243158248122,0.010864683127562724,0.01589580420273784,0.01787210349136159,-24.214371131892047,0.31062886810795476,0.31062886810795476,0.012665805019692344,-24.51423638982829,0.010763610171711235,0.010763610171711235,0.000438883187429612
screenshot_like_simple_start,solve_ivp_default,solve_ivp_default,,,3.7346683354192742,-0.5907925642855766,-0.04862007944740379,-0.610764345985293,-0.021504426852863384,0.019971781699716362,0.027115652594540407,0.027115652594540407,-0.6056203481203373,-1.8293177430442227,-0.5949965568415817,-1.8189786982387406,0.010623791278755568,0.01033904480548209,0.014824330967174506,0.01647436536141844,-24.21441915544737,0.31058084455263213,0.31058084455263213,0.012663846872686324,-24.514337259481948,0.010662740518053937,0.010662740518053937,0.00043477025557814216
screenshot_like_simple_start,solve_ivp_default,solve_ivp_default,,,3.739674593241552,-0.5992065703761222,-0.04281393579667987,-0.6176073394847482,-0.01806966971499857,0.01840076910862598,0.0247442660816813,0.0247442660816813,-0.6067883071092498,-1.8248669825836543,-0.5971548507873543,-1.815103093528436,0.009633456321895495,0.0097638890552183,0.013716304538339762,0.01509871437914434,-24.21450701789257,0.3104929821074336,0.3104929821074336,0.012660264306113498,-24.514498387027817,0.01050161297218466,0.01050161297218466,0.00042820032506359464
screenshot_like_simple_start,solve_ivp_default,solve_ivp_default,,,3.74468085106383,-0.6073737077509693,-0.037242709125706555,-0.6242127080890576,-0.014854757297527194,0.016839000338088272,0.02238795182817936,0.02238795182817936,-0.6079469520183804,-1.82045627722719,-0.5993128379580245,-1.8113131806003522,0.008634114060355969,0.009143096626837766,0.012575537425292358,0.013745775283508066,-24.214621547133564,0.3103784528664377,0.3103784528664377,0.01265559440841744,-24.514701198534524,0.01029880146547768,0.01029880146547768,0.0004199307427309961
screenshot_like_simple_start,solve_ivp_default,solve_ivp_default,,,3.749687108886108,-0.6152943455492662,-0.03190454793141151,-0.6305823713746557,-0.011855255685490812,0.015288025825389462,0.020049292245920697,0.020049292245920697,-0.6090980465165103,-1.816094679428669,-0.6014702080841681,-1.807613997544512,0.007627838432342271,0.00848068188415696,0.011406396642681942,0.012416319183197633,-24.214748728284626,0.3102512717153765,0.3102512717153765,0.012650408632635125,-24.514921377237716,0.010078622762286216,0.010078622762286216,0.00041095301783022285
screenshot_like_simple_start,solve_ivp_default,solve_ivp_default,,,3.7546933667083855,-0.6229689489419771,-0.026797456352126464,-0.6367185860582594,-0.009066205967869112,0.013749637116282298,0.017731250384257352,0.017731250384257352,-0.6102432090010321,-1.8117907780966789,-0.6036263044494972,-1.8040099837005712,0.006616904551534963,0.007780794396107682,0.010213921248894807,0.011111262923202081,-24.214874953625724,0.31012504637427796,0.31012504637427796,0.012645261829736102,-24.515128931016626,0.009871068983375864,0.009871068983375864,0.0004024900706779149
screenshot_like_simple_start,solve_ivp_default,solve_ivp_default,,,3.7596996245306635,-0.6303980791318835,-0.021919294167586173,-0.6426239459968714,-0.006482124237579018,0.012225866864987944,0.015437169930007155,0.015437169930007155,-0.6113839091451572,-1.8075526999513762,-0.605780117871929,-1.8005049809507958,0.005603791273228187,0.0070477190005804324,0.009004044632555462,0.009831668885678102,-24.214988041464238,0.3100119585357639,0.3100119585357639,0.012640650704822176,-24.515288376143527,0.009711623856475171,0.009711623856475171,0.00039598874032518533
screenshot_like_simple_start,solve_ivp_default,solve_ivp_default,,,3.764705882352941,-0.6375823933535805,-0.017267776798931322,-0.6483013821877746,-0.004097001591476523,0.010718988834194088,0.013170775207454799,0.013170775207454799,-0.6125214646383758,-1.8033881117405322,-0.6079302813232009,-1.7971022372929362,0.004591183315174829,0.006285874447595985,0.007784033774623532,0.008578745226945794,-24.215078022870397,0.3099219771296049,0.3099219771296049,0.012636981738210188,-24.515359032765243,0.009640967234759046,0.009640967234759046,0.00039310773638161244
screenshot_like_simple_start,solve_ivp_default,solve_ivp_default,,,3.769712140175219,-0.644522644873481,-0.012840475308705204,-0.6537511044664243,-0.0019091735607635464,0.009228459592943272,0.010931301747941657,0.010931301747941657,-0.6136570381213086,-1.7993042232737464,-0.6100775069075521,-1.7938062632166034,0.003579531213756426,0.005497960057142981,0.006560534162718475,0.007351418845332414,-24.215137699365872,0.3098623006341299,0.3098623006341299,0.01263454844583608,-24.51536038929977,0.009639610700233447,0.009639610700233447,0.0003930524240666033
screenshot_like_simple_start,solve_ivp_default,solve_ivp_default,,,3.7747183979974968,-0.6512196829898115,-0.00863481640085699,-0.6589705861420359,7.876152401690029e-05,0.007750903152224375,0.00871357792487389,0.00871357792487389,-0.6147916343164076,-1.7953077912341786,-0.6122245367845837,-1.7906229606936392,0.0025670975318239364,0.004684830540539364,0.005342062048635049,0.006146373091305279,-24.215162978072517,0.3098370219274855,0.3098370219274855,0.01263351771365894,-24.515362280818255,0.009637719181746718,0.009637719181746718,0.0003929752979305491
screenshot_like_simple_start,solve_ivp_default,solve_ivp_default,,,3.779724655819775,-0.6576744530326162,-0.004648082420738553,-0.663960344376466,0.0018690904186586463,0.006285891343849825,0.006517172839397199,0.006517172839397199,-0.6159260973562725,-1.7914051237276216,-0.614371587599591,-1.7875561419784944,0.001554509756681477,0.0038489817491271783,0.004151043373506475,0.004962645257741705,-24.21515299358693,0.3098470064130723,0.3098470064130723,0.012633924828259827,-24.51536405562384,0.009635944376160666,0.009635944376160666,0.00039290293073030233
screenshot_like_simple_start,solve_ivp_default,solve_ivp_default,,,3.784730913642053,-0.6638879963637536,-0.0008774113551071605,-0.668720882096643,0.0034640420244506434,0.004832885732889425,0.004341453379557804,0.004832885732889425,-0.6170611083116301,-1.7876020855293222,-0.6165188438767351,-1.7846093389484996,0.0005422644348950234,0.002992746580822603,0.00304147707773335,0.0037991819042418884,-24.215110027959916,0.30988997204008584,0.30988997204008584,0.012635676739656914,-24.51536518743441,0.00963481256559362,0.00963481256559362,0.0003928567814717072
screenshot_like_simple_start,solve_ivp_default,solve_ivp_default,,,3.7897371714643304,-0.6698614503768978,0.002680203167875775,-0.6732526654759864,0.004865751313776093,0.0033912150990885737,0.0021855481459003186,0.0033912150990885737,-0.6181971829212886,-1.7839041039895496,-0.6186664751379887,-1.781785825669414,0.00046929221670011234,0.002118278320135669,0.002169640114445734,0.002654824371612019,-24.21503924165946,0.3099607583405408,0.3099607583405408,0.012638563031214712,-24.515365584427272,0.009634415572730148,0.009634415572730148,0.00039284059419898666
screenshot_like_simple_start,solve_ivp_default,solve_ivp_default,,,3.7947434292866085,-0.6755960484975402,0.006027911878645528,-0.6775561239344075,0.0060762593301127345,0.00196007543686727,4.83474514672063e-05,0.00196007543686727,-0.6193346695266081,-1.7803161755595895,-0.620814634871717,-1.7790886269988302,0.001479965345108858,0.0012275485607593506,0.0019228033939395711,0.0015283119111451082,-24.21494822932081,0.3100517706791912,0.3100517706791912,0.012642274033810038,-24.515365435433292,0.009634564566709969,0.009634564566709969,0.0003928466693867469
screenshot_like_simple_start,solve_ivp_default,solve_ivp_default,,,3.799749687108886,-0.6810931201829857,0.009169009866231731,-0.6816316501383074,0.0070975131880320255,0.0005385299553216649,0.0020714966781997055,0.0020714966781997055,-0.6204737472132269,-1.7768428729005334,-0.6229634594785606,-1.7765205266818005,0.0024897122653336767,0.00032234621873294955,0.002510492829881093,0.0024897122653336767,-24.214846414481006,0.3101535855189965,0.3101535855189965,0.012646425505361733,-24.515365086370046,0.009634913629955832,0.009634913629955832,0.0003928609023427454
screenshot_like_simple_start,solve_ivp_default,solve_ivp_default,,,3.804755944931164,-0.686354090922357,0.012106936578261202,-0.6854796000005794,0.007931366073199995,0.0008744909217776042,0.004175570505061206,0.004175570505061206,-0.6216144241629402,-1.7734883525379304,-0.6251130671974494,-1.774084074943426,0.0034986430345091968,0.0005957224054955468,0.003548998206160313,0.0034986430345091968,-24.214744297405716,0.3102557025942865,0.3102557025942865,0.012650589300480589,-24.515364943126404,0.009635056873598558,0.009635056873598558,0.0003928667430621226
screenshot_like_simple_start,solve_ivp_default,solve_ivp_default,,,3.8097622027534417,-0.6913804822365908,0.0148452758209551,-0.6891002926806064,0.008579577242376525,0.002280189555984413,0.006265698578578576,0.006265698578578576,-0.6227565362187499,-1.7702563630261057,-0.6272635570140679,-1.771781595583195,0.004507020795317951,0.0015252325570893621,0.004758105799857104,0.004507020795317951,-24.214652569593476,0.31034743040652657,0.31034743040652657,0.01265432947631097,-24.515365397441446,0.009634602558556082,0.009634602558556082,0.00039284821849362207
screenshot_like_simple_start,solve_ivp_default,solve_ivp_default,,,3.8147684605757197,-0.6961739116784409,0.017387755759131623,-0.6924940105842635,0.009043812023415927,0.0036799010941773735,0.008343943735715696,0.008343943735715696,-0.6238997456661696,-1.7671502535866366,-0.6294150075536376,-1.769615192575805,0.0055152618874679815,0.0024649389891684415,0.006041029540374688,0.0055152618874679815,-24.214581107637756,0.3104188923622466,0.3104188923622466,0.012657243317522797,-24.515366772645283,0.009633227354719054,0.009633227354719054,0.0003927921449426729
screenshot_like_simple_start,solve_ivp_default,solve_ivp_default,,,3.8197747183979978,-0.7007360928324757,0.01973824891620382,-0.6956609993639161,0.009325641815266524,0.0050750934685596105,0.010412607100937298,0.010412607100937298,-0.6250435402338954,-1.7641729831861894,-0.6315674759594527,-1.7675867561831407,0.006523935725557317,0.0034137729969512254,0.007363123211376843,0.006523935725557317,-24.21453785789209,0.31046214210791234,0.31046214210791234,0.01265900681377828,-24.515369286443473,0.009630713556529003,0.009630713556529003,0.00039268964552615704
screenshot_like_simple_start,solve_ivp_default,solve_ivp_default,,,3.8247809762202754,-0.7050687505809236,0.02190064086356013,-0.6986014679184203,0.009426544087970876,0.006467282662503293,0.012474096775589253,0.012474096775589253,-0.6261872990653169,-1.761327187810183,-0.6337209967582225,-1.7656979685819656,0.007533697692905572,0.004370780771782545,0.008709783320099,0.007533697692905572,-24.214526937825923,0.3104730621740792,0.3104730621740792,0.012659452076415053,-24.515373028227334,0.009626971772668469,0.009626971772668469,0.00039253707533816386
screenshot_like_simple_start,solve_ivp_default,solve_ivp_default,,,3.8297872340425534,-0.7091706959043395,0.02387429868896813,-0.7013155883931238,0.009347902382665734,0.007855107511215653,0.014526396306302397,0.014526396306302397,-0.627332603569784,-1.7586172060321068,-0.6358755807129134,-1.7639503090117343,0.008542977143129349,0.005333102979627524,0.010070970452709237,0.008542977143129349,-24.21452707502254,0.3104729249774607,0.3104729249774607,0.012659446482261394,-24.515377948678736,0.009622051321265701,0.009622051321265701,0.0003923364453115474
screenshot_like_simple_start,solve_ivp_default,solve_ivp_default,,,3.834793491864831,-0.7130413604782709,0.025659532879373705,-0.7038034961798647,0.009091006311582038,0.009237864298406229,0.016568526567791668,0.016568526567791668,-0.6284804873997466,-1.756046722452698,-0.6380312136634576,-1.7623450584467628,0.009550726263711007,0.006298335994064708,0.011440516092312893,0.009550726263711007,-24.214527563925287,0.31047243607471486,0.31047243607471486,0.012659426547388984,-24.51538385970824,0.00961614029176161,0.00961614029176161,0.00039209542474053454
screenshot_like_simple_start,solve_ivp_default,solve_ivp_default,,,3.839799749687109,-0.7166813413123713,0.027258413063015963,-0.7060652899169728,0.008657051558044826,0.010616051395398451,0.018601361504971138,0.018601361504971138,-0.6296310212825914,-1.7536183702549875,-0.6401878553554039,-1.7608833037967822,0.010556834072812493,0.007264933541794694,0.012815069449971326,0.010556834072812493,-24.214528450893408,0.3104715491065946,0.3104715491065946,0.01265939038151252,-24.51539044302113,0.009609556978873002,0.009609556978873002,0.0003918269920029766
screenshot_like_simple_start,solve_ivp_default,solve_ivp_default,,,3.844806007509387,-0.7200911861811183,0.028672882697919025,-0.708101031489268,0.008047139876473394,0.011990154691850385,0.02062574282144563,0.02062574282144563,-0.630784269490236,-1.7513345603060686,-0.6423454382563074,-1.7595659416396785,0.011561168766071384,0.0082313813336099,0.014192119711194872,0.011561168766071384,-24.214529665707882,0.3104703342921198,0.3104703342921198,0.012659340847792855,-24.515397265846616,0.009602734153386194,0.009602734153386194,0.0003915487932063687
screenshot_like_simple_start,solve_ivp_default,solve_ivp_default,,,3.8498122653316647,-0.7232713936238158,0.02990475907189255,-0.7099107460280611,0.00726227909238125,0.013360647595754616,0.0226424799795113,0.0226424799795113,-0.6319402896900039,-1.7491974892768398,-0.644503866359413,-1.7583936814899714,0.012563576669409104,0.009196192213131615,0.01556963101518412,0.012563576669409104,-24.214531076788795,0.3104689232112072,0.3104689232112072,0.012659283311364207,-24.515403802592715,0.009596197407287121,0.009596197407287121,0.00039128225921660024
screenshot_like_simple_start,solve_ivp_default,solve_ivp_default,,,3.8548185231539427,-0.7262224129445941,0.03095573330253201,-0.711494421911155,0.0063033831023759125,0.014727991033439136,0.024652350200156097,0.024652350200156097,-0.6330991327459831,-1.7472091471274631,-0.6466630139739613,-1.7573670486063184,0.013563881227978247,0.010157901478855313,0.01694585012387492,0.013563881227978247,-24.214532530417202,0.31046746958280025,0.31046746958280025,0.012659224040073403,-24.51540946140438,0.009590538595620757,0.009590538595620757,0.00039105152275721735
screenshot_like_simple_start,solve_ivp_default,solve_ivp_default,,,3.8598247809762203,-0.728944644212408,0.03182737033721795,-0.7128520107628423,0.00517127187415934,0.016092633449565685,0.02665609846305861,0.02665609846305861,-0.6342608424733265,-1.7453713239672592,-0.6488227245012363,-1.7564863863410562,0.014561882027909867,0.011115062373797002,0.018319198120227923,0.014561882027909867,-24.214533877021868,0.31046612297813425,0.31046612297813425,0.012659169132645635,-24.515413614806576,0.009586385193426139,0.009586385193426139,0.00039088216894703925
screenshot_like_simple_start,solve_ivp_default,solve_ivp_default,,,3.8648310387984983,-0.7314384382610393,0.03252110895311674,-0.7139834274539074,0.0038666714465273137,0.017455010807131854,0.028654437506589425,0.028654437506589425,-0.6354254553474549,-1.7436856162972627,-0.6509828091952948,-1.7557518580344933,0.015557353847839961,0.012066241737230587,0.019688205819936622,0.015557353847839961,-24.214534987225623,0.31046501277437955,0.31046501277437955,0.012659123864398757,-24.515415633808615,0.009584366191386806,0.009584366191386806,0.00039079984470486465
screenshot_like_simple_start,solve_ivp_default,solve_ivp_default,,,3.869837296620776,-0.7337040966890942,0.03303826175717995,-0.7148885029788319,0.002390118729153839,0.018815593710262313,0.030648143028026112,0.030648143028026112,-0.6365930001696568,-1.7421534326431467,-0.6531431055215379,-1.755163479574476,0.01655010535188106,0.013010046931329233,0.02105153933359153,0.01655010535188106,-24.21453576001021,0.3104642399897912,0.3104642399897912,0.0126590923543238,-24.515415398868228,0.009584601131773951,0.009584601131773951,0.0003908094243332905
screenshot_like_simple_start,solve_ivp_default,solve_ivp_default,,,3.874843554443054,-0.7357418718600058,0.03338001518614486,-0.7155669034336041,0.0007417899489916171,0.020174968426401763,0.03263822523715325,0.03263822523715325,-0.6377634976901728,-1.7407759985856561,-0.6553035863933859,-1.7547211730049108,0.017540088703213108,0.013945174419254691,0.02240809231728617,0.017540088703213108,-24.214536125050145,0.31046387494985694,0.31046387494985694,0.01265907746992281,-24.515414071956553,0.009585928043449599,0.009585928043449599,0.000390863528784897
screenshot_like_simple_start,solve_ivp_default,solve_ivp_default,,,3.879849812265332,-0.7375519669020322,0.033547429506534096,-0.7160183227246154,-0.0010781191424926442,0.021533644177416766,0.03462554864902674,0.03462554864902674,-0.638936960189452,-1.7395543611950954,-0.657464124173182,-1.7544246385337736,0.01852716398373,0.014870277338678184,0.023756703336305484,0.01852716398373,-24.21453604098176,0.310463959018243,0.310463959018243,0.012659080897787684,-24.515412131930173,0.009587868069829142,0.009587868069829142,0.0003909426328166826
screenshot_like_simple_start,solve_ivp_default,solve_ivp_default,,,3.8848560700876096,-0.7391345357082572,0.0335414388146558,-0.7162424242827069,-0.0030695091125391228,0.022892111425550254,0.03661094792719492,0.03661094792719492,-0.6401133910179219,-1.7384893928757996,-0.6596245609154301,-1.7542733926953242,0.01951116989750823,0.015783999819524608,0.025096222844726738,0.01951116989750823,-24.214535491110933,0.3104645088890692,0.3104645088890692,0.012659103318616478,-24.51540999090869,0.009590009091311913,0.009590009091311913,0.0003910299323674582
screenshot_like_simple_start,solve_ivp_default,solve_ivp_default,,,3.8898623279098876,-0.7404896829365908,0.03336285103660361,-0.7162388361000821,-0.005232386776288591,0.024250846836508688,0.0385952378128922,0.0385952378128922,-0.6412927840942788,-1.7375817946258723,-0.6617847130322232,-1.754266770564855,0.02049192893794438,0.01668497593898266,0.026425509903920355,0.02049192893794438,-24.214534477818972,0.31046552218102974,0.31046552218102974,0.01265914463531212,-24.515408020984797,0.009591979015205254,0.009591979015205254,0.0003911102554619879
screenshot_like_simple_start,solve_ivp_default,solve_ivp_default,,,3.894868585732165,-0.7416174640097682,0.03301234792825667,-0.7160071507303082,-0.007566865196781144,0.025610313279460062,0.040579213125037816,0.040579213125037816,-0.6424751233620015,-1.7368320987168149,-0.6639443697514122,-1.7544039242099396,0.021469246389410723,0.01757182549312475,0.027743424296399574,0.021469246389410723,-24.214533016698194,0.3104669833018079,0.3104669833018079,0.012659204212102258,-24.515406532354387,0.009593467645615306,0.009593467645615306,0.00039117095394965563
screenshot_like_simple_start,solve_ivp_default,solve_ivp_default,,,3.8998748435544432,-0.7425178851153508,0.03249048507527952,-0.7155469252883149,-0.010073163684957736,0.0269709598270359,0.04256364876023726,0.04256364876023726,-0.6436603822035076,-1.7362406707969864,-0.6661032915428249,-1.7546838206659723,0.022442909339317252,0.018443149868985875,0.029048820229102032,0.022442909339317252,-24.21453113123439,0.31046886876561075,0.31046886876561075,0.012659281091360275,-24.515405754753473,0.009594245246528743,0.009594245246528743,0.0003912026604089192
screenshot_like_simple_start,solve_ivp_default,solve_ivp_default,,,3.904881101376721,-0.7431909032057251,0.031797691893122336,-0.7148576814503951,-0.012751607799658504,0.02833322175533004,0.04454929969278084,0.04454929969278084,-0.6448485228111029,-1.7358077114221562,-0.6682612085094283,-1.755105239434952,0.02341268569832533,0.019297528012795828,0.030340541178647543,0.02341268569832533,-24.214528848650005,0.31047115134999714,0.31047115134999714,0.012659374163098761,-24.51540582284182,0.009594177158181338,0.009594177158181338,0.00039119988412564065
screenshot_like_simple_start,solve_ivp_default,solve_ivp_default,,,3.909887359198999,-0.7436364259981041,0.030934271627020567,-0.7139389054542049,-0.015602629347624582,0.02969752054389918,0.04653690097464515,0.04653690097464515,-0.6460394955136209,-1.7355332570156965,-0.6704178187401317,-1.7556667695061594,0.02437832322651079,0.020133512490462913,0.03161741558919485,0.02437832322651079,-24.214526197327057,0.310473802672945,0.310473802672945,0.012659482270048724,-24.515406766370358,0.00959323362964426,0.00959323362964426,0.0003911614120140371
screenshot_like_simple_start,solve_ivp_default,solve_ivp_default,,,3.914893617021277,-0.7438543119745258,0.029900401351995315,-0.712790048098763,-0.018626766383496446,0.031064263875762776,0.04852716773549176,0.04852716773549176,-0.6472332380574101,-1.735417180260275,-0.672572786620716,-1.7563668058970396,0.02533954856330589,0.020949625636764724,0.03287825323390413,0.02533954856330589,-24.214523206040198,0.3104767939598041,0.3104767939598041,0.012659604238931869,-24.515408506176076,0.0095914938239261,0.0095914938239261,0.00039109047192359224
screenshot_like_simple_start,solve_ivp_default,solve_ivp_default,,,3.9198998748435545,-0.7438443703818542,0.02869613197285323,-0.7114105247444518,-0.021824663209814577,0.03243384563740248,0.050520795182667805,0.050520795182667805,-0.6484296748400916,-1.7354591899221807,-0.6747257410991765,-1.7572035457123274,0.02629606625908487,0.021744355790146663,0.03412184211660717,0.02629606625908487,-24.214519905045446,0.3104800949545563,0.3104800949545563,0.012659738836067535,-24.51541085726636,0.009589142733641864,0.009589142733641864,0.0003909946068763247
screenshot_like_simple_start,solve_ivp_default,solve_ivp_default,,,3.9249061326658325,-0.7436063612317791,0.027321388224186123,-0.7097997153130159,-0.02519707037702036,0.033806645918763256,0.052518458601206484,0.052518458601206484,-0.6496287160952843,-1.735658830108728,-0.6768762739015467,-1.7581749837191811,0.027247557806262424,0.022516153610453227,0.03534694583433112,0.027247557806262424,-24.21451632888658,0.31048367111342046,0.31048367111342046,0.012659884652942729,-24.515413540485106,0.009586459514896006,0.009586459514896006,0.00039088519938413886
screenshot_like_simple_start,solve_ivp_default,solve_ivp_default,,,3.92991239048811,-0.743139995300816,0.02577596867037172,-0.7079569642875636,-0.028744844683454066,0.035183031013252375,0.05452081335382579,0.05452081335382579,-0.6508302570262683,-1.7360154789584596,-0.6790239376940459,-1.7592789074358508,0.02819368066777761,0.023263428477391157,0.03655230135188906,0.02819368066777761,-24.214512520597058,0.3104874794029442,0.3104874794029442,0.012660039934880496,-24.515416204497576,0.00958379550242583,0.00958379550242583,0.0003907765750224599
screenshot_like_simple_start,solve_ivp_default,solve_ivp_default,,,3.934918648310388,-0.7424449341303058,0.024059545705572748,-0.7058815807125657,-0.03246894917535728,0.036563353417740085,0.05652849488093003,0.05652849488093003,-0.6520341768863374,-1.7365283467631907,-0.681168244187169,-1.7605128917312067,0.02913406730083168,0.023984544968016053,0.03773661716174588,0.02913406730083168,-24.21450853678735,0.310491463212653,0.310491463212653,0.012660202373604606,-24.515418460089325,0.009581539910676895,0.009581539910676895,0.00039068460390119855
screenshot_like_simple_start,solve_ivp_default,solve_ivp_default,,,3.9399249061326658,-0.7415207900264156,0.022171665553737972,-0.7035728381938566,-0.036370453146870346,0.037947951832558946,0.05854211870060832,0.05854211870060832,-0.6532403380033611,-1.7371964735202226,-0.6833086621770794,-1.7618742929322773,0.030068324173718297,0.024677819412054713,0.038898571818895826,0.030068324173718297,-24.21450445291458,0.3104955470854236,0.3104955470854236,0.012660368892372011,-24.51541992904798,0.009580070952022623,0.009580070952022623,0.0003906247075238582
screenshot_like_simple_start,solve_ivp_default,solve_ivp_default,,,3.944931163954944,-0.7403671260601377,0.020111748268601008,-0.7010299748986331,-0.04045053214003497,0.0393371511615046,0.060562280408635975,0.060562280408635975,-0.6544485847458501,-1.7380187259124047,-0.68544461551942,-1.7633602424368229,0.030996030773569938,0.025341516524418184,0.040036812853590814,0.030996030773569938,-24.214500367830034,0.310499632169968,0.310499632169968,0.012660535460549153,-24.515420310183828,0.009579689816174408,0.009579689816174408,0.0003906091668164896
screenshot_like_simple_start,solve_ivp_default,solve_ivp_default,,,3.949937421777222,-0.7389834560672905,0.017879087733681454,-0.6982521935554552,-0.04471046794479197,0.04073126251183534,0.06258955567847342,0.06258955567847342,-0.6556587424275738,-1.7389937937130329,-0.6875754810303701,-1.764967639827882,0.03191673860279631,0.025973846114849097,0.041149956075761364,0.03191673860279631,-24.21449640648844,0.3105035935115623,0.3105035935115623,0.012660696983142193,-24.51541946534523,0.009580534654773487,0.009580534654773487,0.00039064361487353667
screenshot_like_simple_start,solve_ivp_default,solve_ivp_default,,,3.9549436795994994,-0.7373692446485182,0.015472851662284463,-0.6952386614542467,-0.049151648598982106,0.04213058319427143,0.06462450026126657,0.06462450026126657,-0.6568706161475389,-1.7401201856119535,-0.6897005863094986,-1.7666931454871895,0.032829970161959654,0.026572959875236002,0.04223658529481359,0.032829970161959654,-24.21449271947848,0.31050728052152365,0.31050728052152365,0.012660847319939801,-24.51541752859473,0.009582471405273907,0.009582471405273907,0.00039072258533226934
screenshot_like_simple_start,solve_ivp_default,solve_ivp_default,,,3.9599499374217775,-0.7355239071692902,0.012892081597499997,-0.6919885104462931,-0.05377556838834738,0.04353539672299711,0.06666764998584737,0.06666764998584737,-0.658083989561867,-1.7413962244586014,-0.6918192074786407,-1.7685331727043925,0.033735217916773697,0.027136948245791048,0.04329525248785311,0.033735217916773697,-24.21448947779429,0.3105105222057105,0.3105105222057105,0.012660979498703791,-24.515415042027527,0.009584957972474939,0.009584957972474939,0.00039082397441284153
screenshot_like_simple_start,solve_ivp_default,solve_ivp_default,,,3.964956195244055,-0.7334468097599022,0.010135692912204395,-0.688500836944244,-0.05858382784652823,0.04494597281565815,0.06871952075873262,0.06871952075873262,-0.6592986235838351,-1.7428200419171216,-0.6939305668307036,-1.770483879279053,0.03463194324686858,0.027663837361931343,0.04432447845876717,0.03463194324686858,-24.21448686100995,0.3105131389900535,0.3105131389900535,0.012661086197351824,-24.515413122029027,0.009586877970974683,0.009586877970974683,0.0003909022618134427
screenshot_like_simple_start,solve_ivp_default,solve_ivp_default,,,3.969962453066333,-0.731137269315475,0.007202474809058543,-0.6847747214477945,-0.06357809147396228,0.04636254786768046,0.07078056628302082,0.07078056628302082,-0.6605142550080522,-1.7443895725281453,-0.6960338033101197,-1.7725411489489606,0.035519548302067494,0.02815157642081534,0.04532272682176031,0.035519548302067494,-24.214485036740935,0.3105149632590667,0.3105149632590667,0.012661160581409446,-24.515412812973416,0.009587187026586008,0.009587187026586008,0.0003909148634693581
screenshot_like_simple_start,solve_ivp_default,solve_ivp_default,,,3.9749687108886107,-0.7285945534959558,0.004091090320509812,-0.6808092894854277,-0.06875995669436676,0.04778526401052807,0.07285104701487657,0.07285104701487657,-0.6617305950544192,-1.746102547171272,-0.6981278869002563,-1.774700554008211,0.036397291845837065,0.028598006836939138,0.046288323028131566,0.03639957450142872,-24.214484128975315,0.3105158710246876,0.3105158710246876,0.012661197595298167,-24.515412596161543,0.009587403838459352,0.009587403838459352,0.00039092370391271566
screenshot_like_simple_start,solve_ivp_default,solve_ivp_default,,,3.9799749687108887,-0.7258178927140883,0.0008000800395878574,-0.6766036252728537,-0.07413115310577478,0.04921426744123458,0.07493123314536264,0.07493123314536264,-0.6629473330628772,-1.7479564779618435,-0.7002117487836087,-1.776957390754753,0.03726441572073147,0.029000912792909395,0.047219589386497576,0.03759893892564814,-24.214484038160645,0.31051596183935715,0.31051596183935715,0.012661201298240861,-24.5154126173561,0.009587382643903908,0.009587382643903908,0.0003909228397106588
screenshot_like_simple_start,solve_ivp_default,solve_ivp_default,,,3.9849812265331668,-0.7228065217827998,-0.002672122124820154,-0.6721568246561678,-0.0796934355399426,0.05064969712663203,0.07702131341512244,0.07702131341512244,-0.6641641504605101,-1.7499486231877048,-0.7022842134831705,-1.7793066443715528,0.038120063022660355,0.029358021183848004,0.04811478580107019,0.03881692427426919,-24.214484044007303,0.3105159559926989,0.3105159559926989,0.01266120105984501,-24.51541286253643,0.009587137463572759,0.009587137463572759,0.00039091284255138667
screenshot_like_simple_start,solve_ivp_default,solve_ivp_default,,,3.9899874843554444,-0.7195595880678171,-0.0063272079687019065,-0.6674680017470243,-0.08544856989853397,0.052091586320792804,0.07912136192983206,0.07912136192983206,-0.6653806695723841,-1.7520760403842588,-0.7043439881555463,-1.7817429788045158,0.038963318583162265,0.029666938420257027,0.048972108697138216,0.0400541403261061,-24.214484030946586,0.31051596905341583,0.31051596905341583,0.012661201592392082,-24.515413082797068,0.009586917202934586,0.009586917202934586,0.00039090386148561
screenshot_like_simple_start,solve_ivp_default,solve_ivp_default,,,3.9949937421777224,-0.716076188425009,-0.010166980360642055,-0.6625362889226338,-0.0913983331531217,0.05353989950237514,0.08123135279247964,0.08123135279247964,-0.6665964646899949,-1.7543355529055593,-0.7063896609531167,-1.7842607299572744,0.03979319626312183,0.029925177051715046,0.049789704662829906,0.04131113312952073,-24.21448402334141,0.31051597665859276,0.31051597665859276,0.012661201902491039,-24.51541305549909,0.009586944500913575,0.009586944500913575,0.0003909049745530509
screenshot_like_simple_start,solve_ivp_default,solve_ivp_default,,,4.0,-0.7123553766807222,-0.014193350887187723,-0.6573608368257674,-0.09754451334518408,0.05499453985495484,0.08335116245799636,0.08335116245799636,-0.667811063474923,-1.7567237358135923,-0.7084196994386842,-1.786853898826939,0.040608635963761186,0.03013016301334659,0.050565680436914104,0.04258838837318202,-24.21448403319918,0.3105159668008213,0.3105159668008213,0.01266120150054317,-24.515412908774557,0.009587091225444766,0.009587091225444766,0.0003909109572046795
