case_name,solver_config,solver_method,rtol,atol,t,lagrangian_theta1_rad,lagrangian_theta2_rad,hamiltonian_theta1_rad,hamiltonian_theta2_rad,abs_theta1_diff_rad,abs_theta2_diff_rad,max_abs_theta_diff_rad,lagrangian_x2,lagrangian_y2,hamiltonian_x2,hamiltonian_y2,abs_x2_diff,abs_y2_diff,second_bob_position_diff,max_bob_position_abs_diff,lagrangian_energy,lagrangian_energy_abs_drift,lagrangian_energy_signed_drift,lagrangian_energy_relative_drift,hamiltonian_energy,hamiltonian_energy_abs_drift,hamiltonian_energy_signed_drift,hamiltonian_energy_relative_drift
screenshot_like_simple_start,dop853_strict,DOP853,1e-09,1e-11,0.0,0.0,1.0471975511965976,0.0,1.0471975511965976,0.0,0.0,0.0,0.8660254037844386,-1.5,0.8660254037844386,-1.5,0.0,0.0,0.0,0.0,-24.525000000000002,0.0,0.0,0.0,-24.525000000000002,0.0,0.0,0.0
screenshot_like_simple_start,dop853_strict,DOP853,1e-09,1e-11,0.0050062578222778474,3.042098259830291e-05,1.0470758786620904,3.0420982598305784e-05,1.0470758786620906,2.8731357570865868e-18,2.220446049250313e-16,2.220446049250313e-16,0.8659949820895196,-1.5001053673417966,0.8659949820895197,-1.5001053673417966,1.1102230246251565e-16,0.0,1.1102230246251565e-16,1.1102230246251565e-16,-24.525000000000002,0.0,0.0,0.0,-24.525000000000002,0.0,0.0,0.0
screenshot_like_simple_start,dop853_strict,DOP853,1e-09,1e-11,0.010012515644555695,0.00012172193385381295,1.0467108457877494,0.00012172193385381693,1.0467108457877494,3.984442983884229e-18,0.0,3.984442983884229e-18,0.8659036704501953,-1.5004214326029288,0.8659036704501953,-1.5004214326029288,0.0,0.0,0.0,3.984442983884229e-18,-24.525000000000002,0.0,0.0,0.0,-24.525000000000002,0.0,0.0,0.0
screenshot_like_simple_start,dop853_strict,DOP853,1e-09,1e-11,0.015018773466833543,0.0002740168475861576,1.0461024067342786,0.00027401686233916413,1.0461024067114562,1.4753006542106428e-11,2.2822410628009493e-11,2.2822410628009493e-11,0.8657513291768851,-1.5009480853576673,0.8657513291802053,-1.5009480853774155,3.3201219551415306e-12,1.9748203072822434e-11,2.002535229159393e-11,1.9748203072822434e-11,-24.52499999978872,2.112834351919446e-10,2.112834351919446e-10,8.615022841669504e-12,-24.525000000001047,1.0444978215673473e-12,-1.0444978215673473e-12,-4.2589105874305694e-14
screenshot_like_simple_start,dop853_strict,DOP853,1e-09,1e-11,0.02002503128911139,0.00048749573725425483,1.0452504848887847,0.0004874957758612192,1.0452504848314248,3.8606964359363255e-11,5.735989461186364e-11,5.735989461186364e-11,0.865537725383863,-1.5016851412274503,0.8655377253936934,-1.5016851412770507,9.830469771543449e-12,4.9600323848153494e-11,5.056510913437183e-11,4.9600323848153494e-11,-24.524999999471028,5.28974197777643e-10,5.28974197777643e-10,2.1568774629057818e-11,-24.52500000000362,3.61666252501891e-12,-3.61666252501891e-12,-1.4746840061239182e-13
screenshot_like_simple_start,dop853_strict,DOP853,1e-09,1e-11,0.025031289111389236,0.0007624246242571916,1.0441549726261252,0.0007624246715637376,1.0441549725594046,4.730654605024365e-11,6.672062902168818e-11,6.672062902168818e-11,0.8652625328781418,-1.5026323413046834,0.8652625328919124,-1.5026323413623273,1.3770540263635667e-11,5.764388966156275e-11,5.926589064940164e-11,5.764388966156275e-11,-24.524999999398126,6.018758824666293e-10,6.018758824666293e-10,2.4541320385999154e-11,-24.52500000000408,4.078515303262975e-12,-4.078515303262975e-12,-1.6630031817586033e-13
screenshot_like_simple_start,dop853_strict,DOP853,1e-09,1e-11,0.030037546933667086,0.0010991454744832163,1.0428157310398896,0.0010991455227538228,1.042815730973788,4.8270606478953426e-11,6.61015686631572e-11,6.61015686631572e-11,0.864925331989071,-1.503789351287442,0.8649253320040402,-1.5037893513444893,1.4969248063323448e-11,5.7047255808129194e-11,5.897853662833152e-11,5.7047255808129194e-11,-24.524999999414007,5.85995252322391e-10,5.85995252322391e-10,2.3893792143624503e-11,-24.525000000007964,7.961631354191923e-12,-7.961631354191923e-12,-3.2463328661333017e-13
screenshot_like_simple_start,dop853_strict,DOP853,1e-09,1e-11,0.03504380475594493,0.0014980762005466755,1.041232589462857,0.0014980762588995,1.0412325893779941,5.835282452550106e-11,8.486278346708787e-11,8.486278346708787e-11,0.8645256093652239,-1.5051557604784827,0.8645256093807077,-1.5051557605516344,1.5483725412934746e-11,7.315170691413186e-11,7.477244129433122e-11,7.315170691413186e-11,-24.52499999919996,8.000426987564424e-10,8.000426987564424e-10,3.262151676886615e-11,-24.525000000016302,1.6299850358336698e-11,-1.6299850358336698e-11,-6.646218290861039e-13
screenshot_like_simple_start,dop853_strict,DOP853,1e-09,1e-11,0.04005006257822278,0.0019597106521862667,1.0394053449029446,0.0019597107412985173,1.0394053447611271,8.911225056473793e-11,1.4181744667496332e-10,1.4181744667496332e-10,0.8640627577233081,-1.5067310805362455,0.8640627577405566,-1.5067310806583318,1.7248535932878895e-11,1.2208634103672011e-10,1.2329876990287512e-10,1.2208634103672011e-10,-24.52499999854204,1.4579626395061496e-09,1.4579626395061496e-09,5.944801792074004e-11,-24.52500000002366,2.3657520387132536e-11,-2.3657520387132536e-11,-9.646287619625905e-13
screenshot_like_simple_start,dop853_strict,DOP853,1e-09,1e-11,0.04505632040050063,0.002484618593463683,1.0373337613962432,0.002484618733138099,1.0373337611626214,1.3967441569659456e-10,2.336217885812175e-10,2.336217885812175e-10,0.8635360755477364,-1.5085147439726208,0.8635360755686095,-1.508514744173434,2.0873081041372643e-11,2.0081314389130966e-10,2.0189503280584085e-10,2.0081314389130966e-10,-24.524999997474747,2.525254672036681e-09,2.525254672036681e-09,1.0296655135725507e-10,-24.525000000024065,2.4062529746515793e-11,-2.4062529746515793e-11,-9.81142905056709e-13
screenshot_like_simple_start,dop853_strict,DOP853,1e-09,1e-11,0.05006257822277847,0.00307344566655116,1.0350175692768966,0.003073445862296049,1.035017568943089,1.9574488904772203e-10,3.3380764818957687e-10,3.3380764818957687e-10,0.8629447667396876,-1.510506102393188,0.8629447667650191,-1.510506102679618,2.5331514663662347e-11,2.8642999083672294e-10,2.8754795301980597e-10,2.8642999083672294e-10,-24.52499999629728,3.7027234611741733e-09,3.7027234611741733e-09,1.5097751115898768e-10,-24.52500000001686,1.6857626405908377e-11,-1.6857626405908377e-11,-6.873649910666004e-13
screenshot_like_simple_start,dop853_strict,DOP853,1e-09,1e-11,0.05506883604505632,0.0037269133418964457,1.0324564643635865,0.0037269135752335896,1.0324564639635843,2.3333714387757665e-10,4.0000225354219765e-10,4.0000225354219765e-10,0.8622879402144604,-1.5127044244749424,0.8622879402427102,-1.5127044248174992,2.824973588388957e-11,3.425568717574379e-10,3.437197375271767e-10,3.425568717574379e-10,-24.524999995480652,4.5193502273832564e-09,4.5193502273832564e-09,1.8427523862928669e-10,-24.525000000007037,7.034373084024992e-12,-7.034373084024992e-12,-2.8682459058205876e-13
screenshot_like_simple_start,dop853_strict,DOP853,1e-09,1e-11,0.06007509386733417,0.00444581885455369,1.0296501070623851,0.004445819080330311,1.0296501066754957,2.2577662135703225e-10,3.8688940939834993e-10,3.8688940939834993e-10,0.8615646094459036,-1.5151088936758446,0.861564609472384,-1.5151088940064512,2.648037344954446e-11,3.306066531649776e-10,3.3166544784613175e-10,3.306066531649776e-10,-24.524999995502373,4.49762893595107e-09,4.49762893595107e-09,1.8338955906018634e-10,-24.524999999999867,1.3500311979441904e-13,1.3500311979441904e-13,5.504714364706178e-15
screenshot_like_simple_start,dop853_strict,DOP853,1e-09,1e-11,0.06508135168961202,0.005231035126468778,1.0265981213857318,0.005231035279135338,1.0265981211231818,1.5266655994938816e-10,2.625499817554555e-10,2.625499817554555e-10,0.8607736919567041,-1.5177186056698149,0.8607736919734379,-1.517718605893639,1.6733836538662672e-11,2.238240703889005e-10,2.2444873751206125e-10,2.238240703889005e-10,-24.524999996657588,3.342414345297584e-09,3.342414345297584e-09,1.3628600796320424e-10,-24.524999999999057,9.450218385609332e-13,9.450218385609332e-13,3.853300055294325e-14
screenshot_like_simple_start,dop853_strict,DOP853,1e-09,1e-11,0.07008760951188986,0.0060835106745076376,1.0233000938872974,0.006083510685128973,1.023300093863201,1.0621335408411703e-11,2.4096280526464398e-11,2.4096280526464398e-11,0.8599140087533284,-1.5205325655000634,0.8599140087514062,-1.5205325655205733,1.9221291225335335e-12,2.0509816067715292e-11,2.059968775237149e-11,2.0509816067715292e-11,-24.524999998902345,1.0976570763432392e-09,1.0976570763432392e-09,4.475665958586092e-11,-24.525000000009445,9.443112958251731e-12,-9.443112958251731e-12,-3.8504028372076376e-13
screenshot_like_simple_start,dop853_strict,DOP853,1e-09,1e-11,0.07509386733416772,0.0070042695040159735,1.0197555725124952,0.007004269323179848,1.0197555728061714,1.8083612558783546e-10,2.936761944738464e-10,2.936761944738464e-10,0.8589842837044397,-1.5235496844429108,0.8589842836773693,-1.523549684193971,2.7070345964830267e-11,2.489397576965757e-10,2.5040728142904596e-10,2.489397576965757e-10,-24.525000001783326,1.7833237109243782e-09,-1.7833237109243782e-09,-7.271452440058627e-11,-24.525000000008223,8.220979452744359e-12,-8.220979452744359e-12,-3.352081326297394e-13
screenshot_like_simple_start,dop853_strict,DOP853,1e-09,1e-11,0.08010012515644556,0.007994410987699018,1.0159640653643993,0.007994410615208837,1.0159640659730147,3.724901810608916e-10,6.086153803153138e-10,6.086153803153138e-10,0.8579831428616672,-1.5267687765734708,0.857983142809808,-1.5267687760591322,5.185918361405584e-11,5.143385717332194e-10,5.169463621089565e-10,5.143385717332194e-10,-24.52500000449938,4.49937687108104e-09,-4.49937687108104e-09,-1.8346083062511885e-10,-24.52500000002821,2.8208546609675977e-11,-2.8208546609675977e-11,-1.1501955804149226e-12
screenshot_like_simple_start,dop853_strict,DOP853,1e-09,1e-11,0.0851063829787234,0.009055109729609762,1.0119250393848302,0.009055109231592248,1.0119250401959847,4.980175143803889e-10,8.111544769207057e-10,8.111544769207057e-10,0.8569091137216753,-1.530188555023799,0.8569091136537763,-1.530188554340568,6.789901974002532e-11,6.832310273097164e-10,6.865966163333073e-10,6.832310273097164e-10,-24.525000006120855,6.120853157653983e-09,-6.120853157653983e-09,-2.495760716678484e-10,-24.525000000074122,7.412026548081485e-11,-7.412026548081485e-11,-3.0222330471280264e-12
screenshot_like_simple_start,dop853_strict,DOP853,1e-09,1e-11,0.09011264080100126,0.010187615414034177,1.0076379189503684,0.010187614918364243,1.0076379197509233,4.956699339170312e-10,8.005549556600045e-10,8.005549556600045e-10,0.8557606244285811,-1.5338076279232777,0.8557606243603209,-1.5338076272513994,6.826028631223835e-11,6.718783307491094e-10,6.753369218528174e-10,6.718783307491094e-10,-24.525000005963147,5.96314464473835e-09,-5.96314464473835e-09,-2.4314555126354125e-10,-24.525000000107642,1.0764011904029758e-10,-1.0764011904029758e-10,-4.388995679522837e-12
screenshot_like_simple_start,dop853_strict,DOP853,1e-09,1e-11,0.0951188986232791,0.011393252639061973,1.0031020843830554,0.011393252294006844,1.0031020849293426,3.4505512856719545e-10,5.462872376682526e-10,5.462872376682526e-10,0.8545360029158984,-1.5376244940101857,0.8545360028645984,-1.5376244935535186,5.1299964276552146e-11,4.5666714854064594e-10,4.595395204887387e-10,4.5666714854064594e-10,-24.525000004068268,4.068265724299636e-09,-4.068265724299636e-09,-1.6588239446685567e-10,-24.52500000009039,9.038814141604234e-11,-9.038814141604234e-11,-3.685551128075121e-12
screenshot_like_simple_start,dop853_strict,DOP853,1e-09,1e-11,0.10012515644555695,0.012673420734631378,0.9983168703755438,0.012673420605581506,0.9983168705636846,1.2904987148343317e-10,1.8814072522133074e-10,1.8814072522133074e-10,0.8532334759873421,-1.541637537902538,0.8532334759602217,-1.5416375377460296,2.712041702324086e-11,1.5650836182601324e-10,1.5884075151225134e-10,1.5650836182601324e-10,-24.525000001692483,1.6924808221574494e-09,-1.6924808221574494e-09,-6.901043107675634e-11,-24.52500000002703,2.702904566831421e-11,-2.702904566831421e-11,-1.1021017601759106e-12
screenshot_like_simple_start,dop853_strict,DOP853,1e-09,1e-11,0.1051314142678348,0.014029593506310492,0.9932815644247349,0.014029593433956104,0.9932815645191092,7.235438810593298e-11,9.437428616365651e-11,9.437428616365651e-11,0.8518511683289826,-1.5458450249372182,0.8518511683081582,-1.5458450248591644,2.08243422505916e-11,7.805378565706178e-11,8.078395066823805e-11,7.805378565706178e-11,-24.525000001103674,1.1036718206014484e-09,-1.1036718206014484e-09,-4.5001909096899016e-11,-24.524999999968824,3.1178615245153196e-11,3.1178615245153196e-11,1.2712992964384584e-12
screenshot_like_simple_start,dop853_strict,DOP853,1e-09,1e-11,0.11013767209011265,0.015463318405824603,0.9879954060757641,0.015463318337881301,0.9879954061651645,6.794330202619658e-11,8.940037599103334e-11,8.940037599103334e-11,0.8503871013981672,-1.5502450949042106,0.8503871013794349,-1.5502450948306183,1.8732349005290416e-11,7.359224341030313e-11,7.593891748910639e-11,7.359224341030313e-11,-24.525000001071376,1.071374100547473e-09,-1.071374100547473e-09,-4.3684978615595227e-11,-24.52499999996514,3.4862779330069316e-11,3.4862779330069316e-11,1.4215200542332034e-12
screenshot_like_simple_start,dop853_strict,DOP853,1e-09,1e-11,0.11514392991239049,0.016976216490173005,0.9824575847557305,0.01697621642667031,0.9824575848406897,6.35026961570695e-11,8.495915082562533e-11,8.495915082562533e-11,0.8488391923483064,-1.5548357565107154,0.8488391923319635,-1.5548357564411188,1.6342927011692154e-11,6.959655074467719e-11,7.148965756573411e-11,6.959655074467719e-11,-24.525000001067898,1.0678959938559274e-09,-1.0678959938559274e-09,-4.354315979025188e-11,-24.524999999989166,1.0835776720341528e-11,1.0835776720341528e-11,4.41825758219838e-13
screenshot_like_simple_start,dop853_strict,DOP853,1e-09,1e-11,0.12015018773466835,0.01856998191505259,0.9766672382455711,0.018569981862669744,0.9766672383163602,5.2382844589748956e-11,7.078904129542707e-11,7.078904129542707e-11,0.8472052528421704,-1.5596148808508798,0.8472052528294234,-1.5596148807931942,1.2747025657233735e-11,5.768563404728866e-11,5.907722944200992e-11,5.768563404728866e-11,-24.525000000925292,9.252900667888753e-10,-9.252900667888753e-10,-3.772844309027014e-11,-24.524999999995632,4.369837824924616e-12,4.369837824924616e-12,1.7817891233127894e-13
screenshot_like_simple_start,dop853_strict,DOP853,1e-09,1e-11,0.1251564455569462,0.020246381309573486,0.9706234512308346,0.02024638127391372,0.9706234512804613,3.565976680608429e-11,4.962674715613957e-11,4.962674715613957e-11,0.8454829878099072,-1.5645801943399849,0.845482987802283,-1.5645801942997528,7.624123554705875e-12,4.02320399217615e-11,4.094806828464112e-11,4.02320399217615e-11,-24.525000000709102,7.091003340065072e-10,-7.091003340065072e-10,-2.8913367339714866e-11,-24.52499999999556,4.440892098500626e-12,4.440892098500626e-12,1.810761304179664e-13
screenshot_like_simple_start,dop853_strict,DOP853,1e-09,1e-11,0.13016270337922403,0.022007253069387108,0.9643252538414196,0.02200725303897224,0.964325253884059,3.041486854038489e-11,4.2639336506056225e-11,4.2639336506056225e-11,0.8436699941467335,-1.5697292711757815,0.8436699941406293,-1.5697292711414157,6.104228233994036e-12,3.4365843504247096e-11,3.490376486986887e-11,3.4365843504247096e-11,-24.525000000676986,6.769838023501507e-10,-6.769838023501507e-10,-2.7603824764532135e-11,-24.525000000021357,2.135536192326981e-11,-2.135536192326981e-11,-8.707588959539168e-13
screenshot_like_simple_start,dop853_strict,DOP853,1e-09,1e-11,0.13516896120150187,0.02385450649694581,0.9577716202937677,0.023854506443044543,0.9577716203651392,5.3901265395506215e-11,7.137146429414543e-11,7.137146429414543e-11,0.8417637593513957,-1.5750595252227912,0.841763759338573,-1.5750595251657011,1.282274286751317e-11,5.7090110416879725e-11,5.851242126299235e-11,5.7090110416879725e-11,-24.52500000098424,9.842366921475332e-10,-9.842366921475332e-10,-4.013197521498606e-11,-24.525000000052984,5.298161909195187e-11,-5.298161909195187e-11,-2.1603106663385063e-12
screenshot_like_simple_start,dop853_strict,DOP853,1e-09,1e-11,0.14017521902377972,0.02579012078320197,0.9509614676448243,0.0257901206838659,0.9509614677724304,9.933606714973564e-11,1.2760614787055147e-10,1.2760614787055147e-10,0.8397616601175252,-1.5805682013028448,0.8397616600923488,-1.5805682012015383,2.5176416507122212e-11,1.0130651872941598e-10,1.0438803899496153e-10,1.0130651872941598e-10,-24.525000001455616,1.4556142957644624e-09,-1.4556142957644624e-09,-5.935226486297501e-11,-24.52500000004035,4.034816925013729e-11,-4.034816925013729e-11,-1.6451852905254754e-12
screenshot_like_simple_start,dop853_strict,DOP853,1e-09,1e-11,0.1451814768460576,0.027816143825054214,0.9438936546670854,0.027816143700065167,0.9438936548265418,1.249890468901782e-10,1.5945633702330042e-10,1.5945633702330042e-10,0.8376609608920182,-1.586252365876037,0.8376609608606209,-1.586252365750378,3.139732918100435e-11,1.2565903872996387e-10,1.2952214596059975e-10,1.2565903872996387e-10,-24.52500000165778,1.6577779149429261e-09,-1.6577779149429261e-09,-6.759542976321818e-11,-24.524999999986477,1.3525180975193507e-11,1.3525180975193507e-11,5.514854628009584e-13
screenshot_like_simple_start,dop853_strict,DOP853,1e-09,1e-11,0.15018773466833543,0.02993469087284841,0.9365669808540449,0.02993469078245231,0.9365669809704038,9.039610032735013e-11,1.1635892249728386e-10,1.1635892249728386e-10,0.8354588124166518,-1.5921088970973432,0.8354588123952454,-1.5921088970063182,2.1406321160100106e-11,9.102496534296733e-11,9.350815419682795e-11,9.102496534296733e-11,-24.52500000135937,1.359367729492078e-09,-1.359367729492078e-09,-5.542783810365252e-11,-24.52499999995786,4.214228965793154e-11,4.214228965793154e-11,1.718340047214334e-12
screenshot_like_simple_start,dop853_strict,DOP853,1e-09,1e-11,0.15519399249061328,0.03214794298702226,0.9289801855844748,0.03214794292871505,0.9289801856610036,5.830721322430676e-11,7.652878331043667e-11,7.652878331043667e-11,0.8331522502675853,-1.5981344742205987,0.8331522502551222,-1.5981344741611725,1.2463141629837082e-11,5.942624170529598e-11,6.071909174634973e-11,5.942624170529598e-11,-24.525000001141617,1.1416148026910378e-09,-1.1416148026910378e-09,-4.6549023555190116e-11,-24.52499999998363,1.6370904631912708e-11,1.6370904631912708e-11,6.675190471727913e-13
screenshot_like_simple_start,dop853_strict,DOP853,1e-09,1e-11,0.16020025031289112,0.034458144961563804,0.9211319478784414,0.03445814490881635,0.92113194794727,5.274745223937671e-11,6.882860947854397e-11,6.882860947854397e-11,0.8307381933341017,-1.604325566013046,0.8307381933230213,-1.604325565960056,1.108035885266645e-11,5.299005678693902e-11,5.4136129069105836e-11,5.299005678693902e-11,-24.525000001103084,1.1030820701307675e-09,-1.1030820701307675e-09,-4.497786218677951e-11,-24.524999999990005,9.99733629214461e-12,9.99733629214461e-12,4.0763858479692594e-13
screenshot_like_simple_start,dop853_strict,DOP853,1e-09,1e-11,0.16520650813516896,0.0368676030638262,0.913020886311463,0.036867603014697055,0.9130208863754711,4.912914519650258e-11,6.400802110562154e-11,6.400802110562154e-11,0.8282134423641462,-1.6106784185289393,0.8282134423541823,-1.610678418480097,9.963918579103392e-12,4.8842263566939437e-11,4.98482335072506e-11,4.909576217793088e-11,-24.52500000107619,1.0761880275822477e-09,-1.0761880275822477e-09,-4.38812651409683e-11,-24.52499999999027,9.730882766234572e-12,9.730882766234572e-12,3.96774016971848e-13
screenshot_like_simple_start,dop853_strict,DOP853,1e-09,1e-11,0.1702127659574468,0.039378682419832785,0.9046455593077263,0.039378682393785364,0.9046455593432141,2.6047421164410167e-11,3.548783489293328e-11,3.548783489293328e-11,0.8255746785696615,-1.6171890420769044,0.8255746785655645,-1.617189042050029,4.096945005471753e-12,2.687539080170609e-11,2.7185871130465698e-11,2.687539080170609e-11,-24.525000000820583,8.205809365335881e-10,-8.205809365335881e-10,-3.345895765682316e-11,-24.52500000001041,1.0409451078885468e-11,-1.0409451078885468e-11,-4.244424496997132e-13
screenshot_like_simple_start,dop853_strict,DOP853,1e-09,1e-11,0.17521902377972465,0.04199380393323242,0.8960044659546693,0.041993803928701785,0.8960044659631472,4.530632813359858e-12,8.47788506064262e-12,8.47788506064262e-12,0.8228184623086996,-1.6238531972896628,0.8228184623094693,-1.6238531972832333,7.69717622972621e-13,6.4295235802092066e-12,6.4754334748787926e-12,6.4295235802092066e-12,-24.525000000606394,6.063913815523847e-10,-6.063913815523847e-10,-2.472543859540814e-11,-24.52500000002327,2.326672188246448e-11,-2.326672188246448e-11,-9.486940624858095e-13
screenshot_like_simple_start,dop853_strict,DOP853,1e-09,1e-11,0.18022528160200252,0.044715440623664185,0.8870960474874889,0.04471544059537762,0.8870960475245324,2.828656753273151e-11,3.704347939503805e-11,3.704347939503805e-11,0.8199412318739072,-1.63066638021287,0.8199412318690481,-1.6306663801854169,4.859113111876923e-12,2.745315086372102e-11,2.7879857829268794e-11,2.8258291540073088e-11,-24.525000000858853,8.588507682816271e-10,-8.588507682816271e-10,-3.501939931831303e-11,-24.524999999995984,4.0181191707233666e-12,4.0181191707233666e-12,1.6383768280217598e-13
screenshot_like_simple_start,dop853_strict,DOP853,1e-09,1e-11,0.18523153942428036,0.047546113307800536,0.8779186895498666,0.04754611321058978,0.8779186896718069,9.72107533359079e-11,1.2194023568667944e-10,1.2194023568667944e-10,0.8169393024397047,-1.6376238063757858,0.8169393024204936,-1.6376238062865838,1.9211077173508784e-11,8.920197913653283e-11,9.124723868721151e-11,9.710089676762124e-11,-24.525000001493517,1.4935146452899062e-09,-1.4935146452899062e-09,-6.089764099041411e-11,-24.524999999967125,3.2876812383619836e-11,3.2876812383619836e-11,1.3405428087102889e-12
screenshot_like_simple_start,dop853_strict,DOP853,1e-09,1e-11,0.1902377972465582,0.05048838559726182,0.8684707252735195,0.050488385461001,0.8684707254443869,1.3626082207007784e-10,1.7086732029270024e-10,1.7086732029270024e-10,0.8138088652407347,-1.6447203938671016,0.8138088652150269,-1.644720393743548,2.5707769246707812e-11,1.2355361178606472e-10,1.2619977965521004e-10,1.3608719012792037e-10,-24.525000001812312,1.8123103018297115e-09,-1.8123103018297115e-09,-7.389644451905042e-11,-24.524999999983983,1.601918597771146e-11,1.601918597771146e-11,6.531778176436883e-13
screenshot_like_simple_start,dop853_strict,DOP853,1e-09,1e-11,0.19524405506883605,0.05354485818759435,0.8587504392191798,0.05354485811136528,0.8587504393158933,7.62290716660452e-11,9.671352607654171e-11,9.671352607654171e-11,0.8105459870613324,-1.6519507454512152,0.8105459870484036,-1.6519507453820803,1.2928769166364873e-11,6.913492001103805e-11,7.03334219065856e-11,7.611981878152818e-11,-24.525000001367086,1.3670842236024328e-09,-1.3670842236024328e-09,-5.5742475987866773e-11,-24.524999999987333,1.2668976978602586e-11,1.2668976978602586e-11,5.165739848563746e-13
screenshot_like_simple_start,dop853_strict,DOP853,1e-09,1e-11,0.2002503128911139,0.05671816233219696,0.8487560723219149,0.056718162293391786,0.8487560723715037,3.880517435161934e-11,4.9588888550999854e-11,4.9588888550999854e-11,0.8071466101090852,-1.6593091297027462,0.8071466101031167,-1.6593091296677318,5.968447958082379e-12,3.501443579523311e-11,3.55194747298836e-11,3.8742772878741505e-11,-24.525000001124827,1.1248246778450266e-09,-1.1248246778450266e-09,-4.586441092130587e-11,-24.524999999987216,1.2786216530003003e-11,1.2786216530003003e-11,5.213543946994089e-13
screenshot_like_simple_start,dop853_strict,DOP853,1e-09,1e-11,0.20525657071339173,0.060010951729671545,0.8384858288150394,0.060010951697271206,0.8384858288551147,3.240033935592024e-11,4.0075276430684426e-11,4.0075276430684426e-11,0.803606552250617,-1.666789460580892,0.8036065522450689,-1.666789460553034,5.548006498656832e-12,2.7857938178499353e-11,2.8405018846433288e-11,3.23420179526579e-11,-24.52500000110537,1.1053664650262363e-09,-1.1053664650262363e-09,-4.507100774826651e-11,-24.525000000001192,1.1901590823981678e-12,-1.1901590823981678e-12,-4.852840295201499e-14
screenshot_like_simple_start,dop853_strict,DOP853,1e-09,1e-11,0.2102628285356696,0.06342589353501786,0.8279378842721938,0.06342589351916277,0.8279378842916431,1.585509501467186e-11,1.944922001229088e-11,1.944922001229088e-11,0.7999215078926531,-1.674385276212743,0.7999215078899853,-1.674385276199423,2.667865928174251e-12,1.3320011760242778e-11,1.358455821525746e-11,1.582321773607731e-11,-24.525000001011655,1.0116529836068366e-09,-1.0116529836068366e-09,-4.124986681373442e-11,-24.5250000000109,1.0896172852881136e-11,-1.0896172852881136e-11,-4.4428839359352236e-13
screenshot_like_simple_start,dop853_strict,DOP853,1e-09,1e-11,0.21526908635794745,0.0669656579540598,0.817110395465243,0.06696565800285677,0.8171103954047478,4.879696646753473e-11,6.049516443340508e-11,6.049516443340508e-11,0.7960870495618089,-1.6820897165564297,0.7960870495690977,-1.6820897165972757,7.288836201269078e-12,4.084599325437921e-11,4.149123158097049e-11,4.8687595621821345e-11,-24.525000000584313,5.843112660386396e-10,-5.843112660386396e-10,-2.382512807497001e-11,-24.524999999990168,9.833911462919787e-12,9.833911462919787e-12,4.0097498319754476e-13
screenshot_like_simple_start,dop853_strict,DOP853,1e-09,1e-11,0.2202753441802253,0.0706329062755208,0.806001512228376,0.07063290636315411,0.8060015121189605,8.763331726946433e-11,1.0941547667897566e-10,1.0941547667897566e-10,0.7920986303294579,-1.6898955000290088,0.7920986303411146,-1.6898955001017701,1.1656675624749369e-11,7.276135249867366e-11,7.368916137436272e-11,8.741479762264248e-11,-24.525000000399455,3.994529151896131e-10,-3.994529151896131e-10,-1.6287580639739574e-11,-24.524999999965136,3.4866332043748116e-11,3.4866332043748116e-11,1.4216649151375377e-12
screenshot_like_simple_start,dop853_strict,DOP853,1e-09,1e-11,0.22528160200250313,0.0744302768569755,0.7946093919660022,0.07443027685286183,0.7946093919698511,4.113667739780169e-12,3.848921181770493e-12,4.113667739780169e-12,0.7879515872228751,-1.6977948989326082,0.7879515872214691,-1.6977948989301674,1.4059864383852982e-12,2.440714297335944e-12,2.8167151340068928e-12,4.102287953777761e-12,-24.52500000118468,1.1846772451917786e-09,-1.1846772451917786e-09,-4.8304882576627054e-11,-24.524999999989344,1.0658141036401503e-11,1.0658141036401503e-11,4.3458271300311933e-13
screenshot_like_simple_start,dop853_strict,DOP853,1e-09,1e-11,0.23028785982478098,0.0783603689381317,0.7829322169983007,0.078360368737507,0.7829322172470505,2.0062469741066735e-10,2.4874979853706236e-10,2.4874979853706236e-10,0.7836411458544924,-1.7057797138843251,0.7836411458308091,-1.7057797137245716,2.368327756130384e-11,1.5975354372699258e-10,1.6149951197876076e-10,2.0000905098793709e-10,-24.525000002626822,2.6268196506862296e-09,-2.6268196506862296e-09,-1.0710783489036613e-10,-24.524999999886095,1.1390710596970166e-10,1.1390710596970166e-10,4.644530314768671e-12
screenshot_like_simple_start,dop853_strict,DOP853,1e-09,1e-11,0.23529411764705882,0.0824257242108021,0.7709682148683416,0.08242572394476767,0.7709682151998983,2.660344305960294e-10,3.315567820294518e-10,3.315567820294518e-10,0.7791624265265393,-1.7138412475555933,0.7791624264992126,-1.713841247346458,2.7326696461216216e-11,2.0913537568389984e-10,2.1091314255382326e-10,2.651312364099212e-10,-24.525000003014682,3.0146800611419167e-09,-3.0146800611419167e-09,-1.2292273439926265e-10,-24.524999999897325,1.0267697803101328e-10,1.0267697803101328e-10,4.186624996167717e-12
screenshot_like_simple_start,dop853_strict,DOP853,1e-09,1e-11,0.2403003754693367,0.08662880607492507,0.758715681734693,0.08662880600174687,0.7587156818283125,7.317819961105698e-11,9.361955655151633e-11,9.361955655151633e-11,0.7745104520822913,-1.7219702780809314,0.774510452077329,-1.7219702780228534,4.9622528308646e-12,5.807798686419119e-11,5.828959179265702e-11,7.290378023494526e-11,-24.52500000137455,1.3745484750415926e-09,-1.3745484750415926e-09,-5.604682874787329e-11,-24.52499999958699,4.1301362330159463e-10,4.1301362330159463e-10,1.6840514711583876e-11
screenshot_like_simple_start,dop853_strict,DOP853,1e-09,1e-11,0.24530663329161453,0.09097197609202708,0.7461730094967504,0.09097197604558684,0.7461730095601142,4.644024054201168e-11,6.336386970673402e-11,6.336386970673402e-11,0.7696801577554266,-1.7301570322368314,0.769680157755706,-1.7301570321980368,2.793321129956894e-13,3.8794523149476845e-11,3.87955287736183e-11,4.624821359211495e-11,-24.52500000142523,1.4252279356696818e-09,-1.4252279356696818e-09,-5.811326954820313e-11,-24.524999999190943,8.090594860732381e-10,8.090594860732381e-10,3.298917374406679e-11
screenshot_like_simple_start,dop853_strict,DOP853,1e-09,1e-11,0.2503128911138924,0.09545746554765365,0.7333387193260115,0.09545746550217406,0.7333387193855914,4.547959231437915e-11,5.95798965719041e-11,5.95798965719041e-11,0.7646664032293488,-1.738391157404549,0.7646664032283408,-1.7383911573690038,1.0079714840571796e-12,3.554512240100394e-11,3.5559411314236125e-11,4.5272535720286555e-11,-24.525000001300352,1.3003500498598441e-09,-1.3003500498598441e-09,-5.302140876084991e-11,-24.524999999378647,6.213554115674924e-10,6.213554115674924e-10,2.533559272446452e-11
screenshot_like_simple_start,dop853_strict,DOP853,1e-09,1e-11,0.2553191489361702,0.10008734506863468,0.7202114979693226,0.10008734506165667,0.7202114979739594,6.9780015099496495e-12,4.636846462346966e-12,6.9780015099496495e-12,0.7594639875807324,-1.7466616953340366,0.7594639875772747,-1.7466616953316758,3.4576785878925875e-12,2.360778239562933e-12,4.1867427809174926e-12,6.943084995825188e-12,-24.52500000215077,2.150766675867999e-09,-2.150766675867999e-09,-8.769690829227313e-11,-24.52499999999021,9.79127889877418e-12,9.79127889877418e-12,3.992366523455323e-13
screenshot_like_simple_start,dop853_strict,DOP853,1e-09,1e-11,0.26032540675844806,0.10486348960693875,0.706790240253822,0.10486348963595875,0.7067902402121308,2.9019994740586696e-11,4.169120604302634e-11,4.169120604302634e-11,0.7540676672861314,-1.7549570564173078,0.7540676672832879,-1.7549570564413441,2.843503210669951e-12,2.403632848313464e-11,2.4203937643661203e-11,2.886059446982614e-11,-24.525000003712073,3.7120706508630974e-09,-3.7120706508630974e-09,-1.5135864019829142e-10,-24.52500000021015,2.1014656681472843e-10,-2.1014656681472843e-10,-8.568667352282504e-12
screenshot_like_simple_start,dop853_strict,DOP853,1e-09,1e-11,0.26533166458072593,0.10978753897998757,0.693074097609289,0.10978753898368726,0.6930740976058458,3.699693329473064e-12,3.443134666269998e-12,3.699693329473064e-12,0.748472177793295,-1.763264995617921,0.7484721777943236,-1.7632649956197155,1.0286216323152075e-12,1.794564497004103e-12,2.0684593775016207e-12,3.677419480041522e-12,-24.525000004017535,4.0175329729663645e-09,-4.0175329729663645e-09,-1.638137807529608e-10,-24.52500000009226,9.225686881109141e-11,-9.225686881109141e-11,-3.761747963755001e-12
screenshot_like_simple_start,dop853_strict,DOP853,1e-09,1e-11,0.27033792240300375,0.1148608536749139,0.6790625330284574,0.11486085363065267,0.6790625330786122,4.42612335671555e-11,5.01547692266513e-11,5.01547692266513e-11,0.742672259127537,-1.771572590951144,0.7426722591225959,-1.7715725909247162,4.941047571094259e-12,2.6427748878177226e-11,2.6885681353981233e-11,4.396957797858647e-11,-24.525000003699905,3.6999026065132057e-09,-3.6999026065132057e-09,-1.508624916009462e-10,-24.52499999992017,7.983302907632606e-11,7.983302907632606e-11,3.255169381297698e-12
screenshot_like_simple_start,dop853_strict,DOP853,1e-09,1e-11,0.2753441802252816,0.12008446568938519,0.6647553828318148,0.12008446563583927,0.6647553828831526,5.354591769979322e-11,5.1337822881691864e-11,5.354591769979322e-11,0.7366626860404089,-1.779866225579173,0.7366626860276548,-1.7798662255539193,1.2754020062288873e-11,2.5253799051938586e-11,2.8291684189969343e-11,5.316030948776529e-11,-24.525000004281893,4.28189039780591e-09,-4.28189039780591e-09,-1.745928806444815e-10,-24.524999999941585,5.841727102051664e-11,5.841727102051664e-11,2.381947849970097e-12
screenshot_like_simple_start,dop853_strict,DOP853,1e-09,1e-11,0.28035043804755944,0.12545902421684654,0.6501529255598841,0.12545902416692392,0.6501529256187294,4.9922621592202177e-11,5.884526199650963e-11,5.884526199650963e-11,0.7304383032113659,-1.7881315747506474,0.7304383032086761,-1.7881315747212747,2.6898483440618293e-12,2.9372726473297917e-11,2.949563263585354e-11,4.953024101972403e-11,-24.525000002830758,2.8307560739904147e-09,-2.8307560739904147e-09,-1.1542328538187215e-10,-24.524999999248124,7.51878559412944e-10,7.51878559412944e-10,3.065763748880505e-11
screenshot_like_simple_start,dop853_strict,DOP853,1e-09,1e-11,0.2853566958698373,0.13098473597972313,0.6352559583162197,0.13098473590452986,0.6352559584229828,7.519326827853945e-11,1.067630428508437e-10,1.067630428508437e-10,0.7239940659998377,-1.7963535989551098,0.7239940660112243,-1.7963535989015793,1.1386558362858068e-11,5.353051335532655e-11,5.472814240804786e-11,7.454914463522755e-11,-24.52500000069077,6.907683314238966e-10,-6.907683314238966e-10,-2.8165885073349502e-11,-24.52499999855982,1.440181307543753e-09,1.440181307543753e-09,5.87229890945465e-11
screenshot_like_simple_start,dop853_strict,DOP853,1e-09,1e-11,0.2903629536921152,0.1366612999541865,0.6200658808310415,0.1366612999289987,0.6200658808663988,2.518779629312462e-11,3.535727266523736e-11,3.535727266523736e-11,0.7173250871226517,-1.8045165448443106,0.717325087126474,-1.8045165448271965,3.822275829179489e-12,1.7114087924596788e-11,1.753572918373112e-11,2.4952956367840784e-11,-24.525000000684912,6.849099065675546e-10,-6.849099065675546e-10,-2.792700944210212e-11,-24.52499999943025,5.697522453829151e-10,5.697522453829151e-10,2.3231488089007752e-11
screenshot_like_simple_start,dop853_strict,DOP853,1e-09,1e-11,0.295369211514393,0.1424878372486039,0.6045847864235566,0.14248783730030212,0.6045847863427368,5.1698229031060805e-11,8.08197953006129e-11,8.08197953006129e-11,0.710426689706458,-1.8126039560858733,0.7104266896911386,-1.8126039561244713,1.531930138298776e-11,3.859801367411819e-11,4.1526950940927816e-11,5.1174314785740194e-11,-24.52500000112503,1.1250271825247182e-09,-1.1250271825247182e-09,-4.587266799285293e-11,-24.525000000898736,8.987335320398415e-10,-8.987335320398415e-10,-3.66456078303707e-11
screenshot_like_simple_start,dop853_strict,DOP853,1e-09,1e-11,0.30037546933667086,0.14846281619117055,0.5888155598328131,0.14846281622430427,0.5888155597770491,3.31337179915181e-11,5.5763949013964975e-11,5.5763949013964975e-11,0.7032944669913954,-1.8205986959494633,0.7032944669777914,-1.8205986959755323,1.3604006809941893e-11,2.6068924796618376e-11,2.940506489257743e-11,3.276923177253366e-11,-24.52500000128974,1.289738094101267e-09,-1.289738094101267e-09,-5.258870923960314e-11,-24.525000000652476,6.52473630680106e-10,-6.52473630680106e-10,-2.6604429385529294e-11
screenshot_like_simple_start,dop853_strict,DOP853,1e-09,1e-11,0.3053817271589487,0.15458397360214912,0.572761980607339,0.1545839736871589,0.5727619804905268,8.500977699554824e-11,1.1681211553593585e-10,1.1681211553593585e-10,0.6959243487089488,-1.8284829840367711,0.695924348694775,-1.8284829840869892,1.4173773266179523e-11,5.021805193905493e-11,5.217996348364652e-11,8.399608786291424e-11,-24.525000000626548,6.265459262522199e-10,-6.265459262522199e-10,-2.554723450569704e-11,-24.52500000008297,8.29665225410281e-11,-8.29665225410281e-11,-3.382936698920615e-12
screenshot_like_simple_start,dop853_strict,DOP853,1e-09,1e-11,0.31038798498122655,0.1608482337062951,0.5564288301986469,0.16084823380940957,0.5564288300584181,1.0311446141386682e-10,1.4022871752672472e-10,1.4022871752672472e-10,0.6883126739696428,-1.836238449630054,0.6883126739523515,-1.8362384496876025,1.7291279519326963e-11,5.7548632526049914e-11,6.009021095847332e-11,1.0178344278521934e-10,-24.525000000536384,5.36381605797942e-10,-5.36381605797942e-10,-2.1870809614594985e-11,-24.52500000008217,8.216716196329799e-11,-8.216716196329799e-11,-3.3503429954453813e-12
screenshot_like_simple_start,dop853_strict,DOP853,1e-09,1e-11,0.31539424280350437,0.16725162515888362,0.5398220021537328,0.1672516251847484,0.5398220021167257,2.5864782537965425e-11,3.700706407983034e-11,3.700706407983034e-11,0.6804562703466559,-1.8438462033743819,0.6804562703404152,-1.843846203389097,6.2406746437204674e-12,1.471511801298675e-11,1.598376420449522e-11,2.5503876788235402e-11,-24.52500000065619,6.561862164744525e-10,-6.561862164744525e-10,-2.6755809030558715e-11,-24.52500000033866,3.3865887871797895e-10,-3.3865887871797895e-10,-1.3808720844769782e-11
screenshot_like_simple_start,dop853_strict,DOP853,1e-09,1e-11,0.32040050062578224,0.17378919960220404,0.5229486108840458,0.17378919961239997,0.5229486108690018,1.0195927435674434e-11,1.504396607288072e-11,1.504396607288072e-11,0.6723525381773209,-1.8512869303107728,0.6723525381743299,-1.8512869303165234,2.9909408283401717e-12,5.750511178348461e-12,6.481828897073942e-12,1.004235583579316e-11,-24.525000000648372,6.483702463810914e-10,-6.483702463810914e-10,-2.6437115041023092e-11,-24.525000000621084,6.210818526142248e-10,-6.210818526142248e-10,-2.5324438434830772e-11
screenshot_like_simple_start,dop853_strict,DOP853,1e-09,1e-11,0.3254067584480601,0.18045495420678245,0.5058170957391692,0.1804549542161162,0.5058170957260337,9.333755990326154e-12,1.3135492693550077e-11,1.3135492693550077e-11,0.6639995387817278,-1.858541006032755,0.6639995387794193,-1.858541006037444,2.308486735103088e-12,4.689137966806811e-12,5.226578792852551e-12,9.18221054746482e-12,-24.525000000652245,6.52242704290984e-10,-6.52242704290984e-10,-2.659501342674756e-11,-24.525000000737588,7.375859922831296e-10,-7.375859922831296e-10,-3.007486207066787e-11
screenshot_like_simple_start,dop853_strict,DOP853,1e-09,1e-11,0.3304130162703379,0.18724176028987638,0.4884373175794335,0.187241760337527,0.48843731751604963,4.765063343903364e-11,6.338385372117727e-11,6.338385372117727e-11,0.6553960849826639,-1.865588636869719,0.6553960849735094,-1.8655886368905916,9.15445497184919e-12,2.0872636952162793e-11,2.2791906878723553e-11,4.681774412595985e-11,-24.525000000408443,4.084412807969784e-10,-4.084412807969784e-10,-1.665407872770554e-11,-24.525000000845328,8.453255873064336e-10,-8.453255873064336e-10,-3.446791385551207e-11
screenshot_like_simple_start,dop853_strict,DOP853,1e-09,1e-11,0.3354192740926158,0.19414130295803836,0.4708206412297016,0.1941413030336688,0.4708206411284778,7.563044635006122e-11,1.0122375160293018e-10,1.0122375160293018e-10,0.6465418313909318,-1.8724100254512779,0.6465418313749312,-1.872410025482604,1.600064525320022e-11,3.132605286282342e-11,3.517587577421728e-11,7.420963843429718e-11,-24.52499999978627,2.1373125491663814e-10,2.1373125491663814e-10,8.714832004755887e-12,-24.524999999875153,1.248494641004072e-10,1.248494641004072e-10,5.09070190011854e-12
screenshot_like_simple_start,dop853_strict,DOP853,1e-09,1e-11,0.3404255319148936,0.20114403498713487,0.45297999945656237,0.2011440350526484,0.4529799993660905,6.551353903816448e-11,9.047185223209908e-11,9.047185223209908e-11,0.6374373616780287,-1.8789855609172075,0.6374373616608738,-1.8789855609437134,1.715483310960053e-11,2.6505908579110837e-11,3.157295501885163e-11,6.419270670576793e-11,-24.52500000069888,6.988791767525981e-10,-6.988791767525981e-10,-2.8496602517944877e-11,-24.525000000040144,4.014211185676686e-11,-4.014211185676686e-11,-1.6367833580740818e-12
screenshot_like_simple_start,dop853_strict,DOP853,1e-09,1e-11,0.3454317897371715,0.20823914921706405,0.43492993269486746,0.20823914932420554,0.43492993254424417,1.071414901243628e-10,1.506232916170802e-10,1.506232916170802e-10,0.6280842694515896,-1.8852960322379753,0.6280842694198162,-1.8852960322792898,3.177336171944489e-11,4.1314507370771025e-11,5.211943048656786e-11,1.0482684165147305e-10,-24.525000000687022,6.870202184927621e-10,-6.870202184927621e-10,-2.801305681927674e-11,-24.525000000441274,4.412719079027738e-10,-4.412719079027738e-10,-1.7992738344659483e-11
screenshot_like_simple_start,dop853_strict,DOP853,1e-09,1e-11,0.3504380475594493,0.21541457432586564,0.4166865979587358,0.21541457454797058,0.41668659764149873,2.2210494554641969e-10,3.172370699466853e-10,3.172370699466853e-10,0.6184852287975611,-1.8913228618137792,0.61848522872444,-1.8913228618947,7.312106475865221e-11,8.092082559585378e-11,1.090636058754413e-10,2.1697160734746035e-10,-24.525000000461397,4.6139447817949986e-10,-4.6139447817949986e-10,-1.881323050680937e-11,-24.525000001369023,1.369020452557379e-09,-1.369020452557379e-09,-5.582142518072901e-11
screenshot_like_simple_start,dop853_strict,DOP853,1e-09,1e-11,0.35544430538172717,0.22265699705443118,0.3982677427213979,0.22265699714359416,0.3982677425975406,8.916298255279287e-11,1.2385731329445093e-10,1.2385731329445093e-10,0.6086440505972336,-1.8970483543129157,0.608644050570032,-1.8970483543412615,2.720157432634096e-11,2.8345770175519647e-11,3.9286235918891884e-11,8.696193765089788e-11,-24.525000000362105,3.6210323628438346e-10,-3.6210323628438346e-10,-1.4764657952472312e-11,-24.525000001048596,1.0485941004390043e-09,-1.0485941004390043e-09,-4.275613049700323e-11
screenshot_like_simple_start,dop853_strict,DOP853,1e-09,1e-11,0.36045056320400504,0.22995191415993907,0.37969263932395303,0.22995191396965164,0.3796926396067122,1.9028742470617033e-10,2.827591494281023e-10,2.827591494281023e-10,0.5985657206118216,-1.9024559544456339,0.5985657206891637,-1.9024559543842057,7.734213269827706e-11,6.142819586330006e-11,9.876856148257831e-11,1.8527854250827147e-10,-24.524999999504455,4.955467147738091e-10,4.955467147738091e-10,2.02057783801757e-11,-24.52500000044552,4.455174007489404e-10,-4.455174007489404e-10,-1.8165847125339057e-11
screenshot_like_simple_start,dop853_strict,DOP853,1e-09,1e-11,0.36545682102628285,0.23728371621017455,0.36098197701334983,0.23728371623451375,0.36098197698750356,2.4339197324252382e-11,2.58462695690298e-11,2.58462695690298e-11,0.5882564156179642,-1.9075305057907839,0.5882564156174409,-1.9075305057941914,5.232481115058363e-13,3.4074965071795305e-12,3.447436878702078e-12,2.3657215075800764e-11,-24.52500000068874,6.887361791996227e-10,-6.887361791996227e-10,-2.808302463607024e-11,-24.525000000006433,6.430411758628907e-12,-6.430411758628907e-12,-2.6219823684521533e-13
screenshot_like_simple_start,dop853_strict,DOP853,1e-09,1e-11,0.3704630788485607,0.244635804940495,0.3421577092471266,0.24463580500071697,0.3421577091680105,6.022196630262044e-11,7.911604704702313e-11,7.911604704702313e-11,0.5777234942022929,-1.9122585017565212,0.5777234941861917,-1.9122585017684801,1.6101120436928795e-11,1.1958878332052336e-11,2.005644161573326e-11,5.842887285112397e-11,-24.525000000736185,7.361826703800034e-10,-7.361826703800034e-10,-3.001764201345579e-11,-24.524999999714677,2.8532554097182583e-10,2.8532554097182583e-10,1.1634068948902174e-11
screenshot_like_simple_start,dop853_strict,DOP853,1e-09,1e-11,0.37546933667083854,0.25199074015519224,0.32324286167523475,0.25199074025767093,0.3232428615385496,1.0247869219881522e-10,1.3668516318787738e-10,1.3668516318787738e-10,0.5669754609743277,-1.9166283179970218,0.5669754609439637,-1.9166283180148875,3.036404461198572e-11,1.786570891226802e-11,3.5230083169594586e-11,9.92422255485792e-11,-24.52500000086937,8.693668007708766e-10,-8.693668007708766e-10,-3.5448187595142775e-11,-24.524999999449925,5.50077317029718e-10,5.50077317029718e-10,2.2429248400803993e-11
screenshot_like_simple_start,dop853_strict,DOP853,1e-09,1e-11,0.3804755944931164,0.25933041647073724,0.30426130038447147,0.25933041660964395,0.30426130019247943,1.3890671946015232e-10,1.9199203338260418e-10,1.9199203338260418e-10,0.5560219024629421,-1.9206304171426496,0.5560219024140305,-1.9206304171645479,4.891165250597851e-11,2.1898260982311513e-11,5.358995787379405e-11,1.3426193490317928e-10,-24.52500000103827,1.0382663617747312e-09,-1.0382663617747312e-09,-4.23350198481032e-11,-24.524999997734582,2.2654198517102486e-09,2.2654198517102486e-09,9.237185939695203e-11
screenshot_like_simple_start,dop853_strict,DOP853,1e-09,1e-11,0.3854818523153943,0.2666362626732666,0.28523747017162193,0.2666362626880918,0.28523747015034173,1.4825196625878334e-11,2.1280199824502688e-11,2.1280199824502688e-11,0.5448733960512552,-1.9242575158568764,0.5448733960451362,-1.924257515858958,6.11899420022155e-12,2.0816681711721685e-12,6.463391710024718e-12,1.4301337891708954e-11,-24.52500000214239,2.1423893770133873e-09,-2.1423893770133873e-09,-8.735532627985269e-11,-24.524999997408507,2.591495018577916e-09,2.591495018577916e-09,1.0566748291856945e-10
screenshot_like_simple_start,dop853_strict,DOP853,1e-09,1e-11,0.3904881101376721,0.27388945791948005,0.26619611065665777,0.2738894579133145,0.26619611067856874,6.1655680561045756e-12,2.191097303594347e-11,2.191097303594347e-11,0.5335413939895745,-1.9275047065051452,0.533541394004778,-1.9275047065010489,1.5203505121519356e-11,4.0962788716569776e-12,1.5745668247948343e-11,1.5203505121519356e-11,-24.525000000634464,6.344613723285875e-10,-6.344613723285875e-10,-2.586998460055402e-11,-24.52499999755517,2.444831892489674e-09,2.444831892489674e-09,9.968733506583786e-11
screenshot_like_simple_start,dop853_strict,DOP853,1e-09,1e-11,0.39549436795994997,0.28107115807026234,0.24716195932128118,0.2810711581204843,0.2471619592590587,5.022193771964112e-11,6.222247717069251e-11,6.222247717069251e-11,0.5220380858387197,-1.9303695276672541,0.5220380858266394,-1.9303695276685464,1.2080336730946328e-11,1.2922996006636822e-12,1.214926227352618e-11,4.8251180828629003e-11,-24.525000000652945,6.529425888857077e-10,-6.529425888857077e-10,-2.662355102490143e-11,-24.524999999258114,7.41888328548157e-10,7.41888328548157e-10,3.0250288625816796e-11
screenshot_like_simple_start,dop853_strict,DOP853,1e-09,1e-11,0.4005006257822278,0.28816272100199736,0.2281594565479753,0.2881627210261735,0.2281594565189555,2.4176161073086178e-11,2.901978657376958e-11,2.901978657376958e-11,0.5103762452096601,-1.9328519800248478,0.5103762452045717,-1.9328519800245412,5.0883741664620175e-12,3.0664359940146824e-13,5.0976055119018304e-12,2.317929181927525e-11,-24.525000000327267,3.2726532595006574e-10,-3.2726532595006574e-10,-1.3344151924569449e-11,-24.5250000000295,2.949818167508056e-11,-2.949818167508056e-11,-1.2027800886883e-12
screenshot_like_simple_start,dop853_strict,DOP853,1e-09,1e-11,0.40550688360450565,0.29514592508617266,0.20921246049573236,0.29514592512711774,0.2092124604464845,4.0945080659327004e-11,4.924785579341062e-11,4.924785579341062e-11,0.4985690657613312,-1.9349544877133054,0.49856906575233184,-1.9349544877116236,8.999356815309056e-12,1.6817658377021871e-12,9.155149339148526e-12,3.917460800195727e-11,-24.525000000731655,7.316529604395328e-10,-7.316529604395328e-10,-2.9832944360429465e-11,-24.525000000096203,9.620038099455996e-11,-9.620038099455996e-11,-3.922543567566155e-12
screenshot_like_simple_start,dop853_strict,DOP853,1e-09,1e-11,0.41051314142678347,0.3020031716329174,0.19034398422790894,0.3020031716794563,0.1903439841835599,4.6538883857749624e-11,4.4349024452827734e-11,4.6538883857749624e-11,0.4866299931852117,-1.936681807628958,0.48662999318609634,-1.9366818076235064,8.846257060213247e-13,5.451639140119369e-12,5.522945948842445e-12,4.443262424658201e-11,-24.525000002561907,2.561904466347187e-09,-2.561904466347187e-09,-1.0446093644636847e-10,-24.525000000775428,7.754259456760337e-10,-7.754259456760337e-10,-3.1617775562733276e-11
screenshot_like_simple_start,dop853_strict,DOP853,1e-09,1e-11,0.41551939924906134,0.3087176648390676,0.17157596372826628,0.30871766483410995,0.1715759637493329,4.957645405312405e-12,2.1066620670140423e-11,2.1066620670140423e-11,0.4745725593118847,-1.9380408920385142,0.47457255932791875,-1.9380408920364236,1.6034062966241436e-11,2.0905499553691698e-12,1.6169773477735832e-11,1.6034062966241436e-11,-24.525000000693865,6.938627450381318e-10,-6.938627450381318e-10,-2.829205892102474e-11,-24.525000000043093,4.3090864210171276e-11,-4.3090864210171276e-11,-1.7570179086716116e-12
screenshot_like_simple_start,dop853_strict,DOP853,1e-09,1e-11,0.4205256570713392,0.3152735629732114,0.1529290651611644,0.3152735631645654,0.15292906489138106,1.913539882103521e-10,2.6978333456106895e-10,2.6978333456106895e-10,0.4624102245189748,-1.9390407120177209,0.4624102244342625,-1.9390407119994835,8.471229273609993e-11,1.823741158091252e-11,8.665319221920384e-11,1.819224770827077e-10,-24.525000000647793,6.477911540514469e-10,-6.477911540514469e-10,-2.641350271361659e-11,-24.524999997968994,2.0310082504693128e-09,2.0310082504693128e-09,8.281379206806575e-11
screenshot_like_simple_start,dop853_strict,DOP853,1e-09,1e-11,0.425531914893617,0.3216561002429237,0.1344225320270577,0.3216561003475558,0.13442253187896444,1.0463213628852941e-10,1.4809325987741317e-10,1.4809325987741317e-10,0.4501562323434495,-1.939692050421352,0.4501562322959581,-1.9396920504081208,4.749139970172678e-11,1.3231193918272766e-11,4.930007645158486e-11,9.926592881015495e-11,-24.524999999944487,5.551470394493663e-11,5.551470394493663e-11,2.2635964911289142e-12,-24.5249999990121,9.879030926640553e-10,9.879030926640553e-10,4.028147166825913e-11
screenshot_like_simple_start,dop853_strict,DOP853,1e-09,1e-11,0.4305381727158949,0.3278516747695122,0.11607407816577608,0.32785167481781574,0.11607407810253419,4.830352784424008e-11,6.324189782969114e-11,6.324189782969114e-11,0.4378234811926366,-1.9400072740856236,0.43782348117555103,-1.9400072740773937,1.708555519286392e-11,8.22986123694136e-12,1.896435636207328e-11,4.573075251812497e-11,-24.52499999987486,1.2514078662206884e-10,1.2514078662206884e-10,5.102580494273958e-12,-24.52499999989794,1.0206235856458079e-10,1.0206235856458079e-10,4.161564059717871e-12
screenshot_like_simple_start,dop853_strict,DOP853,1e-09,1e-11,0.4355444305381727,0.3338479052636935,0.0978998229639006,0.33384790543669085,0.09789982273346726,1.7299733867659484e-10,2.3043333907679653e-10,2.3043333907679653e-10,0.42542441489120747,-1.9400000946302272,0.4254244148253234,-1.9400000945960627,6.588407597263313e-11,3.416444904758009e-11,7.421536933474353e-11,1.634458679511397e-10,-24.525000000226918,2.269153753786668e-10,-2.269153753786668e-10,-9.252410820740745e-12,-24.524999999903244,9.675815704213164e-11,9.675815704213164e-11,3.945286729546652e-12
screenshot_like_simple_start,dop853_strict,DOP853,1e-09,1e-11,0.4405506883604506,0.3396336577951762,0.07991426668242486,0.3396336578684587,0.07991426659120605,7.328254669758394e-11,9.121881028306689e-11,9.121881028306689e-11,0.4129709335060129,-1.939685326651376,0.4129709334841817,-1.9396853266342446,2.1831203511624153e-11,1.713140740378094e-11,2.7750433625445768e-11,6.909645078323479e-11,-24.525000000685036,6.850342515463126e-10,-6.850342515463126e-10,-2.7932079573753823e-11,-24.525000000944672,9.44670119906732e-10,-9.44670119906732e-10,-3.8518659323414147e-11
screenshot_like_simple_start,dop853_strict,DOP853,1e-09,1e-11,0.4455569461827284,0.3451990439942999,0.062130303903559,0.3451990440676274,0.062130303813890106,7.332751073008126e-11,8.966889730732674e-11,8.966889730732674e-11,0.40047432527785104,-1.939078651408848,0.40047432525735693,-1.9390786513896026,2.0494106411916846e-11,1.9245494087272164e-11,2.8114007901510574e-11,6.900180427038549e-11,-24.525000000711792,7.117897382613592e-10,-7.117897382613592e-10,-2.9023027044295987e-11,-24.525000001273092,1.273090077802408e-09,-1.273090077802408e-09,-5.1909891041892265e-11
screenshot_like_simple_start,dop853_strict,DOP853,1e-09,1e-11,0.45056320400500627,0.35053539794746125,0.04455926515162166,0.3505353980914315,0.04455926495559323,1.4397028014201396e-10,1.9602842959987044e-10,1.9602842959987044e-10,0.3879452175109752,-1.9381963916349205,0.38794521745035665,-1.938196391594213,6.061856572259217e-11,4.070743742090599e-11,7.301853170011845e-11,1.3521533892557613e-10,-24.525000000798528,7.985256900155946e-10,-7.985256900155946e-10,-3.255966116271537e-11,-24.525000000400833,4.008313680969877e-10,-4.008313680969877e-10,-1.634378667062131e-11
screenshot_like_simple_start,dop853_strict,DOP853,1e-09,1e-11,0.45556946182728414,0.355635232577985,0.027210985465109777,0.3556352327527362,0.02721098522437501,1.747511579885952e-10,2.4073476545538597e-10,2.4073476545538597e-10,0.37539354624486304,-1.9370553029087705,0.37539354616803355,-1.9370553028544744,7.682948721665639e-11,5.4296123153108056e-11,9.407889824733198e-11,1.638161828410034e-10,-24.525000000979954,9.799521194508998e-10,-9.799521194508998e-10,-3.99572729643588e-11,-24.52500000013581,1.3580958579950675e-10,-1.3580958579950675e-10,-5.537597789990081e-12
screenshot_like_simple_start,dop853_strict,DOP853,1e-09,1e-11,0.46057571964956195,0.3604921817402241,0.010093891407485484,0.36049218179408804,0.010093891334195656,5.386391332962148e-11,7.328982733201261e-11,7.328982733201261e-11,0.3628285419187873,-1.9356723844932662,0.3628285418959029,-1.9356723844750063,2.2884361072783577e-11,1.825983808600995e-11,2.9276537852636055e-11,5.040173833847916e-11,-24.524999999921167,7.883471653258312e-11,7.883471653258312e-11,3.2144634671797396e-12,-24.52499999982746,1.7254109252462513e-10,1.7254109252462513e-10,7.0353146799031645e-12
screenshot_like_simple_start,dop853_strict,DOP853,1e-09,1e-11,0.4655819774718398,0.36510093104451535,-0.006784897662746328,0.36510093109165287,-0.0067848977308246836,4.713751611262751e-11,6.80783554529718e-11,6.80783554529718e-11,0.3502587291396136,-1.934064711811762,0.3502587291155674,-1.93406471179447,2.4046209468053803e-11,1.7291945653141738e-11,2.9618095385299976e-11,4.403055697821401e-11,-24.52499999960974,3.9026204490255623e-10,3.9026204490255623e-10,1.5912825480226554e-11,-24.524999999666015,3.339870602303563e-10,3.339870602303563e-10,1.3618228755570081e-11
screenshot_like_simple_start,dop853_strict,DOP853,1e-09,1e-11,0.47058823529411764,0.3694571423016454,-0.023419460616897446,0.3694571424295984,-0.02341946078993932,1.2795298154344437e-10,1.730418724976701e-10,1.730418724976701e-10,0.3376919377705915,-1.9322492909077893,0.33769193771691625,-1.9322492908575324,5.367523092658644e-11,5.025690974491681e-11,7.353086013457952e-11,1.1931916565899314e-10,-24.525000000678634,6.786322614971141e-10,-6.786322614971141e-10,-2.7671040224143285e-11,-24.524999999233568,7.664340273549897e-10,7.664340273549897e-10,3.125113261386298e-11
screenshot_like_simple_start,dop853_strict,DOP853,1e-09,1e-11,0.4755944931163955,0.3735573738233164,-0.039804961006760814,0.3735573740587549,-0.03980496132681611,2.354385020275629e-10,3.2005529476686334e-10,3.2005529476686334e-10,0.3251353233165849,-1.9302429349305736,0.3251353232159846,-1.9302429348319188,1.0060030586345192e-10,9.865486205740126e-11,1.4090139583192549e-10,2.1920149029241998e-10,-24.52500000069617,6.961684562156734e-10,-6.961684562156734e-10,-2.838607364793775e-11,-24.5249999973731,2.626901363100842e-09,2.626901363100842e-09,1.0711116669116582e-10
screenshot_like_simple_start,dop853_strict,DOP853,1e-09,1e-11,0.4806007509386734,0.3773989991507972,-0.05593753238245888,0.37739899943042743,-0.05593753276470102,2.7963020787780124e-10,3.822421407173593e-10,3.822421407173593e-10,0.31259539450217655,-1.928062161781167,0.31259539438048384,-1.9280621616567517,1.2169271146333926e-10,1.2441536689777877e-10,1.7403533992729307e-10,2.5995156027747157e-10,-24.525000001017755,1.017752992993337e-09,-1.017752992993337e-09,-4.1498592986476535e-11,-24.52499999713664,2.8633628801344457e-09,2.8633628801344457e-09,1.1675281876185304e-10
screenshot_like_simple_start,dop853_strict,DOP853,1e-09,1e-11,0.4856070087609512,0.3809801274987469,-0.07181416681683164,0.38098012760231464,-0.07181416696363223,1.0356776547482127e-10,1.4680058557647868e-10,1.4680058557647868e-10,0.3000780456817146,-1.9257231109821058,0.30007804563143436,-1.9257231109330628,5.028022442843394e-11,4.9042991889791665e-11,7.023756845218844e-11,9.614198326346468e-11,-24.525000000812017,8.120153438540001e-10,-8.120153438540001e-10,-3.310969801647299e-11,-24.525000000257407,2.574047641701327e-10,-2.574047641701327e-10,-1.0495607101738334e-11
screenshot_like_simple_start,dop853_strict,DOP853,1e-09,1e-11,0.49061326658322907,0.38429952634007386,-0.08743260725200619,0.38429952625529473,-0.08743260714288212,8.477912816218236e-11,1.0912407089058718e-10,1.0912407089058718e-10,0.287588592808196,-1.9232414784434426,0.28758859283830773,-1.9232414784847558,3.011174642963965e-11,4.1313175103141475e-11,5.112236017777099e-11,7.85954634707764e-11,-24.52500000035393,3.539284421094635e-10,-3.539284421094635e-10,-1.4431333011598918e-11,-24.525000002749938,2.749935390511382e-09,-2.749935390511382e-09,-1.121278446691695e-10
screenshot_like_simple_start,dop853_strict,DOP853,1e-09,1e-11,0.4956195244055069,0.38735654798907965,-0.10279124606437756,0.38735654804504294,-0.1027912461377514,5.596328955803642e-11,7.337383478578374e-11,7.337383478578374e-11,0.2751318113122933,-1.9206324669068122,0.27513181129112374,-1.9206324668781436,2.116956610009879e-11,2.8668623031080642e-11,3.56376272409466e-11,5.181699513912008e-11,-24.52500000065497,6.54967635682624e-10,-6.54967635682624e-10,-2.6706121740372024e-11,-24.525000000610625,6.106226635438361e-10,-6.106226635438361e-10,-2.489796793247038e-11
screenshot_like_simple_start,dop853_strict,DOP853,1e-09,1e-11,0.5006257822277848,0.39015106124411536,-0.11788903121325277,0.3901510613372815,-0.1178890313368757,9.316614146825941e-11,1.2362293133616475e-10,1.2362293133616475e-10,0.26271197462411927,-1.9179107498979753,0.2627119745875192,-1.9179107498480015,3.660005631900276e-11,4.9973802873637396e-11,6.194307948598732e-11,8.616485303036825e-11,-24.525000000746232,7.462297446636512e-10,-7.462297446636512e-10,-3.04273086509134e-11,-24.524999999906207,9.379519383401203e-11,9.379519383401203e-11,3.8244727353317844e-12
screenshot_like_simple_start,dop853_strict,DOP853,1e-09,1e-11,0.5056320400500626,0.39268338742348213,-0.13272537907153947,0.3926833875201723,-0.13272537920109334,9.669015588187335e-11,1.295538676338026e-10,1.295538676338026e-10,0.25033289283161925,-1.9150904478040902,0.25033289279253546,-1.9150904477499453,3.908379175854293e-11,5.414491077715411e-11,6.677734751613849e-11,8.933065398508688e-11,-24.52500000088542,8.854179611716972e-10,-8.854179611716972e-10,-3.610266916092547e-11,-24.524999999928234,7.176836902544892e-11,7.176836902544892e-11,2.9263351284586714e-12
screenshot_like_simple_start,dop853_strict,DOP853,1e-09,1e-11,0.5106382978723404,0.39495424234089993,-0.14730009587957377,0.39495424246745175,-0.14730009605085245,1.265518245752162e-10,1.7127868567889948e-10,1.7127868567889948e-10,0.23799795029680715,-1.912185113581816,0.2379979502441924,-1.9121851135079848,5.261474589346449e-11,7.383116340520246e-11,9.06606429229329e-11,1.168091734449206e-10,-24.525000001477483,1.4774812484574795e-09,-1.4774812484574795e-09,-6.024388372915308e-11,-24.524999999404887,5.951150683358719e-10,5.951150683358719e-10,2.426565008505084e-11
screenshot_like_simple_start,dop853_strict,DOP853,1e-09,1e-11,0.5156445556946183,0.39696468350247943,-0.16161330684938888,0.3969646836610906,-0.16161330706294216,1.5861117974580452e-10,2.1355328616579072e-10,2.1355328616579072e-10,0.22571014196040676,-1.9092077267512675,0.22571014189591365,-1.909207726655582,6.449310530065588e-11,9.568545955573882e-11,1.1539093466002612e-10,1.4627737909833627e-10,-24.52500000161515,1.615148903510999e-09,-1.615148903510999e-09,-6.585724377211004e-11,-24.524999998534568,1.465433996372667e-09,1.465433996372667e-09,5.975266040255522e-11
screenshot_like_simple_start,dop853_strict,DOP853,1e-09,1e-11,0.5206508135168961,0.3987160624890126,-0.1756653927712244,0.39871606260851167,-0.17566539292971778,1.1949907730013365e-10,1.584933850828918e-10,1.584933850828918e-10,0.21347210797340999,-1.9061706941250054,0.21347210792748136,-1.906170694050913,4.592862201668879e-11,7.40922878605943e-11,8.717284807076708e-11,1.1012563083667715e-10,-24.525000001228356,1.228354307158952e-09,-1.228354307158952e-09,-5.008580253451384e-11,-24.52499999872707,1.2729337584005407e-09,1.2729337584005407e-09,5.1903517162101555e-11
screenshot_like_simple_start,dop853_strict,DOP853,1e-09,1e-11,0.5256570713391739,0.4002099823139826,-0.18945693380713455,0.40020998235765326,-0.1894569338668125,4.3670678184781764e-11,5.967795702055412e-11,5.967795702055412e-11,0.20128616638868596,-1.9030858559194215,0.20128616637029562,-1.903085855891168,1.8390344802554637e-11,2.8253399619870834e-11,3.3711413082767176e-11,4.021977195733939e-11,-24.525000000978356,9.783533982954395e-10,-9.783533982954395e-10,-3.9892085557408334e-11,-24.525000000044816,4.481393034438952e-11,-4.481393034438952e-11,-1.8272754472737824e-12
screenshot_like_simple_start,dop853_strict,DOP853,1e-09,1e-11,0.5306633291614519,0.40144825964623154,-0.2029886602941595,0.40144825968379116,-0.20298866035138724,3.7559622079186283e-11,5.722775031635763e-11,5.722775031635763e-11,0.18915434368195558,-1.899964495953268,0.18915434366047623,-1.8999644959270547,2.1479346079544825e-11,2.6213253789819646e-11,3.3889481882353284e-11,3.4573455209852e-11,-24.525000000770905,7.709033411629207e-10,-7.709033411629207e-10,-3.143336763151562e-11,-24.52500000079688,7.968772308686312e-10,-7.968772308686312e-10,-3.2492445703104224e-11
screenshot_like_simple_start,dop853_strict,DOP853,1e-09,1e-11,0.5356695869837297,0.4024328914122958,-0.21626140982387843,0.40243289148964867,-0.21626140992958248,7.735284635046469e-11,1.05704056618805e-10,1.05704056618805e-10,0.1770784031442836,-1.8968173550122382,0.17707840311221495,-1.8968173549592604,3.206865328841957e-11,5.2977844333668145e-11,6.192778466871907e-11,7.117317846194737e-11,-24.525000000753035,7.530331913585542e-10,-7.530331913585542e-10,-3.070471728271372e-11,-24.525000000106854,1.0685141660360387e-10,-1.0685141660360387e-10,-4.3568365587606055e-12
screenshot_like_simple_start,dop853_strict,DOP853,1e-09,1e-11,0.5406758448060075,0.4031660250194547,-0.22927608950207282,0.4031660250971894,-0.2292760896076795,7.773470755978451e-11,1.0560669005954537e-10,1.0560669005954537e-10,0.1650598713443884,-1.8936546468158522,0.16505987131304753,-1.8936546467613526,3.134087434020216e-11,5.4499516011219384e-11,6.286849489104619e-11,7.150219305529504e-11,-24.525000000725438,7.254357115016319e-10,-7.254357115016319e-10,-2.957943777784432e-11,-24.525000000003416,3.4141578453272814e-12,-3.4141578453272814e-12,-1.3921132906533255e-13
screenshot_like_simple_start,dop853_strict,DOP853,1e-09,1e-11,0.5456821026282854,0.40364993259991133,-0.24203364400044375,0.40364993266456717,-0.2420336440921246,6.465583624049032e-11,9.168085735034026e-11,9.168085735034026e-11,0.15310006230221032,-1.890486075352737,0.15310006227266137,-1.8904860753053678,2.9548946622881544e-11,4.736921965786678e-11,5.5829949109032285e-11,5.94596594183372e-11,-24.525000000588317,5.883151743546478e-10,-5.883151743546478e-10,-2.398838631415485e-11,-24.52499999995211,4.789058039023075e-11,4.789058039023075e-11,1.9527249904273496e-12
screenshot_like_simple_start,dop853_strict,DOP853,1e-09,1e-11,0.5506883604505632,0.403886988244479,-0.25453502790106086,0.40388698830498965,-0.2545350279851623,6.05106520445986e-11,8.410144802795116e-11,8.410144802795116e-11,0.1412000998058538,-1.8873208534551804,0.14120009978010406,-1.8873208534102237,2.5749735677038643e-11,4.4956705025356314e-11,5.180882370961779e-11,5.56419910147099e-11,-24.525000000686017,6.860148005216615e-10,-6.860148005216615e-10,-2.797206118335011e-11,-24.525000000044805,4.480327220335312e-11,-4.480327220335312e-11,-1.826840864560779e-12
screenshot_like_simple_start,dop853_strict,DOP853,1e-09,1e-11,0.5556946182728411,0.4038796482771254,-0.26678118236679993,0.40387964834976015,-0.26678118245505844,7.263473156271516e-11,8.825851161020637e-11,8.825851161020637e-11,0.129360937830736,-1.8841677218742907,0.1293609378123905,-1.8841677218224788,1.834549179235978e-11,5.1811888113206805e-11,5.496388649794518e-11,6.679079511684449e-11,-24.52500000116033,1.16032694563728e-09,-1.16032694563728e-09,-4.7312005938319265e-11,-24.525000000389014,3.8901148968761845e-10,-3.8901148968761845e-10,-1.5861834441900853e-11
screenshot_like_simple_start,dop853_strict,DOP853,1e-09,1e-11,0.5607008760951189,0.4036304340992785,-0.27877301551166955,0.4036304341656141,-0.27877301559002865,6.633560367674818e-11,7.83590969888337e-11,7.83590969888337e-11,0.1175833792099859,-1.8810349685602379,0.11758337919565692,-1.8810349685126213,1.432898244502212e-11,4.7616577347753264e-11,4.9725830070742123e-11,6.100497884631295e-11,-24.52500000123854,1.2385363845623942e-09,-1.2385363845623942e-09,-5.050097388633615e-11,-24.525000000627493,6.274909480907809e-10,-6.274909480907809e-10,-2.558576750624998e-11
screenshot_like_simple_start,dop853_strict,DOP853,1e-09,1e-11,0.5657071339173968,0.4031419171001841,-0.29051138582496727,0.40314191715504927,-0.290511385901993,5.486516796437968e-11,7.702571913625889e-11,7.702571913625889e-11,0.10586809270909914,-1.8779304479848804,0.1058680926857678,-1.8779304479412926,2.3331336862497665e-11,4.3587800035993496e-11,4.9439332436523625e-11,5.04667974077222e-11,-24.525000000787784,7.877822838509019e-10,-7.877822838509019e-10,-3.212160178800823e-11,-24.525000000303553,3.035509621440724e-10,-3.035509621440724e-10,-1.2377205388137507e-11
screenshot_like_simple_start,dop853_strict,DOP853,1e-09,1e-11,0.5707133917396746,0.4024167056279227,-0.30199708854041035,0.4024167057357195,-0.30199708869408043,1.0779682702022342e-10,1.5367007666355903e-10,1.5367007666355903e-10,0.09421562861091004,-1.8748616000942393,0.09421562856338012,-1.8748616000063154,4.752992444068127e-11,8.792389039058435e-11,9.994850783654732e-11,9.918571519662578e-11,-24.52500000077142,7.714184846463468e-10,-7.714184846463468e-10,-3.145437246264411e-11,-24.52499999948798,5.12020648102407e-10,5.12020648102407e-10,2.0877498393574186e-11
screenshot_like_simple_start,dop853_strict,DOP853,1e-09,1e-11,0.5757196495619524,0.40145743395517314,-0.3132308448067672,0.40145743408971496,-0.31323084499976894,1.3454182212768728e-10,1.9300172571234953e-10,1.9300172571234953e-10,0.08262643291162541,-1.8718354685639258,0.08262643285185933,-1.8718354684518816,5.976608097313374e-11,1.1204415173438065e-10,1.2698770165950754e-10,1.2384476777427267e-10,-24.525000000737794,7.377920496765e-10,-7.377920496765e-10,-3.0083264003119264e-11,-24.524999998984107,1.0158949237393244e-09,1.0158949237393244e-09,4.1422830733509655e-11
screenshot_like_simple_start,dop853_strict,DOP853,1e-09,1e-11,0.5807259073842304,0.4002667523828116,-0.32421329266845716,0.40026675247355126,-0.32421329280153693,9.073963802563867e-11,1.3307976942655841e-10,1.3307976942655841e-10,0.07110086031746726,-1.868858718660773,0.07110086027488804,-1.8688587185830206,4.257921792927277e-11,7.775247112817851e-11,8.864782324460504e-11,8.3567319730804e-11,-24.525000000622324,6.223217496881261e-10,-6.223217496881261e-10,-2.537499489044347e-11,-24.524999999523537,4.764650896049716e-10,4.764650896049716e-10,1.942773046299578e-11
screenshot_like_simple_start,dop853_strict,DOP853,1e-09,1e-11,0.5857321652065082,0.3988473187941972,-0.33494498011332907,0.39884731886061014,-0.33494498020922764,6.641293071041332e-11,9.589856686531562e-11,9.589856686531562e-11,0.05963918611349517,-1.8659376542586927,0.059639186084125995,-1.8659376542013772,2.9369173759619116e-11,5.731548569087863e-11,6.440196633103692e-11,6.120015605404205e-11,-24.52500000069109,6.910880756549886e-10,-6.910880756549886e-10,-2.8178922554739596e-11,-24.525000000004816,4.813927034774679e-12,-4.813927034774679e-12,-1.9628652537307557e-13
screenshot_like_simple_start,dop853_strict,DOP853,1e-09,1e-11,0.590738423028786,0.3972017913607517,-0.3454263598106846,0.3972017914399068,-0.34542635991346377,7.915512689748994e-11,1.0277917406043002e-10,1.0277917406043002e-10,0.048241617026765604,-1.8630782340162266,0.04824161700305013,-1.8630782339508056,2.371547402901797e-11,6.542100194906197e-11,6.958686086065527e-11,7.299266746585431e-11,-24.525000000990968,9.909655318551813e-10,-9.909655318551813e-10,-4.040634176779536e-11,-24.525000000169214,1.6921219980758906e-10,-1.6921219980758906e-10,-6.899580012541857e-12
screenshot_like_simple_start,dop853_strict,DOP853,1e-09,1e-11,0.5957446808510638,0.3953328221997668,-0.3556577852773761,0.3953328222856411,-0.3556577853874827,8.587430766482385e-11,1.1010659051180482e-10,1.1010659051180482e-10,0.03690830118769922,-1.860286086697049,0.03690830116373406,-1.8602860866256377,2.3965163187256167e-11,7.141132130072947e-11,7.532533343110959e-11,7.925071709991016e-11,-24.525000001010277,1.010274530699462e-09,-1.010274530699462e-09,-4.119366078285268e-11,-24.525000000070516,7.051426109683234e-11,-7.051426109683234e-11,-2.8751992292286374e-12
screenshot_like_simple_start,dop853_strict,DOP853,1e-09,1e-11,0.6007509386733417,0.3932430517259478,-0.36563950814696244,0.39324305176979574,-0.3656395082088761,4.384792529066317e-11,6.191364088081741e-11,6.191364088081741e-11,0.0256393372952598,-1.85756652569865,0.02563933727793999,-1.8575665256597111,1.731981225105983e-11,3.8938852142678115e-11,4.261701658494304e-11,4.050104696062817e-11,-24.525000000783297,7.832952064745768e-10,-7.832952064745768e-10,-3.1938642465833915e-11,-24.525000000469863,4.698605948760814e-10,-4.698605948760814e-10,-1.915843404183818e-11
screenshot_like_simple_start,dop853_strict,DOP853,1e-09,1e-11,0.6057571964956195,0.39093510378708746,-0.37537167658654785,0.390935103769263,-0.375371676570394,1.7824464126903194e-11,1.615385603059849e-11,1.7824464126903194e-11,0.014434783064035228,-1.8549245626236048,0.014434783062584666,-1.854924562636319,1.4505618928239983e-12,1.2714274078007293e-11,1.279675330447537e-11,1.6479650977174742e-11,-24.525000000761587,7.61584573183427e-10,-7.61584573183427e-10,-3.1053397479446564e-11,-24.525000001532277,1.5322747515256196e-09,-1.5322747515256196e-09,-6.247807345670213e-11
screenshot_like_simple_start,dop853_strict,DOP853,1e-09,1e-11,0.6107634543178974,0.38841158148114757,-0.3848543347200372,0.38841158140686705,-0.3848543346317521,7.428052617441949e-11,8.828510145164614e-11,8.828510145164614e-11,0.0032946630300488833,-1.852364919883338,0.0032946630431286983,-1.8523649199446137,1.3079815008865125e-11,6.127565121971656e-11,6.265610100434343e-11,6.87475076865951e-11,-24.525000000741848,7.418456959840114e-10,-7.418456959840114e-10,-3.024855029496478e-11,-24.525000002503056,2.5030537642578565e-09,-2.5030537642578565e-09,-1.0206131556606957e-10
screenshot_like_simple_start,dop853_strict,DOP853,1e-09,1e-11,0.6157697121401753,0.3856750633022506,-0.39408742265254376,0.3856750632266128,-0.3940874225640297,7.563777382202375e-11,8.851408495047508e-11,8.851408495047508e-11,-0.007781024197764996,-1.849892042541582,-0.0077810241861175355,-1.8498920426040222,1.164746077364498e-11,6.244027517254835e-11,6.351733075387501e-11,7.008177371758961e-11,-24.52500000061782,6.178169087434071e-10,-6.178169087434071e-10,-2.5191311263747485e-11,-24.52500000239419,2.3941879589983728e-09,-2.3941879589983728e-09,-9.762234287455137e-11
screenshot_like_simple_start,dop853_strict,DOP853,1e-09,1e-11,0.6207759699624531,0.3827280997554529,-0.4030707772050486,0.38272809976750677,-0.40307077722848084,1.2053857911809018e-11,2.343225613543609e-11,2.343225613543609e-11,-0.018792299182670502,-1.8475101092505821,-0.018792299193043205,-1.847510109236889,1.0372702696770375e-11,1.369304669651683e-11,1.717825628719568e-11,1.369304669651683e-11,-24.525000000564752,5.64750024523164e-10,-5.64750024523164e-10,-2.3027523935704953e-11,-24.525000000857247,8.572449416988093e-10,-8.572449416988093e-10,-3.4953922189553893e-11
screenshot_like_simple_start,dop853_strict,DOP853,1e-09,1e-11,0.6257822277847309,0.3795732103399477,-0.41180413322362713,0.37957321050029363,-0.41180413343158034,1.6034595873293256e-10,2.0795321020727897e-10,2.0795321020727897e-10,-0.02973919533801328,-1.8452230423233975,-0.029739195379648642,-1.8452230421807496,4.1635361824887696e-11,1.4264789349738294e-10,1.4859988180860044e-10,1.489329770620884e-10,-24.525000000785756,7.857536843403068e-10,-7.857536843403068e-10,-3.2038886211633303e-11,-24.524999998661066,1.3389360731252964e-09,1.3389360731252964e-09,5.459474304282554e-11
screenshot_like_simple_start,dop853_strict,DOP853,1e-09,1e-11,0.6307884856070087,0.3762128808326386,-0.4202871253691296,0.37621288109145734,-0.4202871256981211,2.588187442142953e-10,3.2899150070875294e-10,3.2899150070875294e-10,-0.04062175298638521,-1.843034516971075,-0.0406217530460275,-1.8430345167417488,5.964229110588803e-11,2.2932611365433786e-10,2.369549942334235e-10,2.4071766802080674e-10,-24.52500000109819,1.0981864306813804e-09,-1.0981864306813804e-09,-4.477824386060674e-11,-24.524999997409022,2.59097987509449e-09,2.59097987509449e-09,1.0564647808744098e-10
screenshot_like_simple_start,dop853_strict,DOP853,1e-09,1e-11,0.6357947434292867,0.37264956076843686,-0.4285192902565469,0.37264956095882873,-0.4285192905041864,1.9039186893721194e-10,2.4763952000128597e-10,2.4763952000128597e-10,-0.05144001375182966,-1.8409479697720084,-0.0514400137997536,-1.8409479695997892,4.792394259212074e-11,1.7221912784748383e-10,1.7876278211675065e-10,1.7732454393737385e-10,-24.52500000100309,1.0030873909272486e-09,-1.0030873909272486e-09,-4.090060717338424e-11,-24.52499999831591,1.6840928651618015e-09,1.6840928651618015e-09,6.866841448162288e-11
screenshot_like_simple_start,dop853_strict,DOP853,1e-09,1e-11,0.6408010012515645,0.3688856610219641,-0.4365000688217261,0.36888566108314813,-0.436500068911815,6.118405782018499e-11,9.008888079975463e-11,9.008888079975463e-11,-0.062194015241881284,-1.8389666064441665,-0.06219401526645496,-1.838966606384018,2.4573676427053215e-11,6.01485528051171e-11,6.4974717988549e-11,6.01485528051171e-11,-24.52500000077372,7.737170903965307e-10,-7.737170903965307e-10,-3.154809746774845e-11,-24.52500000001621,1.6207479802687885e-11,-1.6207479802687885e-11,-6.608554455734102e-13
screenshot_like_simple_start,dop853_strict,DOP853,1e-09,1e-11,0.6458072590738423,0.36492355168776835,-0.44422880908816426,0.36492355173278224,-0.44422880915670826,4.501388151112451e-11,6.854400380618131e-11,6.854400380618131e-11,-0.0728837859746016,-1.8370934087672797,-0.07288378599444317,-1.8370934087217576,1.984157282919341e-11,4.5522030589495444e-11,4.965826498506714e-11,4.5522030589495444e-11,-24.525000000729264,7.292619841337e-10,-7.292619841337e-10,-2.9735452971812435e-11,-24.52500000020571,2.057092274299066e-10,-2.057092274299066e-10,-8.387736082768873e-12
screenshot_like_simple_start,dop853_strict,DOP853,1e-09,1e-11,0.6508135168961202,0.3607655600724356,-0.45170476913172614,0.3607655601127574,-0.4517047691913339,4.032180145330244e-11,5.960776316982219e-11,5.960776316982219e-11,-0.08350934052164832,-1.835331140800049,-0.08350934053755155,-1.8353311407597968,1.590322318278936e-11,4.0252245980809676e-11,4.3279970125927973e-11,4.0252245980809676e-11,-24.52500000072918,7.291767190054088e-10,-7.291767190054088e-10,-2.973197631010841e-11,-24.525000000265514,2.6551205678515544e-10,-2.6551205678515544e-10,-1.0826179685429375e-11
screenshot_like_simple_start,dop853_strict,DOP853,1e-09,1e-11,0.655819774718398,0.3564139686990381,-0.45892712012854986,0.35641396873247755,-0.45892712017997045,3.3439473412499865e-11,5.142059000817767e-11,5.142059000817767e-11,-0.09407067484366832,-1.833682354476935,-0.0940706748584304,-1.8336823544424887,1.4762080446928394e-11,3.444622365122996e-11,3.7476143651023375e-11,3.444622365122996e-11,-24.525000000621915,6.219131876150641e-10,-6.219131876150641e-10,-2.5358335886445016e-11,-24.525000000241988,2.419859868041385e-10,-2.419859868041385e-10,-9.866910776927156e-12
screenshot_like_simple_start,dop853_strict,DOP853,1e-09,1e-11,0.6608260325406758,0.35187101342170246,-0.4658949495540103,0.351871013425084,-0.46589494957288746,3.3815172884033018e-12,1.8877177598852768e-11,1.8877177598852768e-11,-0.10456776177746213,-1.8321493945230503,-0.10456776179115307,-1.8321493945134049,1.3690937272770043e-11,9.645395593338435e-12,1.674740038211652e-11,1.3690937272770043e-11,-24.52500000042485,4.248477125656791e-10,-4.248477125656791e-10,-1.7323046383921676e-11,-24.52500000045117,4.511662154982332e-10,-4.511662154982332e-10,-1.8396175963230712e-11
screenshot_like_simple_start,dop853_strict,DOP853,1e-09,1e-11,0.6658322903629537,0.34713888160972234,-0.47260726448448603,0.34713888157171335,-0.4726072644570949,3.8008984848403315e-11,2.7391144907795706e-11,3.8008984848403315e-11,-0.1150005466592825,-1.8307344027261023,-0.11500054667063558,-1.830734402751502,1.135308513866562e-11,2.539968235737433e-11,2.782150977249982e-11,3.574174289866505e-11,-24.52500000037514,3.751381427719025e-10,-3.751381427719025e-10,-1.5296152610475125e-11,-24.525000000951422,9.51420275896453e-10,-9.51420275896453e-10,-3.879389504164946e-11
screenshot_like_simple_start,dop853_strict,DOP853,1e-09,1e-11,0.6708385481852316,0.34221971040630705,-0.479062994993216,0.34221971034722326,-0.4790629949396195,5.908379341335035e-11,5.359646060298928e-11,5.908379341335035e-11,-0.1253689430635483,-1.8294393215727172,-0.12536894307164298,-1.8294393216172498,8.094691583693248e-12,4.4532599829949504e-11,4.5262307491438537e-11,5.5657645159357116e-11,-24.525000000679707,6.797051810281118e-10,-6.797051810281118e-10,-2.7714788217252266e-11,-24.52500000150519,1.5051888624384446e-09,-1.5051888624384446e-09,-6.137365392205686e-11
screenshot_like_simple_start,dop853_strict,DOP853,1e-09,1e-11,0.6758448060075094,0.3371155850354013,-0.4852609975984224,0.3371155849931242,-0.4852609975581338,4.2277070733121036e-11,4.028860578486615e-11,4.2277070733121036e-11,-0.13567282863812735,-1.8282658972835635,-0.13567282864238733,-1.8282658973163395,4.259981256637957e-12,3.277600413298387e-11,3.305168508914912e-11,3.9897418702139475e-11,-24.52500000121474,1.2147367556281097e-09,-1.2147367556281097e-09,-4.9530550688200185e-11,-24.525000001771232,1.7712302735617413e-09,-1.7712302735617413e-09,-7.222141788223206e-11
screenshot_like_simple_start,dop853_strict,DOP853,1e-09,1e-11,0.6808510638297872,0.3318285371300024,-0.49120005872188344,0.33182853712456406,-0.4912000587151797,5.438316463823867e-12,6.70374866729162e-12,6.70374866729162e-12,-0.1459120410198113,-1.8272156822829482,-0.14591204101904182,-1.8272156822878818,7.69495578367696e-13,4.933609076829271e-12,4.993257650882798e-12,5.141609360492794e-12,-24.525000001459087,1.4590852970286505e-09,-1.4590852970286505e-09,-5.94937939665097e-11,-24.52500000153334,1.533337012915581e-09,-1.533337012915581e-09,-6.252138686709809e-11
screenshot_like_simple_start,dop853_strict,DOP853,1e-09,1e-11,0.6858573216520651,0.3263605430554116,-0.496878898116132,0.32636054307821616,-0.49687889813222436,2.2804536037313028e-11,1.6092349675034257e-11,2.2804536037313028e-11,-0.15608637381596985,-1.8262900371392115,-0.15608637380851537,-1.8262900371242292,7.454481476543151e-12,1.4982237672711562e-11,1.673429830514989e-11,2.1600832234014433e-11,-24.52500000101015,1.0101466330070252e-09,-1.0101466330070252e-09,-4.1188445790296645e-11,-24.525000000842866,8.428635567270248e-10,-8.428635567270248e-10,-3.436752524880835e-11
screenshot_like_simple_start,dop853_strict,DOP853,1e-09,1e-11,0.690863579474343,0.32071352222886634,-0.5022961722517684,0.3207135223079173,-0.5022961723197888,7.905093246662886e-11,6.802047813891932e-11,7.905093246662886e-11,-0.1661955726432368,-1.8254901319875128,-0.1661955726278352,-1.8254901319298447,1.5401624420263715e-11,5.766809252349958e-11,5.96893535739982e-11,7.5020212264576e-11,-24.525000000706278,7.062759266318608e-10,-7.062759266318608e-10,-2.879820292076904e-11,-24.52500000001524,1.523758896837535e-11,-1.523758896837535e-11,-6.213084186901262e-13
screenshot_like_simple_start,dop853_strict,DOP853,1e-09,1e-11,0.6958698372966208,0.3148893357141632,-0.5074504779524934,0.31488933583490386,-0.5074504780598911,1.2074063970857196e-10,1.0739764633171944e-10,1.2074063970857196e-10,-0.17623933121038932,-1.824816947216468,-0.1762393311894495,-1.8248169471268831,2.0939805445152615e-11,8.958478403542358e-11,9.199950533972629e-11,1.1480388861784263e-10,-24.525000000536824,5.368221422941133e-10,-5.368221422941133e-10,-2.1888772366732447e-11,-24.524999999475796,5.242064560206927e-10,5.242064560206927e-10,2.1374371295441087e-11
screenshot_like_simple_start,dop853_strict,DOP853,1e-09,1e-11,0.7008760951188986,0.30888978464537364,-0.5123403557860771,0.3088897847594964,-0.512340355897039,1.141227667922351e-10,1.1096190632997605e-10,1.141227667922351e-10,-0.18621728743470056,-1.8242712738045486,-0.1862172874226934,-1.8242712737154596,1.200717303362353e-11,8.908895843262599e-11,8.989446433941045e-11,1.0872153177743371e-10,-24.525000000558308,5.583054019098199e-10,-5.583054019098199e-10,-2.27647462552424e-11,-24.52499999949969,5.003109038170805e-10,5.003109038170805e-10,2.0400036852888094e-11
screenshot_like_simple_start,dop853_strict,DOP853,1e-09,1e-11,0.7058823529411765,0.30271660879503803,-0.5169642935876024,0.30271660884107876,-0.516964293634018,4.6040726786600317e-11,4.641553807971377e-11,4.641553807971377e-11,-0.19612901962617574,-1.8238537130335297,-0.19612901962257856,-1.8238537129968637,3.5971781109367384e-12,3.6666003566665495e-11,3.6842034524609645e-11,4.394729025136712e-11,-24.525000000360954,3.609521570524521e-10,-3.609521570524521e-10,-1.4717723019467973e-11,-24.524999999935286,6.471623237302992e-11,6.471623237302992e-11,2.6387862333549408e-12
screenshot_like_simple_start,dop853_strict,DOP853,1e-09,1e-11,0.7108886107634543,0.2963714851546779,-0.521320729855177,0.2963714851396082,-0.5213207298161947,1.5069723247052025e-11,3.898226186294096e-11,3.898226186294096e-11,-0.20597404263950492,-1.8235646757547317,-0.20597404262011365,-1.823564675778547,1.9391266370405447e-11,2.3815394101234233e-11,3.0711467038308663e-11,2.3815394101234233e-11,-24.524999999723857,2.7614532882580534e-10,2.7614532882580534e-10,1.1259748372102153e-11,-24.52500000014972,1.497184598520107e-10,-1.497184598520107e-10,-6.1047282304591515e-12
screenshot_like_simple_start,dop853_strict,DOP853,1e-09,1e-11,0.7158948685857321,0.28985602660353044,-0.5254080571825792,0.28985602653782383,-0.5254080570575784,6.57066068221468e-11,1.250007874986636e-10,1.250007874986636e-10,-0.21575180406872996,-1.8234043811134564,-0.21575180402355504,-1.823404381194932,4.517491936084639e-11,8.147571506356144e-11,9.316150215822857e-11,8.147571506356144e-11,-24.524999999000386,9.996163896630605e-10,9.996163896630605e-10,4.075907806984956e-11,-24.525000000302587,3.0258462402343866e-10,-3.0258462402343866e-10,-1.2337803222158557e-11
screenshot_like_simple_start,dop853_strict,DOP853,1e-09,1e-11,0.7209011264080101,0.2831717807021132,-0.5292246257634907,0.2831717806298259,-0.5292246256290576,7.228728726715872e-11,1.3443313129357648e-10,1.3443313129357648e-10,-0.22546168048208354,-1.8233728547118817,-0.2254616804354494,-1.8233728547999495,4.663414099326246e-11,8.806777529457577e-11,9.965277794178832e-11,8.806777529457577e-11,-24.524999998905507,1.0944951611691067e-09,1.0944951611691067e-09,4.462773338100333e-11,-24.525000000269106,2.6910385031442274e-10,-2.6910385031442274e-10,-1.0972634059711426e-11
screenshot_like_simple_start,dop853_strict,DOP853,1e-09,1e-11,0.7259073842302879,0.27632022861576144,-0.5327687469578372,0.27632022859298355,-0.5327687469171928,2.2777890684722024e-11,4.064437675310728e-11,4.064437675310728e-11,-0.23510297368663924,-1.8234699262230594,-0.23510297367354183,-1.8234699262499177,1.3097412043805434e-11,2.6858293367126862e-11,2.988160177834968e-11,2.6858293367126862e-11,-24.52499999996886,3.114308810836519e-11,3.114308810836519e-11,1.2698506873951147e-12,-24.525000000339098,3.390958625004714e-10,-3.390958625004714e-10,-1.3826538736002911e-11
screenshot_like_simple_start,dop853_strict,DOP853,1e-09,1e-11,0.7309136420525657,0.26930278417328,-0.5360386969107549,0.2693027842330321,-0.5360386970292884,5.975209216302346e-11,1.1853351633561715e-10,1.1853351633561715e-10,-0.24467490701356936,-1.8236952264699184,-0.24467490705787875,-1.8236952263934816,4.4309389490848616e-11,7.64368568439977e-11,8.835108987013982e-11,7.64368568439977e-11,-24.52500000198409,1.9840875609133946e-09,-1.9840875609133946e-09,-8.090061410452168e-11,-24.52500000074441,7.444072025464266e-10,-7.444072025464266e-10,-3.0352995006989864e-11
screenshot_like_simple_start,dop853_strict,DOP853,1e-09,1e-11,0.7359198998748435,0.26212079306585434,-0.5390327202147037,0.26212079318904946,-0.5390327204601153,1.2319512077141326e-10,2.4541157994661944e-10,2.4541157994661944e-10,-0.2541766216159593,-1.8240481839844218,-0.2541766217075857,-1.8240481838265272,9.162642866655801e-11,1.5789458629456021e-10,1.8255438316106839e-10,1.5789458629456021e-10,-24.52500000381737,3.8173695315890654e-09,-3.8173695315890654e-09,-1.556521725418579e-10,-24.525000001363946,1.3639436247103731e-09,-1.3639436247103731e-09,-5.561441894843519e-11
screenshot_like_simple_start,dop853_strict,DOP853,1e-09,1e-11,0.7409261576971214,0.25477553219136306,-0.5417490336052436,0.2547755322944537,-0.5417490338214059,1.0309064712998861e-10,2.1616231027365984e-10,2.1616231027365984e-10,-0.2636071727722636,-1.8245280210632748,-0.26360717285771035,-1.824528020925832,8.54467607780407e-11,1.3744272386873035e-10,1.6183834920041594e-10,1.3744272386873035e-10,-24.525000003931034,3.93103150031493e-09,-3.93103150031493e-09,-1.602867074542275e-10,-24.525000001842976,1.8429737735914387e-09,-1.8429737735914387e-09,-7.514673898436038e-11
screenshot_like_simple_start,dop853_strict,DOP853,1e-09,1e-11,0.7459324155193993,0.24726820914923603,-0.5441858296809962,0.2472682091398975,-0.5441858296903176,9.338529949332042e-12,9.321432514752814e-12,9.338529949332042e-12,-0.27296552618961245,-1.82513374933784,-0.27296552620664183,-1.8251337493352997,1.702937790781789e-11,2.540190280342358e-12,1.7217789596449996e-11,1.702937790781789e-11,-24.525000001927243,1.9272405893389077e-09,-1.9272405893389077e-09,-7.858269477426739e-11,-24.525000001864775,1.8647732247245585e-09,-1.8647732247245585e-09,-7.60356054933561e-11
screenshot_like_simple_start,dop853_strict,DOP853,1e-09,1e-11,0.7509386733416771,0.2395999619188195,-0.5463412806878881,0.23959996188393273,-0.5463412806330575,3.488676014740122e-11,5.4830584517162606e-11,5.4830584517162606e-11,-0.2822505543176065,-1.8258641648448335,-0.2822505543046476,-1.825864164881601,1.2958856210332215e-11,3.6767477951116234e-11,3.8984348002318626e-11,3.6767477951116234e-11,-24.525000000859315,8.593126210598712e-10,-8.593126210598712e-10,-3.50382312358765e-11,-24.52500000137292,1.3729177794630232e-09,-1.3729177794630232e-09,-5.5980337592783816e-11
screenshot_like_simple_start,dop853_strict,DOP853,1e-09,1e-11,0.755944931163955,0.23177185933614097,-0.5482135434402332,0.23177185935732214,-0.5482135434598631,2.1181167930706124e-11,1.9629853298397393e-11,2.1181167930706124e-11,-0.2914610329983103,-1.8267178419149845,-0.2914610329944487,-1.8267178418998888,3.8615777242512195e-12,1.5095702465828253e-11,1.5581784732733487e-11,2.0614815410269216e-11,-24.525000000832126,8.321237032760109e-10,-8.321237032760109e-10,-3.392961073500554e-11,-24.52500000062024,6.202363067586703e-10,-6.202363067586703e-10,-2.5289961539599192e-11
screenshot_like_simple_start,dop853_strict,DOP853,1e-09,1e-11,0.7609511889862328,0.2237849014389109,-0.549800763684985,0.2237849015068722,-0.5498007637675327,6.79613032517068e-11,8.254774641613949e-11,8.254774641613949e-11,-0.3005956379114181,-1.8276931270131511,-0.300595637915534,-1.8276931269549366,4.115929819192843e-12,5.821454429622008e-11,5.835986673985035e-11,6.626663107134334e-11,-24.525000000810802,8.108003157758503e-10,-8.108003157758503e-10,-3.306015558719063e-11,-24.525000000012927,1.2924772363476222e-11,-1.2924772363476222e-11,-5.270039699684494e-13
screenshot_like_simple_start,dop853_strict,DOP853,1e-09,1e-11,0.7659574468085106,0.21564002015456935,-0.5511010807415182,0.21564002022465967,-0.5511010808257009,7.009032243487923e-11,8.41826608422025e-11,8.41826608422025e-11,-0.3096529410818485,-1.828788132007694,-0.3096529410851008,-1.8287881319486163,3.2522873283369336e-12,5.907763167556368e-11,5.916708491433076e-11,6.846700983942355e-11,-24.525000000640308,6.403055863302143e-10,-6.403055863302143e-10,-2.6108280788184068e-11,-24.52499999982182,1.7818280184656032e-10,1.7818280184656032e-10,7.265353795986149e-12
screenshot_like_simple_start,dop853_strict,DOP853,1e-09,1e-11,0.7709637046307886,0.20733808056961842,-0.5521126328170072,0.20733808060853084,-0.5521126328630512,3.8912428834692037e-11,4.604405745567419e-11,4.604405745567419e-11,-0.3186314075690148,-1.8300007266432472,-0.3186314075701385,-1.8300007266110874,1.1237122343743522e-12,3.215983035431691e-11,3.21794564529006e-11,3.807901216568155e-11,-24.525000000519963,5.199609631745261e-10,-5.199609631745261e-10,-2.120126251476151e-11,-24.52499999994352,5.6481042065570364e-11,5.6481042065570364e-11,2.302998657107864e-12
screenshot_like_simple_start,dop853_strict,DOP853,1e-09,1e-11,0.7759699624530664,0.19887988266196982,-0.5528335627551338,0.1988798826976272,-0.5528335628074816,3.5657393704369156e-11,5.234779276719337e-11,5.234779276719337e-11,-0.32752939225790334,-1.8313285304165194,-0.3275293922674989,-1.8313285303819868,9.595546579532765e-12,3.4532599002545794e-11,3.584096689586666e-11,3.4954539263054585e-11,-24.5250000007619,7.618972119871614e-10,-7.618972119871614e-10,-3.1066145239027984e-11,-24.52500000000954,9.539036227579345e-12,-9.539036227579345e-12,-3.889515281377918e-13
screenshot_like_simple_start,dop853_strict,DOP853,1e-09,1e-11,0.7809762202753442,0.19026616360731116,-0.5532620243829529,0.19026616367072094,-0.5532620244886928,6.340977742880227e-11,1.0573986131134916e-10,1.0573986131134916e-10,-0.3363451367999243,-1.8327689037981214,-0.33634513682762385,-1.832768903730567,2.7699564864036574e-11,6.755440651318168e-11,7.301276417863641e-11,6.755440651318168e-11,-24.525000001277434,1.2774314939179021e-09,-1.2774314939179021e-09,-5.208691106698887e-11,-24.52499999998639,1.3610446103484719e-11,1.3610446103484719e-11,5.549621245049834e-13
screenshot_like_simple_start,dop853_strict,DOP853,1e-09,1e-11,0.785982478097622,0.18149760069639773,-0.5533961894883386,0.1814976007755075,-0.5533961896215537,7.9109774286934e-11,1.3321510561326022e-10,1.3321510561326022e-10,-0.3450767667138014,-1.8343189388397902,-0.3450767667493231,-1.8343189387554957,3.5521696695184346e-11,8.429457132308471e-11,9.147330589110293e-11,8.429457132308471e-11,-24.52500000145862,1.4586163388230489e-09,-1.4586163388230489e-09,-5.947467232713756e-11,-24.524999999951003,4.899902705801651e-11,4.899902705801651e-11,1.997921592579674e-12
screenshot_like_simple_start,dop853_strict,DOP853,1e-09,1e-11,0.7909887359198999,0.17257481490016974,-0.5532342554604434,0.1725748149381538,-0.5532342555249146,3.798406034150048e-11,6.447120615149515e-11,6.447120615149515e-11,-0.35372228866090616,-1.835975449216734,-0.3537222886783403,-1.8359754491763356,1.743416522259622e-11,4.0398351330850346e-11,4.399973758171293e-11,4.0398351330850346e-11,-24.525000000974096,9.740936945945577e-10,-9.740936945945577e-10,-3.971839733311142e-11,-24.525000000001807,1.8047785488306545e-12,-1.8047785488306545e-12,-7.358933940186154e-14
screenshot_like_simple_start,dop853_strict,DOP853,1e-09,1e-11,0.7959949937421777,0.16349837519317909,-0.5527744537540771,0.16349837519731153,-0.5527744537704075,4.132444386684142e-12,1.633038149151389e-11,1.633038149151389e-11,-0.36227958795068915,-1.8377349596864971,-0.3622795879605101,-1.8377349596772503,9.820921853531672e-12,9.246825527498004e-12,1.3489043271824904e-11,9.820921853531672e-12,-24.525000000841587,8.415845798026567e-10,-8.415845798026567e-10,-3.4315375323247976e-11,-24.52500000012986,1.298587903875159e-10,-1.298587903875159e-10,-5.294955775230006e-12
screenshot_like_simple_start,dop853_strict,DOP853,1e-09,1e-11,0.8010012515644556,0.15426880403572538,-0.5520150598446707,0.15426880402015594,-0.5520150598349879,1.5569434630435808e-11,9.682810109268303e-12,1.5569434630435808e-11,-0.37074642648044887,-1.839593694653828,-0.3707464264875888,-1.839593694661298,7.139955293666844e-12,7.470024598887903e-12,1.0333451945190028e-11,1.5384526985684488e-11,-24.525000000842986,8.429843489921041e-10,-8.429843489921041e-10,-3.4372450519555715e-11,-24.52500000025976,2.597566606254986e-10,-2.597566606254986e-10,-1.059150502040769e-11
screenshot_like_simple_start,dop853_strict,DOP853,1e-09,1e-11,0.8060075093867335,0.14488658362966902,-0.5509544039379647,0.14488658360577672,-0.5509544039089602,2.389230480126514e-11,2.9004465496029752e-11,2.9004465496029752e-11,-0.3791204409005702,-1.841547566424089,-0.37912044089949953,-1.8415475664427223,1.0706435737972697e-12,1.8633317111493852e-11,1.8664050585004397e-11,2.3641949509212168e-11,-24.525000000760883,7.608811358750245e-10,-7.608811358750245e-10,-3.1024715020388355e-11,-24.52500000032368,3.2367708513447724e-10,-3.2367708513447724e-10,-1.3197842411191731e-11
screenshot_like_simple_start,dop853_strict,DOP853,1e-09,1e-11,0.8110137672090113,0.13535216335154712,-0.5495908831127346,0.13535216332402078,-0.5495908830599541,2.7526342316619434e-11,5.2780557702192255e-11,5.2780557702192255e-11,-0.38739914123068897,-1.8435921628645244,-0.3873991412129556,-1.843592162895808,1.77333703277327e-11,3.1283642343282736e-11,3.596023778345943e-11,3.1283642343282736e-11,-24.525000000541322,5.413198778114747e-10,-5.413198778114747e-10,-2.2072166271619764e-11,-24.525000000282162,2.821600730840146e-10,-2.821600730840146e-10,-1.1504997883140247e-11
screenshot_like_simple_start,dop853_strict,DOP853,1e-09,1e-11,0.8160200250312891,0.12566596844425892,-0.5479229749890517,0.12566596843788802,-0.5479229749533192,6.370903804508998e-12,3.5732528047560663e-11,3.5732528047560663e-11,-0.39557990997876935,-1.8457227345880467,-0.39557990995458836,-1.845722734607459,2.4180990543243297e-11,1.9412249585570862e-11,3.1008962214574645e-11,2.4180990543243297e-11,-24.525000000585496,5.854943196936802e-10,-5.854943196936802e-10,-2.3873366756113356e-11,-24.525000000138604,1.3860201875104394e-10,-1.3860201875104394e-10,-5.651458460796898e-12
screenshot_like_simple_start,dop853_strict,DOP853,1e-09,1e-11,0.8210262828535669,0.11582841020525406,-0.5459492532700501,0.1158284102575856,-0.5459492533294065,5.233154187767042e-11,5.935640867704706e-11,5.935640867704706e-11,-0.4036600018876828,-1.847934181649142,-0.4036600018864299,-1.8479341816122745,1.2528866832894892e-12,3.68673980233325e-11,3.688868067648917e-11,5.198089181313037e-11,-24.525000001254252,1.2542500371637288e-09,-1.2542500371637288e-09,-5.114169366620708e-11,-24.524999999999388,6.146194664324867e-13,6.146194664324867e-13,2.5060936449846547e-14
screenshot_like_simple_start,dop853_strict,DOP853,1e-09,1e-11,0.8260325406758449,0.10583989776288565,-0.5436684052638013,0.10583989787434019,-0.543668405438203,1.1145454004157784e-10,1.7440171529159443e-10,1.7440171529159443e-10,-0.4116365443844358,-1.8502210399256165,-0.4116365444228608,-1.8502210398236278,3.842498541573036e-11,1.0198863975574568e-10,1.0898698153186169e-10,1.1083085837970685e-10,-24.525000002110243,2.1102408709339215e-09,-2.1102408709339215e-09,-8.604447995653094e-11,-24.525000000065845,6.584244260920968e-11,-6.584244260920968e-11,-2.684707140028937e-12
screenshot_like_simple_start,dop853_strict,DOP853,1e-09,1e-11,0.8310387984981227,0.0957008515218453,-0.5410792514734464,0.09570085163496439,-0.5410792516576657,1.1311908354461053e-10,1.8421930647605222e-10,1.8421930647605222e-10,-0.4195065388149357,-1.8525774674031799,-0.41950653886023836,-1.8525774672974862,4.530265051982951e-11,1.0569367603352475e-10,1.1499340545266712e-10,1.1260146981495467e-10,-24.525000001887935,1.887933365196659e-09,-1.887933365196659e-09,-7.697995372871188e-11,-24.524999999774437,2.255653441807226e-10,2.255653441807226e-10,9.197363677093683e-12
screenshot_like_simple_start,dop853_strict,DOP853,1e-09,1e-11,0.8360450563204005,0.08541171835876449,-0.5381807673440285,0.08541171844190762,-0.5381807674758714,8.314313126867034e-11,1.3184286995482353e-10,1.3184286995482353e-10,-0.42726686256073354,-1.854997230613033,-0.42726686259109936,-1.8549972305383609,3.036582096882512e-11,7.467204632405355e-11,8.06101580778275e-11,8.284004038294768e-11,-24.525000000823646,8.236433757247141e-10,-8.236433757247141e-10,-3.3583827756359393e-11,-24.524999998953486,1.046515762936906e-09,1.046515762936906e-09,4.267138686796762e-11
screenshot_like_simple_start,dop853_strict,DOP853,1e-09,1e-11,0.8410513141426784,0.07497298909371265,-0.534972107987202,0.0749729891804565,-0.534972108122394,8.674384821549808e-11,1.3519207975321024e-10,1.3519207975321024e-10,-0.4349142723350675,-1.8574736911006609,-0.43491427236487074,-1.8574736910252403,2.980321545109632e-11,7.542055868725583e-11,8.109557524256343e-11,8.650016813938066e-11,-24.525000001083978,1.0839755759661784e-09,-1.0839755759661784e-09,-4.419880024326925e-11,-24.52499999915282,8.471836565604463e-10,8.471836565604463e-10,3.454367610847895e-11
screenshot_like_simple_start,dop853_strict,DOP853,1e-09,1e-11,0.8460575719649562,0.06438521861651753,-0.5314526364349984,0.06438521877608519,-0.5314526366894184,1.595676646370947e-10,2.544200405907304e-10,2.544200405907304e-10,-0.44244540889140715,-1.859999792041957,-0.4424454089514985,-1.859999791902754,6.009132080819768e-11,1.39203093496576e-10,1.516194844849771e-10,1.5923704022036134e-10,-24.525000001047427,1.0474252576386789e-09,-1.0474252576386789e-09,-4.2708471259477217e-11,-24.52499999709454,2.9054625372282317e-09,2.9054625372282317e-09,1.1846942047821535e-10
screenshot_like_simple_start,dop853_strict,DOP853,1e-09,1e-11,0.851063829787234,0.05364904785652497,-0.5276219540709439,0.05364904817355877,-0.5276219545779706,3.1703380198866427e-10,5.070266428930381e-10,5.070266428930381e-10,-0.44985680294653607,-1.8625680462276457,-0.4498568030680329,-1.8625680459553675,1.2149681261064416e-10,2.72278199986431e-10,2.9815582111103733e-10,3.16577666858997e-10,-24.525000001879715,1.8797123857439146e-09,-1.8797123857439146e-09,-7.664474559608214e-11,-24.524999992902554,7.097447962678416e-09,7.097447962678416e-09,2.893964510776112e-10
screenshot_like_simple_start,dop853_strict,DOP853,1e-09,1e-11,0.8560700876095119,0.042765228832579424,-0.5234799351662084,0.042765229258457084,-0.5234799358387193,4.2587765952672996e-10,6.725109358285408e-10,6.725109358285408e-10,-0.45714488291536715,-1.8651705248422727,-0.4571448830723304,-1.8651705244878793,1.569632757103534e-10,3.543934035121765e-10,3.875979287543585e-10,4.254882834953122e-10,-24.52500000288125,2.8812472407935275e-09,-2.8812472407935275e-09,-1.1748204855427226e-10,-24.524999990430672,9.569330217118477e-09,9.569330217118477e-09,3.90186757069051e-10
screenshot_like_simple_start,dop853_strict,DOP853,1e-09,1e-11,0.8610763454317898,0.03173465250980357,-0.5190267650615549,0.03173465282939099,-0.5190267655473527,3.195874190287107e-10,4.857978463945756e-10,4.857978463945756e-10,-0.46430598453299343,-1.8677988478915792,-0.4643059846353863,-1.8677988476404659,1.023928719590117e-10,2.5111335233418686e-10,2.7118668099397514e-10,3.194265060790791e-10,-24.525000002899468,2.8994655565384164e-09,-2.8994655565384164e-09,-1.1822489527169892e-10,-24.524999992996683,7.003318813758597e-09,7.003318813758597e-09,2.85558361417272e-10
screenshot_like_simple_start,dop853_strict,DOP853,1e-09,1e-11,0.8660826032540676,0.02055837964008468,-0.5142629822481543,0.020558379617423933,-0.5142629821675853,2.2660748277836262e-11,8.056899591935007e-11,8.056899591935007e-11,-0.4713363626227419,-1.8704441767790727,-0.4713363625752501,-1.8704441768191697,4.749184379093663e-11,4.009703680196708e-11,6.215502865385092e-11,4.749184379093663e-11,-24.525000002568863,2.5688606797302782e-09,-2.5688606797302782e-09,-1.0474457409705516e-10,-24.524999999681622,3.183799890393857e-10,3.183799890393857e-10,1.298185480282918e-11
screenshot_like_simple_start,dop853_strict,DOP853,1e-09,1e-11,0.8710888610763454,0.009237674727243864,-0.5091895245192952,0.00923767434920486,-0.5091895238548558,3.7803900287958214e-10,6.64439392394911e-10,6.64439392394911e-10,-0.478232205255832,-1.8730972096374576,-0.4782322050537064,-1.873097209964844,2.021255940398703e-10,3.273863402597499e-10,3.847552099122807e-10,3.7802287168597903e-10,-24.52500000274698,2.74697953273062e-09,-2.74697953273062e-09,-1.120073203967633e-10,-24.5250000054323,5.432298166851979e-09,-5.432298166851979e-09,-2.2150043493789922e-10
screenshot_like_simple_start,dop853_strict,DOP853,1e-09,1e-11,0.8760951188986233,-0.0022259567421275828,-0.5038077793650261,-0.0022259571496730385,-0.5038077786537735,4.0754545571619616e-10,7.112526123620455e-10,7.112526123620455e-10,-0.4849896505679304,-1.8757481800805114,-0.48498965035259495,-1.875748180422971,2.1533547167607026e-10,3.424596162204807e-10,4.045342434254912e-10,4.0754444610713314e-10,-24.52500000162412,1.6241195055499702e-09,-1.6241195055499702e-09,-6.622301755555433e-11,-24.525000005530195,5.5301931922713266e-09,-5.5301931922713266e-09,-2.2549207715683287e-10
screenshot_like_simple_start,dop853_strict,DOP853,1e-09,1e-11,0.8811013767209012,-0.013830727692520216,-0.49811963874493065,-0.013830727814579849,-0.4981196385423719,1.2205963323408398e-10,2.025587475529278e-10,2.025587475529278e-10,-0.4916048065152619,-1.8783868601174727,-0.49160480645936555,-1.878386860212562,5.5896343109651525e-11,9.508926979151511e-11,1.103012710829546e-10,1.2204796027981413e-10,-24.52500000058072,5.807194725093723e-10,-5.807194725093723e-10,-2.3678673700687962e-11,-24.52500000159474,1.59473856342629e-09,-1.59473856342629e-09,-6.502501787670907e-11
screenshot_like_simple_start,dop853_strict,DOP853,1e-09,1e-11,0.886107634543179,-0.02557452592418466,-0.49212755770972555,-0.025574525965702713,-0.4921275576512198,4.151805288454824e-11,5.850575579557926e-11,5.850575579557926e-11,-0.49807377383850043,-1.8810025683249059,-0.49807377382844203,-1.8810025683514882,1.0058398558498993e-11,2.6582291923205048e-11,2.8421640090820005e-11,4.1504476938625245e-11,-24.525000000572387,5.723848062189063e-10,-5.723848062189063e-10,-2.333883001911952e-11,-24.525000000744573,7.445706273756514e-10,-7.445706273756514e-10,-3.0359658608589245e-11
screenshot_like_simple_start,dop853_strict,DOP853,1e-09,1e-11,0.8911138923654568,-0.03745486759166769,-0.48583461679431705,-0.03745486761210254,-0.4858346167656252,2.0434848257977478e-11,2.8691826692295308e-11,2.8691826692295308e-11,-0.504392672395043,-1.8835841841460539,-0.5043926723900918,-1.8835841841586864,4.951261622920811e-12,1.2632561663394881e-11,1.3568220437407497e-11,2.042051944206591e-11,-24.52500000092484,9.248388721516676e-10,-9.248388721516676e-10,-3.7710045755419675e-11,-24.52500000075792,7.579181726669049e-10,-7.579181726669049e-10,-3.090390102617349e-11
screenshot_like_simple_start,dop853_strict,DOP853,1e-09,1e-11,0.8961201501877347,-0.04946884783752082,-0.47924458801796704,-0.049468847813104164,-0.4792445880554244,2.4416656196901698e-11,3.7457370538618306e-11,3.7457370538618306e-11,-0.5105576711409445,-1.886120169240303,-0.5105576711497953,-1.8861201692242382,8.85080897461421e-12,1.606470512172109e-11,1.8341525840370078e-11,2.4386784258645378e-11,-24.525000001158237,1.1582343972804665e-09,-1.1582343972804665e-09,-4.7226682865666314e-11,-24.525000000577787,5.777849310106831e-10,-5.777849310106831e-10,-2.355901859370777e-11
screenshot_like_simple_start,dop853_strict,DOP853,1e-09,1e-11,0.9011264080100125,-0.06161308943041457,-0.47236200330788247,-0.061613089425779144,-0.4723620033203129,4.635423989096665e-12,1.2430445561761871e-11,1.2430445561761871e-11,-0.5165650218343053,-1.8885985972154462,-0.5165650218407479,-1.888598597210076,6.4426242118997834e-12,5.370148770111882e-12,8.387246541558885e-12,6.4426242118997834e-12,-24.525000000517895,5.178932838134642e-10,-5.178932838134642e-10,-2.1116953468438907e-11,-24.525000000308985,3.0898306135895837e-10,-3.0898306135895837e-10,-1.2598697710864764e-11
screenshot_like_simple_start,dop853_strict,DOP853,1e-09,1e-11,0.9061326658322904,-0.07388369020239023,-0.46519222418560136,-0.07388369027338094,-0.46519222408580596,7.099071330785023e-11,9.979539417059868e-11,9.979539417059868e-11,-0.5224110964519375,-1.8910071929250756,-0.5224110964335439,-1.891007192964603,1.839361996047728e-11,3.9527492390334373e-11,4.359756770644906e-11,7.079703490120437e-11,-24.525000000127402,1.2740031252178596e-10,-1.2740031252178596e-10,-5.19471202943062e-12,-24.525000000737425,7.374225674539048e-10,-7.374225674539048e-10,-3.006819846906849e-11
screenshot_like_simple_start,dop853_strict,DOP853,1e-09,1e-11,0.9111389236545683,-0.08627616958072164,-0.4577415123089365,-0.08627616965851512,-0.45774151218720344,7.77934799911506e-11,1.217330680702844e-10,1.217330680702844e-10,-0.5280924284302343,-1.8933333820588665,-0.5280924283985374,-1.89333338210596,3.169686735304822e-11,4.709344025854989e-11,5.676692272250048e-11,7.750412811535767e-11,-24.52500000056482,5.648175260830612e-10,-5.648175260830612e-10,-2.3030276292887308e-11,-24.525000001893194,1.8931913814412837e-09,-1.8931913814412837e-09,-7.719434786712676e-11
screenshot_like_simple_start,dop853_strict,DOP853,1e-09,1e-11,0.9161451814768461,-0.09878541557567141,-0.4500170989358416,-0.09878541567619926,-0.4500170987798029,1.0052784993330732e-10,1.5603868197544557e-10,1.5603868197544557e-10,-0.5336057574796675,-1.8955643522117764,-0.5336057574392019,-1.8955643522697356,4.046563084614263e-11,5.79591930005563e-11,7.068758966786196e-11,1.0003774197908655e-10,-24.52500000054573,5.457287954868661e-10,-5.457287954868661e-10,-2.225193865389872e-11,-24.525000001960983,1.960980711146476e-09,-1.960980711146476e-09,-7.995843878273093e-11
screenshot_like_simple_start,dop853_strict,DOP853,1e-09,1e-11,0.9211514392991239,-0.11140563483273362,-0.44202724961161166,-0.11140563488085697,-0.4420272495420018,4.8123352525131224e-11,6.960987342097269e-11,6.960987342097269e-11,-0.5389480772575252,-1.897687126919723,-0.5389480772424309,-1.89768712694415,1.5094370198198703e-11,2.442690494319777e-11,2.871434653242676e-11,4.782502172062664e-11,-24.52500000052831,5.283062876060285e-10,-5.283062876060285e-10,-2.1541540779042954e-11,-24.52500000057688,5.768789890225889e-10,-5.768789890225889e-10,-2.3522079063102502e-11
screenshot_like_simple_start,dop853_strict,DOP853,1e-09,1e-11,0.9261576971214017,-0.12413030545871023,-0.4337813245311651,-0.12413030552007025,-0.43378132444020495,6.136001429180027e-11,9.096012831832923e-11,9.096012831832923e-11,-0.5441166858821711,-1.89968865217988,-0.5441166858605233,-1.8996886522105139,2.1647794667956077e-11,3.0633939829272094e-11,3.751086887089462e-11,6.088789195057842e-11,-24.52500000055961,5.596092478299397e-10,-5.596092478299397e-10,-2.2817910207133115e-11,-24.525000000953817,9.538148049159645e-10,-9.538148049159645e-10,-3.889153129117082e-11
screenshot_like_simple_start,dop853_strict,DOP853,1e-09,1e-11,0.9311639549436797,-0.1369521359861713,-0.4252898298120413,-0.13695213608767487,-0.4252898296626616,1.0150358331628695e-10,1.4937967529604634e-10,1.4937967529604634e-10,-0.5491092380822125,-1.9015558965386292,-0.5491092380466929,-1.9015558965864034,3.551958727143756e-11,4.7774229017250036e-11,5.953165576502911e-11,1.0055317689605658e-10,-24.52499999995005,4.995115432393504e-11,4.995115432393504e-11,2.036744314941286e-12,-24.525000001206273,1.206270638931528e-09,-1.206270638931528e-09,-4.9185347153171376e-11
screenshot_like_simple_start,dop853_strict,DOP853,1e-09,1e-11,0.9361702127659575,-0.14986303223935793,-0.4165644572226705,-0.14986303242515003,-0.41656445694581307,1.8579210392388745e-10,2.768574258737999e-10,2.768574258737999e-10,-0.5539237980418525,-1.903275964335371,-0.5539237979723804,-1.903275964419654,6.947209474361671e-11,8.428302500362861e-11,1.092245405201063e-10,1.8370965859659805e-10,-24.5249999998087,1.9130297346237057e-10,1.9130297346237057e-10,7.80032511569299e-12,-24.525000002988286,2.988283398508429e-09,-2.988283398508429e-09,-1.2184641788005825e-10
screenshot_like_simple_start,dop853_strict,DOP853,1e-09,1e-11,0.9411764705882353,-0.16285407399071708,-0.407618109732958,-0.1628540741729748,-0.407618109460572,1.8225770892499327e-10,2.723860026421221e-10,2.723860026421221e-10,-0.5585588917732517,-1.9048362211999041,-0.5585588917030291,-1.9048362212783339,7.022260550826331e-11,7.842970717319986e-11,1.0527313660969283e-10,1.7984619349320496e-10,-24.525000000563587,5.635847344365175e-10,-5.635847344365175e-10,-2.298000955908328e-11,-24.52500000382864,3.828638739378221e-09,-3.828638739378221e-09,-1.5611167133040655e-10
screenshot_like_simple_start,dop853_strict,DOP853,1e-09,1e-11,0.9461827284105132,-0.17591550415955448,-0.39846490903904386,-0.17591550417222268,-0.3984649090279725,1.2668199822485349e-11,1.1071366046166986e-11,1.2668199822485349e-11,-0.563013557370557,-1.9062244306333715,-0.5630135573728258,-1.9062244306354503,2.2687407508215074e-12,2.078781591308143e-12,3.07709562717829e-12,1.2472689547848859e-11,-24.52500000056235,5.623483900762949e-10,-5.623483900762949e-10,-2.2929597964374917e-11,-24.525000002894643,2.8946409713626053e-09,-2.8946409713626053e-09,-1.1802817416361286e-10
screenshot_like_simple_start,dop853_strict,DOP853,1e-09,1e-11,0.951188986232791,-0.18903673257582002,-0.3891201822649567,-0.18903673246692382,-0.3891201824447414,1.0889619761478286e-10,1.7978468713764073e-10,1.7978468713764073e-10,-0.5672873914991221,-1.9074288994654074,-0.5672873915585105,-1.9074288994176645,5.938838310015626e-11,4.7742920727955607e-11,7.619951789143275e-11,1.0695627716827971e-10,-24.525000000374387,3.743849674719968e-10,-3.743849674719968e-10,-1.526544209875624e-11,-24.525000002262836,2.262833476152082e-09,-2.262833476152082e-09,-9.22664006585966e-11
screenshot_like_simple_start,dop853_strict,DOP853,1e-09,1e-11,0.9561952440550688,-0.20220635620816177,-0.37960042521675896,-0.20220635621195046,-0.37960042521756243,3.788691582684578e-12,8.034684029212258e-13,3.788691582684578e-12,-0.5713805902991722,-1.908438629304074,-0.57138059030363,-1.9084386293030153,4.4577674884749285e-12,1.0587086762825493e-12,4.581763311492642e-12,4.4577674884749285e-12,-24.52500000033002,3.3001867905113613e-10,-3.3001867905113613e-10,-1.3456419125428587e-11,-24.525000000971946,9.719443028188834e-10,-9.719443028188834e-10,-3.963075648598913e-11
screenshot_like_simple_start,dop853_strict,DOP853,1e-09,1e-11,0.9612015018773468,-0.21541219712213616,-0.36992324049024805,-0.2154121970843174,-0.3699232405425248,3.7818748133133795e-11,5.227673849361736e-11,5.227673849361736e-11,-0.575293982932644,-1.9092434702987258,-0.5752939829444398,-1.9092434702879095,1.17957865697349e-11,1.0816236795108125e-11,1.600411069714869e-11,3.6944697301422025e-11,-24.524999999632406,3.6759573163180903e-10,3.6759573163180903e-10,1.498861291057325e-11,-24.525000000159984,1.5998224967006536e-10,-1.5998224967006536e-10,-6.523231383081155e-12
screenshot_like_simple_start,dop853_strict,DOP853,1e-09,1e-11,0.9662077596996246,-0.22864135912320244,-0.36010724915960385,-0.2286413591570589,-0.3601072491086895,3.3856473180549074e-11,5.09143283089486e-11,5.09143283089486e-11,-0.5790290559618697,-1.9098342730248552,-0.5790290559471964,-1.9098342730351225,1.467326260495838e-11,1.0267342531733448e-11,1.7908739713838398e-11,3.2975372432630934e-11,-24.52500000037092,3.709175189214875e-10,-3.709175189214875e-10,-1.512405785612589e-11,-24.525000000242507,2.425046830012434e-10,-2.425046830012434e-10,-9.888060468959974e-12
screenshot_like_simple_start,dop853_strict,DOP853,1e-09,1e-11,0.9712140175219024,-0.24188030452140052,-0.3501719740813465,-0.24188030466941068,-0.35017197386152193,1.4801015968401998e-10,2.1982454745383961e-10,2.1982454745383961e-10,-0.5825879664761502,-1.910203034109304,-0.5825879664133675,-1.910203034149264,6.278266795334275e-11,3.9960035280728334e-11,7.442088292258259e-11,1.437014951477522e-10,-24.525000000618597,6.185949530390644e-10,-6.185949530390644e-10,-2.5223035801796713e-11,-24.524999999123335,8.766676273808116e-10,8.766676273808116e-10,3.574587675354991e-11
screenshot_like_simple_start,dop853_strict,DOP853,1e-09,1e-11,0.9762202753441802,-0.2551149474972303,-0.3401376999450781,-0.2551149477471619,-0.3401376995742505,2.4993163094677584e-10,3.7082759085649286e-10,3.7082759085649286e-10,-0.5859735436860833,-1.910343029753701,-0.5859735435783433,-1.9103430298143436,1.0774003911251384e-10,6.06426020510753e-11,1.2363430434750338e-10,2.418424349670545e-10,-24.52500000066604,6.660378915057663e-10,-6.660378915057663e-10,-2.715750831827793e-11,-24.52499999786757,2.1324311205717095e-09,2.1324311205717095e-09,8.694928116500344e-11
screenshot_like_simple_start,dop853_strict,DOP853,1e-09,1e-11,0.9812265331664581,-0.2683307651346537,-0.330025308592919,-0.2683307652533016,-0.33002530842458233,1.1864786930715354e-10,1.6833667793036966e-10,1.6833667793036966e-10,-0.5891892771423269,-1.9102489330264287,-0.5891892770974767,-1.910248933049525,4.485023463729476e-11,2.3096191625882057e-11,5.044777115631432e-11,1.1440204339407956e-10,-24.525000000642436,6.424336618238158e-10,-6.424336618238158e-10,-2.6195052469880355e-11,-24.52499999786657,2.1334329858291312e-09,2.1334329858291312e-09,8.699013194002574e-11
screenshot_like_simple_start,dop853_strict,DOP853,1e-09,1e-11,0.986232790988736,-0.2815129223068323,-0.31985609512395635,-0.28151292211842943,-0.31985609541598536,1.8840284887744474e-10,2.920290120833613e-10,2.920290120833613e-10,-0.5922392916945992,-1.909916909864485,-0.5922392917908301,-1.9099169098250022,9.623091212773716e-11,3.948286142474444e-11,1.0401579108588196e-10,1.809865590729487e-10,-24.525000001427497,1.4274945669967565e-09,-1.4274945669967565e-09,-5.8205690805168456e-11,-24.52499999785809,2.141913313380428e-09,2.141913313380428e-09,8.733591491867188e-11
screenshot_like_simple_start,dop853_strict,DOP853,1e-09,1e-11,0.9912390488110138,-0.2946464066047381,-0.3096515702509828,-0.29464640651759116,-0.30965157038208746,8.714695631795166e-11,1.3110468266575026e-10,1.3110468266575026e-10,-0.5951283096231035,-1.9093446897754285,-0.5951283096645814,-1.9093446897607849,4.147793219999585e-11,1.464361965020089e-11,4.3986980528870154e-11,8.339134938140091e-11,-24.525000001986598,1.9865957767706277e-09,-1.9865957767706277e-09,-8.100288590298176e-11,-24.52499999952081,4.791935737102904e-10,4.791935737102904e-10,1.953898363752458e-11
screenshot_like_simple_start,dop853_strict,DOP853,1e-09,1e-11,0.9962453066332917,-0.3077161704614272,-0.2994332529939458,-0.3077161705036291,-0.29943325293159306,4.220190863435391e-11,6.235273408705666e-11,6.235273408705666e-11,-0.5978616003572927,-1.9085316084594153,-0.597861600337934,-1.908531608465026,1.935873683578393e-11,5.610623077245691e-12,2.015539092134061e-11,4.0219605423885696e-11,-24.525000000524955,5.249525258932408e-10,-5.249525258932408e-10,-2.1404792085351306e-11,-24.525000000531783,5.317808415838954e-10,-5.317808415838954e-10,-2.168321474348197e-11
screenshot_like_simple_start,dop853_strict,DOP853,1e-09,1e-11,1.0012515644555695,-0.3207072751030714,-0.28922246137668783,-0.32070727513812447,-0.28922246132468465,3.505307155649007e-11,5.200317954034972e-11,5.200317954034972e-11,-0.6004449195768351,-1.9074786203113374,-0.6004449195602576,-1.907478620315119,1.657751713679545e-11,3.781641666478208e-12,1.7003378726429372e-11,3.326583453144849e-11,-24.525000000526376,5.26373611364761e-10,-5.26373611364761e-10,-2.1462736447085055e-11,-24.525000000540558,5.405560443705326e-10,-5.405560443705326e-10,-2.204102117718787e-11
screenshot_like_simple_start,dop853_strict,DOP853,1e-09,1e-11,1.0062578222778473,-0.33360503125602303,-0.2790401083436887,-0.3336050311908913,-0.27904010843969684,6.513173333999589e-11,9.600814587784612e-11,9.600814587784612e-11,-0.6028844398489823,-1.9061882803150563,-0.602884439879736,-1.90618828030994,3.0753621871326686e-11,5.116351786682571e-12,3.1176310137821523e-11,6.154088350029951e-11,-24.52500000009975,9.974954195968166e-11,-9.974954195968166e-11,-4.067259610996194e-12,-24.52500000053311,5.331095564997668e-10,-5.331095564997668e-10,-2.1737392721703027e-11
screenshot_like_simple_start,dop853_strict,DOP853,1e-09,1e-11,1.0112640801001251,-0.34639513321798154,-0.2689065077217553,-0.34639513313599657,-0.2689065078438637,8.1984974364957e-11,1.2210843447491015e-10,1.2210843447491015e-10,-0.6051866747109695,-1.9046646963595615,-0.6051866747515744,-1.904664696354955,4.0604852813430625e-11,4.6065373737746995e-12,4.0865318530220073e-11,7.71152586231949e-11,-24.525000000455343,4.553406540708238e-10,-4.553406540708238e-10,-1.85663875258236e-11,-24.525000000253783,2.537809962177562e-10,-2.537809962177562e-10,-1.0347848979317275e-11
screenshot_like_simple_start,dop853_strict,DOP853,1e-09,1e-11,1.016270337922403,-0.35906378169161124,-0.25884119675281625,-0.35906378185288423,-0.2588411965124308,1.6127299495849456e-10,2.4038543378068766e-10,2.4038543378068766e-10,-0.6073583989679994,-1.9029134540574981,-0.6073583988866098,-1.9029134540623565,8.138956175685053e-11,4.858335955759685e-12,8.153443561607091e-11,1.5098799988066958e-10,-24.52500000240078,2.4007782428725477e-09,-2.4007782428725477e-09,-9.789105985209164e-11,-24.524999998971502,1.0284999518717086e-09,1.0284999518717086e-09,4.1936797222088015e-11
screenshot_like_simple_start,dop853_strict,DOP853,1e-09,1e-11,1.0212765957446808,-0.37159779213916805,-0.24886277979020882,-0.3715977923262531,-0.24886277950200367,1.870850696583659e-10,2.882051541863717e-10,2.882051541863717e-10,-0.6094065677684833,-1.900941517369703,-0.6094065676634731,-1.900941517372757,1.050102227395655e-10,3.0540014961388806e-12,1.0505462295849517e-10,1.743162281186983e-10,-24.525000000670016,6.700133781123441e-10,-6.700133781123441e-10,-2.7319607670228095e-11,-24.52499999830758,1.6924204260249098e-09,1.6924204260249098e-09,6.900796844138266e-11
screenshot_like_simple_start,dop853_strict,DOP853,1e-09,1e-11,1.0262828535669588,-0.38398468491334387,-0.23898879846877896,-0.3839846849802474,-0.23898879836888623,6.690353826499518e-11,9.98927329742827e-11,9.98927329742827e-11,-0.6113382375210481,-1.8987571092238058,-0.6113382374860261,-1.8987571092223892,3.502198531180056e-11,1.4166445794216997e-12,3.5050625344555257e-11,6.203160207718383e-11,-24.52500000051731,5.173070860564621e-10,-5.173070860564621e-10,-2.1093051419223734e-11,-24.52500000026618,2.6617641424309113e-10,-2.6617641424309113e-10,-1.0853268674539902e-11
screenshot_like_simple_start,dop853_strict,DOP853,1e-09,1e-11,1.0312891113892366,-0.39621275841043435,-0.2292356265201061,-0.3962127584473643,-0.2292356264641876,3.6929959090770126e-11,5.59184920589928e-11,5.59184920589928e-11,-0.6131604896326646,-1.8963695768673454,-0.613160489612278,-1.8963695768657995,2.03865813119819e-11,1.545874539488068e-12,2.0445107622164454e-11,3.406896986746233e-11,-24.525000000212845,2.12843076496938e-10,-2.12843076496938e-10,-8.678616778672294e-12,-24.52500000052848,5.284768178626109e-10,-5.284768178626109e-10,-2.1548494102451003e-11
screenshot_like_simple_start,dop853_strict,DOP853,1e-09,1e-11,1.0362953692115144,-0.40827114159757,-0.21961839442090308,-0.40827114158211186,-0.21961839444037218,1.5458134772217136e-11,1.946909300443167e-11,1.946909300443167e-11,-0.6148803603109285,-1.893789246858655,-0.6148803603157423,-1.8937892468605508,4.813816012472216e-12,1.8958168368499173e-12,5.173678196488213e-12,1.4187595542836107e-11,-24.52499999961203,3.879705445797299e-10,3.879705445797299e-10,1.5819390196930882e-11,-24.52500000071339,7.133884594168194e-10,-7.133884594168194e-10,-2.9088214451246456e-11
screenshot_like_simple_start,dop853_strict,DOP853,1e-09,1e-11,1.0413016270337923,-0.4201498277202753,-0.210150941257161,-0.4201498277218651,-0.21015094125792178,1.589783860111993e-12,7.607803276243885e-13,1.589783860111993e-12,-0.6165047772032716,-1.8910272746283179,-0.616504777205467,-1.8910272746275107,2.195466031196247e-12,8.071321389024888e-13,2.3391309035164975e-12,2.195466031196247e-12,-24.5249999999034,9.660183764026442e-11,9.660183764026442e-11,3.9389128497559396e-12,-24.525000002087786,2.0877841677702236e-09,-2.0877841677702236e-09,-8.512881418023337e-11
screenshot_like_simple_start,dop853_strict,DOP853,1e-09,1e-11,1.04630788485607,-0.43183969044068576,-0.20084579200003555,-0.431839690537445,-0.2008457918647471,9.675921175400504e-11,1.352884471117477e-10,1.352884471117477e-10,-0.6180405037520904,-1.8880954930765907,-0.6180405037073979,-1.8880954930630827,4.4692471945495527e-11,1.350808354061428e-11,4.668924254621314e-11,8.787648386743285e-11,-24.524999999901073,9.892886509987875e-11,9.892886509987875e-11,4.033796742094954e-12,-24.52500000230137,2.301366208712352e-09,-2.301366208712352e-09,-9.383756202700721e-11
screenshot_like_simple_start,dop853_strict,DOP853,1e-09,1e-11,1.0513141426783479,-0.4433324829910635,-0.19171415933466146,-0.44333248310498774,-0.1917141591601899,1.1392425891543212e-10,1.7447154831984335e-10,1.7447154831984335e-10,-0.6194940923056752,-1.8850062643014913,-0.619494092237311,-1.8850062642858674,6.836420318734326e-11,1.5623946580944903e-11,7.012682784929441e-11,1.0291084651115057e-10,-24.525000000597267,5.972644601115462e-10,-5.972644601115462e-10,-2.4353290932173137e-11,-24.525000000848433,8.484306590617052e-10,-8.484306590617052e-10,-3.459452228590031e-11
screenshot_like_simple_start,dop853_strict,DOP853,1e-09,1e-11,1.0563204005006257,-0.45462082232136203,-0.1827659671994432,-0.4546208224938123,-0.18276596693479735,1.724502762812108e-10,2.646458607813429e-10,2.646458607813429e-10,-0.6208718461909885,-1.8817723379098585,-0.6208718460856845,-1.8817723378822313,1.0530398775188132e-10,2.7627233833982245e-11,1.088677816700878e-10,1.54934121088246e-10,-24.52500000059363,5.936264813044545e-10,-5.936264813044545e-10,-2.420495336613474e-11,-24.525000000252902,2.5289992322541366e-10,-2.5289992322541366e-10,-1.031192347504235e-11
screenshot_like_simple_start,dop853_strict,DOP853,1e-09,1e-11,1.0613266583229037,-0.4656981626639691,-0.17400988971506498,-0.46569816272974274,-0.17400988961709923,6.577366429283416e-11,9.796574662601643e-11,9.796574662601643e-11,-0.6221797894908705,-1.878406718198073,-0.6221797894531536,-1.8784067181854986,3.771694068177567e-11,1.2574385976904523e-11,3.975780171348458e-11,5.876932274162527e-11,-24.52500000072265,7.226468312637735e-10,-7.226468312637735e-10,-2.9465721967941835e-11,-24.525000000452522,4.525197994098562e-10,-4.525197994098562e-10,-1.8451367967782106e-11
screenshot_like_simple_start,dop853_strict,DOP853,1e-09,1e-11,1.0663329161451816,-0.4765587578743551,-0.16545340639135775,-0.47655875795992786,-0.16545340626469257,8.557277109133565e-11,1.2666517834603042e-10,1.2666517834603042e-10,-0.6234236455253209,-1.8749225425370084,-0.6234236454764237,-1.8749225425186156,4.889721960665838e-11,1.8392842804360043e-11,5.224207836301764e-11,7.603817575585481e-11,-24.52500000094162,9.416183388566424e-10,-9.416183388566424e-10,-3.839422380659092e-11,-24.52500000042535,4.2534864519438997e-10,-4.2534864519438997e-10,-1.7343471771432822e-11
screenshot_like_simple_start,dop853_strict,DOP853,1e-09,1e-11,1.0713391739674594,-0.48719761695224056,-0.15710286732061488,-0.4871976169922843,-0.15710286725882805,4.004374609678507e-11,6.17868256558296e-11,6.17868256558296e-11,-0.6246088223503828,-1.8713329718921492,-0.6246088223247415,-1.8713329718830696,2.5641377909835228e-11,9.079625939989455e-12,2.7201468128119764e-11,3.538458415164314e-11,-24.525000000096885,9.688250202088966e-11,-9.688250202088966e-11,-3.950356861198355e-12,-24.52500000037138,3.7137937169973156e-10,-3.7137937169973156e-10,-1.514288977368936e-11
screenshot_like_simple_start,dop853_strict,DOP853,1e-09,1e-11,1.0763454317897372,-0.49761045388573727,-0.14896356670987454,-0.4976104539148898,-0.14896356666169264,2.9152513736363517e-11,4.8181902911892394e-11,4.8181902911892394e-11,-0.6257404049893248,-1.8676510942641222,-0.6257404049672936,-1.8676510942573579,2.2031265700661606e-11,6.764366844436154e-12,2.3046330015411472e-11,2.5617064025595937e-11,-24.52499999949181,5.081908227566601e-10,5.081908227566601e-10,2.0721338338701733e-11,-24.52500000011963,1.1962697499257047e-10,-1.1962697499257047e-10,-4.877756370747011e-12
screenshot_like_simple_start,dop853_strict,DOP853,1e-09,1e-11,1.081351689612015,-0.507793634549202,-0.1410398208346576,-0.5077936346267313,-0.1410398207183841,7.752931630022886e-11,1.1627349083553895e-10,1.1627349083553895e-10,-0.6268231531248537,-1.863889840979386,-0.6268231530774814,-1.8638898409580325,4.737232828233573e-11,2.135358556643041e-11,5.1962612553953166e-11,6.774664162989552e-11,-24.52500000055573,5.557261317790108e-10,-5.557261317790108e-10,-2.2659577238695645e-11,-24.525000000246976,2.469739968091744e-10,-2.469739968091744e-10,-1.0070295486612616e-11
screenshot_like_simple_start,dop853_strict,DOP853,1e-09,1e-11,1.0863579474342928,-0.5177441220060313,-0.13333504847282973,-0.5177441220460045,-0.13333504841602042,3.9973246934721374e-11,5.680930725837641e-11,5.680930725837641e-11,-0.6278615035451289,-1.8600619155612983,-0.6278615035235582,-1.860061915549067,2.157074519004709e-11,1.223132706229535e-11,2.4797225848041518e-11,3.4734271014968954e-11,-24.52500000056798,5.679794412571937e-10,-5.679794412571937e-10,-2.3159202497744898e-11,-24.525000000887598,8.87595774656802e-10,-8.87595774656802e-10,-3.619146889528244e-11
screenshot_like_simple_start,dop853_strict,DOP853,1e-09,1e-11,1.0913642052565709,-0.5274594210205812,-0.12585185265560644,-0.5274594210653643,-0.12585185259151171,4.478306614430494e-11,6.409472952384476e-11,6.409472952384476e-11,-0.6288595768296242,-1.856179734746524,-0.6288595768047329,-1.8561797347320281,2.4891311234398472e-11,1.4495959987925744e-11,2.8804691127301394e-11,3.8696490456402444e-11,-24.525000000814487,8.144844798607664e-10,-8.144844798607664e-10,-3.321037634498538e-11,-24.525000000878556,8.785541183442547e-10,-8.785541183442547e-10,-3.582279789375146e-11
screenshot_like_simple_start,dop853_strict,DOP853,1e-09,1e-11,1.0963704630788487,-0.536937524203929,-0.11859210024878857,-0.5369375242775146,-0.11859210013948793,7.358558207215538e-11,1.09300637984866e-10,1.09300637984866e-10,-0.6298211867792187,-1.8522553804366764,-0.6298211867339164,-1.8522553804119686,4.5302317452922125e-11,2.4707791368427934e-11,5.160208252494365e-11,6.323053192147654e-11,-24.52500000103194,1.0319389787127875e-09,-1.0319389787127875e-09,-4.2077022577483684e-11,-24.525000000470165,4.701625755387795e-10,-4.701625755387795e-10,-1.9170747218706604e-11
screenshot_like_simple_start,dop853_strict,DOP853,1e-09,1e-11,1.1013767209011265,-0.5461768597344694,-0.11155699943568043,-0.5461768597655441,-0.11155699938642512,3.107469837004828e-11,4.925530816546342e-11,4.925530816546342e-11,-0.6307498523750461,-1.8483005618458284,-0.6307498523526509,-1.8483005618351707,2.2395196808133733e-11,1.0657696947191653e-11,2.4801841550441807e-11,2.6553870213774644e-11,-24.525000000488188,4.881854920313344e-10,-4.881854920313344e-10,-1.9905626586394877e-11,-24.525000000439867,4.398650332859688e-10,-4.398650332859688e-10,-1.793537342654307e-11
screenshot_like_simple_start,dop853_strict,DOP853,1e-09,1e-11,1.1063829787234043,-0.5551762414461486,-0.10474717394697788,-0.5551762414587255,-0.1047471739228273,1.2576828467558698e-11,2.4150584310156376e-11,2.4150584310156376e-11,-0.6316488115539675,-1.8443265867682,-0.6316488115406371,-1.8443265867640957,1.3330336834371792e-11,4.104272477434279e-12,1.394786480744755e-11,1.3330336834371792e-11,-24.525000000214334,2.1433166352835542e-10,-2.1433166352835542e-10,-8.739313497588395e-12,-24.525000000247026,2.4702373480067763e-10,-2.4702373480067763e-10,-1.0072323539273297e-11
screenshot_like_simple_start,dop853_strict,DOP853,1e-09,1e-11,1.1113892365456821,-0.5639348222496773,-0.09816273264439561,-0.563934822328759,-0.09816273252227883,7.908174115556221e-11,1.2211677502538265e-10,1.2211677502538265e-10,-0.6325210359609961,-1.8403443407021791,-0.6325210359063037,-1.840344340671877,5.4692361750596774e-11,3.03022051895141e-11,6.252581925257402e-11,6.683653630545905e-11,-24.525000000582978,5.829754456954106e-10,-5.829754456954106e-10,-2.3770660374940288e-11,-24.524999999738515,2.6148683218707447e-10,2.6148683218707447e-10,1.066205228081853e-11
screenshot_like_simple_start,dop853_strict,DOP853,1e-09,1e-11,1.11639549436796,-0.572452050801709,-0.09180333455752385,-0.5724520508831682,-0.09180333443345327,8.145917274049452e-11,1.2407057325969362e-10,1.2407057325969362e-10,-0.6333692464064797,-1.8363642728842677,-0.6333692463514042,-1.8363642728515157,5.5075499716394916e-11,3.275202331565197e-11,6.407812185355955e-11,6.847256095454668e-11,-24.5250000006777,6.776978977995896e-10,-6.776978977995896e-10,-2.7632941806303343e-11,-24.52499999980864,1.9136336959491018e-10,1.9136336959491018e-10,7.802787751066674e-12
screenshot_like_simple_start,dop853_strict,DOP853,1e-09,1e-11,1.1214017521902377,-0.5807276311687429,-0.08566824971413006,-0.5807276312075673,-0.08566824966000583,3.882438814883926e-11,5.4124232873320466e-11,5.4124232873320466e-11,-0.634195928871047,-1.8323963884029144,-0.634195928849581,-1.832396388386245,2.146605115882494e-11,1.666933258093195e-11,2.717826339277418e-11,3.2459701593268164e-11,-24.52500000075441,7.5440809155225e-10,-7.5440809155225e-10,-3.076077845269113e-11,-24.525000000605832,6.058300527911342e-10,-6.058300527911342e-10,-2.470255057252331e-11
screenshot_like_simple_start,dop853_strict,DOP853,1e-09,1e-11,1.1264080100125158,-0.588761486408115,-0.07975641443554891,-0.588761486436063,-0.07975641440343632,2.7947977265796453e-11,3.211259036461911e-11,3.211259036461911e-11,-0.6350033502397803,-1.8284502451125757,-0.6350033502310122,-1.828450245099614,8.768097359279636e-12,1.2961631767893778e-11,1.5648751687859314e-11,2.324240799822519e-11,-24.525000001336164,1.3361614037421532e-09,-1.3361614037421532e-09,-5.448160667654039e-11,-24.52500000097514,9.75138192416125e-10,-9.75138192416125e-10,-3.976098643898573e-11
screenshot_like_simple_start,dop853_strict,DOP853,1e-09,1e-11,1.1314142678347936,-0.5965537253990121,-0.07406648203800115,-0.5965537254741395,-0.07406648193105994,7.512745980875479e-11,1.0694120589072043e-10,1.0694120589072043e-10,-0.6357935738721389,-1.8245349547275076,-0.6357935738276421,-1.824534954693215,4.449673962625411e-11,3.4292568784621835e-11,5.617775459391976e-11,6.215117309693596e-11,-24.525000001774387,1.7743850833085162e-09,-1.7743850833085162e-09,-7.235005436528097e-11,-24.525000000500572,5.00570251915633e-10,-5.00570251915633e-10,-2.0410611698904504e-11
screenshot_like_simple_start,dop853_strict,DOP853,1e-09,1e-11,1.1364205256570714,-0.6041046129469624,-0.06859686886980124,-0.6041046130117674,-0.06859686877114492,6.480505021499994e-11,9.865631922512108e-11,9.865631922512108e-11,-0.6365684747180896,-1.8206591872862927,-0.6365684746730007,-1.8206591872562443,4.508893258758917e-11,3.004840820608479e-11,5.41841183153114e-11,5.3335336147597445e-11,-24.525000001665294,1.6652919043735892e-09,-1.6652919043735892e-09,-6.790181057588538e-11,-24.52500000037319,3.73187702962241e-10,-3.73187702962241e-10,-1.5216623973995554e-11
screenshot_like_simple_start,dop853_strict,DOP853,1e-09,1e-11,1.1414267834793492,-0.6114145429679078,-0.06334579595584551,-0.6114145429969753,-0.06334579589980255,2.906752616382846e-11,5.6042961937841085e-11,5.6042961937841085e-11,-0.6373297538686038,-1.8168311783296942,-0.6373297538364747,-1.8168311783165565,3.212907717653479e-11,1.3137713139599327e-11,3.471133974300228e-11,3.212907717653479e-11,-24.525000001420214,1.4202115039552154e-09,-1.4202115039552154e-09,-5.790872595128299e-11,-24.52500000035921,3.5920777463616105e-10,-3.5920777463616105e-10,-1.4646596315439797e-11
screenshot_like_simple_start,dop853_strict,DOP853,1e-09,1e-11,1.146433041301627,-0.6184840146277545,-0.05831132642608312,-0.6184840146435063,-0.05831132638885128,1.575184427338172e-11,3.723183567005961e-11,3.723183567005961e-11,-0.6380789524141638,-1.8130587381739918,-0.6380789523898291,-1.8130587381670287,2.433464540985142e-11,6.963096765844057e-12,2.5311256069063635e-11,2.433464540985142e-11,-24.525000001192982,1.1929799370591354e-09,-1.1929799370591354e-09,-4.864342251005649e-11,-24.525000000282944,2.829416700933507e-10,-2.829416700933507e-10,-1.1536867282093809e-11
screenshot_like_simple_start,dop853_strict,DOP853,1e-09,1e-11,1.1514392991239049,-0.6253136113132881,-0.05349139890467709,-0.6253136113569198,-0.053491398833476776,4.363165384546619e-11,7.120031647600555e-11,7.120031647600555e-11,-0.6388174645045388,-1.8093492627268541,-0.638817464468816,-1.809349262705121,3.572275808494396e-11,2.173305979624729e-11,4.1814367546367234e-11,3.572275808494396e-11,-24.525000000740555,7.40552508204928e-10,-7.40552508204928e-10,-3.0195820925787075e-11,-24.525000000089463,8.946088314587541e-11,-8.946088314587541e-11,-3.647742432043849e-12
screenshot_like_simple_start,dop853_strict,DOP853,1e-09,1e-11,1.1564455569461827,-0.6319039820688891,-0.04888385733163436,-0.6319039821079454,-0.04888385726454175,3.905631373868346e-11,6.709260924608884e-11,6.709260924608884e-11,-0.6395465496217514,-1.8057097454837068,-0.6395465495862536,-1.8057097454639153,3.5497826900154905e-11,1.9791501770782816e-11,4.064233331117027e-11,3.5497826900154905e-11,-24.525000000691737,6.917346695445303e-10,-6.917346695445303e-10,-2.8205287239328453e-11,-24.52499999995813,4.1872283418342704e-11,4.1872283418342704e-11,1.7073306184849214e-12
screenshot_like_simple_start,dop853_strict,DOP853,1e-09,1e-11,1.1614518147684607,-0.638255825029841,-0.0444864778496891,-0.638255825077321,-0.04448647777189897,4.748001991572437e-11,7.779012850539502e-11,7.779012850539502e-11,-0.6402673441813946,-1.802146790477509,-0.6402673441418144,-1.80214679045268,3.958022798400407e-11,2.4829027722717e-11,4.672338884243295e-11,3.958022798400407e-11,-24.525000000692863,6.928608797807101e-10,-6.928608797807101e-10,-2.8251208146002447e-11,-24.52499999998053,1.9472423673505546e-11,1.9472423673505546e-11,7.93982616656699e-13
screenshot_like_simple_start,dop853_strict,DOP853,1e-09,1e-11,1.1664580725907385,-0.6443698733311093,-0.040296992180913635,-0.6443698733715244,-0.04029699212045176,4.0415115698522186e-11,6.046187162045413e-11,6.046187162045413e-11,-0.640980872154802,-1.798666625516844,-0.6409808721267002,-1.7986666254950028,2.81018541770095e-11,2.184119551884578e-11,3.559146006949357e-11,3.2310931707968393e-11,-24.525000000488216,4.882139137407648e-10,-4.882139137407648e-10,-1.9906785473629554e-11,-24.525000000075128,7.512568345191539e-11,-7.512568345191539e-11,-3.063228683054654e-12
screenshot_like_simple_start,dop853_strict,DOP853,1e-09,1e-11,1.1714643304130163,-0.6502468825887269,-0.036313108665455736,-0.6502468826084188,-0.03631310864138202,1.969191476547394e-11,2.407371524348889e-11,2.407371524348889e-11,-0.6416880550471334,-1.7952751158200289,-0.641688055038749,-1.7952751158089817,8.384404281969182e-12,1.1047163184230158e-11,1.3868599409547936e-11,1.5673462527843185e-11,-24.52500000025141,2.5140778348031745e-10,-2.5140778348031745e-10,-1.0251081895221913e-11,-24.52500000015388,1.538786875698861e-10,-1.538786875698861e-10,-6.2743603494347026e-12
screenshot_like_simple_start,dop853_strict,DOP853,1e-09,1e-11,1.1764705882352942,-0.6558876201424949,-0.032532530722126474,-0.6558876201718244,-0.032532530680972595,2.932953879764e-11,4.115387891578948e-11,4.115387891578948e-11,-0.6423897210570808,-1.7919777776423325,-0.6423897210391927,-1.7919777776257841,1.7888135417365447e-11,1.6548318271247808e-11,2.4368673052025588e-11,2.3243851288157202e-11,-24.525000000538576,5.385736301377619e-10,-5.385736301377619e-10,-2.196018879256929e-11,-24.525000000254913,2.5491075916761474e-10,-2.5491075916761474e-10,-1.0393914746895606e-11
screenshot_like_simple_start,dop853_strict,DOP853,1e-09,1e-11,1.181476846057572,-0.6612928558460779,-0.028952973023037207,-0.6612928559337153,-0.028952972889680764,8.763745285023106e-11,1.333564439431889e-10,1.333564439431889e-10,-0.6430866134607411,-1.7887797917403492,-0.6430866133966039,-1.7887797916903883,6.41372510656879e-11,4.9960924286551744e-11,8.129994421787533e-11,6.916334172046845e-11,-24.52500000138735,1.3873489024263108e-09,-1.3873489024263108e-09,-5.656876258619004e-11,-24.525000000346036,3.460343123151688e-10,-3.460343123151688e-10,-1.4109452082167941e-11
screenshot_like_simple_start,dop853_strict,DOP853,1e-09,1e-11,1.1864831038798498,-0.666463354144968,-0.025572175754449842,-0.666463354261337,-0.025572175578210694,1.1636891450450548e-10,1.7623914827513687e-10,1.7623914827513687e-10,-0.6437793983200708,-1.7856860165886006,-0.6437793982353567,-1.7856860165211663,8.471412460409056e-11,6.743428038191723e-11,1.0827679842913905e-10,9.146738921828046e-11,-24.52500000178849,1.7884893566133542e-09,-1.7884893566133542e-09,-7.292515215548844e-11,-24.525000000388708,3.887059563112416e-10,-3.887059563112416e-10,-1.5849376404128097e-11
screenshot_like_simple_start,dop853_strict,DOP853,1e-09,1e-11,1.1914893617021276,-0.6713998671827961,-0.022387917336002483,-0.6713998672404431,-0.02238791724888709,5.76469982860317e-11,8.711539128958279e-11,8.711539128958279e-11,-0.644468671629922,-1.7827010013071871,-0.6444686715879633,-1.7827010012732762,4.1958769791961004e-11,3.3910874108755706e-11,5.394891792496544e-11,4.513478479850619e-11,-24.52500000093857,9.385665578065527e-10,-9.385665578065527e-10,-3.826978828976769e-11,-24.525000000369147,3.6914471479576605e-10,-3.6914471479576605e-10,-1.505177226486304e-11
screenshot_like_simple_start,dop853_strict,DOP853,1e-09,1e-11,1.1964956195244056,-0.6761031288251109,-0.019398025746459185,-0.676103128859325,-0.0193980256949775,3.4214076016780837e-11,5.148168696900157e-11,5.148168696900157e-11,-0.6451549659216698,-1.7798289982090414,-0.6451549658968854,-1.7798289981886304,2.478439675712707e-11,2.0411006218523653e-11,3.2107249920653464e-11,2.6687541065939513e-11,-24.525000000755288,7.552856118309137e-10,-7.552856118309137e-10,-3.0796559096061716e-11,-24.525000000514492,5.144897841091733e-10,-5.144897841091733e-10,-2.0978176722086578e-11
screenshot_like_simple_start,dop853_strict,DOP853,1e-09,1e-11,1.2015018773466835,-0.6805738501384937,-0.016600387631597765,-0.6805738501530091,-0.016600387610421298,1.4515388890856684e-11,2.1176466830086227e-11,2.1176466830086227e-11,-0.6458387558803298,-1.7770739745073174,-0.6458387558704378,-1.7770739744985353,9.891976127107682e-12,8.782086169389913e-12,1.3227858072486939e-11,1.1281531264728528e-11,-24.525000000755732,7.557297010407638e-10,-7.557297010407638e-10,-3.0814666709103514e-11,-24.525000000804226,8.042242427563906e-10,-8.042242427563906e-10,-3.279201805326771e-11
screenshot_like_simple_start,dop853_strict,DOP853,1e-09,1e-11,1.2065081351689613,-0.6848127150890381,-0.0139929570495748,-0.6848127150923317,-0.013992957045015087,3.2935876248529894e-12,4.5597119829876576e-12,4.5597119829876576e-12,-0.6465204638298216,-1.774439623792197,-0.6465204638278135,-1.7744396237901774,2.008171406941983e-12,2.0197177263980848e-12,2.8481594221507323e-12,2.5510704659836847e-12,-24.525000000700878,7.00875801840084e-10,-7.00875801840084e-10,-2.8578014346180793e-11,-24.525000000918656,9.186535976368759e-10,-9.186535976368759e-10,-3.745784292097353e-11
screenshot_like_simple_start,dop853_strict,DOP853,1e-09,1e-11,1.211514392991239,-0.6888203771005547,-0.011573762868801735,-0.688820377119653,-0.011573762837953121,1.909838953650933e-11,3.08486135941477e-11,3.08486135941477e-11,-0.6472004645810748,-1.7719293768153381,-0.6472004645649722,-1.7719293768035556,1.610267474916327e-11,1.1782574915741861e-11,1.9953075094391083e-11,1.610267474916327e-11,-24.52500000063287,6.32866203886806e-10,-6.32866203886806e-10,-2.5804942054507888e-11,-24.525000000609168,6.091660509355279e-10,-6.091660509355279e-10,-2.4838574961693285e-11
screenshot_like_simple_start,dop853_strict,DOP853,1e-09,1e-11,1.216520650813517,-0.6925974562079488,-0.009340915209554216,-0.692597456271113,-0.009340915108741257,6.316425160690642e-11,1.0081295867547801e-10,1.0081295867547801e-10,-0.6478790898057788,-1.7695464116577972,-0.6478790897535809,-1.7695464116184063,5.219791265886897e-11,3.939093495830548e-11,6.539317887083e-11,5.219791265886897e-11,-24.525000000722425,7.224230103020091e-10,-7.224230103020091e-10,-2.9456595730968767e-11,-24.52500000003402,3.4017233474514796e-11,-3.4017233474514796e-11,-1.3870431590016225e-12
screenshot_like_simple_start,dop853_strict,DOP853,1e-09,1e-11,1.2215269086357947,-0.6961445367279857,-0.007292611037830823,-0.6961445368253201,-0.007292610884505706,9.73343627919121e-11,1.5332511649202019e-10,1.5332511649202019e-10,-0.6485566319675118,-1.7672936632650345,-0.6485566318888775,-1.7672936632037355,7.863432127663827e-11,6.129896590323369e-11,9.970416091339104e-11,7.863432127663827e-11,-24.525000000932867,9.32864452352078e-10,-9.32864452352078e-10,-3.8037286538311025e-11,-24.524999999738217,2.617852601360937e-10,2.617852601360937e-10,1.0674220596782617e-11
screenshot_like_simple_start,dop853_strict,DOP853,1e-09,1e-11,1.2265331664580725,-0.6994621653468587,-0.005427139053224245,-0.6994621654183731,-0.005427138942716889,7.151446101971715e-11,1.1050735673756584e-10,1.1050735673756584e-10,-0.6492333478614299,-1.7651738323596815,-0.6492333478056462,-1.7651738323142399,5.57837109838033e-11,4.544165044251258e-11,7.194974639332652e-11,5.57837109838033e-11,-24.525000000929175,9.291731828398042e-10,-9.291731828398042e-10,-3.788677605870761e-11,-24.52500000009774,9.773870601748058e-11,-9.773870601748058e-11,-3.985268339142939e-12
screenshot_like_simple_start,dop853_strict,DOP853,1e-09,1e-11,1.2315394242803506,-0.7025508495128978,-0.0037428840293396563,-0.7025508495537252,-0.0037428839671768584,4.0827341507565507e-11,6.216279791262935e-11,6.216279791262935e-11,-0.649909461825597,-1.7631893937617287,-0.6499094617945939,-1.7631893937355798,3.100308898495996e-11,2.6148860854391387e-11,4.055803805155851e-11,3.115929736452472e-11,-24.52500000076736,7.673577329114778e-10,-7.673577329114778e-10,-3.128879644898992e-11,-24.52500000035255,3.525464364884101e-10,-3.525464364884101e-10,-1.4374982119812848e-11
screenshot_like_simple_start,dop853_strict,DOP853,1e-09,1e-11,1.2365456821026284,-0.7054110561971704,-0.0022383305084443294,-0.7054110562354416,-0.0022383304500001575,3.827127503797101e-11,5.844417181113948e-11,5.844417181113948e-11,-0.6505851685661429,-1.7613426040435862,-0.6505851685368365,-1.7613426040189042,2.9306446158727795e-11,2.468203419425663e-11,3.83154094121525e-11,2.9306446158727795e-11,-24.525000000755895,7.558931258699886e-10,-7.558931258699886e-10,-3.0821330310702895e-11,-24.52500000036438,3.643769730388158e-10,-3.643769730388158e-10,-1.485736893124631e-11
screenshot_like_simple_start,dop853_strict,DOP853,1e-09,1e-11,1.2415519399249062,-0.7080432109643364,-0.0009120659318839013,-0.7080432110012267,-0.000912065875439514,3.6890268617639776e-11,5.6444387358522974e-11,5.6444387358522974e-11,-0.6512606356270202,-1.7596355085284334,-0.651260635598599,-1.7596355085044935,2.8421154318891695e-11,2.3939961124597176e-11,3.7160244233124735e-11,2.8421154318891695e-11,-24.525000000750385,7.50382866954169e-10,-7.50382866954169e-10,-3.059665104808028e-11,-24.525000000367942,3.679403448586527e-10,-3.679403448586527e-10,-1.5002664418293687e-11
screenshot_like_simple_start,dop853_strict,DOP853,1e-09,1e-11,1.246558197747184,-0.7104476971626199,0.0002372165156281792,-0.7104476971909875,0.00023721655911070668,2.8367641569104762e-11,4.3482527474492105e-11,4.3482527474492105e-11,-0.6519360056324952,-1.7580699477343562,-0.6519360056105175,-1.7580699477158452,2.1977752950874674e-11,1.851097053418016e-11,2.873460726870939e-11,2.1977752950874674e-11,-24.52500000070167,7.016680569904565e-10,-7.016680569904565e-10,-2.861031832784736e-11,-24.525000000434392,4.3439030150693725e-10,-4.3439030150693725e-10,-1.77121427729638e-11
screenshot_like_simple_start,dop853_strict,DOP853,1e-09,1e-11,1.2515644555694618,-0.7126248553366614,0.0012107155063539954,-0.7126248553561504,0.0012107155362219716,1.948896599657246e-11,2.986797614790149e-11,2.986797614790149e-11,-0.652611398220237,-1.7566475631826437,-0.6526113982051153,-1.756647563169865,1.5121681684604482e-11,1.2778667013435552e-11,1.9797969279973353e-11,1.5121681684604482e-11,-24.52500000066755,6.675477948192565e-10,-6.675477948192565e-10,-2.721907420262004e-11,-24.525000000515938,5.159357385764451e-10,-5.159357385764451e-10,-2.1037135110150666e-11
screenshot_like_simple_start,dop853_strict,DOP853,1e-09,1e-11,1.2565707133917396,-0.7145749827912392,0.0020095195095740735,-0.7145749828164856,0.002009519548159631,2.5246360557673597e-11,3.858555749219894e-11,3.858555749219894e-11,-0.653286911712715,-1.755369802604093,-0.6532869116932,-1.7553698025874716,1.951505623765115e-11,1.6621370946268144e-11,2.5634106032630315e-11,1.951505623765115e-11,-24.525000000742494,7.424922898735531e-10,-7.424922898735531e-10,-3.027491497955364e-11,-24.52500000049835,4.983462531527039e-10,-4.983462531527039e-10,-2.0319928772791185e-11
screenshot_like_simple_start,dop853_strict,DOP853,1e-09,1e-11,1.2615769712140175,-0.7162983332834563,0.0026346050412863233,-0.7162983333291932,0.0026346051116273497,4.5736969767062874e-11,7.034102640635087e-11,7.034102640635087e-11,-0.6539626245384617,-1.7542379245488662,-0.6539626245026177,-1.7542379245186501,3.584399443923303e-11,3.0216051882803185e-11,4.688071809117286e-11,3.584399443923303e-11,-24.525000000886,8.859970535013417e-10,-8.859970535013417e-10,-3.6126281488331976e-11,-24.525000000349017,3.490150390916824e-10,-3.490150390916824e-10,-1.4230990380904481e-11
screenshot_like_simple_start,dop853_strict,DOP853,1e-09,1e-11,1.2665832290362955,-0.7177951168010661,0.0030868351644605368,-0.7177951168579523,0.0030868352533104356,5.6886162447256083e-11,8.884989879248684e-11,8.884989879248684e-11,-0.6546385964293386,-1.753253002421114,-0.6546385963833391,-1.753253002383424,4.5999537512386723e-11,3.7689851239974814e-11,5.946833054529868e-11,4.5999537512386723e-11,-24.52500000089315,8.931486661367671e-10,-8.931486661367671e-10,-3.6417886488757065e-11,-24.525000000192914,1.929123527588672e-10,-1.929123527588672e-10,-7.86594710535646e-12
screenshot_like_simple_start,dop853_strict,DOP853,1e-09,1e-11,1.2715894868585733,-0.7190654993847406,0.0033669581809392204,-0.719065499429632,0.003366958252000395,4.4891423911508355e-11,7.106117473967832e-11,7.106117473967832e-11,-0.6553148694204238,-1.7524159279618021,-0.6553148693831404,-1.752415927931994,3.7283398590659544e-11,2.98081559435559e-11,4.773445266498131e-11,3.7283398590659544e-11,-24.52500000076704,7.670379886803858e-10,-7.670379886803858e-10,-3.127575896759982e-11,-24.52500000021579,2.1578827613666363e-10,-2.1578827613666363e-10,-8.798706468365488e-12
screenshot_like_simple_start,dop853_strict,DOP853,1e-09,1e-11,1.2765957446808511,-0.7201096030344091,0.0034756065732075487,-0.720109603066369,0.0034756066230835006,3.195987918758192e-11,4.9875951892847104e-11,4.9875951892847104e-11,-0.6559914686242225,-1.7517274141500476,-0.6559914685983721,-1.7517274141287977,2.5850432905372145e-11,2.124989073593042e-11,3.3463453762039095e-11,2.5850432905372145e-11,-24.52500000073861,7.386091738226241e-10,-7.386091738226241e-10,-3.011658201111617e-11,-24.525000000350598,3.5059599667874863e-10,-3.5059599667874863e-10,-1.4295453483333276e-11
screenshot_like_simple_start,dop853_strict,DOP853,1e-09,1e-11,1.281602002503129,-0.7209275057042014,0.0034132962037979856,-0.7209275057320348,0.003413296247318346,2.7833402249655137e-11,4.352036049246055e-11,4.352036049246055e-11,-0.6566684027743817,-1.751187997517491,-0.6566684027517699,-1.7511879974989704,2.26118013202381e-11,1.852074049679686e-11,2.9228605637211174e-11,2.26118013202381e-11,-24.525000000737045,7.370424270902731e-10,-7.370424270902731e-10,-3.005269835230471e-11,-24.525000000392772,3.927702607597894e-10,-3.927702607597894e-10,-1.601509727868662e-11
screenshot_like_simple_start,dop853_strict,DOP853,1e-09,1e-11,1.2866082603254068,-0.7215192412675707,0.0031804256018562434,-0.7215192412917684,0.0031804256404962274,2.4197643888612674e-11,3.8639984007576844e-11,3.8639984007576844e-11,-0.6573456646201054,-1.7507980399531617,-0.6573456645996333,-1.7507980399370555,2.0472068484878037e-11,1.610622746284207e-11,2.604834257941078e-11,2.0472068484878037e-11,-24.525000000700928,7.009255398315872e-10,-7.009255398315872e-10,-2.8580042398841474e-11,-24.52500000039425,3.942481896501704e-10,-3.942481896501704e-10,-1.607535941488972e-11
screenshot_like_simple_start,dop853_strict,DOP853,1e-09,1e-11,1.2916145181476846,-0.721884799530193,0.0027772754521129196,-0.7218847995444322,0.002777275476856273,1.4239165402329945e-11,2.4743353199685458e-11,2.4743353199685458e-11,-0.6580232311142259,-1.7505577299468174,-0.65802323110017,-1.7505577299373392,1.4055867580964332e-11,9.478196005829886e-12,1.6952982421347984e-11,1.4055867580964332e-11,-24.52500000060775,6.077485181776865e-10,-6.077485181776865e-10,-2.478077546086387e-11,-24.525000000420864,4.2086156781806494e-10,-4.2086156781806494e-10,-1.716051244925851e-11
screenshot_like_simple_start,dop853_strict,DOP853,1e-09,1e-11,1.2966207759699624,-0.7220241262600505,0.0022040082400772536,-0.7220241262606785,0.0022040082440832843,6.279421427279885e-13,4.006030750181022e-12,4.006030750181022e-12,-0.658701063417706,-1.750467083290829,-0.6587010634141711,-1.7504670832904048,3.534839088104036e-12,4.241051954068098e-13,3.5601899662179854e-12,3.534839088104036e-12,-24.525000000558922,5.589200213762524e-10,-5.589200213762524e-10,-2.278980719169225e-11,-24.525000000539734,5.397318147970509e-10,-5.397318147970509e-10,-2.2007413447382298e-11
screenshot_like_simple_start,dop853_strict,DOP853,1e-09,1e-11,1.3016270337922404,-0.721937123250532,0.0014606680757244482,-0.7219371232489472,0.0014606680738674734,1.584843367652411e-12,1.856974860339755e-12,1.856974860339755e-12,-0.6593791067096847,-1.750525943230247,-0.6593791067103522,-1.7505259432312967,6.674660824046441e-13,1.049826892085548e-12,1.244044804059164e-12,1.1894929485833927e-12,-24.5250000006773,6.772964411538851e-10,-6.772964411538851e-10,-2.761657252411356e-11,-24.52500000067798,6.779785621802148e-10,-6.779785621802148e-10,-2.764438581774576e-11
screenshot_like_simple_start,dop853_strict,DOP853,1e-09,1e-11,1.3066332916145182,-0.7216236484068791,0.0005471806828589486,-0.7216236484237664,0.0005471807057436172,1.688726936066587e-11,2.2884668552519694e-11,2.2884668552519694e-11,-0.6600572898079896,-1.750733980068027,-0.6600572897977828,-1.7507339800568589,1.0206835376891377e-11,1.11681774939143e-11,1.5129695203358698e-11,1.2677858762799588e-11,-24.525000000941,9.409966139628523e-10,-9.409966139628523e-10,-3.836887314833241e-11,-24.525000000693044,6.930420681783289e-10,-6.930420681783289e-10,-2.8258596052123502e-11
screenshot_like_simple_start,dop853_strict,DOP853,1e-09,1e-11,1.311639549436796,-0.7210835158463088,-0.0005366464586646349,-0.7210835158895709,-0.0005366463956242686,4.3262060600568475e-11,6.304036632986953e-11,6.304036632986953e-11,-0.6607355246049229,-1.7510906902326924,-0.6607355245743763,-1.7510906902041645,3.0546565277234095e-11,2.8527846751558172e-11,4.179629996203865e-11,3.2493785440124157e-11,-24.525000001110424,1.1104219765911694e-09,-1.1104219765911694e-09,-4.527714481513432e-11,-24.525000000511806,5.118039325680002e-10,-5.118039325680002e-10,-2.0868661878409792e-11
screenshot_like_simple_start,dop853_strict,DOP853,1e-09,1e-11,1.3166458072590739,-0.7203164960021432,-0.0017911238306801422,-0.7203164960532588,-0.0017911237495399305,5.111555623216191e-11,8.114021173705188e-11,8.114021173705188e-11,-0.6614137053229625,-1.7515953948158818,-0.6614137052802408,-1.7515953947823104,4.272171505448341e-11,3.3571367907825334e-11,5.43339827400775e-11,4.272171505448341e-11,-24.52500000093427,9.342677742552041e-10,-9.342677742552041e-10,-3.80945065955231e-11,-24.5250000002243,2.2429702539739083e-10,-2.2429702539739083e-10,-9.145648334246312e-12
screenshot_like_simple_start,dop853_strict,DOP853,1e-09,1e-11,1.3216520650813517,-0.7193223157292308,-0.0032166794578194833,-0.7193223157787065,-0.003216679374581883,4.947575682479055e-11,8.323760040604422e-11,8.323760040604422e-11,-0.6620917075906338,-1.7522472375827383,-0.662091707544615,-1.7522472375504075,4.60188553930152e-11,3.2330804700109184e-11,5.6240696868369676e-11,4.60188553930152e-11,-24.52500000074897,7.489688869100064e-10,-7.489688869100064e-10,-3.05389964081552e-11,-24.525000000053527,5.352518428480835e-11,-5.352518428480835e-11,-2.182474384701665e-12
screenshot_like_simple_start,dop853_strict,DOP853,1e-09,1e-11,1.3266583229036295,-0.7181006585633578,-0.004813858146831001,-0.718100658596462,-0.004813858089948075,3.310418605906307e-11,5.688292632061165e-11,5.688292632061165e-11,-0.6627693872470521,-1.753045182356916,-0.6627693872150991,-1.7530451823354087,3.195299580482924e-11,2.1507240433038533e-11,3.851694863236135e-11,3.195299580482924e-11,-24.525000000656735,6.567333343809878e-10,-6.567333343809878e-10,-2.6778117609826207e-11,-24.525000000166294,1.6629186916361505e-10,-1.6629186916361505e-10,-6.780504349179002e-12
screenshot_like_simple_start,dop853_strict,DOP853,1e-09,1e-11,1.3316645807259073,-0.7166511649635303,-0.006583320613613093,-0.7166511649817299,-0.006583320582847813,1.8199552975772804e-11,3.076528008044699e-11,3.076528008044699e-11,-0.6634465789751047,-1.753988009896244,-0.6634465789580627,-1.7539880098844916,1.7042034450298615e-11,1.1752376849472057e-11,2.0701432313179966e-11,1.7042034450298615e-11,-24.52500000066271,6.627089987887302e-10,-6.627089987887302e-10,-2.7021773650916625e-11,-24.525000000343674,3.4367175771876646e-10,-3.4367175771876646e-10,-1.4013119580785583e-11
screenshot_like_simple_start,dop853_strict,DOP853,1e-09,1e-11,1.3366708385481854,-0.7149734326438236,-0.008525842350561974,-0.7149734326490502,-0.008525842337962778,5.2265969330278494e-12,1.2599195992057943e-11,1.2599195992057943e-11,-0.6641230946950563,-1.7550743141927598,-0.6641230946864042,-1.7550743141894407,8.652079053206307e-12,3.319122754419368e-12,9.266879075602302e-12,8.652079053206307e-12,-24.52500000049763,4.976286049895862e-10,-4.976286049895862e-10,-2.029066687011564e-11,-24.5250000003596,3.595985731408291e-10,-3.595985731408291e-10,-1.466253101491658e-11
screenshot_like_simple_start,dop853_strict,DOP853,1e-09,1e-11,1.3416770963704632,-0.7130670169562316,-0.01064231229262881,-0.7130670169347825,-0.010642312316990109,2.1449175768850637e-11,2.4361299436059802e-11,2.4361299436059802e-11,-0.6647987217470814,-1.7563024982274407,-0.6647987217552181,-1.7563024982412125,8.13671352517531e-12,1.3771872531265217e-11,1.5995955113971414e-11,1.6223244969637562e-11,-24.52500000011695,1.169482288787549e-10,-1.169482288787549e-10,-4.768531248878894e-12,-24.525000000357764,3.5776182016888924e-10,-3.5776182016888924e-10,-1.4587637927375705e-11
screenshot_like_simple_start,dop853_strict,DOP853,1e-09,1e-11,1.346683354192741,-0.7109314314055044,-0.012933731166725734,-0.7109314313637929,-0.012933731219639507,4.171152312437698e-11,5.291377232208294e-11,5.291377232208294e-11,-0.6654732208078432,-1.757670769133924,-0.6654732208291455,-1.757670769160458,2.130229326269273e-11,2.6534108243936316e-11,3.402714502497518e-11,3.1607050310356044e-11,-24.52499999988633,1.1367262686690083e-10,1.1367262686690083e-10,4.6349694950826024e-12,-24.525000000406934,4.069313774834882e-10,-4.069313774834882e-10,-1.6592512843363432e-11
screenshot_like_simple_start,dop853_strict,DOP853,1e-09,1e-11,1.3516896120150188,-0.708566148340937,-0.015401209462773856,-0.7085661483186076,-0.01540120948946494,2.232936058277346e-11,2.6691083371277458e-11,2.6691083371277458e-11,-0.6661463235135954,-1.7591771327525074,-0.6661463235233286,-1.759177132766627,9.733214234586285e-12,1.4119594382577816e-11,1.7149297503538626e-11,1.6954659898260616e-11,-24.52500000024143,2.4142821075656684e-10,-2.4142821075656684e-10,-9.84416761494666e-12,-24.52500000048508,4.85076867562384e-10,-4.85076867562384e-10,-1.9778873295102303e-11
screenshot_like_simple_start,dop853_strict,DOP853,1e-09,1e-11,1.3566958698372966,-0.70597059983496,-0.018045965012853278,-0.7059705998825143,-0.018045964942168344,4.755429383607179e-11,7.06849336007398e-11,7.06849336007398e-11,-0.6668177297847644,-1.7608193875816023,-0.6668177297502789,-1.760819387552026,3.448552554630169e-11,2.957634137601417e-11,4.543139268606185e-11,3.61879415322619e-11,-24.525000001190875,1.1908731778476067e-09,-1.1908731778476067e-09,-4.85575199937862e-11,-24.525000000484788,4.847855450407224e-10,-4.847855450407224e-10,-1.9766994700946883e-11
screenshot_like_simple_start,dop853_strict,DOP853,1e-09,1e-11,1.3617021276595744,-0.703144178758383,-0.020869320164913406,-0.703144178882156,-0.02086931998647786,1.2377299185573065e-10,1.784355475875632e-10,1.784355475875632e-10,-0.6674871048477503,-1.7625951181369146,-0.6674871047637693,-1.762595118060604,8.398104434093057e-11,7.631051346379536e-11,1.1347294952411098e-10,9.441558646017256e-11,-24.525000002071433,2.071431026706705e-09,-2.071431026706705e-09,-8.446201943758225e-11,-24.525000000365363,3.653610747278435e-10,-3.653610747278435e-10,-1.489749540174693e-11
screenshot_like_simple_start,dop853_strict,DOP853,1e-09,1e-11,1.3667083854818523,-0.7000862400621437,-0.023872698537502506,-0.7000862401856259,-0.023872698357650955,1.2348222444558132e-10,1.7985155031929878e-10,1.7985155031929878e-10,-0.6681540759505479,-1.7645016877320114,-0.668154075865185,-1.764501687656747,8.536282791737904e-11,7.526446132999354e-11,1.1380488359181322e-10,9.443745785375768e-11,-24.52500000194222,1.9422188302087307e-09,-1.9422188302087307e-09,-7.91934283469411e-11,-24.525000000238176,2.381739250267856e-10,-2.381739250267856e-10,-9.711475026576374e-12
screenshot_like_simple_start,dop853_strict,DOP853,1e-09,1e-11,1.3717146433041303,-0.6967961022754131,-0.027057621341975292,-0.6967961023120683,-0.027057621283652945,3.665523440332663e-11,5.832234695191119e-11,5.832234695191119e-11,-0.6688182287697453,-1.766536230697618,-0.6688182287395552,-1.7665362306756718,3.019007266402696e-11,2.194622261697532e-11,3.732394907580208e-11,3.019007266402696e-11,-24.52500000091501,9.150085134024266e-10,-9.150085134024266e-10,-3.730921563312646e-11,-24.525000000261837,2.618349981275969e-10,-2.618349981275969e-10,-1.06762486494433e-11
screenshot_like_simple_start,dop853_strict,DOP853,1e-09,1e-11,1.376720901126408,-0.6932730493915141,-0.030425703033752145,-0.6932730494081266,-0.030425703005164177,1.6612489162071142e-11,2.8587968797788577e-11,2.8587968797788577e-11,-0.6694791034070305,-1.7686956439645807,-0.6694791033912334,-1.768695643954834,1.5797141372786427e-11,9.74664793318425e-12,1.856197245675269e-11,1.5797141372786427e-11,-24.52500000074864,7.48638484537878e-10,-7.48638484537878e-10,-3.0525524344052106e-11,-24.525000000341823,3.418207938921114e-10,-3.418207938921114e-10,-1.3937647049627374e-11
screenshot_like_simple_start,dop853_strict,DOP853,1e-09,1e-11,1.381727158948686,-0.6895163335896658,-0.033978645670595345,-0.6895163336036217,-0.03397864564578079,1.3955947508748068e-11,2.481455319003345e-11,2.481455319003345e-11,-0.6701361897077774,-1.7709765777870234,-0.6701361896937449,-1.7709765777789883,1.4032552897447204e-11,8.035128118422108e-12,1.6170214120385406e-11,1.4032552897447204e-11,-24.525000000751852,7.518501377035136e-10,-7.518501377035136e-10,-3.065647860157038e-11,-24.525000000355714,3.5571190437622136e-10,-3.5571190437622136e-10,-1.4504053185574773e-11
screenshot_like_simple_start,dop853_strict,DOP853,1e-09,1e-11,1.3867334167709637,-0.6855251778518124,-0.0377182332829585,-0.6855251778558525,-0.03771823327231657,4.040101586610945e-12,1.0641931780241976e-11,1.0641931780241976e-11,-0.6707889224965313,-1.7733754262245232,-0.6707889224890243,-1.7733754262223669,7.506995025607921e-12,2.156275158426979e-12,7.810537553417906e-12,7.506995025607921e-12,-24.525000000626612,6.266098750984384e-10,-6.266098750984384e-10,-2.554984200197506e-11,-24.52500000035419,3.5418779020801594e-10,-3.5418779020801594e-10,-1.4441907857615327e-11
screenshot_like_simple_start,dop853_strict,DOP853,1e-09,1e-11,1.3917396745932415,-0.6812987794041092,-0.04164632496876347,-0.6812987793746628,-0.041646325006425934,2.944644528213303e-11,3.766246342573609e-11,3.766246342573609e-11,-0.6714366761687819,-1.775888316878605,-0.671436676183539,-1.7758883168955824,1.475708444331758e-11,1.697730844796297e-11,2.2494455837038613e-11,2.2872703731025013e-11,-24.525000000284273,2.842703850092221e-10,-2.842703850092221e-10,-1.1591045260314864e-11,-24.525000000444827,4.448246215815743e-10,-4.448246215815743e-10,-1.8137599248993854e-11
screenshot_like_simple_start,dop853_strict,DOP853,1e-09,1e-11,1.3967459324155194,-0.6768363137613278,-0.04576484701742642,-0.6768363137141613,-0.045764847080792134,4.7166492933570225e-11,6.336571545251246e-11,6.336571545251246e-11,-0.6720787587940757,-1.7785111000958413,-0.6720787588206061,-1.7785111001224845,2.653033348565259e-11,2.6643132144954507e-11,3.7599402726020096e-11,3.676903226335071e-11,-24.52500000020255,2.0254731225577416e-10,-2.0254731225577416e-10,-8.25880987791128e-12,-24.525000000566248,5.66245716981939e-10,-5.66245716981939e-10,-2.3088510376429725e-11
screenshot_like_simple_start,dop853_strict,DOP853,1e-09,1e-11,1.4017521902377972,-0.6721369395933874,-0.050075783755149386,-0.6721369395923289,-0.05007578375187566,1.0584866316776242e-12,3.273728510500007e-12,3.273728510500007e-12,-0.6727144056169323,-1.781239337601642,-0.6727144056128345,-1.781239337602465,4.097833183891453e-12,8.22897305852166e-13,4.179640747597898e-12,4.097833183891453e-12,-24.525000000812035,8.120331074223941e-10,-8.120331074223941e-10,-3.311042232099466e-11,-24.52500000054856,5.485567555751913e-10,-5.485567555751913e-10,-2.2367247933748882e-11
screenshot_like_simple_start,dop853_strict,DOP853,1e-09,1e-11,1.4067584480600752,-0.6671998044737174,-0.05458116703059948,-0.6671998045601715,-0.0545811669003126,8.64540661282831e-11,1.3028687850802356e-10,1.3028687850802356e-10,-0.6733427719526732,-1.7840682906433298,-0.673342771890495,-1.7840682905969407,6.217826253873682e-11,4.638911477172769e-11,7.757632565184179e-11,6.791456286237008e-11,-24.525000001736082,1.7360797244236892e-09,-1.7360797244236892e-09,-7.078816409474777e-11,-24.525000000343432,3.43430173188608e-10,-3.43430173188608e-10,-1.4003269039290845e-11
screenshot_like_simple_start,dop853_strict,DOP853,1e-09,1e-11,1.411764705882353,-0.6620240515584368,-0.05928306427508884,-0.6620240516673022,-0.05928306411142042,1.088653611702739e-10,1.636684190953197e-10,1.636684190953197e-10,-0.6739629254879144,-1.7869929077454945,-0.6739629254104009,-1.7869929076882705,7.751344011097672e-11,5.722400331364952e-11,9.634791099488637e-11,8.586753530437363e-11,-24.525000001822313,1.822311190835535e-09,-1.822311190835535e-09,-7.430422796475168e-11,-24.525000000144956,1.4495427080873924e-10,-1.4495427080873924e-10,-5.9104697577467575e-12
screenshot_like_simple_start,dop853_strict,DOP853,1e-09,1e-11,1.4167709637046308,-0.6566088272453281,-0.06418356507137277,-0.6566088272708268,-0.06418356502827238,2.5498714251170895e-11,4.3100384372607436e-11,4.3100384372607436e-11,-0.6745738380018375,-1.790007812199903,-0.6745738379790226,-1.7900078121871021,2.2814861111442042e-11,1.2800871473928055e-11,2.6160661268905557e-11,2.2814861111442042e-11,-24.525000000856938,8.569358556087536e-10,-8.569358556087536e-10,-3.49413192908768e-11,-24.52500000022309,2.2308910274659866e-10,-2.2308910274659866e-10,-9.096395626772626e-12
screenshot_like_simple_start,dop853_strict,DOP853,1e-09,1e-11,1.4217772215269087,-0.6509532901238617,-0.06928476579050205,-0.6509532901326903,-0.0692847657726707,8.828604514121707e-12,1.783134750965587e-11,1.783134750965587e-11,-0.6751743763661024,-1.7931072892999722,-0.6751743763553371,-1.793107289295857,1.0765388580580293e-11,4.115152663075605e-12,1.1525106191758357e-11,1.0765388580580293e-11,-24.52500000082673,8.26727131197913e-10,-8.26727131197913e-10,-3.370956702132163e-11,-24.525000000337723,3.377209623067756e-10,-3.377209623067756e-10,-1.3770477566025509e-11
screenshot_like_simple_start,dop853_strict,DOP853,1e-09,1e-11,1.4267834793491865,-0.6450566218657829,-0.07458875137576008,-0.6450566218783113,-0.07458875135207875,1.2528311721382579e-11,2.3681334671010745e-11,2.3681334671010745e-11,-0.6757632924885224,-1.79628527321008,-0.6757632924749178,-1.7962852732043122,1.3604561921454206e-11,5.767830657532613e-12,1.477673764972008e-11,1.3604561921454206e-11,-24.52500000082303,8.230287562582816e-10,-8.230287562582816e-10,-3.355876681990954e-11,-24.525000000293108,2.9310598392839893e-10,-2.9310598392839893e-10,-1.195131432939445e-11
screenshot_like_simple_start,dop853_strict,DOP853,1e-09,1e-11,1.4317897371714643,-0.6389180390897472,-0.08009757565843455,-0.6389180390854196,-0.08009757565920182,4.32764934998886e-12,7.672751323184457e-13,4.32764934998886e-12,-0.6763392128965815,-1.7995353342276244,-0.6763392128938723,-1.7995353342301437,2.709166224690307e-12,2.5193180874794052e-12,3.699533113637939e-12,3.4739988663545773e-12,-24.525000000835313,8.35310487445895e-10,-8.35310487445895e-10,-3.4059550966193473e-11,-24.52500000026557,2.6556890020401624e-10,-2.6556890020401624e-10,-1.0828497459898725e-11
screenshot_like_simple_start,dop853_strict,DOP853,1e-09,1e-11,1.436795994993742,-0.6325368072585391,-0.08581323870419566,-0.632536807221218,-0.08581323875198688,3.73211461734968e-11,4.77912154295268e-11,4.77912154295268e-11,-0.676900627391482,-1.8028506661753916,-0.6769006274089967,-1.8028506661933594,1.7514656391881545e-11,1.7967849430533533e-11,2.5091966875556033e-11,3.010069971054463e-11,-24.525000000813524,8.135216944538115e-10,-8.135216944538115e-10,-3.317111903991076e-11,-24.525000000064377,6.437517185986508e-11,-6.437517185986508e-11,-2.624879586538841e-12
screenshot_like_simple_start,dop853_strict,DOP853,1e-09,1e-11,1.4418022528160201,-0.6259122565534103,-0.09173766127093119,-0.6259122565150649,-0.09173766131904737,3.834543793601597e-11,4.8116177708834584e-11,4.8116177708834584e-11,-0.677445876922024,-1.8062240743049118,-0.6774458769388616,-1.8062240743229685,1.6837642391465124e-11,1.8056667272503546e-11,2.4689054949364993e-11,3.1076252682282757e-11,-24.52500000093706,9.370566544930625e-10,-9.370566544930625e-10,-3.8208222405425585e-11,-24.524999999933787,6.621547754548374e-11,6.621547754548374e-11,2.699917534984046e-12
screenshot_like_simple_start,dop853_strict,DOP853,1e-09,1e-11,1.446808510638298,-0.6190438000458657,-0.097872655927285,-0.6190438000664202,-0.09787265589034343,2.0554558055607686e-11,3.6941574799165267e-11,3.6941574799165267e-11,-0.6779731406148822,-1.8096479639537515,-0.6779731405948577,-1.8096479639454344,2.0024537583651636e-11,8.317124766676898e-12,2.168309640765237e-11,2.0024537583651636e-11,-24.525000001670968,1.6709655881186336e-09,-1.6709655881186336e-09,-6.813315344010738e-11,-24.525000000118343,1.1834089264084469e-10,-1.1834089264084469e-10,-4.825316723377969e-12
screenshot_like_simple_start,dop853_strict,DOP853,1e-09,1e-11,1.4518147684605758,-0.6119309542894649,-0.10421989466837839,-0.6119309543807041,-0.10421989453109812,9.123923838671999e-11,1.3728027048465208e-10,1.3728027048465208e-10,-0.6784804220469883,-1.8131143303556252,-0.6784804219851358,-1.8131143303174944,6.18525231033118e-11,3.8130831825355926e-11,7.266150941137471e-11,7.468292650969488e-11,-24.525000002815545,2.815543354017791e-09,-2.815543354017791e-09,-1.1480299098951237e-10,-24.52500000040009,4.000888509381184e-10,-4.000888509381184e-10,-1.6313510741615428e-11
screenshot_like_simple_start,dop853_strict,DOP853,1e-09,1e-11,1.4568210262828536,-0.604573362449152,-0.11078087287245039,-0.6045733625224068,-0.11078087276243835,7.325473561081708e-11,1.1001204114347019e-10,1.1001204114347019e-10,-0.6789655348683792,-1.8166147500582661,-0.6789655348193114,-1.8166147500287897,4.9067749863240806e-11,2.9476421303797906e-11,5.724075025294968e-11,6.026990018170864e-11,-24.525000002578917,2.5789148594412836e-09,-2.5789148594412836e-09,-1.0515453045632145e-10,-24.52500000043552,4.35516511743117e-10,-4.35516511743117e-10,-1.7758063679637798e-11
screenshot_like_simple_start,dop853_strict,DOP853,1e-09,1e-11,1.4618272841051314,-0.596970820085616,-0.11755686944216272,-0.5969708200747826,-0.11755686945225806,1.0833334229687352e-11,1.0095341229643395e-11,1.0833334229687352e-11,-0.679426087904398,-1.820140374459642,-0.679426087905464,-1.8201403744645477,1.0660361482450753e-12,4.905631456608717e-12,5.020124804965924e-12,8.959610831027476e-12,-24.525000000577833,5.778311162885075e-10,-5.778311162885075e-10,-2.3560901785464114e-11,-24.525000000421922,4.219202764943475e-10,-4.219202764943475e-10,-1.720368099875015e-11
screenshot_like_simple_start,dop853_strict,DOP853,1e-09,1e-11,1.4668335419274092,-0.5891233041254399,-0.1245489023706031,-0.5891233041392544,-0.12454890234528941,1.3814505095410823e-11,2.5313695584117113e-11,2.5313695584117113e-11,-0.6798594696322657,-1.8236819258759658,-0.6798594696186339,-1.8236819258714347,1.3631873407859985e-11,4.531042208100189e-12,1.4365177203901998e-11,1.3631873407859985e-11,-24.52500000093177,9.317666638253286e-10,-9.317666638253286e-10,-3.79925245188717e-11,-24.525000000365935,3.659330616301304e-10,-3.659330616301304e-10,-1.4920818007344765e-11
screenshot_like_simple_start,dop853_strict,DOP853,1e-09,1e-11,1.471839799749687,-0.5810310055740593,-0.13175767894299914,-0.5810310055927338,-0.1317576789105449,1.8674506385707446e-11,3.2454233744871885e-11,3.2454233744871885e-11,-0.6802628319619458,-1.827229696659969,-0.6802628319453828,-1.8272296966539827,1.656297321517286e-11,5.986322548778844e-12,1.7611591052047276e-11,1.656297321517286e-11,-24.525000000933876,9.338734230368573e-10,-9.338734230368573e-10,-3.807842703514198e-11,-24.525000000340675,3.4067326737385883e-10,-3.4067326737385883e-10,-1.3890856977527372e-11
screenshot_like_simple_start,dop853_strict,DOP853,1e-09,1e-11,1.476846057571965,-0.5726943644956,-0.139183542724439,-0.5726943645823889,-0.13918354259447652,8.678890939251005e-11,1.299624852180159e-10,1.299624852180159e-10,-0.6806330745001072,-1.8307735527093296,-0.6806330744443428,-1.8307735526803293,5.5764393103174825e-11,2.900035767083864e-11,6.285450089851944e-11,7.294120862866293e-11,-24.525000002328177,2.3281749861325807e-09,-2.3281749861325807e-09,-9.49306824111144e-11,-24.525000000032957,3.2954972084553447e-11,-3.2954972084553447e-11,-1.343729748605645e-12
screenshot_like_simple_start,dop853_strict,DOP853,1e-09,1e-11,1.481852315394243,-0.5641141091834987,-0.14682641457258475,-0.5641141093353973,-0.14682641435075078,1.5189860480546713e-10,2.218339678616843e-10,2.218339678616843e-10,-0.6809668284401371,-1.834302941446384,-0.6809668283490539,-1.834302941397623,9.108325205176016e-11,4.8760995241536875e-11,1.0331405258371028e-10,1.2836387508485814e-10,-24.525000003629383,3.6293812399890157e-09,-3.6293812399890157e-09,-1.479870026499089e-10,-24.52499999997473,2.5270452397307963e-11,2.5270452397307963e-11,1.0303956125303959e-12
screenshot_like_simple_start,dop853_strict,DOP853,1e-09,1e-11,1.4868585732165207,-0.5552912983825709,-0.15468572931561225,-0.555291298422775,-0.1546857292549178,4.0204173323843406e-11,6.06944494663253e-11,6.06944494663253e-11,-0.6812604410791147,-1.8378069056038002,-0.6812604410533083,-1.8378069055919561,2.5806357051294526e-11,1.1844081271306095e-11,2.8394547459331035e-11,3.416333882455547e-11,-24.52500000262509,2.6250894791246537e-09,-2.6250894791246537e-09,-1.070372876299553e-10,-24.525000000471504,4.715019485956873e-10,-4.715019485956873e-10,-1.9225359779640663e-11
screenshot_like_simple_start,dop853_strict,DOP853,1e-09,1e-11,1.4918648310387985,-0.5462273664471646,-0.16276036827083296,-0.5462273662430717,-0.16276036855584564,2.040929647506573e-10,2.8501268012348646e-10,2.8501268012348646e-10,-0.6815099613558533,-1.8412741037356728,-0.6815099614627036,-1.841274103795508,1.0685030638057924e-10,5.983524786756789e-11,1.2246323881474367e-10,1.7439549804265653e-10,-24.52500000059481,5.948095349594951e-10,-5.948095349594951e-10,-2.4253192047278084e-11,-24.5250000007267,7.266969248576061e-10,-7.266969248576061e-10,-2.9630863398883015e-11
screenshot_like_simple_start,dop853_strict,DOP853,1e-09,1e-11,1.4968710888610763,-0.5369241715386452,-0.17104858747888674,-0.5369241712893643,-0.1710485878229881,2.4928092923204304e-10,3.4410135851814516e-10,3.4410135851814516e-10,-0.6817111267052076,-1.8446928383249093,-0.6817111268300838,-1.844692838393844,1.2487622047530067e-10,6.893463577739567e-11,1.4263959636075147e-10,2.1420365481361614e-10,-24.525000000202134,2.021316447553545e-10,-2.021316447553545e-10,-8.241861152104159e-12,-24.52500000042547,4.254694374594692e-10,-4.254694374594692e-10,-1.734839704218019e-11
screenshot_like_simple_start,dop853_strict,DOP853,1e-09,1e-11,1.5018773466833542,-0.5273840469653288,-0.1795479415285932,-0.5273840469282999,-0.17954794157520199,3.702893547341546e-11,4.660877239714978e-11,4.660877239714978e-11,-0.681859351542311,-1.8480510923941493,-0.6818593515561728,-1.8480510924044615,1.3861800596259855e-11,1.0312195541928304e-11,1.727688897531717e-11,3.1997737792721637e-11,-24.52500000046319,4.631885985872941e-10,-4.631885985872941e-10,-1.888638526349823e-11,-24.525000000420967,4.2096459651475016e-10,-4.2096459651475016e-10,-1.7164713415484206e-11
screenshot_like_simple_start,dop853_strict,DOP853,1e-09,1e-11,1.5068836045056322,-0.5176098543656918,-0.1882552048177179,-0.5176098543361815,-0.18825520485335684,2.9510394128351436e-11,3.563893624658476e-11,3.563893624658476e-11,-0.6819497184231725,-1.851336575881042,-0.6819497184325372,-1.8513365758889742,9.364620190410733e-12,7.932099421736893e-12,1.2272502293622402e-11,2.5644653067757872e-11,-24.525000000472314,4.723119673144538e-10,-4.723119673144538e-10,-1.92583880658289e-11,-24.525000000410195,4.1019276864062704e-10,-4.1019276864062704e-10,-1.6725495153542384e-11
screenshot_like_simple_start,dop853_strict,DOP853,1e-09,1e-11,1.51188986232791,-0.5076050361704745,-0.19716629388801665,-0.5076050361585999,-0.1971662938978962,1.1874612404483287e-11,9.87954162923188e-12,1.1874612404483287e-11,-0.6819769735115037,-1.8545367830851949,-0.6819769735108144,-1.8545367830890318,6.892264536872972e-13,3.836930773104541e-12,3.8983420658093845e-12,1.03773656334738e-11,-24.52500000055226,5.522586832285015e-10,-5.522586832285015e-10,-2.2518192996065296e-11,-24.52500000038801,3.880096244301967e-10,-3.880096244301967e-10,-1.582098366687856e-11
screenshot_like_simple_start,dop853_strict,DOP853,1e-09,1e-11,1.5168961201501878,-0.4973736702090493,-0.2062761868469098,-0.4973736702068363,-0.2062761868445161,2.2130075549853245e-12,2.3936963522430688e-12,2.3936963522430688e-12,-0.6819355251300004,-1.8576390609918274,-0.6819355251257126,-1.8576390609933737,4.287792343404817e-12,1.546318628697918e-12,4.558098779274006e-12,4.287792343404817e-12,-24.525000000782065,7.820624148280331e-10,-7.820624148280331e-10,-3.188837573202989e-11,-24.525000000524138,5.241354017471167e-10,-5.241354017471167e-10,-2.13714740773544e-11
screenshot_like_simple_start,dop853_strict,DOP853,1e-09,1e-11,1.5219023779724656,-0.4869205218591025,-0.21557884637040106,-0.48692052180407575,-0.21557884644427586,5.502676092561387e-11,7.387479517007023e-11,7.387479517007023e-11,-0.6818194479665353,-1.860630689949696,-0.6818194479900686,-1.8606306899596405,2.353328643067698e-11,9.944489676172452e-12,2.55481593299358e-11,4.863148772571435e-11,-24.525000000234915,2.349125338696467e-10,-2.349125338696467e-10,-9.57849271639742e-12,-24.525000000688344,6.883418279812759e-10,-6.883418279812759e-10,-2.8066945075689127e-11
screenshot_like_simple_start,dop853_strict,DOP853,1e-09,1e-11,1.5269086357947435,-0.47625109306123153,-0.22506714729256438,-0.47625109297185036,-0.22506714741298312,8.938116913270733e-11,1.204187305425819e-10,1.204187305425819e-10,-0.6816224933352037,-1.8634989767223167,-0.6816224933731507,-1.8634989767364192,3.7946978892478e-11,1.4102496947998588e-11,4.0482757159492985e-11,7.943479207739301e-11,-24.524999999508218,4.917843909879593e-10,4.917843909879593e-10,2.0052370682485597e-11,-24.525000000384694,3.8469138985419704e-10,-3.8469138985419704e-10,-1.5685683582230256e-11
screenshot_like_simple_start,dop853_strict,DOP853,1e-09,1e-11,1.5319148936170213,-0.46537166666725066,-0.23473281097836496,-0.4653716666232827,-0.23473281103503488,4.396794039962515e-11,5.666991875763472e-11,5.666991875763472e-11,-0.6813381061974959,-1.8662313597754183,-0.6813381062133196,-1.8662313597819686,1.582367570307497e-11,6.5503158452884236e-12,1.7125867873749397e-11,3.929212510911384e-11,-24.525000000518055,5.180531559290102e-10,-5.180531559290102e-10,-2.1123472209133953e-11,-24.525000000439743,4.397406883072108e-10,-4.397406883072108e-10,-1.7930303294891365e-11
screenshot_like_simple_start,dop853_strict,DOP853,1e-09,1e-11,1.536921151439299,-0.45428934397293924,-0.24456634955264642,-0.4542893439157397,-0.24456634962853363,5.7199522895956534e-11,7.58872131800814e-11,7.58872131800814e-11,-0.6809594497848795,-1.868815526278595,-0.6809594498071105,-1.8688155262853205,2.2230994822791672e-11,6.725509038574273e-12,2.3226054392404544e-11,5.1397941458475316e-11,-24.525000000453876,4.538733833214792e-10,-4.538733833214792e-10,-1.8506559972333504e-11,-24.52500000061278,6.12779160746868e-10,-6.12779160746868e-10,-2.4985898501401344e-11
screenshot_like_simple_start,dop853_strict,DOP853,1e-09,1e-11,1.5419274092615771,-0.44301207223157346,-0.25455702455306817,-0.443012072149253,-0.2545570246656238,8.232048376299872e-11,1.1255563148182546e-10,1.1255563148182546e-10,-0.6804794389420347,-1.871239539779038,-0.6804794389765896,-1.8712395397859822,3.455491448534076e-11,6.944222974425429e-12,3.524577063716653e-11,7.437367388618554e-11,-24.525000000237434,2.374314078679163e-10,-2.374314078679163e-10,-9.68119909757049e-12,-24.525000000937723,9.377210119509982e-10,-9.377210119509982e-10,-3.823531139453611e-11
screenshot_like_simple_start,dop853_strict,DOP853,1e-09,1e-11,1.546933667083855,-0.43154866127229913,-0.2646928212908838,-0.43154866119942337,-0.26469282138753175,7.287576098136128e-11,9.66479674069376e-11,9.66479674069376e-11,-0.6798907819484583,-1.8734919765545914,-0.6798907819755459,-1.8734919765597895,2.7087554421711957e-11,5.198064201294983e-12,2.758179609796997e-11,6.619449433031832e-11,-24.525000000157295,1.5729284541521338e-10,-1.5729284541521338e-10,-6.413571678500035e-12,-24.52500000078076,7.807585689079133e-10,-7.807585689079133e-10,-3.183521178013917e-11
screenshot_like_simple_start,dop853_strict,DOP853,1e-09,1e-11,1.5519399249061328,-0.4199087859463845,-0.2749604435924284,-0.4199087859627085,-0.2749604435593193,1.6323997709122295e-11,3.310907104037142e-11,3.310907104037142e-11,-0.6791860314801462,-1.8755620682942231,-0.6791860314631868,-1.8755620682965577,1.6959433857266504e-11,2.334576976181779e-12,1.7119364661596395e-11,1.6959433857266504e-11,-24.524999999670122,3.298801232176629e-10,3.298801232176629e-10,1.3450769550159547e-11,-24.525000000646003,6.460005863573315e-10,-6.460005863573315e-10,-2.6340492817832065e-11
screenshot_like_simple_start,dop853_strict,DOP853,1e-09,1e-11,1.5569461827284106,-0.4081029731572642,-0.2853453307236023,-0.40810297318846406,-0.2853453306724673,3.119987601607477e-11,5.113498513509285e-11,5.113498513509285e-11,-0.6783576441465302,-1.877439847864002,-0.6783576441261006,-1.8774398478660137,2.0429657965337356e-11,2.0117241206207837e-12,2.052846702796289e-11,2.863759229754237e-11,-24.52499999904415,9.558505098539172e-10,9.558505098539172e-10,3.8974536589354415e-11,-24.525000000347205,3.4720315511549416e-10,-3.4720315511549416e-10,-1.415711131969395e-11
screenshot_like_simple_start,dop853_strict,DOP853,1e-09,1e-11,1.5619524405506884,-0.39614257096371025,-0.29583170010547244,-0.3961425709154099,-0.2958317001683268,4.83003637086199e-11,6.285438836073354e-11,6.285438836073354e-11,-0.6773980483939654,-1.8791162943871733,-0.6773980484095297,-1.8791162943874862,1.556421658222007e-11,3.128608483393691e-13,1.5567360718139663e-11,4.455980029405282e-11,-24.525000000562077,5.620748311230273e-10,-5.620748311230273e-10,-2.291844367474117e-11,-24.52500000035976,3.597584452563751e-10,-3.597584452563751e-10,-1.4669049755611624e-11
screenshot_like_simple_start,dop853_strict,DOP853,1e-09,1e-11,1.5669586983729662,-0.384039699154787,-0.3064026167082752,-0.3840396990725262,-0.30640261682104336,8.226075376427389e-11,1.1276818367988994e-10,1.1276818367988994e-10,-0.6762997194549449,-1.8805834732512663,-0.6762997194861922,-1.8805834732480724,3.124722702807503e-11,3.1938895972416503e-12,3.1410032277975e-11,7.626876907806945e-11,-24.52500000056831,5.683062909156433e-10,-5.683062909156433e-10,-2.317252970094366e-11,-24.52500000030111,3.0110669513305766e-10,-3.0110669513305766e-10,-1.227754108595546e-11
screenshot_like_simple_start,dop853_strict,DOP853,1e-09,1e-11,1.571964956195244,-0.3718071817594398,-0.3170400885075234,-0.37180718158282916,-0.31704008875729683,1.7661061502138864e-10,2.4977342416576676e-10,2.4977342416576676e-10,-0.6750552594457196,-1.8818346664448853,-0.6750552595185018,-1.8818346664311796,7.278211366923415e-11,1.3705703238997557e-11,7.406134195001323e-11,1.645432123886792e-10,-24.52500000050521,5.052065432664676e-10,-5.052065432664676e-10,-2.059965517906086e-11,-24.525000000183343,1.8334134210817865e-10,-1.8334134210817865e-10,-7.47569182907966e-12
screenshot_like_simple_start,dop853_strict,DOP853,1e-09,1e-11,1.576971214017522,-0.35945846022392475,-0.3277251898585984,-0.3594584600486496,-0.3277251900994179,1.7527512774506704e-10,2.408195309833161e-10,2.408195309833161e-10,-0.6736574814000358,-1.8828644884343122,-0.6736574814639653,-1.8828644884184507,6.392952833778054e-11,1.5861534308214686e-11,6.586784393087235e-11,1.6407281089314552e-10,-24.525000000324738,3.247357938107598e-10,-3.247357938107598e-10,-1.3241010960683375e-11,-24.525000000061024,6.10214101470774e-11,-6.10214101470774e-11,-2.4881308928471927e-12
screenshot_like_simple_start,dop853_strict,DOP853,1e-09,1e-11,1.5819774718397999,-0.3470074899768057,-0.33843820896196464,-0.3470074900649787,-0.3384382088214973,8.817302443731023e-11,1.404673599658679e-10,1.404673599658679e-10,-0.6720994942809996,-1.883668983038016,-0.6720994942314178,-1.8836689830546671,4.9581783123642253e-11,1.6651124923328098e-11,5.2303089573486706e-11,8.291745068333967e-11,-24.525000001885086,1.885084088826261e-09,-1.885084088826261e-09,-7.686377528343571e-11,-24.524999999973677,2.6325608359911712e-11,2.6325608359911712e-11,1.0734193011177049e-12
screenshot_like_simple_start,dop853_strict,DOP853,1e-09,1e-11,1.5869837296620777,-0.3344686232971861,-0.34915881532247756,-0.33446862347462203,-0.34915881506298263,1.7743595481789498e-10,2.5949492554744324e-10,2.5949492554744324e-10,-0.670374786145558,-1.8842456974183053,-0.6703747860693241,-1.884245697448834,7.623390807509622e-11,3.052869068653763e-11,8.211948426187606e-11,1.6760332011145351e-10,-24.525000003363964,3.363961553759509e-09,-3.363961553759509e-09,-1.371645893479922e-10,-24.52500000039396,3.9395686712850875e-10,-3.9395686712850875e-10,-1.60634808207343e-11
screenshot_like_simple_start,dop853_strict,DOP853,1e-09,1e-11,1.5919899874843555,-0.3218564792540124,-0.3598662461650939,-0.3218564792116239,-0.35986624621864105,4.238848161364217e-11,5.3547166700695925e-11,5.3547166700695925e-11,-0.6684773037207471,-1.8845937296832105,-0.6684773037306524,-1.8845937296777628,9.905298803403184e-12,5.447642337230718e-12,1.1304501378614145e-11,4.021183386271332e-11,-24.52500000034065,3.4064839837810723e-10,-3.4064839837810723e-10,-1.3889842951197032e-11,-24.525000000300494,3.0049207566662517e-10,-3.0049207566662517e-10,-1.2252480149505613e-11
screenshot_like_simple_start,dop853_strict,DOP853,1e-09,1e-11,1.5969962453066333,-0.3091858056568755,-0.37053950481881837,-0.30918580563207915,-0.3705395048472436,2.479633165464179e-11,2.8425206632931577e-11,2.8425206632931577e-11,-0.6664015252195225,-1.8847137478807814,-0.6664015252223979,-1.884713747878033,2.8754776337791554e-12,2.7484681197620375e-12,3.977744163179985e-12,2.3620549960412518e-11,-24.525000000406543,4.065405789788201e-10,-4.065405789788201e-10,-1.657657814388665e-11,-24.52499999995409,4.5911718871138874e-11,4.5911718871138874e-11,1.872037466713104e-12
screenshot_like_simple_start,dop853_strict,DOP853,1e-09,1e-11,1.6020025031289111,-0.29647134040938383,-0.38115756057895206,-0.2964713404413611,-0.38115756052570987,3.19772541779173e-11,5.3242188435831395e-11,5.3242188435831395e-11,-0.6641425228078962,-1.8846079801011086,-0.6641425227890572,-1.8846079801115723,1.8839041437956894e-11,1.0463629962487175e-11,2.1549873185077362e-11,3.058220343632456e-11,-24.52500000021581,2.1580959241873643e-10,-2.1580959241873643e-10,-8.799575633791495e-12,-24.524999999031124,9.688783109140786e-10,9.688783109140786e-10,3.950574152554856e-11
screenshot_like_simple_start,dop853_strict,DOP853,1e-09,1e-11,1.607008760951189,-0.2837276712480365,-0.3916995515287716,-0.2837276712853152,-0.391699551470056,3.727868014280489e-11,5.871564345838465e-11,5.871564345838465e-11,-0.6616960148309666,-1.8842801750881693,-0.6616960148124862,-1.8842801751001488,1.8480439401002968e-11,1.1979528480310364e-11,2.2023527035075695e-11,3.5788205732245615e-11,-24.524999999911387,8.86153372903209e-11,8.86153372903209e-11,3.6132655368122686e-12,-24.524999998521956,1.4780461299324088e-09,1.4780461299324088e-09,6.026691661294225e-11
screenshot_like_simple_start,dop853_strict,DOP853,1e-09,1e-11,1.612015018773467,-0.27096910238953226,-0.40214497819690265,-0.27096910225439685,-0.40214497838848134,1.3513540286780312e-10,1.9157869735053623e-10,1.9157869735053623e-10,-0.6590584046702223,-1.8837355356876984,-0.6590584047163129,-1.8837355356488867,4.609068682270845e-11,3.881162058405607e-11,6.025523466180938e-11,1.3020456934853541e-10,-24.5250000021163,2.1162982477562764e-09,-2.1162982477562764e-09,-8.629146779842105e-11,-24.524999998033856,1.966146356835452e-09,1.966146356835452e-09,8.01690665376331e-11
screenshot_like_simple_start,dop853_strict,DOP853,1e-09,1e-11,1.6170212765957448,-0.2582095300244161,-0.4124738852818562,-0.2582095298492909,-0.41247388552768466,1.751251921255914e-10,2.458284686923662e-10,2.458284686923662e-10,-0.656226806113883,-1.8829806275150678,-0.6562268061697747,-1.882980627461239,5.589173568409933e-11,5.3828719259740865e-11,7.759779078636981e-11,1.693195583740703e-10,-24.525000002889307,2.889304795417047e-09,-2.889304795417047e-09,-1.1781059308530262e-10,-24.524999999345972,6.540297192714206e-10,6.540297192714206e-10,2.666787846162775e-11
screenshot_like_simple_start,dop853_strict,DOP853,1e-09,1e-11,1.6220275344180226,-0.24546233192160183,-0.4226670239152434,-0.24546233186143782,-0.4226670239938396,6.016401266073501e-11,7.85961851157424e-11,7.85961851157424e-11,-0.6531990543135486,-1.8820232670761747,-0.6531990543268676,-1.8820232670585553,1.3319012559520615e-11,1.761946144540616e-11,2.2087134653160014e-11,5.836059413510952e-11,-24.52500000039072,3.907167922534427e-10,-3.907167922534427e-10,-1.5931367675981352e-11,-24.52500000035822,3.582165675197757e-10,-3.582165675197757e-10,-1.4606180123130507e-11
screenshot_like_simple_start,dop853_strict,DOP853,1e-09,1e-11,1.6270337922403004,-0.2327402723275921,-0.43270599274955895,-0.23274027227381755,-0.4327059928189045,5.377454037613916e-11,6.934552931880944e-11,6.934552931880944e-11,-0.6499737032328277,-1.8808723933957547,-0.6499737032434572,-1.880872393379079,1.0629497282366174e-11,1.6675771874474776e-11,1.977542869536218e-11,5.232467237270555e-11,-24.525000000397092,3.970903605932108e-10,-3.970903605932108e-10,-1.6191248138357216e-11,-24.525000000347614,3.476117171885562e-10,-3.476117171885562e-10,-1.4173770323692403e-11
screenshot_like_simple_start,dop853_strict,DOP853,1e-09,1e-11,1.6320400500625782,-0.2200554236257544,-0.44257335571109824,-0.22005542365776393,-0.4425733556526616,3.200953391235828e-11,5.843664441229635e-11,5.843664441229635e-11,-0.6465500105578893,-1.8795379277261777,-0.6465500105363204,-1.879537927744217,2.156885781090523e-11,1.8039347793319394e-11,2.8118209332661723e-11,3.123762359891202e-11,-24.524999999884535,1.1546674727469508e-10,1.1546674727469508e-10,4.708124251771461e-12,-24.525000001103137,1.1031353608359495e-09,-1.1031353608359495e-09,-4.498003510034452e-11
screenshot_like_simple_start,dop853_strict,DOP853,1e-09,1e-11,1.637046307884856,-0.20741910758934917,-0.4522527323029658,-0.20741910764210847,-0.45225273221375784,5.275929693127068e-11,8.92079743408658e-11,8.92079743408658e-11,-0.6429279107957235,-1.8780306268446825,-0.6429279107671126,-1.8780306268728006,2.8610891433800134e-11,2.811817445547149e-11,4.0115020171315225e-11,5.1628451513963114e-11,-24.524999999825905,1.7409718111593975e-10,1.7409718111593975e-10,7.09876375600162e-12,-24.525000001380608,1.3806058518639475e-09,-1.3806058518639475e-09,-5.62938165897634e-11
screenshot_like_simple_start,dop853_strict,DOP853,1e-09,1e-11,1.6420525657071339,-0.19484185427458184,-0.4617288631667854,-0.1948418541007496,-0.4617288634171006,1.7383222639111295e-10,2.5031521300178383e-10,2.5031521300178383e-10,-0.6391079789237667,-1.8763619338727073,-0.6391079789773269,-1.8763619337948487,5.356015631008404e-11,7.785860844933268e-11,9.450213359298896e-11,1.7054302414720723e-10,-24.52499999994909,5.091038701721118e-11,5.091038701721118e-11,2.0758567591115667e-12,-24.525000000115217,1.1521450460350025e-10,-1.1521450460350025e-10,-4.69783912756372e-12
screenshot_like_simple_start,dop853_strict,DOP853,1e-09,1e-11,1.647058823529412,-0.18233337842442146,-0.4709876509862787,-0.1823333782313697,-0.47098765127099845,1.930517690151845e-10,2.847197477784391e-10,2.847197477784391e-10,-0.6350913862616079,-1.8745438309192926,-0.6350913863254759,-1.8745438308251015,6.38680219822163e-11,9.419109936459336e-11,1.1380284456652023e-10,1.8985160665785372e-10,-24.52500000024721,2.4720847591197526e-10,-2.4720847591197526e-10,-1.0079856306298685e-11,-24.52499999958111,4.1889336444000946e-10,4.1889336444000946e-10,1.7080259508257265e-11
screenshot_like_simple_start,dop853_strict,DOP853,1e-09,1e-11,1.6520650813516897,-0.16990257337080636,-0.4800161766418438,-0.1699025733022187,-0.48001617673255614,6.858766332662469e-11,9.071232653923289e-11,9.071232653923289e-11,-0.6308798501428337,-1.8725886977248583,-0.6308798501556943,-1.8725886976945652,1.2860601472652888e-11,3.029310136071217e-11,3.290998420371519e-11,6.7600092190645e-11,-24.5250000004543,4.5429615624925646e-10,-4.5429615624925646e-10,-1.8523798419949292e-11,-24.52500000020948,2.0947865664311394e-10,-2.0947865664311394e-10,-8.541433502267642e-12
screenshot_like_simple_start,dop853_strict,DOP853,1e-09,1e-11,1.6570713391739675,-0.1575575180588374,-0.48880269678289934,-0.15755751798445697,-0.48880269688135647,7.438041849106014e-11,9.845713133671552e-11,9.845713133671552e-11,-0.6264755801008655,-1.870509178010945,-0.6264755801143337,-1.8705091779763834,1.3468226534030237e-11,3.456168684579097e-11,3.709317084853325e-11,7.345909991407495e-11,-24.525000000457528,4.575255729832861e-10,-4.575255729832861e-10,-1.8655476981989237e-11,-24.525000000310452,3.1045033210830297e-10,-3.1045033210830297e-10,-1.265852526435486e-11
screenshot_like_simple_start,dop853_strict,DOP853,1e-09,1e-11,1.6620775969962454,-0.1453054972910915,-0.4973366225629418,-0.14530549719664418,-0.4973366226902383,9.444731108310123e-11,1.272965066689835e-10,1.272965066689835e-10,-0.6218812216894504,-1.8683180565967046,-0.6218812217078737,-1.8683180565496484,1.8423373937537235e-11,4.7056136764922485e-11,5.0534153940492717e-11,9.345202389710039e-11,-24.525000000575123,5.751203957515827e-10,-5.751203957515827e-10,-2.3450372915456987e-11,-24.52500000035937,3.5936764675170707e-10,-3.5936764675170707e-10,-1.4653115056134842e-11
screenshot_like_simple_start,dop853_strict,DOP853,1e-09,1e-11,1.6670838548185232,-0.13315303213731144,-0.5056084838178095,-0.13315303204062828,-0.5056084839466141,9.668316147681821e-11,1.2880452260333186e-10,1.2880452260333186e-10,-0.6170997998018879,-1.86602814834492,-0.6170997998187491,-1.8660281482953704,1.6861179119587177e-11,4.954947563362566e-11,5.233975445939793e-11,9.582734605828591e-11,-24.525000000271838,2.7183588713342033e-10,-2.7183588713342033e-10,-1.1084032095144558e-11,-24.525000000703553,7.035509952402208e-10,-7.035509952402208e-10,-2.8687094607144575e-11
screenshot_like_simple_start,dop853_strict,DOP853,1e-09,1e-11,1.672090112640801,-0.12110591853848998,-0.5136098814118907,-0.12110591847643414,-0.5136098814899258,6.205584657248409e-11,7.803513391024808e-11,7.803513391024808e-11,-0.6121346627743082,-1.8636521998382776,-0.6121346627806736,-1.8636521998074338,6.365463711688335e-12,3.084377198092625e-11,3.1493767610055676e-11,6.160132126620255e-11,-24.524999999313998,6.860041423806251e-10,6.860041423806251e-10,2.7971626600637107e-11,-24.525000000893233,8.932303785513795e-10,-8.932303785513795e-10,-3.642121828955676e-11
screenshot_like_simple_start,dop853_strict,DOP853,1e-09,1e-11,1.6770963704630788,-0.10916927189180503,-0.5213334308543828,-0.10916927179369436,-0.5213334309861137,9.811067236409343e-11,1.317309594739413e-10,1.317309594739413e-10,-0.6069894284190046,-1.8612028039569875,-0.6069894284357092,-1.86120280390207,1.670463767311503e-11,5.4917403957688293e-11,5.740179594091087e-11,9.752661178641375e-11,-24.52500000030815,3.0814817364444025e-10,-3.0814817364444025e-10,-1.2564655398346187e-11,-24.525000001088685,1.088682921590589e-09,-1.088682921590589e-09,-4.439074094151229e-11
screenshot_like_simple_start,dop853_strict,DOP853,1e-09,1e-11,1.6821026282853568,-0.09734757530873844,-0.5287727004237536,-0.09734757521574981,-0.5287727005485106,9.298863068440966e-11,1.2475698252245593e-10,1.2475698252245593e-10,-0.6016679329291852,-1.8586923268910802,-0.6016679329443554,-1.8586923268371813,1.51701984307806e-11,5.3898885354897175e-11,5.599307781261544e-11,9.254837174399455e-11,-24.52500000044456,4.445581680556643e-10,-4.445581680556643e-10,-1.8126734681168776e-11,-24.525000001443853,1.443851260773954e-09,-1.443851260773954e-09,-5.88726304087239e-11
screenshot_like_simple_start,dop853_strict,DOP853,1e-09,1e-11,1.6871088861076347,-0.08564473105539527,-0.5359221444274601,-0.08564473098521198,-0.53592214451924,7.018328973540378e-11,9.177991699971244e-11,9.177991699971244e-11,-0.5961741829464171,-1.8561328477479064,-0.5961741829554033,-1.8561328477070438,8.986145161316017e-12,4.0862646599748587e-11,4.183905701609667e-11,6.992603718281032e-11,-24.52500000052593,5.25929522154911e-10,-5.25929522154911e-10,-2.1444628834043257e-11,-24.525000000918038,9.180354254567646e-10,-9.180354254567646e-10,-3.743263712361935e-11
screenshot_like_simple_start,dop853_strict,DOP853,1e-09,1e-11,1.6921151439299125,-0.07406411239255223,-0.5427770355727706,-0.07406411231256989,-0.542777035679633,7.998234019535033e-11,1.0686240781154766e-10,1.0686240781154766e-10,-0.590512311559511,-1.8535361091446476,-0.5905123115712518,-1.8535361090953697,1.1740830530015955e-11,4.927791508180235e-11,5.06572799935397e-11,7.976307114798686e-11,-24.525000000771616,7.716138838986808e-10,-7.716138838986808e-10,-3.1462339812382494e-11,-24.525000000417652,4.176499146524293e-10,-4.176499146524293e-10,-1.7029558191740235e-11
screenshot_like_simple_start,dop853_strict,DOP853,1e-09,1e-11,1.6971214017521903,-0.06260861531024049,-0.5493333971185366,-0.06260861525562211,-0.5493333971878812,5.4618379263793315e-11,6.934464114038974e-11,6.934464114038974e-11,-0.5846865382530874,-1.8509134782077763,-0.5846865382577182,-1.8509134781749876,4.6308512580139904e-12,3.27886606754646e-11,3.3114061246917576e-11,5.451136764200726e-11,-24.525000000473266,4.732640945803723e-10,-4.732640945803723e-10,-1.929721078819051e-11,-24.52500000042076,4.2075853912137973e-10,-4.2075853912137973e-10,-1.7156311483032812e-11
screenshot_like_simple_start,dop853_strict,DOP853,1e-09,1e-11,1.702127659574468,-0.05128070931113853,-0.5555879359987954,-0.05128070928169884,-0.5555879360343419,2.9439693738364525e-11,3.554645466863349e-11,3.554645466863349e-11,-0.5787011328555096,-1.8482759170020442,-0.5787011328563085,-1.8482759169848046,7.989164885202626e-13,1.723954312637943e-11,1.7258044928726018e-11,2.9400995527062435e-11,-24.525000000134874,1.3487166938830342e-10,-1.3487166938830342e-10,-5.4993545112458065e-12,-24.52500000006875,6.874856239846849e-11,-6.874856239846849e-11,-2.803203359774454e-12
screenshot_like_simple_start,dop853_strict,DOP853,1e-09,1e-11,1.707133917396746,-0.04008248610530976,-0.561537978545698,-0.04008248599733408,-0.5615379787020229,1.0797568394949053e-10,1.5632495298234517e-10,1.5632495298234517e-10,-0.5725603835384202,-1.8456339610174977,-0.5725603835628506,-1.8456339609385832,2.4430346634574107e-11,7.89144305457512e-11,8.26094981527284e-11,1.078889547145856e-10,-24.525000000421628,4.2162540125900705e-10,-4.2162540125900705e-10,-1.71916575436904e-11,-24.52499999924251,7.574918470254488e-10,7.574918470254488e-10,3.0886517717653365e-11
screenshot_like_simple_start,dop853_strict,DOP853,1e-09,1e-11,1.7121401752190237,-0.029015705640825142,-0.5671814096247169,-0.02901570552587919,-0.5671814097870189,1.1494595206218428e-10,1.6230206068001962e-10,1.6230206068001962e-10,-0.5662685687225537,-1.8429977045746884,-0.5662685687445447,-1.8429977044908255,2.1990964604867713e-11,8.386291661111045e-11,8.669827741526708e-11,1.1489756715499233e-10,-24.5250000005149,5.148983461822354e-10,-5.148983461822354e-10,-2.099483572608503e-11,-24.524999999336046,6.639560012899892e-10,6.639560012899892e-10,2.707261982833799e-11
screenshot_like_simple_start,dop853_strict,DOP853,1e-09,1e-11,1.7171464330413018,-0.018081839968119188,-0.5725166144508756,-0.018081839910954037,-0.5725166145097934,5.716515108500353e-11,5.891775956001766e-11,5.891775956001766e-11,-0.5598299324856411,-1.8403767927448471,-0.5598299324780079,-1.840376792713962,7.633116361205339e-12,3.0885072277442305e-11,3.1814338826487275e-11,5.7155804394914966e-11,-24.525000000585422,5.854197127064253e-10,-5.854197127064253e-10,-2.3870324677122337e-11,-24.525000000735044,7.350422492891084e-10,-7.350422492891084e-10,-2.997114166316446e-11
screenshot_like_simple_start,dop853_strict,DOP853,1e-09,1e-11,1.7221526908635796,-0.007282113581017061,-0.5775424250648091,-0.007282113551537239,-0.5775424250706772,2.947982136181082e-11,5.868083796656265e-12,2.947982136181082e-11,-0.5532486634966363,-1.83778041799866,-0.5532486634720736,-1.837780417995671,2.4562685219109426e-11,2.9891644715007715e-12,2.4743900448610344e-11,2.947903986888489e-11,-24.525000001153472,1.153470208237195e-09,-1.153470208237195e-09,-4.703242439295392e-11,-24.525000001654377,1.6543744152386353e-09,-1.6543744152386353e-09,-6.745665301686586e-11
screenshot_like_simple_start,dop853_strict,DOP853,1e-09,1e-11,1.7271589486858574,0.0033824592333246972,-0.5822580706824686,0.0033824593102556866,-0.5822580707770937,7.693098935668274e-11,9.462508554491933e-11,9.462508554491933e-11,-0.5465288770355502,-1.835217321160299,-0.5465288770376527,-1.8352173211080034,2.1025403640351215e-12,5.2295501262733524e-11,5.2337750508623895e-11,7.693054917060071e-11,-24.525000001428687,1.4286847260791546e-09,-1.4286847260791546e-09,-5.825421920812047e-11,-24.525000000725377,7.253753153690923e-10,-7.253753153690923e-10,-2.957697514247063e-11
screenshot_like_simple_start,dop853_strict,DOP853,1e-09,1e-11,1.7321652065081352,0.013911040099699491,-0.5866631320401257,0.01391104014804338,-0.5866631321022121,4.8343887920632156e-11,6.208644709460032e-11,6.208644709460032e-11,-0.5396745998459673,-1.8326957958401917,-0.5396745998493332,-1.832695795805149,3.365863143756087e-12,3.504263546005859e-11,3.520391078685792e-11,4.8339209371417446e-11,-24.525000001048042,1.0480398771051114e-09,-1.0480398771051114e-09,-4.273353219592707e-11,-24.525000000413847,4.1384495830243395e-10,-4.1384495830243395e-10,-1.687441216319812e-11
screenshot_like_simple_start,dop853_strict,DOP853,1e-09,1e-11,1.737171464330413,0.024302935267568243,-0.5907574996701745,0.024302935265336948,-0.5907574996620839,2.231295009869072e-12,8.090639269653366e-12,8.090639269653366e-12,-0.532689757534382,-1.8302236956535483,-0.5326897575298931,-1.830223695658109,4.488853733164433e-12,4.560796185160143e-12,6.399271027258931e-12,4.560796185160143e-12,-24.525000000698896,6.988933876073133e-10,-6.988933876073133e-10,-2.8497181961562213e-11,-24.525000000410014,4.100115802430082e-10,-4.100115802430082e-10,-1.6718107247421332e-11
screenshot_like_simple_start,dop853_strict,DOP853,1e-09,1e-11,1.7421777221526908,0.03455756740278154,-0.5945413362103761,0.0345575674358794,-0.5945413362524895,3.3097857787822704e-11,4.211342385929129e-11,4.211342385929129e-11,-0.5255781642664279,-1.8278084434793815,-0.5255781642682368,-1.827808443454649,1.8088863740217676e-12,2.4732438319574612e-11,2.479849945350896e-11,3.3078095817984376e-11,-24.525000000572295,5.722924356632575e-10,-5.722924356632575e-10,-2.3335063635606827e-11,-24.525000000240773,2.4077095872598875e-10,-2.4077095872598875e-10,-9.8173683476448e-12
screenshot_like_simple_start,dop853_strict,DOP853,1e-09,1e-11,1.7471839799749687,0.04467445043833284,-0.5980150427244716,0.04467445049847905,-0.59801504281211,6.014620745897759e-11,8.763845205095322e-11,8.763845205095322e-11,-0.5183435145150792,-1.8254570421222982,-0.5183435145274222,-1.8254570420702714,1.234301549857264e-11,5.2026827290774236e-11,5.347093406274156e-11,6.008619296560269e-11,-24.525000000493257,4.932552144509827e-10,-4.932552144509827e-10,-2.0112343096880027e-11,-24.52499999973333,2.666737941581232e-10,2.666737941581232e-10,1.0873549201146715e-11
screenshot_like_simple_start,dop853_strict,DOP853,1e-09,1e-11,1.7521902377972467,0.0546531665210428,-0.6011792277103326,0.05465316658817336,-0.6011792278111031,6.713055805684931e-11,1.0077050305312696e-10,1.0077050305312696e-10,-0.5109893765051807,-1.8231760865730613,-0.5109893765212528,-1.823176086512397,1.6072032593683616e-11,6.066436242235795e-11,6.275727129029452e-11,6.703032573440737e-11,-24.525000000495105,4.95102625563959e-10,-4.95102625563959e-10,-2.0187670767133904e-11,-24.524999999482304,5.176978845611302e-10,5.176978845611302e-10,2.1108986118700516e-11
screenshot_like_simple_start,dop853_strict,DOP853,1e-09,1e-11,1.7571964956195245,0.06449334580326643,-0.6040346798296597,0.06449334585877942,-0.6040346798954367,5.551298309924846e-11,6.57769394507568e-11,6.57769394507568e-11,-0.5035191872656918,-1.8209717767594555,-0.5035191872644319,-1.8209717767185187,1.2598810883446276e-12,4.093680949779355e-11,4.095619211078355e-11,5.5397575415838674e-11,-24.525000000447644,4.476419235288631e-10,-4.476419235288631e-10,-1.825247394613101e-11,-24.524999999958897,4.1104897263721796e-11,4.1104897263721796e-11,1.676040663148697e-12
screenshot_like_simple_start,dop853_strict,DOP853,1e-09,1e-11,1.7622027534418023,0.07419464848046228,-0.6065823435137035,0.07419464850154874,-0.6065823434979416,2.108645202891779e-11,1.576194730290581e-11,2.108645202891779e-11,-0.4959362490085103,-1.8188499308064814,-0.49593624897453187,-1.8188499308139034,3.397843117980415e-11,7.422062964224097e-12,3.477960327671369e-11,3.397843117980415e-11,-24.52500000033231,3.3230662666028365e-10,-3.3230662666028365e-10,-1.3549709547819923e-11,-24.525000000816725,8.167226894784108e-10,-8.167226894784108e-10,-3.330163871471603e-11
screenshot_like_simple_start,dop853_strict,DOP853,1e-09,1e-11,1.7672090112640801,0.08375674884451474,-0.6088232971434318,0.08375674885437825,-0.6088232971070413,9.863512784313855e-12,3.639044621195353e-11,3.639044621195353e-11,-0.48824372665913834,-1.8168159985831749,-0.48824372661945753,-1.8168159986031616,3.968081419003511e-11,1.9986678978511918e-11,4.443010636240005e-11,3.968081419003511e-11,-24.525000000459357,4.5935522052786837e-10,-4.5935522052786837e-10,-1.873008034772144e-11,-24.52500000112017,1.1201670702121191e-09,-1.1201670702121191e-09,-4.567449827572351e-11
screenshot_like_simple_start,dop853_strict,DOP853,1e-09,1e-11,1.772215269086358,0.09317932133999166,-0.6107587338124564,0.09317932139604534,-0.6107587338841297,5.6053689467816525e-11,7.1673333934541e-11,7.1673333934541e-11,-0.48044464642131296,-1.8148750751700344,-0.48044464642421825,-1.814875075123715,2.905287121990341e-12,4.631939276578123e-11,4.641041735916527e-11,5.581053674763581e-11,-24.525000001019926,1.0199237010510842e-09,-1.0199237010510842e-09,-4.1587102999024835e-11,-24.525000000561512,5.61509949648098e-10,-5.61509949648098e-10,-2.2895410790952005e-11
screenshot_like_simple_start,dop853_strict,DOP853,1e-09,1e-11,1.7772215269086358,0.10246202836661256,-0.6123899442866486,0.10246202845386596,-0.6123899444197426,8.72533989504376e-11,1.3309398028127362e-10,1.3309398028127362e-10,-0.4725418951942949,-1.8130319141637425,-0.47254189521640677,-1.8130319140783124,2.2111867892249393e-11,8.543010743267132e-11,8.824532824825377e-11,8.679579277526273e-11,-24.52500000144252,1.4425189931444038e-09,-1.4425189931444038e-09,-5.881830756959852e-11,-24.525000000468626,4.686242505158589e-10,-4.686242505158589e-10,-1.910802244712982e-11
screenshot_like_simple_start,dop853_strict,DOP853,1e-09,1e-11,1.7822277847309136,0.1116045095873448,-0.6137183017940332,0.111604509647388,-0.6137183018751898,6.004319264008018e-11,8.115663696628417e-11,8.115663696628417e-11,-0.4645382206790648,-1.811290940774701,-0.46453822068574174,-1.8112909407212747,6.676936781246923e-12,5.342637443561671e-11,5.3841981483926525e-11,5.966964422565724e-11,-24.525000000857585,8.575824494982953e-10,-8.575824494982953e-10,-3.496768397546566e-11,-24.525000000443576,4.4357406636663654e-10,-4.4357406636663654e-10,-1.8086608210668154e-11
screenshot_like_simple_start,dop853_strict,DOP853,1e-09,1e-11,1.7872340425531916,0.12060637254673554,-0.6147452483614169,0.12060637258518936,-0.6147452484041215,3.8453823458795e-11,4.2704617619904184e-11,4.2704617619904184e-11,-0.4564362320472359,-1.8096562646651024,-0.45643623204394773,-1.809656264635846,3.288147532032326e-12,2.92563751003172e-11,2.944057401279517e-11,3.817449134579931e-11,-24.525000000517295,5.172928752017469e-10,-5.172928752017469e-10,-2.1092471975606396e-11,-24.525000000466413,4.664109098939662e-10,-4.664109098939662e-10,-1.9017774103729506e-11
screenshot_like_simple_start,dop853_strict,DOP853,1e-09,1e-11,1.7922403003754694,0.12946718489342338,-0.6154722833017852,0.12946718491598608,-0.6154722833237241,2.2562701706974053e-11,2.1938895145012793e-11,2.2562701706974053e-11,-0.4482384012980616,-1.8081316919366035,-0.4482384012936008,-1.8081316919210242,4.4607650906414165e-12,1.5579315615354972e-11,1.620535406082596e-11,2.237388052606093e-11,-24.525000000512826,5.128235613938159e-10,-5.128235613938159e-10,-2.0910236957953757e-11,-24.525000000619286,6.192841794927517e-10,-6.192841794927517e-10,-2.525113881723758e-11
screenshot_like_simple_start,dop853_strict,DOP853,1e-09,1e-11,1.7972465581977473,0.13818646753941852,-0.615900952671865,0.1381864675437791,-0.6159009526675374,4.360595218244612e-12,4.327538327686398e-12,4.360595218244612e-12,-0.4399470649371342,-1.8067207368367737,-0.43994706492928276,-1.806720736838673,7.851441718997876e-12,1.899369550528718e-12,8.07791691937321e-12,7.851441718997876e-12,-24.525000000450405,4.504023820572911e-10,-4.504023820572911e-10,-1.836503086879882e-11,-24.525000000788072,7.880700536588847e-10,-7.880700536588847e-10,-3.213333552125931e-11
screenshot_like_simple_start,dop853_strict,DOP853,1e-09,1e-11,1.802252816020025,0.1467636888337021,-0.616032839904626,0.14676368882995983,-0.6160328398809157,3.7422842602552464e-12,2.371025598080223e-11,2.371025598080223e-11,-0.4315644260128578,-1.8054266329141457,-0.4315644259972082,-1.8054266329283928,1.5649648243964975e-11,1.4247047985804784e-11,2.1163408668493367e-11,1.5649648243964975e-11,-24.525000000247424,2.474216387327033e-10,-2.474216387327033e-10,-1.0088547960558747e-11,-24.525000000768415,7.684128888740815e-10,-7.684128888740815e-10,-3.133182013757723e-11
screenshot_like_simple_start,dop853_strict,DOP853,1e-09,1e-11,1.8072590738423029,0.1551982596850579,-0.615869557551922,0.15519825970361575,-0.6158695575526676,1.8557849701394957e-11,7.456257833382551e-13,1.8557849701394957e-11,-0.4230925564762639,-1.804252343537017,-0.4230925564585377,-1.8042523435337177,1.7726209389223868e-11,3.2993607845810402e-12,1.80306483770673e-11,1.8334805895747763e-11,-24.525000000229632,2.2962964862927038e-10,-2.2962964862927038e-10,-9.363084551652207e-12,-24.525000000490667,4.906652861791372e-10,-4.906652861791372e-10,-2.000673949762027e-11
screenshot_like_simple_start,dop853_strict,DOP853,1e-09,1e-11,1.8122653316645807,0.16348952953167833,-0.6154127399930954,0.1634895296003382,-0.6154127400698208,6.865985557880094e-11,7.672540380809778e-11,7.672540380809778e-11,-0.414533399809635,-1.803200571761067,-0.4145333998045397,-1.8032005717055988,5.095313060365925e-12,5.5468296622507296e-11,5.57018325137117e-11,6.774431016154381e-11,-24.525000000642738,6.427356424865138e-10,-6.427356424865138e-10,-2.6207365646748778e-11,-24.525000000152755,1.5275247733370634e-10,-1.5275247733370634e-10,-6.2284394427607065e-12
screenshot_like_simple_start,dop853_strict,DOP853,1e-09,1e-11,1.8172715894868585,0.1716367830492157,-0.6146640369459839,0.17163678314983496,-0.6146640370824578,1.006192629215974e-10,1.3647383223513998e-10,1.3647383223513998e-10,-0.40588877386584765,-1.80227376956185,-0.40588877387820144,-1.8022737694659625,1.2353784661911504e-11,9.58875201462206e-11,9.66800523131051e-11,9.914080667527969e-11,-24.52500000113011,1.130107563085403e-09,-1.130107563085403e-09,-4.6079819086051085e-11,-24.525000000100288,1.0028600172518054e-10,-1.0028600172518054e-10,-4.089133607550684e-12
screenshot_like_simple_start,dop853_strict,DOP853,1e-09,1e-11,1.8222778473091366,0.17963923746631266,-0.6136251075748016,0.1796392375326527,-0.6136251076655671,6.634004456884668e-11,9.076550622211244e-11,9.076550622211244e-11,-0.3971603738534224,-1.8014741464934296,-0.3971603738623567,-1.8014741464293103,8.934297746066022e-12,6.411937647499144e-11,6.473883004624849e-11,6.527250961951836e-11,-24.52500000095609,9.560885416703968e-10,-9.560885416703968e-10,-3.898424226994482e-11,-24.52500000039081,3.908091628090915e-10,-3.908091628090915e-10,-1.5935134059494046e-11
screenshot_like_simple_start,dop853_strict,DOP853,1e-09,1e-11,1.8272841051314144,0.18749604036042333,-0.6122976149966353,0.18749604038918488,-0.6122976150228078,2.8761548698241768e-11,2.6172508604815903e-11,2.8761548698241768e-11,-0.38834977540777926,-1.8008036778453609,-0.38834977540093957,-1.8008036778249572,6.839695476656971e-12,2.0403678746561127e-11,2.151956181259907e-11,2.825747968948633e-11,-24.52500000054349,5.43487033155543e-10,-5.43487033155543e-10,-2.2160531423263732e-11,-24.525000000543187,5.43185052492845e-10,-5.43185052492845e-10,-2.2148218246395308e-11
screenshot_like_simple_start,dop853_strict,DOP853,1e-09,1e-11,1.8322903629536922,0.1952062680948098,-0.6106832215359368,0.19520626811482122,-0.6106832215500057,2.001143695196106e-11,1.4068857190352446e-11,2.001143695196106e-11,-0.3794584378570647,-1.8002641120132972,-0.3794584378489593,-1.800264112001348,8.10540523588088e-12,1.1949108369435635e-11,1.4438794439369304e-11,1.9631379855056252e-11,-24.52500000053028,5.302780436977628e-10,-5.302780436977628e-10,-2.162193858094853e-11,-24.52500000061287,6.12867978588838e-10,-6.12867978588838e-10,-2.4989520024009702e-11
screenshot_like_simple_start,dop853_strict,DOP853,1e-09,1e-11,1.83729662077597,0.2027689247472605,-0.6087835844590876,0.20276892476894165,-0.608783584475497,2.1681156869846063e-11,1.640931834856474e-11,2.1681156869846063e-11,-0.37048770759707184,-1.7998569772141906,-0.37048770758929606,-1.7998569772004402,7.775780019869671e-12,1.3750334204587489e-11,1.57966593194654e-11,2.1236984393269154e-11,-24.52500000052206,5.220570642450184e-10,-5.220570642450184e-10,-2.128673044831879e-11,-24.525000000553575,5.535731872896577e-10,-5.535731872896577e-10,-2.2571791530669016e-11
screenshot_like_simple_start,dop853_strict,DOP853,1e-09,1e-11,1.8423028785982478,0.2101829412606345,-0.6066003517118423,0.21018294126681547,-0.6066003517033162,6.18097240057125e-12,8.526179762213815e-12,8.526179762213815e-12,-0.3614388214363087,-1.7995835878345383,-0.36143882142325867,-1.7995835878381092,1.305000552065394e-11,3.5709213364043535e-12,1.3529749564566455e-11,1.305000552065394e-11,-24.525000000452344,4.523421637259162e-10,-4.523421637259162e-10,-1.8444124922565387e-11,-24.525000000740555,7.40552508204928e-10,-7.40552508204928e-10,-3.0195820925787075e-11
screenshot_like_simple_start,dop853_strict,DOP853,1e-09,1e-11,1.8473091364205256,0.21744717503750122,-0.6041351581145946,0.2174471750044387,-0.6041351580479654,3.306252494006401e-11,6.662925766676153e-11,6.662925766676153e-11,-0.35231291005379284,-1.7994450500777146,-0.35231291003124143,-1.7994450501226962,2.2551405187698492e-11,4.498157402110792e-11,5.0318067106717895e-11,4.498157402110792e-11,-24.525000000413492,4.134896869345539e-10,-4.134896869345539e-10,-1.6859926072764684e-11,-24.525000001310403,1.3104006768571708e-09,-1.3104006768571708e-09,-5.343122025921185e-11
screenshot_like_simple_start,dop853_strict,DOP853,1e-09,1e-11,1.8523153942428034,0.22456040982811126,-0.6013896217570674,0.22456040975483046,-0.6013896216361112,7.328079809632015e-11,1.2095624501995417e-10,1.2095624501995417e-10,-0.34311100149734525,-1.7994422670602312,-0.34311100146905155,-1.7994422671449852,2.8293700715664727e-11,8.47539816106746e-11,8.935194960967653e-11,8.47539816106746e-11,-24.525000000529158,5.291553861752618e-10,-5.291553861752618e-10,-2.157616253517887e-11,-24.525000002004376,2.0043735560193454e-09,-2.0043735560193454e-09,-8.172776986827096e-11
screenshot_like_simple_start,dop853_strict,DOP853,1e-09,1e-11,1.8573216520650815,0.23152135589209172,-0.5983653405762653,0.23152135580595845,-0.5983653404417505,8.613326718531766e-11,1.345148437081889e-10,1.345148437081889e-10,-0.33383402472048523,-1.7995759433483673,-0.33383402469317636,-1.7995759434439027,2.7308877381670982e-11,9.55353574028095e-11,9.936186037876751e-11,9.55353574028095e-11,-24.525000000720297,7.202949348084076e-10,-7.202949348084076e-10,-2.936982404927248e-11,-24.525000002361594,2.361591810995378e-09,-2.361591810995378e-09,-9.629324407728351e-11
screenshot_like_simple_start,dop853_strict,DOP853,1e-09,1e-11,1.8623279098873593,0.23832865038315107,-0.5950638890398291,0.2383286503217049,-0.5950638889356317,6.144618147629899e-11,1.0419742846323743e-10,1.0419742846323743e-10,-0.32448281313664573,-1.7998465889719033,-0.3244828131100679,-1.7998465890448188,2.6577851031106547e-11,7.291545145449163e-11,7.760828065512093e-11,7.291545145449163e-11,-24.525000000708264,7.082618935783103e-10,-7.082618935783103e-10,-2.8879180166291954e-11,-24.52500000202931,2.0293065006171673e-09,-2.0293065006171673e-09,-8.274440369488958e-11
screenshot_like_simple_start,dop853_strict,DOP853,1e-09,1e-11,1.8673341677096371,0.24498085790642085,-0.591486814857642,0.24498085790729152,-0.5914868148297144,8.706646514866634e-13,2.792754916214335e-11,2.792754916214335e-11,-0.31505810816957763,-1.8002545229544036,-0.31505810814554996,-1.8002545229697646,2.4027668743542563e-11,1.5361045768713666e-11,2.8518250162973328e-11,2.4027668743542563e-11,-24.52500000054261,5.426095128768793e-10,-5.426095128768793e-10,-2.212475077989314e-11,-24.525000001016757,1.0167546804495942e-09,-1.0167546804495942e-09,-4.1457887072358574e-11
screenshot_like_simple_start,dop853_strict,DOP853,1e-09,1e-11,1.872340425531915,0.2514764712779478,-0.5876356358158848,0.25147647136057055,-0.5876356358974569,8.262274198145292e-11,8.15720824220989e-11,8.262274198145292e-11,-0.305560562843464,-1.800799876286792,-0.3055605628313287,-1.8007998762210096,1.2135292770665274e-11,6.578249056587993e-11,6.689246142638079e-11,8.002393192541035e-11,-24.525000000478197,4.781952611665474e-10,-4.781952611665474e-10,-1.949827772340662e-11,-24.524999999773758,2.262439124933735e-10,2.262439124933735e-10,9.225032109821548e-12
screenshot_like_simple_start,dop853_strict,DOP853,1e-09,1e-11,1.8773466833541927,0.2578139124590294,-0.583511836700286,0.25781391259059966,-0.5835118368507133,1.3157025469112682e-10,1.5042733725323387e-10,1.5042733725323387e-10,-0.29599074540795894,-1.8014825943576391,-0.2959907454062737,-1.8014825942412136,1.6852630402297564e-12,1.1642553587876137e-10,1.1643773235584552e-10,1.2722184417057747e-10,-24.525000000481345,4.813429654859647e-10,-4.813429654859647e-10,-1.9626624484646876e-11,-24.524999999023787,9.762146646608016e-10,9.762146646608016e-10,3.9804879292999044e-11
screenshot_like_simple_start,dop853_strict,DOP853,1e-09,1e-11,1.8823529411764706,0.2639915335819963,-0.579116866140287,0.2639915336849134,-0.5791168662540276,1.029171192712397e-10,1.1374057251600789e-10,1.1374057251600789e-10,-0.2863491429348428,-1.8023024389439506,-0.28634914293068586,-1.8023024388548474,4.156952559952742e-12,8.910316928734119e-11,8.920008425799989e-11,9.935169353880724e-11,-24.52500000041896,4.1895731328622787e-10,-4.1895731328622787e-10,-1.7082867004535284e-11,-24.52499999932298,6.770228822006175e-10,6.770228822006175e-10,2.7605418234479812e-11
screenshot_like_simple_start,dop853_strict,DOP853,1e-09,1e-11,1.8873591989987484,0.2700076180912607,-0.5744521334633008,0.27000761810690327,-0.5744521334571103,1.5642542816607374e-11,6.19049256300741e-12,1.5642542816607374e-11,-0.27663616493244764,-1.8032589896975244,-0.276636164912175,-1.8032589896967157,2.0272616918504127e-11,8.08686451136964e-13,2.0288739992928893e-11,2.0272616918504127e-11,-24.525000000204145,2.0414248069755558e-10,-2.0414248069755558e-10,-8.323852423957413e-12,-24.525000000351135,3.511324564442475e-10,-3.511324564442475e-10,-1.4317327479887766e-11
screenshot_like_simple_start,dop853_strict,DOP853,1e-09,1e-11,1.8923654568210264,0.2758603819715112,-0.5695190055183948,0.27586038195527995,-0.569519005463543,1.6231238575414864e-11,5.485190079923541e-11,5.485190079923541e-11,-0.2668521469673557,-1.8043516451475574,-0.2668521469367792,-1.804351645181556,3.057648578774774e-11,3.3998581727701094e-11,4.572554037541285e-11,3.3998581727701094e-11,-24.52499999999872,1.2825296380469808e-12,1.2825296380469808e-12,5.2294786464708695e-14,-24.525000000630513,6.305107547177613e-10,-6.305107547177613e-10,-2.57088992749342e-11
screenshot_like_simple_start,dop853_strict,DOP853,1e-09,1e-11,1.8973717146433042,0.28154797506957313,-0.564318803500099,0.2815479750480153,-0.5643188034404139,2.1557811091810208e-11,5.968514571463857e-11,5.968514571463857e-11,-0.2569973543094592,-1.8055796231924783,-0.2569973542797371,-1.80557962323039,2.9722113659147453e-11,3.791167380029492e-11,4.8173634393797274e-11,3.791167380029492e-11,-24.525000000085686,8.568434850531048e-11,-8.568434850531048e-11,-3.4937552907364107e-12,-24.525000000739787,7.397851220503071e-10,-7.397851220503071e-10,-3.016453097045085e-11
screenshot_like_simple_start,dop853_strict,DOP853,1e-09,1e-11,1.902377972465582,0.28706848248998423,-0.5588527997477425,0.28706848249165573,-0.55885279973494,1.6714962747244044e-12,1.2802536808464993e-11,1.2802536808464993e-11,-0.2470719855964693,-1.8069419610914565,-0.24707198558401133,-1.8069419610977713,1.2457979092772575e-11,6.314726519462965e-12,1.3966997318377614e-11,1.2457979092772575e-11,-24.525000000591287,5.91285242990125e-10,-5.91285242990125e-10,-2.4109490030178387e-11,-24.525000000741983,7.419806991038058e-10,-7.419806991038058e-10,-3.025405500932949e-11
screenshot_like_simple_start,dop853_strict,DOP853,1e-09,1e-11,1.9073842302878599,0.29241992604432365,-0.5531222144957396,0.2924199260707042,-0.5531222145415657,2.6380564399630657e-11,4.5826120675940274e-11,4.5826120675940274e-11,-0.23707617651393226,-1.808437514965931,-0.2370761765276645,-1.8084375149342518,1.3732237569286099e-11,3.167932582925914e-11,3.452758366372715e-11,3.167932582925914e-11,-24.525000001254718,1.2547154426556517e-09,-1.2547154426556517e-09,-5.116067044467489e-11,-24.525000000803455,8.034533038880909e-10,-8.034533038880909e-10,-3.276058323702715e-11
screenshot_like_simple_start,dop853_strict,DOP853,1e-09,1e-11,1.9123904881101377,0.29760026573434334,-0.54712821255023,0.29760026574843407,-0.5471282125960003,1.4090728583937562e-11,4.577027645780163e-11,4.577027645780163e-11,-0.22701000348666084,-1.8100649588210254,-0.22701000351227835,-1.8100649587930824,2.5617508114805787e-11,2.794298126218564e-11,3.7908665550649474e-11,2.794298126218564e-11,-24.525000001473018,1.4730154873632273e-09,-1.4730154873632273e-09,-6.006179357240478e-11,-24.525000001068754,1.0687521978525183e-09,-1.0687521978525183e-09,-4.3578071268196464e-11
screenshot_like_simple_start,dop853_strict,DOP853,1e-09,1e-11,1.9173967459324155,0.30260740124894514,-0.540871899867489,0.3026074012022326,-0.5408718998228473,4.6712522738801e-11,4.4641623730967694e-11,4.6712522738801e-11,-0.21687348737730572,-1.81182278309588,-0.21687348738362622,-1.8118227831327862,6.320499679191016e-12,3.690625582919438e-11,3.744356333903863e-11,4.4589998360322625e-11,-24.525000000884802,8.84799788991586e-10,-8.84799788991586e-10,-3.607746336357129e-11,-24.525000001497414,1.4974119721955503e-09,-1.4974119721955503e-09,-6.105655340246892e-11
screenshot_like_simple_start,dop853_strict,DOP853,1e-09,1e-11,1.9224030037546935,0.30743917346872524,-0.5343543200360784,0.30743917337718113,-0.5343543199254903,9.154410562928206e-11,1.1058809423758476e-10,1.1058809423758476e-10,-0.206666597197374,-1.8137092927330696,-0.2066665971894539,-1.8137092928170933,7.920109013070942e-12,8.402367690507617e-11,8.43961279172662e-11,8.725176137147628e-11,-24.52500000051889,5.188880436435284e-10,-5.188880436435284e-10,-2.115751452165253e-11,-24.525000001891406,1.891404366460847e-09,-1.891404366460847e-09,-7.712148283224657e-11
screenshot_like_simple_start,dop853_strict,DOP853,1e-09,1e-11,1.9274092615769713,0.3120933661651724,-0.527576451068432,0.312093366065164,-0.5275764509362905,1.0000839045787302e-10,1.321415199484477e-10,1.321415199484477e-10,-0.1963892540014482,-1.8157226044938302,-0.19638925398245122,-1.8157226045910635,1.8996970663209822e-11,9.723333249667121e-11,9.90717207016567e-11,9.723333249667121e-11,-24.52500000042837,4.283684518213704e-10,-4.283684518213704e-10,-1.7466603540117038e-11,-24.525000002025315,2.0253132504421956e-09,-2.0253132504421956e-09,-8.258158003841775e-11
screenshot_like_simple_start,dop853_strict,DOP853,1e-09,1e-11,1.9324155193992492,0.3165677075880637,-0.5205392018679245,0.3165677075168054,-0.5205392017451546,7.125827705678489e-11,1.2276990535298182e-10,1.2276990535298182e-10,-0.1860413347166599,-1.8178606439287823,-0.18604133467786815,-1.8178606440120249,3.879174759191528e-11,8.324252398494991e-11,9.183745140529448e-11,8.324252398494991e-11,-24.525000000431486,4.3148418171767844e-10,-4.3148418171767844e-10,-1.7593646553218283e-11,-24.52500000179,1.7899992599268444e-09,-1.7899992599268444e-09,-7.298671803983055e-11
screenshot_like_simple_start,dop853_strict,DOP853,1e-09,1e-11,1.937421777221527,0.3208598721285338,-0.5132434087346811,0.3208598720935236,-0.5132434086245338,3.5010161436588305e-11,1.1014733569680857e-10,1.1014733569680857e-10,-0.17562267603945259,-1.8201211417488161,-0.17562267597672043,-1.820121141813941,6.273215280572231e-11,6.512479444609198e-11,9.042434322286354e-11,6.512479444609198e-11,-24.525000000262757,2.6275515097040625e-10,-2.6275515097040625e-10,-1.07137676236659e-11,-24.525000001272367,1.2723653242119326e-09,-1.2723653242119326e-09,-5.188033941740805e-11
screenshot_like_simple_start,dop853_strict,DOP853,1e-09,1e-11,1.9424280350438048,0.3249674819852603,-0.505689831880155,0.32496748196700137,-0.5056898317689089,1.825894990759025e-11,1.1124612342428009e-10,1.1124612342428009e-10,-0.1651330784470999,-1.8225016296243002,-0.16513307836708063,-1.8225016296840186,8.001926898870693e-11,5.971845240537732e-11,9.984676743480657e-11,8.001926898870693e-11,-24.52499999986325,1.3675105492438888e-10,1.3675105492438888e-10,5.5759859296386896e-12,-24.525000000722514,7.225118281439791e-10,-7.225118281439791e-10,-2.9460217253577125e-11
screenshot_like_simple_start,dop853_strict,DOP853,1e-09,1e-11,1.9474342928660826,0.3288881088934389,-0.4978791519743384,0.3288881088733655,-0.4978791518668211,2.0073387396735143e-11,1.0751732837377403e-10,1.0751732837377403e-10,-0.15457231029306057,-1.824999435372963,-0.1545723102175936,-1.8249994354307928,7.546696600968517e-11,5.7829740995885004e-11,9.507650552243766e-11,7.546696600968517e-11,-24.524999999589205,4.107967299660231e-10,4.107967299660231e-10,1.6750121507279228e-11,-24.525000000405207,4.0520475863559113e-10,-4.0520475863559113e-10,-1.6522110443856927e-11
screenshot_like_simple_start,dop853_strict,DOP853,1e-09,1e-11,1.9524405506883604,0.3326192759432445,-0.48981196678556704,0.332619275929371,-0.4898119667235068,1.3873457938018419e-11,6.206024583121916e-11,6.206024583121916e-11,-0.14394011202070917,-1.8276116774898323,-0.14394011197905893,-1.8276116775235591,4.165023881341767e-11,3.3726799131272855e-11,5.35932773102742e-11,4.165023881341767e-11,-24.524999999916027,8.397549322580744e-11,8.397549322580744e-11,3.4240771957515774e-12,-24.525000000397462,3.9745984281580604e-10,-3.9745984281580604e-10,-1.620631367240799e-11
screenshot_like_simple_start,dop853_strict,DOP853,1e-09,1e-11,1.9574468085106385,0.336158459482246,-0.4814887879200679,0.33615845951788437,-0.481488787952194,3.563838113507245e-11,3.2126135085519536e-11,3.563838113507245e-11,-0.1332362005168372,-1.8303352590105735,-0.13323620051166707,-1.8303352589839403,5.17014209222566e-12,2.663314013773288e-11,2.713032478334754e-11,3.364369893787966e-11,-24.525000000929595,9.295924030539027e-10,-9.295924030539027e-10,-3.790386964541906e-11,-24.525000000480624,4.806217646091682e-10,-4.806217646091682e-10,-1.9597217721066996e-11
screenshot_like_simple_start,dop853_strict,DOP853,1e-09,1e-11,1.9624530663329163,0.339503091096238,-0.47291003766840073,0.33950309120029815,-0.47291003777926943,1.0406014938624253e-10,1.1086870310705876e-10,1.1086870310705876e-10,-0.12246027362769407,-1.8331668607008247,-0.12246027362827411,-1.8331668606156724,5.80036019215413e-13,8.51523296319101e-11,8.515430513793805e-11,9.812045620449794e-11,-24.525000001999413,1.999410415010061e-09,-1.999410415010061e-09,-8.152539918491584e-11,-24.5250000005914,5.913989298278466e-10,-5.913989298278466e-10,-2.4114125579117087e-11
screenshot_like_simple_start,dop853_strict,DOP853,1e-09,1e-11,1.967459324155194,0.34265055966295815,-0.46407604596593827,0.3426505597720504,-0.4640760460823705,1.0909223524535605e-10,1.1643225272806035e-10,1.1643225272806035e-10,-0.11161201486170014,-1.8361029335654862,-0.11161201486306754,-1.836102933476718,1.367406188279574e-12,8.876810397850932e-11,8.877863528813217e-11,1.0275041928409223e-10,-24.525000002063077,2.063075044134166e-09,-2.063075044134166e-09,-8.412130659058781e-11,-24.525000000565456,5.654534618315665e-10,-5.654534618315665e-10,-2.3056206394763158e-11
screenshot_like_simple_start,dop853_strict,DOP853,1e-09,1e-11,1.972465581977472,0.345598213473152,-0.45498704747454277,0.34559821348954867,-0.45498704748172264,1.6396661806084012e-11,7.179867811402119e-12,1.6396661806084012e-11,-0.10069109830436024,-1.8391396906733688,-0.10069109829538248,-1.839139690664659,8.977762977480097e-12,8.709699628184353e-12,1.2508361031446405e-11,1.5427215060981325e-11,-24.525000000908495,9.084928365155065e-10,-9.084928365155065e-10,-3.704354073457722e-11,-24.525000000682027,6.820251030603686e-10,-6.820251030603686e-10,-2.780938238778261e-11
screenshot_like_simple_start,dop853_strict,DOP853,1e-09,1e-11,1.9774718397997497,0.3483433625011486,-0.445643178896609,0.3483433624669091,-0.4456431788422472,3.423950012404475e-11,5.4361792845014634e-11,5.4361792845014634e-11,-0.08969719378370056,-1.8422730982194135,-0.08969719376683116,-1.842273098254533,1.6869394769969404e-11,3.511946289336265e-11,3.8960918287732224e-11,3.511946289336265e-11,-24.525000000575858,5.758558074830944e-10,-5.758558074830944e-10,-2.3480359122654205e-11,-24.525000001146456,1.146453598721564e-09,-1.146453598721564e-09,-4.674632410689354e-11
screenshot_like_simple_start,dop853_strict,DOP853,1e-09,1e-11,1.9824780976220275,0.3508832813606947,-0.4360444771749622,0.35088328129932145,-0.4360444770854224,6.137323982358112e-11,8.953982000292626e-11,8.953982000292626e-11,-0.07862997239557418,-1.8454988653689952,-0.07862997237204639,-1.8454988654279085,2.3527790826705086e-11,5.891331866791916e-11,6.343765488771618e-11,5.891331866791916e-11,-24.52500000056449,5.644871237109328e-10,-5.644871237109328e-10,-2.301680422878421e-11,-24.525000001631277,1.6312746708990744e-09,-1.6312746708990744e-09,-6.651476741688377e-11
screenshot_like_simple_start,dop853_strict,DOP853,1e-09,1e-11,1.9874843554443054,0.3532152119722741,-0.4261908774425375,0.3532152119056022,-0.4261908773460701,6.667194574205837e-11,9.646738963198231e-11,9.646738963198231e-11,-0.06748911231107407,-1.8488124337307323,-0.06748911228579191,-1.8488124337936753,2.528216525021776e-11,6.294298415809862e-11,6.783072411869103e-11,6.294298415809862e-11,-24.5250000004743,4.742979342609033e-10,-4.742979342609033e-10,-1.9339365311351813e-11,-24.525000001625052,1.625050316533816e-09,-1.625050316533816e-09,-6.626097111248994e-11
screenshot_like_simple_start,dop853_strict,DOP853,1e-09,1e-11,1.9924906132665834,0.3553363667308848,-0.4160822116778619,0.35533636668107654,-0.41608221160429326,4.9808268620665785e-11,7.356865117102984e-11,7.356865117102984e-11,-0.05627430500618791,-1.8522089657877046,-0.05627430498559294,-1.8522089658347682,2.059497017370404e-11,4.7063686281489936e-11,5.13725934994357e-11,4.7063686281489936e-11,-24.52500000019678,1.9677770524140215e-10,-1.9677770524140215e-10,-8.023555769272257e-12,-24.525000000964972,9.64970325867398e-10,-9.64970325867398e-10,-3.9346394530780755e-11
screenshot_like_simple_start,dop853_strict,DOP853,1e-09,1e-11,1.9974968710888612,0.3572439320577231,-0.4057182079411156,0.3572439320520312,-0.4057182079228233,5.6918914026482526e-12,1.8292312109480235e-11,1.8292312109480235e-11,-0.044985261945858224,-1.8556833324185655,-0.04498526193438346,-1.8556833324277755,1.1474765582164537e-11,9.209966123080449e-12,1.471372560413974e-11,1.1474765582164537e-11,-24.525000000150303,1.50301104895334e-10,-1.50301104895334e-10,-6.128485418769989e-12,-24.525000000085548,8.554579267183726e-11,-8.554579267183726e-11,-3.4881057154673704e-12
screenshot_like_simple_start,dop853_strict,DOP853,1e-09,1e-11,2.002503128911139,0.35893507247125955,-0.39509849037025313,0.35893507252298285,-0.3950984904200242,5.172329231584172e-11,4.977107614934084e-11,5.172329231584172e-11,-0.03362172179511541,-1.859230099434693,-0.033621721792625014,-1.859230099397367,2.49039677768792e-12,3.732614217710761e-11,3.74091294463794e-11,4.842704015572963e-11,-24.525000000675774,6.757723269856797e-10,-6.757723269856797e-10,-2.7554427196154112e-11,-24.524999999734906,2.650963892847358e-10,2.650963892847358e-10,1.0809230959622253e-11
screenshot_like_simple_start,dop853_strict,DOP853,1e-09,1e-11,2.0075093867334166,0.3604069352307212,-0.3842225800296724,0.36040693530800455,-0.38422258010882016,7.728334638912315e-11,7.914774391437618e-11,7.914774391437618e-11,-0.02218345823269824,-1.8628435131416583,-0.02218345823375717,-1.8628435130847363,1.0589307208874743e-12,5.6922022650951476e-11,5.6931871539121845e-11,7.23181514672433e-11,-24.525000001339677,1.3396750375704869e-09,-1.3396750375704869e-09,-5.462487411092709e-11,-24.525000000183507,1.8350476693740347e-10,-1.8350476693740347e-10,-7.48235543067904e-12
screenshot_like_simple_start,dop853_strict,DOP853,1e-09,1e-11,2.0125156445556946,0.3616566555771272,-0.37308989667117637,0.3616566556225653,-0.37308989671310383,4.543815323998501e-11,4.1927461502666574e-11,4.543815323998501e-11,-0.010670288440347897,-1.8665174849723156,-0.010670288436892161,-1.8665174849409563,3.4557356975994935e-12,3.135935955356217e-11,3.15491923957057e-11,4.249883778228991e-11,-24.525000001187873,1.1878711347890203e-09,-1.1878711347890203e-09,-4.843511252962366e-11,-24.525000000475636,4.756337546041323e-10,-4.756337546041323e-10,-1.939383301138154e-11
screenshot_like_simple_start,dop853_strict,DOP853,1e-09,1e-11,2.0175219023779727,0.3626813626004365,-0.3616997614708671,0.36268136258996153,-0.36169976144418525,1.0474954237338352e-11,2.6681823417362693e-11,2.6681823417362693e-11,0.0009179176583243298,-1.8702455752526586,0.0009179176734862016,-1.8702455752658165,1.5161871758095913e-11,1.3157919198647505e-11,2.0075188488457164e-11,1.5161871758095913e-11,-24.525000000639807,6.398046537015034e-10,-6.398046537015034e-10,-2.608785540067292e-11,-24.52500000049566,4.956568488978519e-10,-4.956568488978519e-10,-2.0210269068210064e-11
screenshot_like_simple_start,dop853_strict,DOP853,1e-09,1e-11,2.0225281602002503,0.36347818623376604,-0.3500514013425037,0.3634781862238061,-0.3500514013153013,9.959921776214742e-12,2.7202351482458198e-11,2.7202351482458198e-11,0.012581227273096518,-1.874020975827563,0.012581227289339969,-1.874020975840433,1.624345102868574e-11,1.286992734605974e-11,2.0724013395434972e-11,1.624345102868574e-11,-24.525000000616394,6.163922705582081e-10,-6.163922705582081e-10,-2.51332220411094e-11,-24.525000000434858,4.348557069988601e-10,-4.348557069988601e-10,-1.7731119551431602e-11
screenshot_like_simple_start,dop853_strict,DOP853,1e-09,1e-11,2.0275344180225283,0.3640442654663712,-0.338143954982628,0.3640442654173609,-0.33814395490448407,4.9010295821716454e-11,7.814393576666134e-11,7.814393576666134e-11,0.0243196336210737,-1.8778364916325434,0.024319633648994143,-1.8778364916759172,2.792044373478575e-11,4.3373749036845766e-11,5.1583265540857493e-11,4.5798365100324645e-11,-24.525000000575137,5.751346066062979e-10,-5.751346066062979e-10,-2.3450952359074326e-11,-24.525000000840205,8.402025741816033e-10,-8.402025741816033e-10,-3.4259024431461904e-11
screenshot_like_simple_start,dop853_strict,DOP853,1e-09,1e-11,2.032540675844806,0.36437675744568315,-0.3259764803258064,0.3643767573151956,-0.3259764801418156,1.3048756519751237e-10,1.8399076706643314e-10,1.8399076706643314e-10,0.03613304374314669,-1.881684521637004,0.03613304379552773,-1.8816845217424256,5.238104394678089e-11,1.0542167139249159e-10,1.1771789398447914e-10,1.2192052922799235e-10,-24.525000000420594,4.205915615784761e-10,-4.205915615784761e-10,-1.7149503020529095e-11,-24.52500000164526,1.6452581519388332e-09,-1.6452581519388332e-09,-6.708493993634385e-11
screenshot_like_simple_start,dop853_strict,DOP853,1e-09,1e-11,2.037546933667084,0.3644728482131621,-0.3135479642948673,0.3644728480465772,-0.3135479640619538,1.6658491253096486e-10,2.329135218026579e-10,2.329135218026579e-10,0.04802126508115878,-1.8855570388242024,0.04802126514707444,-1.8855570389554215,6.591566181768371e-11,1.3121903563728665e-10,1.4684450887398805e-10,1.5564222133335193e-10,-24.525000000511895,5.118927504099702e-10,-5.118927504099702e-10,-2.087228340101815e-11,-24.52500000219357,2.1935662175565085e-09,-2.1935662175565085e-09,-8.944204760678933e-11
screenshot_like_simple_start,dop853_strict,DOP853,1e-09,1e-11,2.0425531914893615,0.3643297651860786,-0.30085733504414114,0.36432976508954434,-0.3008573348999387,9.653428056921598e-11,1.4420242777646308e-10,1.4420242777646308e-10,0.05998399068015464,-1.8894455694095829,0.059983990727681846,-1.8894455694867132,4.752720439427094e-11,7.713030214517858e-11,9.059756435214661e-11,9.019807123422652e-11,-24.525000000953867,9.538645429074677e-10,-9.538645429074677e-10,-3.88935593438315e-11,-24.525000001844276,1.8442740667978796e-09,-1.8442740667978796e-09,-7.519975807534677e-11
screenshot_like_simple_start,dop853_strict,DOP853,1e-09,1e-11,2.0475594493116396,0.36394479158465814,-0.2879034769916189,0.36394479159053356,-0.2879034769860434,5.875411268618791e-12,5.575484518516305e-12,5.875411268618791e-12,0.07202078287518837,-1.8933411714940163,0.07202078288602498,-1.893341171493508,1.0836609387609997e-11,5.082601006733967e-13,1.0848522081351619e-11,1.0836609387609997e-11,-24.52500000103578,1.0357794621995708e-09,-1.0357794621995708e-09,-4.2233617215069143e-11,-24.525000000566003,5.660005797381018e-10,-5.660005797381018e-10,-2.3078514974030653e-11
screenshot_like_simple_start,dop853_strict,DOP853,1e-09,1e-11,2.0525657071339176,0.36331528291265136,-0.2746852488315803,0.36331528296442395,-0.27468524889549756,5.1772586218135075e-11,6.391726037335843e-11,6.391726037335843e-11,0.08413105534501392,-1.8972344134773396,0.08413105533188592,-1.8972344134416037,1.3127998688133857e-11,3.573585871663454e-11,3.8070933108749894e-11,4.83930673311761e-11,-24.5250000006386,6.385967310507112e-10,-6.385967310507112e-10,-2.6038602693199234e-11,-24.52499999922032,7.796820966632367e-10,7.796820966632367e-10,3.1791318926125856e-11
screenshot_like_simple_start,dop853_strict,DOP853,1e-09,1e-11,2.057571964956195,0.3624386860514594,-0.26120150524999464,0.3624386860998675,-0.26120150530885317,4.840811085315977e-11,5.88585291616539e-11,5.88585291616539e-11,0.09631405333958404,-1.901115352322583,0.09631405332798526,-1.90111535229022,1.1598777494015167e-11,3.236300116782331e-11,3.437870683932434e-11,4.526329311360655e-11,-24.5250000006498,6.497984372799692e-10,-6.497984372799692e-10,-2.6495349124565512e-11,-24.52499999920733,7.926708178729314e-10,7.926708178729314e-10,3.232093039237233e-11
screenshot_like_simple_start,dop853_strict,DOP853,1e-09,1e-11,2.0625782227784732,0.3613125615122969,-0.24745112306748737,0.36131256149477076,-0.24745112303879796,1.7526147200186415e-11,2.8689411957216748e-11,2.8689411957216748e-11,0.1085688318765132,-1.904973511892591,0.10856883188793418,-1.9049735119058138,1.1420975276621448e-11,1.3222756223285614e-11,1.7472262544090755e-11,1.6394552382337224e-11,-24.52500000067228,6.7227645672574e-10,-6.7227645672574e-10,-2.741188406628909e-11,-24.525000000645203,6.452012257796014e-10,-6.452012257796014e-10,-2.6307899114356834e-11
screenshot_like_simple_start,dop853_strict,DOP853,1e-09,1e-11,2.067584480600751,0.3599346085830096,-0.23343303159791728,0.35993460858591025,-0.23343303160476728,2.9006796964381465e-12,6.849992795210369e-12,6.849992795210369e-12,0.12089423187001103,-1.908797862221776,0.12089423186606166,-1.9087978622191697,3.949368609923454e-12,2.6063595726100175e-12,4.7318730581857945e-12,3.949368609923454e-12,-24.525000000740512,7.405098756407824e-10,-7.405098756407824e-10,-3.019408259493506e-11,-24.524999999678155,3.21847437589895e-10,3.21847437589895e-10,1.312323904545953e-11
screenshot_like_simple_start,dop853_strict,DOP853,1e-09,1e-11,2.072590738423029,0.3583026942650092,-0.21914624836092328,0.35830269427995515,-0.21914624838397692,1.494593337980632e-11,2.3053642328463297e-11,2.3053642328463297e-11,0.13328885396543275,-1.9125767999244756,0.13328885395692722,-1.9125767999142225,8.505529613955787e-12,1.0253131677018246e-11,1.3321814561093164e-11,1.3996748204903042e-11,-24.52500000086282,8.628191494608473e-10,-8.628191494608473e-10,-3.5181208948454526e-11,-24.524999999803022,1.9698020992109377e-10,1.9698020992109377e-10,8.031812840819318e-12
screenshot_like_simple_start,dop853_strict,DOP853,1e-09,1e-11,2.0775969962453065,0.35641488635905777,-0.2045899206755655,0.35641488645621844,-0.20458992080437252,9.716066839970949e-11,1.2880702060513727e-10,1.2880702060513727e-10,0.14575102996620268,-1.9162981304570887,0.1457510299311365,-1.9162981303970186,3.5066172188180644e-11,6.007017105957857e-11,6.95561778928239e-11,9.105449727542236e-11,-24.525000001216398,1.2163958729161095e-09,-1.2163958729161095e-09,-4.959820073052434e-11,-24.524999998423972,1.5760299731937266e-09,1.5760299731937266e-09,6.426218035448426e-11
screenshot_like_simple_start,dop853_strict,DOP853,1e-09,1e-11,2.0826032540675845,0.3542694910111871,-0.18976337361824402,0.35426949126086327,-0.1897633739668751,2.496761686288096e-10,3.486310684586158e-10,3.486310684586158e-10,0.1582787917813021,-1.919949053120206,0.1582787916731007,-1.919949052967831,1.0820142004597244e-10,1.5237500150533378e-10,1.8688415765846885e-10,2.3417134897840697e-10,-24.525000001191657,1.1916547748569428e-09,-1.1916547748569428e-09,-4.8589389392739765e-11,-24.524999993875635,6.124366791482316e-09,6.124366791482316e-09,2.497193391022351e-10
screenshot_like_simple_start,dop853_strict,DOP853,1e-09,1e-11,2.0876095118898625,0.35186509494639095,-0.17466616473080315,0.3518650952663499,-0.17466616519659667,3.199589482250076e-10,4.657935148699721e-10,4.657935148699721e-10,0.17086983789211907,-1.9235161498785749,0.17086983773376835,-1.9235161496873558,1.5835072142422746e-10,1.912190406017089e-10,2.482733825125265e-10,3.003555737457475e-10,-24.52500000065367,6.53667342476183e-10,-6.53667342476183e-10,-2.6653102649385643e-11,-24.524999990974052,9.025949765373298e-09,9.025949765373298e-09,3.680305714729173e-10
screenshot_like_simple_start,dop853_strict,DOP853,1e-09,1e-11,2.09261576971214,0.34920061312263556,-0.1592981464455664,0.3492006133224394,-0.15929814674399473,1.9980384013962293e-10,2.984283375973007e-10,2.984283375973007e-10,0.18352149730334152,-1.9269853789498332,0.18352149719643662,-1.9269853788341327,1.0690490159781518e-10,1.1570056024368114e-10,1.575286565242662e-10,1.877449862242031e-10,-24.525000000889392,8.893898950645962e-10,-8.893898950645962e-10,-3.62646236519713e-11,-24.524999994155593,5.844409400879158e-09,5.844409400879158e-09,2.3830415497978215e-10
screenshot_like_simple_start,dop853_strict,DOP853,1e-09,1e-11,2.097622027534418,0.34627534219275324,-0.14365953680846139,0.346275342066367,-0.1436595366326045,1.2638623481109335e-10,1.7585688460997062e-10,1.7585688460997062e-10,0.19623069106755733,-1.9303420745083977,0.19623069112271826,-1.9303420745764694,5.516093137813982e-11,6.8071770442657e-11,8.76156052407426e-11,1.1888440232254993e-10,-24.525000001472414,1.4724115260378312e-09,-1.4724115260378312e-09,-6.003716721866793e-11,-24.525000001208216,1.208213973313832e-09,-1.208213973313832e-09,-4.9264586067842275e-11
screenshot_like_simple_start,dop853_strict,DOP853,1e-09,1e-11,2.1026282853566958,0.34308901934558766,-0.1277509980760308,0.3430890190532758,-0.12775099764021014,2.9231184139888455e-10,4.3582065734071307e-10,4.3582065734071307e-10,0.20899389178932548,-1.9335709544308912,0.2089938919463187,-1.9335709545847495,1.5699322397644266e-10,1.53858259466233e-10,2.1981636968273351e-10,2.752759131752214e-10,-24.525000003532675,3.5326728209383873e-09,-3.5326728209383873e-09,-1.4404374397302292e-10,-24.525000005083,5.082998910665992e-09,-5.082998910665992e-09,-2.0725785568464798e-10
screenshot_like_simple_start,dop853_strict,DOP853,1e-09,1e-11,2.107634543178974,0.3396418876270792,-0.11157372465013782,0.3396418874679894,-0.11157372440026628,1.5908979689172043e-10,2.49871540125568e-10,2.49871540125568e-10,0.2218070811886626,-1.9366561373179003,0.22180708128697882,-1.9366561373987223,9.831621627931497e-11,8.082201574666215e-11,1.2727245032934167e-10,1.5000162223444136e-10,-24.525000003553636,3.5536338316433103e-09,-3.5536338316433103e-09,-1.4489842330859571e-10,-24.525000003034584,3.034582363170557e-09,-3.034582363170557e-09,-1.237342451853438e-10
screenshot_like_simple_start,dop853_strict,DOP853,1e-09,1e-11,2.1126408010012514,0.33593476658108123,-0.09512953889820926,0.3359347664041188,-0.0951295386477381,1.7696244469789235e-10,2.5047115770338024e-10,2.5047115770338024e-10,0.23466570667249853,-1.9395811713469147,0.2346657067547665,-1.939581171429042,8.226797021393395e-11,8.21274159790164e-11,1.1624513485953346e-10,1.670706906153896e-10,-24.525000001386747,1.3867449411009147e-09,-1.3867449411009147e-09,-5.654413623245319e-11,-24.525000001533872,1.533869919967401e-09,-1.533869919967401e-09,-6.254311600274826e-11
screenshot_like_simple_start,dop853_strict,DOP853,1e-09,1e-11,2.1176470588235294,0.33196912826786645,-0.07842099500529885,0.3319691279639834,-0.07842099458619442,3.038830298507378e-10,4.191044317147785e-10,4.191044317147785e-10,0.24756463755316818,-1.9423290768406107,0.2475646376836928,-1.9423290769724808,1.3052461889095923e-10,1.3187007041892684e-10,1.8554350327867283e-10,2.87291745948437e-10,-24.52500000062913,6.291287490967079e-10,-6.291287490967079e-10,-2.5652548383148128e-11,-24.525000001496924,1.4969216977078759e-09,-1.4969216977078759e-09,-6.103656259767078e-11
screenshot_like_simple_start,dop853_strict,DOP853,1e-09,1e-11,2.1226533166458075,0.32774717887335986,-0.06145149122126954,0.32774717880227466,-0.06145149111798734,7.108519328724583e-11,1.0328220223509987e-10,1.0328220223509987e-10,0.2604981216031106,-1.9448824044328814,0.2604981216388965,-1.9448824044621071,3.5785929775045133e-11,2.9225732944837546e-11,4.62036387747483e-11,6.730133117471837e-11,-24.525000000427347,4.2734527028187586e-10,-4.2734527028187586e-10,-1.7424883599668738e-11,-24.525000001321455,1.3214531691119191e-09,-1.3214531691119191e-09,-5.388188253259608e-11
screenshot_like_simple_start,dop853_strict,DOP853,1e-09,1e-11,2.127659574468085,0.32327194456234415,-0.04422538876269523,0.3232719445584355,-0.04422538875570906,3.908651180495326e-12,6.986168588074548e-12,6.986168588074548e-12,0.27345974338198425,-1.9472233113777628,0.2734597433852574,-1.9472233113793136,3.2731595211998865e-12,1.5507595207964187e-12,3.6219370980957423e-12,3.706202011954929e-12,-24.525000000424967,4.249649521170795e-10,-4.249649521170795e-10,-1.7327826793764708e-11,-24.525000000930813,9.308109838457312e-10,-9.308109838457312e-10,-3.7953556935605754e-11
screenshot_like_simple_start,dop853_strict,DOP853,1e-09,1e-11,2.132665832290363,0.3185473572360289,-0.026748131584285934,0.3185473572143666,-0.02674813155112811,2.1662283078427436e-11,3.315782370894027e-11,3.315782370894027e-11,0.28644238709445347,-1.9493336592919261,0.28644238710702696,-1.9493336592995973,1.2573497798484823e-11,7.671197010949982e-12,1.4728886939253443e-11,2.0572488157455382e-11,-24.525000000541908,5.419060755684768e-10,-5.419060755684768e-10,-2.2096068320834933e-11,-24.525000001528852,1.528849935539256e-09,-1.528849935539256e-09,-6.233842754492378e-11
screenshot_like_simple_start,dop853_strict,DOP853,1e-09,1e-11,2.1376720901126407,0.3135783430299086,-0.009026370884061156,0.31357834292369113,-0.009026370726975194,1.062174792565429e-10,1.5708596229346838e-10,1.5708596229346838e-10,0.2994382039839937,-1.951195133271201,0.2994382040400354,-1.9511951333053832,5.604172681472619e-11,3.4182212615974095e-11,6.564372630876509e-11,1.010378447574567e-10,-24.525000000722784,7.227818343835679e-10,-7.227818343835679e-10,-2.947122668230654e-11,-24.525000002977894,2.9778917109979375e-09,-2.9778917109979375e-09,-1.214226997348802e-10
screenshot_like_simple_start,dop853_strict,DOP853,1e-09,1e-11,2.1426783479349187,0.30837090730320277,0.008931914036004712,0.3083709071358754,0.00893191427185036,1.6732737417868293e-10,2.3584564856626855e-10,2.3584564856626855e-10,0.31243858793518936,-1.9527893854644058,0.3124385880115912,-1.9527893855130842,7.640182930757078e-11,4.8678394648504764e-11,9.059153176262535e-11,1.5943441011856407e-10,-24.524999999817467,1.8253487610309094e-10,1.8253487610309094e-10,7.442808403795755e-12,-24.525000002267976,2.267974252845306e-09,-2.267974252845306e-09,-9.247601438716844e-11
screenshot_like_simple_start,dop853_strict,DOP853,1e-09,1e-11,2.1476846057571968,0.3029322136521772,0.0271173018713972,0.30293221350659644,0.027117302074034122,1.4558076966153521e-10,2.0263692113164922e-10,2.0263692113164922e-10,0.32543416147180637,-1.9540982035527863,0.32543416153541693,-1.9540982035907217,6.361056126280573e-11,3.79354325730219e-11,7.40634899844144e-11,1.3895185002610333e-10,-24.524999999766553,2.334488158339809e-10,2.334488158339809e-10,9.518810023811657e-12,-24.525000001465134,1.465132015709969e-09,-1.465132015709969e-09,-5.97403472256868e-11
screenshot_like_simple_start,dop853_strict,DOP853,1e-09,1e-11,2.1526908635794744,0.2972706541752648,0.045518826168435625,0.2972706540644652,0.04551882632450577,1.1079964723492708e-10,1.5607014292040589e-10,1.5607014292040589e-10,0.33841477443339396,-1.9551037037569925,0.33841477448336255,-1.955103703782345,4.996858482542166e-11,2.5352608901130225e-11,5.603226077492347e-11,1.0593992350038661e-10,-24.52500000035797,3.5796787756225967e-10,-3.5796787756225967e-10,-1.45960398598271e-11,-24.52500000148318,1.4831762484845967e-09,-1.4831762484845967e-09,-6.047609575880109e-11
screenshot_like_simple_start,dop853_strict,DOP853,1e-09,1e-11,2.1576971214017524,0.29139590522550884,0.06412389071682562,0.29139590507871327,0.06412389092558471,1.4679557569508006e-10,2.0875909334527876e-10,2.0875909334527876e-10,0.3513695185717087,-1.9557885475458785,0.35136951863943156,-1.9557885475746741,6.772282734601731e-11,2.879563254509776e-11,7.359055508290967e-11,1.4060719255581944e-10,-24.525000000293275,2.9327296147130255e-10,-2.9327296147130255e-10,-1.1958122791898167e-11,-24.52500000252332,2.5233184430817346e-09,-2.5233184430817346e-09,-1.0288760216439283e-10
screenshot_like_simple_start,dop853_strict,DOP853,1e-09,1e-11,2.16270337922403,0.2853189644859065,0.08291820921208046,0.2853189643168524,0.08291820945135991,1.6905410404888244e-10,2.392794573591317e-10,2.392794573591317e-10,0.36428676046169955,-1.956136179086069,0.36428676053793735,-1.9561361791138334,7.623779385568241e-11,2.7764457399825915e-11,8.113609743319107e-11,1.6221957110928997e-10,-24.524999999837714,1.6228796084760688e-10,1.6228796084760688e-10,6.617246109994164e-12,-24.525000002918627,2.9186253414081875e-09,-2.9186253414081875e-09,-1.190061301287742e-10
screenshot_like_simple_start,dop853_strict,DOP853,1e-09,1e-11,2.167709637046308,0.2790521648537302,0.1018857754069537,0.2790521648140338,0.10188577545776306,3.969641282353109e-11,5.080935672197029e-11,5.080935672197029e-11,0.37715419484902735,-1.9561310789629112,0.3771541948614124,-1.9561310789686774,1.2385037440054703e-11,5.766276345298138e-12,1.366159197465294e-11,3.816086335817204e-11,-24.524999999647026,3.5297631484354497e-10,3.5297631484354497e-10,1.4392510289237306e-11,-24.525000002252938,2.2529356158429437e-09,-2.2529356158429437e-09,-9.186281817912104e-11
screenshot_like_simple_start,dop853_strict,DOP853,1e-09,1e-11,2.1727158948685856,0.27260916055011175,0.12100887008376612,0.2726091605900713,0.12100887002462139,3.995953568036725e-11,5.914473077961446e-11,5.914473077961446e-11,0.389958920049995,-1.9557590280348192,0.38995892002976673,-1.9557590280311998,2.0228263508670352e-11,3.6193270602780103e-12,2.054950541851227e-11,3.848393825833796e-11,-24.52499999839108,1.6089209964320617e-09,1.6089209964320617e-09,6.560330260681188e-11,-24.52500000182974,1.829736362424228e-09,-1.829736362424228e-09,-7.460698725481051e-11
screenshot_like_simple_start,dop853_strict,DOP853,1e-09,1e-11,2.1777221526908637,0.2660048813063538,0.14026811063274922,0.26600488121294436,0.14026811076170367,9.340944684410601e-11,1.289544582228075e-10,1.289544582228075e-10,0.4026875362260922,-1.9550073735598008,0.40268753626365605,-1.9550073735663271,3.756384092667986e-11,6.52633502795652e-12,3.812656808659863e-11,9.012413038078648e-11,-24.525000000533993,5.339906294921093e-10,-5.339906294921093e-10,-2.1773318225977952e-11,-24.525000001096224,1.0962217800170038e-09,-1.0962217800170038e-09,-4.4698135780509836e-11
screenshot_like_simple_start,dop853_strict,DOP853,1e-09,1e-11,2.1827284105131417,0.25925545136589734,0.15964254782911413,0.2592554512487005,0.15964254799114233,1.171968633251197e-10,1.620281964154202e-10,1.620281964154202e-10,0.41532626627171443,-1.9538652881733767,0.4153262663184021,-1.9538652881776646,4.6687653743049395e-11,4.2879033657072796e-12,4.6884145799028036e-11,1.132802740499983e-10,-24.525000000568124,5.681215498043457e-10,-5.681215498043457e-10,-2.3164996933918273e-11,-24.52500000114033,1.140328720339312e-09,-1.140328720339312e-09,-4.6496583907821073e-11
screenshot_like_simple_start,dop853_strict,DOP853,1e-09,1e-11,2.1877346683354193,0.252378074050795,0.17910980901430007,0.252378073764659,0.17910980941526555,2.861360037798022e-10,4.0096548303836244e-10,4.0096548303836244e-10,0.42786109682650164,-1.9523240110776028,0.42786109694398117,-1.9523240110776197,1.1747952610718926e-10,1.687538997430238e-14,1.1747952731922506e-10,2.770715878952501e-10,-24.5250000006317,6.316973610864807e-10,-6.316973610864807e-10,-2.575728281698188e-11,-24.52500000036231,3.623092936777539e-10,-3.623092936777539e-10,-1.4773059884923706e-11
screenshot_like_simple_start,dop853_strict,DOP853,1e-09,1e-11,2.1927409261576973,0.2453908799310139,0.19864629048940802,0.24539087955679748,0.19864629101331627,3.742164356168587e-10,5.239082501162784e-10,5.239082501162784e-10,0.44027793717899794,-1.9503770607846769,0.4402779373295975,-1.950377060772198,1.5059958835550447e-10,1.247890679678676e-11,1.5111571436382879e-10,3.630058198478281e-10,-24.525000000588726,5.887237364277098e-10,-5.887237364277098e-10,-2.40050453181533e-11,-24.524999999787774,2.1222845703050552e-10,2.1222845703050552e-10,8.653555842222447e-12
screenshot_like_simple_start,dop853_strict,DOP853,1e-09,1e-11,2.197747183979975,0.23831274311572911,0.21822739321197956,0.2383127432845238,0.21822739297017102,1.6879467268360315e-10,2.418085454092278e-10,2.418085454092278e-10,0.4525627908599661,-1.9480204086740196,0.45256279078791667,-1.9480204086865247,7.204942198413278e-11,1.2505108060167913e-11,7.312658159550542e-11,1.640241276135157e-10,-24.525000002824058,2.824055655992197e-09,-2.824055655992197e-09,-1.1515007771629753e-10,-24.524999999656004,3.439986073772161e-10,3.439986073772161e-10,1.4026446783984345e-11
screenshot_like_simple_start,dop853_strict,DOP853,1e-09,1e-11,2.202753441802253,0.23116307166569477,0.23782779380729793,0.23116307188813776,0.23782779348653335,2.2244298070184243e-10,3.2076458156282683e-10,3.2076458156282683e-10,0.46470193380404257,-1.9452526042552867,0.46470193370883295,-1.9452526042798925,9.520961796738447e-11,2.4605872894767344e-11,9.83377869102653e-11,2.165261303588295e-10,-24.525000002821223,2.821220590476514e-09,-2.821220590476514e-09,-1.150344787146387e-10,-24.525000000042905,4.290257038519485e-11,-4.290257038519485e-11,-1.7493402807418896e-12
screenshot_like_simple_start,dop853_strict,DOP853,1e-09,1e-11,2.2077596996245306,0.2239615743182065,0.25742174804957235,0.22396157424145913,0.2574217481526732,7.674738622398536e-11,1.0310086118181516e-10,1.0310086118181516e-10,0.476682094138132,-1.9420748446837997,0.476682094163005,-1.9420748446745963,2.4872992554492157e-11,9.203304784932698e-12,2.6521059133831503e-11,7.483064168312126e-11,-24.52500000028501,2.850093494544126e-10,-2.850093494544126e-10,-1.1621176328416415e-11,-24.525000001249374,1.2493721612827358e-09,-1.2493721612827358e-09,-5.094279964455599e-11
screenshot_like_simple_start,dop853_strict,DOP853,1e-09,1e-11,2.2127659574468086,0.21672801755029084,0.27698340791923365,0.2167280174910609,0.2769834079967953,5.922992651896664e-11,7.756167930139668e-11,7.756167930139668e-11,0.48849062462678655,-1.9384909842339029,0.48849062464354764,-1.9384909842254296,1.676109251391722e-11,8.473222123939195e-12,1.8781099952391087e-11,5.784431267308321e-11,-24.525000000284646,2.8464341994549613e-10,-2.8464341994549613e-10,-1.1606255655269974e-11,-24.525000001271327,1.271324379104044e-09,-1.271324379104044e-09,-5.183789517243808e-11
screenshot_like_simple_start,dop853_strict,DOP853,1e-09,1e-11,2.2177722152690866,0.20948198049019096,0.296487142123959,0.20948198055397144,0.2964871420313551,6.378048089672461e-11,9.2603869017438e-11,9.2603869017438e-11,0.5001156616746751,-1.9345074827644981,0.5001156616484979,-1.9345074827782902,2.617728256382179e-11,1.3792078590313395e-11,2.9588368563804754e-11,6.238615180009788e-11,-24.524999999933815,6.618705583605333e-11,6.618705583605333e-11,2.698758647749371e-12,-24.52500000057544,5.754365872689959e-10,-5.754365872689959e-10,-2.346326553594275e-11
screenshot_like_simple_start,dop853_strict,DOP853,1e-09,1e-11,2.2227784730913642,0.2022426153921859,0.31590784969718944,0.20224261544473945,0.315907849609043,5.2553544849232026e-11,8.814643459587046e-11,8.814643459587046e-11,0.5115462653993145,-1.930133295124641,0.5115462653670124,-1.93013329514147,3.230204992377139e-11,1.6828982651873048e-11,3.6423029615544933e-11,5.148242943064929e-11,-24.525000001258633,1.2586305331296899e-09,-1.2586305331296899e-09,-5.1320307161251364e-11,-24.524999999485292,5.14710052357259e-10,5.14710052357259e-10,2.0987158098155307e-11
screenshot_like_simple_start,dop853_strict,DOP853,1e-09,1e-11,2.2277847309136423,0.19502842441150847,0.3352212521239155,0.19502842423319777,0.3352212523581982,1.7831069953899714e-10,2.3428270434777687e-10,2.3428270434777687e-10,0.5227725351988258,-1.9253797070940344,0.5227725352451374,-1.925379707051516,4.6311621204608855e-11,4.2518433218674545e-11,6.286957469213597e-11,1.7493032022919408e-10,-24.52500000263699,2.6369875172349566e-09,-2.6369875172349566e-09,-1.0752242679857111e-10,-24.524999997877508,2.1224941804121045e-09,2.1224941804121045e-09,8.654410521558019e-11
screenshot_like_simple_start,dop853_strict,DOP853,1e-09,1e-11,2.23279098873592,0.18785706089377516,0.3544041529736249,0.18785706066431074,0.3544041532973092,2.2946441968763054e-10,3.236843015841373e-10,3.236843015841373e-10,0.5337856973651408,-1.9202601261905252,0.5337856974432817,-1.92026012612105,7.814093816449486e-11,6.947531439038812e-11,1.0456015267237648e-10,2.2542737121433731e-10,-24.525000000272907,2.729052539507393e-10,-2.729052539507393e-10,-1.1127635227349205e-11,-24.524999997115586,2.8844162613950175e-09,2.8844162613950175e-09,1.1761126448093853e-10
screenshot_like_simple_start,dop853_strict,DOP853,1e-09,1e-11,2.237797246558198,0.18074516069661145,0.3734346575567455,0.18074516059193446,0.37343465770041595,1.0467698929872427e-10,1.4367046441421394e-10,1.4367046441421394e-10,0.5445781631734653,-1.9147898374560914,0.5445781632042621,-1.9147898374224954,3.0796809546984605e-11,3.359601485897201e-11,4.557560413946819e-11,1.029718255107781e-10,-24.525000000229916,2.2991386572357442e-10,-2.2991386572357442e-10,-9.374673423998956e-12,-24.525000000808415,8.084128921836964e-10,-8.084128921836964e-10,-3.296280905947793e-11
screenshot_like_simple_start,dop853_strict,DOP853,1e-09,1e-11,2.2428035043804755,0.17370820617721244,0.39229234905260574,0.1737082061309474,0.3922923491160769,4.626504734872583e-11,6.347117276206404e-11,6.347117276206404e-11,0.5551435577720261,-1.9089857349698507,0.5551435577851069,-1.9089857349535815,1.308086972073852e-11,1.6269208202857044e-11,2.0875734434956888e-11,4.556879873440778e-11,-24.524999999637636,3.623661370966147e-10,3.623661370966147e-10,1.4775377659393055e-11,-24.525000001022153,1.0221512525276921e-09,-1.0221512525276921e-09,-4.167793078604249e-11
screenshot_like_simple_start,dop853_strict,DOP853,1e-09,1e-11,2.2478097622027535,0.1667604273526879,0.41095841513601705,0.16676042726877052,0.41095841524736804,8.391737305046831e-11,1.1135098398895593e-10,1.1135098398895593e-10,0.5654767206847916,-1.9028660411398834,0.565476720704118,-1.9028660411093297,1.9326429345767338e-11,3.055378172689416e-11,3.6153069704682454e-11,8.27532486979976e-11,-24.524999999821077,1.7892531900542963e-10,1.7892531900542963e-10,7.295629724992033e-12,-24.525000001549692,1.5496901539790997e-09,-1.5496901539790997e-09,-6.318818160974922e-11
screenshot_like_simple_start,dop853_strict,DOP853,1e-09,1e-11,2.2528160200250316,0.15991473737488637,0.42941572895556096,0.15991473726837524,0.42941572908784,1.0651113324655626e-10,1.3227902107004752e-10,1.3227902107004752e-10,0.5755736813828457,-1.8964500237278425,0.5755736813979628,-1.8964500236897297,1.511712977020352e-11,3.8112846212357e-11,4.100142264478086e-11,1.0515216475326383e-10,-24.524999999786296,2.1370638592088653e-10,2.1370638592088653e-10,8.713817978425547e-12,-24.525000002978647,2.978644886297843e-09,-2.978644886297843e-09,-1.214534102465991e-10
screenshot_like_simple_start,dop853_strict,DOP853,1e-09,1e-11,2.257822277847309,0.1531827021421491,0.4476488847883899,0.15318270205220746,0.44764888490718624,8.994163747111372e-11,1.1879636163669716e-10,1.1879636163669716e-10,0.5854316131092757,-1.8897577205301082,0.5854316131274784,-1.889757720492411,1.8202661600241754e-11,3.769717871193734e-11,4.1861846258528273e-11,8.888845215437868e-11,-24.525000000337343,3.3734082194314396e-10,-3.3734082194314396e-10,-1.375497744926173e-11,-24.525000002090046,2.0900436936699407e-09,-2.0900436936699407e-09,-8.522094571539004e-11
screenshot_like_simple_start,dop853_strict,DOP853,1e-09,1e-11,2.262828535669587,0.1465745404987026,0.46564419321530987,0.14657454028951303,0.46564419351622865,2.0918958232307716e-10,3.0091878988613985e-10,3.0091878988613985e-10,0.5950487692278168,-1.8828096794429896,0.595048769289751,-1.8828096793384295,6.193423551792421e-11,1.0456013832538247e-10,1.2152642533956482e-10,2.069464877241245e-10,-24.52500000031781,3.178080021370988e-10,-3.178080021370988e-10,-1.2958532197231346e-11,-24.525000000733034,7.330314133469074e-10,-7.330314133469074e-10,-2.9889150391311205e-11
screenshot_like_simple_start,dop853_strict,DOP853,1e-09,1e-11,2.267834793491865,0.14009914926906222,0.4833896436317118,0.14009914912210608,0.4833896438290465,1.4695614170001647e-10,1.9733470413285659e-10,1.9733470413285659e-10,0.6044244067799397,-1.8756267190419122,0.6044244068091484,-1.8756267189707154,2.920874653256078e-11,7.119682621237189e-11,7.695543474451994e-11,1.455162934593801e-10,-24.525000000430207,4.3020520479331026e-10,-4.3020520479331026e-10,-1.7541496627657908e-11,-24.525000000941848,9.418457125320856e-10,-9.418457125320856e-10,-3.8403494904468316e-11
screenshot_like_simple_start,dop853_strict,DOP853,1e-09,1e-11,2.272841051314143,0.13376415058347182,0.5008748375345932,0.1337641504466276,0.5008748377176797,1.3684423039173055e-10,1.8308654592402718e-10,1.8308654592402718e-10,0.6135587009147806,-1.8682297144688977,0.6135587009397555,-1.8682297143992312,2.4974911028152746e-11,6.966649479522857e-11,7.400788253907658e-11,1.356217915748914e-10,-24.525000000357878,3.5787550700661086e-10,-3.5787550700661086e-10,-1.4592273476314406e-11,-24.525000000907205,9.072032014501019e-10,-9.072032014501019e-10,-3.699095622630385e-11
screenshot_like_simple_start,dop853_strict,DOP853,1e-09,1e-11,2.2778473091364204,0.12757595559632498,0.5180909006159187,0.1275759555944054,0.5180909006284274,1.9195756095768957e-12,1.2508771796149176e-11,1.2508771796149176e-11,0.6224526543591743,-1.8606394103358055,0.6224526543681375,-1.860639410329855,8.963163544706276e-12,5.950573367385914e-12,1.0758606979056077e-11,8.963163544706276e-12,-24.524999998556083,1.4439187623338512e-09,1.4439187623338512e-09,5.887538276590626e-11,-24.525000000886827,8.868248357885022e-10,-8.868248357885022e-10,-3.6160034079041884e-11
screenshot_like_simple_start,dop853_strict,DOP853,1e-09,1e-11,2.2828535669586985,0.12153984064392975,0.5350303789707544,0.1215398405669437,0.5350303790788294,7.698605641870415e-11,1.0807499339904325e-10,1.0807499339904325e-10,0.6311080051175355,-1.8528762616075074,0.6311080051340892,-1.8528762615617373,1.655364734176601e-11,4.5770054413196704e-11,4.867156378525909e-11,7.641814958603277e-11,-24.524999999178256,8.217462266202347e-10,8.217462266202347e-10,3.350647203344483e-11,-24.5250000006241,6.240981065275264e-10,-6.240981065275264e-10,-2.5447425342610655e-11
screenshot_like_simple_start,dop853_strict,DOP853,1e-09,1e-11,2.2878598247809765,0.11566003007275028,0.5516871270625547,0.11566002992162255,0.5516871272671687,1.5112772144831865e-10,2.046139924161139e-10,2.046139924161139e-10,0.6395271353370001,-1.84496030107056,0.6395271353611398,-1.8449603009807574,2.413969024672724e-11,8.980260979285504e-11,9.299050150857195e-11,1.501180152407855e-10,-24.525000000259944,2.5994140173679625e-10,-2.5994140173679625e-10,-1.0599037787433078e-11,-24.5250000006297,6.29697183285316e-10,-6.29697183285316e-10,-2.5675726127841627e-11
screenshot_like_simple_start,dop853_strict,DOP853,1e-09,1e-11,2.292866082603254,0.1099397847344296,0.5680561889834344,0.10993978464056482,0.5680561891149252,9.386477706208041e-11,1.314908182337149e-10,1.314908182337149e-10,0.6477129832090461,-1.83691103318783,0.647712983226588,-1.8369110331273872,1.754185685598486e-11,6.044276190664277e-11,6.29368271273582e-11,9.329809147473611e-11,-24.52500000031187,3.1186786486614437e-10,-3.1186786486614437e-10,-1.2716324765184275e-11,-24.52500000156244,1.562437290658636e-09,-1.562437290658636e-09,-6.370794253450094e-11
screenshot_like_simple_start,dop853_strict,DOP853,1e-09,1e-11,2.297872340425532,0.10438149136991179,0.5841336792212801,0.10438149130109359,0.5841336793177013,6.88182011376881e-11,9.642120435415791e-11,9.642120435415791e-11,0.6556689596894032,-1.82874735143056,0.655668959701393,-1.8287473513845565,1.1989853554439378e-11,4.6003645337577836e-11,4.754042461529503e-11,6.844362576696739e-11,-24.525000000573947,5.739444475238997e-10,-5.739444475238997e-10,-2.3402423956122312e-11,-24.52500000204394,2.0439365755464678e-09,-2.0439365755464678e-09,-8.334094089893854e-11
screenshot_like_simple_start,dop853_strict,DOP853,1e-09,1e-11,2.3028785982478097,0.09898675053470322,0.5999166660651961,0.09898675048143042,0.5999166661365593,5.3272802835735433e-11,7.136313762146074e-11,7.136313762146074e-11,0.6633988711028977,-1.8204874765670043,0.6633988711087876,-1.8204874765319792,5.889844167938918e-12,3.5025093936269514e-11,3.5516861764056626e-11,5.301202532503879e-11,-24.525000000284223,2.842206470177189e-10,-2.842206470177189e-10,-1.1589017207654184e-11,-24.525000001150055,1.150052497678189e-09,-1.150052497678189e-09,-4.6893068202984254e-11
screenshot_like_simple_start,dop853_strict,DOP853,1e-09,1e-11,2.3078848560700878,0.09375646217242989,0.6154030588342332,0.09375646213659719,0.6154030588843963,3.583269791995747e-11,5.0163095899335985e-11,5.0163095899335985e-11,0.6709068481930779,-1.8121489138282831,0.6709068481983628,-1.8121489138026792,5.28488364182067e-12,2.560396339390536e-11,2.6143697836840707e-11,3.567532380621685e-11,-24.525000000107053,1.070503685696167e-10,-1.070503685696167e-10,-4.36494876940333e-12,-24.52500000093712,9.371170506256021e-10,-9.371170506256021e-10,-3.8210685040799266e-11
screenshot_like_simple_start,dop853_strict,DOP853,1e-09,1e-11,2.3128911138923653,0.08869090653453651,0.6305915018943394,0.08869090645876684,0.6305915019966897,7.576966831734921e-11,1.023502393948661e-10,1.023502393948661e-10,0.6781972819950128,-1.8037484257430598,0.6781972820022071,-1.803748425689423,7.194245199571014e-12,5.363687272108564e-11,5.4117199477518154e-11,7.547185099099352e-11,-24.525000000321416,3.214140065210813e-10,-3.214140065210813e-10,-1.3105566015130736e-11,-24.525000000829543,8.29540880431523e-10,-8.29540880431523e-10,-3.382429685755445e-11
screenshot_like_simple_start,dop853_strict,DOP853,1e-09,1e-11,2.3178973717146434,0.08378981997321044,0.6454812760545192,0.08378981985492216,0.6454812762152584,1.1828828194726526e-10,1.607391997282548e-10,1.607391997282548e-10,0.6852747665013333,-1.7953020183284807,0.6852747665118601,-1.7953020182416823,1.0526801652588347e-11,8.679834628821936e-11,8.743435521236822e-11,1.1787329445844819e-10,-24.525000000312957,3.1295499525185733e-10,-3.1295499525185733e-10,-1.2760652201910593e-11,-24.524999999793426,2.0657608956753393e-10,2.0657608956753393e-10,8.42308214342646e-12
screenshot_like_simple_start,dop853_strict,DOP853,1e-09,1e-11,2.3229036295369214,0.079052465517556,0.6600722073990402,0.0790524653689304,0.6600722076036706,1.4862559793993313e-10,2.0463042371687834e-10,2.0463042371687834e-10,0.6921440479063732,-1.7868249386092039,0.6921440479198593,-1.7868249384954669,1.3486101124726702e-11,1.1373701980232909e-10,1.145337705528887e-10,1.4816144144891297e-10,-24.525000000720755,7.207532348729728e-10,-7.207532348729728e-10,-2.9388511105931613e-11,-24.524999999284965,7.150369185637828e-10,7.150369185637828e-10,2.9155429910857606e-11
screenshot_like_simple_start,dop853_strict,DOP853,1e-09,1e-11,2.327909887359199,0.0744776971026579,0.6743645849782216,0.07447769699193854,0.674364585131435,1.1071936423245887e-10,1.532134419335307e-10,1.532134419335307e-10,0.6988099801519828,-1.7783316807386804,0.6988099801612461,-1.7783316806512524,9.263256828262456e-12,8.742806478778675e-11,8.79174296690013e-11,1.1041242919951344e-10,-24.525000001435593,1.4355912014707428e-09,-1.4355912014707428e-09,-5.853582880614649e-11,-24.525000000499087,4.990852175978944e-10,-4.990852175978944e-10,-2.0350059840892735e-11
screenshot_like_simple_start,dop853_strict,DOP853,1e-09,1e-11,2.332916145181477,0.07006401802952456,0.6883590865345979,0.0700640180085502,0.6883590865594141,2.0974361136794073e-11,2.481626015793381e-11,2.481626015793381e-11,0.7052774862934468,-1.7698359992406671,0.7052774862916892,-1.7698359992263701,1.7575940702840853e-12,1.4297008021912916e-11,1.440463728437964e-11,2.092288842181489e-11,-24.525000001379446,1.3794441144909797e-09,-1.3794441144909797e-09,-5.624644707404606e-11,-24.525000001880137,1.880135158671692e-09,-1.880135158671692e-09,-7.666198404369793e-11
screenshot_like_simple_start,dop853_strict,DOP853,1e-09,1e-11,2.3379224030037546,0.06580963377457706,0.7020567120267838,0.06580963377673338,0.7020567120157821,2.1563167917904025e-12,1.1001644040220526e-11,1.1001644040220526e-11,0.7115515251960598,-1.761350927758342,0.7115515251898115,-1.7613509277653046,6.248335182590381e-12,6.962652676634207e-12,9.355224468148173e-12,6.962652676634207e-12,-24.525000001067,1.0669971572951908e-09,-1.0669971572951908e-09,-4.350650998145528e-11,-24.525000001435814,1.4358114697188284e-09,-1.4358114697188284e-09,-5.854481018221522e-11
screenshot_like_simple_start,dop853_strict,DOP853,1e-09,1e-11,2.3429286608260327,0.06171249927921384,0.7154587247430871,0.06171249926042015,0.7154587247635381,1.8793688827400956e-11,2.045097424741016e-11,2.045097424741016e-11,0.7176370630800757,-1.7528888018241213,0.7176370630767539,-1.7528888018118651,3.3217872896784684e-12,1.2256196058046953e-11,1.2698370470700368e-11,1.875791189043241e-11,-24.525000000822548,8.225455871979648e-10,-8.225455871979648e-10,-3.353906573692007e-11,-24.52500000101341,1.013408024164164e-09,-1.013408024164164e-09,-4.1321428100475596e-11
screenshot_like_simple_start,dop853_strict,DOP853,1e-09,1e-11,2.3479349186483103,0.057770360802319086,0.7285665998595243,0.057770360747712746,0.7285665999317581,5.4606340282870036e-11,7.223377451737178e-11,7.223377451737178e-11,0.7235390494127173,-1.7444612842671945,0.7235390494120978,-1.744461284222254,6.195044477408373e-13,4.4940495769196787e-11,4.4944765498798245e-11,5.451523954480564e-11,-24.525000000358126,3.581241969641269e-10,-3.581241969641269e-10,-1.4602413739617813e-11,-24.525000000966592,9.66590363304931e-10,-9.66590363304931e-10,-3.9412451103157225e-11
screenshot_like_simple_start,dop853_strict,DOP853,1e-09,1e-11,2.3529411764705883,0.053980793209696676,0.7413819791726703,0.053980793160013,0.7413819792382015,4.968367384172723e-11,6.553113607310479e-11,6.553113607310479e-11,0.7292623965938555,-1.7360793927259788,0.7292623965925757,-1.7360793926844058,1.279754080485418e-12,4.157296729090376e-11,4.1592660168316636e-11,4.961130811720338e-11,-24.525000000353657,3.5365488315619587e-10,-3.5365488315619587e-10,-1.4420178721965172e-11,-24.525000000906008,9.060059369403461e-10,-9.060059369403461e-10,-3.6942138101543164e-11
screenshot_like_simple_start,dop853_strict,DOP853,1e-09,1e-11,2.3579474342928664,0.050341233028822444,0.7539066315575123,0.050341232995254455,0.7539066316049552,3.356798866649413e-11,4.744293846670189e-11,4.744293846670189e-11,0.7348119630082092,-1.7277535284347425,0.7348119630092705,-1.7277535284039571,1.0613732115416497e-12,3.0785374249830966e-11,3.080366505460566e-11,3.3525460185757083e-11,-24.52500000031398,3.1397817679135187e-10,-3.1397817679135187e-10,-1.2802372142358893e-11,-24.525000000622825,6.22822682316837e-10,-6.22822682316837e-10,-2.5395420277954616e-11
screenshot_like_simple_start,dop853_strict,DOP853,1e-09,1e-11,2.362953692115144,0.04684900720258847,0.7661424192505649,0.04684900719355453,0.7661424192703857,9.03394026252613e-12,1.982081165863292e-11,1.982081165863292e-11,0.7401925390400014,-1.7194935052311977,0.74019253904526,-1.719493505217878,5.258571356137054e-12,1.3319789715637853e-11,1.4320243390962215e-11,1.3319789715637853e-11,-24.525000000211175,2.1117330106790178e-10,-2.1117330106790178e-10,-8.610532153635137e-12,-24.525000000419872,4.198703607016796e-10,-4.198703607016796e-10,-1.712009625694922e-11
screenshot_like_simple_start,dop853_strict,DOP853,1e-09,1e-11,2.367959949937422,0.043501358488520006,0.778091268609301,0.043501358462070525,0.7780912686469341,2.6449481493884264e-11,3.763311884341647e-11,3.763311884341647e-11,0.7454088356141519,-1.7113085787877327,0.7454088356145319,-1.7113085787624676,3.7991831902672857e-13,2.5265123326789762e-11,2.5267979631284895e-11,2.642445290357287e-11,-24.525000000369054,3.6905234424011724e-10,-3.6905234424011724e-10,-1.5048005881350345e-11,-24.525000000537844,5.37841771119929e-10,-5.37841771119929e-10,-2.1930347446276412e-11
screenshot_like_simple_start,dop853_strict,DOP853,1e-09,1e-11,2.3729662077596996,0.040295467463777074,0.7897551453753513,0.04029546737845505,0.7897551454753727,8.532202722122406e-11,1.0002143557841237e-10,1.0002143557841237e-10,0.7504654749026752,-1.7032074753336923,0.7504654748878395,-1.7032074752660962,1.4835688233461042e-11,6.759615089890758e-11,6.920503783474392e-11,8.525277012116916e-11,-24.525000000836105,8.361027425962675e-10,-8.361027425962675e-10,-3.409185494786004e-11,-24.525000000823592,8.235900850195321e-10,-8.235900850195321e-10,-3.358165484279438e-11
screenshot_like_simple_start,dop853_strict,DOP853,1e-09,1e-11,2.3779724655819776,0.03722847170447019,0.8011360336918176,0.03722847161967273,0.8011360337876983,8.479746071987648e-11,9.588063676346792e-11,9.588063676346792e-11,0.7553669829015792,-1.6951984197392884,0.7553669828835631,-1.6951984196735883,1.8016144132104728e-11,6.570011201745274e-11,6.812551774845171e-11,8.47387021662982e-11,-24.525000000819055,8.190532696517039e-10,-8.190532696517039e-10,-3.339666746795938e-11,-24.52500000097526,9.752589846812043e-10,-9.752589846812043e-10,-3.9765911709733096e-11
screenshot_like_simple_start,dop853_strict,DOP853,1e-09,1e-11,2.382978723404255,0.034297482700316836,0.8122359181439474,0.03429748266295654,0.812235918190772,3.7360295412902644e-11,4.682465526428814e-11,4.682465526428814e-11,0.760117783642835,-1.68728916294519,0.7601177836377062,-1.6872891629124844,5.128786284558373e-12,3.2705615993222636e-11,3.310531326311253e-11,3.7338326874802874e-11,-24.52500000038303,3.830287198525184e-10,-3.830287198525184e-10,-1.5617888679001768e-11,-24.525000000953796,9.537934886338917e-10,-9.537934886338917e-10,-3.889066212574481e-11
screenshot_like_simple_start,dop853_strict,DOP853,1e-09,1e-11,2.3879849812265332,0.0314996003326016,0.8230567689548723,0.031499600298364856,0.8230567689999722,3.42367453831649e-11,4.5099812773230497e-11,4.5099812773230497e-11,0.7647221947120388,-1.6794870082244429,0.7647221947084861,-1.6794870081924524,3.552713678800501e-12,3.199041032075911e-11,3.218708012501394e-11,3.4219758970888137e-11,-24.52500000037161,3.716067453751748e-10,-3.716067453751748e-10,-1.515216087156676e-11,-24.525000000967477,9.674749890109524e-10,-9.674749890109524e-10,-3.944852146833649e-11
screenshot_like_simple_start,dop853_strict,DOP853,1e-09,1e-11,2.3929912390488113,0.028831925161210994,0.8336005300046531,0.028831925132878373,0.8336005300415548,2.8332620971571743e-11,3.6901703914793416e-11,3.6901703914793416e-11,0.7691844238457102,-1.671798836128641,0.7691844238421951,-1.6717988361021374,3.515077118265708e-12,2.6503688133061587e-11,2.6735767275355028e-11,2.8320845668616812e-11,-24.525000000332263,3.3226044138245925e-10,-3.3226044138245925e-10,-1.3547826356063576e-11,-24.525000000965928,9.659260058469954e-10,-9.659260058469954e-10,-3.93853621140467e-11
screenshot_like_simple_start,dop853_strict,DOP853,1e-09,1e-11,2.397997496871089,0.02629156941487011,0.8438691085756163,0.02629156940332434,0.8438691085920268,1.154577128348322e-11,1.6410539593891826e-11,1.6410539593891826e-11,0.7735085665501583,-1.6642311285926366,0.7735085665495225,-1.6642311285806777,6.358247262028272e-13,1.1958878332052336e-11,1.1975769037656068e-11,1.1958878332052336e-11,-24.52500000021135,2.11347384038163e-10,-2.11347384038163e-10,-8.617630337947522e-12,-24.52500000100053,1.0005294370785123e-09,-1.0005294370785123e-09,-4.0796307322263497e-11
screenshot_like_simple_start,dop853_strict,DOP853,1e-09,1e-11,2.403003754693367,0.023875666291017502,0.8538643672347024,0.023875666290470988,0.8538643672362165,5.465142227656372e-13,1.5141221609837885e-12,1.5141221609837885e-12,0.7776986044619236,-1.6567899916798712,0.7776986044623722,-1.6567899916787427,4.4853010194856324e-13,1.1284306822290091e-12,1.2143043510379989e-12,1.1284306822290091e-12,-24.52500000027334,2.7333868501955294e-10,-2.7333868501955294e-10,-1.1145308257677998e-11,-24.525000001194293,1.1942908884066128e-09,-1.1942908884066128e-09,-4.869687618375587e-11
screenshot_like_simple_start,dop853_strict,DOP853,1e-09,1e-11,2.4080100125156445,0.021581377910874867,0.8635881174167285,0.021581377891970357,0.8635881174378085,1.890450990194026e-11,2.1080026613162772e-11,2.1080026613162772e-11,0.7817584043395311,-1.6494811770752555,0.781758404334327,-1.649481177059639,5.204170427930421e-12,1.5616619108982377e-11,1.64609289603588e-11,1.890010717375823e-11,-24.52500000056022,5.602167618690146e-10,-5.602167618690146e-10,-2.2842681421774294e-11,-24.525000001357185,1.3571828105796158e-09,-1.3571828105796158e-09,-5.5338748647486876e-11
screenshot_like_simple_start,dop853_strict,DOP853,1e-09,1e-11,2.4130162703379225,0.019405902147164804,0.8730421144229049,0.019405902112820485,0.873042114461633,3.4344319055357175e-11,3.872813181260426e-11,3.872813181260426e-11,0.78569171757813,-1.6423101023747009,0.785691717568675,-1.6423101023456907,9.45499234461522e-12,2.901012763345534e-11,3.051203673218328e-11,3.4337852006238734e-11,-24.52500000060849,6.08487482622877e-10,-6.08487482622877e-10,-2.4810906528965422e-11,-24.525000001236155,1.236152513683919e-09,-1.236152513683919e-09,-5.040377221952779e-11
screenshot_like_simple_start,dop853_strict,DOP853,1e-09,1e-11,2.4180225281602,0.017346478614027785,0.8822280534644829,0.017346478580740336,0.8822280535022945,3.328744918595916e-11,3.7811642705776194e-11,3.7811642705776194e-11,0.7895021801801964,-1.6352818703231016,0.7895021801709405,-1.6352818702944822,9.255818333997468e-12,2.8619329128787285e-11,3.007883263715226e-11,3.328244277400749e-11,-24.525000000385273,3.852704821838415e-10,-3.852704821838415e-10,-1.5709295909636758e-11,-24.525000000868882,8.688800789968809e-10,-8.688800789968809e-10,-3.5428341651248963e-11
screenshot_like_simple_start,dop853_strict,DOP853,1e-09,1e-11,2.423028785982478,0.015400393736221806,0.8911475668228773,0.015400393688990818,0.8911475668775312,4.723098821768357e-11,5.465383701164228e-11,5.465383701164228e-11,0.7931933130474201,-1.628401286853777,0.7931933130345459,-1.6284012868119948,1.2874257215855778e-11,4.178213330874314e-11,4.372062628427911e-11,4.7225388530303114e-11,-24.52500000037464,3.746372101431916e-10,-3.746372101431916e-10,-1.5275727222963978e-11,-24.525000000635245,6.352429693379236e-10,-6.352429693379236e-10,-2.5901853999507585e-11
screenshot_like_simple_start,dop853_strict,DOP853,1e-09,1e-11,2.428035043804756,0.013564984896401658,0.899802222112923,0.013564984869187762,0.8998022221446416,2.7213896067190824e-11,3.171851670202841e-11,3.171851670202841e-11,0.7967685224892596,-1.6216728778564278,0.7967685224817697,-1.621672877831955,7.489897591028694e-12,2.447286817641725e-11,2.5593355440512166e-11,2.721139286121499e-11,-24.525000000360677,3.6067504538550565e-10,-3.6067504538550565e-10,-1.470642386892989e-11,-24.525000000826747,8.26744894766307e-10,-8.26744894766307e-10,-3.3710291325843296e-11
screenshot_like_simple_start,dop853_strict,DOP853,1e-09,1e-11,2.433041301627034,0.011837644219519883,0.9081935209725114,0.011837644210642796,0.908193520982345,8.877086565828307e-12,9.833578396012399e-12,9.833578396012399e-12,0.8002311010022761,-1.6151009051304357,0.8002311009994489,-1.615100905122788,2.827182932207961e-12,7.647660282827928e-12,8.15350667711211e-12,8.876465534823907e-12,-24.525000000289637,2.8963498266421084e-10,-2.8963498266421084e-10,-1.1809785225859767e-11,-24.525000000953657,9.536549328004185e-10,-9.536549328004185e-10,-3.8885012550475777e-11
screenshot_like_simple_start,dop853_strict,DOP853,1e-09,1e-11,2.438047559449312,0.010215821697309176,0.9163228985110198,0.010215821691296385,0.9163228985163504,6.012790959575298e-12,5.330624830435227e-12,6.012790959575298e-12,0.8035842281736236,-1.608689381234429,0.8035842281708562,-1.6086893812302612,2.7674529334831277e-12,4.167777234442838e-12,5.002915431524339e-12,6.012476974626146e-12,-24.525000000286568,2.865654380457272e-10,-2.865654380457272e-10,-1.168462540451487e-11,-24.525000000959103,9.591012428700196e-10,-9.591012428700196e-10,-3.910708431682037e-11
screenshot_like_simple_start,dop853_strict,DOP853,1e-09,1e-11,2.4430538172715894,0.008697027837096454,0.9241917232882484,0.008697027819926647,0.924191723305875,1.7169807242645163e-11,1.762656687276376e-11,1.762656687276376e-11,0.806830971691939,-1.6024420833753803,0.8068309716853895,-1.6024420833614614,6.5494276668687235e-12,1.3918866059725588e-11,1.5382777224939793e-11,1.7169158456065148e-11,-24.52500000042667,4.2666670196922496e-10,-4.2666670196922496e-10,-1.7397215166940875e-11,-24.525000000970977,9.70974411984571e-10,-9.70974411984571e-10,-3.9591209459105844e-11
screenshot_like_simple_start,dop853_strict,DOP853,1e-09,1e-11,2.4480600750938675,0.007278835902931078,0.9318012977338808,0.007278835882165522,0.9318012977550404,2.0765555941437697e-11,2.1159629604028396e-11,2.1159629604028396e-11,0.8099742884310261,-1.596362566388335,0.8099742884228806,-1.5963625663715013,8.145595309372311e-12,1.6833645588576474e-11,1.8700864866253334e-11,2.0765006034095812e-11,-24.525000000524734,5.247322576451552e-10,-5.247322576451552e-10,-2.1395810709282576e-11,-24.52500000105303,1.0530278871101473e-09,-1.0530278871101473e-09,-4.293691690561253e-11
screenshot_like_simple_start,dop853_strict,DOP853,1e-09,1e-11,2.453066332916145,0.005958883861431813,0.9391528588651261,0.005958883861951001,0.939152858860263,5.191879912103126e-13,4.863109914765573e-12,4.863109914765573e-12,0.8130170255932876,-1.5904541749089085,0.8130170255909354,-1.59045417491283,2.352229522273319e-12,3.921529767580978e-12,4.572896176765648e-12,3.921529767580978e-12,-24.525000000398474,3.984723662142642e-10,-3.984723662142642e-10,-1.6247599030143288e-11,-24.52500000112843,1.1284271295153303e-09,-1.1284271295153303e-09,-4.601129987830093e-11
screenshot_like_simple_start,dop853_strict,DOP853,1e-09,1e-11,2.458072590738423,0.004734876078953895,0.94624757923817,0.00473487608085536,0.9462475792303845,1.90146422912596e-12,7.785549982486373e-12,7.785549982486373e-12,0.8159619218895842,-1.5847200547876839,0.8159619218869331,-1.5847200547939906,2.6511015605024113e-12,6.306732913685664e-12,6.841287856000826e-12,6.306732913685664e-12,-24.525000000368227,3.682245619529567e-10,-3.682245619529567e-10,-1.5014253290640436e-11,-24.52500000108656,1.0865583988106664e-09,-1.0865583988106664e-09,-4.4304114120720336e-11
screenshot_like_simple_start,dop853_strict,DOP853,1e-09,1e-11,2.463078848560701,0.0036045846011461377,0.9530865683264766,0.0036045845936487683,0.9530865683286727,7.497369478720595e-12,2.1960211427085596e-12,7.497369478720595e-12,0.8188116086713412,-1.5791631635916819,0.8188116086651157,-1.5791631635899188,6.225464588283103e-12,1.7630341631047486e-12,6.470293563683287e-12,7.497320472782398e-12,-24.525000000369992,3.6999026065132057e-10,-3.6999026065132057e-10,-1.508624916009462e-11,-24.52500000093723,9.37227184749645e-10,-9.37227184749645e-10,-3.821517572883363e-11
screenshot_like_simple_start,dop853_strict,DOP853,1e-09,1e-11,2.4680851063829787,0.0025658503754933323,0.9596708738965878,0.00256585036475839,0.9596708739021386,1.0734942448853424e-11,5.550782056218395e-12,1.0734942448853424e-11,0.8215686110971884,-1.5737862805411562,0.8215686110896384,-1.5737862805366378,7.549960656660915e-12,4.518385665619462e-12,8.798733712324924e-12,1.0734906887022166e-11,-24.52500000033651,3.3650948694230465e-10,-3.3650948694230465e-10,-1.3721079997647487e-11,-24.52500000083391,8.339071655427688e-10,-8.339071655427688e-10,-3.4002330908981395e-11
screenshot_like_simple_start,dop853_strict,DOP853,1e-09,1e-11,2.4730913642052568,0.0016165842469706452,0.9660014835744414,0.0016165842502875727,0.9660014835635898,3.3169274618605193e-12,1.0851541887291205e-11,1.0851541887291205e-11,0.8242353492610389,-1.5685920157371354,0.8242353492581858,-1.5685920157460567,2.8531621509841898e-12,8.921308136677908e-12,9.366443995955145e-12,8.921308136677908e-12,-24.52500000026579,2.657891684521019e-10,-2.657891684521019e-10,-1.0837478835967456e-11,-24.525000000901645,9.016432045427791e-10,-9.016432045427791e-10,-3.676424891102055e-11
screenshot_like_simple_start,dop853_strict,DOP853,1e-09,1e-11,2.4780976220275344,0.0007547678054967075,0.9720793265052238,0.0007547678163768848,0.9720793264848994,1.0880177292969806e-11,2.032440882260289e-11,2.032440882260289e-11,0.8268141392870311,-1.5635828187678769,0.8268141392864568,-1.5635828187846579,5.743183706385935e-13,1.678102101720924e-11,1.6790845957570786e-11,1.678102101720924e-11,-24.52500000026325,2.632489781717595e-10,-2.632489781717595e-10,-1.073390328936838e-11,-24.525000000965964,9.659615329837834e-10,-9.659615329837834e-10,-3.9386810723090046e-11
screenshot_like_simple_start,dop853_strict,DOP853,1e-09,1e-11,2.4831038798498124,-2.1545911101245215e-05,0.9779052750996533,-2.1545907621384718e-05,0.9779052750866539,3.479860496979903e-12,1.2999379350731033e-11,1.2999379350731033e-11,0.8293071943778242,-1.5587609867120245,0.8293071943740405,-1.5587609867228052,3.7836400679225335e-12,1.078070965832012e-11,1.1425394212042994e-11,1.078070965832012e-11,-24.525000000387607,3.8760461507081345e-10,-3.8760461507081345e-10,-1.5804469523784442e-11,-24.525000000999214,9.992113803036773e-10,-9.992113803036773e-10,-4.0742563926755444e-11
screenshot_like_simple_start,dop853_strict,DOP853,1e-09,1e-11,2.48811013767209,-0.0007142318239611737,0.9834801468223611,-0.0007142318329543373,0.9834801468232455,8.993163635659385e-12,8.844036614163997e-13,8.993163635659385e-12,0.8317166258148623,-1.5541286715878244,0.8317166258063592,-1.5541286715870817,8.503087123301611e-12,7.427392034742297e-13,8.53546437815982e-12,8.993161358834822e-12,-24.525000000528355,5.283524728838529e-10,-5.283524728838529e-10,-2.15434239707993e-11,-24.525000000990477,9.904752573675069e-10,-9.904752573675069e-10,-4.0386350962997215e-11
screenshot_like_simple_start,dop853_strict,DOP853,1e-09,1e-11,2.493116395494368,-0.001325092293058103,0.988804705975461,-0.0013250922926232897,0.9888047059647538,4.3481320974314563e-13,1.0707212894089935e-11,1.0707212894089935e-11,0.8340444439130268,-1.5496878873013666,0.834044443907576,-1.549687887310312,5.4507509616996686e-12,8.945288954009811e-12,1.0475155393463135e-11,8.945288954009811e-12,-24.52500000048565,4.856488544646709e-10,-4.856488544646709e-10,-1.9802195900700137e-11,-24.52500000103965,1.0396483673957846e-09,-1.0396483673957846e-09,-4.2391370739889274e-11
screenshot_like_simple_start,dop853_strict,DOP853,1e-09,1e-11,2.498122653316646,-0.001855856635072677,0.9938796654326264,-0.0018558566118601042,0.9938796653945328,2.3212572922842734e-11,3.8093639354030984e-11,3.8093639354030984e-11,0.8362925589342576,-1.54544051614605,0.8362925589366922,-1.5454405161780214,2.4346080707005058e-12,3.197131448473556e-11,3.206387790551514e-11,3.197131448473556e-11,-24.525000000374554,3.745519450149004e-10,-3.745519450149004e-10,-1.5272250561259955e-11,-24.525000001175396,1.175394004349073e-09,-1.175394004349073e-09,-4.792636103360134e-11
screenshot_like_simple_start,dop853_strict,DOP853,1e-09,1e-11,2.5031289111389237,-0.0023081807728063952,0.9987056884345117,-0.0023081807360234865,0.9987056883792218,3.678290875011592e-11,5.5289883782450033e-11,5.5289883782450033e-11,0.8384627819226983,-1.5413883147750402,0.8384627819295476,-1.5413883148216112,6.849298905819978e-12,4.657096930316129e-11,4.7071945756865185e-11,4.657096930316129e-11,-24.525000000345777,3.4577496421661635e-10,-3.4577496421661635e-10,-1.4098877236151533e-11,-24.52500000131579,1.3157865907942323e-09,-1.3157865907942323e-09,-5.365082939018276e-11
screenshot_like_simple_start,dop853_strict,DOP853,1e-09,1e-11,2.5081351689612017,-0.0026836469435286368,1.0032833903560412,-0.002683646903426923,1.0032833902947416,4.010171361645831e-11,6.129963203704847e-11,6.129963203704847e-11,0.840556825479585,-1.5375329197346905,0.8405568254867358,-1.5375329197864884,7.150835479308171e-12,5.179789930309653e-11,5.228916541948112e-11,5.179789930309653e-11,-24.525000000349227,3.4922464919873164e-10,-3.4922464919873164e-10,-1.4239537174260209e-11,-24.52500000134734,1.3473382409756596e-09,-1.3473382409756596e-09,-5.493733908157633e-11
screenshot_like_simple_start,dop853_strict,DOP853,1e-09,1e-11,2.5131414267834793,-0.0029837633924427575,1.0076133403590457,-0.0029837633601139096,1.00761334030316,3.232884793202828e-11,5.5885740479766355e-11,5.5885740479766355e-11,0.8425763045026505,-1.5338758526461729,0.8425763045051429,-1.5338758526935241,2.492339667981014e-12,4.735123404486785e-11,4.7416781023098184e-11,4.735123404486785e-11,-24.525000000323327,3.23325366480276e-10,-3.23325366480276e-10,-1.3183501181662629e-11,-24.525000001218956,1.2189538267648459e-09,-1.2189538267648459e-09,-4.9702500581645085e-11
screenshot_like_simple_start,dop853_strict,DOP853,1e-09,1e-11,2.5181476846057573,-0.003209964134209458,1.0116960630222842,-0.003209964113597242,1.0116960629753284,2.0612215927140465e-11,4.695577260349637e-11,4.695577260349637e-11,0.8445227368557959,-1.5304185249717557,0.8445227368515016,-1.5304185250116278,4.2943426592501055e-12,3.987210561717802e-11,4.0102695485745776e-11,3.987210561717802e-11,-24.525000000234936,2.349338501517195e-10,-2.349338501517195e-10,-9.579361881823426e-12,-24.52500000099079,9.907878961712413e-10,-9.907878961712413e-10,-4.039909872257864e-11
screenshot_like_simple_start,dop853_strict,DOP853,1e-09,1e-11,2.523153942428035,-0.003363608736602691,1.0155320398966496,-0.003363608722577253,1.0155320398541658,1.4025437929110485e-11,4.248379426030624e-11,4.248379426030624e-11,0.8463975439853144,-1.5271622424224782,0.8463975439769437,-1.5271622424586264,8.370748538766293e-12,3.614819554798032e-11,3.710473652344512e-11,3.614819554798032e-11,-24.52500000014256,1.425561890755489e-10,-1.425561890755489e-10,-5.812688647321055e-12,-24.525000000810525,8.105232041089039e-10,-8.105232041089039e-10,-3.304885643665255e-11
screenshot_like_simple_start,dop853_strict,DOP853,1e-09,1e-11,2.528160200250313,-0.003445982137685379,1.0191217109991395,-0.0034459821196557196,1.019121710953493,1.8029659362706063e-11,4.5646597612858386e-11,4.5646597612858386e-11,0.8482020514779646,-1.5241082090080553,0.8482020514720701,-1.5241082090469924,5.894507104642344e-12,3.8937075785838715e-11,3.938071970849221e-11,3.8937075785838715e-11,-24.52500000014621,1.4620837873735582e-10,-1.4620837873735582e-10,-5.961605656976791e-12,-24.52500000081362,8.136176177231391e-10,-8.136176177231391e-10,-3.317503028432779e-11
screenshot_like_simple_start,dop853_strict,DOP853,1e-09,1e-11,2.533166458072591,-0.003458294488290609,1.0224654762342915,-0.003458294464060696,1.022465476187292,2.4229913214712795e-11,4.69995153906666e-11,4.69995153906666e-11,0.8499374895627696,-1.5212575307501428,0.8499374895625001,-1.5212575307903355,2.694511280765255e-13,4.019273802668977e-11,4.019364121341254e-11,4.019273802668977e-11,-24.525000000299322,2.99319680152621e-10,-2.99319680152621e-10,-1.2204676051075269e-11,-24.525000000959302,9.593001948360325e-10,-9.593001948360325e-10,-3.9115196527463093e-11
screenshot_like_simple_start,dop853_strict,DOP853,1e-09,1e-11,2.5381727158948686,-0.0034016810115950766,1.0255636967318007,-0.003401681001981513,1.025563696705273,9.61356341755426e-12,2.652766895039349e-11,2.652766895039349e-11,0.85160499355895,-1.5186112190795087,0.8516049935548058,-1.5186112191022227,4.144240506320784e-12,2.2714052860806078e-11,2.3089021779575736e-11,2.2714052860806078e-11,-24.525000000539773,5.397708946475177e-10,-5.397708946475177e-10,-2.2009006917329975e-11,-24.525000000996688,9.966854008780501e-10,-9.966854008780501e-10,-4.0639567823773705e-11
screenshot_like_simple_start,dop853_strict,DOP853,1e-09,1e-11,2.5431789737171466,-0.0032772018715707964,1.0284166960890286,-0.003277201871421575,1.0284166960741856,1.4922134708439394e-13,1.4843015705423568e-11,1.4843015705423568e-11,0.853205604272821,-1.5161701939370396,0.8532056042653087,-1.516170193949753,7.512324096126122e-12,1.2713385899587593e-11,1.4767030654707457e-11,1.2713385899587593e-11,-24.52500000069023,6.902283189447189e-10,-6.902283189447189e-10,-2.8143866215890677e-11,-24.525000001021766,1.0217640067367029e-09,-1.0217640067367029e-09,-4.166214094747004e-11
screenshot_like_simple_start,dop853_strict,DOP853,1e-09,1e-11,2.5481852315394242,-0.0030858420421016053,1.0310247615071093,-0.003085842030681309,1.0310247614755386,1.1420296132380603e-11,3.15707460174508e-11,3.15707460174508e-11,0.8547402683467819,-1.5139352865978217,0.8547402683419766,-1.5139352866249391,4.8052672951826025e-12,2.7117419421074374e-11,2.7539880715729565e-11,2.7117419421074374e-11,-24.525000000581215,5.812132997107256e-10,-5.812132997107256e-10,-2.3698809366390437e-11,-24.52500000102677,1.026766227596454e-09,-1.026766227596454e-09,-4.186610510077284e-11
screenshot_like_simple_start,dop853_strict,DOP853,1e-09,1e-11,2.5531914893617023,-0.002828511168550529,1.0333881448093694,-0.0028285111357208674,1.0333881447481479,3.282966173218105e-11,6.122147233611486e-11,6.122147233611486e-11,0.8562098385637344,-1.5119072422368087,0.856209838565224,-1.511907242289493,1.4895862321395725e-12,5.2684301365957253e-11,5.27053553024926e-11,5.2684301365957253e-11,-24.525000000361977,3.6197533859194664e-10,-3.6197533859194664e-10,-1.4759442959916273e-11,-24.525000001033057,1.0330545308079309e-09,-1.0330545308079309e-09,-4.212250890144468e-11
screenshot_like_simple_start,dop853_strict,DOP853,1e-09,1e-11,2.55819774718398,-0.00250604347920281,1.0355070634229688,-0.002506043439521608,1.035507063351171,3.968120233441286e-11,7.179790095790395e-11,7.179790095790395e-11,0.8576150740917381,-1.5100867221743361,0.8576150740947958,-1.5100867222361907,3.0576652321201436e-12,6.185452150475612e-11,6.19300504380067e-11,6.185452150475612e-11,-24.525000000316325,3.163229678193602e-10,-3.163229678193602e-10,-1.2897980339219579e-11,-24.525000001058345,1.0583427467736328e-09,-1.0583427467736328e-09,-4.315362881849675e-11
screenshot_like_simple_start,dop853_strict,DOP853,1e-09,1e-11,2.563204005006258,-0.002119197747748869,1.0373817013131372,-0.002119197698819547,1.0373817012294302,4.892932196562394e-11,8.370704129845308e-11,8.370704129845308e-11,0.8589566406622177,-1.5084743058173622,0.8589566406685838,-1.508474305889544,6.36612984550311e-12,7.218181607981933e-11,7.246200509087966e-11,7.218181607981933e-11,-24.525000000279075,2.7907276489713695e-10,-2.7907276489713695e-10,-1.1379113757273676e-11,-24.525000001101613,1.1016112466677441e-09,-1.1016112466677441e-09,-4.4917889772385075e-11
screenshot_like_simple_start,dop853_strict,DOP853,1e-09,1e-11,2.568210262828536,-0.0016686571418563813,1.0390122096702992,-0.001668657085356344,1.0390122095780536,5.650003728763231e-11,9.224554453624023e-11,9.224554453624023e-11,0.8602351107456887,-1.507070492475145,0.8602351107554135,-1.507070492554746,9.724776539599134e-12,7.96009924641794e-11,8.019282561443687e-11,7.96009924641794e-11,-24.52500000028001,2.800071285946615e-10,-2.800071285946615e-10,-1.1417212175113616e-11,-24.525000001149436,1.1494343254980777e-09,-1.1494343254980777e-09,-4.686786240563007e-11
screenshot_like_simple_start,dop853_strict,DOP853,1e-09,1e-11,2.5732165206508135,-0.0011550291632760371,1.0403987076084587,-0.0011550291018701414,1.0403987075066028,6.140589577617594e-11,1.0185585708200051e-10,1.0185585708200051e-10,0.8614509636524168,-1.5058757028324607,0.8614509636622961,-1.5058757029203933,9.879319584626955e-12,8.793255013017642e-11,8.848578602154802e-11,8.793255013017642e-11,-24.525000000264516,2.645137442414125e-10,-2.645137442414125e-10,-1.0785473771311415e-11,-24.525000001187166,1.187164144766939e-09,-1.187164144766939e-09,-4.840628520966112e-11
screenshot_like_simple_start,dop853_strict,DOP853,1e-09,1e-11,2.5782227784730916,-0.0005788455670887251,1.041541282719581,-0.0005788455030493337,1.0415412826028592,6.403939141128023e-11,1.1672174338173136e-10,1.1672174338173136e-10,0.8626045855914145,-1.5048902802189517,0.8626045855965222,-1.504890280319741,5.107692047090495e-12,1.0078937684454559e-10,1.0091871482911251e-10,1.0078937684454559e-10,-24.52500000018156,1.815578798414208e-10,-1.815578798414208e-10,-7.402971655103804e-12,-24.52500000120614,1.2061391885254125e-09,-1.2061391885254125e-09,-4.9179987299711005e-11
screenshot_like_simple_start,dop853_strict,DOP853,1e-09,1e-11,2.583229036295369,5.943771314218405e-05,1.042439991532614,5.9437778327186414e-05,1.0424399913964408,6.518500236113445e-11,1.3617307281776903e-10,1.3617307281776903e-10,0.8636962696863066,-1.504114491636909,0.8636962696828447,-1.504114491754509,3.461897435386163e-12,1.1760015183881478e-10,1.1765109623953965e-10,1.1760015183881478e-10,-24.52500000002907,2.90683033199457e-11,-2.90683033199457e-11,-1.1852519192638408e-12,-24.52500000120429,1.2042882246987574e-09,-1.2042882246987574e-09,-4.9104514768552796e-11
screenshot_like_simple_start,dop853_strict,DOP853,1e-09,1e-11,2.588235294117647,0.0007594406343163444,1.0430948598764553,0.0007594406998416145,1.043094859722422,6.552527010567077e-11,1.5403323061491392e-10,1.5403323061491392e-10,0.8647262159478987,-1.503548528551506,0.8647262159358605,-1.503548528684536,1.2038148256010572e-11,1.330300314350552e-10,1.3357359872761333e-10,1.330300314350552e-10,-24.524999999862324,1.376783131945558e-10,1.376783131945558e-10,5.613794625669962e-12,-24.525000001181894,1.181891917667599e-09,-1.181891917667599e-09,-4.819131162762891e-11
screenshot_like_simple_start,dop853_strict,DOP853,1e-09,1e-11,2.593241551939925,0.0015208591069347304,1.043505883146022,0.0015208591722561142,1.0435058829851243,6.532138371873053e-11,1.6089773957617126e-10,1.6089773957617126e-10,0.8656945312031881,-1.5031925074469243,0.8656945311875467,-1.5031925075858683,1.5641377082431518e-11,1.389439674426285e-10,1.3982159620649815e-10,1.389439674426285e-10,-24.524999999773343,2.2665957999379316e-10,2.2665957999379316e-10,9.24198083562867e-12,-24.5250000011376,1.1375966835203144e-09,-1.1375966835203144e-09,-4.6385185872387946e-11
screenshot_like_simple_start,dop853_strict,DOP853,1e-09,1e-11,2.598247809762203,0.0023434650525291627,1.0436730264705902,0.0023434651164778476,1.0436730263222536,6.394868488912575e-11,1.4833667627556224e-10,1.4833667627556224e-10,0.8666012289804331,-1.503046470151126,0.866601228969761,-1.5030464702791773,1.067212984651178e-11,1.2805134730342616e-10,1.284952991423557e-10,1.2805134730342616e-10,-24.52499999985117,1.4883383414598939e-10,1.4883383414598939e-10,6.068657865279893e-12,-24.52500000107247,1.0724683363605436e-09,-1.0724683363605436e-09,-4.372959577413022e-11
screenshot_like_simple_start,dop853_strict,DOP853,1e-09,1e-11,2.603254067584481,0.003227106455477723,1.0435962247835617,0.0032271065144453374,1.0435962246695536,5.896761464535549e-11,1.1400813626494255e-10,1.1400813626494255e-10,0.8674462293497454,-1.503110383931356,0.8674462293513534,-1.5031103840296938,1.6080470288670767e-12,9.833778236156832e-11,9.835092910104218e-11,9.833778236156832e-11,-24.52500000013563,1.3562839740188792e-10,-1.3562839740188792e-10,-5.530209883869028e-12,-24.52500000101154,1.011539296769115e-09,-1.011539296769115e-09,-4.124523126479571e-11
screenshot_like_simple_start,dop853_strict,DOP853,1e-09,1e-11,2.6082603254067585,0.004171707409304317,1.043275382792821,0.004171707458039545,1.043275382725338,4.8735227659024716e-11,6.748290815039582e-11,6.748290815039582e-11,0.8682293587185315,-1.503384141361751,0.8682293587332958,-1.5033841414198568,1.4764300892977644e-11,5.810574243980682e-11,5.995216330825392e-11,5.810574243980682e-11,-24.525000000579716,5.797140545382717e-10,-5.797140545382717e-10,-2.3637678064761333e-11,-24.52500000103211,1.03210950896937e-09,-1.03210950896937e-09,-4.2083975900891736e-11
screenshot_like_simple_start,dop853_strict,DOP853,1e-09,1e-11,2.6132665832290365,0.005177268157558402,1.0427103748508446,0.005177268194491909,1.0427103748300495,3.6933507467640236e-11,2.0795143385043957e-11,3.6933507467640236e-11,0.8689503495809402,-1.5038675599637639,0.8689503496073949,-1.503867559981535,2.6454727297675618e-11,1.7771117910569956e-11,3.186950310541041e-11,3.6933012204087845e-11,-24.525000001037867,1.0378649051290267e-09,-1.0378649051290267e-09,-4.2318650565913424e-11,-24.52500000107007,1.0700667019136745e-09,-1.0700667019136745e-09,-4.363166980280018e-11
screenshot_like_simple_start,dop853_strict,DOP853,1e-09,1e-11,2.618272841051314,0.006243865129370539,1.0419010447237222,0.006243865157195107,1.0419010447305321,2.7824568170353725e-11,6.809885988445785e-12,2.7824568170353725e-11,0.8696088402203102,-1.5045603816194126,0.8696088402515703,-1.5045603816133597,3.126010561516068e-11,6.0529359302563535e-12,3.1840732347840065e-11,3.126010561516068e-11,-24.52500000129883,1.2988294884053175e-09,-1.2988294884053175e-09,-5.2959408293794796e-11,-24.525000001072083,1.0720810905695544e-09,-1.0720810905695544e-09,-4.371380593555777e-11
screenshot_like_simple_start,dop853_strict,DOP853,1e-09,1e-11,2.623279098873592,0.007371650969782565,1.0408472052582547,0.00737165100246345,1.040847205247071,3.268088577534911e-11,1.1183720616259052e-11,3.268088577534911e-11,0.870204374363445,-1.5054622717566573,0.8702043743904718,-1.5054622717660662,2.702682522226496e-11,9.408918089093277e-12,2.8617774567602633e-11,3.267999759692941e-11,-24.525000001181418,1.1814158540346398e-09,-1.1814158540346398e-09,-4.81719002664481e-11,-24.52500000109022,1.090217693899831e-09,-1.090217693899831e-09,-4.445332085218474e-11
screenshot_like_simple_start,dop853_strict,DOP853,1e-09,1e-11,2.6282853566958697,0.008560854564946194,1.0395486379462857,0.008560854620453126,1.0395486378690844,5.550693238376425e-11,7.720135641875459e-11,7.720135641875459e-11,0.8707364007853605,-1.5065728183055143,0.8707364008017545,-1.5065728183716,1.639399727082491e-11,6.608580349620752e-11,6.808888727432082e-11,6.608580349620752e-11,-24.525000000709767,7.097646914644429e-10,-7.097646914644429e-10,-2.8940456328825394e-11,-24.52500000117091,1.170906926972748e-09,-1.170906926972748e-09,-4.7743401711427026e-11
screenshot_like_simple_start,dop853_strict,DOP853,1e-09,1e-11,2.6332916145181477,0.00981178106206381,1.0380050923859832,0.009811781140990468,1.038005092253578,7.892665861153336e-11,1.3240519791679617e-10,1.3240519791679617e-10,0.871204272863037,-1.5078915304223144,0.871204272874706,-1.5078915305355929,1.1668999100322708e-11,1.132784976931589e-10,1.1387793280360483e-10,1.132784976931589e-10,-24.525000000375186,3.751843280497269e-10,-3.751843280497269e-10,-1.5298035802231473e-11,-24.52500000130819,1.308187336235278e-09,-1.308187336235278e-09,-5.3340971915811534e-11
screenshot_like_simple_start,dop853_strict,DOP853,1e-09,1e-11,2.638297872340426,0.011124811831747208,1.0362162857913795,0.011124811931785434,1.0362162856305905,1.0003822596693634e-10,1.60788937719758e-10,1.60788937719758e-10,0.8716072481015836,-1.5094178368489155,0.871607248119697,-1.5094178369861586,1.811339966906189e-11,1.3724310576890275e-10,1.3843325225055357e-10,1.3724310576890275e-10,-24.5250000002383,2.382982700055436e-10,-2.382982700055436e-10,-9.716545158228076e-12,-24.5250000014479,1.4478978016541078e-09,-1.4478978016541078e-09,-5.903762697876076e-11
screenshot_like_simple_start,dop853_strict,DOP853,1e-09,1e-11,2.6433041301627034,0.012500404474878737,1.0341819022971308,0.012500404585449775,1.0341819021207455,1.1057103843636895e-10,1.763853507696922e-10,1.763853507696922e-10,0.8719444876058668,-1.511151084120366,0.8719444876262559,-1.511151084270577,2.0389023802636075e-11,1.5021117683033935e-10,1.5158862073513283e-10,1.5021117683033935e-10,-24.525000000197377,1.9737456113944063e-10,-1.9737456113944063e-10,-8.047892401200433e-12,-24.525000001520915,1.5209131731808156e-09,-1.5209131731808156e-09,-6.20148082846408e-11
screenshot_like_simple_start,dop853_strict,DOP853,1e-09,1e-11,2.6483103879849814,0.013939092783121568,1.0319015921471884,0.013939092891735855,1.0319015919700092,1.0861428770270187e-10,1.7717916023229918e-10,1.7717916023229918e-10,0.8722150554498762,-1.5130905345402423,0.8722150554675538,-1.513090534690797,1.7677637131896518e-11,1.5055467983415838e-10,1.515889523498759e-10,1.5055467983415838e-10,-24.525000000207747,2.077449323678593e-10,-2.077449323678593e-10,-8.470741380952468e-12,-24.525000001483,1.4829986128006567e-09,-1.4829986128006567e-09,-6.046885271358436e-11
screenshot_like_simple_start,dop853_strict,DOP853,1e-09,1e-11,2.653316645807259,0.015441486682753906,1.0293749708890774,0.015441486791411687,1.0293749707067705,1.0865778068969156e-10,1.8230683629383293e-10,1.8230683629383293e-10,0.8724179180344422,-1.5152353638135407,0.8724179180491345,-1.5152353639680958,1.469224741867947e-11,1.5455503543648774e-10,1.552517990652143e-10,1.5455503543648774e-10,-24.525000000044543,4.454037139112188e-11,-4.454037139112188e-11,-1.8161211576400358e-12,-24.5250000013415,1.3414975796877115e-09,-1.3414975796877115e-09,-5.469918775485062e-11
screenshot_like_simple_start,dop853_strict,DOP853,1e-09,1e-11,2.658322903629537,0.017008272187445526,1.0266016184298181,0.01700827230819227,1.026601618226342,1.207467459352074e-10,2.0347612483817556e-10,2.0347612483817556e-10,0.8725519433844368,-1.5175846584546107,0.8725519433998203,-1.5175846586266402,1.5383583296113557e-11,1.7202950175487786e-10,1.7271596367753615e-10,1.7202950175487786e-10,-24.52499999963735,3.6265390690459753e-10,3.6265390690459753e-10,1.478711139264414e-11,-24.52500000115514,1.1551364309525525e-09,-1.1551364309525525e-09,-4.7100364157086743e-11
screenshot_like_simple_start,dop853_strict,DOP853,1e-09,1e-11,2.6633291614518146,0.018640211313533175,1.0235810780415757,0.01864021145514014,1.0235810778079966,1.4160696573672915e-10,2.335791560170719e-10,2.335791560170719e-10,0.872615900382829,-1.5201374128882865,0.8726159004028775,-1.5201374130851182,2.004851840098354e-11,1.9683166208039893e-10,1.9785006011474177e-10,1.9683166208039893e-10,-24.52499999915708,8.429204001458857e-10,8.429204001458857e-10,3.43698430232777e-11,-24.525000001003423,1.0034213460130559e-09,-1.0034213460130559e-09,-4.091422409839167e-11
screenshot_like_simple_start,dop853_strict,DOP853,1e-09,1e-11,2.6683354192740927,0.0203381419569333,1.0203128553184444,0.020338142111956326,1.020312855069641,1.5502302566638981e-10,2.4880342230915176e-10,2.4880342230915176e-10,0.8726084579408908,-1.522892526236176,0.8726084579657328,-1.5228925264450714,2.4842017332105115e-11,2.0889534546597588e-10,2.103672768813582e-10,2.0889534546597588e-10,-24.524999998920833,1.0791687543587614e-09,1.0791687543587614e-09,4.4002803439704843e-11,-24.525000000936338,9.36335453616266e-10,-9.36335453616266e-10,-3.817881564184571e-11
screenshot_like_simple_start,dop853_strict,DOP853,1e-09,1e-11,2.6733416770963707,0.02210297773082189,1.0167964170857933,0.022102977869574287,1.0167964168652404,1.3875239845972942e-10,2.2055290926914495e-10,2.2055290926914495e-10,0.8725281841041186,-1.525848798779497,0.8725281841268057,-1.5258487989639946,2.2687074441307686e-11,1.844975283660233e-10,1.858871736292663e-10,1.844975283660233e-10,-24.524999999202013,7.979892302500957e-10,7.979892302500957e-10,3.253778716616088e-11,-24.525000000934845,9.348433138711698e-10,-9.348433138711698e-10,-3.811797406202527e-11
screenshot_like_simple_start,dop853_strict,DOP853,1e-09,1e-11,2.6783479349186483,0.02393570776321919,1.0130311902635811,0.02393570784053659,1.0130311901287707,7.731739901095658e-11,1.348103850773441e-10,1.348103850773441e-10,0.8723735450937614,-1.5290049280893299,0.8723735450997028,-1.5290049282018578,5.941358516281525e-12,1.1252798692851229e-10,1.1268472648590147e-10,1.1252798692851229e-10,-24.525000000042606,4.260414243617561e-11,-4.260414243617561e-11,-1.7371719647778024e-12,-24.525000000949582,9.495799702108343e-10,-9.495799702108343e-10,-3.871885709320425e-11
screenshot_like_simple_start,dop853_strict,DOP853,1e-09,1e-11,2.6833541927409263,0.02583739645361208,1.0090165606850594,0.025837396440896512,1.0090165606729633,1.2715568181720371e-11,1.2096101897896006e-11,1.2715568181720371e-11,0.8721429042841841,-1.532359504814592,0.8721429042650293,-1.5323595048251575,1.9154788866160288e-11,1.0565548436147765e-11,2.1875482857842536e-11,1.9154788866160288e-11,-24.52500000115917,1.159168760977991e-09,-1.159168760977991e-09,-4.7264781283506255e-11,-24.525000000969595,9.695924063635175e-10,-9.695924063635175e-10,-3.953485856731977e-11
screenshot_like_simple_start,dop853_strict,DOP853,1e-09,1e-11,2.688360450563204,0.027809183187746517,1.004751871872283,0.027809183098064766,1.004751871965085,8.968175160828373e-11,9.280198831618236e-11,9.280198831618236e-11,0.8718345211166847,-1.5359110081174974,0.871834521076807,-1.5359110080416636,3.987765673230115e-11,7.583378369702132e-11,8.567957899211374e-11,8.964707795544591e-11,-24.525000002013922,2.0139196976742824e-09,-2.0139196976742824e-09,-8.211701111821742e-11,-24.525000000965075,9.650733545640833e-10,-9.650733545640833e-10,-3.935059549700645e-11
screenshot_like_simple_start,dop853_strict,DOP853,1e-09,1e-11,2.693366708385482,0.029852282009728382,1.000236423769837,0.029852281915353714,1.0002364238693229,9.437466780282122e-11,9.948597501363565e-11,9.948597501363565e-11,0.8714465499508081,-1.5396578007457193,0.8714465499102081,-1.5396578006648092,4.0599967832122275e-11,8.091016745481738e-11,9.052520414523214e-11,9.433261810576354e-11,-24.525000002083782,2.0837802594542154e-09,-2.0837802594542154e-09,-8.496555594104853e-11,-24.52500000102978,1.0297789287960768e-09,-1.0297789287960768e-09,-4.198894714764839e-11
screenshot_like_simple_start,dop853_strict,DOP853,1e-09,1e-11,2.6983729662077596,0.03196798125056158,0.9954694714382033,0.03196798124658685,0.995469471414733,3.974730267142235e-12,2.3470336785180734e-11,2.3470336785180734e-11,0.8709770388546628,-1.5435981237299259,0.8709770388379198,-1.543598123749745,1.674305138976706e-11,1.981903530179352e-11,2.5944632009996182e-11,1.981903530179352e-11,-24.5250000013031,1.303096297533557e-09,-1.303096297533557e-09,-5.313338623990038e-11,-24.52500000116365,1.1636487329269585e-09,-1.1636487329269585e-09,-4.7447450883871904e-11
screenshot_like_simple_start,dop853_strict,DOP853,1e-09,1e-11,2.7033792240300376,0.034157643112263214,0.9904502237081787,0.034157643201406074,0.9904502235573421,8.914285976047154e-11,1.508365654601107e-10,1.508365654601107e-10,0.8704239283362635,-1.5477300906948275,0.8704239283426487,-1.5477300908179237,6.385225681526663e-12,1.2309619989991916e-10,1.2326169533478308e-10,1.2309619989991916e-10,-24.52500000057634,5.763389765434113e-10,-5.763389765434113e-10,-2.3500060205643678e-11,-24.52500000125918,1.2591776510362251e-09,-1.2591776510362251e-09,-5.134261574051886e-11
screenshot_like_simple_start,dop853_strict,DOP853,1e-09,1e-11,2.7083854818523156,0.036422702971310894,0.9851778421182478,0.03642270306395175,0.985177841961147,9.264085332194583e-11,1.5710077683195323e-10,1.5710077683195323e-10,0.8697850499603933,-1.5520516815128251,0.8697850499661408,-1.5520516816403749,5.747513576181973e-12,1.275497485409005e-10,1.2767917710087008e-10,1.275497485409005e-10,-24.52500000050866,5.086562282485829e-10,-5.086562282485829e-10,-2.0740315117169538e-11,-24.525000001211723,1.211720501714808e-09,-1.211720501714808e-09,-4.94075637804203e-11
screenshot_like_simple_start,dop853_strict,DOP853,1e-09,1e-11,2.7133917396745932,0.03876466851967327,0.979651439974367,0.03876466860140829,0.9796514398291827,8.173502152875045e-11,1.4518430901944157e-10,1.4518430901944157e-10,0.8690581248934002,-1.5565607354279403,0.8690581248941608,-1.5565607355453195,7.606137941706947e-13,1.1737921745691438e-10,1.1738168180828504e-10,1.1737921745691438e-10,-24.525000000519217,5.19214893301978e-10,-5.19214893301978e-10,-2.1170841724851292e-11,-24.525000001026594,1.0265921446261927e-09,-1.0265921446261927e-09,-4.185900691646046e-11
screenshot_like_simple_start,dop853_strict,DOP853,1e-09,1e-11,2.7183979974968713,0.04118511916208481,0.9738700809555838,0.041185119238902175,0.9738700808158539,7.681736496900626e-11,1.3972989432176064e-10,1.3972989432176064e-10,0.8682407624808014,-1.5612549441044479,0.8682407624790112,-1.5612549442168508,1.790234627208065e-12,1.124029758159395e-10,1.1241723138513568e-10,1.124029758159395e-10,-24.525000000427447,4.2744474626488227e-10,-4.2744474626488227e-10,-1.74289397049901e-11,-24.525000000836307,8.363052472759591e-10,-8.363052472759591e-10,-3.4100112019407096e-11
screenshot_like_simple_start,dop853_strict,DOP853,1e-09,1e-11,2.723404255319149,0.04368570498103928,0.9678327782150228,0.04368570507723808,0.9678327780517145,9.619879892674987e-11,1.633082558072374e-10,1.633082558072374e-10,0.8673304587000638,-1.5661318438224765,0.867330458703561,-1.5661318439527854,3.497202527569243e-12,1.3030887480169895e-10,1.303557949521374e-10,1.3030887480169895e-10,-24.52500000016358,1.6357759591301146e-10,-1.6357759591301146e-10,-6.669830618267541e-12,-24.52500000079646,7.964580106545327e-10,-7.964580106545327e-10,-3.247535211639277e-11
screenshot_like_simple_start,dop853_strict,DOP853,1e-09,1e-11,2.728410513141427,0.046268145608710134,0.961538493505137,0.04626814572996717,0.9615384933118709,1.2125703219290074e-10,1.9326606981451278e-10,1.9326606981451278e-10,0.8663245945828876,-1.5711888071986304,0.8663245945934167,-1.5711888073515143,1.052913312094006e-11,1.5288392773982196e-10,1.5324607011415848e-10,1.5288392773982196e-10,-24.524999999996105,3.8973269056441495e-12,3.8973269056441495e-12,1.589124120548073e-13,-24.525000000898768,8.987655064629507e-10,-8.987655064629507e-10,-3.664691157850971e-11
screenshot_like_simple_start,dop853_strict,DOP853,1e-09,1e-11,2.7334167709637045,0.048934228859539436,0.9549861365238591,0.04893422896629824,0.9549861363483598,1.0675880318666842e-10,1.7549928177373886e-10,1.7549928177373886e-10,0.8652204345852667,-1.576423034270035,0.8652204345905257,-1.5764230344080739,5.259015445346904e-12,1.3803891363295406e-10,1.3813905646275621e-10,1.3803891363295406e-10,-24.52500000022003,2.2002666355547262e-10,-2.2002666355547262e-10,-8.971525527236396e-12,-24.52500000092626,9.26256404909509e-10,-9.26256404909509e-10,-3.776784525624909e-11
screenshot_like_simple_start,dop853_strict,DOP853,1e-09,1e-11,2.7384230287859825,0.05168580911430046,0.9481745644961127,0.05168580916877135,0.9481745643859557,5.447089307386577e-11,1.1015699463712281e-10,1.1015699463712281e-10,0.8640151249242228,-1.5818315429306753,0.8640151249143811,-1.5818315430173475,9.841683024092163e-12,8.667222495262195e-11,8.722919983001452e-11,8.667222495262195e-11,-24.525000000781144,7.811422619852237e-10,-7.811422619852237e-10,-3.185085675780728e-11,-24.525000000924333,9.243308340955991e-10,-9.243308340955991e-10,-3.768933064609986e-11
screenshot_like_simple_start,dop853_strict,DOP853,1e-09,1e-11,2.7434292866082606,0.0545248054465793,0.9411025820049641,0.054524805457080834,0.9411025819502048,1.050153713988422e-11,5.475930819898167e-11,5.475930819898167e-11,0.862705691903038,-1.5874111587113258,0.8627056918812763,-1.5874111587550102,2.1761703550282618e-11,4.3684389439135884e-11,4.880468852559629e-11,4.3684389439135884e-11,-24.525000001205434,1.2054321985033312e-09,-1.2054321985033312e-09,-4.9151159979748464e-11,-24.5250000009466,9.465992434343207e-10,-9.465992434343207e-10,-3.859731879446771e-11
screenshot_like_simple_start,dop853_strict,DOP853,1e-09,1e-11,2.748435544430538,0.05745319948263425,0.9337689410866687,0.057453199518831696,0.9337689409992513,3.6197447816910255e-11,8.741740664675035e-11,8.741740664675035e-11,0.8612890402497893,-1.593158503896966,0.8612890402339303,-1.5931585039651595,1.585898079525805e-11,6.819345088615592e-11,7.001324171631336e-11,6.819345088615592e-11,-24.52500000102214,1.022137041672977e-09,-1.022137041672977e-09,-4.167735134242515e-11,-24.525000000998077,9.980745119264611e-10,-9.980745119264611e-10,-4.069620843736844e-11
screenshot_like_simple_start,dop853_strict,DOP853,1e-09,1e-11,2.753441802252816,0.06047303298558072,0.9261723416038855,0.06047303308112095,0.9261723414406922,9.554023544522394e-11,1.631933477241887e-10,1.631933477241887e-10,0.8597619514971033,-1.5990699859785018,0.8597619514944064,-1.5990699861031725,2.6969537714194303e-12,1.2467071819344255e-10,1.2469988586407744e-10,1.2467071819344255e-10,-24.52500000061227,6.122675699771207e-10,-6.122675699771207e-10,-2.4965038531177194e-11,-24.525000001005218,1.0052154664208501e-09,-1.0052154664208501e-09,-4.098737885508053e-11
screenshot_like_simple_start,dop853_strict,DOP853,1e-09,1e-11,2.758448060075094,0.063586404876563,0.9183114322651273,0.06358640497612711,0.9183114320956507,9.956410695899365e-11,1.6947665493205477e-10,1.6947665493205477e-10,0.858121082371338,-1.6051417851754466,0.8581210823678009,-1.6051417853037822,3.5370595341532862e-12,1.283355643977302e-10,1.2838429763577825e-10,1.283355643977302e-10,-24.52500000053873,5.387263968259504e-10,-5.387263968259504e-10,-2.196641781145567e-11,-24.525000000937748,9.377458809467498e-10,-9.377458809467498e-10,-3.823632542086645e-11
screenshot_like_simple_start,dop853_strict,DOP853,1e-09,1e-11,2.763454317897372,0.06679546762573066,0.9101848123815485,0.06679546772266304,0.9101848122146836,9.693237879027095e-11,1.668648552666241e-10,1.668648552666241e-10,0.8563629632311011,-1.611369840995089,0.856362963225429,-1.6113698411203783,5.672018410507462e-12,1.252893344627637e-10,1.2541765873660457e-10,1.252893344627637e-10,-24.525000000550293,5.50290479850446e-10,-5.50290479850446e-10,-2.2437940055064055e-11,-24.52500000087314,8.731362299840839e-10,-8.731362299840839e-10,-3.5601885014641544e-11
screenshot_like_simple_start,dop853_strict,DOP853,1e-09,1e-11,2.7684605757196494,0.07010242342252877,0.9017910338492681,0.07010242354276194,0.9017910336535149,1.202331706418036e-10,1.9575319143427805e-10,1.9575319143427805e-10,0.8544839967059797,-1.617749838244944,0.8544839967045104,-1.6177498383900786,1.4693801730913947e-12,1.4513457102793836e-10,1.4514200903100647e-10,1.4513457102793836e-10,-24.525000000339965,3.3996272463809873e-10,-3.3996272463809873e-10,-1.3861884796660498e-11,-24.525000000897602,8.976002163763042e-10,-8.976002163763042e-10,-3.6599397201888036e-11
screenshot_like_simple_start,dop853_strict,DOP853,1e-09,1e-11,2.7734668335419275,0.07350951957967447,0.8931286040536841,0.07350951973587128,0.8931286038124874,1.561968054897278e-10,2.411967292559325e-10,2.411967292559325e-10,0.8524804564676034,-1.6242771920183925,0.8524804564721533,-1.624277192194822,4.5499159995188165e-12,1.7642953764607228e-10,1.7648819645973356e-10,1.7642953764607228e-10,-24.525000000023955,2.3952395622472977e-11,-2.3952395622472977e-11,-9.766522170223436e-13,-24.52500000092046,9.204583761857066e-10,-9.204583761857066e-10,-3.7531432260375394e-11
screenshot_like_simple_start,dop853_strict,DOP853,1e-09,1e-11,2.7784730913642055,0.077019043205384,0.8841959896567388,0.07701904335610882,0.8841959894212855,1.5072482151268218e-10,2.3545332350494164e-10,2.3545332350494164e-10,0.8503484862192833,-1.6309470317478887,0.8503484862203048,-1.6309470319183923,1.0215162049576065e-12,1.7050361122983304e-10,1.7050667124124804e-10,1.7050361122983304e-10,-24.525000000125164,1.2516210290414165e-10,-1.2516210290414165e-10,-5.103449659699965e-12,-24.525000000917103,9.171010617592401e-10,-9.171010617592401e-10,-3.739453870577941e-11
screenshot_like_simple_start,dop853_strict,DOP853,1e-09,1e-11,2.783479349186483,0.08063331495760473,0.8749916215149826,0.08063331503809411,0.874991621367053,8.048937905069664e-11,1.479295574924322e-10,1.479295574924322e-10,0.8480840989574486,-1.637754184225027,0.8480840989428533,-1.6377541843320853,1.4595324948629695e-11,1.07058362175394e-10,1.080486761697427e-10,1.07058362175394e-10,-24.52500000080003,8.000284879017272e-10,-8.000284879017272e-10,-3.262093732524881e-11,-24.52500000092864,9.286367230743053e-10,-9.286367230743053e-10,-3.786490206215312e-11
screenshot_like_simple_start,dop853_strict,DOP853,1e-09,1e-11,2.788485607008761,0.08435468184481347,0.865513900785428,0.08435468185498553,0.8655139007259484,1.0172057640644994e-11,5.947964343278045e-11,5.947964343278045e-11,0.8456831766044968,-1.64469315564756,0.8456831765760751,-1.6446931556919924,2.8421709430404007e-11,4.4432457713128315e-11,5.2745017445965947e-11,4.4432457713128315e-11,-24.525000001409268,1.4092655931108311e-09,-1.4092655931108311e-09,-5.7462409505028786e-11,-24.525000000969744,9.697416203380271e-10,-9.697416203380271e-10,-3.954094272530182e-11
screenshot_like_simple_start,dop853_strict,DOP853,1e-09,1e-11,2.7934918648310387,0.08818550903794273,0.8557612062761905,0.08818550908650517,0.8557612061683333,4.8562445731370474e-11,1.078571676416118e-10,1.078571676416118e-10,0.843141470122071,-1.6517581127710992,0.8431414700997287,-1.651758112848262,2.2342239169859113e-11,7.716272065749763e-11,8.033219224190386e-11,7.716272065749763e-11,-24.525000001113565,1.113562575483229e-09,-1.113562575483229e-09,-4.540520185456591e-11,-24.525000000990637,9.906351294830529e-10,-9.906351294830529e-10,-4.0392869703692264e-11
screenshot_like_simple_start,dop853_strict,DOP853,1e-09,1e-11,2.7984981226533168,0.09212817064685176,0.8457319031130139,0.09212817076460812,0.8457319029167052,1.1775636021837954e-10,1.9630874703580048e-10,1.9630874703580048e-10,0.8404546002213544,-1.6589428632529786,0.8404546002084227,-1.658942863389074,1.2931766768531361e-11,1.3609535720604526e-10,1.3670836420935168e-10,1.3609535720604526e-10,-24.525000000619805,6.198028756898566e-10,-6.198028756898566e-10,-2.52722885092704e-11,-24.52500000094502,9.450182858472544e-10,-9.450182858472544e-10,-3.8532855692038916e-11
screenshot_like_simple_start,dop853_strict,DOP853,1e-09,1e-11,2.8035043804755944,0.09618503867872367,0.835424353726316,0.09618503880060339,0.8354243535225586,1.2187971465404956e-10,2.0375734433031312e-10,2.0375734433031312e-10,0.8376180586906606,-1.666240834676326,0.8376180586752837,-1.6662408348157234,1.5376921957965806e-11,1.393973825258854e-10,1.4024293202856747e-10,1.393973825258854e-10,-24.525000000605456,6.054534651411814e-10,-6.054534651411814e-10,-2.4687195316663867e-11,-24.525000000869326,8.69324168206731e-10,-8.69324168206731e-10,-3.544644926429076e-11
screenshot_like_simple_start,dop853_strict,DOP853,1e-09,1e-11,2.8085106382978724,0.10035847036498216,0.8248369309452938,0.10035847049188565,0.824836930735592,1.269034877182662e-10,2.0970170044876113e-10,2.0970170044876113e-10,0.8346272105688788,-1.6736450526418407,0.8346272105528241,-1.673645052783139,1.6054713114499464e-11,1.412983063886486e-10,1.422074723827454e-10,1.412983063886486e-10,-24.525000000602823,6.028209043051902e-10,-6.028209043051902e-10,-2.4579853386552095e-11,-24.525000000882994,8.829914577290765e-10,-8.829914577290765e-10,-3.6003729163265096e-11
screenshot_like_simple_start,dop853_strict,DOP853,1e-09,1e-11,2.8135168961201504,0.10465079402299444,0.8139680330184866,0.10465079420648739,0.8139680327394423,1.8349294306219122e-10,2.7904434318770654e-10,2.7904434318770654e-10,0.8314772973902811,-1.6811481183039891,0.831477297381173,-1.6811481184876915,9.10804764941986e-12,1.8370238663578675e-10,1.8392803861202943e-10,1.8370238663578675e-10,-24.5250000005457,5.456968210637569e-10,-5.456968210637569e-10,-2.225063490575971e-11,-24.525000000892422,8.92420359832613e-10,-8.92420359832613e-10,-3.638819000336852e-11
screenshot_like_simple_start,dop853_strict,DOP853,1e-09,1e-11,2.818523153942428,0.1090642928252492,0.8028161013687617,0.10906429306938598,0.8028161010137159,2.441367802363814e-10,3.5504577056144626e-10,3.5504577056144626e-10,0.8281634416185185,-1.6887421851161712,0.8281634416145601,-1.6887421853449873,3.958389171998533e-12,2.2881607719682506e-10,2.2885031358637113e-10,2.426862183435574e-10,-24.525000000478745,4.787423790730827e-10,-4.787423790730827e-10,-1.9520586302674113e-11,-24.52500000082564,8.256364480985212e-10,-8.256364480985212e-10,-3.366509472369098e-11
screenshot_like_simple_start,dop853_strict,DOP853,1e-09,1e-11,2.823529411764706,0.11360118614740802,0.7913796415259905,0.1136011863477505,0.7913796412248403,2.0034247871780764e-10,3.0115021587562296e-10,3.0115021587562296e-10,0.8246806524881494,-1.6964189348784704,0.8246806524755329,-1.6964189350699754,1.2616463429537816e-11,1.9150503405285235e-10,1.9192017407519463e-10,1.990511366845027e-10,-24.52500000085007,8.500684600676323e-10,-8.500684600676323e-10,-3.466130316279846e-11,-24.52500000075188,7.51878559412944e-10,-7.51878559412944e-10,-3.065763748880505e-11
screenshot_like_simple_start,dop853_strict,DOP853,1e-09,1e-11,2.8285356695869837,0.11826360822354186,0.7796572476197965,0.1182636082417293,0.7796572475496663,1.818743766701658e-11,7.01302349526145e-11,7.01302349526145e-11,0.8210238335223804,-1.7041695532987111,0.8210238334905673,-1.7041695533458694,3.181310770372647e-11,4.7158277283188e-11,5.6885647909529394e-11,4.7158277283188e-11,-24.525000001994805,1.994802545368657e-09,-1.994802545368657e-09,-8.133751459199415e-11,-24.52500000028042,2.8041924338140234e-10,-2.8041924338140234e-10,-1.1434016040016405e-11
screenshot_like_simple_start,dop853_strict,DOP853,1e-09,1e-11,2.8335419274092617,0.12305358401678587,0.7676476305872919,0.12305358390032611,0.767647630689134,1.1645975850349544e-10,1.0184209031649516e-10,1.1645975850349544e-10,0.8171877920433904,-1.7119847054963415,0.8171877920010913,-1.7119847054399124,4.2299164171311077e-11,5.6429083628017906e-11,7.05227677327639e-11,1.1557914347815057e-10,-24.52500000293837,2.938367771321282e-09,-2.938367771321282e-09,-1.198111221741603e-10,-24.52499999999449,5.5138116294983774e-12,5.5138116294983774e-12,2.2482412352694709e-13
screenshot_like_simple_start,dop853_strict,DOP853,1e-09,1e-11,2.8385481852315393,0.12797300221362382,0.7553496502507759,0.12797300224532626,0.7553496501615812,3.170244622374696e-11,8.919476268687276e-11,8.919476268687276e-11,0.8131672510072089,-1.7198545119457624,0.8131672509737154,-1.7198545120028634,3.349343025149665e-11,5.710099060252105e-11,6.619919182135888e-11,5.710099060252105e-11,-24.52500000159823,1.5982273282588721e-09,-1.5982273282588721e-09,-6.516727128476542e-11,-24.525000000426495,4.2649261899896374e-10,-4.2649261899896374e-10,-1.739011698262849e-11
screenshot_like_simple_start,dop853_strict,DOP853,1e-09,1e-11,2.8435544430538173,0.13302358517477528,0.7427623515140627,0.1330235853336778,0.7427623512546305,1.5890253002304178e-10,2.594321424354007e-10,2.594321424354007e-10,0.8089568635026128,-1.7277685253736161,0.808956863469013,-1.7277685255280013,3.359978961725574e-11,1.543851713137201e-10,1.579991360226079e-10,1.5749868076397888e-10,-24.52500000084748,8.474785317957867e-10,-8.474785317957867e-10,-3.45556995635387e-11,-24.52500000108369,1.0836878061581956e-09,-1.0836878061581956e-09,-4.4187066510018166e-11
screenshot_like_simple_start,dop853_strict,DOP853,1e-09,1e-11,2.8485607008760954,0.13820685387099274,0.729885007217195,0.13820685400389815,0.7298850069902042,1.3290540890054103e-10,2.2699075952203884e-10,2.2699075952203884e-10,0.8045512301903235,-1.7357157079308676,0.8045512301527964,-1.7357157080639114,3.7527092544564766e-11,1.3304379820056056e-10,1.3823507121740058e-10,1.3304379820056056e-10,-24.525000001104168,1.1041656478028017e-09,-1.1041656478028017e-09,-4.502204476260149e-11,-24.525000001169396,1.1693934709455789e-09,-1.1693934709455789e-09,-4.768169096618058e-11
screenshot_like_simple_start,dop853_strict,DOP853,1e-09,1e-11,2.853566958698373,0.1435240894539523,0.7167171656289902,0.14352408955210008,0.7167171654571555,9.814776769090372e-11,1.718347686363586e-10,1.718347686363586e-10,0.7999449202890686,-1.743684410785324,0.7999449202566495,-1.7436844108841663,3.2419067430566884e-11,9.884226770395799e-11,1.0402302542191579e-10,9.884226770395799e-11,-24.52500000164149,1.6414887227256258e-09,-1.6414887227256258e-09,-6.693124251684508e-11,-24.525000001046337,1.0463345745392871e-09,-1.0463345745392871e-09,-4.2663998961846565e-11
screenshot_like_simple_start,dop853_strict,DOP853,1e-09,1e-11,2.858573216520651,0.1489762910682928,0.7032587030966726,0.14897629107973984,0.7032587030453765,1.1447037762124523e-11,5.129607849596596e-11,5.129607849596596e-11,0.7951324964753316,-1.7516623568000291,0.7951324964475264,-1.7516623568315035,2.7805202584829658e-11,3.147437865891334e-11,4.199721184493177e-11,3.147437865891334e-11,-24.52500000540535,5.405347280884598e-09,-5.405347280884598e-09,-2.2040152011761865e-10,-24.52500000096904,9.690381830296246e-10,-9.690381830296246e-10,-3.951226026624361e-11
screenshot_like_simple_start,dop853_strict,DOP853,1e-09,1e-11,2.8635794743429286,0.15456412826579413,0.6895098840416123,0.15456412818866083,0.6895098841113441,7.713329974734506e-11,6.973177590907653e-11,7.713329974734506e-11,0.7901085441454074,-1.7596366262242622,0.7901085441229957,-1.7596366261917762,2.2411739131200648e-11,3.248601387895178e-11,3.9466785385035326e-11,7.621375752719928e-11,-24.52500000810058,8.10057798616981e-09,-8.10057798616981e-09,-3.3029879658184747e-10,-24.52500000091898,9.189768945816468e-10,-9.189768945816468e-10,-3.747102526326796e-11
screenshot_like_simple_start,dop853_strict,DOP853,1e-09,1e-11,2.8685857321652066,0.16028788921656878,0.6754714267567418,0.16028788922119375,0.6754714267139583,4.624967075983477e-12,4.278344345465257e-11,4.278344345465257e-11,0.784867705517765,-1.767593647546414,0.7848677054889419,-1.7675936475724268,2.8823055053806e-11,2.6012747511572343e-11,3.882565563819296e-11,2.8823055053806e-11,-24.525000006670666,6.6706640211577906e-09,-6.6706640211577906e-09,-2.719944555008273e-10,-24.525000000493556,4.93553642400002e-10,-4.93553642400002e-10,-2.0124511412844115e-11
screenshot_like_simple_start,dop853_strict,DOP853,1e-09,1e-11,2.873591989987484,0.16614742452115164,0.6611445753128264,0.1661474248684994,0.6611445748001072,3.473477616644516e-10,5.127192004295011e-10,5.127192004295011e-10,0.7794047189991257,-1.7755191946569966,0.7794047189370061,-1.775519194914371,6.211953174073415e-11,2.5737434405925796e-10,2.647647808973493e-10,3.4256450454073217e-10,-24.525000004586815,4.586812707429999e-09,-4.586812707429999e-09,-1.870260023416921e-10,-24.52500000047917,4.791687047145388e-10,-4.791687047145388e-10,-1.953796961119424e-11
screenshot_like_simple_start,dop853_strict,DOP853,1e-09,1e-11,2.8785982478097623,0.17214208643099402,0.6465311778877949,0.1721420870655159,0.6465311769794962,6.345218794834295e-10,9.082986585084996e-10,9.082986585084996e-10,0.7737144642316389,-1.78339839157915,0.7737144641317983,-1.7833983920176393,9.984058024770093e-11,4.3848924491385333e-10,4.497120849713946e-10,6.251436868165428e-10,-24.525000004705205,4.705203338062347e-09,-4.705203338062347e-09,-1.9185334711773074e-10,-24.525000001185443,1.1854410786327207e-09,-1.1854410786327207e-09,-4.833602767105894e-11
screenshot_like_simple_start,dop853_strict,DOP853,1e-09,1e-11,2.8836045056320403,0.1782706632848347,0.6316337718334145,0.178270663671684,0.6316337712631729,3.8684930259158534e-10,5.702416316921699e-10,5.702416316921699e-10,0.767792013213797,-1.7912157261359747,0.7677920131342939,-1.7912157264040829,7.950307079340746e-11,2.681082023059389e-10,2.7964753960888663e-10,3.807184290050003e-10,-24.525000001593995,1.593992493553742e-09,-1.593992493553742e-09,-6.499459708679885e-11,-24.525000001441615,1.4416130511563097e-09,-1.4416130511563097e-09,-5.878136803899326e-11
screenshot_like_simple_start,dop853_strict,DOP853,1e-09,1e-11,2.888610763454318,0.18453130947745555,0.6164556750983746,0.18453130971808657,0.6164556747321617,2.4063101511373475e-10,3.662129488546384e-10,3.662129488546384e-10,0.7616326877847377,-1.798955074339318,0.7616326877224782,-1.7989550745068903,6.225953086413938e-11,1.675724004002177e-10,1.7876453384078622e-10,2.3654567193887033e-10,-24.52499999995932,4.0682124335944536e-11,4.0682124335944536e-11,1.6588022155329066e-12,-24.525000001025,1.0249969761844113e-09,-1.0249969761844113e-09,-4.179396437041432e-11
screenshot_like_simple_start,dop853_strict,DOP853,1e-09,1e-11,2.893617021276596,0.19092147550327282,0.6010010778723317,0.19092147574177257,0.601001077509606,2.3849974772893745e-10,3.627257383342908e-10,3.627257383342908e-10,0.755232123061772,-1.8065997397386733,0.7552321229967729,-1.8065997398985247,6.499911719970441e-11,1.5985146539776451e-10,1.7256122457421777e-10,2.3416615868576685e-10,-24.524999999975464,2.453859337947506e-11,2.453859337947506e-11,1.000554266237515e-12,-24.525000001041064,1.0410623474399472e-09,-1.0410623474399472e-09,-4.2449025379814356e-11
screenshot_like_simple_start,dop853_strict,DOP853,1e-09,1e-11,2.8986232790988735,0.19743783399145684,0.5852751401206866,0.1974378341990848,0.5852751397989857,2.0762797037221503e-10,3.2170088815064446e-10,3.2170088815064446e-10,0.7485863372391826,-1.8141325063008464,0.7485863371746199,-1.8141325064378355,6.456268852872427e-11,1.3698908674086852e-10,1.5144091467022464e-10,2.0359425256799568e-10,-24.525000000171246,1.7124435203186295e-10,-1.7124435203186295e-10,-6.982440449821119e-12,-24.52500000112782,1.1278196154762554e-09,-1.1278196154762554e-09,-4.598652866365975e-11
screenshot_like_simple_start,dop853_strict,DOP853,1e-09,1e-11,2.9036295369211516,0.20407620597545145,0.5692840892578668,0.2040762062008804,0.5692840889134599,2.254289532821474e-10,3.4440683638337077e-10,3.4440683638337077e-10,0.7416918070298307,-1.821535708616405,0.7416918069604923,-1.8215357087563644,6.933842389145184e-11,1.3995937742095066e-10,1.5619361176376828e-10,2.2075097305673808e-10,-24.52499999993455,6.545164410454163e-11,6.545164410454163e-11,2.668772440552156e-12,-24.52500000129759,1.2975895913314162e-09,-1.2975895913314162e-09,-5.29088518381821e-11
screenshot_like_simple_start,dop853_strict,DOP853,1e-09,1e-11,2.908635794743429,0.21083148975953006,0.5530353148402253,0.2108314900571951,0.5530353144003733,2.976650315122953e-10,4.3985193265427824e-10,4.3985193265427824e-10,0.7345455478787104,-1.8287913213626057,0.7345455477954992,-1.8287913215313547,8.321121569565548e-11,1.6874901476171544e-10,1.8814977119464844e-10,2.9107388721527627e-10,-24.52499999939437,6.056311008251214e-10,6.056311008251214e-10,2.4694438361880584e-11,-24.525000001392076,1.3920740116191155e-09,-1.3920740116191155e-09,-5.676142758895476e-11
screenshot_like_simple_start,dop853_strict,DOP853,1e-09,1e-11,2.913642052565707,0.2176975938884213,0.5365374582693764,0.21769759414502565,0.5365374578836076,2.566043488805292e-10,3.857687502772933e-10,3.857687502772933e-10,0.7271451978392198,-1.835881068973114,0.7271451977582056,-1.8358810691148828,8.101419535222476e-11,1.4176881890648474e-10,1.632841016838691e-10,2.505478047254428e-10,-24.52499999999594,4.0607517348689726e-12,4.0607517348689726e-12,1.6557601365418848e-13,-24.52500000152629,1.5262884289768408e-09,-1.5262884289768408e-09,-6.22339828328987e-11
screenshot_like_simple_start,dop853_strict,DOP853,1e-09,1e-11,2.9186483103879852,0.22466737690680091,0.5198004939034299,0.22466737716340499,0.519800493517022,2.5660407132477303e-10,3.8640790567257e-10,3.8640790567257e-10,0.7194891035038024,-1.8427865564941563,0.7194891034185871,-1.842786556628921,8.521527927740635e-11,1.3476464388872955e-10,1.5944639558416632e-10,2.501551743527841e-10,-24.524999999948285,5.171685302229889e-11,5.171685302229889e-11,2.1087401843954695e-12,-24.52500000092531,9.253078303572693e-10,-9.253078303572693e-10,-3.772916739479181e-11
screenshot_like_simple_start,dop853_strict,DOP853,1e-09,1e-11,2.923654568210263,0.23173259867117005,0.5028357951951068,0.23173259894255263,0.5028357947871019,2.713825830724659e-10,4.0800485212599824e-10,4.0800485212599824e-10,0.7115764055866407,-1.8494894226585625,0.7115764054932674,-1.8494894227928582,9.337330908465447e-11,1.3429568568312789e-10,1.6356621302249403e-10,2.641285246074432e-10,-24.524999999722603,2.773994367544219e-10,2.773994367544219e-10,1.1310884271332187e-11,-24.525000001039135,1.0391332239123585e-09,-1.0391332239123585e-09,-4.237036590876079e-11
screenshot_like_simple_start,dop853_strict,DOP853,1e-09,1e-11,2.928660826032541,0.23888388479779202,0.485656183675524,0.2388838850877177,0.48565618323989457,2.8992569456320894e-10,4.356294214247214e-10,4.356294214247214e-10,0.7034071218148426,-1.8559715136630048,0.7034071217112782,-1.85597151379775,1.0356437929459616e-10,1.3474510396349615e-10,1.6994653188814523e-10,2.8169258592392055e-10,-24.524999999676652,3.233502354760276e-10,3.233502354760276e-10,1.318451520799297e-11,-24.52500000130322,1.3032170897986362e-09,-1.3032170897986362e-09,-5.313831151064775e-11
screenshot_like_simple_start,dop853_strict,DOP853,1e-09,1e-11,2.9336670838548184,0.24611070911201863,0.46827595424302704,0.24611070941642263,0.4682759537825419,3.0440400200504314e-10,4.604851500111806e-10,4.604851500111806e-10,0.694982223867768,-1.86221507655931,0.6949822237520866,-1.8622150766929861,1.1568135338535512e-10,1.3367618123538705e-10,1.767809292620204e-10,2.952315059090438e-10,-24.524999998622707,1.3772947227153054e-09,1.3772947227153054e-09,5.6158806226923765e-11,-24.5250000019941,1.9940991080602544e-09,-1.9940991080602544e-09,-8.130883213293595e-11
screenshot_like_simple_start,dop853_strict,DOP853,1e-09,1e-11,2.9386733416770965,0.25340139699509534,0.4507108728237992,0.2534013972363981,0.4507108724572239,2.413027555547842e-10,3.665752701387248e-10,3.665752701387248e-10,0.686303705059409,-1.86820296902345,0.6863037049630376,-1.8682029691226383,9.637135534035224e-11,9.918821319843119e-11,1.3829584146905458e-10,2.335968640743147e-10,-24.524999998944736,1.0552660967277916e-09,1.0552660967277916e-09,4.302817927534318e-11,-24.52500000175555,1.755548595383516e-09,-1.755548595383516e-09,-7.158200185050014e-11
screenshot_like_simple_start,dop853_strict,DOP853,1e-09,1e-11,2.943679599499374,0.2607431532042993,0.43297814153324166,0.26074315337302756,0.4329781412806001,1.6872825359115495e-10,2.526415743275834e-10,2.526415743275834e-10,0.6773746350437717,-1.8739188813640186,0.6773746349774687,-1.873918881426523,6.63029631198242e-11,6.250444606337169e-11,9.1120188192067e-11,1.630249824025043e-10,-24.525000000047477,4.7474912889811094e-11,-4.7474912889811094e-11,-1.935776264620228e-12,-24.52500000136748,1.3674785748207796e-09,-1.3674785748207796e-09,-5.575855554824789e-11
screenshot_like_simple_start,dop853_strict,DOP853,1e-09,1e-11,2.948685857321652,0.2681221160719103,0.4150963287727493,0.2681221163299384,0.4150963283862146,2.580280988873085e-10,3.865347486531334e-10,3.865347486531334e-10,0.6681991981156894,-1.8793475648637967,0.668199198010789,-1.8793475649513205,1.0490042168243008e-10,8.752376601250944e-11,1.3661811038864559e-10,2.4880875137966996e-10,-24.52500000005827,5.826805704600702e-11,-5.826805704600702e-11,-2.3758636919880534e-12,-24.525000000952684,9.526814892524271e-10,-9.526814892524271e-10,-3.8845320662688154e-11
screenshot_like_simple_start,dop853_strict,DOP853,1e-09,1e-11,2.95369211514393,0.2755234396411353,0.3970852621213769,0.27552343996835,0.39708526163890795,3.2721469978014284e-10,4.824689536775395e-10,4.824689536775395e-10,0.6587827117860368,-1.8844750596204336,0.6587827116559808,-1.8844750597180009,1.3005596599668934e-10,9.756728758247846e-11,1.6258514660796682e-10,3.148731275715022e-10,-24.525000000087623,8.762057746025675e-11,-8.762057746025675e-11,-3.572704483598644e-12,-24.525000000785656,7.856542083573004e-10,-7.856542083573004e-10,-3.203483010631194e-11
screenshot_like_simple_start,dop853_strict,DOP853,1e-09,1e-11,2.9586983729662077,0.28293140440134407,0.3789658831140902,0.2829314046377877,0.37896588275224935,2.364436424429073e-10,3.618408350725133e-10,3.618408350725133e-10,0.6491316227641069,-1.8892889141444238,0.6491316226549824,-1.889288914212282,1.0912448722422141e-10,6.785816353271912e-11,1.285024671746909e-10,2.27042884493045e-10,-24.525000000164642,1.6463985730297281e-10,-1.6463985730297281e-10,-6.713144028663519e-12,-24.525000000493336,4.933333741519164e-10,-4.933333741519164e-10,-2.0115530036775386e-11
screenshot_like_simple_start,dop853_strict,DOP853,1e-09,1e-11,2.963704630788486,0.29032955381961356,0.36076006769840363,0.2903295540418014,0.3607600673475513,2.2218782369520795e-10,3.508523471751346e-10,3.508523471751346e-10,0.6392534788967883,-1.8937783879338883,0.6392534787814099,-1.893778387994129,1.1537837352193492e-10,6.0240701316161e-11,1.3015802384651533e-10,2.1288920626361119e-10,-24.525000000220224,2.2022206280780665e-10,-2.2022206280780665e-10,-8.979492876974787e-12,-24.524999999208195,7.918075084489828e-10,7.918075084489828e-10,3.2285729192619076e-11
screenshot_like_simple_start,dop853_strict,DOP853,1e-09,1e-11,2.9687108886107634,0.29770085581613986,0.342490413534973,0.2977008560937953,0.34249041311420725,2.776554541839005e-10,4.207657555710398e-10,4.207657555710398e-10,0.6291568757183263,-1.8979346291704955,0.6291568755874405,-1.89793462923036,1.3088585770759664e-10,5.986455775541799e-11,1.4392662374663352e-10,2.654423902903602e-10,-24.524999999990047,9.954703727999004e-12,9.954703727999004e-12,4.0590025394491346e-13,-24.524999999075323,9.246790000361216e-10,9.246790000361216e-10,3.7703527014724626e-11
screenshot_like_simple_start,dop853_strict,DOP853,1e-09,1e-11,2.9737171464330414,0.30502788365852757,0.324180001626523,0.3050278838068561,0.32418000139846204,1.4832851613633125e-10,2.2806095900662626e-10,2.2806095900662626e-10,0.6188513783738504,-1.9017508193961856,0.61885137829915,-1.9017508194242843,7.47003570111815e-11,2.8098634530238087e-11,7.981025372758728e-11,1.4148149318771175e-10,-24.525000000006717,6.714628852932947e-12,-6.714628852932947e-12,-2.7378710919196517e-13,-24.52499999921825,7.817533287379774e-10,7.817533287379774e-10,3.1875772833352795e-11
screenshot_like_simple_start,dop853_strict,DOP853,1e-09,1e-11,2.978723404255319,0.31229300930484655,0.30585214172459296,0.31229300952110717,0.30585214139385164,2.162606205224904e-10,3.3074132321786465e-10,3.3074132321786465e-10,0.608347421154396,-1.905222278513199,0.6083474210448045,-1.9052222785463426,1.0959144702837875e-10,3.3143709998739723e-11,1.1449362765785049e-10,2.0580043225137956e-10,-24.524999999893314,1.0668799177437904e-10,1.0668799177437904e-10,4.350172957161224e-12,-24.525000000537304,5.373017586407514e-10,-5.373017586407514e-10,-2.1908328588817587e-11
screenshot_like_simple_start,dop853_strict,DOP853,1e-09,1e-11,2.983729662077597,0.31947860499789704,0.2875301072149115,0.3194786052327021,0.28753010685749036,2.34805064280863e-10,3.57421148233783e-10,3.57421148233783e-10,0.5976561869477492,-1.9083465257939087,0.597656186827925,-1.9083465258215224,1.1982426162404636e-10,2.761368911308182e-11,1.2296491166256268e-10,2.2292379053823197e-10,-24.52500000067175,6.717471023875987e-10,-6.717471023875987e-10,-2.7390299791543268e-11,-24.525000001012216,1.0122143123680871e-09,-1.0122143123680871e-09,-4.1272754836619244e-11
screenshot_like_simple_start,dop853_strict,DOP853,1e-09,1e-11,2.988735919899875,0.32656724406345705,0.26923687173253663,0.3265672443017162,0.26923687137113445,2.3825913464392556e-10,3.614021859554839e-10,3.614021859554839e-10,0.5867894713508993,-1.9111232939976595,0.5867894712281838,-1.911123294017359,1.227155044247752e-10,1.9699575304343853e-11,1.2428663763011104e-10,2.256669295874758e-10,-24.525000002184797,2.18479456748355e-09,-2.18479456748355e-09,-8.908438603398777e-11,-24.525000001033494,1.0334915145904233e-09,-1.0334915145904233e-09,-4.214032679267781e-11
screenshot_like_simple_start,dop853_strict,DOP853,1e-09,1e-11,2.9937421777221527,0.3335418942524028,0.25099485649355174,0.3335418943829128,0.25099485628534013,1.305099917026098e-10,2.0821161461626048e-10,2.0821161461626048e-10,0.5757595362450467,-1.913554496567318,0.5757595361666766,-1.913554496576303,7.837008819677749e-11,8.985034938291392e-12,7.88834683366103e-11,1.2331741183757572e-10,-24.524999999949156,5.084643817099277e-11,5.084643817099277e-11,2.073249262833548e-12,-24.52500000119462,1.1946177380650624e-09,-1.1946177380650624e-09,-4.871020338695463e-11
screenshot_like_simple_start,dop853_strict,DOP853,1e-09,1e-11,2.9987484355444307,0.3403860968024666,0.2328256975505335,0.34038609694770783,0.23282569732035302,1.452412079494536e-10,2.3018048578293815e-10,2.3018048578293815e-10,0.5645789583080865,-1.9156441501463282,0.5645789582210248,-1.9156441501509482,8.706169118966045e-11,4.6200820946751264e-12,8.718419140741822e-11,1.369080959712221e-10,-24.5249999999262,7.38005212497228e-11,7.38005212497228e-11,3.0091955657379327e-12,-24.52500000053589,5.358877785965888e-10,-5.358877785965888e-10,-2.1850673948892506e-11
screenshot_like_simple_start,dop853_strict,DOP853,1e-09,1e-11,3.0037546933667083,0.3470841259962156,0.21475003997505415,0.34708412626012447,0.21475003956167077,2.639088947375967e-10,4.1338338307994604e-10,4.1338338307994604e-10,0.5532604777454999,-1.917398256825876,0.5532604775897836,-1.917398256824199,1.5571632872024566e-10,1.6771029009987615e-12,1.5572535986232987e-10,2.481715943858376e-10,-24.524999999327697,6.723048784351704e-10,6.723048784351704e-10,2.7413042953523766e-11,-24.524999998932426,1.0675762496248353e-09,1.0675762496248353e-09,4.3530122308861786e-11
screenshot_like_simple_start,dop853_strict,DOP853,1e-09,1e-11,3.0087609511889863,0.35362112404646323,0.19678736583776898,0.3536211243226831,0.19678736541029274,2.762198803019089e-10,4.27476248843206e-10,4.27476248843206e-10,0.5418168526205238,-1.918824652275069,0.5418168524604268,-1.9188246522629946,1.600970467308116e-10,1.2074341526613352e-11,1.6055171782085974e-10,2.5912877399392187e-10,-24.524999999736913,2.630891060562135e-10,2.630891060562135e-10,1.0727384548673332e-11,-24.52499999989866,1.0134115768778429e-10,1.0134115768778429e-10,4.132157296137993e-12
screenshot_like_simple_start,dop853_strict,DOP853,1e-09,1e-11,3.0137672090112644,0.35998320966835934,0.1789558581089884,0.35998320998510397,0.17895585763621905,3.1674463052411284e-10,4.727693514450237e-10,4.727693514450237e-10,0.5302607228141195,-1.919932827069685,0.5302607226453424,-1.9199328270422629,1.6877710340423846e-10,2.7422064619031516e-11,1.7099029288674647e-10,2.964421486062463e-10,-24.525000000563374,5.633715716157894e-10,-5.633715716157894e-10,-2.2971317904823217e-11,-24.525000001000095,1.0000924532960198e-09,-1.0000924532960198e-09,-4.077848943103036e-11
screenshot_like_simple_start,dop853_strict,DOP853,1e-09,1e-11,3.018773466833542,0.36615755822361784,0.1612723031620201,0.3661575584334434,0.1612723028316923,2.0982554582715807e-10,3.303277928967674e-10,3.303277928967674e-10,0.5186044874526288,-1.9207337291630617,0.5186044873225035,-1.92073372914098,1.3012524391342595e-10,2.208166982597959e-11,1.3198552665285756e-10,1.9591622768544426e-10,-24.525000000022665,2.2662760557068395e-11,-2.2662760557068395e-11,-9.240677087489662e-13,-24.525000000970728,9.707257220270549e-10,-9.707257220270549e-10,-3.958106919580244e-11
screenshot_like_simple_start,dop853_strict,DOP853,1e-09,1e-11,3.02377972465582,0.3721324530614215,0.143752032223298,0.37213245322989613,0.1437520319542669,1.6847462314117934e-10,2.690311029507342e-10,2.690311029507342e-10,0.50686019859153,-1.9212395556261503,0.506860198482217,-1.9212395556034334,1.0931300309380276e-10,2.2716939440670103e-11,1.1164851984212243e-10,1.5694323618475892e-10,-24.52500000000396,3.957723038183758e-12,-3.957723038183758e-12,-1.6137504742849165e-13,-24.525000002229298,2.229295859024205e-09,-2.229295859024205e-09,-9.089891372168011e-11
screenshot_like_simple_start,dop853_strict,DOP853,1e-09,1e-11,3.0287859824780976,0.3778973122626242,0.12640889594121874,0.3778973124045092,0.12640889571318079,1.4188500374601176e-10,2.280379496344409e-10,2.280379496344409e-10,0.49503947158639905,-1.9214635407862821,0.49503947149205463,-1.9214635407626806,9.434442116429409e-11,2.3601565146691428e-11,9.725175413430455e-11,1.3187395619951303e-10,-24.524999999850248,1.4975398698879872e-10,1.4975398698879872e-10,6.106176839502495e-12,-24.52500000297143,2.9714293248161994e-09,-2.9714293248161994e-09,-1.2115919774989598e-10
screenshot_like_simple_start,dop853_strict,DOP853,1e-09,1e-11,3.0337922403003756,0.3834426900267503,0.10925527289779721,0.38344269024794225,0.10925527254721655,2.211919536421192e-10,3.50580661723221e-10,3.50580661723221e-10,0.48315341390140104,-1.9214197477756016,0.48315341375804016,-1.921419747731077,1.4336087872379721e-10,4.45246062241722e-11,1.5011589558696603e-10,2.0512946896644735e-10,-24.524999999736927,2.630748952014983e-10,2.630748952014983e-10,1.0726805105055995e-11,-24.52500000164831,1.648306380275244e-09,-1.648306380275244e-09,-6.720923059226274e-11
screenshot_like_simple_start,dop853_strict,DOP853,1e-09,1e-11,3.0387984981226532,0.3887602579425871,0.09230210484318876,0.3887602582239294,0.09230210439590819,2.813422828040757e-10,4.4728057368992324e-10,4.4728057368992324e-10,0.4712125712079922,-1.921122868764132,0.471212571022964,-1.9211228686987178,1.8502821497179411e-10,6.54141185663093e-11,1.9625098023565545e-10,2.6034840949762383e-10,-24.524999999252955,7.470468688097753e-10,7.470468688097753e-10,3.046062665891031e-11,-24.525000000894412,8.944098794927413e-10,-8.944098794927413e-10,-3.646931210979577e-11
screenshot_like_simple_start,dop853_strict,DOP853,1e-09,1e-11,3.0438047559449313,0.3938427690035155,0.07555895465931364,0.39384276917697186,0.0755589543754465,1.734563603861261e-10,2.838671381288904e-10,2.838671381288904e-10,0.45922689002300393,-1.9205880382260474,0.4592268899001235,-1.9205880381809135,1.2288042805508326e-10,4.513389662008649e-11,1.309070976804281e-10,1.6017676074397968e-10,-24.52499999999997,3.197442310920451e-14,3.197442310920451e-14,1.303748139009358e-15,-24.52500000094637,9.463683170451986e-10,-9.463683170451986e-10,-3.858790283568598e-11
screenshot_like_simple_start,dop853_strict,DOP853,1e-09,1e-11,3.0488110137672093,0.39868400803691095,0.059034081994802555,0.39868400822076994,0.05903408169366821,1.8385898359341013e-10,3.0113434662526473e-10,3.0113434662526473e-10,0.44720569537072924,-1.9198306622814814,0.4472056952395589,-1.9198306622278731,1.3117035235765684e-10,5.360822896705031e-11,1.4170216494681915e-10,1.6943946246072983e-10,-24.525000000009257,9.254819133275305e-12,-9.254819133275305e-12,-3.77362655791042e-13,-24.52500000079138,7.91377630093848e-10,-7.91377630093848e-10,-3.2268201023194614e-11
screenshot_like_simple_start,dop853_strict,DOP853,1e-09,1e-11,3.053817271589487,0.403278732116899,0.042734531632142636,0.4032787323126311,0.04273453131464364,1.9573209719681017e-10,3.1749899931377e-10,3.1749899931377e-10,0.435157681589055,-1.9188662659867843,0.43515768145187617,-1.918866265923536,1.3717882385577695e-10,6.324829548987054e-11,1.510575274417937e-10,1.8003032398183905e-10,-24.525000000183894,1.8389201272839273e-10,-1.8389201272839273e-10,-7.498145269251487e-12,-24.525000000709667,7.096652154814365e-10,-7.096652154814365e-10,-2.8936400223504032e-11
screenshot_like_simple_start,dop853_strict,DOP853,1e-09,1e-11,3.058823529411765,0.4076226041993331,0.026666230215099743,0.4076226044556755,0.026666229813401957,2.563423917578689e-10,4.016977861454052e-10,4.016977861454052e-10,0.42309091436268964,-1.9177103594303362,0.42309091419647393,-1.9177103593394254,1.6621570786412576e-10,9.091083441603587e-11,1.8945300566365341e-10,2.353392480891614e-10,-24.52500000014062,1.4061640740692383e-10,-1.4061640740692383e-10,-5.733594593554488e-12,-24.52499999966262,3.3738345450728957e-10,3.3738345450728957e-10,1.3756715780113743e-11
screenshot_like_simple_start,dop853_strict,DOP853,1e-09,1e-11,3.0638297872340425,0.41171212270597823,0.010834087578392979,0.41171212294737525,0.01083408719114548,2.413970134895749e-10,3.8724749795715496e-10,3.8724749795715496e-10,0.4110128420011051,-1.916378322708779,0.4110128418351055,-1.9163783226163724,1.6599960295238247e-10,9.240652687481088e-11,1.8998640580160933e-10,2.2122514931055548e-10,-24.524999999601906,3.9809577856431133e-10,3.9809577856431133e-10,1.6232243774283845e-11,-24.52499999922487,7.751310704406933e-10,7.751310704406933e-10,3.1605752107673523e-11
screenshot_like_simple_start,dop853_strict,DOP853,1e-09,1e-11,3.0688360450563206,0.41554454942982294,-0.0047579005076476,0.4155445495989862,-0.004757900795816047,1.691632389722031e-10,2.8816844743762005e-10,2.8816844743762005e-10,0.398930314095356,-1.9148853091899278,0.3989303139619577,-1.9148853091202676,1.3339829241232337e-10,6.966027754629067e-11,1.504913907383076e-10,1.5476686598958622e-10,-24.524999999984725,1.5276668818842154e-11,1.5276668818842154e-11,6.229018886378044e-13,-24.52500000109943,1.0994263277552818e-09,-1.0994263277552818e-09,-4.482880031621944e-11
screenshot_like_simple_start,dop853_strict,DOP853,1e-09,1e-11,3.073842302878598,0.41911783835964717,-0.020106551642821414,0.4191178384128329,-0.020106551771943287,5.3185733595029205e-11,1.2912187291602706e-10,1.2912187291602706e-10,0.3868496055524106,-1.9132461657090303,0.38684960547189723,-1.91324616568479,8.051337374581635e-11,2.4240387475060743e-11,8.408329047364043e-11,8.051337374581635e-11,-24.525000000038904,3.8902214782865485e-11,-3.8902214782865485e-11,-1.5862269024613856e-12,-24.52500000304142,3.0414177842885692e-09,-3.0414177842885692e-09,-1.2401295756528315e-10
screenshot_like_simple_start,dop853_strict,DOP853,1e-09,1e-11,3.078848560700876,0.42243056567194565,-0.035209398535005015,0.42243056578242155,-0.035209398738652434,1.1047590620094638e-10,2.0364741837308742e-10,2.0364741837308742e-10,0.37477644492871875,-1.911475368785788,0.3747764448259621,-1.9114753687333264,1.0275663653303013e-10,5.246159062721745e-11,1.1537393484977017e-10,1.0275663653303013e-10,-24.52500000021329,2.1328716570678807e-10,-2.1328716570678807e-10,-8.69672439171409e-12,-24.525000001643427,1.6434249516805721e-09,-1.6434249516805721e-09,-6.701019170970731e-11
screenshot_like_simple_start,dop853_strict,DOP853,1e-09,1e-11,3.0838548185231542,0.4254818633150296,-0.05006459631861029,0.4254818634725361,-0.05006459658579731,1.575065078363025e-10,2.671870225068318e-10,2.671870225068318e-10,0.36271604524518036,-1.909586974775801,0.36271604512179134,-1.9095869746974177,1.2338902122266404e-10,7.838329985077053e-11,1.461806835863851e-10,1.4346324128666765e-10,-24.525000000617265,6.172626854095142e-10,-6.172626854095142e-10,-2.5168712962671322e-11,-24.52500000091498,9.149765389793174e-10,-9.149765389793174e-10,-3.730791188498745e-11
screenshot_like_simple_start,dop853_strict,DOP853,1e-09,1e-11,3.088861076345432,0.4282713563310091,-0.06467083565338763,0.4282713564519518,-0.06467083587448208,1.2094270029905374e-10,2.2109444830498148e-10,2.2109444830498148e-10,0.3506731363847585,-1.9075945825302694,0.35067313627414604,-1.9075945824657539,1.1061246363297528e-10,6.45155040501777e-11,1.2805220565771122e-10,1.1061246363297528e-10,-24.525000000240112,2.4011015398173186e-10,-2.4011015398173186e-10,-9.790424219438607e-12,-24.525000000939453,9.39451183512574e-10,-9.39451183512574e-10,-3.8305858654946954e-11
screenshot_like_simple_start,dop853_strict,DOP853,1e-09,1e-11,3.09386733416771,0.43079910429273127,-0.07902726205808096,0.4307991043728812,-0.07902726222670556,8.014994223870531e-11,1.6862460039401839e-10,1.6862460039401839e-10,0.3386519982109216,-1.9055113069934775,0.33865199811565017,-1.905511306946695,9.52714573898561e-11,4.6782577811654846e-11,1.0613792997741527e-10,9.52714573898561e-11,-24.52499999973265,2.673523624707741e-10,2.673523624707741e-10,1.090121763387458e-11,-24.52500000036523,3.652296243217279e-10,-3.652296243217279e-10,-1.489213554828656e-11
screenshot_like_simple_start,dop853_strict,DOP853,1e-09,1e-11,3.0988735919899875,0.4330655475400699,-0.09313340233026506,0.4330655477081993,-0.09313340261680104,1.6812945480282337e-10,2.86535989379999e-10,2.86535989379999e-10,0.32665649351265824,-1.9033497619616622,0.32665649337997243,-1.9033497618644581,1.3268580678627018e-10,9.72040226088211e-11,1.6448144373715725e-10,1.5260837038511e-10,-24.52500000001229,1.2288836614970933e-11,-1.2288836614970933e-11,-5.010738680925966e-13,-24.524999999196677,8.033254061956541e-10,8.033254061956541e-10,3.275536824447111e-11
screenshot_like_simple_start,dop853_strict,DOP853,1e-09,1e-11,3.1038798498122655,0.43507145847411743,-0.1069890983459518,0.4350714586369022,-0.106989098629694,1.6278478565112664e-10,2.8374219640525666e-10,2.8374219640525666e-10,0.3146901001393836,-1.9011220503991835,0.3146901000048835,-1.9011220503002741,1.3450007774196138e-10,9.890932517464535e-11,1.6695306382063608e-10,1.4761974975741055e-10,-24.52500000005911,5.910649747420393e-11,-5.910649747420393e-11,-2.4100508654109656e-12,-24.524999999224498,7.755041053769673e-10,7.755041053769673e-10,3.162096250262864e-11
screenshot_like_simple_start,dop853_strict,DOP853,1e-09,1e-11,3.108886107634543,0.4368178966239689,-0.12059444650697389,0.43681789670659965,-0.1205944466864011,8.263073558723022e-11,1.7942720920149924e-10,1.7942720920149924e-10,0.3027559423907748,-1.898839761629076,0.3027559422875226,-1.8988397615725328,1.0325218458007157e-10,5.654321455494937e-11,1.1772063851663483e-10,1.0325218458007157e-10,-24.525000000061503,6.150102649371547e-11,-6.150102649371547e-11,-2.507687114932333e-12,-24.525000000886358,8.863558775829006e-10,-8.863558775829006e-10,-3.614091243966975e-11
screenshot_like_simple_start,dop853_strict,DOP853,1e-09,1e-11,3.113892365456821,0.43830616893545754,-0.13394974466362863,0.4383061689318222,-0.13394974473218296,3.6353142718326126e-12,6.855432888031032e-11,6.855432888031032e-11,0.2908568207436044,-1.8965139733486769,0.29085682067237256,-1.8965139733410643,7.123185374879881e-11,7.612577235249773e-12,7.163747846381045e-11,7.123185374879881e-11,-24.525000000169502,1.694999696155719e-10,-1.694999696155719e-10,-6.911313745792941e-12,-24.525000002191128,2.1911255032591725e-09,-2.1911255032591725e-09,-8.934252816551161e-11
screenshot_like_simple_start,dop853_strict,DOP853,1e-09,1e-11,3.118898623279099,0.4395377939216923,-0.14705544472229864,0.4395377939508509,-0.147055444833818,2.9158619962998955e-11,1.1151934931064034e-10,1.1151934931064034e-10,0.2789952401243493,-1.894155258001331,0.27899524004042064,-1.8941552579725829,8.392864181416826e-11,2.8748114999643803e-11,8.871567523726401e-11,8.392864181416826e-11,-24.525000000320013,3.200106846179551e-10,-3.200106846179551e-10,-1.3048345957918658e-11,-24.525000001423557,1.4235546075269667e-09,-1.4235546075269667e-09,-5.8045040062261635e-11
screenshot_like_simple_start,dop853_strict,DOP853,1e-09,1e-11,3.1239048811013768,0.4405144698753738,-0.15991211108679076,0.44051446994939375,-0.15991211124513324,7.401995683053997e-11,1.5834247801826962e-10,1.5834247801826962e-10,0.2671734364862113,-1.8917736923383697,0.26717343639684255,-1.8917736922815942,8.936873463483153e-11,5.6775473211700955e-11,1.0587835042464303e-10,8.936873463483153e-11,-24.52500000066318,6.631779569943319e-10,-6.631779569943319e-10,-2.704089529028876e-11,-24.52500000102419,1.0241869574656448e-09,-1.0241869574656448e-09,-4.1760936084226086e-11
screenshot_like_simple_start,dop853_strict,DOP853,1e-09,1e-11,3.128911138923655,0.44123804674953554,-0.1725203843885158,0.441238046858525,-0.17252038457547347,1.0898948410442699e-10,1.8695767156629017e-10,1.8695767156629017e-10,0.2553934016584971,-1.889378869428813,0.2553934015728657,-1.8893788693501739,8.563139086703586e-11,7.863909523564416e-11,1.1626195594993138e-10,9.855088967114511e-11,-24.5250000011218,1.1217977657906886e-09,-1.1217977657906886e-09,-4.5740989430812986e-11,-24.525000000991472,9.91470017197571e-10,-9.91470017197571e-10,-4.0426912016210844e-11
screenshot_like_simple_start,dop853_strict,DOP853,1e-09,1e-11,3.1339173967459324,0.4417105012985164,-0.18488094996911003,0.441710501385937,-0.18488095013381256,8.742057078237053e-11,1.647025293927129e-10,1.647025293927129e-10,0.2436569064625086,-1.8869799125047684,0.24365690637964296,-1.8869799124371203,8.286563102366529e-11,6.764810933646004e-11,1.0697186313114254e-10,8.286563102366529e-11,-24.525000000781638,7.81636089186577e-10,-7.81636089186577e-10,-3.1870992423509765e-11,-24.52500000101339,1.0133867078820913e-09,-1.0133867078820913e-09,-4.132055893504959e-11
screenshot_like_simple_start,dop853_strict,DOP853,1e-09,1e-11,3.1389236545682104,0.4419339150813377,-0.1969945105887053,0.44193391511623287,-0.19699451069774704,3.489514233123714e-11,1.0904174785331122e-10,1.0904174785331122e-10,0.231965522127779,-1.8845854901420225,0.2319655220523888,-1.8845854901057562,7.539019408753234e-11,3.626632327780044e-11,8.365959340473587e-11,7.539019408753234e-11,-24.525000000127555,1.2755307920997438e-10,-1.2755307920997438e-10,-5.200941048316998e-12,-24.525000001120894,1.1208918238025944e-09,-1.1208918238025944e-09,-4.570404990020772e-11
screenshot_like_simple_start,dop853_strict,DOP853,1e-09,1e-11,3.143929912390488,0.44191045537336043,-0.20886176322433386,0.44191045539289286,-0.20886176331321937,1.9532431227986535e-11,8.888551006336343e-11,8.888551006336343e-11,0.22032064009287886,-1.882203832113567,0.2203206400235811,-1.8822038320867835,6.929776197317494e-11,2.6783464335267126e-11,7.429356483767176e-11,6.929776197317494e-11,-24.5250000000962,9.619682828088116e-11,-9.619682828088116e-11,-3.922398706661821e-12,-24.525000001188083,1.1880807448960695e-09,-1.1880807448960695e-09,-4.8443659322979386e-11
screenshot_like_simple_start,dop853_strict,DOP853,1e-09,1e-11,3.148936170212766,0.4416423585072833,-0.22048337938722481,0.4416423585315972,-0.2204833794874118,2.431393975044216e-11,1.0018699758695959e-10,1.0018699758695959e-10,0.20872349025883666,-1.879842745639864,0.20872349018305608,-1.8798427456075606,7.578057625856616e-11,3.2303493213703405e-11,8.237846449095869e-11,7.578057625856616e-11,-24.525000000038304,3.83018061711482e-11,-3.83018061711482e-11,-1.5617454096288766e-12,-24.525000001024818,1.0248157877867925e-09,-1.0248157877867925e-09,-4.1786576464293266e-11
screenshot_like_simple_start,dop853_strict,DOP853,1e-09,1e-11,3.153942428035044,0.44113191514103045,-0.23185998838070307,0.44113191516282313,-0.23185998848873635,2.179267877266966e-11,1.0803327676889296e-10,1.0803327676889296e-10,0.1971751577683165,-1.8775096318733993,0.19717515768288058,-1.8775096318392699,8.54359361035506e-11,3.412936600000194e-11,9.20006130493274e-11,8.54359361035506e-11,-24.52499999976458,2.354205719257152e-10,2.354205719257152e-10,9.599207825717234e-12,-24.5250000006852,6.851976763755374e-10,-6.851976763755374e-10,-2.7938743175353204e-11
screenshot_like_simple_start,dop853_strict,DOP853,1e-09,1e-11,3.1589486858573217,0.4403814574632762,-0.24299216333905224,0.44038145748056157,-0.24299216344173644,1.728533982614522e-11,1.0268419448067334e-10,1.0268419448067334e-10,0.18567659845427206,-1.8752115022285447,0.1856765983702406,-1.8752115021964695,8.403147622182416e-11,3.207523135984047e-11,8.994503578745351e-11,8.403147622182416e-11,-24.52499999975265,2.473505844591273e-10,2.473505844591273e-10,1.008565074247206e-11,-24.52500000058383,5.838280969783227e-10,-5.838280969783227e-10,-2.3805426991980535e-11
screenshot_like_simple_start,dop853_strict,DOP853,1e-09,1e-11,3.1639549436795997,0.43939334813553294,-0.2538804097932471,0.4393933481739973,-0.2538804099046788,3.8464342821953323e-11,1.1143169720284618e-10,1.1143169720284618e-10,0.1742286530189215,-1.8729549943329358,0.1742286529458723,-1.8729549942885861,7.304917781780773e-11,4.434963507549128e-11,8.545801607331485e-11,7.304917781780773e-11,-24.525000000380594,3.8059155826886126e-10,-3.8059155826886126e-10,-1.551851409862839e-11,-24.525000000935407,9.354046426324203e-10,-9.354046426324203e-10,-3.81408620849101e-11
screenshot_like_simple_start,dop853_strict,DOP853,1e-09,1e-11,3.1689612015018773,0.43816997070003405,-0.26452515640418744,0.4381699707721152,-0.2645251565449541,7.208117436263706e-11,1.4076667609330684e-10,1.4076667609330684e-10,0.16283206005415657,-1.8707463874889652,0.16283205998355788,-1.8707463874215788,7.059869355785509e-11,6.738631874725343e-11,9.75965751775254e-11,7.059869355785509e-11,-24.525000000972167,9.72164571066969e-10,-9.72164571066969e-10,-3.963973786205786e-11,-24.5250000011268,1.1267964339367609e-09,-1.1267964339367609e-09,-4.594480872321145e-11
screenshot_like_simple_start,dop853_strict,DOP853,1e-09,1e-11,3.1739674593241554,0.43671372111164397,-0.2749267474342586,0.4367137211357439,-0.2749267475219157,2.409994426244566e-11,8.765710379776692e-11,8.765710379776692e-11,0.15148746802306878,-1.8685916176414468,0.15148746796054174,-1.8685916176074566,6.252703910192281e-11,3.399014403271394e-11,7.11685359566854e-11,6.252703910192281e-11,-24.525000000438382,4.383799989682302e-10,-4.383799989682302e-10,-1.7874821568531303e-11,-24.5250000011126,1.1125962373625953e-09,-1.1125962373625953e-09,-4.536579968858696e-11
screenshot_like_simple_start,dop853_strict,DOP853,1e-09,1e-11,3.178973717146433,0.43502700013957235,-0.28508543662089936,0.43502700013004636,-0.2850854366705507,9.52599110704e-12,4.965133859613502e-11,4.965133859613502e-11,0.1401954463128941,-1.8664962918414925,0.14019544625660801,-1.866496291831543,5.6286086902446186e-11,9.949374657480803e-12,5.715867068839727e-11,5.6286086902446186e-11,-24.525000000132696,1.326938559031987e-10,-1.326938559031987e-10,-5.4105547768888356e-12,-24.525000001148705,1.1487024664802448e-09,-1.1487024664802448e-09,-4.683802105933719e-11
screenshot_like_simple_start,dop853_strict,DOP853,1e-09,1e-11,3.183979974968711,0.4331122072538083,-0.29500138305088797,0.43311220720198285,-0.29500138304466406,5.182543283410723e-11,6.2239102760486276e-12,5.182543283410723e-11,0.12895649536363996,-1.8644657016040114,0.12895649532255493,-1.8644657016275716,4.1085024271581005e-11,2.3560264850175372e-11,4.736101032713312e-11,4.704009404221665e-11,-24.52500000013024,1.3023893075114756e-10,-1.3023893075114756e-10,-5.310455891993784e-12,-24.525000001778633,1.7786305761546828e-09,-1.7786305761546828e-09,-7.252316314596055e-11
screenshot_like_simple_start,dop853_strict,DOP853,1e-09,1e-11,3.188986232790989,0.4309717349428041,-0.30467464788867854,0.43097173482729995,-0.3046746477994849,1.1550416179062495e-10,8.919365246384814e-11,1.1550416179062495e-10,0.11777105605071858,-1.8625048357596348,0.11777105603086191,-1.8625048358346437,1.9856671862328312e-11,7.500888798972483e-11,7.759265876939174e-11,1.0494249913506337e-10,-24.52500000007051,7.050715566947474e-11,-7.050715566947474e-11,-2.874909507419969e-12,-24.52500000271232,2.7123192580802424e-09,-2.7123192580802424e-09,-1.1059405741407715e-10
screenshot_like_simple_start,dop853_strict,DOP853,1e-09,1e-11,3.1939924906132666,0.4286079637059246,-0.3141051921613249,0.42860796355629677,-0.3141051920290049,1.4962781014205007e-10,1.323199882996562e-10,1.4962781014205007e-10,0.106639518369252,-1.860618392535266,0.10663951835900476,-1.8606183926383344,1.0247247494987732e-11,1.0306844266949611e-10,1.0357658980454385e-10,1.3609324778229848e-10,-24.524999999954773,4.522959784480918e-11,4.522959784480918e-11,1.8442241730809042e-12,-24.525000003075295,3.075292909215932e-09,-3.075292909215932e-09,-1.2539420628811138e-10
screenshot_like_simple_start,dop853_strict,DOP853,1e-09,1e-11,3.1989987484355447,0.42602325770085797,-0.323292875540614,0.42602325760313847,-0.3232928754745961,9.771949915915457e-11,6.601785784710046e-11,9.771949915915457e-11,0.09556222948626808,-1.8588107907900513,0.09556222945988085,-1.8588107908514075,2.6387225737778408e-11,6.135625341130435e-11,6.678978600660937e-11,8.898498604636984e-11,-24.525000000027816,2.7814195391329122e-11,-2.7814195391329122e-11,-1.134116020033807e-12,-24.525000002228403,2.2284005751771474e-09,-2.2284005751771474e-09,-9.086240877378785e-11
screenshot_like_simple_start,dop853_strict,DOP853,1e-09,1e-11,3.2040050062578223,0.4232199609025636,-0.33223745593843823,0.4232199609309055,-0.33223745603240545,2.834193990608469e-11,9.396722289167769e-11,9.396722289167769e-11,0.08453950123373433,-1.8570861804412933,0.08453950117074704,-1.8570861803990049,6.298728205678117e-11,4.228839500797221e-11,7.586636971182156e-11,6.298728205678117e-11,-24.525000000330323,3.303206597138342e-10,-3.303206597138342e-10,-1.346873230229701e-11,-24.525000000452614,4.52612169965505e-10,-4.52612169965505e-10,-1.84551343512948e-11
screenshot_like_simple_start,dop853_strict,DOP853,1e-09,1e-11,3.2090112640801003,0.4202003936656424,-0.34093858977405317,0.4202003937845573,-0.3409385899870527,1.1891493345572712e-10,2.129995069211077e-10,2.129995069211077e-10,0.07357161710425031,-1.8554484521068733,0.07357161701208093,-1.8554484519871417,9.216938323675095e-11,1.1973155800149016e-10,1.510987795705421e-10,1.1973155800149016e-10,-24.525000000439395,4.3939252236668835e-10,-4.3939252236668835e-10,-1.7916106926266596e-11,-24.524999999007825,9.921770072196523e-10,9.921770072196523e-10,4.0455739336173385e-11
screenshot_like_simple_start,dop853_strict,DOP853,1e-09,1e-11,3.214017521902378,0.4169668495535471,-0.34939583274194497,0.41696684962400293,-0.3493958328991119,7.045580785458583e-11,1.5716694612422089e-10,1.5716694612422089e-10,0.06265883881043449,-1.853901246028372,0.06265883872718286,-1.8539012459460351,8.325162781375184e-11,8.233680404146071e-11,1.1709048993578154e-10,8.325162781375184e-11,-24.525000000151802,1.518003500677878e-10,-1.518003500677878e-10,-6.189616720399095e-12,-24.524999999275554,7.244480570989253e-10,7.244480570989253e-10,2.953916644643936e-11
screenshot_like_simple_start,dop853_strict,DOP853,1e-09,1e-11,3.219023779724656,0.41352159244935655,-0.3576086410636658,0.41352159240945574,-0.3576086410739078,3.990080488236458e-11,1.0241973935620763e-11,3.990080488236458e-11,0.05180141245814396,-1.8524479602387545,0.051801412412012304,-1.8524479602512032,4.613165405231712e-11,1.2448708730516955e-11,4.778179417581466e-11,4.613165405231712e-11,-24.525000000106626,1.0662404292816063e-10,-1.0662404292816063e-10,-4.347565460883206e-12,-24.525000000873103,8.731007028472959e-10,-8.731007028472959e-10,-3.56004364055982e-11
screenshot_like_simple_start,dop853_strict,DOP853,1e-09,1e-11,3.224030037546934,0.4098668541029702,-0.36557637335817633,0.40986685403590256,-0.3655763733300491,6.706762922803478e-11,2.8127222773122185e-11,6.706762922803478e-11,0.04099957437102114,-1.8510917578353436,0.040999574335777,-1.8510917578721242,3.524414093902806e-11,3.678057858280681e-11,5.094075413081456e-11,6.151268383547404e-11,-24.525000000107838,1.078355182926316e-10,-1.078355182926316e-10,-4.396963029261227e-12,-24.52500000121594,1.2159375728515442e-09,-1.2159375728515442e-09,-4.95795136738652e-11
screenshot_like_simple_start,dop853_strict,DOP853,1e-09,1e-11,3.2290362953692116,0.4060048316519475,-0.3732982926436036,0.40600483156593414,-0.37329829258836655,8.601336309865815e-11,5.5237037166477876e-11,8.601336309865815e-11,0.03025355662012802,-1.8498355736911853,0.030253556592539865,-1.8498355737452998,2.758815398351544e-11,5.411449066627938e-11,6.074112560933488e-11,7.902101195611522e-11,-24.525000000035963,3.596056785681867e-11,-3.596056785681867e-11,-1.4662820736725246e-12,-24.525000001343127,1.3431247225526022e-09,-1.3431247225526022e-09,-5.476553404903576e-11
screenshot_like_simple_start,dop853_strict,DOP853,1e-09,1e-11,3.2340425531914896,0.401937685383718,-0.3807735687138971,0.4019376852835763,-0.38077356864144907,1.0014167273197927e-10,7.244804756112444e-11,1.0014167273197927e-10,0.01956359228965532,-1.8486821204006443,0.019563592264753626,-1.8486821204667445,2.4901691819678717e-11,6.610023639552765e-11,7.063522851259767e-11,9.216083451946133e-11,-24.52499999986815,1.31851862761323e-10,1.31851862761323e-10,5.3762227425615895e-12,-24.525000001286177,1.2861747222814301e-09,-1.2861747222814301e-09,-5.244341375255576e-11
screenshot_like_simple_start,dop853_strict,DOP853,1e-09,1e-11,3.239048811013767,0.39766753661511045,-0.38800128074504986,0.3976675364919972,-0.388001280643058,1.2311324182334715e-10,1.0199185940251709e-10,1.2311324182334715e-10,0.008929920516444978,-1.847633893549928,0.008929920497349142,-1.8476338936361936,1.9095836023552692e-11,8.626566128100421e-11,8.835392051113161e-11,1.1350631545781198e-10,-24.524999999819595,1.8040680060948944e-10,1.8040680060948944e-10,7.356036722099467e-12,-24.525000001499652,1.4996501818131946e-09,-1.4996501818131946e-09,-6.114781577219957e-11
screenshot_like_simple_start,dop853_strict,DOP853,1e-09,1e-11,3.244055068836045,0.3931964657089201,-0.3949804201355703,0.39319646555649146,-0.3949804199897047,1.5242862527742318e-10,1.458655973785028e-10,1.5242862527742318e-10,-0.0016472086701129762,-1.8466931762975989,-0.0016472086762751026,-1.8466931764121284,6.162126364728238e-12,1.1452949699730652e-10,1.1469515021913927e-10,1.4079665211497172e-10,-24.525000000087594,8.759215575082635e-11,-8.759215575082635e-11,-3.5715455963639692e-12,-24.525000002160112,2.160110312843244e-09,-2.160110312843244e-09,-8.807789247067253e-11
screenshot_like_simple_start,dop853_strict,DOP853,1e-09,1e-11,3.249061326658323,0.3885265101850717,-0.40170989352215336,0.38852651000430066,-0.4017098933294521,1.8077106478386895e-10,1.9270124385073473e-10,1.9270124385073473e-10,-0.012167529680620182,-1.8458620433010136,-0.012167529670557065,-1.8458620434448392,1.006311700635365e-11,1.438256180819053e-10,1.4417723378025273e-10,1.6729789775737913e-10,-24.525000000532454,5.324523044691887e-10,-5.324523044691887e-10,-2.1710593454401167e-11,-24.52500000298845,2.9884468233376538e-09,-2.9884468233376538e-09,-1.2185308148165764e-10
screenshot_like_simple_start,dop853_strict,DOP853,1e-09,1e-11,3.254067584480601,0.3836596628836179,-0.40818852591123655,0.3836596626719816,-0.40818852567381037,2.116363195803217e-10,2.3742618981970054e-10,2.3742618981970054e-10,-0.0226307568463191,-1.8451423640281792,-0.0226307568246501,-1.845142364201644,2.1668999927726418e-11,1.7346479808111326e-10,1.7481299073921595e-10,1.9625057134931012e-10,-24.52500000064404,6.440394884066336e-10,-6.440394884066336e-10,-2.6260529598639492e-11,-24.5250000034673,3.4672993365347793e-09,-3.4672993365347793e-09,-1.413781584723661e-10
screenshot_like_simple_start,dop853_strict,DOP853,1e-09,1e-11,3.259073842302879,0.37859787013683266,-0.41441506386708593,0.3785978699058502,-0.41441506360848873,2.3098245538477613e-10,2.5859719920973134e-10,2.5859719920973134e-10,-0.033036580026334195,-1.8445358054969696,-0.033036580004251914,-1.84453580568647,2.2082280448643132e-11,1.8950041535958917e-10,1.907826892861859e-10,2.1462515098491508e-10,-24.52500000020324,2.0323653870946146e-10,-2.0323653870946146e-10,-8.286912893352148e-12,-24.52500000318261,3.18260617859778e-09,-3.18260617859778e-09,-1.2976987476443547e-10
screenshot_like_simple_start,dop853_strict,DOP853,1e-09,1e-11,3.2640801001251565,0.3733430299966498,-0.42038817879506885,0.373343029821011,-0.42038817859880256,1.7563883680793424e-10,1.9626628100510857e-10,1.9626628100510857e-10,-0.043384660329477576,-1.8440438344127794,-0.04338466031383975,-1.8440438345569392,1.5637824368752717e-11,1.4415979521231748e-10,1.4500547612640452e-10,1.6353962628556928e-10,-24.52499999993391,6.609113256672572e-11,6.609113256672572e-11,2.6948474033323432e-12,-24.52500000209878,2.0987762638924323e-09,-2.0987762638924323e-09,-8.557701381824393e-11
screenshot_like_simple_start,dop853_strict,DOP853,1e-09,1e-11,3.2690863579474345,0.3678969907097489,-0.42610647047315625,0.3678969906244915,-0.4261064703855105,8.525741224119088e-11,8.764572401176451e-11,8.764572401176451e-11,-0.0536746259060365,-1.8436677185761599,-0.05367462590578037,-1.8436677186430495,2.561284517810236e-13,6.688960496603613e-11,6.689009533777163e-11,7.955247571800328e-11,-24.524999999748783,2.51219489655341e-10,2.51219489655341e-10,1.0243404267292192e-11,-24.52500000064768,6.476774672137253e-10,-6.476774672137253e-10,-2.640886716467789e-11
screenshot_like_simple_start,dop853_strict,DOP853,1e-09,1e-11,3.274092615769712,0.36226154901509194,-0.43156847045531865,0.3622615490080068,-0.4315684704668607,7.085165787401593e-12,1.1542045097456821e-11,1.1542045097456821e-11,-0.06390606785672492,-1.84340852787476,-0.06390606787383402,-1.8434085278724432,1.7109091920985975e-11,2.3168134077877767e-12,1.7265244010069848e-11,1.7109091920985975e-11,-24.524999999774273,2.2572876900994743e-10,2.2572876900994743e-10,9.204027278693065e-12,-24.524999999574526,4.254765428868268e-10,4.254765428868268e-10,1.7348686763988858e-11
screenshot_like_simple_start,dop853_strict,DOP853,1e-09,1e-11,3.27909887359199,0.3564384486447588,-0.4367726456834375,0.35643844861585805,-0.43677264566264007,2.8900770665529762e-11,2.079741934224444e-11,2.8900770665529762e-11,-0.07407853621142402,-1.8432671345892788,-0.07407853621966326,-1.8432671346081613,8.239242621499443e-12,1.8882451158219737e-11,2.0601749457715646e-11,2.708422375263808e-11,-24.524999999423507,5.764952959452785e-10,5.764952959452785e-10,2.350643408543439e-11,-24.524999999538977,4.610249959569046e-10,4.610249959569046e-10,1.8798164972758596e-11
screenshot_like_simple_start,dop853_strict,DOP853,1e-09,1e-11,3.2841051314142677,0.35042937876199726,-0.4417174019678233,0.3504293785934993,-0.44171740175599505,1.6849793782469646e-10,2.1182822163012816e-10,2.1182822163012816e-10,-0.08419153591521467,-1.8432442132572766,-0.08419153588197548,-1.8432442134056772,3.3239189178857487e-11,1.4840062512178065e-10,1.520775763674683e-10,1.5825751820131018e-10,-24.52499999845817,1.541831551321593e-09,1.541831551321593e-09,6.286774928936158e-11,-24.52500000051958,5.195772700972157e-10,-5.195772700972157e-10,-2.11856175370934e-11
screenshot_like_simple_start,dop853_strict,DOP853,1e-09,1e-11,3.289111389236546,0.34423597250843935,-0.44640108758877206,0.34423597221769336,-0.4464010872031163,2.9074598284495323e-10,3.856557850845377e-10,3.856557850845377e-10,-0.0942445228924017,-1.8433402399363017,-0.09424452281822654,-1.8433402402009182,7.417516600938256e-11,2.646165508934928e-10,2.7481607350969834e-10,2.7368890487267095e-10,-24.524999997367704,2.63229793517894e-09,2.63229793517894e-09,1.0733121040484973e-10,-24.525000001170042,1.1700400648351206e-09,-1.1700400648351206e-09,-4.7708055650769436e-11
screenshot_like_simple_start,dop853_strict,DOP853,1e-09,1e-11,3.294117647058824,0.3378598056683521,-0.4508219970139572,0.33785980534462673,-0.4508219965801543,3.2372537983604843e-10,4.338028825046081e-10,4.338028825046081e-10,-0.10423690017601178,-1.843555490872975,-0.10423690009097442,-1.8435554911692904,8.503736603771017e-11,2.9631541664798533e-10,3.0827614206406023e-10,3.0542396389776627e-10,-24.524999997105933,2.8940689844603185e-09,2.8940689844603185e-09,1.18004851558015e-10,-24.525000001331087,1.3310845758951473e-09,-1.3310845758951473e-09,-5.427460044424657e-11
screenshot_like_simple_start,dop853_strict,DOP853,1e-09,1e-11,3.2991239048811014,0.3313023954489102,-0.45497837471518277,0.33130239519664983,-0.4549783743996001,2.5226037925207834e-10,3.1558267110654015e-10,3.1558267110654015e-10,-0.11416801408964067,-1.8438900405940548,-0.11416801404470445,-1.8438900408147894,4.493622141055198e-11,2.2073454175597362e-10,2.2526207385815709e-10,2.3854235253750744e-10,-24.52499999844722,1.5527810148796561e-09,1.5527810148796561e-09,6.331421059652012e-11,-24.525000001311962,1.3119603181621642e-09,-1.3119603181621642e-09,-5.349481419621464e-11
screenshot_like_simple_start,dop853_strict,DOP853,1e-09,1e-11,3.3041301627033794,0.32456519937550016,-0.45886841906801207,0.3245651992824531,-0.45886841900889513,9.304707004886836e-11,5.911693357063541e-11,9.304707004886836e-11,-0.12403715046994918,-1.844343759436924,-0.12403715050513675,-1.8443437594927814,3.5187575075923405e-11,5.585731877033595e-11,6.601670621846164e-11,8.818906716001607e-11,-24.525000001298817,1.2988152775506023e-09,-1.2988152775506023e-09,-5.295882885017746e-11,-24.525000001354226,1.354223400085175e-09,-1.354223400085175e-09,-5.521807951417634e-11
screenshot_like_simple_start,dop853_strict,DOP853,1e-09,1e-11,3.309136420525657,0.3176496143010641,-0.46249028631778244,0.3176496143638935,-0.4624902865080519,6.282940834267947e-11,1.9026946684874702e-10,1.9026946684874702e-10,-0.13384353091954643,-1.8449163105382635,-0.13384353103014085,-1.8449163104337458,1.1059442250882512e-10,1.0451772780584179e-10,1.5216793918482486e-10,1.1059442250882512e-10,-24.525000004356343,4.356341065658853e-09,-4.356341065658853e-09,-1.7762858575571264e-10,-24.52500000172871,1.7287078435401781e-09,-1.7287078435401781e-09,-7.048757771825394e-11
screenshot_like_simple_start,dop853_strict,DOP853,1e-09,1e-11,3.314142678347935,0.31055697552847217,-0.4658420945955332,0.31055697562282186,-0.4658420948348413,9.434969472366106e-11,2.393080733575914e-10,2.393080733575914e-10,-0.14358630908144654,-1.8456071463008707,-0.14358630920541843,-1.845607146164547,1.2397188831059225e-10,1.3632384110451312e-10,1.8426399199187698e-10,1.3632384110451312e-10,-24.52500000550816,5.508159262035406e-09,-5.508159262035406e-09,-2.2459364982815108e-10,-24.52500000234225,2.3422472850143095e-09,-2.3422472850143095e-09,-9.550447645318285e-11
screenshot_like_simple_start,dop853_strict,DOP853,1e-09,1e-11,3.3191489361702127,0.3032885560449446,-0.468921927967352,0.30328855597944293,-0.4689219279488693,6.550165965180099e-11,1.848271535820345e-11,6.550165965180099e-11,-0.15326456692761165,-1.846415504359685,-0.15326456697363616,-1.8464155043876005,4.602451753044079e-11,2.7915447731174936e-11,5.382869528366642e-11,6.251216211339283e-11,-24.525000003376633,3.3766305307381117e-09,-3.3766305307381117e-09,-1.3768116333284858e-10,-24.5250000028257,2.825697009711803e-09,-2.825697009711803e-09,-1.152170034541e-10
screenshot_like_simple_start,dop853_strict,DOP853,1e-09,1e-11,3.3241551939924907,0.29584556586750715,-0.47172784050066613,0.29584556561032277,-0.4717278401730308,2.571843848997446e-10,3.276353077730221e-10,3.276353077730221e-10,-0.16287731105548325,-1.8473404030690999,-0.1628773110096421,-1.847340403292968,4.5841164197923945e-11,2.2386803522067567e-10,2.2851325897765035e-10,2.460112669133707e-10,-24.525000000324756,3.247535573791538e-10,-3.247535573791538e-10,-1.3241735265205046e-11,-24.525000002821304,2.8213023028911266e-09,-2.8213023028911266e-09,-1.1503781051543838e-10
screenshot_like_simple_start,dop853_strict,DOP853,1e-09,1e-11,3.3291614518147687,0.2882291519444726,-0.4742578610409011,0.2882291517141962,-0.47425786075080845,2.3027635354111453e-10,2.9009267210611256e-10,2.9009267210611256e-10,-0.1724234691916116,-1.8483806360835768,-0.1724234691543131,-1.848380636281513,3.7298497623794447e-11,1.9793611194529603e-10,2.014196672050993e-10,2.2077717432011923e-10,-24.525000000223713,2.2371082764038874e-10,-2.2371082764038874e-10,-9.12174628503114e-12,-24.52500000224439,2.2443877867317497e-09,-2.2443877867317497e-09,-9.151428284329253e-11
screenshot_like_simple_start,dop853_strict,DOP853,1e-09,1e-11,3.3341677096370463,0.28044039875099686,-0.47650999888976897,0.28044039857369274,-0.4765099986778983,1.7730411583372074e-10,2.1187068766082007e-10,2.1187068766082007e-10,-0.18190188693778986,-1.8495347659350148,-0.18190188691989884,-1.84953476608127,1.7891021997229473e-11,1.46255230148995e-10,1.4734544789046197e-10,1.7037748989423562e-10,-24.525000000229596,2.2959412149248237e-10,-2.2959412149248237e-10,-9.361635942608863e-12,-24.525000001370522,1.3705196977298328e-09,-1.3705196977298328e-09,-5.5882556482358116e-11
screenshot_like_simple_start,dop853_strict,DOP853,1e-09,1e-11,3.3391739674593244,0.27248032810367123,-0.4784822480298871,0.2724803279611201,-0.47848224786663796,1.4255113756078686e-10,1.632491364311761e-10,1.632491364311761e-10,-0.19131132408794266,-1.8508011181305961,-0.19131132408031915,-1.8508011182441249,7.623512932042331e-12,1.1352874196290941e-10,1.1378441545794346e-10,1.3729190007083503e-10,-24.525000000110005,1.1000267363669991e-10,-1.1000267363669991e-10,-4.485328180905195e-12,-24.52500000069043,6.904272709107317e-10,-6.904272709107317e-10,-2.81519784265334e-11
screenshot_like_simple_start,dop853_strict,DOP853,1e-09,1e-11,3.344180225281602,0.264349900090618,-0.48017259288764147,0.2643498999364464,-0.4801725927017113,1.5417156440378221e-10,1.859301601569996e-10,1.859301601569996e-10,-0.20065045137695053,-1.8521777738896477,-0.20065045136086224,-1.852177774015817,1.6088297360994375e-11,1.261692972320816e-10,1.2719089934430502e-10,1.4881601506644415e-10,-24.5249999998678,1.3220358141552424e-10,1.3220358141552424e-10,5.390563972090692e-12,-24.525000000578167,5.781650713743147e-10,-5.781650713743147e-10,-2.3574518710471548e-11
screenshot_like_simple_start,dop853_strict,DOP853,1e-09,1e-11,3.34918648310388,0.2560500142727058,-0.48157901428151423,0.2560500140855979,-0.48157901404561043,1.8710788474152196e-10,2.359037964971833e-10,2.359037964971833e-10,-0.20991784727122537,-1.8536625624224805,-0.20991784724315993,-1.8536625625791334,2.8065438861801795e-11,1.5665291286381944e-10,1.5914711422839229e-10,1.8100776433271903e-10,-24.52499999987715,1.2285283901292132e-10,1.2285283901292132e-10,5.0092900718826224e-12,-24.525000000928028,9.280256563215517e-10,-9.280256563215517e-10,-3.783998598660761e-11
screenshot_like_simple_start,dop853_strict,DOP853,1e-09,1e-11,3.3541927409261576,0.24758151141830168,-0.48269949595633155,0.24758151124085834,-0.48269949574338533,1.7744333780100874e-10,2.129462162159257e-10,2.129462162159257e-10,-0.21911199491794436,-1.855253052541415,-0.21911199490136102,-1.855253052683743,1.6583345807674732e-11,1.4232792722168597e-10,1.4329077508827448e-10,1.7203272140164927e-10,-24.52500000037763,3.7762859506074165e-10,-3.7762859506074165e-10,-1.5397700104413522e-11,-24.52500000108502,1.085016521074067e-09,-1.085016521074067e-09,-4.424124448823922e-11
screenshot_like_simple_start,dop853_strict,DOP853,1e-09,1e-11,3.3591989987484356,0.23894517581057895,-0.4835320317366222,0.23894517566473922,-0.4835320315836114,1.4583972918202903e-10,1.5301077072038538e-10,1.5301077072038538e-10,-0.22823127925833547,-1.8569465436362869,-0.22823127926456224,-1.8569465437419401,6.226769100337037e-12,1.056532639154284e-10,1.0583659494433896e-10,1.4169618256509864e-10,-24.525000000993845,9.938432299350097e-10,-9.938432299350097e-10,-4.0523679100306206e-11,-24.52500000105138,1.0513794279631838e-09,-1.0513794279631838e-09,-4.2869701446001374e-11
screenshot_like_simple_start,dop853_strict,DOP853,1e-09,1e-11,3.3642052565707137,0.23014173816346292,-0.48407463332749207,0.23014173801389773,-0.4840746331666732,1.495651935634612e-10,1.6081885823027164e-10,1.6081885823027164e-10,-0.23727398431231547,-1.8587400560597955,-0.23727398431559554,-1.858740056168757,3.280070659528178e-12,1.0896150648420644e-10,1.0901086532469714e-10,1.456217646467195e-10,-24.525000000924315,9.243130705272051e-10,-9.243130705272051e-10,-3.768860634157819e-11,-24.525000001012543,1.0125411620265368e-09,-1.0125411620265368e-09,-4.1286082039818007e-11
screenshot_like_simple_start,dop853_strict,DOP853,1e-09,1e-11,3.3692115143929913,0.22117187918225667,-0.4843253387914269,0.2211718789745373,-0.4843253385321131,2.077193694827173e-10,2.5931379266097565e-10,2.5931379266097565e-10,-0.24623829064553537,-1.8606303209787498,-0.246238290618705,-1.8606303211450572,2.683037125805754e-11,1.663074122859598e-10,1.684577816638264e-10,2.0265955580356376e-10,-24.525000000291207,2.9120528211024066e-10,-2.9120528211024066e-10,-1.187381374557556e-11,-24.525000001088348,1.088345413791103e-09,-1.088345413791103e-09,-4.4376979155600525e-11
screenshot_like_simple_start,dop853_strict,DOP853,1e-09,1e-11,3.3742177722152693,0.21203623401057556,-0.48428222209008825,0.2120362337647026,-0.48428222177648733,2.4587296088007804e-10,3.1360092300758424e-10,3.1360092300758424e-10,-0.2551222731521368,-1.8626137695475422,-0.2551222731149636,-1.8626137697452905,3.71732089554655e-11,1.9774826220952946e-10,2.0121188501412017e-10,2.403664767225422e-10,-24.525000000227102,2.2710011648996442e-10,-2.2710011648996442e-10,-9.259943587766133e-12,-24.52500000126,1.259998327896028e-09,-1.259998327896028e-09,-5.13760786094201e-11
screenshot_like_simple_start,dop853_strict,DOP853,1e-09,1e-11,3.379224030037547,0.20273539780792546,-0.483943404077856,0.2027353975362126,-0.483943403727458,2.7171284666671625e-10,3.5039804391345797e-10,3.5039804391345797e-10,-0.26392389928351156,-1.864686521288684,-0.26392389923949877,-1.864686521506424,4.4012793409820006e-11,2.1774004821395465e-10,2.221437700678342e-10,2.6614802028923634e-10,-24.525000000236204,2.362021689350513e-10,-2.362021689350513e-10,-9.631077224670797e-12,-24.525000001422136,1.4221335220554465e-09,-1.4221335220554465e-09,-5.798709570052789e-11
screenshot_like_simple_start,dop853_strict,DOP853,1e-09,1e-11,3.384230287859825,0.19326993208713292,-0.4833070642263945,0.19326993179661217,-0.4833070638368889,2.905207463488324e-10,3.895056499558791e-10,3.895056499558791e-10,-0.27264102748053853,-1.8668443722317258,-0.27264102742075735,-1.866844372468533,5.978118000626864e-11,2.36807240483472e-10,2.44236480953069e-10,2.851116565061318e-10,-24.525000000086173,8.617107027930615e-11,-8.617107027930615e-11,-3.51360123463022e-12,-24.52500000147589,1.475889632729377e-09,-1.475889632729377e-09,-6.017898604401128e-11
screenshot_like_simple_start,dop853_strict,DOP853,1e-09,1e-11,3.3892365456821025,0.1836403723036243,-0.48237145392396835,0.1836403720040135,-0.4823714534981061,2.996107806296777e-10,4.2586223436558157e-10,4.2586223436558157e-10,-0.28127140611620616,-1.8690827824639316,-0.281271406033509,-1.8690827827161929,8.269718243525404e-11,2.5226132294164927e-10,2.6547052385340403e-10,2.945729771219874e-10,-24.524999999815265,1.8473755858394725e-10,1.8473755858394725e-10,7.532622164483067e-12,-24.525000001370607,1.370604962858124e-09,-1.370604962858124e-09,-5.5886033144062135e-11
screenshot_like_simple_start,dop853_strict,DOP853,1e-09,1e-11,3.3942428035043806,0.1738472367576778,-0.4811349113901189,0.17384723648764963,-0.4811349109924829,2.700281664935744e-10,3.976359796986628e-10,3.976359796986628e-10,-0.28981267297066315,-1.8713968632488787,-0.2898126728841286,-1.8713968634796063,8.653455729756843e-11,2.3072765920062466e-10,2.464213511992939e-10,2.659579223518449e-10,-24.52499999995603,4.39719372025138e-11,4.39719372025138e-11,1.792943412946536e-12,-24.52500000113683,1.1368292973656935e-09,-1.1368292973656935e-09,-4.635389591705172e-11
screenshot_like_simple_start,dop853_strict,DOP853,1e-09,1e-11,3.3992490613266586,0.16389103704074068,-0.47959587854441055,0.1638910368470123,-0.4795958782705106,1.937283666819667e-10,2.738999582696522e-10,2.738999582696522e-10,-0.2982623553667808,-1.8737813637294138,-0.2982623553149143,-1.8737813638874052,5.186651108601836e-11,1.5799139774230753e-10,1.6628715143631538e-10,1.9113238769463692e-10,-24.525000000883395,8.83392914374781e-10,-8.83392914374781e-10,-3.602009844545488e-11,-24.525000000950943,9.509406595498149e-10,-9.509406595498149e-10,-3.877433881956432e-11
screenshot_like_simple_start,dop853_strict,DOP853,1e-09,1e-11,3.404255319148936,0.15377229010806343,-0.47775291991467467,0.15377228998240147,-0.4777529197725152,1.256619530654035e-10,1.421594508776991e-10,1.421594508776991e-10,-0.306617871026033,-1.8762306574147487,-0.3066178710239703,-1.8762306574993586,2.0626833574510783e-12,8.460987466207825e-11,8.463501375297163e-11,1.2417919470486538e-10,-24.52500000197016,1.9701573705788178e-09,-1.9701573705788178e-09,-8.033261449862661e-11,-24.525000001088742,1.08873976500945e-09,-1.08873976500945e-09,-4.4393058715981646e-11
screenshot_like_simple_start,dop853_strict,DOP853,1e-09,1e-11,3.4092615769712142,0.14349153205961268,-0.4756047436696231,0.14349153191959851,-0.4756047435125273,1.400141669272159e-10,1.570957808283424e-10,1.570957808283424e-10,-0.3148765297159699,-1.8787387286849797,-0.31487652971488445,-1.8787387287769322,1.0854650511760155e-12,9.195244565773919e-11,9.195885219388508e-11,1.3857520686499925e-10,-24.525000001645303,1.6453007845029788e-09,-1.6453007845029788e-09,-6.708667826719586e-11,-24.52500000099767,9.976695025670779e-10,-9.976695025670779e-10,-4.0679694294274324e-11
screenshot_like_simple_start,dop853_strict,DOP853,1e-09,1e-11,3.414267834793492,0.13304933371122538,-0.47315022486070574,0.13304933353865017,-0.4731502246419256,1.7257520412705674e-10,2.1878016065457473e-10,2.1878016065457473e-10,-0.32303553577284333,-1.8812991595810509,-0.323035535749149,-1.8812991597036408,2.369432428039886e-11,1.2258993820069009e-10,1.2485877602777353e-10,1.710500074914023e-10,-24.5250000002013,2.0129675704083638e-10,-2.0129675704083638e-10,-8.20781883958558e-12,-24.52499999971703,2.829736445164599e-10,2.829736445164599e-10,1.1538171030232819e-11
screenshot_like_simple_start,dop853_strict,DOP853,1e-09,1e-11,3.41927409261577,0.12244631851658595,-0.47038843175890077,0.12244631834248157,-0.4703884315334915,1.74104383687812e-10,2.254092468234603e-10,2.254092468234603e-10,-0.3310919918344968,-1.883905116762989,-0.33109199180636956,-1.883905116886417,2.8127222773122185e-11,1.2342793453967715e-10,1.2659224180675398e-10,1.7280082920123618e-10,-24.525000000471106,4.711040446636616e-10,-4.711040446636616e-10,-1.9209135358355213e-11,-24.52500000005502,5.501732402990456e-11,-5.501732402990456e-11,-2.243315964522102e-12
screenshot_like_simple_start,dop853_strict,DOP853,1e-09,1e-11,3.4242803504380475,0.11168318330234513,-0.46731865597469435,0.11168318319750692,-0.4673186558610125,1.0483820755968765e-10,1.1368184171800522e-10,1.1368184171800522e-10,-0.3390429040571861,-1.8865493387151668,-0.33904290405987836,-1.8865493387780643,2.6922353235647734e-12,6.289746501408899e-11,6.295505727291494e-11,1.0418504947651286e-10,-24.525000000429156,4.291536015443853e-10,-4.291536015443853e-10,-1.7498617799974934e-11,-24.5249999980917,1.9083010727172223e-09,1.9083010727172223e-09,7.781044129326084e-11
screenshot_like_simple_start,dop853_strict,DOP853,1e-09,1e-11,3.4292866082603255,0.1007607207246754,-0.46394044452170075,0.10076072081801361,-0.46394044472357515,9.33382121592885e-11,2.0187440608054885e-10,2.0187440608054885e-10,-0.3468851883968298,-1.8892241246596813,-0.3468851884845005,-1.8892241245599588,8.767070402981858e-11,9.972245251788081e-11,1.3278072104513154e-10,9.972245251788081e-11,-24.525000001265724,1.2657217496325757e-09,-1.2657217496325757e-09,-5.160944952630277e-11,-24.524999993016632,6.983370326452132e-09,6.983370326452132e-09,2.847449674394345e-10
screenshot_like_simple_start,dop853_strict,DOP853,1e-09,1e-11,3.4342928660826035,0.08967984497669498,-0.4602536362534006,0.08967984524927197,-0.46025363673205044,2.7257698875793324e-10,4.786498419839802e-10,4.786498419839802e-10,-0.35461567875474675,-1.8919213244083624,-0.35461567891210655,-1.891921324171346,1.5735979186359828e-10,2.370164065013114e-10,2.8449759409553863e-10,2.7148162884405025e-10,-24.52500000230205,2.3020483297386818e-09,-2.3020483297386818e-09,-9.386537532063941e-11,-24.524999988986707,1.1013295164730152e-08,1.1013295164730152e-08,4.4906402302671364e-10
screenshot_like_simple_start,dop853_strict,DOP853,1e-09,1e-11,3.439299123904881,0.07844162031582377,-0.45625840194680445,0.07844162051586254,-0.45625840229338627,2.0003876333163362e-10,3.465818187997627e-10,3.465818187997627e-10,-0.3622311369419089,-1.8946323301593015,-0.3622311370536142,-1.894632329990925,1.1170531166726505e-10,1.6837664595925617e-10,2.0206130643735212e-10,1.9942364426484005e-10,-24.52500000229097,2.290967415774503e-09,-2.290967415774503e-09,-9.341355416002051e-11,-24.524999990630718,9.369284015292578e-09,9.369284015292578e-09,3.820299292677911e-10
screenshot_like_simple_start,dop853_strict,DOP853,1e-09,1e-11,3.444305381727159,0.06704729258899163,-0.4519552882918737,0.06704729238482045,-0.4519552879723706,2.0417117996274214e-10,3.195030906510965e-10,3.195030906510965e-10,-0.3697282647078092,-1.8973480707610029,-0.36972826462409825,-1.8973480709142168,8.371092707903927e-11,1.5321388602274055e-10,1.745909911267519e-10,2.0371244968675484e-10,-24.525000001824186,1.8241834709442628e-09,-1.8241834709442628e-09,-7.438056966133589e-11,-24.524999998216355,1.783647007869149e-09,1.783647007869149e-09,7.27277067428807e-11
screenshot_like_simple_start,dop853_strict,DOP853,1e-09,1e-11,3.4493116395494368,0.05549832389964465,-0.447345265958417,0.055498323193198,-0.447345264810534,7.064466511774725e-10,1.147883010865769e-09,1.147883010865769e-09,-0.37710371805469534,-1.9000590090719172,-0.3771037177251246,-1.9000590096076475,3.295707595718511e-10,5.357303489716969e-10,6.289864007862992e-10,7.053589795580351e-10,-24.525000001880734,1.8807320145697304e-09,-1.8807320145697304e-09,-7.668632067562611e-11,-24.52500000655926,6.5592580256179644e-09,-6.5592580256179644e-09,-2.6745190726271007e-10
screenshot_like_simple_start,dop853_strict,DOP853,1e-09,1e-11,3.454317897371715,0.0437964305604589,-0.4424297819121647,0.043796429689610936,-0.4424297804818438,8.708479631858168e-10,1.430320917261696e-09,1.430320917261696e-09,-0.3843541240757394,-1.9027551431029417,-0.3843541236531512,-1.9027551437534422,4.22588186665962e-10,6.505005423207422e-10,7.757136914282264e-10,8.700128950600572e-10,-24.525000000841676,8.416733976446267e-10,-8.416733976446267e-10,-3.4318996845856334e-11,-24.52500000904531,9.045308502209082e-09,-9.045308502209082e-09,-3.688199185406353e-10
screenshot_like_simple_start,dop853_strict,DOP853,1e-09,1e-11,3.4593241551939924,0.03194362442696699,-0.4372108160916154,0.03194362383938984,-0.43721081516486654,5.875771535990282e-10,9.267488443320815e-10,9.267488443320815e-10,-0.3914761005666253,-1.9054260117161381,-0.3914761003143274,-1.905426012127303,2.5229790479031067e-10,4.111648799209888e-10,4.824010688649247e-10,5.872774003212733e-10,-24.5249999999628,3.7200464930720045e-11,3.7200464930720045e-11,1.5168385292852209e-12,-24.525000004707618,4.7076156306502526e-09,-4.7076156306502526e-09,-1.919517076717738e-10
screenshot_like_simple_start,dop853_strict,DOP853,1e-09,1e-11,3.4643304130162704,0.01994225694675171,-0.4316909416040428,0.019942256574964914,-0.4316909410694334,3.717867957941934e-10,5.346094122948841e-10,5.346094122948841e-10,-0.39846627856876377,-1.908060706116244,-0.3984662784549125,-1.9080607063473423,1.1385126175156302e-10,2.3109825164624453e-10,2.576208681694359e-10,3.717128722879881e-10,-24.524999999958762,4.1239900383516215e-11,4.1239900383516215e-11,1.681545377513403e-12,-24.525000001978185,1.978182950779228e-09,-1.978182950779228e-09,-8.065985528151795e-11
screenshot_like_simple_start,dop853_strict,DOP853,1e-09,1e-11,3.4693366708385485,0.007795066181127946,-0.4258733886294434,0.00779506583137516,-0.42587338812485226,3.497527857609928e-10,5.045911466439179e-10,5.045911466439179e-10,-0.4053213280125267,-1.9106478878691568,-0.4053213279027486,-1.9106478880803381,1.0977807551881824e-10,2.1118129467367908e-10,2.380100104715485e-10,3.497421605797024e-10,-24.525000000277114,2.7711166694643907e-10,-2.7711166694643907e-10,-1.1299150538081103e-11,-24.525000001969293,1.9692905084411905e-09,-1.9692905084411905e-09,-8.029726843796902e-11
screenshot_like_simple_start,dop853_strict,DOP853,1e-09,1e-11,3.474342928660826,-0.004494773504540292,-0.4197621116467294,-0.004494773837448469,-0.41976211116558204,3.3290817672004813e-10,4.811473441890257e-10,4.811473441890257e-10,-0.41203798666937175,-1.9131758144604307,-0.4120379865628996,-1.9131758146550228,1.0647216441839191e-10,1.9459212019512506e-10,2.2181617397739751e-10,3.3290481395858995e-10,-24.525000000391326,3.913243062925176e-10,-3.913243062925176e-10,-1.595613889062253e-11,-24.525000001916702,1.9166996878539067e-09,-1.9166996878539067e-09,-7.81528924711073e-11
screenshot_like_simple_start,dop853_strict,DOP853,1e-09,1e-11,3.479349186483104,-0.0169236000488769,-0.413361858614217,-0.01692360040404215,-0.4133618581029519,3.5516525137557764e-10,5.112650858229983e-10,5.112650858229983e-10,-0.41861309237463434,-1.9156323737487466,-0.41861309226154464,-1.9156323739481067,1.1308970426782139e-10,1.9936008399668026e-10,2.292023653947461e-10,3.55114389283262e-10,-24.524999999765555,2.3444712837772386e-10,2.3444712837772386e-10,9.559515937929616e-12,-24.52500000170752,1.707519459159812e-09,-1.707519459159812e-09,-6.962362728480375e-11
screenshot_like_simple_start,dop853_strict,DOP853,1e-09,1e-11,3.4843554443053817,-0.029487211336776536,-0.40667824102369576,-0.029487211713032285,-0.40667824047990747,3.762557487796414e-10,5.437882921732751e-10,5.437882921732751e-10,-0.4250436184748586,-1.9180051283898412,-0.425043618351514,-1.9180051285938493,1.2334461230167904e-10,2.0400814371157594e-10,2.3839718136860287e-10,3.760921851725385e-10,-24.524999999590737,4.092655103704601e-10,4.092655103704601e-10,1.6687686457511113e-11,-24.52500000187254,1.8725394568264164e-09,-1.8725394568264164e-09,-7.635227143023105e-11
screenshot_like_simple_start,dop853_strict,DOP853,1e-09,1e-11,3.4893617021276597,-0.04218081224798418,-0.3997178043069951,-0.042180812637312576,-0.3997178037333984,3.893283959111038e-10,5.735967256725871e-10,5.735967256725871e-10,-0.4313267125577821,-1.9202813709386857,-0.43132671241838366,-1.9202813711454882,1.393984372377588e-10,2.0680257506455746e-10,2.4939773326488214e-10,3.889820965330415e-10,-24.524999999920055,7.994671591404767e-11,7.994671591404767e-11,3.259804930236398e-12,-24.525000002812188,2.8121860395913245e-09,-2.8121860395913245e-09,-1.1466609743491638e-10
screenshot_like_simple_start,dop853_strict,DOP853,1e-09,1e-11,3.4943679599499373,-0.05499896296006508,-0.3924880959549045,-0.054998963396857226,-0.3924880953059833,4.367921441206235e-10,6.489212500682129e-10,6.489212500682129e-10,-0.4374597379938267,-1.9224481909415774,-0.43745973783038095,-1.9224481911657714,1.6344575692883723e-10,2.241939967007056e-10,2.7744812779090173e-10,4.361316863210618e-10,-24.524999999902505,9.749712148732215e-11,9.749712148732215e-11,3.975417797648201e-12,-24.525000003342985,3.342982779486192e-09,-3.342982779486192e-09,-1.3630918570789774e-10
screenshot_like_simple_start,dop853_strict,DOP853,1e-09,1e-11,3.4993742177722154,-0.067935530349754,-0.38499772873221755,-0.06793553073302645,-0.38499772816998573,3.8327245543978705e-10,5.622318166587092e-10,5.622318166587092e-10,-0.4434403177255543,-1.9244925549046001,-0.4434403175868666,-1.9244925550897323,1.38687727968545e-10,1.8513213184689903e-10,2.3131837828251942e-10,3.823883570897024e-10,-24.524999999836687,1.6331469510078023e-10,1.6331469510078023e-10,6.6591109113467975e-12,-24.52500000186752,1.8675194723982713e-09,-1.8675194723982713e-09,-7.614758297240657e-11
screenshot_like_simple_start,dop853_strict,DOP853,1e-09,1e-11,3.5043804755944934,-0.08098364309265291,-0.3772564381662623,-0.08098364348126294,-0.3772564375938805,3.88610033041914e-10,5.723818086167398e-10,5.723818086167398e-10,-0.4492663800394293,-1.9264013990038524,-0.44926637989463447,-1.926401399183265,1.4479484278240307e-10,1.7941248486863515e-10,2.305523502875628e-10,3.8733641294363963e-10,-24.52499999989894,1.0106049330715905e-10,1.0106049330715905e-10,4.120713284695578e-12,-24.525000002144573,2.1445707432121708e-09,-2.1445707432121708e-09,-8.744427087511399e-11
screenshot_like_simple_start,dop853_strict,DOP853,1e-09,1e-11,3.509386733416771,-0.09413565342096546,-0.369275130105711,-0.094135653852177,-0.3692751294710976,4.312115386984061e-10,6.346134173718099e-10,6.346134173718099e-10,-0.4549362051571756,-1.928161735134814,-0.4549362049946443,-1.9281617353233385,1.6253126622345349e-10,1.8852452932094366e-10,2.4891346017417873e-10,4.2930235755189727e-10,-24.524999998932678,1.0673240069536405e-09,1.0673240069536405e-09,4.351983718465404e-11,-24.52500000216509,2.1650876647072437e-09,-2.1650876647072437e-09,-8.8280842597645e-11
screenshot_like_simple_start,dop853_strict,DOP853,1e-09,1e-11,3.514392991239049,-0.10738310749536799,-0.3610659156132716,-0.10738310803390876,-0.36106591481831407,5.38540767536233e-10,7.949575442367518e-10,7.949575442367518e-10,-0.4604484716558145,-1.9297607697467871,-0.4604484714475539,-1.9297607699699038,2.0826057545164645e-10,2.2311663627760936e-10,3.0521058414033734e-10,5.354387627720669e-10,-24.524999997764954,2.235047702470183e-09,2.235047702470183e-09,9.113344352579748e-11,-24.525000003592023,3.5920209029427497e-09,-3.5920209029427497e-09,-1.464636453799286e-10
screenshot_like_simple_start,dop853_strict,DOP853,1e-09,1e-11,3.5193992490613266,-0.12071672623250308,-0.3526421306175219,-0.12071672677392739,-0.3526421298138305,5.414243081647285e-10,8.03691446726873e-10,8.03691446726873e-10,-0.4658023015878447,-1.931186034276391,-0.4658023013710938,-1.9311860344887681,2.1675089501016487e-10,2.123772269158053e-10,3.034551647280945e-10,5.374841405281217e-10,-24.525000000063105,6.31033003628545e-11,-6.31033003628545e-11,-2.573019382787135e-12,-24.52500000469037,4.690367205739676e-09,-4.690367205739676e-09,-1.9124840798123042e-10
screenshot_like_simple_start,dop853_strict,DOP853,1e-09,1e-11,3.5244055068836047,-0.13412639898730203,-0.34401833696408124,-0.134126399388311,-0.34401833637671664,4.0100897602535213e-10,5.873646014009637e-10,5.873646014009637e-10,-0.4709973028094524,-1.9324255255948795,-0.4709973026539106,-1.9324255257393568,1.5554180166077458e-10,1.4447731899736027e-10,2.1228977311341387e-10,3.9740732926674127e-10,-24.525000000036343,3.6340708220450324e-11,-3.6340708220450324e-11,-1.4817821904363026e-12,-24.52500000396972,3.9697169995633885e-09,-3.9697169995633885e-09,-1.618640978415245e-10
screenshot_like_simple_start,dop853_strict,DOP853,1e-09,1e-11,3.5294117647058822,-0.14760119281500886,-0.33521030106637667,-0.1476011930487683,-0.33521030073806196,2.337594284806954e-10,3.2831470875294144e-10,3.2831470875294144e-10,-0.47603360672584183,-1.933467854270843,-0.4760336066470184,-1.9334678543444699,7.882344776888317e-11,7.362688236867143e-11,1.0786127073933457e-10,2.3121768388811859e-10,-24.52499999988483,1.1517187203935464e-10,1.1517187203935464e-10,4.696100796711708e-12,-24.52500000322005,3.2200482280586584e-09,-3.2200482280586584e-09,-1.3129656383521542e-10
screenshot_like_simple_start,dop853_strict,DOP853,1e-09,1e-11,3.5344180225281603,-0.1611293779893477,-0.3262349492596706,-0.161129378340601,-0.3262349487491477,3.5125330422047796e-10,5.105229017310364e-10,5.105229017310364e-10,-0.48091190017051666,-1.9343023970720683,-0.48091190003362433,-1.9343023971793274,1.3689233080427243e-10,1.0725909049824622e-10,1.7390808701017136e-10,3.4670341597653476e-10,-24.524999999837938,1.6206413988584245e-10,1.6206413988584245e-10,6.608119873021099e-12,-24.52500000238294,2.3829365147776116e-09,-2.3829365147776116e-09,-9.716356839052442e-11
screenshot_like_simple_start,dop853_strict,DOP853,1e-09,1e-11,3.5394242803504383,-0.17469847192052945,-0.31711029690263964,-0.17469847224692744,-0.31711029641551153,3.2639799196765296e-10,4.871281156226814e-10,4.871281156226814e-10,-0.48563344951214715,-1.9349194501757507,-0.48563344937073694,-1.9349194502709164,1.4141021686953081e-10,9.516565313560932e-11,1.7045043552838123e-10,3.2142988271033346e-10,-24.524999999537528,4.624745031378552e-10,4.624745031378552e-10,1.885726822172702e-11,-24.52500000144896,1.4489565103303903e-09,-1.4489565103303903e-09,-5.908079552825241e-11
screenshot_like_simple_start,dop853_strict,DOP853,1e-09,1e-11,3.544430538172716,-0.1882953011134884,-0.30785535183360013,-0.1882953014053855,-0.3078553513951947,2.918970898324602e-10,4.3840542307549413e-10,4.3840542307549413e-10,-0.4902001158533273,-1.9353103783520258,-0.49020011572227096,-1.935310378430231,1.3105633245302784e-10,7.820522007762065e-11,1.5261657420944698e-10,2.8673774465914903e-10,-24.5249999993641,6.359037740821805e-10,6.359037740821805e-10,2.5928798127713777e-11,-24.5250000015191,1.5190977364909486e-09,-1.5190977364909486e-09,-6.194078436252593e-11
screenshot_like_simple_start,dop853_strict,DOP853,1e-09,1e-11,3.549436795994994,-0.20190608283041026,-0.29848998987491754,-0.20190608328220105,-0.2984899892022286,4.517907992163117e-10,6.726889600905395e-10,6.726889600905395e-10,-0.49461435936860465,-1.9354677558199063,-0.49461435916827406,-1.935467755927128,2.0033058545365634e-10,1.0722178700461882e-10,2.272198386511806e-10,4.4261316833882347e-10,-24.525000000037988,3.7985614653734956e-11,-3.7985614653734956e-11,-1.5488527891431173e-12,-24.525000000542992,5.42989653240511e-10,-5.42989653240511e-10,-2.2140250896656917e-11
screenshot_like_simple_start,dop853_strict,DOP853,1e-09,1e-11,3.5544430538172715,-0.21551652380234254,-0.28903480628613254,-0.2155165243490496,-0.2890348054714342,5.467070685050146e-10,8.146983643264605e-10,8.146983643264605e-10,-0.4988792324671325,-1.9353854932703163,-0.49887923222028785,-1.935385493385613,2.468446558268056e-10,1.1529666110732251e-10,2.724437633214438e-10,5.340595743419385e-10,-24.52500000005383,5.382716494750639e-11,-5.382716494750639e-11,-2.194787561570087e-12,-24.52499999907375,9.262528521958302e-10,9.262528521958302e-10,3.7767700395344756e-11
screenshot_like_simple_start,dop853_strict,DOP853,1e-09,1e-11,3.5594493116395496,-0.22911193388376097,-0.2795109462423932,-0.22911193434143612,-0.27951094556523626,4.5767514778027873e-10,6.771569416308409e-10,6.771569416308409e-10,-0.5029983613773776,-1.9350589462903578,-0.5029983611722162,-1.9350589463732317,2.0516144338955655e-10,8.287392994077436e-11,2.2126749900858597e-10,4.457153812698067e-10,-24.525000000059784,5.978151307317603e-11,-5.978151307317603e-11,-2.4375744372344962e-12,-24.52499999892057,1.0794316551709926e-09,1.0794316551709926e-09,4.4013523146625586e-11
screenshot_like_simple_start,dop853_strict,DOP853,1e-09,1e-11,3.564455569461827,-0.2426773536452685,-0.2699399158194807,-0.242677353858083,-0.2699399155130204,2.1281451600962953e-10,3.064603015801026e-10,3.064603015801026e-10,-0.5069759154586597,-1.9344850012037111,-0.5069759153698761,-1.9344850012342962,8.878364710085407e-11,3.058509001618859e-11,9.390411984480421e-11,2.0657864308049056e-10,-24.525000000371097,3.710951546054275e-10,-3.710951546054275e-10,-1.513130090134261e-11,-24.5249999989083,1.0917027282175695e-09,1.0917027282175695e-09,4.451387271019651e-11
screenshot_like_simple_start,dop853_strict,DOP853,1e-09,1e-11,3.569461827284105,-0.25619769042046425,-0.2603433813836461,-0.2561976906466577,-0.26034338104823473,2.2619345285690429e-10,3.354113653486479e-10,3.354113653486479e-10,-0.5108165655557138,-1.9336621342998157,-0.510816565450416,-1.9336621343288363,1.0529777050294342e-10,2.9020563729886817e-11,1.0922368603966341e-10,2.188106362766007e-10,-24.525000001813673,1.8136709911686921e-09,-1.8136709911686921e-09,-7.395192624541048e-11,-24.525000000279086,2.7908342303817335e-10,-2.7908342303817335e-10,-1.137954833998668e-11
screenshot_like_simple_start,dop853_strict,DOP853,1e-09,1e-11,3.5744680851063833,-0.2696578595154003,-0.2507429621096283,-0.2696578598836939,-0.2507429615594357,3.682936178250884e-10,5.501926136908253e-10,5.501926136908253e-10,-0.5145254321645223,-1.9325904421213322,-0.5145254319865195,-1.9325904421597344,1.7800283469426859e-10,3.8402170332574315e-11,1.8209814893470816e-10,3.5498426420588203e-10,-24.524999999971897,2.8105517912990763e-11,2.8105517912990763e-11,1.1459946141892257e-12,-24.525000001792023,1.7920207540100819e-09,-1.7920207540100819e-09,-7.306914389439681e-11
screenshot_like_simple_start,dop853_strict,DOP853,1e-09,1e-11,3.579474342928661,-0.2830429265337855,-0.2411600214315124,-0.2830429268839218,-0.24116002090745242,3.501363088354026e-10,5.24059989848169e-10,5.24059989848169e-10,-0.5181080248119847,-1.9312716415095315,-0.5181080246392946,-1.9312716415369064,1.7269008445452982e-10,2.737499116278741e-11,1.7484637659978925e-10,3.3620439765513765e-10,-24.52499999997571,2.4293456135637825e-11,2.4293456135637825e-11,9.905588638384434e-13,-24.52500000179232,1.7923191819591011e-09,-1.7923191819591011e-09,-7.30813122103609e-11
screenshot_like_simple_start,dop853_strict,DOP853,1e-09,1e-11,3.584480600750939,-0.2963382446559828,-0.23161546622977655,-0.29633824491495364,-0.23161546584095427,2.5897084476866894e-10,3.888222799286467e-10,3.888222799286467e-10,-0.5215701753037484,-1.9297090392903482,-0.5215701751729918,-1.9297090393039777,1.3075662774753027e-10,1.3629541939508272e-11,1.3146505282160358e-10,2.476828742103976e-10,-24.524999999717018,2.829843026574963e-10,2.829843026574963e-10,1.1538605612945822e-11,-24.525000001946534,1.9465318246147945e-09,-1.9465318246147945e-09,-7.936928948480302e-11
screenshot_like_simple_start,dop853_strict,DOP853,1e-09,1e-11,3.5894868585732165,-0.3095295843394173,-0.22212955737355217,-0.3095295844993006,-0.2221295571315587,1.5988332879857126e-10,2.419934530539791e-10,2.419934530539791e-10,-0.5249179663632899,-1.9279074731941779,-0.5249179662795272,-1.9279074731987889,8.37626634719868e-11,4.6109782658732e-12,8.388948034461571e-11,1.522851844626416e-10,-24.524999999486486,5.13516340561182e-10,5.13516340561182e-10,2.093848483429896e-11,-24.525000001957885,1.957882744818562e-09,-1.957882744818562e-09,-7.983212007415135e-11
screenshot_like_simple_start,dop853_strict,DOP853,1e-09,1e-11,3.5944931163954945,-0.32260325052536004,-0.21272173862483615,-0.3226032509088109,-0.21272173804794403,3.834508821576321e-10,5.768921174098551e-10,5.768921174098551e-10,-0.5281576584872288,-1.9258732265090825,-0.5281576582870098,-1.9258732265093086,2.0021906355083274e-10,2.2604140781368187e-13,2.0021919114782792e-10,3.6366992750558325e-10,-24.525000001025116,1.0251142157358117e-09,-1.0251142157358117e-09,-4.179874478025736e-11,-24.525000000614586,6.145839392956987e-10,-6.145839392956987e-10,-2.5059487840803204e-11
screenshot_like_simple_start,dop853_strict,DOP853,1e-09,1e-11,3.599499374217772,-0.33554618522073554,-0.20341048693152544,-0.33554618576208567,-0.2034104861096343,5.413501313888958e-10,8.218911384805239e-10,8.218911384805239e-10,-0.5312956169316944,-1.9236139201328677,-0.5312956166379073,-1.9236139201206401,2.9378710575400646e-10,1.2227552304011624e-11,2.94041453782733e-10,5.111593370799028e-10,-24.525000000771243,7.712408489624067e-10,-7.712408489624067e-10,-3.1447129417427386e-11,-24.524999999171957,8.28045187972748e-10,8.28045187972748e-10,3.376331041682968e-11
screenshot_like_simple_start,dop853_strict,DOP853,1e-09,1e-11,3.60450563204005,-0.3483460514828775,-0.19421318978445257,-0.34834605186514794,-0.19421318920698633,3.822704375266994e-10,5.774662414914644e-10,5.774662414914644e-10,-0.5343382417883384,-1.9211383864150324,-0.5343382415810394,-1.9211383863959948,2.0729906680116983e-10,1.9037660337062334e-11,2.0817140919863426e-10,3.593106923105438e-10,-24.52499999990098,9.902123565552756e-11,9.902123565552756e-11,4.0375631256076476e-12,-24.525000000973648,9.736460526710289e-10,-9.736460526710289e-10,-3.970014485916529e-11
screenshot_like_simple_start,dop853_strict,DOP853,1e-09,1e-11,3.609511889862328,-0.3609912997262153,-0.18514604828519796,-0.36099130005348,-0.18514604779269533,3.272647153274022e-10,4.92502622018165e-10,4.92502622018165e-10,-0.5372919020222632,-1.918456529614365,-0.5372919018443494,-1.9184565295894394,1.7791379480769365e-10,2.492561712585939e-11,1.7965134224931095e-10,3.0617158808254885e-10,-24.52499999986538,1.3462297943078738e-10,1.3462297943078738e-10,5.4892142479424e-12,-24.525000001705866,1.705863894585491e-09,-1.705863894585491e-09,-6.955612210338393e-11
screenshot_like_simple_start,dop853_strict,DOP853,1e-09,1e-11,3.6145181476846058,-0.373471214821093,-0.17622400811054656,-0.3734712150950448,-0.17622400769462215,2.7395175017375095e-10,4.1592440602755687e-10,4.1592440602755687e-10,-0.5401628754947383,-1.9155791778535978,-0.5401628753403227,-1.9155791778265638,1.5441559142459482e-10,2.7033930649622562e-11,1.5676418047939396e-10,2.5506724510293566e-10,-24.52499999912811,8.718927801965037e-10,8.718927801965037e-10,3.5551183698124514e-11,-24.52500000168972,1.6897168109153426e-09,-1.6897168109153426e-09,-6.88977292931842e-11
screenshot_like_simple_start,dop853_strict,DOP853,1e-09,1e-11,3.619524405506884,-0.38577594406190113,-0.16746071824874809,-0.38577594429873013,-0.16746071788981182,2.3682900085475467e-10,3.5893626959548897e-10,3.5893626959548897e-10,-0.5429572962597762,-1.912517931412403,-0.5429572961252846,-1.9125179313831164,1.3449152902467176e-10,2.9286573166587004e-11,1.3764328805734038e-10,2.1942364591964747e-10,-24.524999999048212,9.517897581190482e-10,9.517897581190482e-10,3.8808960575700226e-11,-24.52500000270706,2.707057689121939e-09,-2.707057689121939e-09,-1.1037951841475795e-10
screenshot_like_simple_start,dop853_strict,DOP853,1e-09,1e-11,3.6245306633291614,-0.39789650826764117,-0.15886851425658016,-0.39789650859363,-0.1588685137723707,3.2598884702750297e-10,4.842094503132444e-10,4.842094503132444e-10,-0.5456811092981515,-1.9092850116270141,-0.5456811091205618,-1.9092850115773023,1.7758972070680556e-10,4.971179023982586e-11,1.8441629805841362e-10,3.005219961771388e-10,-24.524999998892795,1.107206770711855e-09,1.107206770711855e-09,4.5146045696711714e-11,-24.525000003346012,3.34600969154053e-09,-3.34600969154053e-09,-1.364326071983906e-10
screenshot_like_simple_start,dop853_strict,DOP853,1e-09,1e-11,3.6295369211514394,-0.4098247972697107,-0.1504584242355412,-0.40982479763946145,-0.15045842367943893,3.697507300337577e-10,5.561022753397538e-10,5.561022753397538e-10,-0.548340033176059,-1.905893114163169,-0.5483400329653711,-1.9058931140991973,2.106878005392332e-10,6.39717168127163e-11,2.2018567130498315e-10,3.391318892376205e-10,-24.524999999300682,6.993197132487694e-10,6.993197132487694e-10,2.8514565270082337e-11,-24.52500000238924,2.3892390288438037e-09,-2.3892390288438037e-09,-9.74205516348136e-11
screenshot_like_simple_start,dop853_strict,DOP853,1e-09,1e-11,3.634543178973717,-0.42155355078484114,-0.14224019608932914,-0.42155355117250753,-0.1422401954984875,3.8766639898213384e-10,5.90841653380636e-10,5.90841653380636e-10,-0.5509395311041317,-1.9023552699628121,-0.550939530872985,-1.9023552698879458,2.3114676839242065e-10,7.486633535336296e-11,2.429687154913191e-10,3.5372788032006497e-10,-24.52500000000918,9.176659432341694e-12,-9.176659432341694e-12,-3.7417571589568575e-13,-24.525000001626506,1.6265033764284453e-09,-1.6265033764284453e-09,-6.632021922236269e-11
screenshot_like_simple_start,dop853_strict,DOP853,1e-09,1e-11,3.639549436795995,-0.433076329014094,-0.13422233984887763,-0.4330763293072539,-0.13422233940411743,2.931599407673957e-10,4.4476020089057045e-10,4.4476020089057045e-10,-0.5534847890466948,-1.898684715910481,-0.55348478887203,-1.89868471584697,1.746648381484306e-10,6.351097425749685e-11,1.85853301118258e-10,2.6609509040653734e-10,-24.525000000022327,2.2325252757582348e-11,-2.2325252757582348e-11,-9.103059228372006e-13,-24.525000001672787,1.6727845775221795e-09,-1.6727845775221795e-09,-6.820732222312658e-11
screenshot_like_simple_start,dop853_strict,DOP853,1e-09,1e-11,3.644555694618273,-0.444387473875762,-0.12641218375058821,-0.4443874741727316,-0.12641218330140225,2.969696155652457e-10,4.4918596620036055e-10,4.4918596620036055e-10,-0.5559807009970076,-1.8948947770561555,-0.555980700819532,-1.8948947769851183,1.774755897798741e-10,7.103717614143079e-11,1.9116449817333452e-10,2.6812618791893783e-10,-24.525000000271024,2.71022315700975e-10,-2.71022315700975e-10,-1.1050858948051988e-11,-24.5250000015733,1.573297936374729e-09,-1.573297936374729e-09,-6.415078231905113e-11
screenshot_like_simple_start,dop853_strict,DOP853,1e-09,1e-11,3.6495619524405507,-0.4554820632783879,-0.11881594061353508,-0.4554820635514495,-0.11881594019920792,2.730615733526065e-10,4.1432715591760427e-10,4.1432715591760427e-10,-0.5584318606442612,-1.8909987613982104,-0.5584318604780779,-1.890998761327205,1.661832893518067e-10,7.100542376292651e-11,1.807170602448454e-10,2.452227310101307e-10,-24.525000000034325,3.432276685089164e-11,-3.432276685089164e-11,-1.3995011967743786e-12,-24.525000001576704,1.57670143607902e-09,-1.57670143607902e-09,-6.428955906540345e-11
screenshot_like_simple_start,dop853_strict,DOP853,1e-09,1e-11,3.6545682102628287,-0.46635586072782703,-0.11143878122526656,-0.4663558609746699,-0.11143878084581703,2.468428794699662e-10,3.794495273545806e-10,3.794495273545806e-10,-0.5608425585426927,-1.8870098676082279,-0.5608425583860801,-1.887009867539437,1.5661261176802554e-10,6.879097291800917e-11,1.7105469335802676e-10,2.204831872631985e-10,-24.52499999922494,7.750635688807961e-10,7.750635688807961e-10,3.160299975049117e-11,-24.52500000112737,1.1273684208390478e-09,-1.1273684208390478e-09,-4.596813132880928e-11
screenshot_like_simple_start,dop853_strict,DOP853,1e-09,1e-11,3.6595744680851063,-0.4770052620797613,-0.10428491212073243,-0.4770052623895995,-0.10428491164809431,3.098382106436759e-10,4.72638123083513e-10,4.72638123083513e-10,-0.5632167839755463,-1.8829411056468082,-0.563216783780728,-1.8829411055537548,1.948182726252412e-10,9.30533428089575e-11,2.1590063445160175e-10,2.752521544024944e-10,-24.524999999925104,7.489830977647216e-11,7.489830977647216e-11,3.053957585177254e-12,-24.525000000751707,7.517044764426828e-10,-7.517044764426828e-10,-3.0650539304492667e-11
screenshot_like_simple_start,dop853_strict,DOP853,1e-09,1e-11,3.6645807259073844,-0.4874272415263188,-0.09735765474285747,-0.4874272417908844,-0.09735765434349135,2.645656471678137e-10,3.9936612350466305e-10,3.9936612350466305e-10,-0.5655582304326525,-1.8788052296733726,-0.5655582302689321,-1.878805229588282,1.6372037059397826e-10,8.509060123174095e-11,1.8451224936412415e-10,2.3375451574381145e-10,-24.525000000008355,8.352429858859978e-12,-8.352429858859978e-12,-3.4056798609011117e-13,-24.52500000153066,1.5306582668017654e-09,-1.5306582668017654e-09,-6.241216174522998e-11
screenshot_like_simple_start,dop853_strict,DOP853,1e-09,1e-11,3.669586983729662,-0.49761929689994444,-0.09065952586236038,-0.4976192970877709,-0.09065952558495805,1.878264765942106e-10,2.7740233721207375e-10,2.7740233721207375e-10,-0.5678703046094475,-1.8746146829029855,-0.5678703044982315,-1.8746146828384438,1.1121603638031274e-10,6.454170531355885e-11,1.285870851716039e-10,1.6504714261955655e-10,-24.52500000010989,1.098889867989783e-10,-1.098889867989783e-10,-4.480692631966495e-12,-24.525000002710208,2.710205393441356e-09,-2.710205393441356e-09,-1.105078651759982e-10
screenshot_like_simple_start,dop853_strict,DOP853,1e-09,1e-11,3.67459324155194,-0.5075793967406456,-0.08419231571121241,-0.5075793969531739,-0.08419231539214192,2.1252832826945678e-10,3.190704922495513e-10,3.190704922495513e-10,-0.5701561374661058,-1.8703815531032921,-0.570156137333899,-1.8703815530268215,1.3220680106229565e-10,7.647060762394631e-11,1.527298008821493e-10,1.8573353965933848e-10,-24.525000000487992,4.879900927790004e-10,-4.879900927790004e-10,-1.989765923665649e-11,-24.52500000224527,2.245268859724092e-09,-2.245268859724092e-09,-9.155020834756746e-11
screenshot_like_simple_start,dop853_strict,DOP853,1e-09,1e-11,3.679599499374218,-0.5173059292524279,-0.07795716364015852,-0.5173059294623147,-0.07795716331820221,2.0988677462696614e-10,3.219563088352473e-10,3.219563088352473e-10,-0.5724185970916859,-1.8661175378970594,-0.5724185969531314,-1.8661175378183352,1.3855450120558999e-10,7.872413831933045e-11,1.5935758456518758e-10,1.8242402033408212e-10,-24.52500000022942,2.2941648580854235e-10,-2.2941648580854235e-10,-9.354392897392143e-12,-24.52500000164659,1.6465868668547046e-09,-1.6465868668547046e-09,-6.71391179145649e-11
screenshot_like_simple_start,dop853_strict,DOP853,1e-09,1e-11,3.6846057571964956,-0.5267976536706861,-0.07195463052439466,-0.526797653820594,-0.07195463028830068,1.4990786390001176e-10,2.360939777013016e-10,2.360939777013016e-10,-0.5746603028661523,-1.8618339188430097,-0.5746603027602529,-1.8618339187846145,1.058994003599878e-10,5.839528860462906e-11,1.2093259580370755e-10,1.295836771220138e-10,-24.52499999963792,3.6208192000231065e-10,3.6208192000231065e-10,1.4763788787046305e-11,-24.5250000016106,1.6105978772884555e-09,-1.6105978772884555e-09,-6.567167695365771e-11
screenshot_like_simple_start,dop853_strict,DOP853,1e-09,1e-11,3.6896120150187737,-0.5360536547298905,-0.06618476690696716,-0.5360536549173165,-0.0661847666158484,1.8742596363807706e-10,2.9111875410325894e-10,2.9111875410325894e-10,-0.576883640300353,-1.8575415431239757,-0.5768836401710076,-1.857541543047502,1.2934542326092924e-10,7.647371624841526e-11,1.502613316705002e-10,1.6113588241495336e-10,-24.52499999991811,8.189360301003035e-11,8.189360301003035e-11,3.3391887058116346e-12,-24.52500000136145,1.3614496197078552e-09,-1.3614496197078552e-09,-5.551272659359246e-11
screenshot_like_simple_start,dop853_strict,DOP853,1e-09,1e-11,3.6946182728410513,-0.5450733008221486,-0.06064717601014658,-0.545073301046978,-0.06064717565971098,2.2482948836000105e-10,3.504356041461598e-10,3.504356041461598e-10,-0.5790907759647288,-1.8532508116409108,-0.5790907758071867,-1.853250811545581,1.5754209048424173e-10,9.532974409864892e-11,1.8413926898969404e-10,1.922492165462586e-10,-24.525000000119114,1.191118315091444e-10,-1.191118315091444e-10,-4.8567515396185274e-12,-24.52500000052271,5.227072108482389e-10,-5.227072108482389e-10,-2.1313239993811983e-11
screenshot_like_simple_start,dop853_strict,DOP853,1e-09,1e-11,3.6996245306633293,-0.5538562047937189,-0.05534107310064171,-0.5538562050271058,-0.055341072736294405,2.3338686538920683e-10,3.6434730232848267e-10,3.6434730232848267e-10,-0.5812836728551015,-1.8489716730068695,-0.5812836726898081,-1.848971672904268,1.6529344559756964e-10,1.0260148286533877e-10,1.9454816227269565e-10,1.9849610843891696e-10,-24.525000000080695,8.069278578659578e-11,-8.069278578659578e-11,-3.2902257201466165e-12,-24.52500000022479,2.247872998850653e-10,-2.247872998850653e-10,-9.165639139044455e-12
screenshot_like_simple_start,dop853_strict,DOP853,1e-09,1e-11,3.704630788485607,-0.5624021886630423,-0.05026533933793903,-0.5624021888441434,-0.050265339063972785,1.8110113408909e-10,2.739662455231162e-10,2.739662455231162e-10,-0.5834641052198858,-1.844713622028931,-0.5834641050994729,-1.8447136219461298,1.2041290187170262e-10,8.280132135496387e-11,1.4613461518508295e-10,1.5320733570689526e-10,-24.525000000376554,3.765521228160651e-10,-3.765521228160651e-10,-1.5353807250400206e-11,-24.525000001177762,1.177760111659154e-09,-1.177760111659154e-09,-4.802283839588803e-11
screenshot_like_simple_start,dop853_strict,DOP853,1e-09,1e-11,3.709637046307885,-0.570711251524817,-0.04541857116381737,-0.5707112516391163,-0.04541857100690509,1.1429923674199927e-10,1.5691227484015968e-10,1.5691227484015968e-10,-0.5856336730583945,-1.8404857021174363,-0.585633672997829,-1.840485702062813,6.056555257316631e-11,5.462341690076755e-11,8.155920446159361e-11,9.618483787221521e-11,-24.525000000929353,9.293508185237442e-10,-9.293508185237442e-10,-3.789401910392433e-11,-24.525000002387607,2.3876047805515555e-09,-2.3876047805515555e-09,-9.735391561881978e-11
screenshot_like_simple_start,dop853_strict,DOP853,1e-09,1e-11,3.714643304130163,-0.578783540675558,-0.04079912513738264,-0.5787835407954323,-0.040799124966233585,1.198742216601545e-10,1.7114905326298668e-10,1.7114905326298668e-10,-0.5877938160327891,-1.8362965108283675,-0.5877938159621326,-1.8362965107697766,7.065648066628682e-11,5.859090990156801e-11,9.178906788522817e-11,1.0035017261600387e-10,-24.525000001189987,1.1899849994279066e-09,-1.1899849994279066e-09,-4.852130476770261e-11,-24.525000002275164,2.2751613926175196e-09,-2.2751613926175196e-09,-9.276906799663688e-11
screenshot_like_simple_start,dop853_strict,DOP853,1e-09,1e-11,3.7196495619524406,-0.5866193257543179,-0.036405158484412954,-0.5866193258987307,-0.03640515825342972,1.4441281503962955e-10,2.3098323254089337e-10,2.3098323254089337e-10,-0.5899458267084653,-1.8321542079129283,-0.5899458265979045,-1.832154207841396,1.1056078275117898e-10,7.153233561041361e-11,1.3168356663013893e-10,1.2026946105692105e-10,-24.525000001217375,1.2173728691777796e-09,-1.2173728691777796e-09,-4.963803747921629e-11,-24.525000001690902,1.6908998645703832e-09,-1.6908998645703832e-09,-6.894596797432755e-11
screenshot_like_simple_start,dop853_strict,DOP853,1e-09,1e-11,3.7246558197747186,-0.5942189757145814,-0.03223466562469543,-0.5942189758326892,-0.03223466541994861,1.1810785682797587e-10,2.0474681672322248e-10,2.0474681672322248e-10,-0.5920908630694516,-1.828066525310593,-0.5920908629626735,-1.8280665252510675,1.0677803086167614e-10,5.952549564369747e-11,1.2224905932695314e-10,1.0677803086167614e-10,-24.525000001254124,1.254122139471292e-09,-1.254122139471292e-09,-5.1136478673651044e-11,-24.525000001656913,1.6569110528052988e-09,-1.6569110528052988e-09,-6.756008370256059e-11
screenshot_like_simple_start,dop853_strict,DOP853,1e-09,1e-11,3.729662077596996,-0.6015829384524906,-0.028285510928249755,-0.6015829385614263,-0.028285510744164466,1.0893574931003513e-10,1.8408528867919216e-10,1.8408528867919216e-10,-0.5942299602670367,-1.8240407785871964,-0.594229960172836,-1.8240407785307506,9.420064728260513e-11,5.6445736973387284e-11,1.0981749938388964e-10,9.420064728260513e-11,-24.525000000805466,8.05464139830292e-10,-8.05464139830292e-10,-3.28425745088804e-11,-24.52500000165123,1.651226710919218e-09,-1.651226710919218e-09,-6.73283062556256e-11
screenshot_like_simple_start,dop853_strict,DOP853,1e-09,1e-11,3.7346683354192742,-0.608711722914539,-0.02455545795216627,-0.6087117230181238,-0.02455545778676381,1.0358480739824927e-10,1.6540245909024698e-10,1.6540245909024698e-10,-0.5963640415748136,-1.8200838793866216,-0.5963640414944404,-1.8200838793314518,8.03731525778062e-11,5.5169868673488054e-11,9.748619422638896e-11,8.497946790697597e-11,-24.525000000206756,2.0675372525147395e-10,-2.0675372525147395e-10,-8.430325188643177e-12,-24.525000001673106,1.6731043217532715e-09,-1.6731043217532715e-09,-6.822035970451667e-11
screenshot_like_simple_start,dop853_strict,DOP853,1e-09,1e-11,3.739674593241552,-0.6156058833404763,-0.021042195534396492,-0.6156058834255308,-0.02104219539503312,8.505451898344063e-11,1.393633715374154e-10,1.393633715374154e-10,-0.5984939285263088,-1.8162023486209724,-0.5984939284564168,-1.8162023485747896,6.989198109152994e-11,4.6182835333752337e-11,8.377197204532828e-11,6.989198109152994e-11,-24.525000000187664,1.8766144194160006e-10,-1.8766144194160006e-10,-7.651842688750256e-12,-24.525000001706726,1.7067236512957606e-09,-1.7067236512957606e-09,-6.959117844223284e-11
screenshot_like_simple_start,dop853_strict,DOP853,1e-09,1e-11,3.74468085106383,-0.6222660054655758,-0.017743361062202576,-0.6222660055433842,-0.01774336093344395,7.780842636861962e-11,1.2875862528960447e-10,1.2875862528960447e-10,-0.6006203503090761,-1.8124023300958974,-0.6006203502435618,-1.812402330052829,6.551437170543295e-11,4.306843770507385e-11,7.840295419378954e-11,6.551437170543295e-11,-24.525000000158464,1.5846168821553874e-10,-1.5846168821553874e-10,-6.461230916026044e-12,-24.525000001674222,1.6742198738484149e-09,-1.6742198738484149e-09,-6.826584602847766e-11
screenshot_like_simple_start,dop853_strict,DOP853,1e-09,1e-11,3.749687108886108,-0.6286926946307222,-0.01465656103561237,-0.6286926947038062,-0.01465656091616157,7.308398330962973e-11,1.1945079994579721e-10,1.1945079994579721e-10,-0.6027439524052081,-1.8086896042515959,-0.6027439523448801,-1.8086896042103668,6.032796484589653e-11,4.122902019787489e-11,7.307048274730709e-11,6.032796484589653e-11,-24.524999999997828,2.1742607714259066e-12,2.1742607714259066e-12,8.865487345263634e-14,-24.525000001520773,1.5207710646336636e-09,-1.5207710646336636e-09,-6.200901384846743e-11
screenshot_like_simple_start,dop853_strict,DOP853,1e-09,1e-11,3.7546933667083855,-0.6348865653930676,-0.011779389392601687,-0.6348865654674526,-0.011779389272751,7.438494264988549e-11,1.198506866667559e-10,1.198506866667559e-10,-0.6048653045364684,-1.8050696019468666,-0.6048653044765162,-1.8050696019041617,5.995215435206092e-11,4.270495068681157e-11,7.360688571469618e-11,5.995215435206092e-11,-24.524999999975332,2.467004378559068e-11,2.467004378559068e-11,1.0059141196978868e-12,-24.525000001363843,1.363840596013688e-09,-1.363840596013688e-09,-5.561021798220949e-11
screenshot_like_simple_start,dop853_strict,DOP853,1e-09,1e-11,3.7596996245306635,-0.6408482326472942,-0.00910944361761656,-0.6408482327331655,-0.00910944347836624,8.587131006265736e-11,1.39250319608486e-10,1.39250319608486e-10,-0.6069849078798164,-1.801547418026884,-0.6069849078094053,-1.801547417976812,7.041112137784467e-11,5.007194658901426e-11,8.639980236608572e-11,7.041112137784467e-11,-24.525000000352755,3.5275249388178054e-10,-3.5275249388178054e-10,-1.438338405226424e-11,-24.52500000144471,1.444707464770545e-09,-1.444707464770545e-09,-5.89075418866685e-11
screenshot_like_simple_start,dop853_strict,DOP853,1e-09,1e-11,3.764705882352941,-0.6465783040379275,-0.006644338936918574,-0.646578304133705,-0.006644338779963004,9.577749704448024e-11,1.5695556920131137e-10,1.5695556920131137e-10,-0.609103201622493,-1.7981278245790615,-0.6091032015419856,-1.7981278245224024,8.050737854148338e-11,5.665912183872024e-11,9.844640210366575e-11,8.050737854148338e-11,-24.525000000754122,7.541203217442671e-10,-7.541203217442671e-10,-3.074904471944004e-11,-24.52500000163944,1.639438806932958e-09,-1.639438806932958e-09,-6.684765777504415e-11
screenshot_like_simple_start,dop853_strict,DOP853,1e-09,1e-11,3.769712140175219,-0.6520773734296654,-0.004381720937478763,-0.652077373494782,-0.004381720828021779,6.511657879570976e-11,1.094569842749471e-10,1.094569842749471e-10,-0.6112205689592788,-1.7948152838288092,-0.611220568901579,-1.7948152837897735,5.76997338797014e-11,3.903566359042543e-11,6.966378055871808e-11,5.76997338797014e-11,-24.525000000445978,4.459757008135057e-10,-4.459757008135057e-10,-1.818453418199819e-11,-24.525000001660434,1.6604317920609901e-09,-1.6604317920609901e-09,-6.770364085875596e-11
screenshot_like_simple_start,dop853_strict,DOP853,1e-09,1e-11,3.7747183979974968,-0.657346015240696,-0.002319276886863938,-0.657346015281135,-0.002319276815034902,4.043898549355163e-11,7.182903620853165e-11,7.182903620853165e-11,-0.6133373426155758,-1.7916139606396322,-0.6133373425757591,-1.7916139606150896,3.9816705488249227e-11,2.454259018236371e-11,4.677294911374984e-11,3.9816705488249227e-11,-24.525000000218764,2.1876189748581965e-10,-2.1876189748581965e-10,-8.919955045293358e-12,-24.525000001655055,1.6550529835512862e-09,-1.6550529835512862e-09,-6.748432144959372e-11
screenshot_like_simple_start,dop853_strict,DOP853,1e-09,1e-11,3.779724655819775,-0.6623847799312498,-0.00045474527582925516,-0.6623847799572901,-0.00045474522564154744,2.6040281042583047e-11,5.0187707722332275e-11,5.0187707722332275e-11,-0.6154538096166875,-1.7885277343114558,-0.6154538095870332,-1.7885277342954637,2.9654279032342856e-11,1.5992096535910605e-11,3.3691592668526864e-11,2.9654279032342856e-11,-24.525000000217712,2.177102942368947e-10,-2.177102942368947e-10,-8.877076217610384e-12,-24.5250000017435,1.7434977905850246e-09,-1.7434977905850246e-09,-7.109063366299793e-11
screenshot_like_simple_start,dop853_strict,DOP853,1e-09,1e-11,3.784730913642053,-0.6671941900809509,0.0012140755459804711,-0.6671941900882669,0.0012140755677322451,7.315925643069932e-12,2.1751773993106127e-11,2.1751773993106127e-11,-0.6175702156935629,-1.7855602099039214,-0.6175702156775583,-1.785560209899368,1.6004531033786407e-11,4.553468713197617e-12,1.6639684219765163e-11,1.6004531033786407e-11,-24.5250000001893,1.892992429475271e-10,-1.892992429475271e-10,-7.718623565648403e-12,-24.52500000187479,1.874788324585097e-09,-1.874788324585097e-09,-7.64439683826747e-11
screenshot_like_simple_start,dop853_strict,DOP853,1e-09,1e-11,3.7897371714643304,-0.6717747370845241,0.002689319710942788,-0.6717747370822166,0.002689319719146703,2.3074875343809254e-12,8.203914977911175e-12,8.203914977911175e-12,-0.6196867692582342,-1.782714728983169,-0.6196867692482241,-1.7827147289845833,1.0010103856927799e-11,1.4142020887675244e-12,1.0109507741445931e-11,1.0010103856927799e-11,-24.52500000015259,1.5258905250448151e-10,-1.5258905250448151e-10,-6.221775841161325e-12,-24.525000001856483,1.8564811909982382e-09,-1.8564811909982382e-09,-7.569750014263967e-11
screenshot_like_simple_start,dop853_strict,DOP853,1e-09,1e-11,3.7947434292866085,-0.6761268784739465,0.003973047178458369,-0.6761268784828005,0.003973047206383713,8.854028621385623e-12,2.7925343461243646e-11,2.7925343461243646e-11,-0.6218036449087447,-1.7799943797129782,-0.6218036448877258,-1.7799943797073268,2.101896434680839e-11,5.651479284551897e-12,2.1765479096866243e-11,2.101896434680839e-11,-24.525000000213893,2.1389112703218416e-10,-2.1389112703218416e-10,-8.721350745450933e-12,-24.525000001624377,1.6243753009348438e-09,-1.6243753009348438e-09,-6.623344754066641e-11
screenshot_like_simple_start,dop853_strict,DOP853,1e-09,1e-11,3.799749687108886,-0.6802510357326553,0.0050672378870338635,-0.6802510357565953,0.005067237940441191,2.3939961124597176e-11,5.340732717185048e-11,5.340732717185048e-11,-0.6239209865387265,-1.7774020063117781,-0.623920986503931,-1.7774020062964495,3.479549981477703e-11,1.532862725639461e-11,3.802227795550435e-11,3.479549981477703e-11,-24.52500000032592,3.2591884746580035e-10,-3.2591884746580035e-10,-1.328924964182672e-11,-24.52500000139389,1.3938894483089825e-09,-1.3938894483089825e-09,-5.683545151106962e-11
screenshot_like_simple_start,dop853_strict,DOP853,1e-09,1e-11,3.804755944931164,-0.6841475925143063,0.005973786590490561,-0.6841475925208215,0.005973786616586985,6.515121775407806e-12,2.609642363315956e-11,2.609642363315956e-11,-0.6260389100935614,-1.774940217881741,-0.6260389100725144,-1.7749402178774674,2.1046941967028943e-11,4.2736925109920776e-12,2.1476457199500897e-11,2.1046941967028943e-11,-24.5250000002739,2.738964610671246e-10,-2.738964610671246e-10,-1.1168051419658495e-11,-24.52500000146984,1.4698393613343796e-09,-1.4698393613343796e-09,-5.993228792392984e-11
screenshot_like_simple_start,dop853_strict,DOP853,1e-09,1e-11,3.8097622027534417,-0.687816893173197,0.0066944982465402154,-0.6878168931553327,0.0066944982339972574,1.786437664463847e-11,1.2542957991690251e-11,1.786437664463847e-11,-0.6281575060227147,-1.772611396630281,-0.6281575060214548,-1.772611396641706,1.2598810883446276e-12,1.1425083101812561e-11,1.1494338790904476e-11,1.3802625709047334e-11,-24.52500000021903,2.1902835101172968e-10,-2.1902835101172968e-10,-8.930819613118437e-12,-24.52500000164359,1.643588376509797e-09,-1.643588376509797e-09,-6.70168553113067e-11
screenshot_like_simple_start,dop853_strict,DOP853,1e-09,1e-11,3.8147684605757197,-0.69125924167178,0.007231084067072347,-0.6912592416433921,0.007231084039191201,2.838784762815294e-11,2.788114617652271e-11,2.838784762815294e-11,-0.6302768413614012,-1.7704177054106722,-0.6302768413674102,-1.7704177054289711,6.00908212078366e-12,1.8298917936476755e-11,1.9260308034406733e-11,2.187128256281312e-11,-24.525000000217055,2.170530422063166e-10,-2.170530422063166e-10,-8.850276950308526e-12,-24.52500000167009,1.6700880678399699e-09,-1.6700880678399699e-09,-6.809737279673678e-11
screenshot_like_simple_start,dop853_strict,DOP853,1e-09,1e-11,3.8197747183979978,-0.6944749007101477,0.007585157998337292,-0.6944749006726755,0.007585157957437266,3.7472247527148284e-11,4.09000255538472e-11,4.09000255538472e-11,-0.63239696154612,-1.7683610946557025,-0.6323969615582256,-1.7683610946799946,1.210553879360532e-11,2.4292123868008275e-11,2.7141321845152284e-11,2.8793301076746047e-11,-24.52500000020114,2.0113688492529036e-10,-2.0113688492529036e-10,-8.201300098890533e-12,-24.525000001665223,1.6652208501000132e-09,-1.6652208501000132e-09,-6.78989133577987e-11
screenshot_like_simple_start,dop853_strict,DOP853,1e-09,1e-11,3.8247809762202754,-0.6974640910528667,0.00775823360153644,-0.6974640910006498,0.007758233538467643,5.221689747259006e-11,6.306879758027906e-11,6.306879758027906e-11,-0.6345178919696859,-1.7664433087017906,-0.6345178919927299,-1.7664433087358176,2.3044011143724674e-11,3.40270034371315e-11,4.10957833907892e-11,4.002287390392212e-11,-24.525000000165782,1.6578027839386777e-10,-1.6578027839386777e-10,-6.7596443789548525e-12,-24.52500000172474,1.724739462360958e-09,-1.724739462360958e-09,-7.032576808811245e-11
screenshot_like_simple_start,dop853_strict,DOP853,1e-09,1e-11,3.8297872340425534,-0.7002269910443655,0.007751721326662686,-0.7002269909767782,0.007751721239902568,6.758726911471058e-11,8.676011818697926e-11,8.676011818697926e-11,-0.6366396392719681,-1.7646658914945808,-0.6366396393070418,-1.7646658915388058,3.5073721704748095e-11,4.4225068052128336e-11,5.6444863348559005e-11,5.168376837616506e-11,-24.525000000181507,1.815045891362388e-10,-1.815045891362388e-10,-7.400798741538788e-12,-24.525000001842027,1.842025199039199e-09,-1.842025199039199e-09,-7.510806112290311e-11
screenshot_like_simple_start,dop853_strict,DOP853,1e-09,1e-11,3.834793491864831,-0.7027637362794971,0.007566926132475144,-0.7027637362068345,0.007566926038325434,7.266254264948202e-11,9.414971059718003e-11,9.414971059718003e-11,-0.6387621923842477,-1.7630301916864581,-0.638762192422949,-1.7630301917341344,3.870126441540833e-11,4.76763073464781e-11,6.140698779086296e-11,5.5445759095107405e-11,-24.525000000270605,2.7060309548687655e-10,-2.7060309548687655e-10,-1.1033765361340532e-11,-24.525000001887456,1.887453748850021e-09,-1.887453748850021e-09,-7.696039750662674e-11
screenshot_like_simple_start,dop853_strict,DOP853,1e-09,1e-11,3.839799749687109,-0.7050744193921918,0.007205045400947315,-0.7050744193234869,0.007205045315332143,6.870493063360072e-11,8.561517120253548e-11,8.561517120253548e-11,-0.6408855233475972,-1.7615373671420698,-0.640885523380887,-1.7615373671872137,3.3289815348780394e-11,4.5143888627308115e-11,5.6090841376740765e-11,5.232314581604669e-11,-24.525000000313728,3.1372593412015704e-10,-3.1372593412015704e-10,-1.2792087018151152e-11,-24.525000001761356,1.761353729534676e-09,-1.761353729534676e-09,-7.18187045681825e-11
screenshot_like_simple_start,dop853_strict,DOP853,1e-09,1e-11,3.844806007509387,-0.7071590899199789,0.006667167086743045,-0.7071590898534997,0.006667167008913413,6.647915551383221e-11,7.782963162838996e-11,7.782963162838996e-11,-0.6430095879302303,-1.760188388873928,-0.6430095879575202,-1.7601883889176368,2.728983705679866e-11,4.370881434567764e-11,5.152859068606027e-11,5.0538129237054363e-11,-24.52500000022685,2.2684787381876959e-10,-2.2684787381876959e-10,-9.249658463558392e-12,-24.525000001527612,1.5276100384653546e-09,-1.5276100384653546e-09,-6.228787108931108e-11
screenshot_like_simple_start,dop853_strict,DOP853,1e-09,1e-11,3.8498122653316647,-0.7090177542390816,0.00595426809668576,-0.7090177541719177,0.005954268020528556,6.716394107542101e-11,7.615720380715896e-11,7.615720380715896e-11,-0.6451343260429383,-1.7589840444077582,-0.6451343260681166,-1.7589840444519413,2.5178303886264075e-11,4.4183101621797505e-11,5.0853647416002975e-11,5.0977555510201e-11,-24.52500000020441,2.0440893422346562e-10,-2.0440893422346562e-10,-8.334716991782491e-12,-24.525000001403594,1.4035919093657867e-09,-1.4035919093657867e-09,-5.723106664080679e-11
screenshot_like_simple_start,dop853_strict,DOP853,1e-09,1e-11,3.8548185231539427,-0.7106503756194676,0.005067212975006698,-0.7106503755335825,0.005067212868229184,8.588518785046517e-11,1.0677751478144204e-10,1.0677751478144204e-10,-0.6472596619123769,-1.75792494054243,-0.6472596619540575,-1.7579249405989963,4.168054790198994e-11,5.6566307193861576e-11,7.026389672485005e-11,6.50957066028468e-11,-24.525000000201782,2.0177992610115325e-10,-2.0177992610115325e-10,-8.227519922575055e-12,-24.525000001542566,1.542563410339426e-09,-1.542563410339426e-09,-6.289759063565447e-11
screenshot_like_simple_start,dop853_strict,DOP853,1e-09,1e-11,3.8598247809762203,-0.7120568742722759,0.004006752704288177,-0.7120568741672388,0.004006752567239102,1.0503709013676144e-10,1.3704907521339127e-10,1.3704907521339127e-10,-0.649385504103495,-1.7570115055873246,-0.6493855041610279,-1.757011505656504,5.753286735910024e-11,6.917955097662798e-11,8.99768920328308e-11,7.951517222437587e-11,-24.52500000017735,1.773479141320422e-10,-1.773479141320422e-10,-7.2313114834675715e-12,-24.52500000166238,1.6623786791569728e-09,-1.6623786791569728e-09,-6.778302463433119e-11
screenshot_like_simple_start,dop853_strict,DOP853,1e-09,1e-11,3.8648310387984983,-0.7132371274540429,0.002773523723440873,-0.7132371273311497,0.002773523560708058,1.2289314010871522e-10,1.6273281507050985e-10,1.6273281507050985e-10,-0.6515117453371626,-1.7562439910342742,-0.651511745406957,-1.7562439911151329,6.979439248766539e-11,8.085865310647478e-11,1.0681469470496795e-10,9.293776859209402e-11,-24.525000000107248,1.0724576782195072e-10,-1.0724576782195072e-10,-4.372916119141721e-12,-24.525000001718126,1.7181243094910315e-09,-1.7181243094910315e-09,-7.005603708424185e-11
screenshot_like_simple_start,dop853_strict,DOP853,1e-09,1e-11,3.869837296620776,-0.714190969598726,0.0013680471185086307,-0.7141909694655644,0.0013680469414491764,1.331615928634733e-10,1.770594543377968e-10,1.770594543377968e-10,-0.6536382621233805,-1.7556224726834424,-0.6536382621998198,-1.7556224727709062,7.643929933465188e-11,8.746381396917968e-11,1.1615887928526076e-10,1.0061995681098779e-10,-24.52500000007361,7.360867471106758e-11,-7.360867471106758e-11,-3.0013730769038765e-12,-24.525000001711152,1.711150332539546e-09,-1.711150332539546e-09,-6.977167512903347e-11
screenshot_like_simple_start,dop853_strict,DOP853,1e-09,1e-11,3.874843554443054,-0.7149181924930273,-0.00020927199159575822,-0.7149181923543495,-0.00020927217789376996,1.3867784698362584e-10,1.8629801173952742e-10,1.8629801173952742e-10,-0.6557649141978327,-1.755146851213779,-0.6557649142794085,-1.755146851304651,8.157585718038263e-11,9.087219865477891e-11,1.221162436495153e-10,1.0472211986467528e-10,-24.525000000174654,1.7465140444983263e-10,-1.7465140444983263e-10,-7.121362057077782e-12,-24.52500000177801,1.7780088512608927e-09,-1.7780088512608927e-09,-7.249781248770204e-11
screenshot_like_simple_start,dop853_strict,DOP853,1e-09,1e-11,3.879849812265332,-0.7154185454847346,-0.0019581448879737806,-0.7154185453389005,-0.001958145088068872,1.4583412255575467e-10,2.0009509153762206e-10,2.0009509153762206e-10,-0.6578915437655524,-1.7548168522062662,-0.6578915438555688,-1.754816852301532,9.001643874739784e-11,9.526579525243051e-11,1.3106689509499352e-10,1.1007827982467688e-10,-24.52500000037695,3.7694647403441195e-10,-3.7694647403441195e-10,-1.536988681078132e-11,-24.525000001969953,1.9699513131854474e-09,-1.9699513131854474e-09,-8.032421256617521e-11
screenshot_like_simple_start,dop853_strict,DOP853,1e-09,1e-11,3.8848560700876096,-0.715691735713461,-0.0038783995172865715,-0.7156917355520519,-0.0038783997424466365,1.614091083013136e-10,2.2516006507183883e-10,2.2516006507183883e-10,-0.660017974555679,-1.754632025628836,-0.6600179746590317,-1.7546320257338694,1.0335265976380015e-10,1.0503353742308263e-10,1.4735608661965048e-10,1.2180567665609487e-10,-24.52500000046668,4.666773634198762e-10,-4.666773634198762e-10,-1.9028638671554584e-11,-24.52500000215846,2.158458300982602e-09,-2.158458300982602e-09,-8.801053215015705e-11
screenshot_like_simple_start,dop853_strict,DOP853,1e-09,1e-11,3.8898623279098876,-0.7157374283531657,-0.005969980604001809,-0.7157374281698551,-0.005969980858657365,1.8331058893039653e-10,2.5465555619080815e-10,2.5465555619080815e-10,-0.662144010691185,-1.7545917447921306,-0.6621440108075082,-1.7545917449108939,1.1632317331589093e-10,1.187632214794121e-10,1.6624013783213334e-10,1.38327904686264e-10,-24.525000000286497,2.864943837721512e-10,-2.864943837721512e-10,-1.1681728186428182e-11,-24.52500000215412,2.1541168848671077e-09,-2.1541168848671077e-09,-8.783351212506045e-11
screenshot_like_simple_start,dop853_strict,DOP853,1e-09,1e-11,3.894868585732165,-0.7155552468784387,-0.008232949592702616,-0.7155552466999369,-0.00823294983450737,1.785018799438376e-10,2.418047533037093e-10,2.418047533037093e-10,-0.6642694353637129,-1.7546952047708397,-0.6642694354707889,-1.7546952048859528,1.0707601472148554e-10,1.151130302190495e-10,1.5721412994654008e-10,1.3472056803465193e-10,-24.525000000177275,1.772733071447874e-10,-1.772733071447874e-10,-7.2282694044765495e-12,-24.52500000187943,1.8794281686496106e-09,-1.8794281686496106e-09,-7.663315672373539e-11
screenshot_like_simple_start,dop853_strict,DOP853,1e-09,1e-11,3.8998748435544432,-0.7151447734831415,-0.010667484245687265,-0.7151447733251551,-0.010667484450052738,1.5798640173869671e-10,2.043654724614985e-10,2.043654724614985e-10,-0.6663940092334427,-1.754941420211213,-0.6663940093185171,-1.754941420312629,8.507439197558142e-11,1.0141598671964402e-10,1.3237391938117524e-10,1.192794751858628e-10,-24.52500000013242,1.3241674423625227e-10,-1.3241674423625227e-10,-5.399255626350755e-12,-24.52500000146972,1.4697185690693004e-09,-1.4697185690693004e-09,-5.992736265318248e-11
screenshot_like_simple_start,dop853_strict,DOP853,1e-09,1e-11,3.904881101376721,-0.7145055494684369,-0.013273878143732615,-0.7145055493212625,-0.013273878327698878,1.4717438379108216e-10,1.839662623626115e-10,1.839662623626115e-10,-0.6685174686615627,-1.7553292226484802,-0.6685174687343347,-1.7553292227424735,7.277201063971006e-11,9.399325762160515e-11,1.188717712952386e-10,1.1117806675287056e-10,-24.52500000011807,1.1806733368757705e-10,-1.1806733368757705e-10,-4.814162433744222e-12,-24.525000001220146,1.220143985847244e-09,-1.220143985847244e-09,-4.9751028984597104e-11
screenshot_like_simple_start,dop853_strict,DOP853,1e-09,1e-11,3.909887359198999,-0.7136370757476556,-0.01605253988827708,-0.7136370755672933,-0.01605254012220651,1.8036228066620197e-10,2.339294279118942e-10,2.339294279118942e-10,-0.6706395236827296,-1.7558572572443014,-0.6706395237802776,-1.7558572573586093,9.754796970184998e-11,1.1430789648159134e-10,1.5027275731482153e-10,1.3635137463552383e-10,-24.52499999990985,9.015366231324151e-11,9.015366231324151e-11,3.675990308389052e-12,-24.525000001350904,1.3509016127954965e-09,-1.3509016127954965e-09,-5.50826345686237e-11
screenshot_like_simple_start,dop853_strict,DOP853,1e-09,1e-11,3.914893617021277,-0.7125388134018528,-0.019003992095413622,-0.7125388131673875,-0.019003992412471447,2.3446522501302525e-10,3.170578244393596e-10,3.170578244393596e-10,-0.6727598557560064,-1.756523978994109,-0.672759855895586,-1.7565239791413672,1.395795701242264e-10,1.4725820562944136e-10,2.0289759860892062e-10,1.7742096680706254e-10,-24.524999999590793,4.092086669515993e-10,4.092086669515993e-10,1.6685368683041765e-11,-24.52500000162803,1.6280274905966508e-09,-1.6280274905966508e-09,-6.638236455032214e-11
screenshot_like_simple_start,dop853_strict,DOP853,1e-09,1e-11,3.9198998748435545,-0.7112101843894145,-0.022128870040915263,-0.7112101841404127,-0.022128870378671287,2.4900181916365227e-10,3.3775602453767206e-10,3.3775602453767206e-10,-0.6748781152299536,-1.7573276483474962,-0.67487811537899,-1.7573276485025588,1.4903644984798348e-10,1.5506262940334636e-10,2.150727375116847e-10,1.8863688389103572e-10,-24.52499999954093,4.5907100343356433e-10,4.5907100343356433e-10,1.871849147537469e-11,-24.52500000165904,1.6590391282989003e-09,-1.6590391282989003e-09,-6.764685538425689e-11
screenshot_like_simple_start,dop853_strict,DOP853,1e-09,1e-11,3.9249061326658325,-0.7096505724293118,-0.025427919928448284,-0.7096505722100642,-0.025427920226716322,2.1924762005909315e-10,2.982680387397796e-10,2.982680387397796e-10,-0.6769939185079566,-1.7582663262421598,-0.6769939186398093,-1.7582663263774312,1.3185263991744023e-10,1.3527134967716847e-10,1.889006529810867e-10,1.663189586054159e-10,-24.525000000051918,5.191580498831172e-11,-5.191580498831172e-11,-2.1168523950381942e-12,-24.52500000165141,1.6514078993168368e-09,-1.6514078993168368e-09,-6.733569416174666e-11
screenshot_like_simple_start,dop853_strict,DOP853,1e-09,1e-11,3.92991239048811,-0.7078593240670048,-0.02890199676750964,-0.7078593239023745,-0.02890199699322574,1.6463030938496104e-10,2.2571610205912584e-10,2.2571610205912584e-10,-0.6791068449070343,-1.7593378685615437,-0.6791068450075775,-1.7593378686620649,1.0054312937768373e-10,1.0052114696179615e-10,1.421739141037225e-10,1.250787251549923e-10,-24.525000000920112,9.201102102451841e-10,-9.201102102451841e-10,-3.7517235891750625e-11,-24.52500000170785,1.7078463088182616e-09,-1.7078463088182616e-09,-6.963695448800251e-11
screenshot_like_simple_start,dop853_strict,DOP853,1e-09,1e-11,3.934918648310388,-0.7058357499319855,-0.032552061847635705,-0.705835749788552,-0.03255206204667682,1.434334873096077e-10,1.9904111692170545e-10,1.9904111692170545e-10,-0.681216433204253,-1.7605399200293945,-0.6812164332940258,-1.7605399201159577,8.977285581579508e-11,8.656320105160376e-11,1.2470907512135558e-10,1.0916290094087344e-10,-24.52500000139674,1.3967387246793805e-09,-1.3967387246793805e-09,-5.695162995634579e-11,-24.525000001850653,1.8506511878513265e-09,-1.8506511878513265e-09,-7.545978339862697e-11
screenshot_like_simple_start,dop853_strict,DOP853,1e-09,1e-11,3.9399249061326658,-0.7035791261959635,-0.036379179795412935,-0.703579125995426,-0.036379180072668646,2.0053747551429524e-10,2.772557114449903e-10,2.772557114449903e-10,-0.6833221778658518,-1.76186990755772,-0.6833221779900078,-1.7618699076773738,1.2415601879922633e-10,1.196538423897664e-10,1.7242899698922132e-10,1.5291623522983855e-10,-24.525000000841587,8.415845798026567e-10,-8.415845798026567e-10,-3.4315375323247976e-11,-24.525000001926802,1.9268000528427365e-09,-1.9268000528427365e-09,-7.856473202212991e-11
screenshot_like_simple_start,dop853_strict,DOP853,1e-09,1e-11,3.944931163954944,-0.7010886962479478,-0.040384515190977396,-0.70108869599813,-0.040384515533393874,2.4981783308675176e-10,3.424164771170801e-10,3.424164771170801e-10,-0.6854235249509875,-1.7633250330639352,-0.6854235251022288,-1.7633250332112556,1.5124135277488904e-10,1.4732037811882037e-10,2.1113322949798935e-10,1.90895965701543e-10,-24.52500000024851,2.4850876911841624e-10,-2.4850876911841624e-10,-1.0132875397285064e-11,-24.525000001800908,1.800906090920762e-09,-1.800906090920762e-09,-7.343144101613708e-11
screenshot_like_simple_start,dop853_strict,DOP853,1e-09,1e-11,3.949937421777222,-0.6983636730144195,-0.044569328162769956,-0.6983636727688449,-0.04456932849643368,2.455745606866344e-10,3.33663721652222e-10,3.33663721652222e-10,-0.6875198674414742,-1.7649022655373072,-0.6875198675867222,-1.764902265680337,1.4524803582105505e-10,1.43029810217854e-10,2.0384925440341895e-10,1.8808432589167978e-10,-24.525000000184463,1.844604469170008e-10,-1.844604469170008e-10,-7.521323013944987e-12,-24.52500000154191,1.5419061583088478e-09,-1.5419061583088478e-09,-6.287079136835261e-11
screenshot_like_simple_start,dop853_strict,DOP853,1e-09,1e-11,3.9549436795994994,-0.6954032416013748,-0.04893496939487765,-0.6954032413557452,-0.04893496972744197,2.456296277486558e-10,3.3256431636319306e-10,3.3256431636319306e-10,-0.6896105401949938,-1.7665983325982504,-0.6896105403385666,-1.7665983327393566,1.4357282029919816e-10,1.4110623780538845e-10,2.0130604828533266e-10,1.8859336314847042e-10,-24.5250000001794,1.793978299247101e-10,-1.793978299247101e-10,-7.314896225268504e-12,-24.52500000140867,1.4086687372127926e-09,-1.4086687372127926e-09,-5.743807287310061e-11
screenshot_like_simple_start,dop853_strict,DOP853,1e-09,1e-11,3.9599499374217775,-0.6922065622485416,-0.05348287455491241,-0.6922065619662915,-0.05348287494127365,2.822501121713117e-10,3.863612416110662e-10,3.863612416110662e-10,-0.6916948145322407,-1.7684097116035986,-0.6916948147007622,-1.7684097117630873,1.6852153006396975e-10,1.59488644513317e-10,2.3202614900867676e-10,2.172872992645125e-10,-24.524999999942114,5.788791668237536e-11,5.788791668237536e-11,2.3603635752242757e-12,-24.52500000155584,1.5558363486434246e-09,-1.5558363486434246e-09,-6.343879097424768e-11
screenshot_like_simple_start,dop853_strict,DOP853,1e-09,1e-11,3.964956195244055,-0.6887727739401847,-0.05821455768035344,-0.6887727736202193,-0.05821455812064229,3.199653875185504e-10,4.4028884704783167e-10,4.4028884704783167e-10,-0.6937718922744253,-1.770332620158186,-0.6937718924669466,-1.7703326203359362,1.9252133220959422e-10,1.7775025895616636e-10,2.620298034856744e-10,2.470217363992333e-10,-24.524999999639714,3.602877995945164e-10,3.602877995945164e-10,1.4690634030357445e-11,-24.52500000162844,1.6284396053833916e-09,-1.6284396053833916e-09,-6.639916841522493e-11
screenshot_like_simple_start,dop853_strict,DOP853,1e-09,1e-11,3.969962453066333,-0.6851009986808801,-0.06313160350119636,-0.6851009983638103,-0.06313160393765649,3.1706981484802554e-10,4.3646013192510935e-10,4.3646013192510935e-10,-0.6958408992359526,-1.7723630061094866,-0.6958408994260186,-1.772363006282577,1.9006596296833322e-10,1.7309043087720966e-10,2.570707442326682e-10,2.4552471167282874e-10,-24.524999999812277,1.8772539078781847e-10,1.8772539078781847e-10,7.654450185028276e-12,-24.525000001626086,1.6260841562143469e-09,-1.6260841562143469e-09,-6.630312563565124e-11
screenshot_like_simple_start,dop853_strict,DOP853,1e-09,1e-11,3.9749687108886107,-0.6811903465701096,-0.06823565851391733,-0.681190346306675,-0.06823565887598984,2.6343460746147684e-10,3.6207251086217696e-10,3.6207251086217696e-10,-0.6979008781163365,-1.7744965370453833,-0.6979008782729242,-1.774496537186586,1.5658774277227394e-10,1.412026051639259e-10,2.1085041354380927e-10,2.0464219208093937e-10,-24.525000000629294,6.292921739259327e-10,-6.292921739259327e-10,-2.565921198474751e-11,-24.525000001638777,1.6387744494750223e-09,-1.6387744494750223e-09,-6.682056878593363e-11
screenshot_like_simple_start,dop853_strict,DOP853,1e-09,1e-11,3.9799749687108887,-0.6770399217206707,-0.07352842074357908,-0.6770399215068864,-0.0735284210369088,2.1378432357721522e-10,2.933297216234365e-10,2.933297216234365e-10,-0.6999507807952445,-1.7767285893838003,-0.6999507809211516,-1.776728589496185,1.2590706255366513e-10,1.1238476815833565e-10,1.6876884936176876e-10,1.6663004309691587e-10,-24.525000001362315,1.3623129291318037e-09,-1.3623129291318037e-09,-5.554792779334571e-11,-24.525000001666267,1.6662653479215805e-09,-1.6662653479215805e-09,-6.7941502463673e-11
screenshot_like_simple_start,dop853_strict,DOP853,1e-09,1e-11,3.9849812265331668,-0.6726488290659273,-0.07901162813087867,-0.6726488288119332,-0.07901162848040612,2.5399404801618175e-10,3.4952744865091034e-10,3.4952744865091034e-10,-0.7019894600409594,-1.7790542371597236,-0.7019894601907288,-1.779054237290389,1.49769419088841e-10,1.3066547843720855e-10,1.9875700276828864e-10,1.9866763789622155e-10,-24.525000000932444,9.324416794243007e-10,-9.324416794243007e-10,-3.802004809069523e-11,-24.525000001660135,1.6601333641119709e-09,-1.6601333641119709e-09,-6.769147254279187e-11
screenshot_like_simple_start,dop853_strict,DOP853,1e-09,1e-11,3.9899874843554444,-0.6680161821101028,-0.08468704546812415,-0.66801618179556,-0.08468704590186675,3.145428362216762e-10,4.3374259739437093e-10,4.3374259739437093e-10,-0.7040156606439705,-1.7814682406285525,-0.7040156608292261,-1.781468240786701,1.8525558864723735e-10,1.5814860532259445e-10,2.435787644490303e-10,2.469325854903559e-10,-24.52500000025127,2.5126922764684423e-10,-2.5126922764684423e-10,-1.0245432319952873e-11,-24.525000001606287,1.6062848828823917e-09,-1.6062848828823917e-09,-6.549581581579578e-11
screenshot_like_simple_start,dop853_strict,DOP853,1e-09,1e-11,3.9949937421777224,-0.6631411122681452,-0.0905564489821857,-0.6631411119463281,-0.09055644942626402,3.218171285013227e-10,4.440783157866335e-10,4.440783157866335e-10,-0.7060280096394856,-1.783965034534941,-0.7060280098281324,-1.7839650346928906,1.8864676487595489e-10,1.5794965335658162e-10,2.460400270151751e-10,2.5361202027340823e-10,-24.525000000251264,2.5126212221948663e-10,-2.5126212221948663e-10,-1.0245142598144203e-11,-24.525000001582015,1.5820127430288267e-09,-1.5820127430288267e-09,-6.450612611738334e-11
screenshot_like_simple_start,dop853_strict,DOP853,1e-09,1e-11,4.0,-0.6580227796038242,-0.09662160883020247,-0.6580227792705466,-0.09662160929102494,3.3327751669531835e-10,4.6082246352163736e-10,4.6082246352163736e-10,-0.7080250058092047,-1.7865387163766364,-0.7080250060041876,-1.7865387165359976,1.9498291869979312e-10,1.5936119091009004e-10,2.518220160211817e-10,2.6369018080174556e-10,-24.525000000251268,2.5126567493316543e-10,-2.5126567493316543e-10,-1.0245287459048539e-11,-24.525000001632282,1.632280088870175e-09,-1.632280088870175e-09,-6.65557630528104e-11
